{"_context" : {
    "_types" : {
      "DocumentMetaData" : {
        "_feature_types" : {"sofa" : "_ref" } }, 
      "Persuasive_Labels" : {
        "_feature_types" : {"sofa" : "_ref" } }, 
      "Sentence" : {
        "_feature_types" : {"sofa" : "_ref" } }, 
      "Sofa" : {
        "_feature_types" : {"sofaArray" : "_ref" } }, 
      "TagsetDescription" : {
        "_feature_types" : {"sofa" : "_ref",  "tags" : "_ref" } }, 
      "Token" : {
        "_feature_types" : {"sofa" : "_ref",  "parent" : "_ref",  "lemma" : "_ref",  "stem" : "_ref",  "pos" : "_ref",  "morph" : "_ref",  "form" : "_ref" } }, 
      "DocumentAnnotation" : {
        "_feature_types" : {"sofa" : "_ref" }, 
        "_subtypes" : ["DocumentMetaData" ] }, 
      "Annotation" : {
        "_feature_types" : {"sofa" : "_ref" }, 
        "_subtypes" : ["DocumentAnnotation",  "Persuasive_Labels",  "Sentence",  "TagsetDescription",  "Token" ] }, 
      "AnnotationBase" : {
        "_feature_types" : {"sofa" : "_ref" }, 
        "_subtypes" : ["Annotation" ] }, 
      "TOP" : {
        "_subtypes" : ["AnnotationBase",  "Sofa" ] } } }, 
  "_views" : {
    "_InitialView" : {
      "DocumentMetaData" : [
        {"sofa" : 12,  "end" : 5560,  "language" : "x-unspecified",  "documentTitle" : "60.%20snes-02752%20Slime,%20a%20do-it-yourself%20gooey%20craft%20project%20containing%20borax.txt",  "documentId" : "admin",  "documentUri" : "file:/C:/Users/huiyi/.webanno/repository/project/4/document/231/source/admin",  "collectionId" : "file:/C:/Users/huiyi/.webanno/repository/project/4/document/231/source/",  "documentBaseUri" : "file:/C:/Users/huiyi/.webanno/repository/project/4/document/231/source/",  "isLastSegment" : false } ], 
      "TagsetDescription" : [
        {"sofa" : 12,  "layer" : "de.tudarmstadt.ukp.dkpro.core.api.syntax.type.dependency.Dependency",  "name" : "UD Universal Dependencies (v2)",  "input" : false }, 
        {"sofa" : 12,  "layer" : "de.tudarmstadt.ukp.dkpro.core.api.ner.type.NamedEntity",  "name" : "Named Entity tags",  "input" : false }, 
        {"sofa" : 12,  "layer" : "de.tudarmstadt.ukp.dkpro.core.api.transform.type.SofaChangeAnnotation",  "name" : "Operation",  "input" : false }, 
        {"sofa" : 12,  "layer" : "de.tudarmstadt.ukp.dkpro.core.api.lexmorph.type.pos.POS",  "name" : "UD Universal POS tags (v2)",  "input" : false }, 
        {"sofa" : 12,  "layer" : "webanno.custom.Persuasive_Labels",  "name" : "2. Using Anecdotes and Personal Experience as Evidence",  "input" : false } ], 
      "Sentence" : [
        {"sofa" : 12,  "end" : 137 }, 
        {"sofa" : 12,  "begin" : 139,  "end" : 356 }, 
        {"sofa" : 12,  "begin" : 357,  "end" : 403 }, 
        {"sofa" : 12,  "begin" : 404,  "end" : 476 }, 
        {"sofa" : 12,  "begin" : 478,  "end" : 570 }, 
        {"sofa" : 12,  "begin" : 571,  "end" : 670 }, 
        {"sofa" : 12,  "begin" : 671,  "end" : 806 }, 
        {"sofa" : 12,  "begin" : 808,  "end" : 989 }, 
        {"sofa" : 12,  "begin" : 990,  "end" : 1093 }, 
        {"sofa" : 12,  "begin" : 1095,  "end" : 1231 }, 
        {"sofa" : 12,  "begin" : 1233,  "end" : 1264 }, 
        {"sofa" : 12,  "begin" : 1265,  "end" : 1359 }, 
        {"sofa" : 12,  "begin" : 1360,  "end" : 1429 }, 
        {"sofa" : 12,  "begin" : 1430,  "end" : 1498 }, 
        {"sofa" : 12,  "begin" : 1499,  "end" : 1555 }, 
        {"sofa" : 12,  "begin" : 1556,  "end" : 1618 }, 
        {"sofa" : 12,  "begin" : 1619,  "end" : 1703 }, 
        {"sofa" : 12,  "begin" : 1704,  "end" : 1739 }, 
        {"sofa" : 12,  "begin" : 1740,  "end" : 1747 }, 
        {"sofa" : 12,  "begin" : 1748,  "end" : 1817 }, 
        {"sofa" : 12,  "begin" : 1818,  "end" : 1840 }, 
        {"sofa" : 12,  "begin" : 1841,  "end" : 1913 }, 
        {"sofa" : 12,  "begin" : 1914,  "end" : 1932 }, 
        {"sofa" : 12,  "begin" : 1933,  "end" : 2022 }, 
        {"sofa" : 12,  "begin" : 2024,  "end" : 2137 }, 
        {"sofa" : 12,  "begin" : 2138,  "end" : 2193 }, 
        {"sofa" : 12,  "begin" : 2194,  "end" : 2294 }, 
        {"sofa" : 12,  "begin" : 2296,  "end" : 2329 }, 
        {"sofa" : 12,  "begin" : 2330,  "end" : 2368 }, 
        {"sofa" : 12,  "begin" : 2369,  "end" : 2467 }, 
        {"sofa" : 12,  "begin" : 2469,  "end" : 2511 }, 
        {"sofa" : 12,  "begin" : 2512,  "end" : 2543 }, 
        {"sofa" : 12,  "begin" : 2544,  "end" : 2595 }, 
        {"sofa" : 12,  "begin" : 2596,  "end" : 2646 }, 
        {"sofa" : 12,  "begin" : 2647,  "end" : 2691 }, 
        {"sofa" : 12,  "begin" : 2692,  "end" : 2709 }, 
        {"sofa" : 12,  "begin" : 2711,  "end" : 2727 }, 
        {"sofa" : 12,  "begin" : 2728,  "end" : 2785 }, 
        {"sofa" : 12,  "begin" : 2787,  "end" : 2923 }, 
        {"sofa" : 12,  "begin" : 2925,  "end" : 3013 }, 
        {"sofa" : 12,  "begin" : 3014,  "end" : 3046 }, 
        {"sofa" : 12,  "begin" : 3048,  "end" : 3191 }, 
        {"sofa" : 12,  "begin" : 3192,  "end" : 3284 }, 
        {"sofa" : 12,  "begin" : 3285,  "end" : 3385 }, 
        {"sofa" : 12,  "begin" : 3386,  "end" : 3554 }, 
        {"sofa" : 12,  "begin" : 3556,  "end" : 4123 }, 
        {"sofa" : 12,  "begin" : 4124,  "end" : 4243 }, 
        {"sofa" : 12,  "begin" : 4244,  "end" : 4459 }, 
        {"sofa" : 12,  "begin" : 4460,  "end" : 4572 }, 
        {"sofa" : 12,  "begin" : 4573,  "end" : 4651 }, 
        {"sofa" : 12,  "begin" : 4652,  "end" : 4777 }, 
        {"sofa" : 12,  "begin" : 4779,  "end" : 4795 }, 
        {"sofa" : 12,  "begin" : 4796,  "end" : 4807 }, 
        {"sofa" : 12,  "begin" : 4808,  "end" : 4828 }, 
        {"sofa" : 12,  "begin" : 4829,  "end" : 4838 }, 
        {"sofa" : 12,  "begin" : 4839,  "end" : 4846 }, 
        {"sofa" : 12,  "begin" : 4847,  "end" : 4852 }, 
        {"sofa" : 12,  "begin" : 4854,  "end" : 4867 }, 
        {"sofa" : 12,  "begin" : 4868,  "end" : 4963 }, 
        {"sofa" : 12,  "begin" : 4964,  "end" : 4977 }, 
        {"sofa" : 12,  "begin" : 4978,  "end" : 5125 }, 
        {"sofa" : 12,  "begin" : 5127,  "end" : 5163 }, 
        {"sofa" : 12,  "begin" : 5164,  "end" : 5241 }, 
        {"sofa" : 12,  "begin" : 5242,  "end" : 5441 }, 
        {"sofa" : 12,  "begin" : 5442,  "end" : 5452 }, 
        {"sofa" : 12,  "begin" : 5454,  "end" : 5500 }, 
        {"sofa" : 12,  "begin" : 5501,  "end" : 5556 } ], 
      "Token" : [
        {"sofa" : 12,  "end" : 5 }, 
        {"sofa" : 12,  "begin" : 5,  "end" : 6 }, 
        {"sofa" : 12,  "begin" : 6,  "end" : 11 }, 
        {"sofa" : 12,  "begin" : 12,  "end" : 17 }, 
        {"sofa" : 12,  "begin" : 17,  "end" : 18 }, 
        {"sofa" : 12,  "begin" : 19,  "end" : 20 }, 
        {"sofa" : 12,  "begin" : 21,  "end" : 35 }, 
        {"sofa" : 12,  "begin" : 36,  "end" : 41 }, 
        {"sofa" : 12,  "begin" : 42,  "end" : 47 }, 
        {"sofa" : 12,  "begin" : 48,  "end" : 55 }, 
        {"sofa" : 12,  "begin" : 56,  "end" : 66 }, 
        {"sofa" : 12,  "begin" : 67,  "end" : 72 }, 
        {"sofa" : 12,  "begin" : 72,  "end" : 73 }, 
        {"sofa" : 12,  "begin" : 74,  "end" : 79 }, 
        {"sofa" : 12,  "begin" : 80,  "end" : 84 }, 
        {"sofa" : 12,  "begin" : 84,  "end" : 85 }, 
        {"sofa" : 12,  "begin" : 86,  "end" : 89 }, 
        {"sofa" : 12,  "begin" : 90,  "end" : 97 }, 
        {"sofa" : 12,  "begin" : 98,  "end" : 103 }, 
        {"sofa" : 12,  "begin" : 103,  "end" : 104 }, 
        {"sofa" : 12,  "begin" : 105,  "end" : 110 }, 
        {"sofa" : 12,  "begin" : 111,  "end" : 115 }, 
        {"sofa" : 12,  "begin" : 116,  "end" : 123 }, 
        {"sofa" : 12,  "begin" : 124,  "end" : 130 }, 
        {"sofa" : 12,  "begin" : 131,  "end" : 136 }, 
        {"sofa" : 12,  "begin" : 136,  "end" : 137 }, 
        {"sofa" : 12,  "begin" : 139,  "end" : 145 }, 
        {"sofa" : 12,  "begin" : 145,  "end" : 146 }, 
        {"sofa" : 12,  "begin" : 147,  "end" : 152 }, 
        {"sofa" : 12,  "begin" : 152,  "end" : 153 }, 
        {"sofa" : 12,  "begin" : 153,  "end" : 154 }, 
        {"sofa" : 12,  "begin" : 154,  "end" : 155 }, 
        {"sofa" : 12,  "begin" : 155,  "end" : 165 }, 
        {"sofa" : 12,  "begin" : 165,  "end" : 166 }, 
        {"sofa" : 12,  "begin" : 166,  "end" : 171 }, 
        {"sofa" : 12,  "begin" : 174,  "end" : 178 }, 
        {"sofa" : 12,  "begin" : 179,  "end" : 187 }, 
        {"sofa" : 12,  "begin" : 187,  "end" : 188 }, 
        {"sofa" : 12,  "begin" : 189,  "end" : 194 }, 
        {"sofa" : 12,  "begin" : 194,  "end" : 195 }, 
        {"sofa" : 12,  "begin" : 195,  "end" : 196 }, 
        {"sofa" : 12,  "begin" : 196,  "end" : 197 }, 
        {"sofa" : 12,  "begin" : 197,  "end" : 211 }, 
        {"sofa" : 12,  "begin" : 211,  "end" : 212 }, 
        {"sofa" : 12,  "begin" : 212,  "end" : 222 }, 
        {"sofa" : 12,  "begin" : 222,  "end" : 223 }, 
        {"sofa" : 12,  "begin" : 223,  "end" : 241 }, 
        {"sofa" : 12,  "begin" : 241,  "end" : 242 }, 
        {"sofa" : 12,  "begin" : 245,  "end" : 251 }, 
        {"sofa" : 12,  "begin" : 252,  "end" : 259 }, 
        {"sofa" : 12,  "begin" : 259,  "end" : 260 }, 
        {"sofa" : 12,  "begin" : 262,  "end" : 268 }, 
        {"sofa" : 12,  "begin" : 269,  "end" : 271 }, 
        {"sofa" : 12,  "begin" : 272,  "end" : 280 }, 
        {"sofa" : 12,  "begin" : 281,  "end" : 286 }, 
        {"sofa" : 12,  "begin" : 288,  "end" : 291 }, 
        {"sofa" : 12,  "begin" : 292,  "end" : 299 }, 
        {"sofa" : 12,  "begin" : 300,  "end" : 304 }, 
        {"sofa" : 12,  "begin" : 305,  "end" : 307 }, 
        {"sofa" : 12,  "begin" : 308,  "end" : 311 }, 
        {"sofa" : 12,  "begin" : 312,  "end" : 315 }, 
        {"sofa" : 12,  "begin" : 316,  "end" : 320 }, 
        {"sofa" : 12,  "begin" : 321,  "end" : 324 }, 
        {"sofa" : 12,  "begin" : 325,  "end" : 335 }, 
        {"sofa" : 12,  "begin" : 336,  "end" : 340 }, 
        {"sofa" : 12,  "begin" : 341,  "end" : 349 }, 
        {"sofa" : 12,  "begin" : 350,  "end" : 355 }, 
        {"sofa" : 12,  "begin" : 355,  "end" : 356 }, 
        {"sofa" : 12,  "begin" : 357,  "end" : 358 }, 
        {"sofa" : 12,  "begin" : 359,  "end" : 361 }, 
        {"sofa" : 12,  "begin" : 362,  "end" : 365 }, 
        {"sofa" : 12,  "begin" : 366,  "end" : 367 }, 
        {"sofa" : 12,  "begin" : 368,  "end" : 374 }, 
        {"sofa" : 12,  "begin" : 375,  "end" : 377 }, 
        {"sofa" : 12,  "begin" : 378,  "end" : 379 }, 
        {"sofa" : 12,  "begin" : 380,  "end" : 389 }, 
        {"sofa" : 12,  "begin" : 390,  "end" : 392 }, 
        {"sofa" : 12,  "begin" : 393,  "end" : 394 }, 
        {"sofa" : 12,  "begin" : 395,  "end" : 402 }, 
        {"sofa" : 12,  "begin" : 402,  "end" : 403 }, 
        {"sofa" : 12,  "begin" : 404,  "end" : 405 }, 
        {"sofa" : 12,  "begin" : 406,  "end" : 410 }, 
        {"sofa" : 12,  "begin" : 411,  "end" : 416 }, 
        {"sofa" : 12,  "begin" : 417,  "end" : 421 }, 
        {"sofa" : 12,  "begin" : 422,  "end" : 426 }, 
        {"sofa" : 12,  "begin" : 427,  "end" : 435 }, 
        {"sofa" : 12,  "begin" : 436,  "end" : 438 }, 
        {"sofa" : 12,  "begin" : 439,  "end" : 441 }, 
        {"sofa" : 12,  "begin" : 442,  "end" : 450 }, 
        {"sofa" : 12,  "begin" : 451,  "end" : 453 }, 
        {"sofa" : 12,  "begin" : 454,  "end" : 460 }, 
        {"sofa" : 12,  "begin" : 461,  "end" : 463 }, 
        {"sofa" : 12,  "begin" : 464,  "end" : 470 }, 
        {"sofa" : 12,  "begin" : 471,  "end" : 475 }, 
        {"sofa" : 12,  "begin" : 475,  "end" : 476 }, 
        {"sofa" : 12,  "begin" : 478,  "end" : 480 }, 
        {"sofa" : 12,  "begin" : 481,  "end" : 484 }, 
        {"sofa" : 12,  "begin" : 485,  "end" : 489 }, 
        {"sofa" : 12,  "begin" : 490,  "end" : 500 }, 
        {"sofa" : 12,  "begin" : 501,  "end" : 504 }, 
        {"sofa" : 12,  "begin" : 505,  "end" : 509 }, 
        {"sofa" : 12,  "begin" : 509,  "end" : 510 }, 
        {"sofa" : 12,  "begin" : 511,  "end" : 514 }, 
        {"sofa" : 12,  "begin" : 515,  "end" : 518 }, 
        {"sofa" : 12,  "begin" : 519,  "end" : 527 }, 
        {"sofa" : 12,  "begin" : 528,  "end" : 536 }, 
        {"sofa" : 12,  "begin" : 537,  "end" : 541 }, 
        {"sofa" : 12,  "begin" : 542,  "end" : 545 }, 
        {"sofa" : 12,  "begin" : 546,  "end" : 553 }, 
        {"sofa" : 12,  "begin" : 554,  "end" : 559 }, 
        {"sofa" : 12,  "begin" : 560,  "end" : 569 }, 
        {"sofa" : 12,  "begin" : 569,  "end" : 570 }, 
        {"sofa" : 12,  "begin" : 571,  "end" : 573 }, 
        {"sofa" : 12,  "begin" : 574,  "end" : 582 }, 
        {"sofa" : 12,  "begin" : 583,  "end" : 586 }, 
        {"sofa" : 12,  "begin" : 587,  "end" : 590 }, 
        {"sofa" : 12,  "begin" : 591,  "end" : 598 }, 
        {"sofa" : 12,  "begin" : 599,  "end" : 605 }, 
        {"sofa" : 12,  "begin" : 606,  "end" : 614 }, 
        {"sofa" : 12,  "begin" : 615,  "end" : 619 }, 
        {"sofa" : 12,  "begin" : 620,  "end" : 622 }, 
        {"sofa" : 12,  "begin" : 623,  "end" : 624 }, 
        {"sofa" : 12,  "begin" : 625,  "end" : 628 }, 
        {"sofa" : 12,  "begin" : 629,  "end" : 635 }, 
        {"sofa" : 12,  "begin" : 636,  "end" : 639 }, 
        {"sofa" : 12,  "begin" : 640,  "end" : 643 }, 
        {"sofa" : 12,  "begin" : 644,  "end" : 652 }, 
        {"sofa" : 12,  "begin" : 653,  "end" : 656 }, 
        {"sofa" : 12,  "begin" : 657,  "end" : 663 }, 
        {"sofa" : 12,  "begin" : 664,  "end" : 666 }, 
        {"sofa" : 12,  "begin" : 667,  "end" : 669 }, 
        {"sofa" : 12,  "begin" : 669,  "end" : 670 }, 
        {"sofa" : 12,  "begin" : 671,  "end" : 673 }, 
        {"sofa" : 12,  "begin" : 674,  "end" : 678 }, 
        {"sofa" : 12,  "begin" : 679,  "end" : 681 }, 
        {"sofa" : 12,  "begin" : 682,  "end" : 686 }, 
        {"sofa" : 12,  "begin" : 687,  "end" : 691 }, 
        {"sofa" : 12,  "begin" : 692,  "end" : 699 }, 
        {"sofa" : 12,  "begin" : 700,  "end" : 704 }, 
        {"sofa" : 12,  "begin" : 705,  "end" : 710 }, 
        {"sofa" : 12,  "begin" : 711,  "end" : 716 }, 
        {"sofa" : 12,  "begin" : 717,  "end" : 723 }, 
        {"sofa" : 12,  "begin" : 724,  "end" : 726 }, 
        {"sofa" : 12,  "begin" : 727,  "end" : 737 }, 
        {"sofa" : 12,  "begin" : 738,  "end" : 740 }, 
        {"sofa" : 12,  "begin" : 741,  "end" : 745 }, 
        {"sofa" : 12,  "begin" : 745,  "end" : 746 }, 
        {"sofa" : 12,  "begin" : 747,  "end" : 748 }, 
        {"sofa" : 12,  "begin" : 749,  "end" : 755 }, 
        {"sofa" : 12,  "begin" : 756,  "end" : 764 }, 
        {"sofa" : 12,  "begin" : 765,  "end" : 774 }, 
        {"sofa" : 12,  "begin" : 775,  "end" : 778 }, 
        {"sofa" : 12,  "begin" : 779,  "end" : 783 }, 
        {"sofa" : 12,  "begin" : 784,  "end" : 787 }, 
        {"sofa" : 12,  "begin" : 788,  "end" : 793 }, 
        {"sofa" : 12,  "begin" : 794,  "end" : 805 }, 
        {"sofa" : 12,  "begin" : 805,  "end" : 806 }, 
        {"sofa" : 12,  "begin" : 808,  "end" : 817 }, 
        {"sofa" : 12,  "begin" : 817,  "end" : 818 }, 
        {"sofa" : 12,  "begin" : 819,  "end" : 827 }, 
        {"sofa" : 12,  "begin" : 828,  "end" : 833 }, 
        {"sofa" : 12,  "begin" : 834,  "end" : 842 }, 
        {"sofa" : 12,  "begin" : 843,  "end" : 845 }, 
        {"sofa" : 12,  "begin" : 845,  "end" : 846 }, 
        {"sofa" : 12,  "begin" : 848,  "end" : 853 }, 
        {"sofa" : 12,  "begin" : 855,  "end" : 860 }, 
        {"sofa" : 12,  "begin" : 861,  "end" : 865 }, 
        {"sofa" : 12,  "begin" : 867,  "end" : 872 }, 
        {"sofa" : 12,  "begin" : 874,  "end" : 881 }, 
        {"sofa" : 12,  "begin" : 882,  "end" : 887 }, 
        {"sofa" : 12,  "begin" : 889,  "end" : 893 }, 
        {"sofa" : 12,  "begin" : 894,  "end" : 902 }, 
        {"sofa" : 12,  "begin" : 903,  "end" : 904 }, 
        {"sofa" : 12,  "begin" : 904,  "end" : 912 }, 
        {"sofa" : 12,  "begin" : 912,  "end" : 913 }, 
        {"sofa" : 12,  "begin" : 915,  "end" : 918 }, 
        {"sofa" : 12,  "begin" : 919,  "end" : 924 }, 
        {"sofa" : 12,  "begin" : 925,  "end" : 929 }, 
        {"sofa" : 12,  "begin" : 930,  "end" : 934 }, 
        {"sofa" : 12,  "begin" : 935,  "end" : 940 }, 
        {"sofa" : 12,  "begin" : 941,  "end" : 944 }, 
        {"sofa" : 12,  "begin" : 945,  "end" : 951 }, 
        {"sofa" : 12,  "begin" : 952,  "end" : 957 }, 
        {"sofa" : 12,  "begin" : 958,  "end" : 962 }, 
        {"sofa" : 12,  "begin" : 963,  "end" : 967 }, 
        {"sofa" : 12,  "begin" : 968,  "end" : 974 }, 
        {"sofa" : 12,  "begin" : 975,  "end" : 979 }, 
        {"sofa" : 12,  "begin" : 980,  "end" : 982 }, 
        {"sofa" : 12,  "begin" : 983,  "end" : 988 }, 
        {"sofa" : 12,  "begin" : 988,  "end" : 989 }, 
        {"sofa" : 12,  "begin" : 990,  "end" : 994 }, 
        {"sofa" : 12,  "begin" : 995,  "end" : 1000 }, 
        {"sofa" : 12,  "begin" : 1000,  "end" : 1001 }, 
        {"sofa" : 12,  "begin" : 1001,  "end" : 1002 }, 
        {"sofa" : 12,  "begin" : 1002,  "end" : 1003 }, 
        {"sofa" : 12,  "begin" : 1004,  "end" : 1006 }, 
        {"sofa" : 12,  "begin" : 1007,  "end" : 1010 }, 
        {"sofa" : 12,  "begin" : 1011,  "end" : 1012 }, 
        {"sofa" : 12,  "begin" : 1013,  "end" : 1021 }, 
        {"sofa" : 12,  "begin" : 1022,  "end" : 1026 }, 
        {"sofa" : 12,  "begin" : 1027,  "end" : 1034 }, 
        {"sofa" : 12,  "begin" : 1035,  "end" : 1042 }, 
        {"sofa" : 12,  "begin" : 1043,  "end" : 1047 }, 
        {"sofa" : 12,  "begin" : 1048,  "end" : 1050 }, 
        {"sofa" : 12,  "begin" : 1051,  "end" : 1054 }, 
        {"sofa" : 12,  "begin" : 1055,  "end" : 1060 }, 
        {"sofa" : 12,  "begin" : 1061,  "end" : 1068 }, 
        {"sofa" : 12,  "begin" : 1068,  "end" : 1069 }, 
        {"sofa" : 12,  "begin" : 1070,  "end" : 1075 }, 
        {"sofa" : 12,  "begin" : 1076,  "end" : 1081 }, 
        {"sofa" : 12,  "begin" : 1082,  "end" : 1085 }, 
        {"sofa" : 12,  "begin" : 1086,  "end" : 1092 }, 
        {"sofa" : 12,  "begin" : 1092,  "end" : 1093 }, 
        {"sofa" : 12,  "begin" : 1095,  "end" : 1100 }, 
        {"sofa" : 12,  "begin" : 1101,  "end" : 1104 }, 
        {"sofa" : 12,  "begin" : 1105,  "end" : 1115 }, 
        {"sofa" : 12,  "begin" : 1116,  "end" : 1118 }, 
        {"sofa" : 12,  "begin" : 1119,  "end" : 1122 }, 
        {"sofa" : 12,  "begin" : 1123,  "end" : 1128 }, 
        {"sofa" : 12,  "begin" : 1129,  "end" : 1132 }, 
        {"sofa" : 12,  "begin" : 1133,  "end" : 1137 }, 
        {"sofa" : 12,  "begin" : 1137,  "end" : 1138 }, 
        {"sofa" : 12,  "begin" : 1139,  "end" : 1142 }, 
        {"sofa" : 12,  "begin" : 1143,  "end" : 1148 }, 
        {"sofa" : 12,  "begin" : 1149,  "end" : 1160 }, 
        {"sofa" : 12,  "begin" : 1161,  "end" : 1164 }, 
        {"sofa" : 12,  "begin" : 1165,  "end" : 1169 }, 
        {"sofa" : 12,  "begin" : 1170,  "end" : 1172 }, 
        {"sofa" : 12,  "begin" : 1173,  "end" : 1181 }, 
        {"sofa" : 12,  "begin" : 1182,  "end" : 1185 }, 
        {"sofa" : 12,  "begin" : 1186,  "end" : 1189 }, 
        {"sofa" : 12,  "begin" : 1190,  "end" : 1197 }, 
        {"sofa" : 12,  "begin" : 1198,  "end" : 1202 }, 
        {"sofa" : 12,  "begin" : 1203,  "end" : 1208 }, 
        {"sofa" : 12,  "begin" : 1209,  "end" : 1211 }, 
        {"sofa" : 12,  "begin" : 1212,  "end" : 1218 }, 
        {"sofa" : 12,  "begin" : 1219,  "end" : 1224 }, 
        {"sofa" : 12,  "begin" : 1225,  "end" : 1230 }, 
        {"sofa" : 12,  "begin" : 1230,  "end" : 1231 }, 
        {"sofa" : 12,  "begin" : 1233,  "end" : 1235 }, 
        {"sofa" : 12,  "begin" : 1236,  "end" : 1239 }, 
        {"sofa" : 12,  "begin" : 1240,  "end" : 1241 }, 
        {"sofa" : 12,  "begin" : 1242,  "end" : 1248 }, 
        {"sofa" : 12,  "begin" : 1249,  "end" : 1256 }, 
        {"sofa" : 12,  "begin" : 1257,  "end" : 1263 }, 
        {"sofa" : 12,  "begin" : 1263,  "end" : 1264 }, 
        {"sofa" : 12,  "begin" : 1265,  "end" : 1267 }, 
        {"sofa" : 12,  "begin" : 1268,  "end" : 1271 }, 
        {"sofa" : 12,  "begin" : 1272,  "end" : 1275 }, 
        {"sofa" : 12,  "begin" : 1276,  "end" : 1279 }, 
        {"sofa" : 12,  "begin" : 1280,  "end" : 1285 }, 
        {"sofa" : 12,  "begin" : 1286,  "end" : 1290 }, 
        {"sofa" : 12,  "begin" : 1291,  "end" : 1295 }, 
        {"sofa" : 12,  "begin" : 1296,  "end" : 1299 }, 
        {"sofa" : 12,  "begin" : 1300,  "end" : 1302 }, 
        {"sofa" : 12,  "begin" : 1303,  "end" : 1307 }, 
        {"sofa" : 12,  "begin" : 1308,  "end" : 1312 }, 
        {"sofa" : 12,  "begin" : 1313,  "end" : 1318 }, 
        {"sofa" : 12,  "begin" : 1319,  "end" : 1322 }, 
        {"sofa" : 12,  "begin" : 1323,  "end" : 1328 }, 
        {"sofa" : 12,  "begin" : 1329,  "end" : 1331 }, 
        {"sofa" : 12,  "begin" : 1332,  "end" : 1335 }, 
        {"sofa" : 12,  "begin" : 1336,  "end" : 1338 }, 
        {"sofa" : 12,  "begin" : 1339,  "end" : 1348 }, 
        {"sofa" : 12,  "begin" : 1349,  "end" : 1358 }, 
        {"sofa" : 12,  "begin" : 1358,  "end" : 1359 }, 
        {"sofa" : 12,  "begin" : 1360,  "end" : 1364 }, 
        {"sofa" : 12,  "begin" : 1365,  "end" : 1369 }, 
        {"sofa" : 12,  "begin" : 1370,  "end" : 1375 }, 
        {"sofa" : 12,  "begin" : 1376,  "end" : 1379 }, 
        {"sofa" : 12,  "begin" : 1380,  "end" : 1384 }, 
        {"sofa" : 12,  "begin" : 1385,  "end" : 1389 }, 
        {"sofa" : 12,  "begin" : 1390,  "end" : 1394 }, 
        {"sofa" : 12,  "begin" : 1395,  "end" : 1400 }, 
        {"sofa" : 12,  "begin" : 1401,  "end" : 1405 }, 
        {"sofa" : 12,  "begin" : 1406,  "end" : 1410 }, 
        {"sofa" : 12,  "begin" : 1411,  "end" : 1417 }, 
        {"sofa" : 12,  "begin" : 1418,  "end" : 1419 }, 
        {"sofa" : 12,  "begin" : 1420,  "end" : 1423 }, 
        {"sofa" : 12,  "begin" : 1424,  "end" : 1428 }, 
        {"sofa" : 12,  "begin" : 1428,  "end" : 1429 }, 
        {"sofa" : 12,  "begin" : 1430,  "end" : 1434 }, 
        {"sofa" : 12,  "begin" : 1435,  "end" : 1437 }, 
        {"sofa" : 12,  "begin" : 1438,  "end" : 1440 }, 
        {"sofa" : 12,  "begin" : 1441,  "end" : 1445 }, 
        {"sofa" : 12,  "begin" : 1446,  "end" : 1449 }, 
        {"sofa" : 12,  "begin" : 1450,  "end" : 1453 }, 
        {"sofa" : 12,  "begin" : 1454,  "end" : 1458 }, 
        {"sofa" : 12,  "begin" : 1458,  "end" : 1459 }, 
        {"sofa" : 12,  "begin" : 1460,  "end" : 1462 }, 
        {"sofa" : 12,  "begin" : 1463,  "end" : 1470 }, 
        {"sofa" : 12,  "begin" : 1471,  "end" : 1473 }, 
        {"sofa" : 12,  "begin" : 1474,  "end" : 1477 }, 
        {"sofa" : 12,  "begin" : 1478,  "end" : 1481 }, 
        {"sofa" : 12,  "begin" : 1482,  "end" : 1486 }, 
        {"sofa" : 12,  "begin" : 1487,  "end" : 1492 }, 
        {"sofa" : 12,  "begin" : 1493,  "end" : 1497 }, 
        {"sofa" : 12,  "begin" : 1497,  "end" : 1498 }, 
        {"sofa" : 12,  "begin" : 1499,  "end" : 1507 }, 
        {"sofa" : 12,  "begin" : 1508,  "end" : 1512 }, 
        {"sofa" : 12,  "begin" : 1513,  "end" : 1516 }, 
        {"sofa" : 12,  "begin" : 1517,  "end" : 1521 }, 
        {"sofa" : 12,  "begin" : 1521,  "end" : 1522 }, 
        {"sofa" : 12,  "begin" : 1523,  "end" : 1528 }, 
        {"sofa" : 12,  "begin" : 1528,  "end" : 1529 }, 
        {"sofa" : 12,  "begin" : 1530,  "end" : 1534 }, 
        {"sofa" : 12,  "begin" : 1535,  "end" : 1541 }, 
        {"sofa" : 12,  "begin" : 1541,  "end" : 1542 }, 
        {"sofa" : 12,  "begin" : 1543,  "end" : 1549 }, 
        {"sofa" : 12,  "begin" : 1550,  "end" : 1554 }, 
        {"sofa" : 12,  "begin" : 1554,  "end" : 1555 }, 
        {"sofa" : 12,  "begin" : 1556,  "end" : 1559 }, 
        {"sofa" : 12,  "begin" : 1560,  "end" : 1563 }, 
        {"sofa" : 12,  "begin" : 1564,  "end" : 1568 }, 
        {"sofa" : 12,  "begin" : 1569,  "end" : 1580 }, 
        {"sofa" : 12,  "begin" : 1581,  "end" : 1586 }, 
        {"sofa" : 12,  "begin" : 1587,  "end" : 1596 }, 
        {"sofa" : 12,  "begin" : 1597,  "end" : 1600 }, 
        {"sofa" : 12,  "begin" : 1601,  "end" : 1608 }, 
        {"sofa" : 12,  "begin" : 1609,  "end" : 1617 }, 
        {"sofa" : 12,  "begin" : 1617,  "end" : 1618 }, 
        {"sofa" : 12,  "begin" : 1619,  "end" : 1627 }, 
        {"sofa" : 12,  "begin" : 1628,  "end" : 1631 }, 
        {"sofa" : 12,  "begin" : 1632,  "end" : 1640 }, 
        {"sofa" : 12,  "begin" : 1641,  "end" : 1646 }, 
        {"sofa" : 12,  "begin" : 1647,  "end" : 1649 }, 
        {"sofa" : 12,  "begin" : 1650,  "end" : 1658 }, 
        {"sofa" : 12,  "begin" : 1659,  "end" : 1661 }, 
        {"sofa" : 12,  "begin" : 1662,  "end" : 1663 }, 
        {"sofa" : 12,  "begin" : 1664,  "end" : 1667 }, 
        {"sofa" : 12,  "begin" : 1668,  "end" : 1672 }, 
        {"sofa" : 12,  "begin" : 1672,  "end" : 1673 }, 
        {"sofa" : 12,  "begin" : 1674,  "end" : 1676 }, 
        {"sofa" : 12,  "begin" : 1677,  "end" : 1683 }, 
        {"sofa" : 12,  "begin" : 1684,  "end" : 1687 }, 
        {"sofa" : 12,  "begin" : 1688,  "end" : 1692 }, 
        {"sofa" : 12,  "begin" : 1693,  "end" : 1697 }, 
        {"sofa" : 12,  "begin" : 1698,  "end" : 1702 }, 
        {"sofa" : 12,  "begin" : 1702,  "end" : 1703 }, 
        {"sofa" : 12,  "begin" : 1704,  "end" : 1717 }, 
        {"sofa" : 12,  "begin" : 1717,  "end" : 1718 }, 
        {"sofa" : 12,  "begin" : 1719,  "end" : 1723 }, 
        {"sofa" : 12,  "begin" : 1724,  "end" : 1730 }, 
        {"sofa" : 12,  "begin" : 1731,  "end" : 1733 }, 
        {"sofa" : 12,  "begin" : 1734,  "end" : 1738 }, 
        {"sofa" : 12,  "begin" : 1738,  "end" : 1739 }, 
        {"sofa" : 12,  "begin" : 1740,  "end" : 1742 }, 
        {"sofa" : 12,  "begin" : 1743,  "end" : 1746 }, 
        {"sofa" : 12,  "begin" : 1746,  "end" : 1747 }, 
        {"sofa" : 12,  "begin" : 1748,  "end" : 1753 }, 
        {"sofa" : 12,  "begin" : 1754,  "end" : 1759 }, 
        {"sofa" : 12,  "begin" : 1759,  "end" : 1760 }, 
        {"sofa" : 12,  "begin" : 1761,  "end" : 1763 }, 
        {"sofa" : 12,  "begin" : 1764,  "end" : 1768 }, 
        {"sofa" : 12,  "begin" : 1769,  "end" : 1774 }, 
        {"sofa" : 12,  "begin" : 1775,  "end" : 1779 }, 
        {"sofa" : 12,  "begin" : 1780,  "end" : 1789 }, 
        {"sofa" : 12,  "begin" : 1790,  "end" : 1794 }, 
        {"sofa" : 12,  "begin" : 1795,  "end" : 1797 }, 
        {"sofa" : 12,  "begin" : 1798,  "end" : 1803 }, 
        {"sofa" : 12,  "begin" : 1804,  "end" : 1807 }, 
        {"sofa" : 12,  "begin" : 1808,  "end" : 1813 }, 
        {"sofa" : 12,  "begin" : 1814,  "end" : 1816 }, 
        {"sofa" : 12,  "begin" : 1816,  "end" : 1817 }, 
        {"sofa" : 12,  "begin" : 1818,  "end" : 1820 }, 
        {"sofa" : 12,  "begin" : 1821,  "end" : 1824 }, 
        {"sofa" : 12,  "begin" : 1825,  "end" : 1831 }, 
        {"sofa" : 12,  "begin" : 1832,  "end" : 1834 }, 
        {"sofa" : 12,  "begin" : 1835,  "end" : 1839 }, 
        {"sofa" : 12,  "begin" : 1839,  "end" : 1840 }, 
        {"sofa" : 12,  "begin" : 1841,  "end" : 1843 }, 
        {"sofa" : 12,  "begin" : 1844,  "end" : 1847 }, 
        {"sofa" : 12,  "begin" : 1848,  "end" : 1851 }, 
        {"sofa" : 12,  "begin" : 1852,  "end" : 1856 }, 
        {"sofa" : 12,  "begin" : 1857,  "end" : 1858 }, 
        {"sofa" : 12,  "begin" : 1859,  "end" : 1865 }, 
        {"sofa" : 12,  "begin" : 1866,  "end" : 1873 }, 
        {"sofa" : 12,  "begin" : 1873,  "end" : 1874 }, 
        {"sofa" : 12,  "begin" : 1875,  "end" : 1880 }, 
        {"sofa" : 12,  "begin" : 1881,  "end" : 1884 }, 
        {"sofa" : 12,  "begin" : 1885,  "end" : 1890 }, 
        {"sofa" : 12,  "begin" : 1890,  "end" : 1891 }, 
        {"sofa" : 12,  "begin" : 1892,  "end" : 1895 }, 
        {"sofa" : 12,  "begin" : 1896,  "end" : 1900 }, 
        {"sofa" : 12,  "begin" : 1901,  "end" : 1904 }, 
        {"sofa" : 12,  "begin" : 1905,  "end" : 1912 }, 
        {"sofa" : 12,  "begin" : 1912,  "end" : 1913 }, 
        {"sofa" : 12,  "begin" : 1914,  "end" : 1917 }, 
        {"sofa" : 12,  "begin" : 1918,  "end" : 1923 }, 
        {"sofa" : 12,  "begin" : 1924,  "end" : 1931 }, 
        {"sofa" : 12,  "begin" : 1931,  "end" : 1932 }, 
        {"sofa" : 12,  "begin" : 1933,  "end" : 1938 }, 
        {"sofa" : 12,  "begin" : 1939,  "end" : 1943 }, 
        {"sofa" : 12,  "begin" : 1944,  "end" : 1948 }, 
        {"sofa" : 12,  "begin" : 1949,  "end" : 1954 }, 
        {"sofa" : 12,  "begin" : 1955,  "end" : 1959 }, 
        {"sofa" : 12,  "begin" : 1960,  "end" : 1968 }, 
        {"sofa" : 12,  "begin" : 1968,  "end" : 1969 }, 
        {"sofa" : 12,  "begin" : 1970,  "end" : 1975 }, 
        {"sofa" : 12,  "begin" : 1976,  "end" : 1982 }, 
        {"sofa" : 12,  "begin" : 1983,  "end" : 1991 }, 
        {"sofa" : 12,  "begin" : 1992,  "end" : 1997 }, 
        {"sofa" : 12,  "begin" : 1998,  "end" : 2002 }, 
        {"sofa" : 12,  "begin" : 2003,  "end" : 2006 }, 
        {"sofa" : 12,  "begin" : 2007,  "end" : 2009 }, 
        {"sofa" : 12,  "begin" : 2010,  "end" : 2013 }, 
        {"sofa" : 12,  "begin" : 2014,  "end" : 2021 }, 
        {"sofa" : 12,  "begin" : 2021,  "end" : 2022 }, 
        {"sofa" : 12,  "begin" : 2024,  "end" : 2027 }, 
        {"sofa" : 12,  "begin" : 2028,  "end" : 2032 }, 
        {"sofa" : 12,  "begin" : 2033,  "end" : 2036 }, 
        {"sofa" : 12,  "begin" : 2037,  "end" : 2039 }, 
        {"sofa" : 12,  "begin" : 2040,  "end" : 2041 }, 
        {"sofa" : 12,  "begin" : 2042,  "end" : 2048 }, 
        {"sofa" : 12,  "begin" : 2049,  "end" : 2052 }, 
        {"sofa" : 12,  "begin" : 2053,  "end" : 2057 }, 
        {"sofa" : 12,  "begin" : 2058,  "end" : 2062 }, 
        {"sofa" : 12,  "begin" : 2063,  "end" : 2065 }, 
        {"sofa" : 12,  "begin" : 2066,  "end" : 2069 }, 
        {"sofa" : 12,  "begin" : 2070,  "end" : 2073 }, 
        {"sofa" : 12,  "begin" : 2074,  "end" : 2077 }, 
        {"sofa" : 12,  "begin" : 2078,  "end" : 2085 }, 
        {"sofa" : 12,  "begin" : 2086,  "end" : 2090 }, 
        {"sofa" : 12,  "begin" : 2091,  "end" : 2096 }, 
        {"sofa" : 12,  "begin" : 2097,  "end" : 2099 }, 
        {"sofa" : 12,  "begin" : 2100,  "end" : 2104 }, 
        {"sofa" : 12,  "begin" : 2105,  "end" : 2107 }, 
        {"sofa" : 12,  "begin" : 2108,  "end" : 2117 }, 
        {"sofa" : 12,  "begin" : 2118,  "end" : 2122 }, 
        {"sofa" : 12,  "begin" : 2123,  "end" : 2128 }, 
        {"sofa" : 12,  "begin" : 2129,  "end" : 2132 }, 
        {"sofa" : 12,  "begin" : 2133,  "end" : 2136 }, 
        {"sofa" : 12,  "begin" : 2136,  "end" : 2137 }, 
        {"sofa" : 12,  "begin" : 2138,  "end" : 2140 }, 
        {"sofa" : 12,  "begin" : 2141,  "end" : 2148 }, 
        {"sofa" : 12,  "begin" : 2149,  "end" : 2152 }, 
        {"sofa" : 12,  "begin" : 2153,  "end" : 2161 }, 
        {"sofa" : 12,  "begin" : 2162,  "end" : 2165 }, 
        {"sofa" : 12,  "begin" : 2166,  "end" : 2169 }, 
        {"sofa" : 12,  "begin" : 2170,  "end" : 2173 }, 
        {"sofa" : 12,  "begin" : 2174,  "end" : 2183 }, 
        {"sofa" : 12,  "begin" : 2184,  "end" : 2187 }, 
        {"sofa" : 12,  "begin" : 2188,  "end" : 2192 }, 
        {"sofa" : 12,  "begin" : 2192,  "end" : 2193 }, 
        {"sofa" : 12,  "begin" : 2194,  "end" : 2196 }, 
        {"sofa" : 12,  "begin" : 2197,  "end" : 2201 }, 
        {"sofa" : 12,  "begin" : 2202,  "end" : 2204 }, 
        {"sofa" : 12,  "begin" : 2205,  "end" : 2208 }, 
        {"sofa" : 12,  "begin" : 2209,  "end" : 2214 }, 
        {"sofa" : 12,  "begin" : 2214,  "end" : 2215 }, 
        {"sofa" : 12,  "begin" : 2216,  "end" : 2217 }, 
        {"sofa" : 12,  "begin" : 2217,  "end" : 2219 }, 
        {"sofa" : 12,  "begin" : 2220,  "end" : 2223 }, 
        {"sofa" : 12,  "begin" : 2224,  "end" : 2229 }, 
        {"sofa" : 12,  "begin" : 2230,  "end" : 2232 }, 
        {"sofa" : 12,  "begin" : 2233,  "end" : 2238 }, 
        {"sofa" : 12,  "begin" : 2239,  "end" : 2243 }, 
        {"sofa" : 12,  "begin" : 2244,  "end" : 2253 }, 
        {"sofa" : 12,  "begin" : 2254,  "end" : 2256 }, 
        {"sofa" : 12,  "begin" : 2257,  "end" : 2259 }, 
        {"sofa" : 12,  "begin" : 2260,  "end" : 2264 }, 
        {"sofa" : 12,  "begin" : 2265,  "end" : 2268 }, 
        {"sofa" : 12,  "begin" : 2269,  "end" : 2274 }, 
        {"sofa" : 12,  "begin" : 2275,  "end" : 2280 }, 
        {"sofa" : 12,  "begin" : 2281,  "end" : 2285 }, 
        {"sofa" : 12,  "begin" : 2286,  "end" : 2292 }, 
        {"sofa" : 12,  "begin" : 2292,  "end" : 2293 }, 
        {"sofa" : 12,  "begin" : 2293,  "end" : 2294 }, 
        {"sofa" : 12,  "begin" : 2296,  "end" : 2298 }, 
        {"sofa" : 12,  "begin" : 2299,  "end" : 2302 }, 
        {"sofa" : 12,  "begin" : 2303,  "end" : 2307 }, 
        {"sofa" : 12,  "begin" : 2308,  "end" : 2309 }, 
        {"sofa" : 12,  "begin" : 2310,  "end" : 2319 }, 
        {"sofa" : 12,  "begin" : 2320,  "end" : 2324 }, 
        {"sofa" : 12,  "begin" : 2325,  "end" : 2328 }, 
        {"sofa" : 12,  "begin" : 2328,  "end" : 2329 }, 
        {"sofa" : 12,  "begin" : 2330,  "end" : 2332 }, 
        {"sofa" : 12,  "begin" : 2333,  "end" : 2337 }, 
        {"sofa" : 12,  "begin" : 2338,  "end" : 2340 }, 
        {"sofa" : 12,  "begin" : 2341,  "end" : 2345 }, 
        {"sofa" : 12,  "begin" : 2346,  "end" : 2351 }, 
        {"sofa" : 12,  "begin" : 2352,  "end" : 2355 }, 
        {"sofa" : 12,  "begin" : 2356,  "end" : 2358 }, 
        {"sofa" : 12,  "begin" : 2359,  "end" : 2360 }, 
        {"sofa" : 12,  "begin" : 2361,  "end" : 2367 }, 
        {"sofa" : 12,  "begin" : 2367,  "end" : 2368 }, 
        {"sofa" : 12,  "begin" : 2369,  "end" : 2373 }, 
        {"sofa" : 12,  "begin" : 2374,  "end" : 2378 }, 
        {"sofa" : 12,  "begin" : 2379,  "end" : 2385 }, 
        {"sofa" : 12,  "begin" : 2385,  "end" : 2386 }, 
        {"sofa" : 12,  "begin" : 2387,  "end" : 2389 }, 
        {"sofa" : 12,  "begin" : 2390,  "end" : 2396 }, 
        {"sofa" : 12,  "begin" : 2397,  "end" : 2400 }, 
        {"sofa" : 12,  "begin" : 2401,  "end" : 2405 }, 
        {"sofa" : 12,  "begin" : 2406,  "end" : 2412 }, 
        {"sofa" : 12,  "begin" : 2412,  "end" : 2413 }, 
        {"sofa" : 12,  "begin" : 2414,  "end" : 2421 }, 
        {"sofa" : 12,  "begin" : 2421,  "end" : 2422 }, 
        {"sofa" : 12,  "begin" : 2423,  "end" : 2431 }, 
        {"sofa" : 12,  "begin" : 2432,  "end" : 2434 }, 
        {"sofa" : 12,  "begin" : 2435,  "end" : 2439 }, 
        {"sofa" : 12,  "begin" : 2440,  "end" : 2447 }, 
        {"sofa" : 12,  "begin" : 2448,  "end" : 2450 }, 
        {"sofa" : 12,  "begin" : 2451,  "end" : 2455 }, 
        {"sofa" : 12,  "begin" : 2456,  "end" : 2460 }, 
        {"sofa" : 12,  "begin" : 2461,  "end" : 2466 }, 
        {"sofa" : 12,  "begin" : 2466,  "end" : 2467 }, 
        {"sofa" : 12,  "begin" : 2469,  "end" : 2472 }, 
        {"sofa" : 12,  "begin" : 2473,  "end" : 2477 }, 
        {"sofa" : 12,  "begin" : 2478,  "end" : 2482 }, 
        {"sofa" : 12,  "begin" : 2483,  "end" : 2486 }, 
        {"sofa" : 12,  "begin" : 2486,  "end" : 2487 }, 
        {"sofa" : 12,  "begin" : 2488,  "end" : 2491 }, 
        {"sofa" : 12,  "begin" : 2492,  "end" : 2500 }, 
        {"sofa" : 12,  "begin" : 2501,  "end" : 2505 }, 
        {"sofa" : 12,  "begin" : 2506,  "end" : 2510 }, 
        {"sofa" : 12,  "begin" : 2510,  "end" : 2511 }, 
        {"sofa" : 12,  "begin" : 2512,  "end" : 2515 }, 
        {"sofa" : 12,  "begin" : 2516,  "end" : 2522 }, 
        {"sofa" : 12,  "begin" : 2523,  "end" : 2529 }, 
        {"sofa" : 12,  "begin" : 2530,  "end" : 2534 }, 
        {"sofa" : 12,  "begin" : 2535,  "end" : 2542 }, 
        {"sofa" : 12,  "begin" : 2542,  "end" : 2543 }, 
        {"sofa" : 12,  "begin" : 2544,  "end" : 2547 }, 
        {"sofa" : 12,  "begin" : 2548,  "end" : 2553 }, 
        {"sofa" : 12,  "begin" : 2554,  "end" : 2557 }, 
        {"sofa" : 12,  "begin" : 2558,  "end" : 2562 }, 
        {"sofa" : 12,  "begin" : 2563,  "end" : 2573 }, 
        {"sofa" : 12,  "begin" : 2573,  "end" : 2574 }, 
        {"sofa" : 12,  "begin" : 2575,  "end" : 2578 }, 
        {"sofa" : 12,  "begin" : 2579,  "end" : 2585 }, 
        {"sofa" : 12,  "begin" : 2586,  "end" : 2594 }, 
        {"sofa" : 12,  "begin" : 2594,  "end" : 2595 }, 
        {"sofa" : 12,  "begin" : 2596,  "end" : 2599 }, 
        {"sofa" : 12,  "begin" : 2600,  "end" : 2604 }, 
        {"sofa" : 12,  "begin" : 2605,  "end" : 2610 }, 
        {"sofa" : 12,  "begin" : 2610,  "end" : 2611 }, 
        {"sofa" : 12,  "begin" : 2612,  "end" : 2615 }, 
        {"sofa" : 12,  "begin" : 2616,  "end" : 2626 }, 
        {"sofa" : 12,  "begin" : 2627,  "end" : 2634 }, 
        {"sofa" : 12,  "begin" : 2635,  "end" : 2640 }, 
        {"sofa" : 12,  "begin" : 2641,  "end" : 2645 }, 
        {"sofa" : 12,  "begin" : 2645,  "end" : 2646 }, 
        {"sofa" : 12,  "begin" : 2647,  "end" : 2650 }, 
        {"sofa" : 12,  "begin" : 2651,  "end" : 2654 }, 
        {"sofa" : 12,  "begin" : 2655,  "end" : 2664 }, 
        {"sofa" : 12,  "begin" : 2665,  "end" : 2671 }, 
        {"sofa" : 12,  "begin" : 2672,  "end" : 2675 }, 
        {"sofa" : 12,  "begin" : 2676,  "end" : 2683 }, 
        {"sofa" : 12,  "begin" : 2684,  "end" : 2690 }, 
        {"sofa" : 12,  "begin" : 2690,  "end" : 2691 }, 
        {"sofa" : 12,  "begin" : 2692,  "end" : 2694 }, 
        {"sofa" : 12,  "begin" : 2695,  "end" : 2699 }, 
        {"sofa" : 12,  "begin" : 2700,  "end" : 2708 }, 
        {"sofa" : 12,  "begin" : 2708,  "end" : 2709 }, 
        {"sofa" : 12,  "begin" : 2711,  "end" : 2715 }, 
        {"sofa" : 12,  "begin" : 2716,  "end" : 2719 }, 
        {"sofa" : 12,  "begin" : 2720,  "end" : 2724 }, 
        {"sofa" : 12,  "begin" : 2724,  "end" : 2725 }, 
        {"sofa" : 12,  "begin" : 2725,  "end" : 2726 }, 
        {"sofa" : 12,  "begin" : 2726,  "end" : 2727 }, 
        {"sofa" : 12,  "begin" : 2728,  "end" : 2733 }, 
        {"sofa" : 12,  "begin" : 2734,  "end" : 2737 }, 
        {"sofa" : 12,  "begin" : 2738,  "end" : 2746 }, 
        {"sofa" : 12,  "begin" : 2747,  "end" : 2752 }, 
        {"sofa" : 12,  "begin" : 2753,  "end" : 2757 }, 
        {"sofa" : 12,  "begin" : 2758,  "end" : 2762 }, 
        {"sofa" : 12,  "begin" : 2763,  "end" : 2772 }, 
        {"sofa" : 12,  "begin" : 2773,  "end" : 2775 }, 
        {"sofa" : 12,  "begin" : 2776,  "end" : 2784 }, 
        {"sofa" : 12,  "begin" : 2784,  "end" : 2785 }, 
        {"sofa" : 12,  "begin" : 2787,  "end" : 2791 }, 
        {"sofa" : 12,  "begin" : 2792,  "end" : 2796 }, 
        {"sofa" : 12,  "begin" : 2797,  "end" : 2804 }, 
        {"sofa" : 12,  "begin" : 2805,  "end" : 2812 }, 
        {"sofa" : 12,  "begin" : 2813,  "end" : 2815 }, 
        {"sofa" : 12,  "begin" : 2816,  "end" : 2820 }, 
        {"sofa" : 12,  "begin" : 2821,  "end" : 2823 }, 
        {"sofa" : 12,  "begin" : 2824,  "end" : 2830 }, 
        {"sofa" : 12,  "begin" : 2831,  "end" : 2833 }, 
        {"sofa" : 12,  "begin" : 2834,  "end" : 2838 }, 
        {"sofa" : 12,  "begin" : 2839,  "end" : 2841 }, 
        {"sofa" : 12,  "begin" : 2842,  "end" : 2844 }, 
        {"sofa" : 12,  "begin" : 2845,  "end" : 2852 }, 
        {"sofa" : 12,  "begin" : 2852,  "end" : 2853 }, 
        {"sofa" : 12,  "begin" : 2854,  "end" : 2862 }, 
        {"sofa" : 12,  "begin" : 2863,  "end" : 2868 }, 
        {"sofa" : 12,  "begin" : 2868,  "end" : 2869 }, 
        {"sofa" : 12,  "begin" : 2870,  "end" : 2880 }, 
        {"sofa" : 12,  "begin" : 2881,  "end" : 2886 }, 
        {"sofa" : 12,  "begin" : 2887,  "end" : 2892 }, 
        {"sofa" : 12,  "begin" : 2893,  "end" : 2897 }, 
        {"sofa" : 12,  "begin" : 2898,  "end" : 2900 }, 
        {"sofa" : 12,  "begin" : 2901,  "end" : 2909 }, 
        {"sofa" : 12,  "begin" : 2910,  "end" : 2914 }, 
        {"sofa" : 12,  "begin" : 2915,  "end" : 2922 }, 
        {"sofa" : 12,  "begin" : 2922,  "end" : 2923 }, 
        {"sofa" : 12,  "begin" : 2925,  "end" : 2927 }, 
        {"sofa" : 12,  "begin" : 2928,  "end" : 2929 }, 
        {"sofa" : 12,  "begin" : 2930,  "end" : 2937 }, 
        {"sofa" : 12,  "begin" : 2938,  "end" : 2940 }, 
        {"sofa" : 12,  "begin" : 2941,  "end" : 2952 }, 
        {"sofa" : 12,  "begin" : 2953,  "end" : 2954 }, 
        {"sofa" : 12,  "begin" : 2955,  "end" : 2961 }, 
        {"sofa" : 12,  "begin" : 2962,  "end" : 2966 }, 
        {"sofa" : 12,  "begin" : 2967,  "end" : 2972 }, 
        {"sofa" : 12,  "begin" : 2973,  "end" : 2977 }, 
        {"sofa" : 12,  "begin" : 2978,  "end" : 2980 }, 
        {"sofa" : 12,  "begin" : 2981,  "end" : 2986 }, 
        {"sofa" : 12,  "begin" : 2987,  "end" : 2989 }, 
        {"sofa" : 12,  "begin" : 2990,  "end" : 2995 }, 
        {"sofa" : 12,  "begin" : 2996,  "end" : 2999 }, 
        {"sofa" : 12,  "begin" : 3000,  "end" : 3007 }, 
        {"sofa" : 12,  "begin" : 3008,  "end" : 3012 }, 
        {"sofa" : 12,  "begin" : 3012,  "end" : 3013 }, 
        {"sofa" : 12,  "begin" : 3014,  "end" : 3018 }, 
        {"sofa" : 12,  "begin" : 3019,  "end" : 3020 }, 
        {"sofa" : 12,  "begin" : 3021,  "end" : 3026 }, 
        {"sofa" : 12,  "begin" : 3027,  "end" : 3030 }, 
        {"sofa" : 12,  "begin" : 3031,  "end" : 3034 }, 
        {"sofa" : 12,  "begin" : 3035,  "end" : 3045 }, 
        {"sofa" : 12,  "begin" : 3045,  "end" : 3046 }, 
        {"sofa" : 12,  "begin" : 3048,  "end" : 3053 }, 
        {"sofa" : 12,  "begin" : 3054,  "end" : 3055 }, 
        {"sofa" : 12,  "begin" : 3056,  "end" : 3060 }, 
        {"sofa" : 12,  "begin" : 3061,  "end" : 3064 }, 
        {"sofa" : 12,  "begin" : 3065,  "end" : 3072 }, 
        {"sofa" : 12,  "begin" : 3072,  "end" : 3073 }, 
        {"sofa" : 12,  "begin" : 3074,  "end" : 3076 }, 
        {"sofa" : 12,  "begin" : 3077,  "end" : 3085 }, 
        {"sofa" : 12,  "begin" : 3085,  "end" : 3086 }, 
        {"sofa" : 12,  "begin" : 3088,  "end" : 3093 }, 
        {"sofa" : 12,  "begin" : 3094,  "end" : 3098 }, 
        {"sofa" : 12,  "begin" : 3098,  "end" : 3099 }, 
        {"sofa" : 12,  "begin" : 3100,  "end" : 3106 }, 
        {"sofa" : 12,  "begin" : 3107,  "end" : 3113 }, 
        {"sofa" : 12,  "begin" : 3113,  "end" : 3114 }, 
        {"sofa" : 12,  "begin" : 3115,  "end" : 3118 }, 
        {"sofa" : 12,  "begin" : 3119,  "end" : 3125 }, 
        {"sofa" : 12,  "begin" : 3126,  "end" : 3135 }, 
        {"sofa" : 12,  "begin" : 3136,  "end" : 3139 }, 
        {"sofa" : 12,  "begin" : 3140,  "end" : 3149 }, 
        {"sofa" : 12,  "begin" : 3150,  "end" : 3152 }, 
        {"sofa" : 12,  "begin" : 3153,  "end" : 3157 }, 
        {"sofa" : 12,  "begin" : 3158,  "end" : 3159 }, 
        {"sofa" : 12,  "begin" : 3160,  "end" : 3165 }, 
        {"sofa" : 12,  "begin" : 3166,  "end" : 3170 }, 
        {"sofa" : 12,  "begin" : 3171,  "end" : 3175 }, 
        {"sofa" : 12,  "begin" : 3176,  "end" : 3179 }, 
        {"sofa" : 12,  "begin" : 3180,  "end" : 3182 }, 
        {"sofa" : 12,  "begin" : 3183,  "end" : 3187 }, 
        {"sofa" : 12,  "begin" : 3187,  "end" : 3188 }, 
        {"sofa" : 12,  "begin" : 3188,  "end" : 3190 }, 
        {"sofa" : 12,  "begin" : 3190,  "end" : 3191 }, 
        {"sofa" : 12,  "begin" : 3192,  "end" : 3197 }, 
        {"sofa" : 12,  "begin" : 3198,  "end" : 3208 }, 
        {"sofa" : 12,  "begin" : 3209,  "end" : 3212 }, 
        {"sofa" : 12,  "begin" : 3213,  "end" : 3218 }, 
        {"sofa" : 12,  "begin" : 3219,  "end" : 3221 }, 
        {"sofa" : 12,  "begin" : 3222,  "end" : 3225 }, 
        {"sofa" : 12,  "begin" : 3226,  "end" : 3231 }, 
        {"sofa" : 12,  "begin" : 3231,  "end" : 3232 }, 
        {"sofa" : 12,  "begin" : 3233,  "end" : 3236 }, 
        {"sofa" : 12,  "begin" : 3237,  "end" : 3241 }, 
        {"sofa" : 12,  "begin" : 3242,  "end" : 3243 }, 
        {"sofa" : 12,  "begin" : 3244,  "end" : 3248 }, 
        {"sofa" : 12,  "begin" : 3249,  "end" : 3258 }, 
        {"sofa" : 12,  "begin" : 3259,  "end" : 3263 }, 
        {"sofa" : 12,  "begin" : 3264,  "end" : 3271 }, 
        {"sofa" : 12,  "begin" : 3272,  "end" : 3275 }, 
        {"sofa" : 12,  "begin" : 3276,  "end" : 3283 }, 
        {"sofa" : 12,  "begin" : 3283,  "end" : 3284 }, 
        {"sofa" : 12,  "begin" : 3285,  "end" : 3291 }, 
        {"sofa" : 12,  "begin" : 3292,  "end" : 3300 }, 
        {"sofa" : 12,  "begin" : 3301,  "end" : 3303 }, 
        {"sofa" : 12,  "begin" : 3304,  "end" : 3307 }, 
        {"sofa" : 12,  "begin" : 3308,  "end" : 3316 }, 
        {"sofa" : 12,  "begin" : 3316,  "end" : 3317 }, 
        {"sofa" : 12,  "begin" : 3318,  "end" : 3322 }, 
        {"sofa" : 12,  "begin" : 3323,  "end" : 3328 }, 
        {"sofa" : 12,  "begin" : 3329,  "end" : 3334 }, 
        {"sofa" : 12,  "begin" : 3335,  "end" : 3347 }, 
        {"sofa" : 12,  "begin" : 3347,  "end" : 3348 }, 
        {"sofa" : 12,  "begin" : 3349,  "end" : 3357 }, 
        {"sofa" : 12,  "begin" : 3358,  "end" : 3363 }, 
        {"sofa" : 12,  "begin" : 3363,  "end" : 3364 }, 
        {"sofa" : 12,  "begin" : 3365,  "end" : 3368 }, 
        {"sofa" : 12,  "begin" : 3369,  "end" : 3384 }, 
        {"sofa" : 12,  "begin" : 3384,  "end" : 3385 }, 
        {"sofa" : 12,  "begin" : 3386,  "end" : 3391 }, 
        {"sofa" : 12,  "begin" : 3392,  "end" : 3396 }, 
        {"sofa" : 12,  "begin" : 3397,  "end" : 3406 }, 
        {"sofa" : 12,  "begin" : 3407,  "end" : 3411 }, 
        {"sofa" : 12,  "begin" : 3412,  "end" : 3414 }, 
        {"sofa" : 12,  "begin" : 3415,  "end" : 3417 }, 
        {"sofa" : 12,  "begin" : 3418,  "end" : 3421 }, 
        {"sofa" : 12,  "begin" : 3422,  "end" : 3426 }, 
        {"sofa" : 12,  "begin" : 3427,  "end" : 3429 }, 
        {"sofa" : 12,  "begin" : 3430,  "end" : 3432 }, 
        {"sofa" : 12,  "begin" : 3433,  "end" : 3440 }, 
        {"sofa" : 12,  "begin" : 3441,  "end" : 3445 }, 
        {"sofa" : 12,  "begin" : 3446,  "end" : 3449 }, 
        {"sofa" : 12,  "begin" : 3450,  "end" : 3455 }, 
        {"sofa" : 12,  "begin" : 3456,  "end" : 3458 }, 
        {"sofa" : 12,  "begin" : 3459,  "end" : 3461 }, 
        {"sofa" : 12,  "begin" : 3462,  "end" : 3472 }, 
        {"sofa" : 12,  "begin" : 3473,  "end" : 3478 }, 
        {"sofa" : 12,  "begin" : 3479,  "end" : 3481 }, 
        {"sofa" : 12,  "begin" : 3482,  "end" : 3489 }, 
        {"sofa" : 12,  "begin" : 3489,  "end" : 3490 }, 
        {"sofa" : 12,  "begin" : 3491,  "end" : 3501 }, 
        {"sofa" : 12,  "begin" : 3502,  "end" : 3507 }, 
        {"sofa" : 12,  "begin" : 3508,  "end" : 3516 }, 
        {"sofa" : 12,  "begin" : 3517,  "end" : 3520 }, 
        {"sofa" : 12,  "begin" : 3521,  "end" : 3524 }, 
        {"sofa" : 12,  "begin" : 3525,  "end" : 3527 }, 
        {"sofa" : 12,  "begin" : 3528,  "end" : 3531 }, 
        {"sofa" : 12,  "begin" : 3532,  "end" : 3536 }, 
        {"sofa" : 12,  "begin" : 3537,  "end" : 3548 }, 
        {"sofa" : 12,  "begin" : 3549,  "end" : 3553 }, 
        {"sofa" : 12,  "begin" : 3553,  "end" : 3554 }, 
        {"sofa" : 12,  "begin" : 3556,  "end" : 3560 }, 
        {"sofa" : 12,  "begin" : 3561,  "end" : 3562 }, 
        {"sofa" : 12,  "begin" : 3563,  "end" : 3567 }, 
        {"sofa" : 12,  "begin" : 3568,  "end" : 3571 }, 
        {"sofa" : 12,  "begin" : 3572,  "end" : 3579 }, 
        {"sofa" : 12,  "begin" : 3579,  "end" : 3580 }, 
        {"sofa" : 12,  "begin" : 3581,  "end" : 3589 }, 
        {"sofa" : 12,  "begin" : 3590,  "end" : 3594 }, 
        {"sofa" : 12,  "begin" : 3594,  "end" : 3595 }, 
        {"sofa" : 12,  "begin" : 3597,  "end" : 3605 }, 
        {"sofa" : 12,  "begin" : 3606,  "end" : 3608 }, 
        {"sofa" : 12,  "begin" : 3609,  "end" : 3618 }, 
        {"sofa" : 12,  "begin" : 3619,  "end" : 3621 }, 
        {"sofa" : 12,  "begin" : 3622,  "end" : 3623 }, 
        {"sofa" : 12,  "begin" : 3623,  "end" : 3624 }, 
        {"sofa" : 12,  "begin" : 3624,  "end" : 3632 }, 
        {"sofa" : 12,  "begin" : 3632,  "end" : 3633 }, 
        {"sofa" : 12,  "begin" : 3633,  "end" : 3634 }, 
        {"sofa" : 12,  "begin" : 3635,  "end" : 3639 }, 
        {"sofa" : 12,  "begin" : 3640,  "end" : 3645 }, 
        {"sofa" : 12,  "begin" : 3646,  "end" : 3649 }, 
        {"sofa" : 12,  "begin" : 3650,  "end" : 3657 }, 
        {"sofa" : 12,  "begin" : 3657,  "end" : 3658 }, 
        {"sofa" : 12,  "begin" : 3660,  "end" : 3661 }, 
        {"sofa" : 12,  "begin" : 3662,  "end" : 3669 }, 
        {"sofa" : 12,  "begin" : 3671,  "end" : 3672 }, 
        {"sofa" : 12,  "begin" : 3673,  "end" : 3684 }, 
        {"sofa" : 12,  "begin" : 3685,  "end" : 3686 }, 
        {"sofa" : 12,  "begin" : 3686,  "end" : 3690 }, 
        {"sofa" : 12,  "begin" : 3691,  "end" : 3700 }, 
        {"sofa" : 12,  "begin" : 3701,  "end" : 3703 }, 
        {"sofa" : 12,  "begin" : 3704,  "end" : 3709 }, 
        {"sofa" : 12,  "begin" : 3710,  "end" : 3717 }, 
        {"sofa" : 12,  "begin" : 3717,  "end" : 3718 }, 
        {"sofa" : 12,  "begin" : 3720,  "end" : 3721 }, 
        {"sofa" : 12,  "begin" : 3722,  "end" : 3727 }, 
        {"sofa" : 12,  "begin" : 3727,  "end" : 3728 }, 
        {"sofa" : 12,  "begin" : 3729,  "end" : 3734 }, 
        {"sofa" : 12,  "begin" : 3734,  "end" : 3735 }, 
        {"sofa" : 12,  "begin" : 3736,  "end" : 3738 }, 
        {"sofa" : 12,  "begin" : 3739,  "end" : 3744 }, 
        {"sofa" : 12,  "begin" : 3745,  "end" : 3755 }, 
        {"sofa" : 12,  "begin" : 3757,  "end" : 3758 }, 
        {"sofa" : 12,  "begin" : 3759,  "end" : 3771 }, 
        {"sofa" : 12,  "begin" : 3773,  "end" : 3774 }, 
        {"sofa" : 12,  "begin" : 3775,  "end" : 3783 }, 
        {"sofa" : 12,  "begin" : 3785,  "end" : 3786 }, 
        {"sofa" : 12,  "begin" : 3787,  "end" : 3799 }, 
        {"sofa" : 12,  "begin" : 3801,  "end" : 3802 }, 
        {"sofa" : 12,  "begin" : 3803,  "end" : 3807 }, 
        {"sofa" : 12,  "begin" : 3808,  "end" : 3810 }, 
        {"sofa" : 12,  "begin" : 3811,  "end" : 3819 }, 
        {"sofa" : 12,  "begin" : 3821,  "end" : 3822 }, 
        {"sofa" : 12,  "begin" : 3823,  "end" : 3829 }, 
        {"sofa" : 12,  "begin" : 3831,  "end" : 3832 }, 
        {"sofa" : 12,  "begin" : 3833,  "end" : 3836 }, 
        {"sofa" : 12,  "begin" : 3836,  "end" : 3837 }, 
        {"sofa" : 12,  "begin" : 3838,  "end" : 3843 }, 
        {"sofa" : 12,  "begin" : 3844,  "end" : 3848 }, 
        {"sofa" : 12,  "begin" : 3850,  "end" : 3851 }, 
        {"sofa" : 12,  "begin" : 3852,  "end" : 3855 }, 
        {"sofa" : 12,  "begin" : 3856,  "end" : 3862 }, 
        {"sofa" : 12,  "begin" : 3863,  "end" : 3868 }, 
        {"sofa" : 12,  "begin" : 3869,  "end" : 3871 }, 
        {"sofa" : 12,  "begin" : 3872,  "end" : 3875 }, 
        {"sofa" : 12,  "begin" : 3876,  "end" : 3881 }, 
        {"sofa" : 12,  "begin" : 3882,  "end" : 3885 }, 
        {"sofa" : 12,  "begin" : 3886,  "end" : 3892 }, 
        {"sofa" : 12,  "begin" : 3893,  "end" : 3894 }, 
        {"sofa" : 12,  "begin" : 3894,  "end" : 3905 }, 
        {"sofa" : 12,  "begin" : 3906,  "end" : 3913 }, 
        {"sofa" : 12,  "begin" : 3913,  "end" : 3914 }, 
        {"sofa" : 12,  "begin" : 3916,  "end" : 3917 }, 
        {"sofa" : 12,  "begin" : 3918,  "end" : 3924 }, 
        {"sofa" : 12,  "begin" : 3926,  "end" : 3927 }, 
        {"sofa" : 12,  "begin" : 3928,  "end" : 3936 }, 
        {"sofa" : 12,  "begin" : 3938,  "end" : 3939 }, 
        {"sofa" : 12,  "begin" : 3940,  "end" : 3944 }, 
        {"sofa" : 12,  "begin" : 3946,  "end" : 3953 }, 
        {"sofa" : 12,  "begin" : 3954,  "end" : 3959 }, 
        {"sofa" : 12,  "begin" : 3960,  "end" : 3961 }, 
        {"sofa" : 12,  "begin" : 3962,  "end" : 3966 }, 
        {"sofa" : 12,  "begin" : 3967,  "end" : 3970 }, 
        {"sofa" : 12,  "begin" : 3971,  "end" : 3978 }, 
        {"sofa" : 12,  "begin" : 3978,  "end" : 3979 }, 
        {"sofa" : 12,  "begin" : 3980,  "end" : 3983 }, 
        {"sofa" : 12,  "begin" : 3984,  "end" : 3989 }, 
        {"sofa" : 12,  "begin" : 3990,  "end" : 3995 }, 
        {"sofa" : 12,  "begin" : 3995,  "end" : 3996 }, 
        {"sofa" : 12,  "begin" : 3998,  "end" : 4007 }, 
        {"sofa" : 12,  "begin" : 4008,  "end" : 4014 }, 
        {"sofa" : 12,  "begin" : 4015,  "end" : 4017 }, 
        {"sofa" : 12,  "begin" : 4018,  "end" : 4019 }, 
        {"sofa" : 12,  "begin" : 4020,  "end" : 4029 }, 
        {"sofa" : 12,  "begin" : 4030,  "end" : 4034 }, 
        {"sofa" : 12,  "begin" : 4035,  "end" : 4043 }, 
        {"sofa" : 12,  "begin" : 4043,  "end" : 4044 }, 
        {"sofa" : 12,  "begin" : 4045,  "end" : 4048 }, 
        {"sofa" : 12,  "begin" : 4049,  "end" : 4055 }, 
        {"sofa" : 12,  "begin" : 4056,  "end" : 4064 }, 
        {"sofa" : 12,  "begin" : 4064,  "end" : 4065 }, 
        {"sofa" : 12,  "begin" : 4066,  "end" : 4070 }, 
        {"sofa" : 12,  "begin" : 4071,  "end" : 4075 }, 
        {"sofa" : 12,  "begin" : 4076,  "end" : 4086 }, 
        {"sofa" : 12,  "begin" : 4087,  "end" : 4092 }, 
        {"sofa" : 12,  "begin" : 4093,  "end" : 4095 }, 
        {"sofa" : 12,  "begin" : 4096,  "end" : 4106 }, 
        {"sofa" : 12,  "begin" : 4107,  "end" : 4110 }, 
        {"sofa" : 12,  "begin" : 4111,  "end" : 4116 }, 
        {"sofa" : 12,  "begin" : 4117,  "end" : 4122 }, 
        {"sofa" : 12,  "begin" : 4122,  "end" : 4123 }, 
        {"sofa" : 12,  "begin" : 4124,  "end" : 4139 }, 
        {"sofa" : 12,  "begin" : 4139,  "end" : 4140 }, 
        {"sofa" : 12,  "begin" : 4141,  "end" : 4147 }, 
        {"sofa" : 12,  "begin" : 4148,  "end" : 4153 }, 
        {"sofa" : 12,  "begin" : 4154,  "end" : 4156 }, 
        {"sofa" : 12,  "begin" : 4157,  "end" : 4160 }, 
        {"sofa" : 12,  "begin" : 4160,  "end" : 4161 }, 
        {"sofa" : 12,  "begin" : 4162,  "end" : 4164 }, 
        {"sofa" : 12,  "begin" : 4165,  "end" : 4167 }, 
        {"sofa" : 12,  "begin" : 4168,  "end" : 4179 }, 
        {"sofa" : 12,  "begin" : 4180,  "end" : 4185 }, 
        {"sofa" : 12,  "begin" : 4185,  "end" : 4186 }, 
        {"sofa" : 12,  "begin" : 4187,  "end" : 4194 }, 
        {"sofa" : 12,  "begin" : 4195,  "end" : 4197 }, 
        {"sofa" : 12,  "begin" : 4198,  "end" : 4203 }, 
        {"sofa" : 12,  "begin" : 4204,  "end" : 4208 }, 
        {"sofa" : 12,  "begin" : 4209,  "end" : 4212 }, 
        {"sofa" : 12,  "begin" : 4213,  "end" : 4216 }, 
        {"sofa" : 12,  "begin" : 4217,  "end" : 4220 }, 
        {"sofa" : 12,  "begin" : 4221,  "end" : 4226 }, 
        {"sofa" : 12,  "begin" : 4227,  "end" : 4231 }, 
        {"sofa" : 12,  "begin" : 4232,  "end" : 4242 }, 
        {"sofa" : 12,  "begin" : 4242,  "end" : 4243 }, 
        {"sofa" : 12,  "begin" : 4244,  "end" : 4248 }, 
        {"sofa" : 12,  "begin" : 4249,  "end" : 4253 }, 
        {"sofa" : 12,  "begin" : 4254,  "end" : 4255 }, 
        {"sofa" : 12,  "begin" : 4256,  "end" : 4260 }, 
        {"sofa" : 12,  "begin" : 4261,  "end" : 4274 }, 
        {"sofa" : 12,  "begin" : 4275,  "end" : 4285 }, 
        {"sofa" : 12,  "begin" : 4286,  "end" : 4288 }, 
        {"sofa" : 12,  "begin" : 4289,  "end" : 4292 }, 
        {"sofa" : 12,  "begin" : 4293,  "end" : 4301 }, 
        {"sofa" : 12,  "begin" : 4302,  "end" : 4310 }, 
        {"sofa" : 12,  "begin" : 4311,  "end" : 4318 }, 
        {"sofa" : 12,  "begin" : 4319,  "end" : 4322 }, 
        {"sofa" : 12,  "begin" : 4323,  "end" : 4327 }, 
        {"sofa" : 12,  "begin" : 4328,  "end" : 4330 }, 
        {"sofa" : 12,  "begin" : 4331,  "end" : 4333 }, 
        {"sofa" : 12,  "begin" : 4334,  "end" : 4335 }, 
        {"sofa" : 12,  "begin" : 4336,  "end" : 4340 }, 
        {"sofa" : 12,  "begin" : 4341,  "end" : 4349 }, 
        {"sofa" : 12,  "begin" : 4349,  "end" : 4350 }, 
        {"sofa" : 12,  "begin" : 4351,  "end" : 4354 }, 
        {"sofa" : 12,  "begin" : 4355,  "end" : 4359 }, 
        {"sofa" : 12,  "begin" : 4360,  "end" : 4368 }, 
        {"sofa" : 12,  "begin" : 4369,  "end" : 4379 }, 
        {"sofa" : 12,  "begin" : 4380,  "end" : 4383 }, 
        {"sofa" : 12,  "begin" : 4384,  "end" : 4387 }, 
        {"sofa" : 12,  "begin" : 4388,  "end" : 4393 }, 
        {"sofa" : 12,  "begin" : 4394,  "end" : 4396 }, 
        {"sofa" : 12,  "begin" : 4397,  "end" : 4399 }, 
        {"sofa" : 12,  "begin" : 4400,  "end" : 4412 }, 
        {"sofa" : 12,  "begin" : 4413,  "end" : 4417 }, 
        {"sofa" : 12,  "begin" : 4418,  "end" : 4430 }, 
        {"sofa" : 12,  "begin" : 4430,  "end" : 4431 }, 
        {"sofa" : 12,  "begin" : 4432,  "end" : 4437 }, 
        {"sofa" : 12,  "begin" : 4438,  "end" : 4441 }, 
        {"sofa" : 12,  "begin" : 4442,  "end" : 4448 }, 
        {"sofa" : 12,  "begin" : 4449,  "end" : 4451 }, 
        {"sofa" : 12,  "begin" : 4452,  "end" : 4458 }, 
        {"sofa" : 12,  "begin" : 4458,  "end" : 4459 }, 
        {"sofa" : 12,  "begin" : 4460,  "end" : 4466 }, 
        {"sofa" : 12,  "begin" : 4467,  "end" : 4473 }, 
        {"sofa" : 12,  "begin" : 4474,  "end" : 4482 }, 
        {"sofa" : 12,  "begin" : 4483,  "end" : 4484 }, 
        {"sofa" : 12,  "begin" : 4484,  "end" : 4487 }, 
        {"sofa" : 12,  "begin" : 4487,  "end" : 4488 }, 
        {"sofa" : 12,  "begin" : 4489,  "end" : 4492 }, 
        {"sofa" : 12,  "begin" : 4493,  "end" : 4499 }, 
        {"sofa" : 12,  "begin" : 4500,  "end" : 4507 }, 
        {"sofa" : 12,  "begin" : 4508,  "end" : 4516 }, 
        {"sofa" : 12,  "begin" : 4517,  "end" : 4518 }, 
        {"sofa" : 12,  "begin" : 4518,  "end" : 4522 }, 
        {"sofa" : 12,  "begin" : 4522,  "end" : 4523 }, 
        {"sofa" : 12,  "begin" : 4524,  "end" : 4527 }, 
        {"sofa" : 12,  "begin" : 4528,  "end" : 4531 }, 
        {"sofa" : 12,  "begin" : 4532,  "end" : 4536 }, 
        {"sofa" : 12,  "begin" : 4537,  "end" : 4550 }, 
        {"sofa" : 12,  "begin" : 4551,  "end" : 4559 }, 
        {"sofa" : 12,  "begin" : 4560,  "end" : 4571 }, 
        {"sofa" : 12,  "begin" : 4571,  "end" : 4572 }, 
        {"sofa" : 12,  "begin" : 4573,  "end" : 4578 }, 
        {"sofa" : 12,  "begin" : 4579,  "end" : 4583 }, 
        {"sofa" : 12,  "begin" : 4584,  "end" : 4585 }, 
        {"sofa" : 12,  "begin" : 4586,  "end" : 4591 }, 
        {"sofa" : 12,  "begin" : 4592,  "end" : 4598 }, 
        {"sofa" : 12,  "begin" : 4598,  "end" : 4599 }, 
        {"sofa" : 12,  "begin" : 4600,  "end" : 4603 }, 
        {"sofa" : 12,  "begin" : 4604,  "end" : 4608 }, 
        {"sofa" : 12,  "begin" : 4609,  "end" : 4613 }, 
        {"sofa" : 12,  "begin" : 4614,  "end" : 4618 }, 
        {"sofa" : 12,  "begin" : 4619,  "end" : 4620 }, 
        {"sofa" : 12,  "begin" : 4621,  "end" : 4627 }, 
        {"sofa" : 12,  "begin" : 4628,  "end" : 4630 }, 
        {"sofa" : 12,  "begin" : 4631,  "end" : 4637 }, 
        {"sofa" : 12,  "begin" : 4638,  "end" : 4650 }, 
        {"sofa" : 12,  "begin" : 4650,  "end" : 4651 }, 
        {"sofa" : 12,  "begin" : 4652,  "end" : 4658 }, 
        {"sofa" : 12,  "begin" : 4659,  "end" : 4665 }, 
        {"sofa" : 12,  "begin" : 4666,  "end" : 4674 }, 
        {"sofa" : 12,  "begin" : 4674,  "end" : 4675 }, 
        {"sofa" : 12,  "begin" : 4676,  "end" : 4681 }, 
        {"sofa" : 12,  "begin" : 4682,  "end" : 4684 }, 
        {"sofa" : 12,  "begin" : 4685,  "end" : 4695 }, 
        {"sofa" : 12,  "begin" : 4696,  "end" : 4707 }, 
        {"sofa" : 12,  "begin" : 4708,  "end" : 4711 }, 
        {"sofa" : 12,  "begin" : 4712,  "end" : 4717 }, 
        {"sofa" : 12,  "begin" : 4717,  "end" : 4718 }, 
        {"sofa" : 12,  "begin" : 4719,  "end" : 4722 }, 
        {"sofa" : 12,  "begin" : 4723,  "end" : 4730 }, 
        {"sofa" : 12,  "begin" : 4731,  "end" : 4736 }, 
        {"sofa" : 12,  "begin" : 4737,  "end" : 4742 }, 
        {"sofa" : 12,  "begin" : 4743,  "end" : 4744 }, 
        {"sofa" : 12,  "begin" : 4745,  "end" : 4750 }, 
        {"sofa" : 12,  "begin" : 4751,  "end" : 4761 }, 
        {"sofa" : 12,  "begin" : 4762,  "end" : 4768 }, 
        {"sofa" : 12,  "begin" : 4769,  "end" : 4776 }, 
        {"sofa" : 12,  "begin" : 4776,  "end" : 4777 }, 
        {"sofa" : 12,  "begin" : 4779,  "end" : 4780 }, 
        {"sofa" : 12,  "begin" : 4780,  "end" : 4781 }, 
        {"sofa" : 12,  "begin" : 4781,  "end" : 4782 }, 
        {"sofa" : 12,  "begin" : 4783,  "end" : 4788 }, 
        {"sofa" : 12,  "begin" : 4789,  "end" : 4794 }, 
        {"sofa" : 12,  "begin" : 4794,  "end" : 4795 }, 
        {"sofa" : 12,  "begin" : 4796,  "end" : 4797 }, 
        {"sofa" : 12,  "begin" : 4797,  "end" : 4798 }, 
        {"sofa" : 12,  "begin" : 4798,  "end" : 4799 }, 
        {"sofa" : 12,  "begin" : 4801,  "end" : 4806 }, 
        {"sofa" : 12,  "begin" : 4806,  "end" : 4807 }, 
        {"sofa" : 12,  "begin" : 4808,  "end" : 4819 }, 
        {"sofa" : 12,  "begin" : 4820,  "end" : 4827 }, 
        {"sofa" : 12,  "begin" : 4827,  "end" : 4828 }, 
        {"sofa" : 12,  "begin" : 4829,  "end" : 4837 }, 
        {"sofa" : 12,  "begin" : 4837,  "end" : 4838 }, 
        {"sofa" : 12,  "begin" : 4839,  "end" : 4845 }, 
        {"sofa" : 12,  "begin" : 4845,  "end" : 4846 }, 
        {"sofa" : 12,  "begin" : 4847,  "end" : 4851 }, 
        {"sofa" : 12,  "begin" : 4851,  "end" : 4852 }, 
        {"sofa" : 12,  "begin" : 4854,  "end" : 4856 }, 
        {"sofa" : 12,  "begin" : 4857,  "end" : 4862 }, 
        {"sofa" : 12,  "begin" : 4863,  "end" : 4866 }, 
        {"sofa" : 12,  "begin" : 4866,  "end" : 4867 }, 
        {"sofa" : 12,  "begin" : 4868,  "end" : 4871 }, 
        {"sofa" : 12,  "begin" : 4872,  "end" : 4873 }, 
        {"sofa" : 12,  "begin" : 4874,  "end" : 4878 }, 
        {"sofa" : 12,  "begin" : 4879,  "end" : 4881 }, 
        {"sofa" : 12,  "begin" : 4882,  "end" : 4886 }, 
        {"sofa" : 12,  "begin" : 4887,  "end" : 4891 }, 
        {"sofa" : 12,  "begin" : 4892,  "end" : 4896 }, 
        {"sofa" : 12,  "begin" : 4897,  "end" : 4900 }, 
        {"sofa" : 12,  "begin" : 4901,  "end" : 4909 }, 
        {"sofa" : 12,  "begin" : 4910,  "end" : 4915 }, 
        {"sofa" : 12,  "begin" : 4916,  "end" : 4927 }, 
        {"sofa" : 12,  "begin" : 4928,  "end" : 4932 }, 
        {"sofa" : 12,  "begin" : 4933,  "end" : 4940 }, 
        {"sofa" : 12,  "begin" : 4941,  "end" : 4943 }, 
        {"sofa" : 12,  "begin" : 4944,  "end" : 4954 }, 
        {"sofa" : 12,  "begin" : 4955,  "end" : 4962 }, 
        {"sofa" : 12,  "begin" : 4962,  "end" : 4963 }, 
        {"sofa" : 12,  "begin" : 4964,  "end" : 4972 }, 
        {"sofa" : 12,  "begin" : 4973,  "end" : 4976 }, 
        {"sofa" : 12,  "begin" : 4976,  "end" : 4977 }, 
        {"sofa" : 12,  "begin" : 4978,  "end" : 4981 }, 
        {"sofa" : 12,  "begin" : 4981,  "end" : 4982 }, 
        {"sofa" : 12,  "begin" : 4982,  "end" : 4983 }, 
        {"sofa" : 12,  "begin" : 4983,  "end" : 4984 }, 
        {"sofa" : 12,  "begin" : 4985,  "end" : 4988 }, 
        {"sofa" : 12,  "begin" : 4989,  "end" : 4994 }, 
        {"sofa" : 12,  "begin" : 4995,  "end" : 4999 }, 
        {"sofa" : 12,  "begin" : 5000,  "end" : 5007 }, 
        {"sofa" : 12,  "begin" : 5008,  "end" : 5010 }, 
        {"sofa" : 12,  "begin" : 5011,  "end" : 5013 }, 
        {"sofa" : 12,  "begin" : 5014,  "end" : 5019 }, 
        {"sofa" : 12,  "begin" : 5020,  "end" : 5022 }, 
        {"sofa" : 12,  "begin" : 5023,  "end" : 5032 }, 
        {"sofa" : 12,  "begin" : 5033,  "end" : 5035 }, 
        {"sofa" : 12,  "begin" : 5036,  "end" : 5041 }, 
        {"sofa" : 12,  "begin" : 5042,  "end" : 5044 }, 
        {"sofa" : 12,  "begin" : 5045,  "end" : 5051 }, 
        {"sofa" : 12,  "begin" : 5052,  "end" : 5056 }, 
        {"sofa" : 12,  "begin" : 5057,  "end" : 5060 }, 
        {"sofa" : 12,  "begin" : 5061,  "end" : 5069 }, 
        {"sofa" : 12,  "begin" : 5069,  "end" : 5070 }, 
        {"sofa" : 12,  "begin" : 5070,  "end" : 5071 }, 
        {"sofa" : 12,  "begin" : 5071,  "end" : 5072 }, 
        {"sofa" : 12,  "begin" : 5073,  "end" : 5076 }, 
        {"sofa" : 12,  "begin" : 5077,  "end" : 5081 }, 
        {"sofa" : 12,  "begin" : 5082,  "end" : 5086 }, 
        {"sofa" : 12,  "begin" : 5087,  "end" : 5091 }, 
        {"sofa" : 12,  "begin" : 5092,  "end" : 5098 }, 
        {"sofa" : 12,  "begin" : 5099,  "end" : 5104 }, 
        {"sofa" : 12,  "begin" : 5105,  "end" : 5108 }, 
        {"sofa" : 12,  "begin" : 5109,  "end" : 5116 }, 
        {"sofa" : 12,  "begin" : 5117,  "end" : 5120 }, 
        {"sofa" : 12,  "begin" : 5121,  "end" : 5124 }, 
        {"sofa" : 12,  "begin" : 5124,  "end" : 5125 }, 
        {"sofa" : 12,  "begin" : 5127,  "end" : 5130 }, 
        {"sofa" : 12,  "begin" : 5131,  "end" : 5132 }, 
        {"sofa" : 12,  "begin" : 5133,  "end" : 5136 }, 
        {"sofa" : 12,  "begin" : 5137,  "end" : 5140 }, 
        {"sofa" : 12,  "begin" : 5141,  "end" : 5143 }, 
        {"sofa" : 12,  "begin" : 5144,  "end" : 5150 }, 
        {"sofa" : 12,  "begin" : 5151,  "end" : 5153 }, 
        {"sofa" : 12,  "begin" : 5154,  "end" : 5162 }, 
        {"sofa" : 12,  "begin" : 5162,  "end" : 5163 }, 
        {"sofa" : 12,  "begin" : 5164,  "end" : 5168 }, 
        {"sofa" : 12,  "begin" : 5169,  "end" : 5175 }, 
        {"sofa" : 12,  "begin" : 5176,  "end" : 5178 }, 
        {"sofa" : 12,  "begin" : 5179,  "end" : 5187 }, 
        {"sofa" : 12,  "begin" : 5188,  "end" : 5194 }, 
        {"sofa" : 12,  "begin" : 5195,  "end" : 5198 }, 
        {"sofa" : 12,  "begin" : 5199,  "end" : 5201 }, 
        {"sofa" : 12,  "begin" : 5202,  "end" : 5204 }, 
        {"sofa" : 12,  "begin" : 5205,  "end" : 5209 }, 
        {"sofa" : 12,  "begin" : 5210,  "end" : 5212 }, 
        {"sofa" : 12,  "begin" : 5213,  "end" : 5224 }, 
        {"sofa" : 12,  "begin" : 5225,  "end" : 5229 }, 
        {"sofa" : 12,  "begin" : 5230,  "end" : 5233 }, 
        {"sofa" : 12,  "begin" : 5234,  "end" : 5240 }, 
        {"sofa" : 12,  "begin" : 5240,  "end" : 5241 }, 
        {"sofa" : 12,  "begin" : 5242,  "end" : 5244 }, 
        {"sofa" : 12,  "begin" : 5245,  "end" : 5249 }, 
        {"sofa" : 12,  "begin" : 5250,  "end" : 5256 }, 
        {"sofa" : 12,  "begin" : 5257,  "end" : 5262 }, 
        {"sofa" : 12,  "begin" : 5263,  "end" : 5274 }, 
        {"sofa" : 12,  "begin" : 5275,  "end" : 5280 }, 
        {"sofa" : 12,  "begin" : 5281,  "end" : 5285 }, 
        {"sofa" : 12,  "begin" : 5286,  "end" : 5292 }, 
        {"sofa" : 12,  "begin" : 5293,  "end" : 5296 }, 
        {"sofa" : 12,  "begin" : 5297,  "end" : 5304 }, 
        {"sofa" : 12,  "begin" : 5305,  "end" : 5307 }, 
        {"sofa" : 12,  "begin" : 5308,  "end" : 5310 }, 
        {"sofa" : 12,  "begin" : 5311,  "end" : 5315 }, 
        {"sofa" : 12,  "begin" : 5316,  "end" : 5322 }, 
        {"sofa" : 12,  "begin" : 5323,  "end" : 5328 }, 
        {"sofa" : 12,  "begin" : 5329,  "end" : 5333 }, 
        {"sofa" : 12,  "begin" : 5333,  "end" : 5334 }, 
        {"sofa" : 12,  "begin" : 5335,  "end" : 5338 }, 
        {"sofa" : 12,  "begin" : 5339,  "end" : 5343 }, 
        {"sofa" : 12,  "begin" : 5344,  "end" : 5351 }, 
        {"sofa" : 12,  "begin" : 5352,  "end" : 5356 }, 
        {"sofa" : 12,  "begin" : 5357,  "end" : 5362 }, 
        {"sofa" : 12,  "begin" : 5363,  "end" : 5374 }, 
        {"sofa" : 12,  "begin" : 5375,  "end" : 5378 }, 
        {"sofa" : 12,  "begin" : 5379,  "end" : 5388 }, 
        {"sofa" : 12,  "begin" : 5389,  "end" : 5392 }, 
        {"sofa" : 12,  "begin" : 5393,  "end" : 5397 }, 
        {"sofa" : 12,  "begin" : 5398,  "end" : 5400 }, 
        {"sofa" : 12,  "begin" : 5401,  "end" : 5409 }, 
        {"sofa" : 12,  "begin" : 5410,  "end" : 5415 }, 
        {"sofa" : 12,  "begin" : 5416,  "end" : 5418 }, 
        {"sofa" : 12,  "begin" : 5419,  "end" : 5422 }, 
        {"sofa" : 12,  "begin" : 5423,  "end" : 5428 }, 
        {"sofa" : 12,  "begin" : 5429,  "end" : 5431 }, 
        {"sofa" : 12,  "begin" : 5432,  "end" : 5440 }, 
        {"sofa" : 12,  "begin" : 5440,  "end" : 5441 }, 
        {"sofa" : 12,  "begin" : 5442,  "end" : 5444 }, 
        {"sofa" : 12,  "begin" : 5445,  "end" : 5451 }, 
        {"sofa" : 12,  "begin" : 5451,  "end" : 5452 }, 
        {"sofa" : 12,  "begin" : 5454,  "end" : 5458 }, 
        {"sofa" : 12,  "begin" : 5459,  "end" : 5462 }, 
        {"sofa" : 12,  "begin" : 5463,  "end" : 5466 }, 
        {"sofa" : 12,  "begin" : 5467,  "end" : 5477 }, 
        {"sofa" : 12,  "begin" : 5478,  "end" : 5482 }, 
        {"sofa" : 12,  "begin" : 5483,  "end" : 5490 }, 
        {"sofa" : 12,  "begin" : 5491,  "end" : 5499 }, 
        {"sofa" : 12,  "begin" : 5499,  "end" : 5500 }, 
        {"sofa" : 12,  "begin" : 5501,  "end" : 5506 }, 
        {"sofa" : 12,  "begin" : 5507,  "end" : 5511 }, 
        {"sofa" : 12,  "begin" : 5512,  "end" : 5514 }, 
        {"sofa" : 12,  "begin" : 5515,  "end" : 5519 }, 
        {"sofa" : 12,  "begin" : 5520,  "end" : 5522 }, 
        {"sofa" : 12,  "begin" : 5523,  "end" : 5527 }, 
        {"sofa" : 12,  "begin" : 5528,  "end" : 5531 }, 
        {"sofa" : 12,  "begin" : 5532,  "end" : 5540 }, 
        {"sofa" : 12,  "begin" : 5541,  "end" : 5543 }, 
        {"sofa" : 12,  "begin" : 5544,  "end" : 5550 }, 
        {"sofa" : 12,  "begin" : 5551,  "end" : 5555 }, 
        {"sofa" : 12,  "begin" : 5555,  "end" : 5556 } ], 
      "Persuasive_Labels" : [
        {"sofa" : 12,  "begin" : 262,  "end" : 286,  "DistinctiveLinguisticFeatures" : "uppercase words" }, 
        {"sofa" : 12,  "begin" : 262,  "end" : 286,  "DistinctiveLinguisticFeatures" : "distinctive linguistic features" }, 
        {"sofa" : 12,  "begin" : 288,  "end" : 476,  "UsingAnecdotesandPersonalExperienceasEvidence" : "Using Anecdotes and Personal Experience as Evidence" }, 
        {"sofa" : 12,  "begin" : 1000,  "end" : 1003,  "DistinctiveLinguisticFeatures" : "distinctive linguistic features" }, 
        {"sofa" : 12,  "begin" : 1000,  "end" : 1003,  "DistinctiveLinguisticFeatures" : "ellipses, exaggerated/excessive usage of punctuation marks" }, 
        {"sofa" : 12,  "begin" : 2369,  "end" : 2543,  "BiasedReasoningtoMakeaConclusion" : "wrong cause-effect" }, 
        {"sofa" : 12,  "begin" : 2369,  "end" : 2543,  "BiasedReasoningtoMakeaConclusion" : "biased reasoning to make a conclusion" }, 
        {"sofa" : 12,  "begin" : 2724,  "end" : 2727,  "DistinctiveLinguisticFeatures" : "ellipses, exaggerated/excessive usage of punctuation marks" }, 
        {"sofa" : 12,  "begin" : 2724,  "end" : 2727,  "DistinctiveLinguisticFeatures" : "distinctive linguistic features" }, 
        {"sofa" : 12,  "begin" : 2787,  "end" : 2923,  "EstablishingLegitimacy" : "Establishing Legitimacy" }, 
        {"sofa" : 12,  "begin" : 2787,  "end" : 2923,  "EstablishingLegitimacy" : "surface credibility markers - simply claiming authority or credibility" }, 
        {"sofa" : 12,  "begin" : 3048,  "end" : 3086,  "DistinctiveLinguisticFeatures" : "distinctive linguistic features" }, 
        {"sofa" : 12,  "begin" : 3048,  "end" : 3086,  "DistinctiveLinguisticFeatures" : "uppercase words" }, 
        {"sofa" : 12,  "begin" : 3088,  "end" : 4123,  "HighlightingUncertaintyandRisk" : "Highlighting Uncertainty and Risk" }, 
        {"sofa" : 12,  "begin" : 3946,  "end" : 3996,  "DistinctiveLinguisticFeatures" : "distinctive linguistic features" }, 
        {"sofa" : 12,  "begin" : 3946,  "end" : 3995,  "DistinctiveLinguisticFeatures" : "uppercase words" }, 
        {"sofa" : 12,  "begin" : 4124,  "end" : 4186,  "EstablishingLegitimacy" : "surface credibility markers - medical or scientific jargon" }, 
        {"sofa" : 12,  "begin" : 4124,  "end" : 4186,  "EstablishingLegitimacy" : "Establishing Legitimacy" }, 
        {"sofa" : 12,  "begin" : 4244,  "end" : 4459,  "HighlightingUncertaintyandRisk" : "Highlighting Uncertainty and Risk" }, 
        {"sofa" : 12,  "begin" : 4460,  "end" : 4777,  "BiasedReasoningtoMakeaConclusion" : "inappropriate analogy or false connection" }, 
        {"sofa" : 12,  "begin" : 4460,  "end" : 4777,  "BiasedReasoningtoMakeaConclusion" : "biased reasoning to make a conclusion" }, 
        {"sofa" : 12,  "begin" : 4779,  "end" : 4807,  "DistinctiveLinguisticFeatures" : "bolded,  underline or italicized" }, 
        {"sofa" : 12,  "begin" : 4779,  "end" : 4807,  "DistinctiveLinguisticFeatures" : "distinctive linguistic features" }, 
        {"sofa" : 12,  "begin" : 4779,  "end" : 4807,  "EmotionalAppeals" : "emotional appeals" }, 
        {"sofa" : 12,  "begin" : 4779,  "end" : 4807,  "EmotionalAppeals" : "fear" }, 
        {"sofa" : 12,  "begin" : 4808,  "end" : 4852,  "HighlightingUncertaintyandRisk" : "Highlighting Uncertainty and Risk" }, 
        {"sofa" : 12,  "begin" : 4981,  "end" : 4984,  "DistinctiveLinguisticFeatures" : "ellipses, exaggerated/excessive usage of punctuation marks" }, 
        {"sofa" : 12,  "begin" : 4981,  "end" : 4984,  "DistinctiveLinguisticFeatures" : "distinctive linguistic features" }, 
        {"sofa" : 12,  "begin" : 5069,  "end" : 5072,  "DistinctiveLinguisticFeatures" : "distinctive linguistic features" }, 
        {"sofa" : 12,  "begin" : 5069,  "end" : 5072,  "DistinctiveLinguisticFeatures" : "ellipses, exaggerated/excessive usage of punctuation marks" }, 
        {"sofa" : 12,  "begin" : 5127,  "end" : 5163,  "EmotionalAppeals" : "anxiety" }, 
        {"sofa" : 12,  "begin" : 5127,  "end" : 5163,  "EmotionalAppeals" : "emotional appeals" }, 
        {"sofa" : 12,  "begin" : 5164,  "end" : 5241,  "EmotionalAppeals" : "emotional appeals" }, 
        {"sofa" : 12,  "begin" : 5234,  "end" : 5240,  "EmotionalAppeals" : "fear" } ] } }, 
  "_referenced_fss" : {
    "12" : {"_type" : "Sofa",  "sofaNum" : 1,  "sofaID" : "_InitialView",  "mimeType" : "text",  "sofaString" : "﻿snes-02752 Slime, a do-it-yourself gooey craft project containing borax, white glue, and shaving cream, comes with serious health risks.\r\nSource: https://archive.ph/FgDIo \r\nFact checking: https://www.snopes.com/fact-check/slime-health-risks/ \r\nActual content:\r\nBEWARE OF HOMEMADE SLIME\r\nI'm writing this to let you know our experience with homemade slime. I am not a doctor or a scientist or a chemist. I just don't want what happened to my daughter to happen to anyone else.\r\nIf you have elementary age kids, you are probably familiar with the current slime obsession. My daughter and her friends became obsessed with it a few months ago and couldn't get enough of it. So much so that they decided they would start making it themselves at home, a simple endeavor providing you have the right ingredients.\r\nBasically, homemade slime consists of:\r\nBorax\r\nWhite Glue\r\nWater\r\nShaving Cream\r\nFood Coloring (optional)\r\nYou might have also heard how stores can't even keep enough glue in stock. True story... we had a horrible time finding Elmer's Glue at our local Walmart, Hobby Lobby and Target.\r\nThere are variations of the above for sure, but these ingredients are what my daughter and her friends were using to create their slime.\r\nWe are a pretty healthy family. We get our flu shots each year and my kids have never had strep or flu or bronchial illnesses. They have never had more than your basic cold that lasted a few days. When my 12 year old got sick, we thought it was the same basic cold. Symptoms were the same: cough, sore throat, stuffy nose. She was also complaining about headaches and general achiness. Assuming her symptoms would be relieved in a few days, we didn't pay them much mind. Unfortunately, they didn't go away. At all. Weeks later, we were still left wondering what on earth was going on. To the doctor we went. We had her take a throat culture, check her lungs, and ears and sinuses. She found nothing. Other than your basic cold symptoms, there wasn't anything wrong with her on the surface.\r\nYou know how as a parent you just kind of the get the feeling that there is more to something than meets the eye? My husband was actually the one who connected the dots. He told me one night, \"Do you think it could have something to do with the slime she's been making?\"\r\nIt was like a lightbulb went off. It kind of made sense all of a sudden. From that moment, we banned her from making, holding, touching or even looking at that darn slime.\r\nThe very next day, her headache went away. Her throat didn't hurt anymore. She still had some congestion, but wasn't coughing. Two days later, the congestion started going away. She was breathing better and talking better. No more achiness.\r\nWhat the what??? Could the homemade slime have been poisoning my daughter?\r\nThen this article started to make it around on some of my friends' Facebook feeds: Schoolyard Slime Craze Risk to Children Says Experts.\r\nSo I started to investigate a little more about what on earth my child was getting into. What I found out was disturbing.\r\nBORAX - FROM THE WEBSITE, CQ CONCEPTS:\r\nBoric acid, sodium borate, and sodium perborate are estimated to have a fatal dose from 0.1 to 0.5g/kg. These substances are toxic to all cells, and have a slow excretion rate through the kidneys. Kidney toxicity is the greatest, with liver fatty degeneration, cerebral edema, and gastroenteritis. Boric acid solutions used as an eye wash or on abraded skin are known to be especially toxic to infants, especially after repeated use due to its slow elimination rate.\r\nGLUE - FROM THE WEBSITE, MEDILINE PLUS:\r\nSymptoms of breathing in (\"sniffing\") glue fumes may include:\r\n* Anxiety\r\n* Convulsions (from breathing in large amounts)\r\n* Drunk, dazed, or dizzy appearance\r\n* Excitability\r\n* Headache\r\n* Irritability\r\n* Loss of appetite\r\n* Nausea\r\n* Red, runny nose\r\n* Low oxygen level in the blood and organs (respiratory failure)\r\n* Stupor\r\n* Seizures\r\n* Coma\r\nSHAVING CREAM - FROM THE WEBSITE, HOW STUFF WORKS:\r\nPropolene glycol is a humectant like glycerin, but unlike glycerin, it's more frequently found in antifreeze and brake fluid. Triethanolamine, better known as TEA, is an emulsifying agent, meaning it helps keep the oil and water from separating. It's also a very controversial ingredient in the cosmetic industry because not only is it a skin irritant, but many formulas containing TEA are found to be contaminated with nitrosamines, which are linked to cancer. Sodium lauryl sulphate (SLS) and sodium laureth sulphate (SLES) are two more controversial skincare ingredients. These make a great lather, but they also have a number of health implications. Lauryl mimics estrogen, which is especially problematic for women, and laureth often hosts a known carcinogen called dioxane.\r\n<b> Scary stuff. <b>\r\nToxic. Respiratory Failure. Seizures. Cancer. Coma.\r\nNo thank you! Can I ever be 100% sure that the homemade slime ingredients were causing my daughter's illness? Probably not. But... one thing I've learned in 17 years of parenting is never to ignore your gut instinct... and ours said that making slime was hurting our kid.\r\nAll I can say is please be informed. What seemed so innocent turned out to be full of ingredients that are deadly. So even though these ingredients might have really had nothing to do with Lauryn being sick, the fact remains that these ingredients are dangerous and have no business being in the hands of children. Or anyone.\r\nHave you had experience with similar symptoms? Would love to hear if this has happened to anyone else.\r\n\r\n" } } }