{"_context" : {
    "_types" : {
      "DocumentMetaData" : {
        "_feature_types" : {"sofa" : "_ref" } }, 
      "Persuasive_Labels" : {
        "_feature_types" : {"sofa" : "_ref" } }, 
      "Sentence" : {
        "_feature_types" : {"sofa" : "_ref" } }, 
      "Sofa" : {
        "_feature_types" : {"sofaArray" : "_ref" } }, 
      "TagsetDescription" : {
        "_feature_types" : {"sofa" : "_ref",  "tags" : "_ref" } }, 
      "Token" : {
        "_feature_types" : {"sofa" : "_ref",  "parent" : "_ref",  "lemma" : "_ref",  "stem" : "_ref",  "pos" : "_ref",  "morph" : "_ref",  "form" : "_ref" } }, 
      "DocumentAnnotation" : {
        "_feature_types" : {"sofa" : "_ref" }, 
        "_subtypes" : ["DocumentMetaData" ] }, 
      "Annotation" : {
        "_feature_types" : {"sofa" : "_ref" }, 
        "_subtypes" : ["DocumentAnnotation",  "Persuasive_Labels",  "Sentence",  "TagsetDescription",  "Token" ] }, 
      "AnnotationBase" : {
        "_feature_types" : {"sofa" : "_ref" }, 
        "_subtypes" : ["Annotation" ] }, 
      "TOP" : {
        "_subtypes" : ["AnnotationBase",  "Sofa" ] } } }, 
  "_views" : {
    "_InitialView" : {
      "DocumentMetaData" : [
        {"sofa" : 12,  "end" : 4464,  "language" : "x-unspecified",  "documentTitle" : "19.%20snes-02855%20Several%20brands%20of%20baby%20wipes%20available%20in%20the%20U.S.%20.txt",  "documentId" : "admin",  "documentUri" : "file:/C:/Users/huiyi/.webanno/repository/project/4/document/186/source/admin",  "collectionId" : "file:/C:/Users/huiyi/.webanno/repository/project/4/document/186/source/",  "documentBaseUri" : "file:/C:/Users/huiyi/.webanno/repository/project/4/document/186/source/",  "isLastSegment" : false } ], 
      "TagsetDescription" : [
        {"sofa" : 12,  "layer" : "de.tudarmstadt.ukp.dkpro.core.api.syntax.type.dependency.Dependency",  "name" : "UD Universal Dependencies (v2)",  "input" : false }, 
        {"sofa" : 12,  "layer" : "de.tudarmstadt.ukp.dkpro.core.api.ner.type.NamedEntity",  "name" : "Named Entity tags",  "input" : false }, 
        {"sofa" : 12,  "layer" : "de.tudarmstadt.ukp.dkpro.core.api.transform.type.SofaChangeAnnotation",  "name" : "Operation",  "input" : false }, 
        {"sofa" : 12,  "layer" : "de.tudarmstadt.ukp.dkpro.core.api.lexmorph.type.pos.POS",  "name" : "UD Universal POS tags (v2)",  "input" : false }, 
        {"sofa" : 12,  "layer" : "webanno.custom.Persuasive_Labels",  "name" : "2. Using Anecdotes and Personal Experience as Evidence",  "input" : false } ], 
      "Sentence" : [
        {"sofa" : 12,  "end" : 131 }, 
        {"sofa" : 12,  "begin" : 134,  "end" : 534 }, 
        {"sofa" : 12,  "begin" : 536,  "end" : 776 }, 
        {"sofa" : 12,  "begin" : 777,  "end" : 826 }, 
        {"sofa" : 12,  "begin" : 828,  "end" : 1016 }, 
        {"sofa" : 12,  "begin" : 1018,  "end" : 1252 }, 
        {"sofa" : 12,  "begin" : 1254,  "end" : 1572 }, 
        {"sofa" : 12,  "begin" : 1574,  "end" : 1760 }, 
        {"sofa" : 12,  "begin" : 1761,  "end" : 1910 }, 
        {"sofa" : 12,  "begin" : 1912,  "end" : 2251 }, 
        {"sofa" : 12,  "begin" : 2252,  "end" : 2437 }, 
        {"sofa" : 12,  "begin" : 2439,  "end" : 2597 }, 
        {"sofa" : 12,  "begin" : 2599,  "end" : 2848 }, 
        {"sofa" : 12,  "begin" : 2850,  "end" : 3116 }, 
        {"sofa" : 12,  "begin" : 3118,  "end" : 3324 }, 
        {"sofa" : 12,  "begin" : 3326,  "end" : 3523 }, 
        {"sofa" : 12,  "begin" : 3525,  "end" : 3698 }, 
        {"sofa" : 12,  "begin" : 3699,  "end" : 3872 }, 
        {"sofa" : 12,  "begin" : 3874,  "end" : 4087 }, 
        {"sofa" : 12,  "begin" : 4089,  "end" : 4289 }, 
        {"sofa" : 12,  "begin" : 4291,  "end" : 4415 }, 
        {"sofa" : 12,  "begin" : 4417,  "end" : 4452 } ], 
      "Token" : [
        {"sofa" : 12,  "end" : 5 }, 
        {"sofa" : 12,  "begin" : 5,  "end" : 6 }, 
        {"sofa" : 12,  "begin" : 6,  "end" : 11 }, 
        {"sofa" : 12,  "begin" : 12,  "end" : 19 }, 
        {"sofa" : 12,  "begin" : 20,  "end" : 26 }, 
        {"sofa" : 12,  "begin" : 27,  "end" : 29 }, 
        {"sofa" : 12,  "begin" : 30,  "end" : 34 }, 
        {"sofa" : 12,  "begin" : 35,  "end" : 40 }, 
        {"sofa" : 12,  "begin" : 41,  "end" : 50 }, 
        {"sofa" : 12,  "begin" : 51,  "end" : 53 }, 
        {"sofa" : 12,  "begin" : 54,  "end" : 57 }, 
        {"sofa" : 12,  "begin" : 58,  "end" : 61 }, 
        {"sofa" : 12,  "begin" : 61,  "end" : 62 }, 
        {"sofa" : 12,  "begin" : 63,  "end" : 67 }, 
        {"sofa" : 12,  "begin" : 68,  "end" : 76 }, 
        {"sofa" : 12,  "begin" : 77,  "end" : 79 }, 
        {"sofa" : 12,  "begin" : 80,  "end" : 84 }, 
        {"sofa" : 12,  "begin" : 85,  "end" : 92 }, 
        {"sofa" : 12,  "begin" : 93,  "end" : 97 }, 
        {"sofa" : 12,  "begin" : 98,  "end" : 102 }, 
        {"sofa" : 12,  "begin" : 103,  "end" : 104 }, 
        {"sofa" : 12,  "begin" : 105,  "end" : 109 }, 
        {"sofa" : 12,  "begin" : 110,  "end" : 112 }, 
        {"sofa" : 12,  "begin" : 113,  "end" : 120 }, 
        {"sofa" : 12,  "begin" : 121,  "end" : 130 }, 
        {"sofa" : 12,  "begin" : 130,  "end" : 131 }, 
        {"sofa" : 12,  "begin" : 134,  "end" : 142 }, 
        {"sofa" : 12,  "begin" : 143,  "end" : 149 }, 
        {"sofa" : 12,  "begin" : 149,  "end" : 150 }, 
        {"sofa" : 12,  "begin" : 151,  "end" : 156 }, 
        {"sofa" : 12,  "begin" : 156,  "end" : 157 }, 
        {"sofa" : 12,  "begin" : 157,  "end" : 158 }, 
        {"sofa" : 12,  "begin" : 158,  "end" : 159 }, 
        {"sofa" : 12,  "begin" : 159,  "end" : 169 }, 
        {"sofa" : 12,  "begin" : 169,  "end" : 170 }, 
        {"sofa" : 12,  "begin" : 170,  "end" : 175 }, 
        {"sofa" : 12,  "begin" : 178,  "end" : 182 }, 
        {"sofa" : 12,  "begin" : 183,  "end" : 191 }, 
        {"sofa" : 12,  "begin" : 191,  "end" : 192 }, 
        {"sofa" : 12,  "begin" : 193,  "end" : 198 }, 
        {"sofa" : 12,  "begin" : 198,  "end" : 199 }, 
        {"sofa" : 12,  "begin" : 199,  "end" : 200 }, 
        {"sofa" : 12,  "begin" : 200,  "end" : 201 }, 
        {"sofa" : 12,  "begin" : 201,  "end" : 215 }, 
        {"sofa" : 12,  "begin" : 215,  "end" : 216 }, 
        {"sofa" : 12,  "begin" : 216,  "end" : 226 }, 
        {"sofa" : 12,  "begin" : 226,  "end" : 227 }, 
        {"sofa" : 12,  "begin" : 227,  "end" : 244 }, 
        {"sofa" : 12,  "begin" : 244,  "end" : 245 }, 
        {"sofa" : 12,  "begin" : 248,  "end" : 254 }, 
        {"sofa" : 12,  "begin" : 255,  "end" : 262 }, 
        {"sofa" : 12,  "begin" : 262,  "end" : 263 }, 
        {"sofa" : 12,  "begin" : 266,  "end" : 268 }, 
        {"sofa" : 12,  "begin" : 269,  "end" : 275 }, 
        {"sofa" : 12,  "begin" : 276,  "end" : 278 }, 
        {"sofa" : 12,  "begin" : 279,  "end" : 283 }, 
        {"sofa" : 12,  "begin" : 284,  "end" : 289 }, 
        {"sofa" : 12,  "begin" : 290,  "end" : 298 }, 
        {"sofa" : 12,  "begin" : 299,  "end" : 302 }, 
        {"sofa" : 12,  "begin" : 303,  "end" : 305 }, 
        {"sofa" : 12,  "begin" : 306,  "end" : 323 }, 
        {"sofa" : 12,  "begin" : 324,  "end" : 332 }, 
        {"sofa" : 12,  "begin" : 333,  "end" : 346 }, 
        {"sofa" : 12,  "begin" : 348,  "end" : 349 }, 
        {"sofa" : 12,  "begin" : 349,  "end" : 360 }, 
        {"sofa" : 12,  "begin" : 360,  "end" : 361 }, 
        {"sofa" : 12,  "begin" : 362,  "end" : 365 }, 
        {"sofa" : 12,  "begin" : 366,  "end" : 372 }, 
        {"sofa" : 12,  "begin" : 373,  "end" : 375 }, 
        {"sofa" : 12,  "begin" : 376,  "end" : 380 }, 
        {"sofa" : 12,  "begin" : 381,  "end" : 386 }, 
        {"sofa" : 12,  "begin" : 387,  "end" : 395 }, 
        {"sofa" : 12,  "begin" : 396,  "end" : 398 }, 
        {"sofa" : 12,  "begin" : 399,  "end" : 402 }, 
        {"sofa" : 12,  "begin" : 403,  "end" : 421 }, 
        {"sofa" : 12,  "begin" : 422,  "end" : 427 }, 
        {"sofa" : 12,  "begin" : 428,  "end" : 439 }, 
        {"sofa" : 12,  "begin" : 439,  "end" : 440 }, 
        {"sofa" : 12,  "begin" : 441,  "end" : 444 }, 
        {"sofa" : 12,  "begin" : 444,  "end" : 445 }, 
        {"sofa" : 12,  "begin" : 445,  "end" : 446 }, 
        {"sofa" : 12,  "begin" : 447,  "end" : 451 }, 
        {"sofa" : 12,  "begin" : 452,  "end" : 460 }, 
        {"sofa" : 12,  "begin" : 461,  "end" : 463 }, 
        {"sofa" : 12,  "begin" : 464,  "end" : 471 }, 
        {"sofa" : 12,  "begin" : 472,  "end" : 474 }, 
        {"sofa" : 12,  "begin" : 474,  "end" : 475 }, 
        {"sofa" : 12,  "begin" : 476,  "end" : 480 }, 
        {"sofa" : 12,  "begin" : 480,  "end" : 481 }, 
        {"sofa" : 12,  "begin" : 482,  "end" : 491 }, 
        {"sofa" : 12,  "begin" : 492,  "end" : 502 }, 
        {"sofa" : 12,  "begin" : 503,  "end" : 505 }, 
        {"sofa" : 12,  "begin" : 506,  "end" : 510 }, 
        {"sofa" : 12,  "begin" : 511,  "end" : 515 }, 
        {"sofa" : 12,  "begin" : 516,  "end" : 519 }, 
        {"sofa" : 12,  "begin" : 520,  "end" : 533 }, 
        {"sofa" : 12,  "begin" : 533,  "end" : 534 }, 
        {"sofa" : 12,  "begin" : 536,  "end" : 540 }, 
        {"sofa" : 12,  "begin" : 541,  "end" : 548 }, 
        {"sofa" : 12,  "begin" : 549,  "end" : 556 }, 
        {"sofa" : 12,  "begin" : 556,  "end" : 557 }, 
        {"sofa" : 12,  "begin" : 558,  "end" : 561 }, 
        {"sofa" : 12,  "begin" : 562,  "end" : 566 }, 
        {"sofa" : 12,  "begin" : 567,  "end" : 571 }, 
        {"sofa" : 12,  "begin" : 572,  "end" : 575 }, 
        {"sofa" : 12,  "begin" : 576,  "end" : 581 }, 
        {"sofa" : 12,  "begin" : 582,  "end" : 591 }, 
        {"sofa" : 12,  "begin" : 592,  "end" : 604 }, 
        {"sofa" : 12,  "begin" : 605,  "end" : 615 }, 
        {"sofa" : 12,  "begin" : 616,  "end" : 620 }, 
        {"sofa" : 12,  "begin" : 621,  "end" : 625 }, 
        {"sofa" : 12,  "begin" : 626,  "end" : 628 }, 
        {"sofa" : 12,  "begin" : 629,  "end" : 634 }, 
        {"sofa" : 12,  "begin" : 635,  "end" : 643 }, 
        {"sofa" : 12,  "begin" : 644,  "end" : 653 }, 
        {"sofa" : 12,  "begin" : 654,  "end" : 666 }, 
        {"sofa" : 12,  "begin" : 667,  "end" : 674 }, 
        {"sofa" : 12,  "begin" : 674,  "end" : 675 }, 
        {"sofa" : 12,  "begin" : 676,  "end" : 677 }, 
        {"sofa" : 12,  "begin" : 678,  "end" : 685 }, 
        {"sofa" : 12,  "begin" : 686,  "end" : 688 }, 
        {"sofa" : 12,  "begin" : 689,  "end" : 709 }, 
        {"sofa" : 12,  "begin" : 710,  "end" : 718 }, 
        {"sofa" : 12,  "begin" : 719,  "end" : 729 }, 
        {"sofa" : 12,  "begin" : 730,  "end" : 735 }, 
        {"sofa" : 12,  "begin" : 736,  "end" : 738 }, 
        {"sofa" : 12,  "begin" : 739,  "end" : 743 }, 
        {"sofa" : 12,  "begin" : 744,  "end" : 747 }, 
        {"sofa" : 12,  "begin" : 748,  "end" : 753 }, 
        {"sofa" : 12,  "begin" : 753,  "end" : 754 }, 
        {"sofa" : 12,  "begin" : 755,  "end" : 764 }, 
        {"sofa" : 12,  "begin" : 765,  "end" : 767 }, 
        {"sofa" : 12,  "begin" : 768,  "end" : 771 }, 
        {"sofa" : 12,  "begin" : 772,  "end" : 775 }, 
        {"sofa" : 12,  "begin" : 775,  "end" : 776 }, 
        {"sofa" : 12,  "begin" : 777,  "end" : 784 }, 
        {"sofa" : 12,  "begin" : 785,  "end" : 788 }, 
        {"sofa" : 12,  "begin" : 789,  "end" : 796 }, 
        {"sofa" : 12,  "begin" : 797,  "end" : 804 }, 
        {"sofa" : 12,  "begin" : 805,  "end" : 808 }, 
        {"sofa" : 12,  "begin" : 809,  "end" : 819 }, 
        {"sofa" : 12,  "begin" : 820,  "end" : 821 }, 
        {"sofa" : 12,  "begin" : 821,  "end" : 824 }, 
        {"sofa" : 12,  "begin" : 824,  "end" : 825 }, 
        {"sofa" : 12,  "begin" : 825,  "end" : 826 }, 
        {"sofa" : 12,  "begin" : 828,  "end" : 833 }, 
        {"sofa" : 12,  "begin" : 834,  "end" : 837 }, 
        {"sofa" : 12,  "begin" : 838,  "end" : 841 }, 
        {"sofa" : 12,  "begin" : 842,  "end" : 854 }, 
        {"sofa" : 12,  "begin" : 855,  "end" : 859 }, 
        {"sofa" : 12,  "begin" : 859,  "end" : 860 }, 
        {"sofa" : 12,  "begin" : 861,  "end" : 862 }, 
        {"sofa" : 12,  "begin" : 862,  "end" : 863 }, 
        {"sofa" : 12,  "begin" : 864,  "end" : 871 }, 
        {"sofa" : 12,  "begin" : 872,  "end" : 875 }, 
        {"sofa" : 12,  "begin" : 876,  "end" : 883 }, 
        {"sofa" : 12,  "begin" : 884,  "end" : 886 }, 
        {"sofa" : 12,  "begin" : 887,  "end" : 888 }, 
        {"sofa" : 12,  "begin" : 889,  "end" : 894 }, 
        {"sofa" : 12,  "begin" : 895,  "end" : 906 }, 
        {"sofa" : 12,  "begin" : 907,  "end" : 915 }, 
        {"sofa" : 12,  "begin" : 916,  "end" : 918 }, 
        {"sofa" : 12,  "begin" : 919,  "end" : 925 }, 
        {"sofa" : 12,  "begin" : 926,  "end" : 930 }, 
        {"sofa" : 12,  "begin" : 931,  "end" : 939 }, 
        {"sofa" : 12,  "begin" : 940,  "end" : 946 }, 
        {"sofa" : 12,  "begin" : 947,  "end" : 954 }, 
        {"sofa" : 12,  "begin" : 955,  "end" : 957 }, 
        {"sofa" : 12,  "begin" : 958,  "end" : 965 }, 
        {"sofa" : 12,  "begin" : 966,  "end" : 970 }, 
        {"sofa" : 12,  "begin" : 971,  "end" : 978 }, 
        {"sofa" : 12,  "begin" : 978,  "end" : 979 }, 
        {"sofa" : 12,  "begin" : 980,  "end" : 990 }, 
        {"sofa" : 12,  "begin" : 991,  "end" : 997 }, 
        {"sofa" : 12,  "begin" : 998,  "end" : 1006 }, 
        {"sofa" : 12,  "begin" : 1007,  "end" : 1015 }, 
        {"sofa" : 12,  "begin" : 1015,  "end" : 1016 }, 
        {"sofa" : 12,  "begin" : 1018,  "end" : 1027 }, 
        {"sofa" : 12,  "begin" : 1028,  "end" : 1038 }, 
        {"sofa" : 12,  "begin" : 1039,  "end" : 1048 }, 
        {"sofa" : 12,  "begin" : 1049,  "end" : 1054 }, 
        {"sofa" : 12,  "begin" : 1055,  "end" : 1063 }, 
        {"sofa" : 12,  "begin" : 1064,  "end" : 1067 }, 
        {"sofa" : 12,  "begin" : 1068,  "end" : 1075 }, 
        {"sofa" : 12,  "begin" : 1076,  "end" : 1078 }, 
        {"sofa" : 12,  "begin" : 1079,  "end" : 1086 }, 
        {"sofa" : 12,  "begin" : 1087,  "end" : 1098 }, 
        {"sofa" : 12,  "begin" : 1099,  "end" : 1106 }, 
        {"sofa" : 12,  "begin" : 1107,  "end" : 1109 }, 
        {"sofa" : 12,  "begin" : 1110,  "end" : 1114 }, 
        {"sofa" : 12,  "begin" : 1115,  "end" : 1124 }, 
        {"sofa" : 12,  "begin" : 1125,  "end" : 1128 }, 
        {"sofa" : 12,  "begin" : 1129,  "end" : 1132 }, 
        {"sofa" : 12,  "begin" : 1133,  "end" : 1139 }, 
        {"sofa" : 12,  "begin" : 1140,  "end" : 1141 }, 
        {"sofa" : 12,  "begin" : 1141,  "end" : 1148 }, 
        {"sofa" : 12,  "begin" : 1149,  "end" : 1157 }, 
        {"sofa" : 12,  "begin" : 1157,  "end" : 1158 }, 
        {"sofa" : 12,  "begin" : 1158,  "end" : 1159 }, 
        {"sofa" : 12,  "begin" : 1160,  "end" : 1161 }, 
        {"sofa" : 12,  "begin" : 1162,  "end" : 1173 }, 
        {"sofa" : 12,  "begin" : 1174,  "end" : 1178 }, 
        {"sofa" : 12,  "begin" : 1179,  "end" : 1181 }, 
        {"sofa" : 12,  "begin" : 1182,  "end" : 1191 }, 
        {"sofa" : 12,  "begin" : 1192,  "end" : 1196 }, 
        {"sofa" : 12,  "begin" : 1197,  "end" : 1200 }, 
        {"sofa" : 12,  "begin" : 1201,  "end" : 1203 }, 
        {"sofa" : 12,  "begin" : 1204,  "end" : 1209 }, 
        {"sofa" : 12,  "begin" : 1210,  "end" : 1213 }, 
        {"sofa" : 12,  "begin" : 1214,  "end" : 1225 }, 
        {"sofa" : 12,  "begin" : 1225,  "end" : 1226 }, 
        {"sofa" : 12,  "begin" : 1227,  "end" : 1236 }, 
        {"sofa" : 12,  "begin" : 1237,  "end" : 1239 }, 
        {"sofa" : 12,  "begin" : 1240,  "end" : 1251 }, 
        {"sofa" : 12,  "begin" : 1251,  "end" : 1252 }, 
        {"sofa" : 12,  "begin" : 1254,  "end" : 1263 }, 
        {"sofa" : 12,  "begin" : 1264,  "end" : 1272 }, 
        {"sofa" : 12,  "begin" : 1273,  "end" : 1278 }, 
        {"sofa" : 12,  "begin" : 1279,  "end" : 1281 }, 
        {"sofa" : 12,  "begin" : 1282,  "end" : 1286 }, 
        {"sofa" : 12,  "begin" : 1287,  "end" : 1292 }, 
        {"sofa" : 12,  "begin" : 1293,  "end" : 1300 }, 
        {"sofa" : 12,  "begin" : 1301,  "end" : 1305 }, 
        {"sofa" : 12,  "begin" : 1306,  "end" : 1312 }, 
        {"sofa" : 12,  "begin" : 1314,  "end" : 1315 }, 
        {"sofa" : 12,  "begin" : 1315,  "end" : 1320 }, 
        {"sofa" : 12,  "begin" : 1321,  "end" : 1330 }, 
        {"sofa" : 12,  "begin" : 1331,  "end" : 1332 }, 
        {"sofa" : 12,  "begin" : 1333,  "end" : 1338 }, 
        {"sofa" : 12,  "begin" : 1339,  "end" : 1345 }, 
        {"sofa" : 12,  "begin" : 1346,  "end" : 1348 }, 
        {"sofa" : 12,  "begin" : 1349,  "end" : 1359 }, 
        {"sofa" : 12,  "begin" : 1360,  "end" : 1362 }, 
        {"sofa" : 12,  "begin" : 1363,  "end" : 1367 }, 
        {"sofa" : 12,  "begin" : 1368,  "end" : 1371 }, 
        {"sofa" : 12,  "begin" : 1372,  "end" : 1385 }, 
        {"sofa" : 12,  "begin" : 1385,  "end" : 1386 }, 
        {"sofa" : 12,  "begin" : 1387,  "end" : 1392 }, 
        {"sofa" : 12,  "begin" : 1393,  "end" : 1402 }, 
        {"sofa" : 12,  "begin" : 1403,  "end" : 1412 }, 
        {"sofa" : 12,  "begin" : 1413,  "end" : 1420 }, 
        {"sofa" : 12,  "begin" : 1421,  "end" : 1425 }, 
        {"sofa" : 12,  "begin" : 1426,  "end" : 1432 }, 
        {"sofa" : 12,  "begin" : 1433,  "end" : 1436 }, 
        {"sofa" : 12,  "begin" : 1437,  "end" : 1445 }, 
        {"sofa" : 12,  "begin" : 1446,  "end" : 1448 }, 
        {"sofa" : 12,  "begin" : 1449,  "end" : 1450 }, 
        {"sofa" : 12,  "begin" : 1451,  "end" : 1459 }, 
        {"sofa" : 12,  "begin" : 1459,  "end" : 1460 }, 
        {"sofa" : 12,  "begin" : 1461,  "end" : 1467 }, 
        {"sofa" : 12,  "begin" : 1468,  "end" : 1480 }, 
        {"sofa" : 12,  "begin" : 1481,  "end" : 1488 }, 
        {"sofa" : 12,  "begin" : 1489,  "end" : 1490 }, 
        {"sofa" : 12,  "begin" : 1490,  "end" : 1491 }, 
        {"sofa" : 12,  "begin" : 1491,  "end" : 1492 }, 
        {"sofa" : 12,  "begin" : 1493,  "end" : 1500 }, 
        {"sofa" : 12,  "begin" : 1500,  "end" : 1501 }, 
        {"sofa" : 12,  "begin" : 1501,  "end" : 1502 }, 
        {"sofa" : 12,  "begin" : 1503,  "end" : 1505 }, 
        {"sofa" : 12,  "begin" : 1506,  "end" : 1510 }, 
        {"sofa" : 12,  "begin" : 1511,  "end" : 1513 }, 
        {"sofa" : 12,  "begin" : 1514,  "end" : 1519 }, 
        {"sofa" : 12,  "begin" : 1520,  "end" : 1528 }, 
        {"sofa" : 12,  "begin" : 1528,  "end" : 1529 }, 
        {"sofa" : 12,  "begin" : 1529,  "end" : 1530 }, 
        {"sofa" : 12,  "begin" : 1531,  "end" : 1540 }, 
        {"sofa" : 12,  "begin" : 1541,  "end" : 1543 }, 
        {"sofa" : 12,  "begin" : 1544,  "end" : 1547 }, 
        {"sofa" : 12,  "begin" : 1548,  "end" : 1557 }, 
        {"sofa" : 12,  "begin" : 1558,  "end" : 1563 }, 
        {"sofa" : 12,  "begin" : 1564,  "end" : 1571 }, 
        {"sofa" : 12,  "begin" : 1571,  "end" : 1572 }, 
        {"sofa" : 12,  "begin" : 1574,  "end" : 1575 }, 
        {"sofa" : 12,  "begin" : 1575,  "end" : 1579 }, 
        {"sofa" : 12,  "begin" : 1580,  "end" : 1585 }, 
        {"sofa" : 12,  "begin" : 1585,  "end" : 1586 }, 
        {"sofa" : 12,  "begin" : 1587,  "end" : 1589 }, 
        {"sofa" : 12,  "begin" : 1590,  "end" : 1597 }, 
        {"sofa" : 12,  "begin" : 1598,  "end" : 1599 }, 
        {"sofa" : 12,  "begin" : 1599,  "end" : 1600 }, 
        {"sofa" : 12,  "begin" : 1601,  "end" : 1605 }, 
        {"sofa" : 12,  "begin" : 1606,  "end" : 1609 }, 
        {"sofa" : 12,  "begin" : 1610,  "end" : 1617 }, 
        {"sofa" : 12,  "begin" : 1618,  "end" : 1627 }, 
        {"sofa" : 12,  "begin" : 1628,  "end" : 1629 }, 
        {"sofa" : 12,  "begin" : 1630,  "end" : 1639 }, 
        {"sofa" : 12,  "begin" : 1640,  "end" : 1650 }, 
        {"sofa" : 12,  "begin" : 1651,  "end" : 1653 }, 
        {"sofa" : 12,  "begin" : 1654,  "end" : 1658 }, 
        {"sofa" : 12,  "begin" : 1659,  "end" : 1663 }, 
        {"sofa" : 12,  "begin" : 1664,  "end" : 1667 }, 
        {"sofa" : 12,  "begin" : 1668,  "end" : 1674 }, 
        {"sofa" : 12,  "begin" : 1675,  "end" : 1683 }, 
        {"sofa" : 12,  "begin" : 1684,  "end" : 1687 }, 
        {"sofa" : 12,  "begin" : 1688,  "end" : 1691 }, 
        {"sofa" : 12,  "begin" : 1692,  "end" : 1700 }, 
        {"sofa" : 12,  "begin" : 1700,  "end" : 1701 }, 
        {"sofa" : 12,  "begin" : 1702,  "end" : 1704 }, 
        {"sofa" : 12,  "begin" : 1705,  "end" : 1709 }, 
        {"sofa" : 12,  "begin" : 1710,  "end" : 1712 }, 
        {"sofa" : 12,  "begin" : 1713,  "end" : 1718 }, 
        {"sofa" : 12,  "begin" : 1719,  "end" : 1723 }, 
        {"sofa" : 12,  "begin" : 1724,  "end" : 1729 }, 
        {"sofa" : 12,  "begin" : 1730,  "end" : 1732 }, 
        {"sofa" : 12,  "begin" : 1733,  "end" : 1736 }, 
        {"sofa" : 12,  "begin" : 1737,  "end" : 1748 }, 
        {"sofa" : 12,  "begin" : 1749,  "end" : 1753 }, 
        {"sofa" : 12,  "begin" : 1754,  "end" : 1759 }, 
        {"sofa" : 12,  "begin" : 1759,  "end" : 1760 }, 
        {"sofa" : 12,  "begin" : 1761,  "end" : 1766 }, 
        {"sofa" : 12,  "begin" : 1767,  "end" : 1771 }, 
        {"sofa" : 12,  "begin" : 1772,  "end" : 1782 }, 
        {"sofa" : 12,  "begin" : 1783,  "end" : 1787 }, 
        {"sofa" : 12,  "begin" : 1788,  "end" : 1792 }, 
        {"sofa" : 12,  "begin" : 1793,  "end" : 1799 }, 
        {"sofa" : 12,  "begin" : 1799,  "end" : 1800 }, 
        {"sofa" : 12,  "begin" : 1801,  "end" : 1803 }, 
        {"sofa" : 12,  "begin" : 1804,  "end" : 1805 }, 
        {"sofa" : 12,  "begin" : 1806,  "end" : 1819 }, 
        {"sofa" : 12,  "begin" : 1820,  "end" : 1827 }, 
        {"sofa" : 12,  "begin" : 1827,  "end" : 1828 }, 
        {"sofa" : 12,  "begin" : 1829,  "end" : 1834 }, 
        {"sofa" : 12,  "begin" : 1835,  "end" : 1843 }, 
        {"sofa" : 12,  "begin" : 1844,  "end" : 1846 }, 
        {"sofa" : 12,  "begin" : 1847,  "end" : 1850 }, 
        {"sofa" : 12,  "begin" : 1851,  "end" : 1852 }, 
        {"sofa" : 12,  "begin" : 1853,  "end" : 1860 }, 
        {"sofa" : 12,  "begin" : 1861,  "end" : 1869 }, 
        {"sofa" : 12,  "begin" : 1870,  "end" : 1872 }, 
        {"sofa" : 12,  "begin" : 1873,  "end" : 1881 }, 
        {"sofa" : 12,  "begin" : 1882,  "end" : 1885 }, 
        {"sofa" : 12,  "begin" : 1886,  "end" : 1889 }, 
        {"sofa" : 12,  "begin" : 1890,  "end" : 1894 }, 
        {"sofa" : 12,  "begin" : 1895,  "end" : 1899 }, 
        {"sofa" : 12,  "begin" : 1900,  "end" : 1908 }, 
        {"sofa" : 12,  "begin" : 1908,  "end" : 1909 }, 
        {"sofa" : 12,  "begin" : 1909,  "end" : 1910 }, 
        {"sofa" : 12,  "begin" : 1912,  "end" : 1915 }, 
        {"sofa" : 12,  "begin" : 1916,  "end" : 1925 }, 
        {"sofa" : 12,  "begin" : 1926,  "end" : 1932 }, 
        {"sofa" : 12,  "begin" : 1933,  "end" : 1936 }, 
        {"sofa" : 12,  "begin" : 1937,  "end" : 1945 }, 
        {"sofa" : 12,  "begin" : 1946,  "end" : 1948 }, 
        {"sofa" : 12,  "begin" : 1949,  "end" : 1952 }, 
        {"sofa" : 12,  "begin" : 1953,  "end" : 1963 }, 
        {"sofa" : 12,  "begin" : 1964,  "end" : 1970 }, 
        {"sofa" : 12,  "begin" : 1970,  "end" : 1971 }, 
        {"sofa" : 12,  "begin" : 1973,  "end" : 1974 }, 
        {"sofa" : 12,  "begin" : 1975,  "end" : 1981 }, 
        {"sofa" : 12,  "begin" : 1983,  "end" : 1984 }, 
        {"sofa" : 12,  "begin" : 1985,  "end" : 1996 }, 
        {"sofa" : 12,  "begin" : 1998,  "end" : 1999 }, 
        {"sofa" : 12,  "begin" : 2000,  "end" : 2006 }, 
        {"sofa" : 12,  "begin" : 2008,  "end" : 2009 }, 
        {"sofa" : 12,  "begin" : 2010,  "end" : 2016 }, 
        {"sofa" : 12,  "begin" : 2018,  "end" : 2019 }, 
        {"sofa" : 12,  "begin" : 2020,  "end" : 2027 }, 
        {"sofa" : 12,  "begin" : 2029,  "end" : 2030 }, 
        {"sofa" : 12,  "begin" : 2031,  "end" : 2039 }, 
        {"sofa" : 12,  "begin" : 2040,  "end" : 2044 }, 
        {"sofa" : 12,  "begin" : 2046,  "end" : 2047 }, 
        {"sofa" : 12,  "begin" : 2048,  "end" : 2054 }, 
        {"sofa" : 12,  "begin" : 2055,  "end" : 2060 }, 
        {"sofa" : 12,  "begin" : 2062,  "end" : 2063 }, 
        {"sofa" : 12,  "begin" : 2064,  "end" : 2069 }, 
        {"sofa" : 12,  "begin" : 2070,  "end" : 2076 }, 
        {"sofa" : 12,  "begin" : 2078,  "end" : 2079 }, 
        {"sofa" : 12,  "begin" : 2080,  "end" : 2086 }, 
        {"sofa" : 12,  "begin" : 2087,  "end" : 2092 }, 
        {"sofa" : 12,  "begin" : 2094,  "end" : 2095 }, 
        {"sofa" : 12,  "begin" : 2096,  "end" : 2100 }, 
        {"sofa" : 12,  "begin" : 2101,  "end" : 2111 }, 
        {"sofa" : 12,  "begin" : 2113,  "end" : 2116 }, 
        {"sofa" : 12,  "begin" : 2117,  "end" : 2121 }, 
        {"sofa" : 12,  "begin" : 2122,  "end" : 2126 }, 
        {"sofa" : 12,  "begin" : 2127,  "end" : 2133 }, 
        {"sofa" : 12,  "begin" : 2134,  "end" : 2137 }, 
        {"sofa" : 12,  "begin" : 2138,  "end" : 2142 }, 
        {"sofa" : 12,  "begin" : 2143,  "end" : 2145 }, 
        {"sofa" : 12,  "begin" : 2146,  "end" : 2147 }, 
        {"sofa" : 12,  "begin" : 2148,  "end" : 2155 }, 
        {"sofa" : 12,  "begin" : 2156,  "end" : 2158 }, 
        {"sofa" : 12,  "begin" : 2159,  "end" : 2168 }, 
        {"sofa" : 12,  "begin" : 2169,  "end" : 2178 }, 
        {"sofa" : 12,  "begin" : 2179,  "end" : 2189 }, 
        {"sofa" : 12,  "begin" : 2189,  "end" : 2190 }, 
        {"sofa" : 12,  "begin" : 2191,  "end" : 2197 }, 
        {"sofa" : 12,  "begin" : 2198,  "end" : 2204 }, 
        {"sofa" : 12,  "begin" : 2204,  "end" : 2205 }, 
        {"sofa" : 12,  "begin" : 2206,  "end" : 2211 }, 
        {"sofa" : 12,  "begin" : 2212,  "end" : 2216 }, 
        {"sofa" : 12,  "begin" : 2217,  "end" : 2220 }, 
        {"sofa" : 12,  "begin" : 2221,  "end" : 2229 }, 
        {"sofa" : 12,  "begin" : 2230,  "end" : 2238 }, 
        {"sofa" : 12,  "begin" : 2239,  "end" : 2250 }, 
        {"sofa" : 12,  "begin" : 2250,  "end" : 2251 }, 
        {"sofa" : 12,  "begin" : 2252,  "end" : 2259 }, 
        {"sofa" : 12,  "begin" : 2260,  "end" : 2267 }, 
        {"sofa" : 12,  "begin" : 2268,  "end" : 2272 }, 
        {"sofa" : 12,  "begin" : 2273,  "end" : 2277 }, 
        {"sofa" : 12,  "begin" : 2278,  "end" : 2280 }, 
        {"sofa" : 12,  "begin" : 2281,  "end" : 2284 }, 
        {"sofa" : 12,  "begin" : 2285,  "end" : 2293 }, 
        {"sofa" : 12,  "begin" : 2294,  "end" : 2305 }, 
        {"sofa" : 12,  "begin" : 2306,  "end" : 2311 }, 
        {"sofa" : 12,  "begin" : 2312,  "end" : 2314 }, 
        {"sofa" : 12,  "begin" : 2315,  "end" : 2322 }, 
        {"sofa" : 12,  "begin" : 2323,  "end" : 2325 }, 
        {"sofa" : 12,  "begin" : 2325,  "end" : 2326 }, 
        {"sofa" : 12,  "begin" : 2327,  "end" : 2331 }, 
        {"sofa" : 12,  "begin" : 2331,  "end" : 2332 }, 
        {"sofa" : 12,  "begin" : 2333,  "end" : 2342 }, 
        {"sofa" : 12,  "begin" : 2343,  "end" : 2344 }, 
        {"sofa" : 12,  "begin" : 2344,  "end" : 2345 }, 
        {"sofa" : 12,  "begin" : 2346,  "end" : 2353 }, 
        {"sofa" : 12,  "begin" : 2353,  "end" : 2354 }, 
        {"sofa" : 12,  "begin" : 2355,  "end" : 2364 }, 
        {"sofa" : 12,  "begin" : 2365,  "end" : 2368 }, 
        {"sofa" : 12,  "begin" : 2369,  "end" : 2376 }, 
        {"sofa" : 12,  "begin" : 2377,  "end" : 2379 }, 
        {"sofa" : 12,  "begin" : 2380,  "end" : 2384 }, 
        {"sofa" : 12,  "begin" : 2385,  "end" : 2393 }, 
        {"sofa" : 12,  "begin" : 2394,  "end" : 2396 }, 
        {"sofa" : 12,  "begin" : 2397,  "end" : 2400 }, 
        {"sofa" : 12,  "begin" : 2401,  "end" : 2405 }, 
        {"sofa" : 12,  "begin" : 2406,  "end" : 2411 }, 
        {"sofa" : 12,  "begin" : 2412,  "end" : 2420 }, 
        {"sofa" : 12,  "begin" : 2421,  "end" : 2423 }, 
        {"sofa" : 12,  "begin" : 2424,  "end" : 2427 }, 
        {"sofa" : 12,  "begin" : 2428,  "end" : 2436 }, 
        {"sofa" : 12,  "begin" : 2436,  "end" : 2437 }, 
        {"sofa" : 12,  "begin" : 2439,  "end" : 2445 }, 
        {"sofa" : 12,  "begin" : 2446,  "end" : 2453 }, 
        {"sofa" : 12,  "begin" : 2454,  "end" : 2455 }, 
        {"sofa" : 12,  "begin" : 2455,  "end" : 2456 }, 
        {"sofa" : 12,  "begin" : 2457,  "end" : 2462 }, 
        {"sofa" : 12,  "begin" : 2463,  "end" : 2474 }, 
        {"sofa" : 12,  "begin" : 2475,  "end" : 2479 }, 
        {"sofa" : 12,  "begin" : 2480,  "end" : 2484 }, 
        {"sofa" : 12,  "begin" : 2485,  "end" : 2489 }, 
        {"sofa" : 12,  "begin" : 2490,  "end" : 2498 }, 
        {"sofa" : 12,  "begin" : 2499,  "end" : 2502 }, 
        {"sofa" : 12,  "begin" : 2503,  "end" : 2509 }, 
        {"sofa" : 12,  "begin" : 2510,  "end" : 2512 }, 
        {"sofa" : 12,  "begin" : 2513,  "end" : 2523 }, 
        {"sofa" : 12,  "begin" : 2523,  "end" : 2524 }, 
        {"sofa" : 12,  "begin" : 2525,  "end" : 2532 }, 
        {"sofa" : 12,  "begin" : 2532,  "end" : 2533 }, 
        {"sofa" : 12,  "begin" : 2534,  "end" : 2538 }, 
        {"sofa" : 12,  "begin" : 2539,  "end" : 2543 }, 
        {"sofa" : 12,  "begin" : 2544,  "end" : 2554 }, 
        {"sofa" : 12,  "begin" : 2555,  "end" : 2562 }, 
        {"sofa" : 12,  "begin" : 2563,  "end" : 2572 }, 
        {"sofa" : 12,  "begin" : 2573,  "end" : 2576 }, 
        {"sofa" : 12,  "begin" : 2577,  "end" : 2583 }, 
        {"sofa" : 12,  "begin" : 2584,  "end" : 2596 }, 
        {"sofa" : 12,  "begin" : 2596,  "end" : 2597 }, 
        {"sofa" : 12,  "begin" : 2599,  "end" : 2608 }, 
        {"sofa" : 12,  "begin" : 2609,  "end" : 2617 }, 
        {"sofa" : 12,  "begin" : 2618,  "end" : 2622 }, 
        {"sofa" : 12,  "begin" : 2623,  "end" : 2630 }, 
        {"sofa" : 12,  "begin" : 2631,  "end" : 2640 }, 
        {"sofa" : 12,  "begin" : 2641,  "end" : 2645 }, 
        {"sofa" : 12,  "begin" : 2645,  "end" : 2646 }, 
        {"sofa" : 12,  "begin" : 2647,  "end" : 2657 }, 
        {"sofa" : 12,  "begin" : 2657,  "end" : 2658 }, 
        {"sofa" : 12,  "begin" : 2659,  "end" : 2669 }, 
        {"sofa" : 12,  "begin" : 2669,  "end" : 2670 }, 
        {"sofa" : 12,  "begin" : 2671,  "end" : 2676 }, 
        {"sofa" : 12,  "begin" : 2676,  "end" : 2677 }, 
        {"sofa" : 12,  "begin" : 2678,  "end" : 2694 }, 
        {"sofa" : 12,  "begin" : 2695,  "end" : 2701 }, 
        {"sofa" : 12,  "begin" : 2702,  "end" : 2705 }, 
        {"sofa" : 12,  "begin" : 2706,  "end" : 2717 }, 
        {"sofa" : 12,  "begin" : 2718,  "end" : 2724 }, 
        {"sofa" : 12,  "begin" : 2724,  "end" : 2725 }, 
        {"sofa" : 12,  "begin" : 2726,  "end" : 2733 }, 
        {"sofa" : 12,  "begin" : 2733,  "end" : 2734 }, 
        {"sofa" : 12,  "begin" : 2735,  "end" : 2740 }, 
        {"sofa" : 12,  "begin" : 2741,  "end" : 2748 }, 
        {"sofa" : 12,  "begin" : 2749,  "end" : 2750 }, 
        {"sofa" : 12,  "begin" : 2750,  "end" : 2754 }, 
        {"sofa" : 12,  "begin" : 2755,  "end" : 2758 }, 
        {"sofa" : 12,  "begin" : 2759,  "end" : 2763 }, 
        {"sofa" : 12,  "begin" : 2764,  "end" : 2773 }, 
        {"sofa" : 12,  "begin" : 2774,  "end" : 2776 }, 
        {"sofa" : 12,  "begin" : 2777,  "end" : 2779 }, 
        {"sofa" : 12,  "begin" : 2780,  "end" : 2787 }, 
        {"sofa" : 12,  "begin" : 2788,  "end" : 2790 }, 
        {"sofa" : 12,  "begin" : 2791,  "end" : 2794 }, 
        {"sofa" : 12,  "begin" : 2795,  "end" : 2798 }, 
        {"sofa" : 12,  "begin" : 2799,  "end" : 2801 }, 
        {"sofa" : 12,  "begin" : 2802,  "end" : 2807 }, 
        {"sofa" : 12,  "begin" : 2808,  "end" : 2816 }, 
        {"sofa" : 12,  "begin" : 2816,  "end" : 2817 }, 
        {"sofa" : 12,  "begin" : 2817,  "end" : 2818 }, 
        {"sofa" : 12,  "begin" : 2819,  "end" : 2828 }, 
        {"sofa" : 12,  "begin" : 2829,  "end" : 2831 }, 
        {"sofa" : 12,  "begin" : 2832,  "end" : 2837 }, 
        {"sofa" : 12,  "begin" : 2838,  "end" : 2847 }, 
        {"sofa" : 12,  "begin" : 2847,  "end" : 2848 }, 
        {"sofa" : 12,  "begin" : 2850,  "end" : 2853 }, 
        {"sofa" : 12,  "begin" : 2854,  "end" : 2857 }, 
        {"sofa" : 12,  "begin" : 2858,  "end" : 2862 }, 
        {"sofa" : 12,  "begin" : 2863,  "end" : 2866 }, 
        {"sofa" : 12,  "begin" : 2867,  "end" : 2871 }, 
        {"sofa" : 12,  "begin" : 2872,  "end" : 2886 }, 
        {"sofa" : 12,  "begin" : 2887,  "end" : 2888 }, 
        {"sofa" : 12,  "begin" : 2888,  "end" : 2891 }, 
        {"sofa" : 12,  "begin" : 2891,  "end" : 2892 }, 
        {"sofa" : 12,  "begin" : 2893,  "end" : 2897 }, 
        {"sofa" : 12,  "begin" : 2898,  "end" : 2901 }, 
        {"sofa" : 12,  "begin" : 2902,  "end" : 2909 }, 
        {"sofa" : 12,  "begin" : 2910,  "end" : 2912 }, 
        {"sofa" : 12,  "begin" : 2913,  "end" : 2918 }, 
        {"sofa" : 12,  "begin" : 2919,  "end" : 2925 }, 
        {"sofa" : 12,  "begin" : 2926,  "end" : 2928 }, 
        {"sofa" : 12,  "begin" : 2929,  "end" : 2938 }, 
        {"sofa" : 12,  "begin" : 2939,  "end" : 2942 }, 
        {"sofa" : 12,  "begin" : 2943,  "end" : 2948 }, 
        {"sofa" : 12,  "begin" : 2949,  "end" : 2951 }, 
        {"sofa" : 12,  "begin" : 2952,  "end" : 2955 }, 
        {"sofa" : 12,  "begin" : 2956,  "end" : 2963 }, 
        {"sofa" : 12,  "begin" : 2964,  "end" : 2967 }, 
        {"sofa" : 12,  "begin" : 2968,  "end" : 2970 }, 
        {"sofa" : 12,  "begin" : 2971,  "end" : 2981 }, 
        {"sofa" : 12,  "begin" : 2982,  "end" : 2984 }, 
        {"sofa" : 12,  "begin" : 2985,  "end" : 2996 }, 
        {"sofa" : 12,  "begin" : 2996,  "end" : 2997 }, 
        {"sofa" : 12,  "begin" : 2998,  "end" : 3001 }, 
        {"sofa" : 12,  "begin" : 3002,  "end" : 3005 }, 
        {"sofa" : 12,  "begin" : 3006,  "end" : 3020 }, 
        {"sofa" : 12,  "begin" : 3021,  "end" : 3025 }, 
        {"sofa" : 12,  "begin" : 3026,  "end" : 3030 }, 
        {"sofa" : 12,  "begin" : 3031,  "end" : 3038 }, 
        {"sofa" : 12,  "begin" : 3039,  "end" : 3043 }, 
        {"sofa" : 12,  "begin" : 3044,  "end" : 3049 }, 
        {"sofa" : 12,  "begin" : 3050,  "end" : 3052 }, 
        {"sofa" : 12,  "begin" : 3053,  "end" : 3064 }, 
        {"sofa" : 12,  "begin" : 3065,  "end" : 3068 }, 
        {"sofa" : 12,  "begin" : 3069,  "end" : 3074 }, 
        {"sofa" : 12,  "begin" : 3075,  "end" : 3079 }, 
        {"sofa" : 12,  "begin" : 3080,  "end" : 3088 }, 
        {"sofa" : 12,  "begin" : 3089,  "end" : 3098 }, 
        {"sofa" : 12,  "begin" : 3099,  "end" : 3102 }, 
        {"sofa" : 12,  "begin" : 3103,  "end" : 3115 }, 
        {"sofa" : 12,  "begin" : 3115,  "end" : 3116 }, 
        {"sofa" : 12,  "begin" : 3118,  "end" : 3119 }, 
        {"sofa" : 12,  "begin" : 3119,  "end" : 3124 }, 
        {"sofa" : 12,  "begin" : 3125,  "end" : 3130 }, 
        {"sofa" : 12,  "begin" : 3131,  "end" : 3134 }, 
        {"sofa" : 12,  "begin" : 3135,  "end" : 3141 }, 
        {"sofa" : 12,  "begin" : 3142,  "end" : 3144 }, 
        {"sofa" : 12,  "begin" : 3145,  "end" : 3154 }, 
        {"sofa" : 12,  "begin" : 3155,  "end" : 3158 }, 
        {"sofa" : 12,  "begin" : 3159,  "end" : 3162 }, 
        {"sofa" : 12,  "begin" : 3163,  "end" : 3170 }, 
        {"sofa" : 12,  "begin" : 3171,  "end" : 3173 }, 
        {"sofa" : 12,  "begin" : 3174,  "end" : 3177 }, 
        {"sofa" : 12,  "begin" : 3178,  "end" : 3186 }, 
        {"sofa" : 12,  "begin" : 3187,  "end" : 3191 }, 
        {"sofa" : 12,  "begin" : 3192,  "end" : 3201 }, 
        {"sofa" : 12,  "begin" : 3202,  "end" : 3205 }, 
        {"sofa" : 12,  "begin" : 3206,  "end" : 3208 }, 
        {"sofa" : 12,  "begin" : 3209,  "end" : 3215 }, 
        {"sofa" : 12,  "begin" : 3216,  "end" : 3219 }, 
        {"sofa" : 12,  "begin" : 3220,  "end" : 3231 }, 
        {"sofa" : 12,  "begin" : 3232,  "end" : 3237 }, 
        {"sofa" : 12,  "begin" : 3238,  "end" : 3240 }, 
        {"sofa" : 12,  "begin" : 3241,  "end" : 3248 }, 
        {"sofa" : 12,  "begin" : 3249,  "end" : 3252 }, 
        {"sofa" : 12,  "begin" : 3253,  "end" : 3258 }, 
        {"sofa" : 12,  "begin" : 3259,  "end" : 3262 }, 
        {"sofa" : 12,  "begin" : 3263,  "end" : 3269 }, 
        {"sofa" : 12,  "begin" : 3270,  "end" : 3274 }, 
        {"sofa" : 12,  "begin" : 3275,  "end" : 3279 }, 
        {"sofa" : 12,  "begin" : 3280,  "end" : 3283 }, 
        {"sofa" : 12,  "begin" : 3284,  "end" : 3290 }, 
        {"sofa" : 12,  "begin" : 3291,  "end" : 3296 }, 
        {"sofa" : 12,  "begin" : 3296,  "end" : 3297 }, 
        {"sofa" : 12,  "begin" : 3297,  "end" : 3298 }, 
        {"sofa" : 12,  "begin" : 3299,  "end" : 3308 }, 
        {"sofa" : 12,  "begin" : 3309,  "end" : 3311 }, 
        {"sofa" : 12,  "begin" : 3312,  "end" : 3315 }, 
        {"sofa" : 12,  "begin" : 3316,  "end" : 3323 }, 
        {"sofa" : 12,  "begin" : 3323,  "end" : 3324 }, 
        {"sofa" : 12,  "begin" : 3326,  "end" : 3327 }, 
        {"sofa" : 12,  "begin" : 3327,  "end" : 3336 }, 
        {"sofa" : 12,  "begin" : 3337,  "end" : 3340 }, 
        {"sofa" : 12,  "begin" : 3341,  "end" : 3345 }, 
        {"sofa" : 12,  "begin" : 3346,  "end" : 3355 }, 
        {"sofa" : 12,  "begin" : 3356,  "end" : 3360 }, 
        {"sofa" : 12,  "begin" : 3361,  "end" : 3368 }, 
        {"sofa" : 12,  "begin" : 3369,  "end" : 3372 }, 
        {"sofa" : 12,  "begin" : 3373,  "end" : 3379 }, 
        {"sofa" : 12,  "begin" : 3380,  "end" : 3382 }, 
        {"sofa" : 12,  "begin" : 3383,  "end" : 3385 }, 
        {"sofa" : 12,  "begin" : 3386,  "end" : 3389 }, 
        {"sofa" : 12,  "begin" : 3390,  "end" : 3395 }, 
        {"sofa" : 12,  "begin" : 3396,  "end" : 3398 }, 
        {"sofa" : 12,  "begin" : 3399,  "end" : 3407 }, 
        {"sofa" : 12,  "begin" : 3408,  "end" : 3411 }, 
        {"sofa" : 12,  "begin" : 3412,  "end" : 3413 }, 
        {"sofa" : 12,  "begin" : 3414,  "end" : 3418 }, 
        {"sofa" : 12,  "begin" : 3419,  "end" : 3425 }, 
        {"sofa" : 12,  "begin" : 3425,  "end" : 3426 }, 
        {"sofa" : 12,  "begin" : 3426,  "end" : 3427 }, 
        {"sofa" : 12,  "begin" : 3428,  "end" : 3430 }, 
        {"sofa" : 12,  "begin" : 3431,  "end" : 3438 }, 
        {"sofa" : 12,  "begin" : 3439,  "end" : 3442 }, 
        {"sofa" : 12,  "begin" : 3443,  "end" : 3450 }, 
        {"sofa" : 12,  "begin" : 3451,  "end" : 3455 }, 
        {"sofa" : 12,  "begin" : 3456,  "end" : 3465 }, 
        {"sofa" : 12,  "begin" : 3466,  "end" : 3468 }, 
        {"sofa" : 12,  "begin" : 3469,  "end" : 3470 }, 
        {"sofa" : 12,  "begin" : 3470,  "end" : 3471 }, 
        {"sofa" : 12,  "begin" : 3471,  "end" : 3474 }, 
        {"sofa" : 12,  "begin" : 3474,  "end" : 3475 }, 
        {"sofa" : 12,  "begin" : 3475,  "end" : 3478 }, 
        {"sofa" : 12,  "begin" : 3478,  "end" : 3479 }, 
        {"sofa" : 12,  "begin" : 3479,  "end" : 3483 }, 
        {"sofa" : 12,  "begin" : 3484,  "end" : 3490 }, 
        {"sofa" : 12,  "begin" : 3491,  "end" : 3498 }, 
        {"sofa" : 12,  "begin" : 3499,  "end" : 3505 }, 
        {"sofa" : 12,  "begin" : 3506,  "end" : 3508 }, 
        {"sofa" : 12,  "begin" : 3509,  "end" : 3511 }, 
        {"sofa" : 12,  "begin" : 3512,  "end" : 3513 }, 
        {"sofa" : 12,  "begin" : 3514,  "end" : 3515 }, 
        {"sofa" : 12,  "begin" : 3516,  "end" : 3518 }, 
        {"sofa" : 12,  "begin" : 3519,  "end" : 3522 }, 
        {"sofa" : 12,  "begin" : 3522,  "end" : 3523 }, 
        {"sofa" : 12,  "begin" : 3525,  "end" : 3534 }, 
        {"sofa" : 12,  "begin" : 3535,  "end" : 3538 }, 
        {"sofa" : 12,  "begin" : 3539,  "end" : 3551 }, 
        {"sofa" : 12,  "begin" : 3552,  "end" : 3559 }, 
        {"sofa" : 12,  "begin" : 3560,  "end" : 3569 }, 
        {"sofa" : 12,  "begin" : 3570,  "end" : 3574 }, 
        {"sofa" : 12,  "begin" : 3575,  "end" : 3577 }, 
        {"sofa" : 12,  "begin" : 3578,  "end" : 3586 }, 
        {"sofa" : 12,  "begin" : 3587,  "end" : 3588 }, 
        {"sofa" : 12,  "begin" : 3588,  "end" : 3589 }, 
        {"sofa" : 12,  "begin" : 3590,  "end" : 3597 }, 
        {"sofa" : 12,  "begin" : 3598,  "end" : 3608 }, 
        {"sofa" : 12,  "begin" : 3610,  "end" : 3614 }, 
        {"sofa" : 12,  "begin" : 3615,  "end" : 3620 }, 
        {"sofa" : 12,  "begin" : 3621,  "end" : 3624 }, 
        {"sofa" : 12,  "begin" : 3625,  "end" : 3630 }, 
        {"sofa" : 12,  "begin" : 3631,  "end" : 3635 }, 
        {"sofa" : 12,  "begin" : 3636,  "end" : 3637 }, 
        {"sofa" : 12,  "begin" : 3638,  "end" : 3646 }, 
        {"sofa" : 12,  "begin" : 3647,  "end" : 3651 }, 
        {"sofa" : 12,  "begin" : 3652,  "end" : 3659 }, 
        {"sofa" : 12,  "begin" : 3660,  "end" : 3663 }, 
        {"sofa" : 12,  "begin" : 3664,  "end" : 3668 }, 
        {"sofa" : 12,  "begin" : 3669,  "end" : 3681 }, 
        {"sofa" : 12,  "begin" : 3682,  "end" : 3686 }, 
        {"sofa" : 12,  "begin" : 3687,  "end" : 3688 }, 
        {"sofa" : 12,  "begin" : 3688,  "end" : 3689 }, 
        {"sofa" : 12,  "begin" : 3690,  "end" : 3697 }, 
        {"sofa" : 12,  "begin" : 3697,  "end" : 3698 }, 
        {"sofa" : 12,  "begin" : 3699,  "end" : 3701 }, 
        {"sofa" : 12,  "begin" : 3702,  "end" : 3706 }, 
        {"sofa" : 12,  "begin" : 3706,  "end" : 3707 }, 
        {"sofa" : 12,  "begin" : 3708,  "end" : 3711 }, 
        {"sofa" : 12,  "begin" : 3712,  "end" : 3715 }, 
        {"sofa" : 12,  "begin" : 3716,  "end" : 3723 }, 
        {"sofa" : 12,  "begin" : 3724,  "end" : 3728 }, 
        {"sofa" : 12,  "begin" : 3729,  "end" : 3736 }, 
        {"sofa" : 12,  "begin" : 3737,  "end" : 3743 }, 
        {"sofa" : 12,  "begin" : 3744,  "end" : 3747 }, 
        {"sofa" : 12,  "begin" : 3748,  "end" : 3756 }, 
        {"sofa" : 12,  "begin" : 3757,  "end" : 3759 }, 
        {"sofa" : 12,  "begin" : 3760,  "end" : 3769 }, 
        {"sofa" : 12,  "begin" : 3770,  "end" : 3773 }, 
        {"sofa" : 12,  "begin" : 3774,  "end" : 3779 }, 
        {"sofa" : 12,  "begin" : 3780,  "end" : 3790 }, 
        {"sofa" : 12,  "begin" : 3791,  "end" : 3797 }, 
        {"sofa" : 12,  "begin" : 3798,  "end" : 3800 }, 
        {"sofa" : 12,  "begin" : 3801,  "end" : 3804 }, 
        {"sofa" : 12,  "begin" : 3805,  "end" : 3813 }, 
        {"sofa" : 12,  "begin" : 3813,  "end" : 3814 }, 
        {"sofa" : 12,  "begin" : 3815,  "end" : 3820 }, 
        {"sofa" : 12,  "begin" : 3821,  "end" : 3826 }, 
        {"sofa" : 12,  "begin" : 3827,  "end" : 3829 }, 
        {"sofa" : 12,  "begin" : 3830,  "end" : 3835 }, 
        {"sofa" : 12,  "begin" : 3836,  "end" : 3845 }, 
        {"sofa" : 12,  "begin" : 3846,  "end" : 3848 }, 
        {"sofa" : 12,  "begin" : 3849,  "end" : 3861 }, 
        {"sofa" : 12,  "begin" : 3862,  "end" : 3871 }, 
        {"sofa" : 12,  "begin" : 3871,  "end" : 3872 }, 
        {"sofa" : 12,  "begin" : 3874,  "end" : 3890 }, 
        {"sofa" : 12,  "begin" : 3891,  "end" : 3896 }, 
        {"sofa" : 12,  "begin" : 3897,  "end" : 3902 }, 
        {"sofa" : 12,  "begin" : 3903,  "end" : 3906 }, 
        {"sofa" : 12,  "begin" : 3907,  "end" : 3913 }, 
        {"sofa" : 12,  "begin" : 3914,  "end" : 3916 }, 
        {"sofa" : 12,  "begin" : 3917,  "end" : 3918 }, 
        {"sofa" : 12,  "begin" : 3918,  "end" : 3919 }, 
        {"sofa" : 12,  "begin" : 3920,  "end" : 3927 }, 
        {"sofa" : 12,  "begin" : 3928,  "end" : 3938 }, 
        {"sofa" : 12,  "begin" : 3939,  "end" : 3941 }, 
        {"sofa" : 12,  "begin" : 3942,  "end" : 3946 }, 
        {"sofa" : 12,  "begin" : 3946,  "end" : 3947 }, 
        {"sofa" : 12,  "begin" : 3948,  "end" : 3953 }, 
        {"sofa" : 12,  "begin" : 3954,  "end" : 3958 }, 
        {"sofa" : 12,  "begin" : 3959,  "end" : 3963 }, 
        {"sofa" : 12,  "begin" : 3964,  "end" : 3968 }, 
        {"sofa" : 12,  "begin" : 3969,  "end" : 3976 }, 
        {"sofa" : 12,  "begin" : 3977,  "end" : 3986 }, 
        {"sofa" : 12,  "begin" : 3987,  "end" : 3990 }, 
        {"sofa" : 12,  "begin" : 3991,  "end" : 4000 }, 
        {"sofa" : 12,  "begin" : 4001,  "end" : 4005 }, 
        {"sofa" : 12,  "begin" : 4006,  "end" : 4009 }, 
        {"sofa" : 12,  "begin" : 4010,  "end" : 4019 }, 
        {"sofa" : 12,  "begin" : 4020,  "end" : 4024 }, 
        {"sofa" : 12,  "begin" : 4025,  "end" : 4029 }, 
        {"sofa" : 12,  "begin" : 4030,  "end" : 4038 }, 
        {"sofa" : 12,  "begin" : 4039,  "end" : 4043 }, 
        {"sofa" : 12,  "begin" : 4044,  "end" : 4054 }, 
        {"sofa" : 12,  "begin" : 4055,  "end" : 4059 }, 
        {"sofa" : 12,  "begin" : 4060,  "end" : 4063 }, 
        {"sofa" : 12,  "begin" : 4064,  "end" : 4077 }, 
        {"sofa" : 12,  "begin" : 4078,  "end" : 4086 }, 
        {"sofa" : 12,  "begin" : 4086,  "end" : 4087 }, 
        {"sofa" : 12,  "begin" : 4089,  "end" : 4092 }, 
        {"sofa" : 12,  "begin" : 4093,  "end" : 4113 }, 
        {"sofa" : 12,  "begin" : 4114,  "end" : 4122 }, 
        {"sofa" : 12,  "begin" : 4123,  "end" : 4126 }, 
        {"sofa" : 12,  "begin" : 4127,  "end" : 4129 }, 
        {"sofa" : 12,  "begin" : 4130,  "end" : 4141 }, 
        {"sofa" : 12,  "begin" : 4142,  "end" : 4144 }, 
        {"sofa" : 12,  "begin" : 4145,  "end" : 4151 }, 
        {"sofa" : 12,  "begin" : 4152,  "end" : 4159 }, 
        {"sofa" : 12,  "begin" : 4160,  "end" : 4164 }, 
        {"sofa" : 12,  "begin" : 4165,  "end" : 4177 }, 
        {"sofa" : 12,  "begin" : 4178,  "end" : 4186 }, 
        {"sofa" : 12,  "begin" : 4186,  "end" : 4187 }, 
        {"sofa" : 12,  "begin" : 4188,  "end" : 4196 }, 
        {"sofa" : 12,  "begin" : 4197,  "end" : 4199 }, 
        {"sofa" : 12,  "begin" : 4200,  "end" : 4201 }, 
        {"sofa" : 12,  "begin" : 4201,  "end" : 4202 }, 
        {"sofa" : 12,  "begin" : 4203,  "end" : 4210 }, 
        {"sofa" : 12,  "begin" : 4211,  "end" : 4213 }, 
        {"sofa" : 12,  "begin" : 4214,  "end" : 4217 }, 
        {"sofa" : 12,  "begin" : 4218,  "end" : 4229 }, 
        {"sofa" : 12,  "begin" : 4230,  "end" : 4233 }, 
        {"sofa" : 12,  "begin" : 4234,  "end" : 4241 }, 
        {"sofa" : 12,  "begin" : 4242,  "end" : 4258 }, 
        {"sofa" : 12,  "begin" : 4259,  "end" : 4266 }, 
        {"sofa" : 12,  "begin" : 4266,  "end" : 4267 }, 
        {"sofa" : 12,  "begin" : 4268,  "end" : 4277 }, 
        {"sofa" : 12,  "begin" : 4278,  "end" : 4280 }, 
        {"sofa" : 12,  "begin" : 4281,  "end" : 4284 }, 
        {"sofa" : 12,  "begin" : 4285,  "end" : 4288 }, 
        {"sofa" : 12,  "begin" : 4288,  "end" : 4289 }, 
        {"sofa" : 12,  "begin" : 4291,  "end" : 4295 }, 
        {"sofa" : 12,  "begin" : 4296,  "end" : 4300 }, 
        {"sofa" : 12,  "begin" : 4301,  "end" : 4308 }, 
        {"sofa" : 12,  "begin" : 4309,  "end" : 4312 }, 
        {"sofa" : 12,  "begin" : 4313,  "end" : 4330 }, 
        {"sofa" : 12,  "begin" : 4331,  "end" : 4340 }, 
        {"sofa" : 12,  "begin" : 4341,  "end" : 4344 }, 
        {"sofa" : 12,  "begin" : 4345,  "end" : 4356 }, 
        {"sofa" : 12,  "begin" : 4357,  "end" : 4360 }, 
        {"sofa" : 12,  "begin" : 4361,  "end" : 4373 }, 
        {"sofa" : 12,  "begin" : 4374,  "end" : 4384 }, 
        {"sofa" : 12,  "begin" : 4385,  "end" : 4394 }, 
        {"sofa" : 12,  "begin" : 4395,  "end" : 4399 }, 
        {"sofa" : 12,  "begin" : 4400,  "end" : 4404 }, 
        {"sofa" : 12,  "begin" : 4405,  "end" : 4414 }, 
        {"sofa" : 12,  "begin" : 4414,  "end" : 4415 }, 
        {"sofa" : 12,  "begin" : 4417,  "end" : 4424 }, 
        {"sofa" : 12,  "begin" : 4424,  "end" : 4425 }, 
        {"sofa" : 12,  "begin" : 4427,  "end" : 4431 }, 
        {"sofa" : 12,  "begin" : 4431,  "end" : 4432 }, 
        {"sofa" : 12,  "begin" : 4432,  "end" : 4433 }, 
        {"sofa" : 12,  "begin" : 4433,  "end" : 4434 }, 
        {"sofa" : 12,  "begin" : 4434,  "end" : 4452 } ], 
      "Persuasive_Labels" : [
        {"sofa" : 12,  "begin" : 755,  "end" : 826,  "EstablishingLegitimacy" : "Establishing Legitimacy" }, 
        {"sofa" : 12,  "begin" : 755,  "end" : 826,  "EstablishingLegitimacy" : "citing source to establish legitimacy_source verified to be credible" }, 
        {"sofa" : 12,  "begin" : 861,  "end" : 1016,  "HighlightingUncertaintyandRisk" : "Highlighting Uncertainty and Risk" }, 
        {"sofa" : 12,  "begin" : 1227,  "end" : 1252,  "EstablishingLegitimacy" : "Establishing Legitimacy" }, 
        {"sofa" : 12,  "begin" : 1227,  "end" : 1252,  "EstablishingLegitimacy" : "citing source to establish legitimacy_source not verified" }, 
        {"sofa" : 12,  "begin" : 2252,  "end" : 2272,  "EstablishingLegitimacy" : "surface credibility markers - simply claiming authority or credibility" }, 
        {"sofa" : 12,  "begin" : 2252,  "end" : 2272,  "EstablishingLegitimacy" : "Establishing Legitimacy" }, 
        {"sofa" : 12,  "begin" : 2599,  "end" : 2724,  "HighlightingUncertaintyandRisk" : "Highlighting Uncertainty and Risk" }, 
        {"sofa" : 12,  "begin" : 3299,  "end" : 3324,  "EstablishingLegitimacy" : "Establishing Legitimacy" }, 
        {"sofa" : 12,  "begin" : 3299,  "end" : 3324,  "EstablishingLegitimacy" : "citing seemingly credible sources to strengthen one’s arguments" }, 
        {"sofa" : 12,  "begin" : 3610,  "end" : 4087,  "BiasedReasoningtoMakeaConclusion" : "inappropriate analogy or false connection" }, 
        {"sofa" : 12,  "begin" : 3610,  "end" : 4087,  "BiasedReasoningtoMakeaConclusion" : "biased reasoning to make a conclusion" }, 
        {"sofa" : 12,  "begin" : 4427,  "end" : 4452,  "EstablishingLegitimacy" : "Establishing Legitimacy" }, 
        {"sofa" : 12,  "begin" : 4427,  "end" : 4452,  "EstablishingLegitimacy" : "citing source to establish legitimacy_source not verified" } ] } }, 
  "_referenced_fss" : {
    "12" : {"_type" : "Sofa",  "sofaNum" : 1,  "sofaID" : "_InitialView",  "mimeType" : "text",  "sofaString" : "﻿snes-02855 Several brands of baby wipes available in the U.S. were recalled in 2017 because they pose a risk of serious infection.\t\r\nOriginal source: https://archive.ph/y1fi4\t\r\nFact checking: https://www.snopes.com/fact-check/baby-wipes-recall/\t\r\nActual content: \r\n10 brands of baby wipes recalled due to pneumonia-causing bacteria contamination\r\n(NaturalNews) Ten brands of baby wipes produced by the Pennsylvania-based Nutek Disposables, Inc., were recalled on January 25, 2017, following complaints of foul odor and discoloration.\r\nUpon further testing, the baby wipe and adult washcloth manufacturer discovered that some of their products contained Burkholderia cepacia, a species of antibiotic-resistant bacteria frequently found in soil and water, according to the U.S. Centers for Disease Control and Prevention (CDC).\r\nKnown for its vinegar-like odor, B. cepacia has emerged as a human respiratory pathogen in people with weakened immune systems or chronic lung disease, especially cystic fibrosis patients.\r\nPulmonary infections involving these bacteria are capable of causing accelerated decline in lung functions and can induce \"cepacia syndrome,\" a progressive form of pneumonia that can be fatal and untreatable, according to MicrobeWiki.\r\nResistant bacteria found in baby wipes prompts mass recall\r\n\"After receiving a small number of complaints of odor and discoloration, Nutek conducted microbial testing that showed the presence of a bacteria, called Burkholderia cepacia (B. cepacia), in some of these products,\" according to the company's press release.\r\n\"Soon after, on January 3, 2017 the company initiated a voluntary withdrawal of lots that had tested positive for the bacteria, as well as other baby wipes in the surrounding time frame. After some additional lots were tested, as a precautionary measure, Nutek believed it was a prudent decision to withdraw all its baby wipe products.\"\r\nThe following brands are included in the nationwide recall:\r\n* Cuties\r\n* Diapers.com\r\n* Femtex\r\n* Fred's\r\n* Kidgets\r\n* Member's Mark\r\n* Simply Right\r\n* Sunny Smiles\r\n* Tender Touch\r\n* Well Beginnings\r\nThe baby wipe brands are sold at a variety of retailers including Walgreen's, Family Dollar, Sam's Club and internet retailer Diapers.com. Reports confirm that some of the packages distributed prior to January 21, 2017, contained B. cepacia, prompting the company to halt shipping of all baby wipes produced at the facility.\r\nBefore October 3, Nutek Disposables says they only received one report of irritation; however, many more complaints emerged following the recall announcement.\r\nConsumers reported side effects including rash, irritation, infections, fever, gastrointestinal issues and respiratory issues; however, these reports \"have not been confirmed to be related to the use of these products,\" according to Nutek officials.\r\nThe U.S Food and Drug Administration (FDA) says the company is still unable to determine the cause of the problem but is continuing to investigate, and the administration will work closely with Nutek to communicate the issue with affected retailers and distributors.\r\n\"Nutek takes the safety of consumers and the quality of its products very seriously and is taking all appropriate steps to address the issue and ensure this does not happen again,\" according to the FDA.gov.\r\n\"Consumers who have purchased this product can return it to the place of purchase for a full refund,\" or contact the company with questions at 1-855-646-4351 Monday through Friday 10 AM - 4 PM EST.\r\nMouthwash and contaminated medical equipment tied to previous B. cepacia infections\r\nThis isn't the first time a personal care product has been contaminated with B. cepacia. In 2005, the CDC learned that several states had clusters of pneumonia and other infections caused by the bacteria, which ended up being connected to contaminated mouthwash.\r\nOver-the-counter nasal spray was linked to B. cepacia infections in 2004, while that same year medical equipment and solutions used for intensive care unit patients were associated with the gram-negative bacteria.\r\nThe antibiotic-resistant bacteria can be transferred by direct contact with contaminated surfaces, exposure to B. cepacia in the environment and through person-to-person contact, according to the CDC.\r\nGood hand hygiene and infection-control practices are recommended for successfully preventing infection from this bacterium.\r\nSources:\r\nhttp://www.oregonlive.com\r\n\t\t\t\t\t\t\t\t\r\n" } } }