{"_context" : {
    "_types" : {
      "DocumentMetaData" : {
        "_feature_types" : {"sofa" : "_ref" } }, 
      "Persuasive_Labels" : {
        "_feature_types" : {"sofa" : "_ref" } }, 
      "Sentence" : {
        "_feature_types" : {"sofa" : "_ref" } }, 
      "Sofa" : {
        "_feature_types" : {"sofaArray" : "_ref" } }, 
      "TagsetDescription" : {
        "_feature_types" : {"sofa" : "_ref",  "tags" : "_ref" } }, 
      "Token" : {
        "_feature_types" : {"sofa" : "_ref",  "parent" : "_ref",  "lemma" : "_ref",  "stem" : "_ref",  "pos" : "_ref",  "morph" : "_ref",  "form" : "_ref" } }, 
      "DocumentAnnotation" : {
        "_feature_types" : {"sofa" : "_ref" }, 
        "_subtypes" : ["DocumentMetaData" ] }, 
      "Annotation" : {
        "_feature_types" : {"sofa" : "_ref" }, 
        "_subtypes" : ["DocumentAnnotation",  "Persuasive_Labels",  "Sentence",  "TagsetDescription",  "Token" ] }, 
      "AnnotationBase" : {
        "_feature_types" : {"sofa" : "_ref" }, 
        "_subtypes" : ["Annotation" ] }, 
      "TOP" : {
        "_subtypes" : ["AnnotationBase",  "Sofa" ] } } }, 
  "_views" : {
    "_InitialView" : {
      "DocumentMetaData" : [
        {"sofa" : 12,  "end" : 6310,  "language" : "x-unspecified",  "documentTitle" : "75.%20snes-02154%20The%20bite%20of%20a%20rare%20breed%20of%20tick%20most%20commonly%20called%20the%20lone%20star%20tick%20can%20cause%20itching,%20stomach%20cramps,%20breathing%20difficulties,%20and%20an%20allergic%20reaction%20to%20red%20meat.%20.txt",  "documentId" : "admin",  "documentUri" : "file:/C:/Users/huiyi/.webanno/repository/project/4/document/250/source/admin",  "collectionId" : "file:/C:/Users/huiyi/.webanno/repository/project/4/document/250/source/",  "documentBaseUri" : "file:/C:/Users/huiyi/.webanno/repository/project/4/document/250/source/",  "isLastSegment" : false } ], 
      "TagsetDescription" : [
        {"sofa" : 12,  "layer" : "de.tudarmstadt.ukp.dkpro.core.api.syntax.type.dependency.Dependency",  "name" : "UD Universal Dependencies (v2)",  "input" : false }, 
        {"sofa" : 12,  "layer" : "de.tudarmstadt.ukp.dkpro.core.api.ner.type.NamedEntity",  "name" : "Named Entity tags",  "input" : false }, 
        {"sofa" : 12,  "layer" : "de.tudarmstadt.ukp.dkpro.core.api.transform.type.SofaChangeAnnotation",  "name" : "Operation",  "input" : false }, 
        {"sofa" : 12,  "layer" : "de.tudarmstadt.ukp.dkpro.core.api.lexmorph.type.pos.POS",  "name" : "UD Universal POS tags (v2)",  "input" : false }, 
        {"sofa" : 12,  "layer" : "webanno.custom.Persuasive_Labels",  "name" : "2. Using Anecdotes and Personal Experience as Evidence",  "input" : false } ], 
      "Sentence" : [
        {"sofa" : 12,  "end" : 181 }, 
        {"sofa" : 12,  "begin" : 184,  "end" : 510 }, 
        {"sofa" : 12,  "begin" : 512,  "end" : 561 }, 
        {"sofa" : 12,  "begin" : 562,  "end" : 576 }, 
        {"sofa" : 12,  "begin" : 577,  "end" : 583 }, 
        {"sofa" : 12,  "begin" : 584,  "end" : 594 }, 
        {"sofa" : 12,  "begin" : 596,  "end" : 689 }, 
        {"sofa" : 12,  "begin" : 691,  "end" : 720 }, 
        {"sofa" : 12,  "begin" : 721,  "end" : 885 }, 
        {"sofa" : 12,  "begin" : 887,  "end" : 1093 }, 
        {"sofa" : 12,  "begin" : 1095,  "end" : 1111 }, 
        {"sofa" : 12,  "begin" : 1112,  "end" : 1163 }, 
        {"sofa" : 12,  "begin" : 1165,  "end" : 1222 }, 
        {"sofa" : 12,  "begin" : 1223,  "end" : 1257 }, 
        {"sofa" : 12,  "begin" : 1259,  "end" : 1434 }, 
        {"sofa" : 12,  "begin" : 1435,  "end" : 1702 }, 
        {"sofa" : 12,  "begin" : 1703,  "end" : 1746 }, 
        {"sofa" : 12,  "begin" : 1747,  "end" : 1779 }, 
        {"sofa" : 12,  "begin" : 1781,  "end" : 1875 }, 
        {"sofa" : 12,  "begin" : 1876,  "end" : 2036 }, 
        {"sofa" : 12,  "begin" : 2038,  "end" : 2146 }, 
        {"sofa" : 12,  "begin" : 2147,  "end" : 2190 }, 
        {"sofa" : 12,  "begin" : 2192,  "end" : 2366 }, 
        {"sofa" : 12,  "begin" : 2368,  "end" : 2496 }, 
        {"sofa" : 12,  "begin" : 2497,  "end" : 2570 }, 
        {"sofa" : 12,  "begin" : 2572,  "end" : 2668 }, 
        {"sofa" : 12,  "begin" : 2669,  "end" : 2744 }, 
        {"sofa" : 12,  "begin" : 2746,  "end" : 2972 }, 
        {"sofa" : 12,  "begin" : 2973,  "end" : 3054 }, 
        {"sofa" : 12,  "begin" : 3055,  "end" : 3104 }, 
        {"sofa" : 12,  "begin" : 3105,  "end" : 3271 }, 
        {"sofa" : 12,  "begin" : 3273,  "end" : 3370 }, 
        {"sofa" : 12,  "begin" : 3371,  "end" : 3590 }, 
        {"sofa" : 12,  "begin" : 3592,  "end" : 3782 }, 
        {"sofa" : 12,  "begin" : 3783,  "end" : 3871 }, 
        {"sofa" : 12,  "begin" : 3873,  "end" : 3910 }, 
        {"sofa" : 12,  "begin" : 3911,  "end" : 4003 }, 
        {"sofa" : 12,  "begin" : 4004,  "end" : 4166 }, 
        {"sofa" : 12,  "begin" : 4167,  "end" : 4212 }, 
        {"sofa" : 12,  "begin" : 4214,  "end" : 4433 }, 
        {"sofa" : 12,  "begin" : 4434,  "end" : 4576 }, 
        {"sofa" : 12,  "begin" : 4578,  "end" : 4639 }, 
        {"sofa" : 12,  "begin" : 4641,  "end" : 4816 }, 
        {"sofa" : 12,  "begin" : 4818,  "end" : 5024 }, 
        {"sofa" : 12,  "begin" : 5026,  "end" : 5080 }, 
        {"sofa" : 12,  "begin" : 5081,  "end" : 5178 }, 
        {"sofa" : 12,  "begin" : 5180,  "end" : 5365 }, 
        {"sofa" : 12,  "begin" : 5367,  "end" : 5394 }, 
        {"sofa" : 12,  "begin" : 5395,  "end" : 5455 }, 
        {"sofa" : 12,  "begin" : 5456,  "end" : 5534 }, 
        {"sofa" : 12,  "begin" : 5535,  "end" : 5577 }, 
        {"sofa" : 12,  "begin" : 5579,  "end" : 5691 }, 
        {"sofa" : 12,  "begin" : 5693,  "end" : 5800 }, 
        {"sofa" : 12,  "begin" : 5801,  "end" : 5915 }, 
        {"sofa" : 12,  "begin" : 5917,  "end" : 6023 }, 
        {"sofa" : 12,  "begin" : 6025,  "end" : 6180 }, 
        {"sofa" : 12,  "begin" : 6182,  "end" : 6244 }, 
        {"sofa" : 12,  "begin" : 6245,  "end" : 6281 }, 
        {"sofa" : 12,  "begin" : 6282,  "end" : 6306 } ], 
      "Token" : [
        {"sofa" : 12,  "end" : 5 }, 
        {"sofa" : 12,  "begin" : 5,  "end" : 6 }, 
        {"sofa" : 12,  "begin" : 6,  "end" : 11 }, 
        {"sofa" : 12,  "begin" : 12,  "end" : 15 }, 
        {"sofa" : 12,  "begin" : 16,  "end" : 20 }, 
        {"sofa" : 12,  "begin" : 21,  "end" : 23 }, 
        {"sofa" : 12,  "begin" : 24,  "end" : 25 }, 
        {"sofa" : 12,  "begin" : 26,  "end" : 30 }, 
        {"sofa" : 12,  "begin" : 31,  "end" : 36 }, 
        {"sofa" : 12,  "begin" : 37,  "end" : 39 }, 
        {"sofa" : 12,  "begin" : 40,  "end" : 44 }, 
        {"sofa" : 12,  "begin" : 45,  "end" : 49 }, 
        {"sofa" : 12,  "begin" : 50,  "end" : 58 }, 
        {"sofa" : 12,  "begin" : 59,  "end" : 65 }, 
        {"sofa" : 12,  "begin" : 66,  "end" : 69 }, 
        {"sofa" : 12,  "begin" : 70,  "end" : 74 }, 
        {"sofa" : 12,  "begin" : 75,  "end" : 79 }, 
        {"sofa" : 12,  "begin" : 80,  "end" : 84 }, 
        {"sofa" : 12,  "begin" : 85,  "end" : 88 }, 
        {"sofa" : 12,  "begin" : 89,  "end" : 94 }, 
        {"sofa" : 12,  "begin" : 95,  "end" : 102 }, 
        {"sofa" : 12,  "begin" : 102,  "end" : 103 }, 
        {"sofa" : 12,  "begin" : 104,  "end" : 111 }, 
        {"sofa" : 12,  "begin" : 112,  "end" : 118 }, 
        {"sofa" : 12,  "begin" : 118,  "end" : 119 }, 
        {"sofa" : 12,  "begin" : 120,  "end" : 129 }, 
        {"sofa" : 12,  "begin" : 130,  "end" : 142 }, 
        {"sofa" : 12,  "begin" : 142,  "end" : 143 }, 
        {"sofa" : 12,  "begin" : 144,  "end" : 147 }, 
        {"sofa" : 12,  "begin" : 148,  "end" : 150 }, 
        {"sofa" : 12,  "begin" : 151,  "end" : 159 }, 
        {"sofa" : 12,  "begin" : 160,  "end" : 168 }, 
        {"sofa" : 12,  "begin" : 169,  "end" : 171 }, 
        {"sofa" : 12,  "begin" : 172,  "end" : 175 }, 
        {"sofa" : 12,  "begin" : 176,  "end" : 180 }, 
        {"sofa" : 12,  "begin" : 180,  "end" : 181 }, 
        {"sofa" : 12,  "begin" : 184,  "end" : 190 }, 
        {"sofa" : 12,  "begin" : 190,  "end" : 191 }, 
        {"sofa" : 12,  "begin" : 192,  "end" : 197 }, 
        {"sofa" : 12,  "begin" : 197,  "end" : 198 }, 
        {"sofa" : 12,  "begin" : 198,  "end" : 199 }, 
        {"sofa" : 12,  "begin" : 199,  "end" : 200 }, 
        {"sofa" : 12,  "begin" : 200,  "end" : 210 }, 
        {"sofa" : 12,  "begin" : 210,  "end" : 211 }, 
        {"sofa" : 12,  "begin" : 211,  "end" : 220 }, 
        {"sofa" : 12,  "begin" : 220,  "end" : 221 }, 
        {"sofa" : 12,  "begin" : 221,  "end" : 225 }, 
        {"sofa" : 12,  "begin" : 225,  "end" : 226 }, 
        {"sofa" : 12,  "begin" : 226,  "end" : 228 }, 
        {"sofa" : 12,  "begin" : 228,  "end" : 229 }, 
        {"sofa" : 12,  "begin" : 229,  "end" : 286 }, 
        {"sofa" : 12,  "begin" : 289,  "end" : 293 }, 
        {"sofa" : 12,  "begin" : 294,  "end" : 302 }, 
        {"sofa" : 12,  "begin" : 302,  "end" : 303 }, 
        {"sofa" : 12,  "begin" : 304,  "end" : 309 }, 
        {"sofa" : 12,  "begin" : 309,  "end" : 310 }, 
        {"sofa" : 12,  "begin" : 310,  "end" : 311 }, 
        {"sofa" : 12,  "begin" : 311,  "end" : 312 }, 
        {"sofa" : 12,  "begin" : 312,  "end" : 326 }, 
        {"sofa" : 12,  "begin" : 326,  "end" : 327 }, 
        {"sofa" : 12,  "begin" : 327,  "end" : 337 }, 
        {"sofa" : 12,  "begin" : 337,  "end" : 338 }, 
        {"sofa" : 12,  "begin" : 338,  "end" : 362 }, 
        {"sofa" : 12,  "begin" : 362,  "end" : 363 }, 
        {"sofa" : 12,  "begin" : 366,  "end" : 372 }, 
        {"sofa" : 12,  "begin" : 373,  "end" : 380 }, 
        {"sofa" : 12,  "begin" : 380,  "end" : 381 }, 
        {"sofa" : 12,  "begin" : 383,  "end" : 387 }, 
        {"sofa" : 12,  "begin" : 388,  "end" : 391 }, 
        {"sofa" : 12,  "begin" : 392,  "end" : 395 }, 
        {"sofa" : 12,  "begin" : 395,  "end" : 396 }, 
        {"sofa" : 12,  "begin" : 397,  "end" : 401 }, 
        {"sofa" : 12,  "begin" : 402,  "end" : 406 }, 
        {"sofa" : 12,  "begin" : 407,  "end" : 410 }, 
        {"sofa" : 12,  "begin" : 411,  "end" : 415 }, 
        {"sofa" : 12,  "begin" : 416,  "end" : 419 }, 
        {"sofa" : 12,  "begin" : 420,  "end" : 424 }, 
        {"sofa" : 12,  "begin" : 425,  "end" : 426 }, 
        {"sofa" : 12,  "begin" : 427,  "end" : 437 }, 
        {"sofa" : 12,  "begin" : 439,  "end" : 446 }, 
        {"sofa" : 12,  "begin" : 446,  "end" : 447 }, 
        {"sofa" : 12,  "begin" : 448,  "end" : 451 }, 
        {"sofa" : 12,  "begin" : 451,  "end" : 452 }, 
        {"sofa" : 12,  "begin" : 453,  "end" : 455 }, 
        {"sofa" : 12,  "begin" : 455,  "end" : 456 }, 
        {"sofa" : 12,  "begin" : 457,  "end" : 461 }, 
        {"sofa" : 12,  "begin" : 461,  "end" : 462 }, 
        {"sofa" : 12,  "begin" : 463,  "end" : 464 }, 
        {"sofa" : 12,  "begin" : 464,  "end" : 465 }, 
        {"sofa" : 12,  "begin" : 465,  "end" : 467 }, 
        {"sofa" : 12,  "begin" : 468,  "end" : 471 }, 
        {"sofa" : 12,  "begin" : 471,  "end" : 472 }, 
        {"sofa" : 12,  "begin" : 473,  "end" : 474 }, 
        {"sofa" : 12,  "begin" : 475,  "end" : 484 }, 
        {"sofa" : 12,  "begin" : 484,  "end" : 485 }, 
        {"sofa" : 12,  "begin" : 486,  "end" : 489 }, 
        {"sofa" : 12,  "begin" : 489,  "end" : 490 }, 
        {"sofa" : 12,  "begin" : 491,  "end" : 493 }, 
        {"sofa" : 12,  "begin" : 493,  "end" : 494 }, 
        {"sofa" : 12,  "begin" : 495,  "end" : 499 }, 
        {"sofa" : 12,  "begin" : 499,  "end" : 500 }, 
        {"sofa" : 12,  "begin" : 501,  "end" : 502 }, 
        {"sofa" : 12,  "begin" : 502,  "end" : 503 }, 
        {"sofa" : 12,  "begin" : 503,  "end" : 505 }, 
        {"sofa" : 12,  "begin" : 506,  "end" : 509 }, 
        {"sofa" : 12,  "begin" : 509,  "end" : 510 }, 
        {"sofa" : 12,  "begin" : 512,  "end" : 514 }, 
        {"sofa" : 12,  "begin" : 515,  "end" : 523 }, 
        {"sofa" : 12,  "begin" : 524,  "end" : 531 }, 
        {"sofa" : 12,  "begin" : 532,  "end" : 533 }, 
        {"sofa" : 12,  "begin" : 534,  "end" : 537 }, 
        {"sofa" : 12,  "begin" : 538,  "end" : 544 }, 
        {"sofa" : 12,  "begin" : 545,  "end" : 551 }, 
        {"sofa" : 12,  "begin" : 553,  "end" : 560 }, 
        {"sofa" : 12,  "begin" : 560,  "end" : 561 }, 
        {"sofa" : 12,  "begin" : 562,  "end" : 575 }, 
        {"sofa" : 12,  "begin" : 575,  "end" : 576 }, 
        {"sofa" : 12,  "begin" : 577,  "end" : 582 }, 
        {"sofa" : 12,  "begin" : 582,  "end" : 583 }, 
        {"sofa" : 12,  "begin" : 584,  "end" : 587 }, 
        {"sofa" : 12,  "begin" : 588,  "end" : 593 }, 
        {"sofa" : 12,  "begin" : 593,  "end" : 594 }, 
        {"sofa" : 12,  "begin" : 596,  "end" : 601 }, 
        {"sofa" : 12,  "begin" : 602,  "end" : 608 }, 
        {"sofa" : 12,  "begin" : 609,  "end" : 612 }, 
        {"sofa" : 12,  "begin" : 613,  "end" : 620 }, 
        {"sofa" : 12,  "begin" : 621,  "end" : 625 }, 
        {"sofa" : 12,  "begin" : 626,  "end" : 629 }, 
        {"sofa" : 12,  "begin" : 630,  "end" : 633 }, 
        {"sofa" : 12,  "begin" : 634,  "end" : 638 }, 
        {"sofa" : 12,  "begin" : 639,  "end" : 641 }, 
        {"sofa" : 12,  "begin" : 642,  "end" : 645 }, 
        {"sofa" : 12,  "begin" : 646,  "end" : 648 }, 
        {"sofa" : 12,  "begin" : 649,  "end" : 654 }, 
        {"sofa" : 12,  "begin" : 655,  "end" : 659 }, 
        {"sofa" : 12,  "begin" : 660,  "end" : 662 }, 
        {"sofa" : 12,  "begin" : 663,  "end" : 673 }, 
        {"sofa" : 12,  "begin" : 673,  "end" : 674 }, 
        {"sofa" : 12,  "begin" : 675,  "end" : 679 }, 
        {"sofa" : 12,  "begin" : 680,  "end" : 688 }, 
        {"sofa" : 12,  "begin" : 688,  "end" : 689 }, 
        {"sofa" : 12,  "begin" : 691,  "end" : 696 }, 
        {"sofa" : 12,  "begin" : 697,  "end" : 701 }, 
        {"sofa" : 12,  "begin" : 702,  "end" : 710 }, 
        {"sofa" : 12,  "begin" : 710,  "end" : 711 }, 
        {"sofa" : 12,  "begin" : 712,  "end" : 716 }, 
        {"sofa" : 12,  "begin" : 717,  "end" : 719 }, 
        {"sofa" : 12,  "begin" : 719,  "end" : 720 }, 
        {"sofa" : 12,  "begin" : 721,  "end" : 724 }, 
        {"sofa" : 12,  "begin" : 725,  "end" : 730 }, 
        {"sofa" : 12,  "begin" : 731,  "end" : 737 }, 
        {"sofa" : 12,  "begin" : 738,  "end" : 741 }, 
        {"sofa" : 12,  "begin" : 742,  "end" : 745 }, 
        {"sofa" : 12,  "begin" : 746,  "end" : 750 }, 
        {"sofa" : 12,  "begin" : 751,  "end" : 753 }, 
        {"sofa" : 12,  "begin" : 754,  "end" : 761 }, 
        {"sofa" : 12,  "begin" : 762,  "end" : 765 }, 
        {"sofa" : 12,  "begin" : 766,  "end" : 769 }, 
        {"sofa" : 12,  "begin" : 770,  "end" : 776 }, 
        {"sofa" : 12,  "begin" : 776,  "end" : 777 }, 
        {"sofa" : 12,  "begin" : 778,  "end" : 783 }, 
        {"sofa" : 12,  "begin" : 784,  "end" : 786 }, 
        {"sofa" : 12,  "begin" : 787,  "end" : 790 }, 
        {"sofa" : 12,  "begin" : 791,  "end" : 796 }, 
        {"sofa" : 12,  "begin" : 797,  "end" : 799 }, 
        {"sofa" : 12,  "begin" : 800,  "end" : 808 }, 
        {"sofa" : 12,  "begin" : 809,  "end" : 814 }, 
        {"sofa" : 12,  "begin" : 815,  "end" : 826 }, 
        {"sofa" : 12,  "begin" : 827,  "end" : 829 }, 
        {"sofa" : 12,  "begin" : 830,  "end" : 831 }, 
        {"sofa" : 12,  "begin" : 832,  "end" : 841 }, 
        {"sofa" : 12,  "begin" : 842,  "end" : 849 }, 
        {"sofa" : 12,  "begin" : 850,  "end" : 851 }, 
        {"sofa" : 12,  "begin" : 851,  "end" : 855 }, 
        {"sofa" : 12,  "begin" : 856,  "end" : 861 }, 
        {"sofa" : 12,  "begin" : 862,  "end" : 867 }, 
        {"sofa" : 12,  "begin" : 868,  "end" : 872 }, 
        {"sofa" : 12,  "begin" : 873,  "end" : 879 }, 
        {"sofa" : 12,  "begin" : 880,  "end" : 883 }, 
        {"sofa" : 12,  "begin" : 883,  "end" : 884 }, 
        {"sofa" : 12,  "begin" : 884,  "end" : 885 }, 
        {"sofa" : 12,  "begin" : 887,  "end" : 892 }, 
        {"sofa" : 12,  "begin" : 893,  "end" : 901 }, 
        {"sofa" : 12,  "begin" : 902,  "end" : 905 }, 
        {"sofa" : 12,  "begin" : 906,  "end" : 918 }, 
        {"sofa" : 12,  "begin" : 919,  "end" : 924 }, 
        {"sofa" : 12,  "begin" : 925,  "end" : 932 }, 
        {"sofa" : 12,  "begin" : 932,  "end" : 933 }, 
        {"sofa" : 12,  "begin" : 934,  "end" : 940 }, 
        {"sofa" : 12,  "begin" : 941,  "end" : 948 }, 
        {"sofa" : 12,  "begin" : 949,  "end" : 956 }, 
        {"sofa" : 12,  "begin" : 957,  "end" : 961 }, 
        {"sofa" : 12,  "begin" : 962,  "end" : 963 }, 
        {"sofa" : 12,  "begin" : 964,  "end" : 969 }, 
        {"sofa" : 12,  "begin" : 970,  "end" : 974 }, 
        {"sofa" : 12,  "begin" : 975,  "end" : 979 }, 
        {"sofa" : 12,  "begin" : 980,  "end" : 982 }, 
        {"sofa" : 12,  "begin" : 983,  "end" : 986 }, 
        {"sofa" : 12,  "begin" : 987,  "end" : 993 }, 
        {"sofa" : 12,  "begin" : 994,  "end" : 1002 }, 
        {"sofa" : 12,  "begin" : 1003,  "end" : 1005 }, 
        {"sofa" : 12,  "begin" : 1006,  "end" : 1010 }, 
        {"sofa" : 12,  "begin" : 1010,  "end" : 1011 }, 
        {"sofa" : 12,  "begin" : 1012,  "end" : 1016 }, 
        {"sofa" : 12,  "begin" : 1017,  "end" : 1020 }, 
        {"sofa" : 12,  "begin" : 1021,  "end" : 1026 }, 
        {"sofa" : 12,  "begin" : 1027,  "end" : 1028 }, 
        {"sofa" : 12,  "begin" : 1029,  "end" : 1032 }, 
        {"sofa" : 12,  "begin" : 1033,  "end" : 1037 }, 
        {"sofa" : 12,  "begin" : 1038,  "end" : 1047 }, 
        {"sofa" : 12,  "begin" : 1048,  "end" : 1052 }, 
        {"sofa" : 12,  "begin" : 1053,  "end" : 1057 }, 
        {"sofa" : 12,  "begin" : 1058,  "end" : 1065 }, 
        {"sofa" : 12,  "begin" : 1066,  "end" : 1075 }, 
        {"sofa" : 12,  "begin" : 1076,  "end" : 1082 }, 
        {"sofa" : 12,  "begin" : 1083,  "end" : 1088 }, 
        {"sofa" : 12,  "begin" : 1089,  "end" : 1092 }, 
        {"sofa" : 12,  "begin" : 1092,  "end" : 1093 }, 
        {"sofa" : 12,  "begin" : 1095,  "end" : 1098 }, 
        {"sofa" : 12,  "begin" : 1099,  "end" : 1102 }, 
        {"sofa" : 12,  "begin" : 1103,  "end" : 1110 }, 
        {"sofa" : 12,  "begin" : 1110,  "end" : 1111 }, 
        {"sofa" : 12,  "begin" : 1112,  "end" : 1116 }, 
        {"sofa" : 12,  "begin" : 1117,  "end" : 1123 }, 
        {"sofa" : 12,  "begin" : 1124,  "end" : 1125 }, 
        {"sofa" : 12,  "begin" : 1126,  "end" : 1130 }, 
        {"sofa" : 12,  "begin" : 1131,  "end" : 1135 }, 
        {"sofa" : 12,  "begin" : 1136,  "end" : 1137 }, 
        {"sofa" : 12,  "begin" : 1137,  "end" : 1138 }, 
        {"sofa" : 12,  "begin" : 1138,  "end" : 1139 }, 
        {"sofa" : 12,  "begin" : 1140,  "end" : 1143 }, 
        {"sofa" : 12,  "begin" : 1144,  "end" : 1148 }, 
        {"sofa" : 12,  "begin" : 1149,  "end" : 1153 }, 
        {"sofa" : 12,  "begin" : 1154,  "end" : 1158 }, 
        {"sofa" : 12,  "begin" : 1159,  "end" : 1160 }, 
        {"sofa" : 12,  "begin" : 1160,  "end" : 1161 }, 
        {"sofa" : 12,  "begin" : 1161,  "end" : 1162 }, 
        {"sofa" : 12,  "begin" : 1162,  "end" : 1163 }, 
        {"sofa" : 12,  "begin" : 1165,  "end" : 1166 }, 
        {"sofa" : 12,  "begin" : 1166,  "end" : 1172 }, 
        {"sofa" : 12,  "begin" : 1173,  "end" : 1176 }, 
        {"sofa" : 12,  "begin" : 1177,  "end" : 1183 }, 
        {"sofa" : 12,  "begin" : 1184,  "end" : 1194 }, 
        {"sofa" : 12,  "begin" : 1195,  "end" : 1199 }, 
        {"sofa" : 12,  "begin" : 1200,  "end" : 1201 }, 
        {"sofa" : 12,  "begin" : 1202,  "end" : 1206 }, 
        {"sofa" : 12,  "begin" : 1207,  "end" : 1211 }, 
        {"sofa" : 12,  "begin" : 1211,  "end" : 1212 }, 
        {"sofa" : 12,  "begin" : 1212,  "end" : 1213 }, 
        {"sofa" : 12,  "begin" : 1214,  "end" : 1216 }, 
        {"sofa" : 12,  "begin" : 1217,  "end" : 1221 }, 
        {"sofa" : 12,  "begin" : 1221,  "end" : 1222 }, 
        {"sofa" : 12,  "begin" : 1223,  "end" : 1224 }, 
        {"sofa" : 12,  "begin" : 1224,  "end" : 1228 }, 
        {"sofa" : 12,  "begin" : 1229,  "end" : 1232 }, 
        {"sofa" : 12,  "begin" : 1232,  "end" : 1233 }, 
        {"sofa" : 12,  "begin" : 1234,  "end" : 1235 }, 
        {"sofa" : 12,  "begin" : 1235,  "end" : 1239 }, 
        {"sofa" : 12,  "begin" : 1240,  "end" : 1247 }, 
        {"sofa" : 12,  "begin" : 1247,  "end" : 1248 }, 
        {"sofa" : 12,  "begin" : 1249,  "end" : 1254 }, 
        {"sofa" : 12,  "begin" : 1254,  "end" : 1255 }, 
        {"sofa" : 12,  "begin" : 1255,  "end" : 1256 }, 
        {"sofa" : 12,  "begin" : 1256,  "end" : 1257 }, 
        {"sofa" : 12,  "begin" : 1259,  "end" : 1262 }, 
        {"sofa" : 12,  "begin" : 1263,  "end" : 1267 }, 
        {"sofa" : 12,  "begin" : 1268,  "end" : 1272 }, 
        {"sofa" : 12,  "begin" : 1273,  "end" : 1277 }, 
        {"sofa" : 12,  "begin" : 1278,  "end" : 1280 }, 
        {"sofa" : 12,  "begin" : 1281,  "end" : 1282 }, 
        {"sofa" : 12,  "begin" : 1282,  "end" : 1286 }, 
        {"sofa" : 12,  "begin" : 1287,  "end" : 1289 }, 
        {"sofa" : 12,  "begin" : 1290,  "end" : 1292 }, 
        {"sofa" : 12,  "begin" : 1293,  "end" : 1302 }, 
        {"sofa" : 12,  "begin" : 1303,  "end" : 1307 }, 
        {"sofa" : 12,  "begin" : 1308,  "end" : 1310 }, 
        {"sofa" : 12,  "begin" : 1311,  "end" : 1320 }, 
        {"sofa" : 12,  "begin" : 1321,  "end" : 1328 }, 
        {"sofa" : 12,  "begin" : 1329,  "end" : 1335 }, 
        {"sofa" : 12,  "begin" : 1335,  "end" : 1336 }, 
        {"sofa" : 12,  "begin" : 1336,  "end" : 1337 }, 
        {"sofa" : 12,  "begin" : 1338,  "end" : 1342 }, 
        {"sofa" : 12,  "begin" : 1343,  "end" : 1346 }, 
        {"sofa" : 12,  "begin" : 1347,  "end" : 1353 }, 
        {"sofa" : 12,  "begin" : 1353,  "end" : 1354 }, 
        {"sofa" : 12,  "begin" : 1355,  "end" : 1363 }, 
        {"sofa" : 12,  "begin" : 1364,  "end" : 1366 }, 
        {"sofa" : 12,  "begin" : 1367,  "end" : 1370 }, 
        {"sofa" : 12,  "begin" : 1371,  "end" : 1381 }, 
        {"sofa" : 12,  "begin" : 1382,  "end" : 1384 }, 
        {"sofa" : 12,  "begin" : 1385,  "end" : 1390 }, 
        {"sofa" : 12,  "begin" : 1391,  "end" : 1399 }, 
        {"sofa" : 12,  "begin" : 1400,  "end" : 1401 }, 
        {"sofa" : 12,  "begin" : 1401,  "end" : 1402 }, 
        {"sofa" : 12,  "begin" : 1402,  "end" : 1403 }, 
        {"sofa" : 12,  "begin" : 1404,  "end" : 1417 }, 
        {"sofa" : 12,  "begin" : 1418,  "end" : 1426 }, 
        {"sofa" : 12,  "begin" : 1427,  "end" : 1433 }, 
        {"sofa" : 12,  "begin" : 1433,  "end" : 1434 }, 
        {"sofa" : 12,  "begin" : 1435,  "end" : 1436 }, 
        {"sofa" : 12,  "begin" : 1436,  "end" : 1437 }, 
        {"sofa" : 12,  "begin" : 1437,  "end" : 1438 }, 
        {"sofa" : 12,  "begin" : 1440,  "end" : 1444 }, 
        {"sofa" : 12,  "begin" : 1445,  "end" : 1447 }, 
        {"sofa" : 12,  "begin" : 1448,  "end" : 1453 }, 
        {"sofa" : 12,  "begin" : 1454,  "end" : 1456 }, 
        {"sofa" : 12,  "begin" : 1457,  "end" : 1466 }, 
        {"sofa" : 12,  "begin" : 1467,  "end" : 1476 }, 
        {"sofa" : 12,  "begin" : 1476,  "end" : 1477 }, 
        {"sofa" : 12,  "begin" : 1478,  "end" : 1480 }, 
        {"sofa" : 12,  "begin" : 1481,  "end" : 1488 }, 
        {"sofa" : 12,  "begin" : 1489,  "end" : 1491 }, 
        {"sofa" : 12,  "begin" : 1492,  "end" : 1501 }, 
        {"sofa" : 12,  "begin" : 1501,  "end" : 1502 }, 
        {"sofa" : 12,  "begin" : 1503,  "end" : 1506 }, 
        {"sofa" : 12,  "begin" : 1507,  "end" : 1511 }, 
        {"sofa" : 12,  "begin" : 1512,  "end" : 1516 }, 
        {"sofa" : 12,  "begin" : 1517,  "end" : 1520 }, 
        {"sofa" : 12,  "begin" : 1521,  "end" : 1529 }, 
        {"sofa" : 12,  "begin" : 1530,  "end" : 1531 }, 
        {"sofa" : 12,  "begin" : 1532,  "end" : 1541 }, 
        {"sofa" : 12,  "begin" : 1542,  "end" : 1549 }, 
        {"sofa" : 12,  "begin" : 1550,  "end" : 1556 }, 
        {"sofa" : 12,  "begin" : 1557,  "end" : 1558 }, 
        {"sofa" : 12,  "begin" : 1558,  "end" : 1559 }, 
        {"sofa" : 12,  "begin" : 1559,  "end" : 1560 }, 
        {"sofa" : 12,  "begin" : 1561,  "end" : 1566 }, 
        {"sofa" : 12,  "begin" : 1567,  "end" : 1579 }, 
        {"sofa" : 12,  "begin" : 1579,  "end" : 1580 }, 
        {"sofa" : 12,  "begin" : 1581,  "end" : 1582 }, 
        {"sofa" : 12,  "begin" : 1582,  "end" : 1583 }, 
        {"sofa" : 12,  "begin" : 1583,  "end" : 1584 }, 
        {"sofa" : 12,  "begin" : 1585,  "end" : 1588 }, 
        {"sofa" : 12,  "begin" : 1589,  "end" : 1593 }, 
        {"sofa" : 12,  "begin" : 1594,  "end" : 1601 }, 
        {"sofa" : 12,  "begin" : 1602,  "end" : 1606 }, 
        {"sofa" : 12,  "begin" : 1607,  "end" : 1612 }, 
        {"sofa" : 12,  "begin" : 1613,  "end" : 1619 }, 
        {"sofa" : 12,  "begin" : 1620,  "end" : 1623 }, 
        {"sofa" : 12,  "begin" : 1624,  "end" : 1626 }, 
        {"sofa" : 12,  "begin" : 1627,  "end" : 1628 }, 
        {"sofa" : 12,  "begin" : 1629,  "end" : 1636 }, 
        {"sofa" : 12,  "begin" : 1636,  "end" : 1637 }, 
        {"sofa" : 12,  "begin" : 1638,  "end" : 1641 }, 
        {"sofa" : 12,  "begin" : 1642,  "end" : 1644 }, 
        {"sofa" : 12,  "begin" : 1645,  "end" : 1650 }, 
        {"sofa" : 12,  "begin" : 1651,  "end" : 1655 }, 
        {"sofa" : 12,  "begin" : 1656,  "end" : 1659 }, 
        {"sofa" : 12,  "begin" : 1660,  "end" : 1667 }, 
        {"sofa" : 12,  "begin" : 1668,  "end" : 1670 }, 
        {"sofa" : 12,  "begin" : 1671,  "end" : 1674 }, 
        {"sofa" : 12,  "begin" : 1675,  "end" : 1679 }, 
        {"sofa" : 12,  "begin" : 1679,  "end" : 1680 }, 
        {"sofa" : 12,  "begin" : 1681,  "end" : 1690 }, 
        {"sofa" : 12,  "begin" : 1691,  "end" : 1693 }, 
        {"sofa" : 12,  "begin" : 1694,  "end" : 1697 }, 
        {"sofa" : 12,  "begin" : 1698,  "end" : 1701 }, 
        {"sofa" : 12,  "begin" : 1701,  "end" : 1702 }, 
        {"sofa" : 12,  "begin" : 1703,  "end" : 1710 }, 
        {"sofa" : 12,  "begin" : 1711,  "end" : 1714 }, 
        {"sofa" : 12,  "begin" : 1715,  "end" : 1722 }, 
        {"sofa" : 12,  "begin" : 1723,  "end" : 1730 }, 
        {"sofa" : 12,  "begin" : 1731,  "end" : 1734 }, 
        {"sofa" : 12,  "begin" : 1735,  "end" : 1745 }, 
        {"sofa" : 12,  "begin" : 1745,  "end" : 1746 }, 
        {"sofa" : 12,  "begin" : 1747,  "end" : 1750 }, 
        {"sofa" : 12,  "begin" : 1751,  "end" : 1755 }, 
        {"sofa" : 12,  "begin" : 1756,  "end" : 1760 }, 
        {"sofa" : 12,  "begin" : 1761,  "end" : 1764 }, 
        {"sofa" : 12,  "begin" : 1765,  "end" : 1773 }, 
        {"sofa" : 12,  "begin" : 1774,  "end" : 1778 }, 
        {"sofa" : 12,  "begin" : 1778,  "end" : 1779 }, 
        {"sofa" : 12,  "begin" : 1781,  "end" : 1784 }, 
        {"sofa" : 12,  "begin" : 1785,  "end" : 1792 }, 
        {"sofa" : 12,  "begin" : 1793,  "end" : 1796 }, 
        {"sofa" : 12,  "begin" : 1797,  "end" : 1803 }, 
        {"sofa" : 12,  "begin" : 1804,  "end" : 1813 }, 
        {"sofa" : 12,  "begin" : 1814,  "end" : 1815 }, 
        {"sofa" : 12,  "begin" : 1816,  "end" : 1826 }, 
        {"sofa" : 12,  "begin" : 1827,  "end" : 1835 }, 
        {"sofa" : 12,  "begin" : 1836,  "end" : 1838 }, 
        {"sofa" : 12,  "begin" : 1839,  "end" : 1851 }, 
        {"sofa" : 12,  "begin" : 1852,  "end" : 1857 }, 
        {"sofa" : 12,  "begin" : 1858,  "end" : 1859 }, 
        {"sofa" : 12,  "begin" : 1860,  "end" : 1862 }, 
        {"sofa" : 12,  "begin" : 1863,  "end" : 1874 }, 
        {"sofa" : 12,  "begin" : 1874,  "end" : 1875 }, 
        {"sofa" : 12,  "begin" : 1876,  "end" : 1881 }, 
        {"sofa" : 12,  "begin" : 1882,  "end" : 1884 }, 
        {"sofa" : 12,  "begin" : 1885,  "end" : 1887 }, 
        {"sofa" : 12,  "begin" : 1888,  "end" : 1896 }, 
        {"sofa" : 12,  "begin" : 1897,  "end" : 1902 }, 
        {"sofa" : 12,  "begin" : 1903,  "end" : 1905 }, 
        {"sofa" : 12,  "begin" : 1906,  "end" : 1909 }, 
        {"sofa" : 12,  "begin" : 1910,  "end" : 1914 }, 
        {"sofa" : 12,  "begin" : 1915,  "end" : 1921 }, 
        {"sofa" : 12,  "begin" : 1922,  "end" : 1925 }, 
        {"sofa" : 12,  "begin" : 1926,  "end" : 1932 }, 
        {"sofa" : 12,  "begin" : 1933,  "end" : 1937 }, 
        {"sofa" : 12,  "begin" : 1938,  "end" : 1941 }, 
        {"sofa" : 12,  "begin" : 1942,  "end" : 1949 }, 
        {"sofa" : 12,  "begin" : 1949,  "end" : 1950 }, 
        {"sofa" : 12,  "begin" : 1951,  "end" : 1954 }, 
        {"sofa" : 12,  "begin" : 1955,  "end" : 1965 }, 
        {"sofa" : 12,  "begin" : 1966,  "end" : 1968 }, 
        {"sofa" : 12,  "begin" : 1969,  "end" : 1978 }, 
        {"sofa" : 12,  "begin" : 1979,  "end" : 1986 }, 
        {"sofa" : 12,  "begin" : 1987,  "end" : 1989 }, 
        {"sofa" : 12,  "begin" : 1990,  "end" : 1993 }, 
        {"sofa" : 12,  "begin" : 1994,  "end" : 2001 }, 
        {"sofa" : 12,  "begin" : 2002,  "end" : 2006 }, 
        {"sofa" : 12,  "begin" : 2007,  "end" : 2013 }, 
        {"sofa" : 12,  "begin" : 2014,  "end" : 2019 }, 
        {"sofa" : 12,  "begin" : 2020,  "end" : 2022 }, 
        {"sofa" : 12,  "begin" : 2023,  "end" : 2026 }, 
        {"sofa" : 12,  "begin" : 2027,  "end" : 2035 }, 
        {"sofa" : 12,  "begin" : 2035,  "end" : 2036 }, 
        {"sofa" : 12,  "begin" : 2038,  "end" : 2041 }, 
        {"sofa" : 12,  "begin" : 2042,  "end" : 2046 }, 
        {"sofa" : 12,  "begin" : 2047,  "end" : 2051 }, 
        {"sofa" : 12,  "begin" : 2052,  "end" : 2054 }, 
        {"sofa" : 12,  "begin" : 2055,  "end" : 2056 }, 
        {"sofa" : 12,  "begin" : 2057,  "end" : 2061 }, 
        {"sofa" : 12,  "begin" : 2062,  "end" : 2072 }, 
        {"sofa" : 12,  "begin" : 2073,  "end" : 2078 }, 
        {"sofa" : 12,  "begin" : 2078,  "end" : 2079 }, 
        {"sofa" : 12,  "begin" : 2080,  "end" : 2083 }, 
        {"sofa" : 12,  "begin" : 2084,  "end" : 2087 }, 
        {"sofa" : 12,  "begin" : 2088,  "end" : 2093 }, 
        {"sofa" : 12,  "begin" : 2094,  "end" : 2103 }, 
        {"sofa" : 12,  "begin" : 2104,  "end" : 2108 }, 
        {"sofa" : 12,  "begin" : 2109,  "end" : 2113 }, 
        {"sofa" : 12,  "begin" : 2114,  "end" : 2115 }, 
        {"sofa" : 12,  "begin" : 2116,  "end" : 2122 }, 
        {"sofa" : 12,  "begin" : 2123,  "end" : 2127 }, 
        {"sofa" : 12,  "begin" : 2128,  "end" : 2129 }, 
        {"sofa" : 12,  "begin" : 2130,  "end" : 2131 }, 
        {"sofa" : 12,  "begin" : 2132,  "end" : 2140 }, 
        {"sofa" : 12,  "begin" : 2141,  "end" : 2145 }, 
        {"sofa" : 12,  "begin" : 2145,  "end" : 2146 }, 
        {"sofa" : 12,  "begin" : 2147,  "end" : 2150 }, 
        {"sofa" : 12,  "begin" : 2151,  "end" : 2155 }, 
        {"sofa" : 12,  "begin" : 2156,  "end" : 2159 }, 
        {"sofa" : 12,  "begin" : 2160,  "end" : 2164 }, 
        {"sofa" : 12,  "begin" : 2165,  "end" : 2168 }, 
        {"sofa" : 12,  "begin" : 2169,  "end" : 2174 }, 
        {"sofa" : 12,  "begin" : 2175,  "end" : 2177 }, 
        {"sofa" : 12,  "begin" : 2178,  "end" : 2182 }, 
        {"sofa" : 12,  "begin" : 2183,  "end" : 2189 }, 
        {"sofa" : 12,  "begin" : 2189,  "end" : 2190 }, 
        {"sofa" : 12,  "begin" : 2192,  "end" : 2197 }, 
        {"sofa" : 12,  "begin" : 2198,  "end" : 2201 }, 
        {"sofa" : 12,  "begin" : 2202,  "end" : 2208 }, 
        {"sofa" : 12,  "begin" : 2209,  "end" : 2212 }, 
        {"sofa" : 12,  "begin" : 2213,  "end" : 2216 }, 
        {"sofa" : 12,  "begin" : 2217,  "end" : 2228 }, 
        {"sofa" : 12,  "begin" : 2229,  "end" : 2234 }, 
        {"sofa" : 12,  "begin" : 2235,  "end" : 2238 }, 
        {"sofa" : 12,  "begin" : 2239,  "end" : 2243 }, 
        {"sofa" : 12,  "begin" : 2244,  "end" : 2249 }, 
        {"sofa" : 12,  "begin" : 2250,  "end" : 2253 }, 
        {"sofa" : 12,  "begin" : 2254,  "end" : 2261 }, 
        {"sofa" : 12,  "begin" : 2262,  "end" : 2265 }, 
        {"sofa" : 12,  "begin" : 2266,  "end" : 2270 }, 
        {"sofa" : 12,  "begin" : 2270,  "end" : 2271 }, 
        {"sofa" : 12,  "begin" : 2272,  "end" : 2275 }, 
        {"sofa" : 12,  "begin" : 2276,  "end" : 2281 }, 
        {"sofa" : 12,  "begin" : 2282,  "end" : 2285 }, 
        {"sofa" : 12,  "begin" : 2286,  "end" : 2295 }, 
        {"sofa" : 12,  "begin" : 2296,  "end" : 2298 }, 
        {"sofa" : 12,  "begin" : 2299,  "end" : 2308 }, 
        {"sofa" : 12,  "begin" : 2309,  "end" : 2312 }, 
        {"sofa" : 12,  "begin" : 2313,  "end" : 2318 }, 
        {"sofa" : 12,  "begin" : 2319,  "end" : 2324 }, 
        {"sofa" : 12,  "begin" : 2325,  "end" : 2333 }, 
        {"sofa" : 12,  "begin" : 2334,  "end" : 2337 }, 
        {"sofa" : 12,  "begin" : 2338,  "end" : 2341 }, 
        {"sofa" : 12,  "begin" : 2342,  "end" : 2346 }, 
        {"sofa" : 12,  "begin" : 2347,  "end" : 2353 }, 
        {"sofa" : 12,  "begin" : 2354,  "end" : 2355 }, 
        {"sofa" : 12,  "begin" : 2355,  "end" : 2359 }, 
        {"sofa" : 12,  "begin" : 2360,  "end" : 2364 }, 
        {"sofa" : 12,  "begin" : 2364,  "end" : 2365 }, 
        {"sofa" : 12,  "begin" : 2365,  "end" : 2366 }, 
        {"sofa" : 12,  "begin" : 2368,  "end" : 2371 }, 
        {"sofa" : 12,  "begin" : 2372,  "end" : 2376 }, 
        {"sofa" : 12,  "begin" : 2377,  "end" : 2381 }, 
        {"sofa" : 12,  "begin" : 2382,  "end" : 2385 }, 
        {"sofa" : 12,  "begin" : 2386,  "end" : 2392 }, 
        {"sofa" : 12,  "begin" : 2393,  "end" : 2399 }, 
        {"sofa" : 12,  "begin" : 2400,  "end" : 2402 }, 
        {"sofa" : 12,  "begin" : 2403,  "end" : 2406 }, 
        {"sofa" : 12,  "begin" : 2407,  "end" : 2415 }, 
        {"sofa" : 12,  "begin" : 2416,  "end" : 2420 }, 
        {"sofa" : 12,  "begin" : 2421,  "end" : 2423 }, 
        {"sofa" : 12,  "begin" : 2424,  "end" : 2427 }, 
        {"sofa" : 12,  "begin" : 2428,  "end" : 2434 }, 
        {"sofa" : 12,  "begin" : 2434,  "end" : 2435 }, 
        {"sofa" : 12,  "begin" : 2436,  "end" : 2446 }, 
        {"sofa" : 12,  "begin" : 2447,  "end" : 2452 }, 
        {"sofa" : 12,  "begin" : 2453,  "end" : 2456 }, 
        {"sofa" : 12,  "begin" : 2457,  "end" : 2464 }, 
        {"sofa" : 12,  "begin" : 2464,  "end" : 2465 }, 
        {"sofa" : 12,  "begin" : 2466,  "end" : 2473 }, 
        {"sofa" : 12,  "begin" : 2474,  "end" : 2482 }, 
        {"sofa" : 12,  "begin" : 2482,  "end" : 2483 }, 
        {"sofa" : 12,  "begin" : 2484,  "end" : 2490 }, 
        {"sofa" : 12,  "begin" : 2491,  "end" : 2495 }, 
        {"sofa" : 12,  "begin" : 2495,  "end" : 2496 }, 
        {"sofa" : 12,  "begin" : 2497,  "end" : 2499 }, 
        {"sofa" : 12,  "begin" : 2500,  "end" : 2502 }, 
        {"sofa" : 12,  "begin" : 2503,  "end" : 2506 }, 
        {"sofa" : 12,  "begin" : 2507,  "end" : 2510 }, 
        {"sofa" : 12,  "begin" : 2511,  "end" : 2522 }, 
        {"sofa" : 12,  "begin" : 2523,  "end" : 2527 }, 
        {"sofa" : 12,  "begin" : 2528,  "end" : 2530 }, 
        {"sofa" : 12,  "begin" : 2531,  "end" : 2534 }, 
        {"sofa" : 12,  "begin" : 2535,  "end" : 2542 }, 
        {"sofa" : 12,  "begin" : 2543,  "end" : 2546 }, 
        {"sofa" : 12,  "begin" : 2547,  "end" : 2549 }, 
        {"sofa" : 12,  "begin" : 2550,  "end" : 2554 }, 
        {"sofa" : 12,  "begin" : 2555,  "end" : 2561 }, 
        {"sofa" : 12,  "begin" : 2562,  "end" : 2564 }, 
        {"sofa" : 12,  "begin" : 2565,  "end" : 2569 }, 
        {"sofa" : 12,  "begin" : 2569,  "end" : 2570 }, 
        {"sofa" : 12,  "begin" : 2572,  "end" : 2574 }, 
        {"sofa" : 12,  "begin" : 2575,  "end" : 2578 }, 
        {"sofa" : 12,  "begin" : 2579,  "end" : 2587 }, 
        {"sofa" : 12,  "begin" : 2588,  "end" : 2594 }, 
        {"sofa" : 12,  "begin" : 2595,  "end" : 2605 }, 
        {"sofa" : 12,  "begin" : 2605,  "end" : 2606 }, 
        {"sofa" : 12,  "begin" : 2607,  "end" : 2609 }, 
        {"sofa" : 12,  "begin" : 2610,  "end" : 2612 }, 
        {"sofa" : 12,  "begin" : 2613,  "end" : 2617 }, 
        {"sofa" : 12,  "begin" : 2618,  "end" : 2624 }, 
        {"sofa" : 12,  "begin" : 2624,  "end" : 2625 }, 
        {"sofa" : 12,  "begin" : 2626,  "end" : 2634 }, 
        {"sofa" : 12,  "begin" : 2635,  "end" : 2638 }, 
        {"sofa" : 12,  "begin" : 2639,  "end" : 2644 }, 
        {"sofa" : 12,  "begin" : 2645,  "end" : 2647 }, 
        {"sofa" : 12,  "begin" : 2648,  "end" : 2657 }, 
        {"sofa" : 12,  "begin" : 2658,  "end" : 2667 }, 
        {"sofa" : 12,  "begin" : 2667,  "end" : 2668 }, 
        {"sofa" : 12,  "begin" : 2669,  "end" : 2670 }, 
        {"sofa" : 12,  "begin" : 2670,  "end" : 2674 }, 
        {"sofa" : 12,  "begin" : 2675,  "end" : 2685 }, 
        {"sofa" : 12,  "begin" : 2686,  "end" : 2690 }, 
        {"sofa" : 12,  "begin" : 2691,  "end" : 2699 }, 
        {"sofa" : 12,  "begin" : 2700,  "end" : 2710 }, 
        {"sofa" : 12,  "begin" : 2711,  "end" : 2712 }, 
        {"sofa" : 12,  "begin" : 2713,  "end" : 2719 }, 
        {"sofa" : 12,  "begin" : 2720,  "end" : 2723 }, 
        {"sofa" : 12,  "begin" : 2724,  "end" : 2729 }, 
        {"sofa" : 12,  "begin" : 2729,  "end" : 2730 }, 
        {"sofa" : 12,  "begin" : 2730,  "end" : 2731 }, 
        {"sofa" : 12,  "begin" : 2732,  "end" : 2738 }, 
        {"sofa" : 12,  "begin" : 2739,  "end" : 2743 }, 
        {"sofa" : 12,  "begin" : 2743,  "end" : 2744 }, 
        {"sofa" : 12,  "begin" : 2746,  "end" : 2754 }, 
        {"sofa" : 12,  "begin" : 2755,  "end" : 2762 }, 
        {"sofa" : 12,  "begin" : 2762,  "end" : 2763 }, 
        {"sofa" : 12,  "begin" : 2764,  "end" : 2770 }, 
        {"sofa" : 12,  "begin" : 2771,  "end" : 2780 }, 
        {"sofa" : 12,  "begin" : 2781,  "end" : 2782 }, 
        {"sofa" : 12,  "begin" : 2782,  "end" : 2788 }, 
        {"sofa" : 12,  "begin" : 2789,  "end" : 2793 }, 
        {"sofa" : 12,  "begin" : 2794,  "end" : 2795 }, 
        {"sofa" : 12,  "begin" : 2795,  "end" : 2798 }, 
        {"sofa" : 12,  "begin" : 2798,  "end" : 2799 }, 
        {"sofa" : 12,  "begin" : 2799,  "end" : 2800 }, 
        {"sofa" : 12,  "begin" : 2800,  "end" : 2801 }, 
        {"sofa" : 12,  "begin" : 2802,  "end" : 2805 }, 
        {"sofa" : 12,  "begin" : 2806,  "end" : 2808 }, 
        {"sofa" : 12,  "begin" : 2809,  "end" : 2813 }, 
        {"sofa" : 12,  "begin" : 2814,  "end" : 2817 }, 
        {"sofa" : 12,  "begin" : 2818,  "end" : 2829 }, 
        {"sofa" : 12,  "begin" : 2830,  "end" : 2832 }, 
        {"sofa" : 12,  "begin" : 2833,  "end" : 2842 }, 
        {"sofa" : 12,  "begin" : 2843,  "end" : 2850 }, 
        {"sofa" : 12,  "begin" : 2851,  "end" : 2855 }, 
        {"sofa" : 12,  "begin" : 2856,  "end" : 2859 }, 
        {"sofa" : 12,  "begin" : 2860,  "end" : 2864 }, 
        {"sofa" : 12,  "begin" : 2865,  "end" : 2868 }, 
        {"sofa" : 12,  "begin" : 2869,  "end" : 2871 }, 
        {"sofa" : 12,  "begin" : 2872,  "end" : 2881 }, 
        {"sofa" : 12,  "begin" : 2882,  "end" : 2884 }, 
        {"sofa" : 12,  "begin" : 2885,  "end" : 2890 }, 
        {"sofa" : 12,  "begin" : 2891,  "end" : 2896 }, 
        {"sofa" : 12,  "begin" : 2896,  "end" : 2897 }, 
        {"sofa" : 12,  "begin" : 2898,  "end" : 2902 }, 
        {"sofa" : 12,  "begin" : 2903,  "end" : 2906 }, 
        {"sofa" : 12,  "begin" : 2907,  "end" : 2914 }, 
        {"sofa" : 12,  "begin" : 2915,  "end" : 2925 }, 
        {"sofa" : 12,  "begin" : 2926,  "end" : 2929 }, 
        {"sofa" : 12,  "begin" : 2930,  "end" : 2931 }, 
        {"sofa" : 12,  "begin" : 2931,  "end" : 2932 }, 
        {"sofa" : 12,  "begin" : 2932,  "end" : 2933 }, 
        {"sofa" : 12,  "begin" : 2934,  "end" : 2940 }, 
        {"sofa" : 12,  "begin" : 2941,  "end" : 2942 }, 
        {"sofa" : 12,  "begin" : 2943,  "end" : 2948 }, 
        {"sofa" : 12,  "begin" : 2949,  "end" : 2953 }, 
        {"sofa" : 12,  "begin" : 2954,  "end" : 2956 }, 
        {"sofa" : 12,  "begin" : 2957,  "end" : 2968 }, 
        {"sofa" : 12,  "begin" : 2969,  "end" : 2971 }, 
        {"sofa" : 12,  "begin" : 2971,  "end" : 2972 }, 
        {"sofa" : 12,  "begin" : 2973,  "end" : 2974 }, 
        {"sofa" : 12,  "begin" : 2974,  "end" : 2975 }, 
        {"sofa" : 12,  "begin" : 2975,  "end" : 2976 }, 
        {"sofa" : 12,  "begin" : 2978,  "end" : 2979 }, 
        {"sofa" : 12,  "begin" : 2979,  "end" : 2981 }, 
        {"sofa" : 12,  "begin" : 2982,  "end" : 2988 }, 
        {"sofa" : 12,  "begin" : 2989,  "end" : 2997 }, 
        {"sofa" : 12,  "begin" : 2998,  "end" : 3000 }, 
        {"sofa" : 12,  "begin" : 3001,  "end" : 3007 }, 
        {"sofa" : 12,  "begin" : 3007,  "end" : 3008 }, 
        {"sofa" : 12,  "begin" : 3009,  "end" : 3013 }, 
        {"sofa" : 12,  "begin" : 3013,  "end" : 3014 }, 
        {"sofa" : 12,  "begin" : 3015,  "end" : 3019 }, 
        {"sofa" : 12,  "begin" : 3020,  "end" : 3026 }, 
        {"sofa" : 12,  "begin" : 3027,  "end" : 3032 }, 
        {"sofa" : 12,  "begin" : 3033,  "end" : 3036 }, 
        {"sofa" : 12,  "begin" : 3037,  "end" : 3043 }, 
        {"sofa" : 12,  "begin" : 3044,  "end" : 3049 }, 
        {"sofa" : 12,  "begin" : 3050,  "end" : 3053 }, 
        {"sofa" : 12,  "begin" : 3053,  "end" : 3054 }, 
        {"sofa" : 12,  "begin" : 3055,  "end" : 3057 }, 
        {"sofa" : 12,  "begin" : 3058,  "end" : 3060 }, 
        {"sofa" : 12,  "begin" : 3061,  "end" : 3064 }, 
        {"sofa" : 12,  "begin" : 3065,  "end" : 3069 }, 
        {"sofa" : 12,  "begin" : 3070,  "end" : 3071 }, 
        {"sofa" : 12,  "begin" : 3072,  "end" : 3080 }, 
        {"sofa" : 12,  "begin" : 3081,  "end" : 3083 }, 
        {"sofa" : 12,  "begin" : 3084,  "end" : 3090 }, 
        {"sofa" : 12,  "begin" : 3090,  "end" : 3091 }, 
        {"sofa" : 12,  "begin" : 3092,  "end" : 3095 }, 
        {"sofa" : 12,  "begin" : 3096,  "end" : 3100 }, 
        {"sofa" : 12,  "begin" : 3101,  "end" : 3103 }, 
        {"sofa" : 12,  "begin" : 3103,  "end" : 3104 }, 
        {"sofa" : 12,  "begin" : 3105,  "end" : 3111 }, 
        {"sofa" : 12,  "begin" : 3112,  "end" : 3116 }, 
        {"sofa" : 12,  "begin" : 3117,  "end" : 3119 }, 
        {"sofa" : 12,  "begin" : 3120,  "end" : 3123 }, 
        {"sofa" : 12,  "begin" : 3124,  "end" : 3128 }, 
        {"sofa" : 12,  "begin" : 3129,  "end" : 3131 }, 
        {"sofa" : 12,  "begin" : 3132,  "end" : 3139 }, 
        {"sofa" : 12,  "begin" : 3140,  "end" : 3148 }, 
        {"sofa" : 12,  "begin" : 3149,  "end" : 3151 }, 
        {"sofa" : 12,  "begin" : 3152,  "end" : 3158 }, 
        {"sofa" : 12,  "begin" : 3158,  "end" : 3159 }, 
        {"sofa" : 12,  "begin" : 3160,  "end" : 3163 }, 
        {"sofa" : 12,  "begin" : 3164,  "end" : 3171 }, 
        {"sofa" : 12,  "begin" : 3172,  "end" : 3179 }, 
        {"sofa" : 12,  "begin" : 3180,  "end" : 3185 }, 
        {"sofa" : 12,  "begin" : 3185,  "end" : 3186 }, 
        {"sofa" : 12,  "begin" : 3186,  "end" : 3187 }, 
        {"sofa" : 12,  "begin" : 3188,  "end" : 3192 }, 
        {"sofa" : 12,  "begin" : 3193,  "end" : 3194 }, 
        {"sofa" : 12,  "begin" : 3194,  "end" : 3195 }, 
        {"sofa" : 12,  "begin" : 3195,  "end" : 3196 }, 
        {"sofa" : 12,  "begin" : 3197,  "end" : 3203 }, 
        {"sofa" : 12,  "begin" : 3204,  "end" : 3216 }, 
        {"sofa" : 12,  "begin" : 3217,  "end" : 3218 }, 
        {"sofa" : 12,  "begin" : 3218,  "end" : 3219 }, 
        {"sofa" : 12,  "begin" : 3219,  "end" : 3220 }, 
        {"sofa" : 12,  "begin" : 3220,  "end" : 3221 }, 
        {"sofa" : 12,  "begin" : 3222,  "end" : 3224 }, 
        {"sofa" : 12,  "begin" : 3225,  "end" : 3228 }, 
        {"sofa" : 12,  "begin" : 3229,  "end" : 3239 }, 
        {"sofa" : 12,  "begin" : 3240,  "end" : 3242 }, 
        {"sofa" : 12,  "begin" : 3243,  "end" : 3251 }, 
        {"sofa" : 12,  "begin" : 3252,  "end" : 3258 }, 
        {"sofa" : 12,  "begin" : 3259,  "end" : 3261 }, 
        {"sofa" : 12,  "begin" : 3262,  "end" : 3270 }, 
        {"sofa" : 12,  "begin" : 3270,  "end" : 3271 }, 
        {"sofa" : 12,  "begin" : 3273,  "end" : 3277 }, 
        {"sofa" : 12,  "begin" : 3278,  "end" : 3285 }, 
        {"sofa" : 12,  "begin" : 3286,  "end" : 3289 }, 
        {"sofa" : 12,  "begin" : 3290,  "end" : 3294 }, 
        {"sofa" : 12,  "begin" : 3295,  "end" : 3300 }, 
        {"sofa" : 12,  "begin" : 3301,  "end" : 3310 }, 
        {"sofa" : 12,  "begin" : 3311,  "end" : 3318 }, 
        {"sofa" : 12,  "begin" : 3319,  "end" : 3325 }, 
        {"sofa" : 12,  "begin" : 3326,  "end" : 3330 }, 
        {"sofa" : 12,  "begin" : 3331,  "end" : 3335 }, 
        {"sofa" : 12,  "begin" : 3336,  "end" : 3345 }, 
        {"sofa" : 12,  "begin" : 3345,  "end" : 3346 }, 
        {"sofa" : 12,  "begin" : 3347,  "end" : 3349 }, 
        {"sofa" : 12,  "begin" : 3350,  "end" : 3353 }, 
        {"sofa" : 12,  "begin" : 3354,  "end" : 3355 }, 
        {"sofa" : 12,  "begin" : 3356,  "end" : 3363 }, 
        {"sofa" : 12,  "begin" : 3364,  "end" : 3369 }, 
        {"sofa" : 12,  "begin" : 3369,  "end" : 3370 }, 
        {"sofa" : 12,  "begin" : 3371,  "end" : 3376 }, 
        {"sofa" : 12,  "begin" : 3377,  "end" : 3378 }, 
        {"sofa" : 12,  "begin" : 3379,  "end" : 3385 }, 
        {"sofa" : 12,  "begin" : 3386,  "end" : 3394 }, 
        {"sofa" : 12,  "begin" : 3395,  "end" : 3397 }, 
        {"sofa" : 12,  "begin" : 3398,  "end" : 3405 }, 
        {"sofa" : 12,  "begin" : 3406,  "end" : 3410 }, 
        {"sofa" : 12,  "begin" : 3411,  "end" : 3415 }, 
        {"sofa" : 12,  "begin" : 3416,  "end" : 3427 }, 
        {"sofa" : 12,  "begin" : 3428,  "end" : 3433 }, 
        {"sofa" : 12,  "begin" : 3434,  "end" : 3440 }, 
        {"sofa" : 12,  "begin" : 3441,  "end" : 3443 }, 
        {"sofa" : 12,  "begin" : 3444,  "end" : 3451 }, 
        {"sofa" : 12,  "begin" : 3452,  "end" : 3454 }, 
        {"sofa" : 12,  "begin" : 3455,  "end" : 3461 }, 
        {"sofa" : 12,  "begin" : 3462,  "end" : 3469 }, 
        {"sofa" : 12,  "begin" : 3469,  "end" : 3470 }, 
        {"sofa" : 12,  "begin" : 3471,  "end" : 3478 }, 
        {"sofa" : 12,  "begin" : 3479,  "end" : 3483 }, 
        {"sofa" : 12,  "begin" : 3484,  "end" : 3493 }, 
        {"sofa" : 12,  "begin" : 3494,  "end" : 3499 }, 
        {"sofa" : 12,  "begin" : 3500,  "end" : 3505 }, 
        {"sofa" : 12,  "begin" : 3506,  "end" : 3509 }, 
        {"sofa" : 12,  "begin" : 3510,  "end" : 3518 }, 
        {"sofa" : 12,  "begin" : 3519,  "end" : 3521 }, 
        {"sofa" : 12,  "begin" : 3522,  "end" : 3527 }, 
        {"sofa" : 12,  "begin" : 3528,  "end" : 3531 }, 
        {"sofa" : 12,  "begin" : 3532,  "end" : 3537 }, 
        {"sofa" : 12,  "begin" : 3537,  "end" : 3538 }, 
        {"sofa" : 12,  "begin" : 3539,  "end" : 3543 }, 
        {"sofa" : 12,  "begin" : 3544,  "end" : 3548 }, 
        {"sofa" : 12,  "begin" : 3549,  "end" : 3551 }, 
        {"sofa" : 12,  "begin" : 3552,  "end" : 3556 }, 
        {"sofa" : 12,  "begin" : 3557,  "end" : 3562 }, 
        {"sofa" : 12,  "begin" : 3563,  "end" : 3568 }, 
        {"sofa" : 12,  "begin" : 3569,  "end" : 3573 }, 
        {"sofa" : 12,  "begin" : 3574,  "end" : 3580 }, 
        {"sofa" : 12,  "begin" : 3580,  "end" : 3581 }, 
        {"sofa" : 12,  "begin" : 3582,  "end" : 3584 }, 
        {"sofa" : 12,  "begin" : 3585,  "end" : 3589 }, 
        {"sofa" : 12,  "begin" : 3589,  "end" : 3590 }, 
        {"sofa" : 12,  "begin" : 3592,  "end" : 3594 }, 
        {"sofa" : 12,  "begin" : 3595,  "end" : 3598 }, 
        {"sofa" : 12,  "begin" : 3599,  "end" : 3607 }, 
        {"sofa" : 12,  "begin" : 3607,  "end" : 3608 }, 
        {"sofa" : 12,  "begin" : 3609,  "end" : 3621 }, 
        {"sofa" : 12,  "begin" : 3622,  "end" : 3625 }, 
        {"sofa" : 12,  "begin" : 3626,  "end" : 3630 }, 
        {"sofa" : 12,  "begin" : 3631,  "end" : 3633 }, 
        {"sofa" : 12,  "begin" : 3634,  "end" : 3637 }, 
        {"sofa" : 12,  "begin" : 3638,  "end" : 3642 }, 
        {"sofa" : 12,  "begin" : 3643,  "end" : 3646 }, 
        {"sofa" : 12,  "begin" : 3647,  "end" : 3650 }, 
        {"sofa" : 12,  "begin" : 3651,  "end" : 3656 }, 
        {"sofa" : 12,  "begin" : 3657,  "end" : 3664 }, 
        {"sofa" : 12,  "begin" : 3665,  "end" : 3668 }, 
        {"sofa" : 12,  "begin" : 3669,  "end" : 3676 }, 
        {"sofa" : 12,  "begin" : 3677,  "end" : 3685 }, 
        {"sofa" : 12,  "begin" : 3686,  "end" : 3696 }, 
        {"sofa" : 12,  "begin" : 3697,  "end" : 3700 }, 
        {"sofa" : 12,  "begin" : 3701,  "end" : 3708 }, 
        {"sofa" : 12,  "begin" : 3709,  "end" : 3717 }, 
        {"sofa" : 12,  "begin" : 3718,  "end" : 3722 }, 
        {"sofa" : 12,  "begin" : 3723,  "end" : 3725 }, 
        {"sofa" : 12,  "begin" : 3726,  "end" : 3727 }, 
        {"sofa" : 12,  "begin" : 3728,  "end" : 3733 }, 
        {"sofa" : 12,  "begin" : 3734,  "end" : 3739 }, 
        {"sofa" : 12,  "begin" : 3740,  "end" : 3742 }, 
        {"sofa" : 12,  "begin" : 3743,  "end" : 3746 }, 
        {"sofa" : 12,  "begin" : 3747,  "end" : 3754 }, 
        {"sofa" : 12,  "begin" : 3755,  "end" : 3758 }, 
        {"sofa" : 12,  "begin" : 3759,  "end" : 3767 }, 
        {"sofa" : 12,  "begin" : 3768,  "end" : 3774 }, 
        {"sofa" : 12,  "begin" : 3775,  "end" : 3781 }, 
        {"sofa" : 12,  "begin" : 3781,  "end" : 3782 }, 
        {"sofa" : 12,  "begin" : 3783,  "end" : 3787 }, 
        {"sofa" : 12,  "begin" : 3788,  "end" : 3797 }, 
        {"sofa" : 12,  "begin" : 3798,  "end" : 3801 }, 
        {"sofa" : 12,  "begin" : 3802,  "end" : 3808 }, 
        {"sofa" : 12,  "begin" : 3809,  "end" : 3817 }, 
        {"sofa" : 12,  "begin" : 3818,  "end" : 3819 }, 
        {"sofa" : 12,  "begin" : 3819,  "end" : 3826 }, 
        {"sofa" : 12,  "begin" : 3826,  "end" : 3827 }, 
        {"sofa" : 12,  "begin" : 3828,  "end" : 3832 }, 
        {"sofa" : 12,  "begin" : 3833,  "end" : 3838 }, 
        {"sofa" : 12,  "begin" : 3839,  "end" : 3842 }, 
        {"sofa" : 12,  "begin" : 3843,  "end" : 3850 }, 
        {"sofa" : 12,  "begin" : 3851,  "end" : 3857 }, 
        {"sofa" : 12,  "begin" : 3858,  "end" : 3864 }, 
        {"sofa" : 12,  "begin" : 3865,  "end" : 3870 }, 
        {"sofa" : 12,  "begin" : 3870,  "end" : 3871 }, 
        {"sofa" : 12,  "begin" : 3873,  "end" : 3876 }, 
        {"sofa" : 12,  "begin" : 3877,  "end" : 3882 }, 
        {"sofa" : 12,  "begin" : 3883,  "end" : 3885 }, 
        {"sofa" : 12,  "begin" : 3886,  "end" : 3889 }, 
        {"sofa" : 12,  "begin" : 3890,  "end" : 3894 }, 
        {"sofa" : 12,  "begin" : 3895,  "end" : 3899 }, 
        {"sofa" : 12,  "begin" : 3900,  "end" : 3904 }, 
        {"sofa" : 12,  "begin" : 3905,  "end" : 3906 }, 
        {"sofa" : 12,  "begin" : 3906,  "end" : 3909 }, 
        {"sofa" : 12,  "begin" : 3909,  "end" : 3910 }, 
        {"sofa" : 12,  "begin" : 3911,  "end" : 3918 }, 
        {"sofa" : 12,  "begin" : 3919,  "end" : 3922 }, 
        {"sofa" : 12,  "begin" : 3923,  "end" : 3930 }, 
        {"sofa" : 12,  "begin" : 3931,  "end" : 3938 }, 
        {"sofa" : 12,  "begin" : 3939,  "end" : 3942 }, 
        {"sofa" : 12,  "begin" : 3943,  "end" : 3953 }, 
        {"sofa" : 12,  "begin" : 3953,  "end" : 3954 }, 
        {"sofa" : 12,  "begin" : 3956,  "end" : 3960 }, 
        {"sofa" : 12,  "begin" : 3961,  "end" : 3967 }, 
        {"sofa" : 12,  "begin" : 3968,  "end" : 3970 }, 
        {"sofa" : 12,  "begin" : 3971,  "end" : 3973 }, 
        {"sofa" : 12,  "begin" : 3974,  "end" : 3987 }, 
        {"sofa" : 12,  "begin" : 3988,  "end" : 3994 }, 
        {"sofa" : 12,  "begin" : 3995,  "end" : 3997 }, 
        {"sofa" : 12,  "begin" : 3998,  "end" : 4002 }, 
        {"sofa" : 12,  "begin" : 4002,  "end" : 4003 }, 
        {"sofa" : 12,  "begin" : 4004,  "end" : 4009 }, 
        {"sofa" : 12,  "begin" : 4010,  "end" : 4011 }, 
        {"sofa" : 12,  "begin" : 4012,  "end" : 4015 }, 
        {"sofa" : 12,  "begin" : 4016,  "end" : 4020 }, 
        {"sofa" : 12,  "begin" : 4021,  "end" : 4023 }, 
        {"sofa" : 12,  "begin" : 4024,  "end" : 4031 }, 
        {"sofa" : 12,  "begin" : 4032,  "end" : 4037 }, 
        {"sofa" : 12,  "begin" : 4038,  "end" : 4040 }, 
        {"sofa" : 12,  "begin" : 4041,  "end" : 4044 }, 
        {"sofa" : 12,  "begin" : 4045,  "end" : 4053 }, 
        {"sofa" : 12,  "begin" : 4053,  "end" : 4054 }, 
        {"sofa" : 12,  "begin" : 4055,  "end" : 4058 }, 
        {"sofa" : 12,  "begin" : 4059,  "end" : 4069 }, 
        {"sofa" : 12,  "begin" : 4070,  "end" : 4073 }, 
        {"sofa" : 12,  "begin" : 4074,  "end" : 4078 }, 
        {"sofa" : 12,  "begin" : 4079,  "end" : 4080 }, 
        {"sofa" : 12,  "begin" : 4081,  "end" : 4084 }, 
        {"sofa" : 12,  "begin" : 4085,  "end" : 4092 }, 
        {"sofa" : 12,  "begin" : 4093,  "end" : 4096 }, 
        {"sofa" : 12,  "begin" : 4097,  "end" : 4104 }, 
        {"sofa" : 12,  "begin" : 4105,  "end" : 4110 }, 
        {"sofa" : 12,  "begin" : 4111,  "end" : 4113 }, 
        {"sofa" : 12,  "begin" : 4114,  "end" : 4119 }, 
        {"sofa" : 12,  "begin" : 4120,  "end" : 4128 }, 
        {"sofa" : 12,  "begin" : 4129,  "end" : 4136 }, 
        {"sofa" : 12,  "begin" : 4137,  "end" : 4142 }, 
        {"sofa" : 12,  "begin" : 4143,  "end" : 4144 }, 
        {"sofa" : 12,  "begin" : 4145,  "end" : 4146 }, 
        {"sofa" : 12,  "begin" : 4147,  "end" : 4157 }, 
        {"sofa" : 12,  "begin" : 4158,  "end" : 4165 }, 
        {"sofa" : 12,  "begin" : 4165,  "end" : 4166 }, 
        {"sofa" : 12,  "begin" : 4167,  "end" : 4169 }, 
        {"sofa" : 12,  "begin" : 4170,  "end" : 4178 }, 
        {"sofa" : 12,  "begin" : 4179,  "end" : 4182 }, 
        {"sofa" : 12,  "begin" : 4183,  "end" : 4192 }, 
        {"sofa" : 12,  "begin" : 4193,  "end" : 4196 }, 
        {"sofa" : 12,  "begin" : 4197,  "end" : 4203 }, 
        {"sofa" : 12,  "begin" : 4204,  "end" : 4211 }, 
        {"sofa" : 12,  "begin" : 4211,  "end" : 4212 }, 
        {"sofa" : 12,  "begin" : 4214,  "end" : 4218 }, 
        {"sofa" : 12,  "begin" : 4219,  "end" : 4231 }, 
        {"sofa" : 12,  "begin" : 4232,  "end" : 4235 }, 
        {"sofa" : 12,  "begin" : 4236,  "end" : 4239 }, 
        {"sofa" : 12,  "begin" : 4240,  "end" : 4244 }, 
        {"sofa" : 12,  "begin" : 4245,  "end" : 4249 }, 
        {"sofa" : 12,  "begin" : 4250,  "end" : 4251 }, 
        {"sofa" : 12,  "begin" : 4252,  "end" : 4258 }, 
        {"sofa" : 12,  "begin" : 4259,  "end" : 4263 }, 
        {"sofa" : 12,  "begin" : 4264,  "end" : 4266 }, 
        {"sofa" : 12,  "begin" : 4267,  "end" : 4275 }, 
        {"sofa" : 12,  "begin" : 4276,  "end" : 4278 }, 
        {"sofa" : 12,  "begin" : 4279,  "end" : 4283 }, 
        {"sofa" : 12,  "begin" : 4284,  "end" : 4286 }, 
        {"sofa" : 12,  "begin" : 4287,  "end" : 4292 }, 
        {"sofa" : 12,  "begin" : 4293,  "end" : 4299 }, 
        {"sofa" : 12,  "begin" : 4299,  "end" : 4300 }, 
        {"sofa" : 12,  "begin" : 4301,  "end" : 4305 }, 
        {"sofa" : 12,  "begin" : 4306,  "end" : 4311 }, 
        {"sofa" : 12,  "begin" : 4312,  "end" : 4315 }, 
        {"sofa" : 12,  "begin" : 4316,  "end" : 4323 }, 
        {"sofa" : 12,  "begin" : 4324,  "end" : 4331 }, 
        {"sofa" : 12,  "begin" : 4332,  "end" : 4334 }, 
        {"sofa" : 12,  "begin" : 4335,  "end" : 4341 }, 
        {"sofa" : 12,  "begin" : 4342,  "end" : 4345 }, 
        {"sofa" : 12,  "begin" : 4346,  "end" : 4355 }, 
        {"sofa" : 12,  "begin" : 4356,  "end" : 4359 }, 
        {"sofa" : 12,  "begin" : 4360,  "end" : 4364 }, 
        {"sofa" : 12,  "begin" : 4365,  "end" : 4374 }, 
        {"sofa" : 12,  "begin" : 4375,  "end" : 4380 }, 
        {"sofa" : 12,  "begin" : 4381,  "end" : 4382 }, 
        {"sofa" : 12,  "begin" : 4383,  "end" : 4387 }, 
        {"sofa" : 12,  "begin" : 4388,  "end" : 4389 }, 
        {"sofa" : 12,  "begin" : 4390,  "end" : 4399 }, 
        {"sofa" : 12,  "begin" : 4400,  "end" : 4402 }, 
        {"sofa" : 12,  "begin" : 4403,  "end" : 4405 }, 
        {"sofa" : 12,  "begin" : 4406,  "end" : 4422 }, 
        {"sofa" : 12,  "begin" : 4423,  "end" : 4432 }, 
        {"sofa" : 12,  "begin" : 4432,  "end" : 4433 }, 
        {"sofa" : 12,  "begin" : 4434,  "end" : 4438 }, 
        {"sofa" : 12,  "begin" : 4439,  "end" : 4445 }, 
        {"sofa" : 12,  "begin" : 4446,  "end" : 4448 }, 
        {"sofa" : 12,  "begin" : 4449,  "end" : 4451 }, 
        {"sofa" : 12,  "begin" : 4452,  "end" : 4455 }, 
        {"sofa" : 12,  "begin" : 4456,  "end" : 4462 }, 
        {"sofa" : 12,  "begin" : 4463,  "end" : 4467 }, 
        {"sofa" : 12,  "begin" : 4468,  "end" : 4471 }, 
        {"sofa" : 12,  "begin" : 4472,  "end" : 4476 }, 
        {"sofa" : 12,  "begin" : 4477,  "end" : 4479 }, 
        {"sofa" : 12,  "begin" : 4480,  "end" : 4487 }, 
        {"sofa" : 12,  "begin" : 4488,  "end" : 4496 }, 
        {"sofa" : 12,  "begin" : 4496,  "end" : 4497 }, 
        {"sofa" : 12,  "begin" : 4498,  "end" : 4500 }, 
        {"sofa" : 12,  "begin" : 4501,  "end" : 4505 }, 
        {"sofa" : 12,  "begin" : 4505,  "end" : 4506 }, 
        {"sofa" : 12,  "begin" : 4507,  "end" : 4510 }, 
        {"sofa" : 12,  "begin" : 4511,  "end" : 4520 }, 
        {"sofa" : 12,  "begin" : 4521,  "end" : 4530 }, 
        {"sofa" : 12,  "begin" : 4531,  "end" : 4532 }, 
        {"sofa" : 12,  "begin" : 4533,  "end" : 4536 }, 
        {"sofa" : 12,  "begin" : 4537,  "end" : 4541 }, 
        {"sofa" : 12,  "begin" : 4541,  "end" : 4542 }, 
        {"sofa" : 12,  "begin" : 4543,  "end" : 4546 }, 
        {"sofa" : 12,  "begin" : 4547,  "end" : 4556 }, 
        {"sofa" : 12,  "begin" : 4557,  "end" : 4560 }, 
        {"sofa" : 12,  "begin" : 4561,  "end" : 4563 }, 
        {"sofa" : 12,  "begin" : 4564,  "end" : 4568 }, 
        {"sofa" : 12,  "begin" : 4569,  "end" : 4575 }, 
        {"sofa" : 12,  "begin" : 4575,  "end" : 4576 }, 
        {"sofa" : 12,  "begin" : 4578,  "end" : 4582 }, 
        {"sofa" : 12,  "begin" : 4583,  "end" : 4593 }, 
        {"sofa" : 12,  "begin" : 4594,  "end" : 4599 }, 
        {"sofa" : 12,  "begin" : 4599,  "end" : 4600 }, 
        {"sofa" : 12,  "begin" : 4601,  "end" : 4605 }, 
        {"sofa" : 12,  "begin" : 4606,  "end" : 4618 }, 
        {"sofa" : 12,  "begin" : 4618,  "end" : 4619 }, 
        {"sofa" : 12,  "begin" : 4620,  "end" : 4623 }, 
        {"sofa" : 12,  "begin" : 4624,  "end" : 4628 }, 
        {"sofa" : 12,  "begin" : 4629,  "end" : 4633 }, 
        {"sofa" : 12,  "begin" : 4634,  "end" : 4638 }, 
        {"sofa" : 12,  "begin" : 4638,  "end" : 4639 }, 
        {"sofa" : 12,  "begin" : 4641,  "end" : 4643 }, 
        {"sofa" : 12,  "begin" : 4644,  "end" : 4646 }, 
        {"sofa" : 12,  "begin" : 4647,  "end" : 4654 }, 
        {"sofa" : 12,  "begin" : 4655,  "end" : 4658 }, 
        {"sofa" : 12,  "begin" : 4659,  "end" : 4663 }, 
        {"sofa" : 12,  "begin" : 4664,  "end" : 4670 }, 
        {"sofa" : 12,  "begin" : 4671,  "end" : 4677 }, 
        {"sofa" : 12,  "begin" : 4678,  "end" : 4682 }, 
        {"sofa" : 12,  "begin" : 4683,  "end" : 4686 }, 
        {"sofa" : 12,  "begin" : 4687,  "end" : 4696 }, 
        {"sofa" : 12,  "begin" : 4697,  "end" : 4704 }, 
        {"sofa" : 12,  "begin" : 4704,  "end" : 4705 }, 
        {"sofa" : 12,  "begin" : 4706,  "end" : 4714 }, 
        {"sofa" : 12,  "begin" : 4715,  "end" : 4727 }, 
        {"sofa" : 12,  "begin" : 4728,  "end" : 4732 }, 
        {"sofa" : 12,  "begin" : 4733,  "end" : 4735 }, 
        {"sofa" : 12,  "begin" : 4736,  "end" : 4739 }, 
        {"sofa" : 12,  "begin" : 4740,  "end" : 4745 }, 
        {"sofa" : 12,  "begin" : 4746,  "end" : 4753 }, 
        {"sofa" : 12,  "begin" : 4754,  "end" : 4758 }, 
        {"sofa" : 12,  "begin" : 4759,  "end" : 4763 }, 
        {"sofa" : 12,  "begin" : 4764,  "end" : 4770 }, 
        {"sofa" : 12,  "begin" : 4771,  "end" : 4781 }, 
        {"sofa" : 12,  "begin" : 4782,  "end" : 4784 }, 
        {"sofa" : 12,  "begin" : 4785,  "end" : 4788 }, 
        {"sofa" : 12,  "begin" : 4789,  "end" : 4794 }, 
        {"sofa" : 12,  "begin" : 4795,  "end" : 4797 }, 
        {"sofa" : 12,  "begin" : 4798,  "end" : 4802 }, 
        {"sofa" : 12,  "begin" : 4803,  "end" : 4809 }, 
        {"sofa" : 12,  "begin" : 4810,  "end" : 4815 }, 
        {"sofa" : 12,  "begin" : 4815,  "end" : 4816 }, 
        {"sofa" : 12,  "begin" : 4818,  "end" : 4820 }, 
        {"sofa" : 12,  "begin" : 4821,  "end" : 4823 }, 
        {"sofa" : 12,  "begin" : 4824,  "end" : 4827 }, 
        {"sofa" : 12,  "begin" : 4828,  "end" : 4833 }, 
        {"sofa" : 12,  "begin" : 4834,  "end" : 4836 }, 
        {"sofa" : 12,  "begin" : 4837,  "end" : 4841 }, 
        {"sofa" : 12,  "begin" : 4841,  "end" : 4842 }, 
        {"sofa" : 12,  "begin" : 4843,  "end" : 4855 }, 
        {"sofa" : 12,  "begin" : 4856,  "end" : 4860 }, 
        {"sofa" : 12,  "begin" : 4861,  "end" : 4865 }, 
        {"sofa" : 12,  "begin" : 4866,  "end" : 4870 }, 
        {"sofa" : 12,  "begin" : 4871,  "end" : 4874 }, 
        {"sofa" : 12,  "begin" : 4875,  "end" : 4882 }, 
        {"sofa" : 12,  "begin" : 4883,  "end" : 4890 }, 
        {"sofa" : 12,  "begin" : 4891,  "end" : 4896 }, 
        {"sofa" : 12,  "begin" : 4897,  "end" : 4908 }, 
        {"sofa" : 12,  "begin" : 4909,  "end" : 4911 }, 
        {"sofa" : 12,  "begin" : 4912,  "end" : 4913 }, 
        {"sofa" : 12,  "begin" : 4914,  "end" : 4915 }, 
        {"sofa" : 12,  "begin" : 4916,  "end" : 4927 }, 
        {"sofa" : 12,  "begin" : 4928,  "end" : 4932 }, 
        {"sofa" : 12,  "begin" : 4933,  "end" : 4940 }, 
        {"sofa" : 12,  "begin" : 4941,  "end" : 4943 }, 
        {"sofa" : 12,  "begin" : 4944,  "end" : 4947 }, 
        {"sofa" : 12,  "begin" : 4948,  "end" : 4952 }, 
        {"sofa" : 12,  "begin" : 4953,  "end" : 4955 }, 
        {"sofa" : 12,  "begin" : 4956,  "end" : 4961 }, 
        {"sofa" : 12,  "begin" : 4962,  "end" : 4965 }, 
        {"sofa" : 12,  "begin" : 4966,  "end" : 4968 }, 
        {"sofa" : 12,  "begin" : 4969,  "end" : 4974 }, 
        {"sofa" : 12,  "begin" : 4975,  "end" : 4978 }, 
        {"sofa" : 12,  "begin" : 4979,  "end" : 4984 }, 
        {"sofa" : 12,  "begin" : 4985,  "end" : 4990 }, 
        {"sofa" : 12,  "begin" : 4991,  "end" : 4997 }, 
        {"sofa" : 12,  "begin" : 4998,  "end" : 5002 }, 
        {"sofa" : 12,  "begin" : 5003,  "end" : 5007 }, 
        {"sofa" : 12,  "begin" : 5008,  "end" : 5013 }, 
        {"sofa" : 12,  "begin" : 5014,  "end" : 5016 }, 
        {"sofa" : 12,  "begin" : 5017,  "end" : 5023 }, 
        {"sofa" : 12,  "begin" : 5023,  "end" : 5024 }, 
        {"sofa" : 12,  "begin" : 5026,  "end" : 5034 }, 
        {"sofa" : 12,  "begin" : 5035,  "end" : 5037 }, 
        {"sofa" : 12,  "begin" : 5038,  "end" : 5041 }, 
        {"sofa" : 12,  "begin" : 5042,  "end" : 5049 }, 
        {"sofa" : 12,  "begin" : 5050,  "end" : 5056 }, 
        {"sofa" : 12,  "begin" : 5057,  "end" : 5061 }, 
        {"sofa" : 12,  "begin" : 5062,  "end" : 5071 }, 
        {"sofa" : 12,  "begin" : 5072,  "end" : 5075 }, 
        {"sofa" : 12,  "begin" : 5076,  "end" : 5079 }, 
        {"sofa" : 12,  "begin" : 5079,  "end" : 5080 }, 
        {"sofa" : 12,  "begin" : 5081,  "end" : 5082 }, 
        {"sofa" : 12,  "begin" : 5082,  "end" : 5084 }, 
        {"sofa" : 12,  "begin" : 5085,  "end" : 5097 }, 
        {"sofa" : 12,  "begin" : 5098,  "end" : 5105 }, 
        {"sofa" : 12,  "begin" : 5106,  "end" : 5110 }, 
        {"sofa" : 12,  "begin" : 5111,  "end" : 5113 }, 
        {"sofa" : 12,  "begin" : 5114,  "end" : 5116 }, 
        {"sofa" : 12,  "begin" : 5117,  "end" : 5120 }, 
        {"sofa" : 12,  "begin" : 5121,  "end" : 5124 }, 
        {"sofa" : 12,  "begin" : 5125,  "end" : 5129 }, 
        {"sofa" : 12,  "begin" : 5130,  "end" : 5136 }, 
        {"sofa" : 12,  "begin" : 5136,  "end" : 5137 }, 
        {"sofa" : 12,  "begin" : 5138,  "end" : 5140 }, 
        {"sofa" : 12,  "begin" : 5141,  "end" : 5144 }, 
        {"sofa" : 12,  "begin" : 5145,  "end" : 5147 }, 
        {"sofa" : 12,  "begin" : 5147,  "end" : 5148 }, 
        {"sofa" : 12,  "begin" : 5149,  "end" : 5153 }, 
        {"sofa" : 12,  "begin" : 5154,  "end" : 5157 }, 
        {"sofa" : 12,  "begin" : 5158,  "end" : 5159 }, 
        {"sofa" : 12,  "begin" : 5160,  "end" : 5167 }, 
        {"sofa" : 12,  "begin" : 5167,  "end" : 5168 }, 
        {"sofa" : 12,  "begin" : 5168,  "end" : 5169 }, 
        {"sofa" : 12,  "begin" : 5170,  "end" : 5172 }, 
        {"sofa" : 12,  "begin" : 5173,  "end" : 5177 }, 
        {"sofa" : 12,  "begin" : 5177,  "end" : 5178 }, 
        {"sofa" : 12,  "begin" : 5180,  "end" : 5182 }, 
        {"sofa" : 12,  "begin" : 5183,  "end" : 5186 }, 
        {"sofa" : 12,  "begin" : 5187,  "end" : 5191 }, 
        {"sofa" : 12,  "begin" : 5192,  "end" : 5193 }, 
        {"sofa" : 12,  "begin" : 5194,  "end" : 5200 }, 
        {"sofa" : 12,  "begin" : 5201,  "end" : 5211 }, 
        {"sofa" : 12,  "begin" : 5212,  "end" : 5215 }, 
        {"sofa" : 12,  "begin" : 5216,  "end" : 5222 }, 
        {"sofa" : 12,  "begin" : 5222,  "end" : 5223 }, 
        {"sofa" : 12,  "begin" : 5224,  "end" : 5227 }, 
        {"sofa" : 12,  "begin" : 5228,  "end" : 5231 }, 
        {"sofa" : 12,  "begin" : 5232,  "end" : 5235 }, 
        {"sofa" : 12,  "begin" : 5236,  "end" : 5237 }, 
        {"sofa" : 12,  "begin" : 5238,  "end" : 5243 }, 
        {"sofa" : 12,  "begin" : 5244,  "end" : 5249 }, 
        {"sofa" : 12,  "begin" : 5250,  "end" : 5251 }, 
        {"sofa" : 12,  "begin" : 5252,  "end" : 5255 }, 
        {"sofa" : 12,  "begin" : 5256,  "end" : 5259 }, 
        {"sofa" : 12,  "begin" : 5260,  "end" : 5264 }, 
        {"sofa" : 12,  "begin" : 5265,  "end" : 5269 }, 
        {"sofa" : 12,  "begin" : 5270,  "end" : 5274 }, 
        {"sofa" : 12,  "begin" : 5275,  "end" : 5276 }, 
        {"sofa" : 12,  "begin" : 5277,  "end" : 5280 }, 
        {"sofa" : 12,  "begin" : 5281,  "end" : 5290 }, 
        {"sofa" : 12,  "begin" : 5290,  "end" : 5291 }, 
        {"sofa" : 12,  "begin" : 5292,  "end" : 5296 }, 
        {"sofa" : 12,  "begin" : 5297,  "end" : 5299 }, 
        {"sofa" : 12,  "begin" : 5300,  "end" : 5303 }, 
        {"sofa" : 12,  "begin" : 5304,  "end" : 5309 }, 
        {"sofa" : 12,  "begin" : 5310,  "end" : 5318 }, 
        {"sofa" : 12,  "begin" : 5319,  "end" : 5322 }, 
        {"sofa" : 12,  "begin" : 5323,  "end" : 5328 }, 
        {"sofa" : 12,  "begin" : 5328,  "end" : 5329 }, 
        {"sofa" : 12,  "begin" : 5330,  "end" : 5333 }, 
        {"sofa" : 12,  "begin" : 5334,  "end" : 5341 }, 
        {"sofa" : 12,  "begin" : 5342,  "end" : 5344 }, 
        {"sofa" : 12,  "begin" : 5345,  "end" : 5352 }, 
        {"sofa" : 12,  "begin" : 5353,  "end" : 5356 }, 
        {"sofa" : 12,  "begin" : 5357,  "end" : 5358 }, 
        {"sofa" : 12,  "begin" : 5359,  "end" : 5364 }, 
        {"sofa" : 12,  "begin" : 5364,  "end" : 5365 }, 
        {"sofa" : 12,  "begin" : 5367,  "end" : 5368 }, 
        {"sofa" : 12,  "begin" : 5368,  "end" : 5370 }, 
        {"sofa" : 12,  "begin" : 5371,  "end" : 5376 }, 
        {"sofa" : 12,  "begin" : 5377,  "end" : 5379 }, 
        {"sofa" : 12,  "begin" : 5380,  "end" : 5383 }, 
        {"sofa" : 12,  "begin" : 5384,  "end" : 5388 }, 
        {"sofa" : 12,  "begin" : 5389,  "end" : 5393 }, 
        {"sofa" : 12,  "begin" : 5393,  "end" : 5394 }, 
        {"sofa" : 12,  "begin" : 5395,  "end" : 5398 }, 
        {"sofa" : 12,  "begin" : 5399,  "end" : 5405 }, 
        {"sofa" : 12,  "begin" : 5406,  "end" : 5407 }, 
        {"sofa" : 12,  "begin" : 5408,  "end" : 5411 }, 
        {"sofa" : 12,  "begin" : 5412,  "end" : 5414 }, 
        {"sofa" : 12,  "begin" : 5415,  "end" : 5423 }, 
        {"sofa" : 12,  "begin" : 5424,  "end" : 5428 }, 
        {"sofa" : 12,  "begin" : 5429,  "end" : 5438 }, 
        {"sofa" : 12,  "begin" : 5439,  "end" : 5444 }, 
        {"sofa" : 12,  "begin" : 5444,  "end" : 5445 }, 
        {"sofa" : 12,  "begin" : 5445,  "end" : 5446 }, 
        {"sofa" : 12,  "begin" : 5447,  "end" : 5449 }, 
        {"sofa" : 12,  "begin" : 5450,  "end" : 5454 }, 
        {"sofa" : 12,  "begin" : 5454,  "end" : 5455 }, 
        {"sofa" : 12,  "begin" : 5456,  "end" : 5457 }, 
        {"sofa" : 12,  "begin" : 5457,  "end" : 5458 }, 
        {"sofa" : 12,  "begin" : 5459,  "end" : 5463 }, 
        {"sofa" : 12,  "begin" : 5464,  "end" : 5466 }, 
        {"sofa" : 12,  "begin" : 5467,  "end" : 5469 }, 
        {"sofa" : 12,  "begin" : 5470,  "end" : 5474 }, 
        {"sofa" : 12,  "begin" : 5475,  "end" : 5482 }, 
        {"sofa" : 12,  "begin" : 5483,  "end" : 5487 }, 
        {"sofa" : 12,  "begin" : 5488,  "end" : 5493 }, 
        {"sofa" : 12,  "begin" : 5494,  "end" : 5498 }, 
        {"sofa" : 12,  "begin" : 5498,  "end" : 5499 }, 
        {"sofa" : 12,  "begin" : 5500,  "end" : 5507 }, 
        {"sofa" : 12,  "begin" : 5508,  "end" : 5512 }, 
        {"sofa" : 12,  "begin" : 5513,  "end" : 5515 }, 
        {"sofa" : 12,  "begin" : 5516,  "end" : 5520 }, 
        {"sofa" : 12,  "begin" : 5521,  "end" : 5528 }, 
        {"sofa" : 12,  "begin" : 5529,  "end" : 5533 }, 
        {"sofa" : 12,  "begin" : 5533,  "end" : 5534 }, 
        {"sofa" : 12,  "begin" : 5535,  "end" : 5537 }, 
        {"sofa" : 12,  "begin" : 5538,  "end" : 5540 }, 
        {"sofa" : 12,  "begin" : 5541,  "end" : 5546 }, 
        {"sofa" : 12,  "begin" : 5547,  "end" : 5556 }, 
        {"sofa" : 12,  "begin" : 5557,  "end" : 5560 }, 
        {"sofa" : 12,  "begin" : 5561,  "end" : 5564 }, 
        {"sofa" : 12,  "begin" : 5565,  "end" : 5568 }, 
        {"sofa" : 12,  "begin" : 5569,  "end" : 5575 }, 
        {"sofa" : 12,  "begin" : 5575,  "end" : 5576 }, 
        {"sofa" : 12,  "begin" : 5576,  "end" : 5577 }, 
        {"sofa" : 12,  "begin" : 5579,  "end" : 5581 }, 
        {"sofa" : 12,  "begin" : 5582,  "end" : 5586 }, 
        {"sofa" : 12,  "begin" : 5587,  "end" : 5590 }, 
        {"sofa" : 12,  "begin" : 5591,  "end" : 5596 }, 
        {"sofa" : 12,  "begin" : 5597,  "end" : 5601 }, 
        {"sofa" : 12,  "begin" : 5602,  "end" : 5605 }, 
        {"sofa" : 12,  "begin" : 5606,  "end" : 5608 }, 
        {"sofa" : 12,  "begin" : 5609,  "end" : 5617 }, 
        {"sofa" : 12,  "begin" : 5618,  "end" : 5621 }, 
        {"sofa" : 12,  "begin" : 5622,  "end" : 5626 }, 
        {"sofa" : 12,  "begin" : 5627,  "end" : 5631 }, 
        {"sofa" : 12,  "begin" : 5632,  "end" : 5636 }, 
        {"sofa" : 12,  "begin" : 5637,  "end" : 5640 }, 
        {"sofa" : 12,  "begin" : 5641,  "end" : 5648 }, 
        {"sofa" : 12,  "begin" : 5649,  "end" : 5652 }, 
        {"sofa" : 12,  "begin" : 5653,  "end" : 5657 }, 
        {"sofa" : 12,  "begin" : 5658,  "end" : 5660 }, 
        {"sofa" : 12,  "begin" : 5661,  "end" : 5666 }, 
        {"sofa" : 12,  "begin" : 5667,  "end" : 5669 }, 
        {"sofa" : 12,  "begin" : 5670,  "end" : 5678 }, 
        {"sofa" : 12,  "begin" : 5679,  "end" : 5684 }, 
        {"sofa" : 12,  "begin" : 5685,  "end" : 5690 }, 
        {"sofa" : 12,  "begin" : 5690,  "end" : 5691 }, 
        {"sofa" : 12,  "begin" : 5693,  "end" : 5698 }, 
        {"sofa" : 12,  "begin" : 5699,  "end" : 5701 }, 
        {"sofa" : 12,  "begin" : 5702,  "end" : 5703 }, 
        {"sofa" : 12,  "begin" : 5704,  "end" : 5709 }, 
        {"sofa" : 12,  "begin" : 5710,  "end" : 5716 }, 
        {"sofa" : 12,  "begin" : 5717,  "end" : 5720 }, 
        {"sofa" : 12,  "begin" : 5721,  "end" : 5728 }, 
        {"sofa" : 12,  "begin" : 5729,  "end" : 5733 }, 
        {"sofa" : 12,  "begin" : 5734,  "end" : 5743 }, 
        {"sofa" : 12,  "begin" : 5744,  "end" : 5746 }, 
        {"sofa" : 12,  "begin" : 5747,  "end" : 5752 }, 
        {"sofa" : 12,  "begin" : 5753,  "end" : 5757 }, 
        {"sofa" : 12,  "begin" : 5758,  "end" : 5763 }, 
        {"sofa" : 12,  "begin" : 5764,  "end" : 5766 }, 
        {"sofa" : 12,  "begin" : 5767,  "end" : 5773 }, 
        {"sofa" : 12,  "begin" : 5774,  "end" : 5780 }, 
        {"sofa" : 12,  "begin" : 5781,  "end" : 5788 }, 
        {"sofa" : 12,  "begin" : 5789,  "end" : 5793 }, 
        {"sofa" : 12,  "begin" : 5794,  "end" : 5799 }, 
        {"sofa" : 12,  "begin" : 5799,  "end" : 5800 }, 
        {"sofa" : 12,  "begin" : 5801,  "end" : 5803 }, 
        {"sofa" : 12,  "begin" : 5804,  "end" : 5807 }, 
        {"sofa" : 12,  "begin" : 5808,  "end" : 5813 }, 
        {"sofa" : 12,  "begin" : 5814,  "end" : 5815 }, 
        {"sofa" : 12,  "begin" : 5815,  "end" : 5819 }, 
        {"sofa" : 12,  "begin" : 5820,  "end" : 5825 }, 
        {"sofa" : 12,  "begin" : 5825,  "end" : 5826 }, 
        {"sofa" : 12,  "begin" : 5827,  "end" : 5835 }, 
        {"sofa" : 12,  "begin" : 5836,  "end" : 5837 }, 
        {"sofa" : 12,  "begin" : 5838,  "end" : 5849 }, 
        {"sofa" : 12,  "begin" : 5850,  "end" : 5856 }, 
        {"sofa" : 12,  "begin" : 5857,  "end" : 5860 }, 
        {"sofa" : 12,  "begin" : 5861,  "end" : 5868 }, 
        {"sofa" : 12,  "begin" : 5869,  "end" : 5872 }, 
        {"sofa" : 12,  "begin" : 5873,  "end" : 5878 }, 
        {"sofa" : 12,  "begin" : 5879,  "end" : 5882 }, 
        {"sofa" : 12,  "begin" : 5883,  "end" : 5884 }, 
        {"sofa" : 12,  "begin" : 5885,  "end" : 5894 }, 
        {"sofa" : 12,  "begin" : 5895,  "end" : 5901 }, 
        {"sofa" : 12,  "begin" : 5902,  "end" : 5905 }, 
        {"sofa" : 12,  "begin" : 5906,  "end" : 5909 }, 
        {"sofa" : 12,  "begin" : 5910,  "end" : 5914 }, 
        {"sofa" : 12,  "begin" : 5914,  "end" : 5915 }, 
        {"sofa" : 12,  "begin" : 5917,  "end" : 5921 }, 
        {"sofa" : 12,  "begin" : 5922,  "end" : 5928 }, 
        {"sofa" : 12,  "begin" : 5929,  "end" : 5933 }, 
        {"sofa" : 12,  "begin" : 5934,  "end" : 5937 }, 
        {"sofa" : 12,  "begin" : 5938,  "end" : 5943 }, 
        {"sofa" : 12,  "begin" : 5944,  "end" : 5945 }, 
        {"sofa" : 12,  "begin" : 5946,  "end" : 5955 }, 
        {"sofa" : 12,  "begin" : 5956,  "end" : 5958 }, 
        {"sofa" : 12,  "begin" : 5959,  "end" : 5962 }, 
        {"sofa" : 12,  "begin" : 5963,  "end" : 5972 }, 
        {"sofa" : 12,  "begin" : 5973,  "end" : 5974 }, 
        {"sofa" : 12,  "begin" : 5975,  "end" : 5983 }, 
        {"sofa" : 12,  "begin" : 5984,  "end" : 5991 }, 
        {"sofa" : 12,  "begin" : 5992,  "end" : 5994 }, 
        {"sofa" : 12,  "begin" : 5995,  "end" : 5998 }, 
        {"sofa" : 12,  "begin" : 5999,  "end" : 6002 }, 
        {"sofa" : 12,  "begin" : 6003,  "end" : 6008 }, 
        {"sofa" : 12,  "begin" : 6009,  "end" : 6011 }, 
        {"sofa" : 12,  "begin" : 6012,  "end" : 6016 }, 
        {"sofa" : 12,  "begin" : 6017,  "end" : 6022 }, 
        {"sofa" : 12,  "begin" : 6022,  "end" : 6023 }, 
        {"sofa" : 12,  "begin" : 6025,  "end" : 6026 }, 
        {"sofa" : 12,  "begin" : 6026,  "end" : 6031 }, 
        {"sofa" : 12,  "begin" : 6032,  "end" : 6035 }, 
        {"sofa" : 12,  "begin" : 6036,  "end" : 6043 }, 
        {"sofa" : 12,  "begin" : 6044,  "end" : 6048 }, 
        {"sofa" : 12,  "begin" : 6049,  "end" : 6053 }, 
        {"sofa" : 12,  "begin" : 6054,  "end" : 6058 }, 
        {"sofa" : 12,  "begin" : 6059,  "end" : 6064 }, 
        {"sofa" : 12,  "begin" : 6065,  "end" : 6068 }, 
        {"sofa" : 12,  "begin" : 6069,  "end" : 6074 }, 
        {"sofa" : 12,  "begin" : 6075,  "end" : 6079 }, 
        {"sofa" : 12,  "begin" : 6079,  "end" : 6080 }, 
        {"sofa" : 12,  "begin" : 6080,  "end" : 6081 }, 
        {"sofa" : 12,  "begin" : 6082,  "end" : 6094 }, 
        {"sofa" : 12,  "begin" : 6095,  "end" : 6099 }, 
        {"sofa" : 12,  "begin" : 6099,  "end" : 6100 }, 
        {"sofa" : 12,  "begin" : 6101,  "end" : 6106 }, 
        {"sofa" : 12,  "begin" : 6107,  "end" : 6117 }, 
        {"sofa" : 12,  "begin" : 6117,  "end" : 6118 }, 
        {"sofa" : 12,  "begin" : 6119,  "end" : 6120 }, 
        {"sofa" : 12,  "begin" : 6120,  "end" : 6123 }, 
        {"sofa" : 12,  "begin" : 6124,  "end" : 6129 }, 
        {"sofa" : 12,  "begin" : 6130,  "end" : 6133 }, 
        {"sofa" : 12,  "begin" : 6134,  "end" : 6137 }, 
        {"sofa" : 12,  "begin" : 6138,  "end" : 6145 }, 
        {"sofa" : 12,  "begin" : 6146,  "end" : 6150 }, 
        {"sofa" : 12,  "begin" : 6151,  "end" : 6155 }, 
        {"sofa" : 12,  "begin" : 6156,  "end" : 6163 }, 
        {"sofa" : 12,  "begin" : 6164,  "end" : 6167 }, 
        {"sofa" : 12,  "begin" : 6168,  "end" : 6172 }, 
        {"sofa" : 12,  "begin" : 6173,  "end" : 6178 }, 
        {"sofa" : 12,  "begin" : 6178,  "end" : 6179 }, 
        {"sofa" : 12,  "begin" : 6179,  "end" : 6180 }, 
        {"sofa" : 12,  "begin" : 6182,  "end" : 6190 }, 
        {"sofa" : 12,  "begin" : 6191,  "end" : 6198 }, 
        {"sofa" : 12,  "begin" : 6199,  "end" : 6202 }, 
        {"sofa" : 12,  "begin" : 6203,  "end" : 6205 }, 
        {"sofa" : 12,  "begin" : 6206,  "end" : 6213 }, 
        {"sofa" : 12,  "begin" : 6214,  "end" : 6216 }, 
        {"sofa" : 12,  "begin" : 6217,  "end" : 6224 }, 
        {"sofa" : 12,  "begin" : 6224,  "end" : 6225 }, 
        {"sofa" : 12,  "begin" : 6225,  "end" : 6243 }, 
        {"sofa" : 12,  "begin" : 6243,  "end" : 6244 }, 
        {"sofa" : 12,  "begin" : 6245,  "end" : 6251 }, 
        {"sofa" : 12,  "begin" : 6252,  "end" : 6255 }, 
        {"sofa" : 12,  "begin" : 6256,  "end" : 6258 }, 
        {"sofa" : 12,  "begin" : 6259,  "end" : 6266 }, 
        {"sofa" : 12,  "begin" : 6267,  "end" : 6268 }, 
        {"sofa" : 12,  "begin" : 6268,  "end" : 6280 }, 
        {"sofa" : 12,  "begin" : 6280,  "end" : 6281 }, 
        {"sofa" : 12,  "begin" : 6282,  "end" : 6286 }, 
        {"sofa" : 12,  "begin" : 6287,  "end" : 6293 }, 
        {"sofa" : 12,  "begin" : 6294,  "end" : 6296 }, 
        {"sofa" : 12,  "begin" : 6297,  "end" : 6305 }, 
        {"sofa" : 12,  "begin" : 6305,  "end" : 6306 } ], 
      "Persuasive_Labels" : [
        {"sofa" : 12,  "begin" : 596,  "end" : 1093,  "FabricatingNarrativewithDetails" : "Narrative with details_details verified to be true" }, 
        {"sofa" : 12,  "begin" : 596,  "end" : 1093,  "FabricatingNarrativewithDetails" : "Narrative with Details" }, 
        {"sofa" : 12,  "begin" : 1338,  "end" : 1434,  "EstablishingLegitimacy" : "Establishing Legitimacy" }, 
        {"sofa" : 12,  "begin" : 1338,  "end" : 1434,  "EstablishingLegitimacy" : "citing source to establish legitimacy_source not verified" }, 
        {"sofa" : 12,  "begin" : 2746,  "end" : 2780,  "EstablishingLegitimacy" : "Establishing Legitimacy" }, 
        {"sofa" : 12,  "begin" : 2746,  "end" : 2780,  "EstablishingLegitimacy" : "surface credibility markers - medical or scientific jargon" }, 
        {"sofa" : 12,  "begin" : 3188,  "end" : 3271,  "EstablishingLegitimacy" : "Establishing Legitimacy" }, 
        {"sofa" : 12,  "begin" : 3188,  "end" : 3271,  "EstablishingLegitimacy" : "citing source to establish legitimacy_source not verified" } ] } }, 
  "_referenced_fss" : {
    "12" : {"_type" : "Sofa",  "sofaNum" : 1,  "sofaID" : "_InitialView",  "mimeType" : "text",  "sofaString" : "﻿snes-02154 The bite of a rare breed of tick most commonly called the lone star tick can cause itching, stomach cramps, breathing difficulties, and an allergic reaction to red meat. \r\nSource: https://www.nj.com/healthfit/2017/05/meet_the_nj_tick_that_can_turn_you_into_a_vegetarian.html \r\nFact checking: https://www.snopes.com/fact-check/tick-causes-meat-allergy/ \r\nActual content:\r\nMeet the N.J. tick that can turn you into a vegetarian\r\nUpdated: May. 17, 2017, 4:19 p.m. | Published: May. 17, 2017, 3:19 p.m.\r\nBy Kathleen O'Brien | For Inside Jersey\r\nLasagna. Cheeseburgers. Pizza. Ice cream.\r\nJerry Dotoli has enjoyed them all for most of his 73 years with no discomfort, only pleasure.\r\nUntil last December, that is. The Ocean County man had gone to Florida for the winter, where he was beset by frequent hives accompanied by a ferocious itching \"four times worse than poison ivy.\"\r\nAfter enduring one misdiagnosis after another, Dotoli finally learned from a blood test that he had become allergic to meat, pork and dairy - the very allergens he'd been happily ingesting nearly every day.\r\nAnd the culprit? Most likely a bite from <a> the Lone Star tick <a>.\r\n\"People are really blindsided when I tell them,\" he said. \"They say, 'Lyme disease, right?'\"\r\nThe Lone Star tick is \"more of an annoyance than an important disease vector,\" said Tom Mather, director of the University of Rhode Island's <a> TickEncounter Resource Center. <a>\r\nWhen it comes to dangerous illnesses, as opposed to allergies, the Lone Star can transmit a Lyme-like disease called <a> human ehrlichiosis, <a> but that strikes only three people out of a million, and is fatal only one percent of the time, according to the U.S. Centers for Disease Control and Prevention. The tick does not transmit Lyme.\r\nThe allergy can become dangerous - triggering episodes of anaphylactic shock - if undiagnosed. There is no official count of how many people now suffer from the allergy, but allergists in different regions of the country each report cases in the hundreds.\r\nThe Lone Star is a very aggressive biter, and its bites typically come with a wicked itch - a telltale sign. The itch can last for weeks or even months.\r\nWhile the female has the distinctive white dot that gives the species its name, the males are difficult to recognize and after often mistaken for the more feared \"deer tick.\"\r\nThe Lone Star has become common in the southern part of New Jersey, especially along the eastern, coastal counties, Mather said. It is now the predominant tick on the eastern end of Long Island as well.\r\nIn New Jersey's higher elevations, it is less common, although its range is gradually expanding. \"They definitely keep prodding themselves a little bit north,\" Mather said.\r\nDotoli's allergy, called Alpha-gal (rhymes with \"pal\"), can be hard for meat-lovers to recognize because beef and pork are so prevalent in their diets, said the allergy researcher who <a> played a major role in discovering it. <a>\r\n\"If you're allergic to shrimp, well, most people don't eat shrimp every day. So if you have a reaction to shrimp, you know it. People come in and tell us they're allergic to shrimp, and they're usually right,\" said <a> Thomas Platts-Mills <a>, of the University of Virginia School of Medicine.\r\nThis allergy can also elude detection because unlike most food allergies, it has a delayed onset. While a person allergic to peanuts will know something's amiss within 15 minutes of eating peanuts, someone with Alpha-gal won't sense any reaction at least two hours, with four or five hours being more common, he said.\r\nIn his research, Platts-Mills was able to see that the lab tests showing the unusual antibody triggering the allergy appeared only in a broad swath of the eastern and southern United States. That footprint had fairly distinct \"borders\" past which the allergy simply didn't exist.\r\nThe range of the Lone Star tick (U.S. Centers for Disease Control and Prevention)\r\nThat hinted at an environmental factor at play. After a few days of casting about on the internet, his technician hit upon a map showing the maximum range of Rocky Mountain Spotted Fever - a tick-borne disease. It mirrored the Alpha-gal map almost exactly.\r\nWhen Platts-Mills and his team took a closer look at patients in some of those states, they found the allergy present in people who seemingly led very different lives - from a socialite to an air-conditioning repairman. What proved to be the common link was lots of outdoor activity, he said: The socialite sponsored a fox hunt, the repairman was an avid hunter.\r\nThat implicated ticks, more specifically, the Lone Star tick.\r\nIt is unknown how many people suffer from the Alpha-gal allergy, although Platts-Mills said he has heard reports from Long Island allergists of 300 cases in that region alone.\r\nIn an odd twist of fate, Platts-Mills came down with the allergy himself after researching it - a development made evident to him when he broke out in hives six hours after eating some lamb chops in London.\r\nAdapting to the allergy hasn't been difficult for him. \"My cardiologist doesn't want me to eat red meat anyway, so for me, it's not a problem,\" he said.\r\nIt has been a bigger adjustment for Dotoli, who now has a water bagel - not one made with milk - for breakfast, tuna or egg salad sandwich for lunch, and cashews or raisins for a snack.\r\n\"At night is the hard time. I'm eating a lot of eggplant with spaghetti sauce,\" he said. \"I have to be very careful with baked good, because some of them contain milk. So my jelly doughnuts are out the window.\"\r\nHe said his heart goes out to children who come down with the allergy and have to learn to restrict their diets.\r\nThere is a small chance the allergy will disappear in about five years if Dotoli avoids further tick bites. So his daily \"tick check\" involves a full-length mirror for viewing his front and a hand-held mirror for his back.\r\nThat should help him avoid a worsening of the situation - although science is not yet clear on that point.\r\n\"We're 100 percent sure that tick bites can cause this,\" Platts-Mills said, while cautioning: \"But we're not 100 percent sure that they're the only cause.\"\r\nKathleen O'Brien may be reached at kobrien@njadvancemedia.com. Follow her on Twitter @OBrienLedger. Find NJ.com on Facebook.\r\n\r\n" } } }