{"_context" : {
    "_types" : {
      "DocumentMetaData" : {
        "_feature_types" : {"sofa" : "_ref" } }, 
      "Persuasive_Labels" : {
        "_feature_types" : {"sofa" : "_ref" } }, 
      "Sentence" : {
        "_feature_types" : {"sofa" : "_ref" } }, 
      "Sofa" : {
        "_feature_types" : {"sofaArray" : "_ref" } }, 
      "TagsetDescription" : {
        "_feature_types" : {"sofa" : "_ref",  "tags" : "_ref" } }, 
      "Token" : {
        "_feature_types" : {"sofa" : "_ref",  "parent" : "_ref",  "lemma" : "_ref",  "stem" : "_ref",  "pos" : "_ref",  "morph" : "_ref",  "form" : "_ref" } }, 
      "DocumentAnnotation" : {
        "_feature_types" : {"sofa" : "_ref" }, 
        "_subtypes" : ["DocumentMetaData" ] }, 
      "Annotation" : {
        "_feature_types" : {"sofa" : "_ref" }, 
        "_subtypes" : ["DocumentAnnotation",  "Persuasive_Labels",  "Sentence",  "TagsetDescription",  "Token" ] }, 
      "AnnotationBase" : {
        "_feature_types" : {"sofa" : "_ref" }, 
        "_subtypes" : ["Annotation" ] }, 
      "TOP" : {
        "_subtypes" : ["AnnotationBase",  "Sofa" ] } } }, 
  "_views" : {
    "_InitialView" : {
      "DocumentMetaData" : [
        {"sofa" : 12,  "end" : 1622,  "language" : "x-unspecified",  "documentTitle" : "205.%20snes-01281%20United%20States%20health%20care%20facilities%20face%20an%20intravenous%20bag%20shortage%20because%20of%20the%20devastation%20wreaked%20by%20Hurricane%20Maria%20in%20September%202017.txt",  "documentId" : "admin",  "documentUri" : "file:/C:/Users/huiyi/.webanno/repository/project/4/document/620/source/admin",  "collectionId" : "file:/C:/Users/huiyi/.webanno/repository/project/4/document/620/source/",  "documentBaseUri" : "file:/C:/Users/huiyi/.webanno/repository/project/4/document/620/source/",  "isLastSegment" : false } ], 
      "TagsetDescription" : [
        {"sofa" : 12,  "layer" : "de.tudarmstadt.ukp.dkpro.core.api.syntax.type.dependency.Dependency",  "name" : "UD Universal Dependencies (v2)",  "input" : false }, 
        {"sofa" : 12,  "layer" : "de.tudarmstadt.ukp.dkpro.core.api.ner.type.NamedEntity",  "name" : "Named Entity tags",  "input" : false }, 
        {"sofa" : 12,  "layer" : "de.tudarmstadt.ukp.dkpro.core.api.transform.type.SofaChangeAnnotation",  "name" : "Operation",  "input" : false }, 
        {"sofa" : 12,  "layer" : "de.tudarmstadt.ukp.dkpro.core.api.lexmorph.type.pos.POS",  "name" : "UD Universal POS tags (v2)",  "input" : false }, 
        {"sofa" : 12,  "layer" : "webanno.custom.Persuasive_Labels",  "name" : "2. Using Anecdotes and Personal Experience as Evidence",  "input" : false } ], 
      "Sentence" : [
        {"sofa" : 12,  "end" : 154 }, 
        {"sofa" : 12,  "begin" : 157,  "end" : 391 }, 
        {"sofa" : 12,  "begin" : 392,  "end" : 611 }, 
        {"sofa" : 12,  "begin" : 613,  "end" : 771 }, 
        {"sofa" : 12,  "begin" : 772,  "end" : 874 }, 
        {"sofa" : 12,  "begin" : 875,  "end" : 904 }, 
        {"sofa" : 12,  "begin" : 905,  "end" : 1007 }, 
        {"sofa" : 12,  "begin" : 1009,  "end" : 1394 }, 
        {"sofa" : 12,  "begin" : 1396,  "end" : 1412 }, 
        {"sofa" : 12,  "begin" : 1413,  "end" : 1618 } ], 
      "Token" : [
        {"sofa" : 12,  "end" : 5 }, 
        {"sofa" : 12,  "begin" : 5,  "end" : 6 }, 
        {"sofa" : 12,  "begin" : 6,  "end" : 11 }, 
        {"sofa" : 12,  "begin" : 12,  "end" : 18 }, 
        {"sofa" : 12,  "begin" : 19,  "end" : 25 }, 
        {"sofa" : 12,  "begin" : 26,  "end" : 32 }, 
        {"sofa" : 12,  "begin" : 33,  "end" : 37 }, 
        {"sofa" : 12,  "begin" : 38,  "end" : 48 }, 
        {"sofa" : 12,  "begin" : 49,  "end" : 53 }, 
        {"sofa" : 12,  "begin" : 54,  "end" : 56 }, 
        {"sofa" : 12,  "begin" : 57,  "end" : 68 }, 
        {"sofa" : 12,  "begin" : 69,  "end" : 72 }, 
        {"sofa" : 12,  "begin" : 73,  "end" : 81 }, 
        {"sofa" : 12,  "begin" : 82,  "end" : 89 }, 
        {"sofa" : 12,  "begin" : 90,  "end" : 92 }, 
        {"sofa" : 12,  "begin" : 93,  "end" : 96 }, 
        {"sofa" : 12,  "begin" : 97,  "end" : 108 }, 
        {"sofa" : 12,  "begin" : 109,  "end" : 116 }, 
        {"sofa" : 12,  "begin" : 117,  "end" : 119 }, 
        {"sofa" : 12,  "begin" : 120,  "end" : 129 }, 
        {"sofa" : 12,  "begin" : 130,  "end" : 135 }, 
        {"sofa" : 12,  "begin" : 136,  "end" : 138 }, 
        {"sofa" : 12,  "begin" : 139,  "end" : 148 }, 
        {"sofa" : 12,  "begin" : 149,  "end" : 153 }, 
        {"sofa" : 12,  "begin" : 153,  "end" : 154 }, 
        {"sofa" : 12,  "begin" : 157,  "end" : 163 }, 
        {"sofa" : 12,  "begin" : 163,  "end" : 164 }, 
        {"sofa" : 12,  "begin" : 165,  "end" : 170 }, 
        {"sofa" : 12,  "begin" : 170,  "end" : 171 }, 
        {"sofa" : 12,  "begin" : 171,  "end" : 172 }, 
        {"sofa" : 12,  "begin" : 172,  "end" : 173 }, 
        {"sofa" : 12,  "begin" : 173,  "end" : 193 }, 
        {"sofa" : 12,  "begin" : 193,  "end" : 194 }, 
        {"sofa" : 12,  "begin" : 194,  "end" : 198 }, 
        {"sofa" : 12,  "begin" : 198,  "end" : 199 }, 
        {"sofa" : 12,  "begin" : 199,  "end" : 215 }, 
        {"sofa" : 12,  "begin" : 215,  "end" : 216 }, 
        {"sofa" : 12,  "begin" : 216,  "end" : 251 }, 
        {"sofa" : 12,  "begin" : 251,  "end" : 252 }, 
        {"sofa" : 12,  "begin" : 255,  "end" : 259 }, 
        {"sofa" : 12,  "begin" : 260,  "end" : 268 }, 
        {"sofa" : 12,  "begin" : 268,  "end" : 269 }, 
        {"sofa" : 12,  "begin" : 270,  "end" : 275 }, 
        {"sofa" : 12,  "begin" : 275,  "end" : 276 }, 
        {"sofa" : 12,  "begin" : 276,  "end" : 277 }, 
        {"sofa" : 12,  "begin" : 277,  "end" : 278 }, 
        {"sofa" : 12,  "begin" : 278,  "end" : 292 }, 
        {"sofa" : 12,  "begin" : 292,  "end" : 293 }, 
        {"sofa" : 12,  "begin" : 293,  "end" : 303 }, 
        {"sofa" : 12,  "begin" : 303,  "end" : 304 }, 
        {"sofa" : 12,  "begin" : 304,  "end" : 338 }, 
        {"sofa" : 12,  "begin" : 338,  "end" : 339 }, 
        {"sofa" : 12,  "begin" : 342,  "end" : 348 }, 
        {"sofa" : 12,  "begin" : 349,  "end" : 356 }, 
        {"sofa" : 12,  "begin" : 356,  "end" : 357 }, 
        {"sofa" : 12,  "begin" : 360,  "end" : 363 }, 
        {"sofa" : 12,  "begin" : 364,  "end" : 373 }, 
        {"sofa" : 12,  "begin" : 374,  "end" : 379 }, 
        {"sofa" : 12,  "begin" : 380,  "end" : 386 }, 
        {"sofa" : 12,  "begin" : 387,  "end" : 390 }, 
        {"sofa" : 12,  "begin" : 390,  "end" : 391 }, 
        {"sofa" : 12,  "begin" : 392,  "end" : 394 }, 
        {"sofa" : 12,  "begin" : 395,  "end" : 398 }, 
        {"sofa" : 12,  "begin" : 399,  "end" : 407 }, 
        {"sofa" : 12,  "begin" : 409,  "end" : 412 }, 
        {"sofa" : 12,  "begin" : 412,  "end" : 413 }, 
        {"sofa" : 12,  "begin" : 414,  "end" : 423 }, 
        {"sofa" : 12,  "begin" : 424,  "end" : 427 }, 
        {"sofa" : 12,  "begin" : 428,  "end" : 434 }, 
        {"sofa" : 12,  "begin" : 435,  "end" : 445 }, 
        {"sofa" : 12,  "begin" : 446,  "end" : 455 }, 
        {"sofa" : 12,  "begin" : 456,  "end" : 458 }, 
        {"sofa" : 12,  "begin" : 459,  "end" : 461 }, 
        {"sofa" : 12,  "begin" : 462,  "end" : 466 }, 
        {"sofa" : 12,  "begin" : 467,  "end" : 469 }, 
        {"sofa" : 12,  "begin" : 470,  "end" : 473 }, 
        {"sofa" : 12,  "begin" : 474,  "end" : 478 }, 
        {"sofa" : 12,  "begin" : 479,  "end" : 481 }, 
        {"sofa" : 12,  "begin" : 482,  "end" : 491 }, 
        {"sofa" : 12,  "begin" : 492,  "end" : 497 }, 
        {"sofa" : 12,  "begin" : 497,  "end" : 498 }, 
        {"sofa" : 12,  "begin" : 499,  "end" : 504 }, 
        {"sofa" : 12,  "begin" : 505,  "end" : 512 }, 
        {"sofa" : 12,  "begin" : 513,  "end" : 516 }, 
        {"sofa" : 12,  "begin" : 517,  "end" : 528 }, 
        {"sofa" : 12,  "begin" : 529,  "end" : 533 }, 
        {"sofa" : 12,  "begin" : 534,  "end" : 538 }, 
        {"sofa" : 12,  "begin" : 539,  "end" : 546 }, 
        {"sofa" : 12,  "begin" : 547,  "end" : 553 }, 
        {"sofa" : 12,  "begin" : 554,  "end" : 558 }, 
        {"sofa" : 12,  "begin" : 559,  "end" : 568 }, 
        {"sofa" : 12,  "begin" : 569,  "end" : 574 }, 
        {"sofa" : 12,  "begin" : 575,  "end" : 577 }, 
        {"sofa" : 12,  "begin" : 578,  "end" : 579 }, 
        {"sofa" : 12,  "begin" : 580,  "end" : 585 }, 
        {"sofa" : 12,  "begin" : 586,  "end" : 598 }, 
        {"sofa" : 12,  "begin" : 599,  "end" : 601 }, 
        {"sofa" : 12,  "begin" : 602,  "end" : 605 }, 
        {"sofa" : 12,  "begin" : 606,  "end" : 610 }, 
        {"sofa" : 12,  "begin" : 610,  "end" : 611 }, 
        {"sofa" : 12,  "begin" : 613,  "end" : 615 }, 
        {"sofa" : 12,  "begin" : 616,  "end" : 620 }, 
        {"sofa" : 12,  "begin" : 620,  "end" : 621 }, 
        {"sofa" : 12,  "begin" : 622,  "end" : 626 }, 
        {"sofa" : 12,  "begin" : 627,  "end" : 629 }, 
        {"sofa" : 12,  "begin" : 630,  "end" : 633 }, 
        {"sofa" : 12,  "begin" : 634,  "end" : 637 }, 
        {"sofa" : 12,  "begin" : 638,  "end" : 645 }, 
        {"sofa" : 12,  "begin" : 646,  "end" : 652 }, 
        {"sofa" : 12,  "begin" : 653,  "end" : 664 }, 
        {"sofa" : 12,  "begin" : 665,  "end" : 667 }, 
        {"sofa" : 12,  "begin" : 668,  "end" : 672 }, 
        {"sofa" : 12,  "begin" : 673,  "end" : 678 }, 
        {"sofa" : 12,  "begin" : 679,  "end" : 681 }, 
        {"sofa" : 12,  "begin" : 682,  "end" : 690 }, 
        {"sofa" : 12,  "begin" : 691,  "end" : 698 }, 
        {"sofa" : 12,  "begin" : 699,  "end" : 701 }, 
        {"sofa" : 12,  "begin" : 702,  "end" : 713 }, 
        {"sofa" : 12,  "begin" : 714,  "end" : 718 }, 
        {"sofa" : 12,  "begin" : 718,  "end" : 719 }, 
        {"sofa" : 12,  "begin" : 720,  "end" : 723 }, 
        {"sofa" : 12,  "begin" : 724,  "end" : 727 }, 
        {"sofa" : 12,  "begin" : 728,  "end" : 730 }, 
        {"sofa" : 12,  "begin" : 731,  "end" : 734 }, 
        {"sofa" : 12,  "begin" : 735,  "end" : 739 }, 
        {"sofa" : 12,  "begin" : 740,  "end" : 746 }, 
        {"sofa" : 12,  "begin" : 747,  "end" : 751 }, 
        {"sofa" : 12,  "begin" : 752,  "end" : 757 }, 
        {"sofa" : 12,  "begin" : 758,  "end" : 760 }, 
        {"sofa" : 12,  "begin" : 761,  "end" : 770 }, 
        {"sofa" : 12,  "begin" : 770,  "end" : 771 }, 
        {"sofa" : 12,  "begin" : 772,  "end" : 777 }, 
        {"sofa" : 12,  "begin" : 778,  "end" : 781 }, 
        {"sofa" : 12,  "begin" : 782,  "end" : 793 }, 
        {"sofa" : 12,  "begin" : 794,  "end" : 796 }, 
        {"sofa" : 12,  "begin" : 797,  "end" : 801 }, 
        {"sofa" : 12,  "begin" : 802,  "end" : 806 }, 
        {"sofa" : 12,  "begin" : 807,  "end" : 810 }, 
        {"sofa" : 12,  "begin" : 811,  "end" : 815 }, 
        {"sofa" : 12,  "begin" : 816,  "end" : 818 }, 
        {"sofa" : 12,  "begin" : 819,  "end" : 822 }, 
        {"sofa" : 12,  "begin" : 823,  "end" : 827 }, 
        {"sofa" : 12,  "begin" : 827,  "end" : 828 }, 
        {"sofa" : 12,  "begin" : 829,  "end" : 833 }, 
        {"sofa" : 12,  "begin" : 834,  "end" : 836 }, 
        {"sofa" : 12,  "begin" : 837,  "end" : 846 }, 
        {"sofa" : 12,  "begin" : 847,  "end" : 858 }, 
        {"sofa" : 12,  "begin" : 859,  "end" : 863 }, 
        {"sofa" : 12,  "begin" : 864,  "end" : 865 }, 
        {"sofa" : 12,  "begin" : 866,  "end" : 873 }, 
        {"sofa" : 12,  "begin" : 873,  "end" : 874 }, 
        {"sofa" : 12,  "begin" : 875,  "end" : 878 }, 
        {"sofa" : 12,  "begin" : 879,  "end" : 886 }, 
        {"sofa" : 12,  "begin" : 887,  "end" : 891 }, 
        {"sofa" : 12,  "begin" : 892,  "end" : 899 }, 
        {"sofa" : 12,  "begin" : 900,  "end" : 903 }, 
        {"sofa" : 12,  "begin" : 903,  "end" : 904 }, 
        {"sofa" : 12,  "begin" : 905,  "end" : 909 }, 
        {"sofa" : 12,  "begin" : 910,  "end" : 916 }, 
        {"sofa" : 12,  "begin" : 917,  "end" : 919 }, 
        {"sofa" : 12,  "begin" : 920,  "end" : 926 }, 
        {"sofa" : 12,  "begin" : 927,  "end" : 933 }, 
        {"sofa" : 12,  "begin" : 934,  "end" : 937 }, 
        {"sofa" : 12,  "begin" : 938,  "end" : 947 }, 
        {"sofa" : 12,  "begin" : 948,  "end" : 952 }, 
        {"sofa" : 12,  "begin" : 953,  "end" : 956 }, 
        {"sofa" : 12,  "begin" : 957,  "end" : 961 }, 
        {"sofa" : 12,  "begin" : 962,  "end" : 964 }, 
        {"sofa" : 12,  "begin" : 965,  "end" : 969 }, 
        {"sofa" : 12,  "begin" : 970,  "end" : 975 }, 
        {"sofa" : 12,  "begin" : 976,  "end" : 986 }, 
        {"sofa" : 12,  "begin" : 987,  "end" : 993 }, 
        {"sofa" : 12,  "begin" : 994,  "end" : 1001 }, 
        {"sofa" : 12,  "begin" : 1002,  "end" : 1006 }, 
        {"sofa" : 12,  "begin" : 1006,  "end" : 1007 }, 
        {"sofa" : 12,  "begin" : 1009,  "end" : 1013 }, 
        {"sofa" : 12,  "begin" : 1014,  "end" : 1023 }, 
        {"sofa" : 12,  "begin" : 1023,  "end" : 1024 }, 
        {"sofa" : 12,  "begin" : 1025,  "end" : 1033 }, 
        {"sofa" : 12,  "begin" : 1034,  "end" : 1036 }, 
        {"sofa" : 12,  "begin" : 1037,  "end" : 1044 }, 
        {"sofa" : 12,  "begin" : 1045,  "end" : 1049 }, 
        {"sofa" : 12,  "begin" : 1050,  "end" : 1058 }, 
        {"sofa" : 12,  "begin" : 1059,  "end" : 1068 }, 
        {"sofa" : 12,  "begin" : 1069,  "end" : 1081 }, 
        {"sofa" : 12,  "begin" : 1082,  "end" : 1085 }, 
        {"sofa" : 12,  "begin" : 1086,  "end" : 1094 }, 
        {"sofa" : 12,  "begin" : 1095,  "end" : 1103 }, 
        {"sofa" : 12,  "begin" : 1104,  "end" : 1111 }, 
        {"sofa" : 12,  "begin" : 1112,  "end" : 1115 }, 
        {"sofa" : 12,  "begin" : 1116,  "end" : 1121 }, 
        {"sofa" : 12,  "begin" : 1122,  "end" : 1124 }, 
        {"sofa" : 12,  "begin" : 1125,  "end" : 1128 }, 
        {"sofa" : 12,  "begin" : 1129,  "end" : 1137 }, 
        {"sofa" : 12,  "begin" : 1138,  "end" : 1140 }, 
        {"sofa" : 12,  "begin" : 1141,  "end" : 1150 }, 
        {"sofa" : 12,  "begin" : 1151,  "end" : 1163 }, 
        {"sofa" : 12,  "begin" : 1164,  "end" : 1166 }, 
        {"sofa" : 12,  "begin" : 1167,  "end" : 1180 }, 
        {"sofa" : 12,  "begin" : 1181,  "end" : 1188 }, 
        {"sofa" : 12,  "begin" : 1189,  "end" : 1197 }, 
        {"sofa" : 12,  "begin" : 1197,  "end" : 1198 }, 
        {"sofa" : 12,  "begin" : 1199,  "end" : 1203 }, 
        {"sofa" : 12,  "begin" : 1204,  "end" : 1206 }, 
        {"sofa" : 12,  "begin" : 1207,  "end" : 1208 }, 
        {"sofa" : 12,  "begin" : 1209,  "end" : 1217 }, 
        {"sofa" : 12,  "begin" : 1218,  "end" : 1220 }, 
        {"sofa" : 12,  "begin" : 1220,  "end" : 1221 }, 
        {"sofa" : 12,  "begin" : 1222,  "end" : 1226 }, 
        {"sofa" : 12,  "begin" : 1227,  "end" : 1234 }, 
        {"sofa" : 12,  "begin" : 1235,  "end" : 1237 }, 
        {"sofa" : 12,  "begin" : 1238,  "end" : 1241 }, 
        {"sofa" : 12,  "begin" : 1242,  "end" : 1250 }, 
        {"sofa" : 12,  "begin" : 1251,  "end" : 1259 }, 
        {"sofa" : 12,  "begin" : 1260,  "end" : 1264 }, 
        {"sofa" : 12,  "begin" : 1265,  "end" : 1269 }, 
        {"sofa" : 12,  "begin" : 1270,  "end" : 1277 }, 
        {"sofa" : 12,  "begin" : 1278,  "end" : 1283 }, 
        {"sofa" : 12,  "begin" : 1284,  "end" : 1294 }, 
        {"sofa" : 12,  "begin" : 1295,  "end" : 1303 }, 
        {"sofa" : 12,  "begin" : 1303,  "end" : 1304 }, 
        {"sofa" : 12,  "begin" : 1305,  "end" : 1308 }, 
        {"sofa" : 12,  "begin" : 1309,  "end" : 1312 }, 
        {"sofa" : 12,  "begin" : 1313,  "end" : 1318 }, 
        {"sofa" : 12,  "begin" : 1319,  "end" : 1327 }, 
        {"sofa" : 12,  "begin" : 1328,  "end" : 1331 }, 
        {"sofa" : 12,  "begin" : 1332,  "end" : 1347 }, 
        {"sofa" : 12,  "begin" : 1348,  "end" : 1353 }, 
        {"sofa" : 12,  "begin" : 1353,  "end" : 1354 }, 
        {"sofa" : 12,  "begin" : 1355,  "end" : 1360 }, 
        {"sofa" : 12,  "begin" : 1361,  "end" : 1364 }, 
        {"sofa" : 12,  "begin" : 1365,  "end" : 1370 }, 
        {"sofa" : 12,  "begin" : 1371,  "end" : 1379 }, 
        {"sofa" : 12,  "begin" : 1380,  "end" : 1383 }, 
        {"sofa" : 12,  "begin" : 1384,  "end" : 1386 }, 
        {"sofa" : 12,  "begin" : 1387,  "end" : 1389 }, 
        {"sofa" : 12,  "begin" : 1390,  "end" : 1393 }, 
        {"sofa" : 12,  "begin" : 1393,  "end" : 1394 }, 
        {"sofa" : 12,  "begin" : 1396,  "end" : 1402 }, 
        {"sofa" : 12,  "begin" : 1403,  "end" : 1406 }, 
        {"sofa" : 12,  "begin" : 1406,  "end" : 1407 }, 
        {"sofa" : 12,  "begin" : 1408,  "end" : 1411 }, 
        {"sofa" : 12,  "begin" : 1411,  "end" : 1412 }, 
        {"sofa" : 12,  "begin" : 1413,  "end" : 1415 }, 
        {"sofa" : 12,  "begin" : 1416,  "end" : 1425 }, 
        {"sofa" : 12,  "begin" : 1426,  "end" : 1428 }, 
        {"sofa" : 12,  "begin" : 1429,  "end" : 1435 }, 
        {"sofa" : 12,  "begin" : 1436,  "end" : 1442 }, 
        {"sofa" : 12,  "begin" : 1443,  "end" : 1446 }, 
        {"sofa" : 12,  "begin" : 1447,  "end" : 1455 }, 
        {"sofa" : 12,  "begin" : 1456,  "end" : 1458 }, 
        {"sofa" : 12,  "begin" : 1459,  "end" : 1462 }, 
        {"sofa" : 12,  "begin" : 1463,  "end" : 1470 }, 
        {"sofa" : 12,  "begin" : 1471,  "end" : 1477 }, 
        {"sofa" : 12,  "begin" : 1478,  "end" : 1484 }, 
        {"sofa" : 12,  "begin" : 1485,  "end" : 1494 }, 
        {"sofa" : 12,  "begin" : 1495,  "end" : 1497 }, 
        {"sofa" : 12,  "begin" : 1498,  "end" : 1505 }, 
        {"sofa" : 12,  "begin" : 1506,  "end" : 1510 }, 
        {"sofa" : 12,  "begin" : 1511,  "end" : 1517 }, 
        {"sofa" : 12,  "begin" : 1517,  "end" : 1518 }, 
        {"sofa" : 12,  "begin" : 1519,  "end" : 1523 }, 
        {"sofa" : 12,  "begin" : 1524,  "end" : 1528 }, 
        {"sofa" : 12,  "begin" : 1529,  "end" : 1534 }, 
        {"sofa" : 12,  "begin" : 1535,  "end" : 1545 }, 
        {"sofa" : 12,  "begin" : 1546,  "end" : 1555 }, 
        {"sofa" : 12,  "begin" : 1556,  "end" : 1559 }, 
        {"sofa" : 12,  "begin" : 1560,  "end" : 1563 }, 
        {"sofa" : 12,  "begin" : 1564,  "end" : 1567 }, 
        {"sofa" : 12,  "begin" : 1568,  "end" : 1576 }, 
        {"sofa" : 12,  "begin" : 1577,  "end" : 1579 }, 
        {"sofa" : 12,  "begin" : 1580,  "end" : 1582 }, 
        {"sofa" : 12,  "begin" : 1583,  "end" : 1590 }, 
        {"sofa" : 12,  "begin" : 1591,  "end" : 1596 }, 
        {"sofa" : 12,  "begin" : 1597,  "end" : 1605 }, 
        {"sofa" : 12,  "begin" : 1606,  "end" : 1617 }, 
        {"sofa" : 12,  "begin" : 1617,  "end" : 1618 } ], 
      "Persuasive_Labels" : [
        {"sofa" : 12,  "begin" : 875,  "end" : 933,  "EstablishingLegitimacy" : "Establishing Legitimacy" }, 
        {"sofa" : 12,  "begin" : 875,  "end" : 933,  "EstablishingLegitimacy" : "surface credibility markers - simply claiming authority or credibility" }, 
        {"sofa" : 12,  "begin" : 1009,  "end" : 1197,  "EstablishingLegitimacy" : "Establishing Legitimacy" }, 
        {"sofa" : 12,  "begin" : 1009,  "end" : 1197,  "EstablishingLegitimacy" : "citing source to establish legitimacy_source not verified" }, 
        {"sofa" : 12,  "begin" : 1396,  "end" : 1517,  "EstablishingLegitimacy" : "Establishing Legitimacy" }, 
        {"sofa" : 12,  "begin" : 1396,  "end" : 1517,  "EstablishingLegitimacy" : "citing source to establish legitimacy_source not verified" } ] } }, 
  "_referenced_fss" : {
    "12" : {"_type" : "Sofa",  "sofaNum" : 1,  "sofaID" : "_InitialView",  "mimeType" : "text",  "sofaString" : "﻿snes-01281 United States health care facilities face an intravenous bag shortage because of the devastation wreaked by Hurricane Maria in September 2017. \r\nSource: https://www.hsph.harvard.edu/news/hsph-in-the-news/hurricane-maria-u-s-iv-bag-shortage/ \r\nFact checking: https://www.snopes.com/fact-check/did-maria-cause-an-iv-bag-shortage/ \r\nActual content: \r\nHow Hurricane Maria caused U.S. IV bag shortage\r\nU.S. hospitals are facing widespread shortages of IV bags in the wake of Hurricane Maria, which damaged and temporarily shut down several Puerto Rico factories owned by a major manufacturer of the bags.\r\nIV bags, used to mix and deliver liquid medications or salt water to patients through an intravenous line, are one of the most highly used items in hospitals. There are workarounds to deal with the lack of the bags, such as injecting medications with a syringe. But experts from Harvard T.H. Chan School of Public Health are concerned that the lack of bags could negatively affect patient care.\r\nPaul Biddinger, director of Harvard Chan School's Emergency Preparedness and Response Exercise Program and chief of the Division of Emergency Preparedness at Massachusetts General Hospital, said in a February 20, 2018 article in The American Prospect that he's worried about cardiology patients, who use blood thinners and anti-arrhythmic drugs, which are often injected via an IV bag.\r\nAshish Jha, K.T. Li Professor of Global Health and director of the Harvard Global Health Institute at Harvard Chan School, said that using unfamiliar protocols can add new stresses to an already tense hospital environment.\r\n\r\n" } } }