{"_context" : {
    "_types" : {
      "DocumentMetaData" : {
        "_feature_types" : {"sofa" : "_ref" } }, 
      "Persuasive_Labels" : {
        "_feature_types" : {"sofa" : "_ref" } }, 
      "Sentence" : {
        "_feature_types" : {"sofa" : "_ref" } }, 
      "Sofa" : {
        "_feature_types" : {"sofaArray" : "_ref" } }, 
      "TagsetDescription" : {
        "_feature_types" : {"sofa" : "_ref",  "tags" : "_ref" } }, 
      "Token" : {
        "_feature_types" : {"sofa" : "_ref",  "parent" : "_ref",  "lemma" : "_ref",  "stem" : "_ref",  "pos" : "_ref",  "morph" : "_ref",  "form" : "_ref" } }, 
      "DocumentAnnotation" : {
        "_feature_types" : {"sofa" : "_ref" }, 
        "_subtypes" : ["DocumentMetaData" ] }, 
      "Annotation" : {
        "_feature_types" : {"sofa" : "_ref" }, 
        "_subtypes" : ["DocumentAnnotation",  "Persuasive_Labels",  "Sentence",  "TagsetDescription",  "Token" ] }, 
      "AnnotationBase" : {
        "_feature_types" : {"sofa" : "_ref" }, 
        "_subtypes" : ["Annotation" ] }, 
      "TOP" : {
        "_subtypes" : ["AnnotationBase",  "Sofa" ] } } }, 
  "_views" : {
    "_InitialView" : {
      "DocumentMetaData" : [
        {"sofa" : 12,  "end" : 5933,  "language" : "x-unspecified",  "documentTitle" : "130.%20tron-01791%20Health%20Warnings%20About%20Flouroquinolone%20Antibiotics%20.txt",  "documentId" : "admin",  "documentUri" : "file:/C:/Users/huiyi/.webanno/repository/project/4/document/297/source/admin",  "collectionId" : "file:/C:/Users/huiyi/.webanno/repository/project/4/document/297/source/",  "documentBaseUri" : "file:/C:/Users/huiyi/.webanno/repository/project/4/document/297/source/",  "isLastSegment" : false } ], 
      "TagsetDescription" : [
        {"sofa" : 12,  "layer" : "de.tudarmstadt.ukp.dkpro.core.api.syntax.type.dependency.Dependency",  "name" : "UD Universal Dependencies (v2)",  "input" : false }, 
        {"sofa" : 12,  "layer" : "de.tudarmstadt.ukp.dkpro.core.api.ner.type.NamedEntity",  "name" : "Named Entity tags",  "input" : false }, 
        {"sofa" : 12,  "layer" : "de.tudarmstadt.ukp.dkpro.core.api.transform.type.SofaChangeAnnotation",  "name" : "Operation",  "input" : false }, 
        {"sofa" : 12,  "layer" : "de.tudarmstadt.ukp.dkpro.core.api.lexmorph.type.pos.POS",  "name" : "UD Universal POS tags (v2)",  "input" : false }, 
        {"sofa" : 12,  "layer" : "webanno.custom.Persuasive_Labels",  "name" : "2. Using Anecdotes and Personal Experience as Evidence",  "input" : false } ], 
      "Sentence" : [
        {"sofa" : 12,  "end" : 255 }, 
        {"sofa" : 12,  "begin" : 257,  "end" : 385 }, 
        {"sofa" : 12,  "begin" : 386,  "end" : 395 }, 
        {"sofa" : 12,  "begin" : 396,  "end" : 631 }, 
        {"sofa" : 12,  "begin" : 633,  "end" : 804 }, 
        {"sofa" : 12,  "begin" : 805,  "end" : 899 }, 
        {"sofa" : 12,  "begin" : 900,  "end" : 957 }, 
        {"sofa" : 12,  "begin" : 959,  "end" : 989 }, 
        {"sofa" : 12,  "begin" : 990,  "end" : 1098 }, 
        {"sofa" : 12,  "begin" : 1099,  "end" : 1315 }, 
        {"sofa" : 12,  "begin" : 1316,  "end" : 1415 }, 
        {"sofa" : 12,  "begin" : 1417,  "end" : 1511 }, 
        {"sofa" : 12,  "begin" : 1512,  "end" : 1632 }, 
        {"sofa" : 12,  "begin" : 1633,  "end" : 1693 }, 
        {"sofa" : 12,  "begin" : 1694,  "end" : 1776 }, 
        {"sofa" : 12,  "begin" : 1778,  "end" : 2031 }, 
        {"sofa" : 12,  "begin" : 2032,  "end" : 2157 }, 
        {"sofa" : 12,  "begin" : 2158,  "end" : 2296 }, 
        {"sofa" : 12,  "begin" : 2298,  "end" : 2342 }, 
        {"sofa" : 12,  "begin" : 2343,  "end" : 2431 }, 
        {"sofa" : 12,  "begin" : 2432,  "end" : 2469 }, 
        {"sofa" : 12,  "begin" : 2470,  "end" : 2619 }, 
        {"sofa" : 12,  "begin" : 2620,  "end" : 2697 }, 
        {"sofa" : 12,  "begin" : 2698,  "end" : 2741 }, 
        {"sofa" : 12,  "begin" : 2742,  "end" : 2930 }, 
        {"sofa" : 12,  "begin" : 2931,  "end" : 2967 }, 
        {"sofa" : 12,  "begin" : 2968,  "end" : 2994 }, 
        {"sofa" : 12,  "begin" : 2995,  "end" : 3018 }, 
        {"sofa" : 12,  "begin" : 3019,  "end" : 3038 }, 
        {"sofa" : 12,  "begin" : 3039,  "end" : 3056 }, 
        {"sofa" : 12,  "begin" : 3057,  "end" : 3070 }, 
        {"sofa" : 12,  "begin" : 3071,  "end" : 3081 }, 
        {"sofa" : 12,  "begin" : 3082,  "end" : 3102 }, 
        {"sofa" : 12,  "begin" : 3104,  "end" : 3210 }, 
        {"sofa" : 12,  "begin" : 3211,  "end" : 3971 }, 
        {"sofa" : 12,  "begin" : 3971,  "end" : 5502 }, 
        {"sofa" : 12,  "begin" : 5504,  "end" : 5926 } ], 
      "Token" : [
        {"sofa" : 12,  "end" : 5 }, 
        {"sofa" : 12,  "begin" : 5,  "end" : 6 }, 
        {"sofa" : 12,  "begin" : 6,  "end" : 11 }, 
        {"sofa" : 12,  "begin" : 12,  "end" : 18 }, 
        {"sofa" : 12,  "begin" : 19,  "end" : 27 }, 
        {"sofa" : 12,  "begin" : 28,  "end" : 33 }, 
        {"sofa" : 12,  "begin" : 34,  "end" : 49 }, 
        {"sofa" : 12,  "begin" : 50,  "end" : 61 }, 
        {"sofa" : 12,  "begin" : 64,  "end" : 70 }, 
        {"sofa" : 12,  "begin" : 71,  "end" : 76 }, 
        {"sofa" : 12,  "begin" : 76,  "end" : 77 }, 
        {"sofa" : 12,  "begin" : 77,  "end" : 78 }, 
        {"sofa" : 12,  "begin" : 78,  "end" : 79 }, 
        {"sofa" : 12,  "begin" : 79,  "end" : 96 }, 
        {"sofa" : 12,  "begin" : 96,  "end" : 97 }, 
        {"sofa" : 12,  "begin" : 97,  "end" : 117 }, 
        {"sofa" : 12,  "begin" : 117,  "end" : 118 }, 
        {"sofa" : 12,  "begin" : 121,  "end" : 125 }, 
        {"sofa" : 12,  "begin" : 126,  "end" : 134 }, 
        {"sofa" : 12,  "begin" : 135,  "end" : 140 }, 
        {"sofa" : 12,  "begin" : 140,  "end" : 141 }, 
        {"sofa" : 12,  "begin" : 141,  "end" : 142 }, 
        {"sofa" : 12,  "begin" : 142,  "end" : 143 }, 
        {"sofa" : 12,  "begin" : 143,  "end" : 165 }, 
        {"sofa" : 12,  "begin" : 165,  "end" : 166 }, 
        {"sofa" : 12,  "begin" : 166,  "end" : 203 }, 
        {"sofa" : 12,  "begin" : 203,  "end" : 204 }, 
        {"sofa" : 12,  "begin" : 207,  "end" : 213 }, 
        {"sofa" : 12,  "begin" : 214,  "end" : 221 }, 
        {"sofa" : 12,  "begin" : 221,  "end" : 222 }, 
        {"sofa" : 12,  "begin" : 225,  "end" : 229 }, 
        {"sofa" : 12,  "begin" : 230,  "end" : 240 }, 
        {"sofa" : 12,  "begin" : 241,  "end" : 245 }, 
        {"sofa" : 12,  "begin" : 246,  "end" : 250 }, 
        {"sofa" : 12,  "begin" : 251,  "end" : 254 }, 
        {"sofa" : 12,  "begin" : 254,  "end" : 255 }, 
        {"sofa" : 12,  "begin" : 257,  "end" : 263 }, 
        {"sofa" : 12,  "begin" : 264,  "end" : 266 }, 
        {"sofa" : 12,  "begin" : 267,  "end" : 271 }, 
        {"sofa" : 12,  "begin" : 272,  "end" : 281 }, 
        {"sofa" : 12,  "begin" : 282,  "end" : 283 }, 
        {"sofa" : 12,  "begin" : 284,  "end" : 287 }, 
        {"sofa" : 12,  "begin" : 288,  "end" : 290 }, 
        {"sofa" : 12,  "begin" : 290,  "end" : 291 }, 
        {"sofa" : 12,  "begin" : 292,  "end" : 296 }, 
        {"sofa" : 12,  "begin" : 298,  "end" : 300 }, 
        {"sofa" : 12,  "begin" : 301,  "end" : 307 }, 
        {"sofa" : 12,  "begin" : 308,  "end" : 311 }, 
        {"sofa" : 12,  "begin" : 312,  "end" : 317 }, 
        {"sofa" : 12,  "begin" : 318,  "end" : 320 }, 
        {"sofa" : 12,  "begin" : 321,  "end" : 324 }, 
        {"sofa" : 12,  "begin" : 325,  "end" : 330 }, 
        {"sofa" : 12,  "begin" : 331,  "end" : 333 }, 
        {"sofa" : 12,  "begin" : 334,  "end" : 345 }, 
        {"sofa" : 12,  "begin" : 346,  "end" : 352 }, 
        {"sofa" : 12,  "begin" : 353,  "end" : 354 }, 
        {"sofa" : 12,  "begin" : 354,  "end" : 370 }, 
        {"sofa" : 12,  "begin" : 370,  "end" : 371 }, 
        {"sofa" : 12,  "begin" : 371,  "end" : 372 }, 
        {"sofa" : 12,  "begin" : 373,  "end" : 376 }, 
        {"sofa" : 12,  "begin" : 377,  "end" : 381 }, 
        {"sofa" : 12,  "begin" : 382,  "end" : 384 }, 
        {"sofa" : 12,  "begin" : 384,  "end" : 385 }, 
        {"sofa" : 12,  "begin" : 386,  "end" : 391 }, 
        {"sofa" : 12,  "begin" : 392,  "end" : 394 }, 
        {"sofa" : 12,  "begin" : 394,  "end" : 395 }, 
        {"sofa" : 12,  "begin" : 396,  "end" : 401 }, 
        {"sofa" : 12,  "begin" : 402,  "end" : 408 }, 
        {"sofa" : 12,  "begin" : 409,  "end" : 410 }, 
        {"sofa" : 12,  "begin" : 411,  "end" : 416 }, 
        {"sofa" : 12,  "begin" : 417,  "end" : 419 }, 
        {"sofa" : 12,  "begin" : 420,  "end" : 425 }, 
        {"sofa" : 12,  "begin" : 426,  "end" : 428 }, 
        {"sofa" : 12,  "begin" : 429,  "end" : 433 }, 
        {"sofa" : 12,  "begin" : 433,  "end" : 434 }, 
        {"sofa" : 12,  "begin" : 435,  "end" : 438 }, 
        {"sofa" : 12,  "begin" : 439,  "end" : 440 }, 
        {"sofa" : 12,  "begin" : 441,  "end" : 444 }, 
        {"sofa" : 12,  "begin" : 444,  "end" : 445 }, 
        {"sofa" : 12,  "begin" : 446,  "end" : 449 }, 
        {"sofa" : 12,  "begin" : 450,  "end" : 457 }, 
        {"sofa" : 12,  "begin" : 458,  "end" : 462 }, 
        {"sofa" : 12,  "begin" : 463,  "end" : 466 }, 
        {"sofa" : 12,  "begin" : 467,  "end" : 474 }, 
        {"sofa" : 12,  "begin" : 475,  "end" : 482 }, 
        {"sofa" : 12,  "begin" : 483,  "end" : 486 }, 
        {"sofa" : 12,  "begin" : 487,  "end" : 492 }, 
        {"sofa" : 12,  "begin" : 493,  "end" : 496 }, 
        {"sofa" : 12,  "begin" : 497,  "end" : 504 }, 
        {"sofa" : 12,  "begin" : 505,  "end" : 507 }, 
        {"sofa" : 12,  "begin" : 508,  "end" : 511 }, 
        {"sofa" : 12,  "begin" : 512,  "end" : 517 }, 
        {"sofa" : 12,  "begin" : 518,  "end" : 522 }, 
        {"sofa" : 12,  "begin" : 523,  "end" : 530 }, 
        {"sofa" : 12,  "begin" : 530,  "end" : 531 }, 
        {"sofa" : 12,  "begin" : 532,  "end" : 538 }, 
        {"sofa" : 12,  "begin" : 538,  "end" : 539 }, 
        {"sofa" : 12,  "begin" : 540,  "end" : 544 }, 
        {"sofa" : 12,  "begin" : 545,  "end" : 549 }, 
        {"sofa" : 12,  "begin" : 550,  "end" : 553 }, 
        {"sofa" : 12,  "begin" : 554,  "end" : 559 }, 
        {"sofa" : 12,  "begin" : 560,  "end" : 563 }, 
        {"sofa" : 12,  "begin" : 564,  "end" : 566 }, 
        {"sofa" : 12,  "begin" : 567,  "end" : 572 }, 
        {"sofa" : 12,  "begin" : 573,  "end" : 577 }, 
        {"sofa" : 12,  "begin" : 578,  "end" : 581 }, 
        {"sofa" : 12,  "begin" : 582,  "end" : 586 }, 
        {"sofa" : 12,  "begin" : 587,  "end" : 591 }, 
        {"sofa" : 12,  "begin" : 592,  "end" : 597 }, 
        {"sofa" : 12,  "begin" : 598,  "end" : 600 }, 
        {"sofa" : 12,  "begin" : 601,  "end" : 606 }, 
        {"sofa" : 12,  "begin" : 607,  "end" : 610 }, 
        {"sofa" : 12,  "begin" : 611,  "end" : 618 }, 
        {"sofa" : 12,  "begin" : 619,  "end" : 621 }, 
        {"sofa" : 12,  "begin" : 622,  "end" : 625 }, 
        {"sofa" : 12,  "begin" : 626,  "end" : 630 }, 
        {"sofa" : 12,  "begin" : 630,  "end" : 631 }, 
        {"sofa" : 12,  "begin" : 633,  "end" : 636 }, 
        {"sofa" : 12,  "begin" : 637,  "end" : 643 }, 
        {"sofa" : 12,  "begin" : 644,  "end" : 648 }, 
        {"sofa" : 12,  "begin" : 649,  "end" : 654 }, 
        {"sofa" : 12,  "begin" : 655,  "end" : 661 }, 
        {"sofa" : 12,  "begin" : 662,  "end" : 666 }, 
        {"sofa" : 12,  "begin" : 667,  "end" : 672 }, 
        {"sofa" : 12,  "begin" : 673,  "end" : 675 }, 
        {"sofa" : 12,  "begin" : 676,  "end" : 680 }, 
        {"sofa" : 12,  "begin" : 681,  "end" : 684 }, 
        {"sofa" : 12,  "begin" : 685,  "end" : 696 }, 
        {"sofa" : 12,  "begin" : 696,  "end" : 697 }, 
        {"sofa" : 12,  "begin" : 698,  "end" : 699 }, 
        {"sofa" : 12,  "begin" : 699,  "end" : 707 }, 
        {"sofa" : 12,  "begin" : 708,  "end" : 719 }, 
        {"sofa" : 12,  "begin" : 720,  "end" : 726 }, 
        {"sofa" : 12,  "begin" : 727,  "end" : 730 }, 
        {"sofa" : 12,  "begin" : 731,  "end" : 739 }, 
        {"sofa" : 12,  "begin" : 740,  "end" : 748 }, 
        {"sofa" : 12,  "begin" : 748,  "end" : 749 }, 
        {"sofa" : 12,  "begin" : 750,  "end" : 756 }, 
        {"sofa" : 12,  "begin" : 757,  "end" : 769 }, 
        {"sofa" : 12,  "begin" : 769,  "end" : 770 }, 
        {"sofa" : 12,  "begin" : 771,  "end" : 774 }, 
        {"sofa" : 12,  "begin" : 775,  "end" : 784 }, 
        {"sofa" : 12,  "begin" : 785,  "end" : 789 }, 
        {"sofa" : 12,  "begin" : 790,  "end" : 792 }, 
        {"sofa" : 12,  "begin" : 793,  "end" : 803 }, 
        {"sofa" : 12,  "begin" : 803,  "end" : 804 }, 
        {"sofa" : 12,  "begin" : 805,  "end" : 807 }, 
        {"sofa" : 12,  "begin" : 808,  "end" : 811 }, 
        {"sofa" : 12,  "begin" : 812,  "end" : 819 }, 
        {"sofa" : 12,  "begin" : 820,  "end" : 828 }, 
        {"sofa" : 12,  "begin" : 829,  "end" : 834 }, 
        {"sofa" : 12,  "begin" : 835,  "end" : 847 }, 
        {"sofa" : 12,  "begin" : 848,  "end" : 851 }, 
        {"sofa" : 12,  "begin" : 852,  "end" : 861 }, 
        {"sofa" : 12,  "begin" : 862,  "end" : 864 }, 
        {"sofa" : 12,  "begin" : 865,  "end" : 869 }, 
        {"sofa" : 12,  "begin" : 870,  "end" : 872 }, 
        {"sofa" : 12,  "begin" : 873,  "end" : 875 }, 
        {"sofa" : 12,  "begin" : 876,  "end" : 881 }, 
        {"sofa" : 12,  "begin" : 882,  "end" : 888 }, 
        {"sofa" : 12,  "begin" : 889,  "end" : 892 }, 
        {"sofa" : 12,  "begin" : 893,  "end" : 898 }, 
        {"sofa" : 12,  "begin" : 898,  "end" : 899 }, 
        {"sofa" : 12,  "begin" : 900,  "end" : 906 }, 
        {"sofa" : 12,  "begin" : 907,  "end" : 916 }, 
        {"sofa" : 12,  "begin" : 917,  "end" : 919 }, 
        {"sofa" : 12,  "begin" : 920,  "end" : 923 }, 
        {"sofa" : 12,  "begin" : 924,  "end" : 928 }, 
        {"sofa" : 12,  "begin" : 929,  "end" : 930 }, 
        {"sofa" : 12,  "begin" : 931,  "end" : 936 }, 
        {"sofa" : 12,  "begin" : 937,  "end" : 939 }, 
        {"sofa" : 12,  "begin" : 940,  "end" : 943 }, 
        {"sofa" : 12,  "begin" : 944,  "end" : 949 }, 
        {"sofa" : 12,  "begin" : 950,  "end" : 955 }, 
        {"sofa" : 12,  "begin" : 955,  "end" : 956 }, 
        {"sofa" : 12,  "begin" : 956,  "end" : 957 }, 
        {"sofa" : 12,  "begin" : 959,  "end" : 962 }, 
        {"sofa" : 12,  "begin" : 963,  "end" : 967 }, 
        {"sofa" : 12,  "begin" : 968,  "end" : 972 }, 
        {"sofa" : 12,  "begin" : 973,  "end" : 976 }, 
        {"sofa" : 12,  "begin" : 977,  "end" : 982 }, 
        {"sofa" : 12,  "begin" : 983,  "end" : 988 }, 
        {"sofa" : 12,  "begin" : 988,  "end" : 989 }, 
        {"sofa" : 12,  "begin" : 990,  "end" : 994 }, 
        {"sofa" : 12,  "begin" : 995,  "end" : 997 }, 
        {"sofa" : 12,  "begin" : 998,  "end" : 1000 }, 
        {"sofa" : 12,  "begin" : 1001,  "end" : 1005 }, 
        {"sofa" : 12,  "begin" : 1006,  "end" : 1011 }, 
        {"sofa" : 12,  "begin" : 1011,  "end" : 1012 }, 
        {"sofa" : 12,  "begin" : 1013,  "end" : 1018 }, 
        {"sofa" : 12,  "begin" : 1018,  "end" : 1019 }, 
        {"sofa" : 12,  "begin" : 1020,  "end" : 1028 }, 
        {"sofa" : 12,  "begin" : 1028,  "end" : 1029 }, 
        {"sofa" : 12,  "begin" : 1030,  "end" : 1036 }, 
        {"sofa" : 12,  "begin" : 1036,  "end" : 1037 }, 
        {"sofa" : 12,  "begin" : 1038,  "end" : 1047 }, 
        {"sofa" : 12,  "begin" : 1048,  "end" : 1053 }, 
        {"sofa" : 12,  "begin" : 1054,  "end" : 1061 }, 
        {"sofa" : 12,  "begin" : 1062,  "end" : 1068 }, 
        {"sofa" : 12,  "begin" : 1069,  "end" : 1071 }, 
        {"sofa" : 12,  "begin" : 1072,  "end" : 1073 }, 
        {"sofa" : 12,  "begin" : 1073,  "end" : 1077 }, 
        {"sofa" : 12,  "begin" : 1077,  "end" : 1078 }, 
        {"sofa" : 12,  "begin" : 1078,  "end" : 1079 }, 
        {"sofa" : 12,  "begin" : 1080,  "end" : 1081 }, 
        {"sofa" : 12,  "begin" : 1081,  "end" : 1087 }, 
        {"sofa" : 12,  "begin" : 1087,  "end" : 1088 }, 
        {"sofa" : 12,  "begin" : 1088,  "end" : 1089 }, 
        {"sofa" : 12,  "begin" : 1090,  "end" : 1092 }, 
        {"sofa" : 12,  "begin" : 1093,  "end" : 1094 }, 
        {"sofa" : 12,  "begin" : 1094,  "end" : 1096 }, 
        {"sofa" : 12,  "begin" : 1096,  "end" : 1097 }, 
        {"sofa" : 12,  "begin" : 1097,  "end" : 1098 }, 
        {"sofa" : 12,  "begin" : 1099,  "end" : 1104 }, 
        {"sofa" : 12,  "begin" : 1105,  "end" : 1108 }, 
        {"sofa" : 12,  "begin" : 1109,  "end" : 1112 }, 
        {"sofa" : 12,  "begin" : 1113,  "end" : 1116 }, 
        {"sofa" : 12,  "begin" : 1117,  "end" : 1120 }, 
        {"sofa" : 12,  "begin" : 1121,  "end" : 1128 }, 
        {"sofa" : 12,  "begin" : 1129,  "end" : 1134 }, 
        {"sofa" : 12,  "begin" : 1135,  "end" : 1142 }, 
        {"sofa" : 12,  "begin" : 1143,  "end" : 1145 }, 
        {"sofa" : 12,  "begin" : 1146,  "end" : 1151 }, 
        {"sofa" : 12,  "begin" : 1152,  "end" : 1163 }, 
        {"sofa" : 12,  "begin" : 1164,  "end" : 1165 }, 
        {"sofa" : 12,  "begin" : 1165,  "end" : 1169 }, 
        {"sofa" : 12,  "begin" : 1170,  "end" : 1174 }, 
        {"sofa" : 12,  "begin" : 1174,  "end" : 1175 }, 
        {"sofa" : 12,  "begin" : 1176,  "end" : 1182 }, 
        {"sofa" : 12,  "begin" : 1182,  "end" : 1183 }, 
        {"sofa" : 12,  "begin" : 1184,  "end" : 1185 }, 
        {"sofa" : 12,  "begin" : 1185,  "end" : 1193 }, 
        {"sofa" : 12,  "begin" : 1194,  "end" : 1200 }, 
        {"sofa" : 12,  "begin" : 1201,  "end" : 1207 }, 
        {"sofa" : 12,  "begin" : 1208,  "end" : 1212 }, 
        {"sofa" : 12,  "begin" : 1213,  "end" : 1216 }, 
        {"sofa" : 12,  "begin" : 1217,  "end" : 1219 }, 
        {"sofa" : 12,  "begin" : 1220,  "end" : 1232 }, 
        {"sofa" : 12,  "begin" : 1232,  "end" : 1233 }, 
        {"sofa" : 12,  "begin" : 1233,  "end" : 1234 }, 
        {"sofa" : 12,  "begin" : 1235,  "end" : 1241 }, 
        {"sofa" : 12,  "begin" : 1242,  "end" : 1245 }, 
        {"sofa" : 12,  "begin" : 1246,  "end" : 1251 }, 
        {"sofa" : 12,  "begin" : 1252,  "end" : 1258 }, 
        {"sofa" : 12,  "begin" : 1259,  "end" : 1263 }, 
        {"sofa" : 12,  "begin" : 1264,  "end" : 1267 }, 
        {"sofa" : 12,  "begin" : 1268,  "end" : 1274 }, 
        {"sofa" : 12,  "begin" : 1275,  "end" : 1278 }, 
        {"sofa" : 12,  "begin" : 1279,  "end" : 1283 }, 
        {"sofa" : 12,  "begin" : 1284,  "end" : 1286 }, 
        {"sofa" : 12,  "begin" : 1287,  "end" : 1292 }, 
        {"sofa" : 12,  "begin" : 1292,  "end" : 1293 }, 
        {"sofa" : 12,  "begin" : 1294,  "end" : 1296 }, 
        {"sofa" : 12,  "begin" : 1297,  "end" : 1300 }, 
        {"sofa" : 12,  "begin" : 1301,  "end" : 1303 }, 
        {"sofa" : 12,  "begin" : 1304,  "end" : 1311 }, 
        {"sofa" : 12,  "begin" : 1312,  "end" : 1314 }, 
        {"sofa" : 12,  "begin" : 1314,  "end" : 1315 }, 
        {"sofa" : 12,  "begin" : 1316,  "end" : 1318 }, 
        {"sofa" : 12,  "begin" : 1318,  "end" : 1319 }, 
        {"sofa" : 12,  "begin" : 1320,  "end" : 1322 }, 
        {"sofa" : 12,  "begin" : 1323,  "end" : 1324 }, 
        {"sofa" : 12,  "begin" : 1325,  "end" : 1331 }, 
        {"sofa" : 12,  "begin" : 1332,  "end" : 1335 }, 
        {"sofa" : 12,  "begin" : 1335,  "end" : 1336 }, 
        {"sofa" : 12,  "begin" : 1337,  "end" : 1340 }, 
        {"sofa" : 12,  "begin" : 1341,  "end" : 1345 }, 
        {"sofa" : 12,  "begin" : 1346,  "end" : 1353 }, 
        {"sofa" : 12,  "begin" : 1354,  "end" : 1362 }, 
        {"sofa" : 12,  "begin" : 1362,  "end" : 1363 }, 
        {"sofa" : 12,  "begin" : 1364,  "end" : 1369 }, 
        {"sofa" : 12,  "begin" : 1369,  "end" : 1370 }, 
        {"sofa" : 12,  "begin" : 1370,  "end" : 1371 }, 
        {"sofa" : 12,  "begin" : 1371,  "end" : 1372 }, 
        {"sofa" : 12,  "begin" : 1372,  "end" : 1383 }, 
        {"sofa" : 12,  "begin" : 1383,  "end" : 1384 }, 
        {"sofa" : 12,  "begin" : 1384,  "end" : 1389 }, 
        {"sofa" : 12,  "begin" : 1389,  "end" : 1390 }, 
        {"sofa" : 12,  "begin" : 1390,  "end" : 1400 }, 
        {"sofa" : 12,  "begin" : 1400,  "end" : 1401 }, 
        {"sofa" : 12,  "begin" : 1401,  "end" : 1410 }, 
        {"sofa" : 12,  "begin" : 1410,  "end" : 1411 }, 
        {"sofa" : 12,  "begin" : 1411,  "end" : 1414 }, 
        {"sofa" : 12,  "begin" : 1414,  "end" : 1415 }, 
        {"sofa" : 12,  "begin" : 1417,  "end" : 1433 }, 
        {"sofa" : 12,  "begin" : 1434,  "end" : 1438 }, 
        {"sofa" : 12,  "begin" : 1439,  "end" : 1447 }, 
        {"sofa" : 12,  "begin" : 1448,  "end" : 1450 }, 
        {"sofa" : 12,  "begin" : 1451,  "end" : 1453 }, 
        {"sofa" : 12,  "begin" : 1454,  "end" : 1455 }, 
        {"sofa" : 12,  "begin" : 1456,  "end" : 1460 }, 
        {"sofa" : 12,  "begin" : 1461,  "end" : 1467 }, 
        {"sofa" : 12,  "begin" : 1468,  "end" : 1472 }, 
        {"sofa" : 12,  "begin" : 1473,  "end" : 1475 }, 
        {"sofa" : 12,  "begin" : 1476,  "end" : 1480 }, 
        {"sofa" : 12,  "begin" : 1481,  "end" : 1485 }, 
        {"sofa" : 12,  "begin" : 1486,  "end" : 1489 }, 
        {"sofa" : 12,  "begin" : 1490,  "end" : 1495 }, 
        {"sofa" : 12,  "begin" : 1496,  "end" : 1503 }, 
        {"sofa" : 12,  "begin" : 1504,  "end" : 1510 }, 
        {"sofa" : 12,  "begin" : 1510,  "end" : 1511 }, 
        {"sofa" : 12,  "begin" : 1512,  "end" : 1516 }, 
        {"sofa" : 12,  "begin" : 1517,  "end" : 1522 }, 
        {"sofa" : 12,  "begin" : 1523,  "end" : 1525 }, 
        {"sofa" : 12,  "begin" : 1526,  "end" : 1529 }, 
        {"sofa" : 12,  "begin" : 1530,  "end" : 1533 }, 
        {"sofa" : 12,  "begin" : 1534,  "end" : 1535 }, 
        {"sofa" : 12,  "begin" : 1536,  "end" : 1539 }, 
        {"sofa" : 12,  "begin" : 1540,  "end" : 1543 }, 
        {"sofa" : 12,  "begin" : 1544,  "end" : 1547 }, 
        {"sofa" : 12,  "begin" : 1548,  "end" : 1552 }, 
        {"sofa" : 12,  "begin" : 1553,  "end" : 1561 }, 
        {"sofa" : 12,  "begin" : 1562,  "end" : 1564 }, 
        {"sofa" : 12,  "begin" : 1565,  "end" : 1575 }, 
        {"sofa" : 12,  "begin" : 1575,  "end" : 1576 }, 
        {"sofa" : 12,  "begin" : 1577,  "end" : 1581 }, 
        {"sofa" : 12,  "begin" : 1582,  "end" : 1587 }, 
        {"sofa" : 12,  "begin" : 1588,  "end" : 1593 }, 
        {"sofa" : 12,  "begin" : 1594,  "end" : 1598 }, 
        {"sofa" : 12,  "begin" : 1599,  "end" : 1604 }, 
        {"sofa" : 12,  "begin" : 1605,  "end" : 1614 }, 
        {"sofa" : 12,  "begin" : 1615,  "end" : 1619 }, 
        {"sofa" : 12,  "begin" : 1620,  "end" : 1622 }, 
        {"sofa" : 12,  "begin" : 1623,  "end" : 1627 }, 
        {"sofa" : 12,  "begin" : 1628,  "end" : 1631 }, 
        {"sofa" : 12,  "begin" : 1631,  "end" : 1632 }, 
        {"sofa" : 12,  "begin" : 1633,  "end" : 1636 }, 
        {"sofa" : 12,  "begin" : 1637,  "end" : 1639 }, 
        {"sofa" : 12,  "begin" : 1640,  "end" : 1642 }, 
        {"sofa" : 12,  "begin" : 1643,  "end" : 1646 }, 
        {"sofa" : 12,  "begin" : 1647,  "end" : 1651 }, 
        {"sofa" : 12,  "begin" : 1651,  "end" : 1652 }, 
        {"sofa" : 12,  "begin" : 1653,  "end" : 1657 }, 
        {"sofa" : 12,  "begin" : 1658,  "end" : 1660 }, 
        {"sofa" : 12,  "begin" : 1660,  "end" : 1661 }, 
        {"sofa" : 12,  "begin" : 1662,  "end" : 1664 }, 
        {"sofa" : 12,  "begin" : 1665,  "end" : 1669 }, 
        {"sofa" : 12,  "begin" : 1670,  "end" : 1672 }, 
        {"sofa" : 12,  "begin" : 1673,  "end" : 1677 }, 
        {"sofa" : 12,  "begin" : 1678,  "end" : 1683 }, 
        {"sofa" : 12,  "begin" : 1684,  "end" : 1685 }, 
        {"sofa" : 12,  "begin" : 1686,  "end" : 1692 }, 
        {"sofa" : 12,  "begin" : 1692,  "end" : 1693 }, 
        {"sofa" : 12,  "begin" : 1694,  "end" : 1700 }, 
        {"sofa" : 12,  "begin" : 1701,  "end" : 1703 }, 
        {"sofa" : 12,  "begin" : 1704,  "end" : 1710 }, 
        {"sofa" : 12,  "begin" : 1711,  "end" : 1714 }, 
        {"sofa" : 12,  "begin" : 1715,  "end" : 1718 }, 
        {"sofa" : 12,  "begin" : 1719,  "end" : 1729 }, 
        {"sofa" : 12,  "begin" : 1730,  "end" : 1735 }, 
        {"sofa" : 12,  "begin" : 1736,  "end" : 1741 }, 
        {"sofa" : 12,  "begin" : 1742,  "end" : 1746 }, 
        {"sofa" : 12,  "begin" : 1747,  "end" : 1751 }, 
        {"sofa" : 12,  "begin" : 1752,  "end" : 1755 }, 
        {"sofa" : 12,  "begin" : 1756,  "end" : 1763 }, 
        {"sofa" : 12,  "begin" : 1764,  "end" : 1767 }, 
        {"sofa" : 12,  "begin" : 1768,  "end" : 1770 }, 
        {"sofa" : 12,  "begin" : 1771,  "end" : 1775 }, 
        {"sofa" : 12,  "begin" : 1775,  "end" : 1776 }, 
        {"sofa" : 12,  "begin" : 1778,  "end" : 1779 }, 
        {"sofa" : 12,  "begin" : 1779,  "end" : 1784 }, 
        {"sofa" : 12,  "begin" : 1785,  "end" : 1790 }, 
        {"sofa" : 12,  "begin" : 1790,  "end" : 1791 }, 
        {"sofa" : 12,  "begin" : 1792,  "end" : 1795 }, 
        {"sofa" : 12,  "begin" : 1796,  "end" : 1803 }, 
        {"sofa" : 12,  "begin" : 1804,  "end" : 1806 }, 
        {"sofa" : 12,  "begin" : 1807,  "end" : 1823 }, 
        {"sofa" : 12,  "begin" : 1823,  "end" : 1824 }, 
        {"sofa" : 12,  "begin" : 1827,  "end" : 1830 }, 
        {"sofa" : 12,  "begin" : 1831,  "end" : 1837 }, 
        {"sofa" : 12,  "begin" : 1838,  "end" : 1842 }, 
        {"sofa" : 12,  "begin" : 1843,  "end" : 1847 }, 
        {"sofa" : 12,  "begin" : 1848,  "end" : 1856 }, 
        {"sofa" : 12,  "begin" : 1857,  "end" : 1859 }, 
        {"sofa" : 12,  "begin" : 1860,  "end" : 1862 }, 
        {"sofa" : 12,  "begin" : 1863,  "end" : 1864 }, 
        {"sofa" : 12,  "begin" : 1865,  "end" : 1869 }, 
        {"sofa" : 12,  "begin" : 1870,  "end" : 1876 }, 
        {"sofa" : 12,  "begin" : 1877,  "end" : 1879 }, 
        {"sofa" : 12,  "begin" : 1880,  "end" : 1887 }, 
        {"sofa" : 12,  "begin" : 1888,  "end" : 1890 }, 
        {"sofa" : 12,  "begin" : 1891,  "end" : 1894 }, 
        {"sofa" : 12,  "begin" : 1895,  "end" : 1901 }, 
        {"sofa" : 12,  "begin" : 1902,  "end" : 1908 }, 
        {"sofa" : 12,  "begin" : 1909,  "end" : 1913 }, 
        {"sofa" : 12,  "begin" : 1914,  "end" : 1916 }, 
        {"sofa" : 12,  "begin" : 1917,  "end" : 1919 }, 
        {"sofa" : 12,  "begin" : 1920,  "end" : 1923 }, 
        {"sofa" : 12,  "begin" : 1924,  "end" : 1928 }, 
        {"sofa" : 12,  "begin" : 1928,  "end" : 1929 }, 
        {"sofa" : 12,  "begin" : 1930,  "end" : 1934 }, 
        {"sofa" : 12,  "begin" : 1935,  "end" : 1943 }, 
        {"sofa" : 12,  "begin" : 1944,  "end" : 1950 }, 
        {"sofa" : 12,  "begin" : 1951,  "end" : 1954 }, 
        {"sofa" : 12,  "begin" : 1955,  "end" : 1958 }, 
        {"sofa" : 12,  "begin" : 1959,  "end" : 1972 }, 
        {"sofa" : 12,  "begin" : 1973,  "end" : 1979 }, 
        {"sofa" : 12,  "begin" : 1980,  "end" : 1985 }, 
        {"sofa" : 12,  "begin" : 1986,  "end" : 1987 }, 
        {"sofa" : 12,  "begin" : 1987,  "end" : 1990 }, 
        {"sofa" : 12,  "begin" : 1991,  "end" : 1996 }, 
        {"sofa" : 12,  "begin" : 1997,  "end" : 2001 }, 
        {"sofa" : 12,  "begin" : 2002,  "end" : 2006 }, 
        {"sofa" : 12,  "begin" : 2007,  "end" : 2010 }, 
        {"sofa" : 12,  "begin" : 2011,  "end" : 2017 }, 
        {"sofa" : 12,  "begin" : 2018,  "end" : 2020 }, 
        {"sofa" : 12,  "begin" : 2021,  "end" : 2024 }, 
        {"sofa" : 12,  "begin" : 2025,  "end" : 2029 }, 
        {"sofa" : 12,  "begin" : 2029,  "end" : 2030 }, 
        {"sofa" : 12,  "begin" : 2030,  "end" : 2031 }, 
        {"sofa" : 12,  "begin" : 2032,  "end" : 2034 }, 
        {"sofa" : 12,  "begin" : 2034,  "end" : 2035 }, 
        {"sofa" : 12,  "begin" : 2036,  "end" : 2038 }, 
        {"sofa" : 12,  "begin" : 2039,  "end" : 2042 }, 
        {"sofa" : 12,  "begin" : 2043,  "end" : 2047 }, 
        {"sofa" : 12,  "begin" : 2048,  "end" : 2053 }, 
        {"sofa" : 12,  "begin" : 2054,  "end" : 2059 }, 
        {"sofa" : 12,  "begin" : 2060,  "end" : 2063 }, 
        {"sofa" : 12,  "begin" : 2064,  "end" : 2067 }, 
        {"sofa" : 12,  "begin" : 2068,  "end" : 2079 }, 
        {"sofa" : 12,  "begin" : 2080,  "end" : 2088 }, 
        {"sofa" : 12,  "begin" : 2089,  "end" : 2092 }, 
        {"sofa" : 12,  "begin" : 2093,  "end" : 2097 }, 
        {"sofa" : 12,  "begin" : 2098,  "end" : 2103 }, 
        {"sofa" : 12,  "begin" : 2104,  "end" : 2108 }, 
        {"sofa" : 12,  "begin" : 2109,  "end" : 2112 }, 
        {"sofa" : 12,  "begin" : 2113,  "end" : 2121 }, 
        {"sofa" : 12,  "begin" : 2122,  "end" : 2124 }, 
        {"sofa" : 12,  "begin" : 2125,  "end" : 2131 }, 
        {"sofa" : 12,  "begin" : 2132,  "end" : 2139 }, 
        {"sofa" : 12,  "begin" : 2140,  "end" : 2145 }, 
        {"sofa" : 12,  "begin" : 2146,  "end" : 2149 }, 
        {"sofa" : 12,  "begin" : 2150,  "end" : 2156 }, 
        {"sofa" : 12,  "begin" : 2156,  "end" : 2157 }, 
        {"sofa" : 12,  "begin" : 2158,  "end" : 2174 }, 
        {"sofa" : 12,  "begin" : 2175,  "end" : 2178 }, 
        {"sofa" : 12,  "begin" : 2179,  "end" : 2183 }, 
        {"sofa" : 12,  "begin" : 2184,  "end" : 2188 }, 
        {"sofa" : 12,  "begin" : 2189,  "end" : 2191 }, 
        {"sofa" : 12,  "begin" : 2192,  "end" : 2197 }, 
        {"sofa" : 12,  "begin" : 2198,  "end" : 2201 }, 
        {"sofa" : 12,  "begin" : 2202,  "end" : 2213 }, 
        {"sofa" : 12,  "begin" : 2214,  "end" : 2221 }, 
        {"sofa" : 12,  "begin" : 2222,  "end" : 2227 }, 
        {"sofa" : 12,  "begin" : 2228,  "end" : 2231 }, 
        {"sofa" : 12,  "begin" : 2232,  "end" : 2238 }, 
        {"sofa" : 12,  "begin" : 2239,  "end" : 2241 }, 
        {"sofa" : 12,  "begin" : 2242,  "end" : 2253 }, 
        {"sofa" : 12,  "begin" : 2254,  "end" : 2260 }, 
        {"sofa" : 12,  "begin" : 2260,  "end" : 2261 }, 
        {"sofa" : 12,  "begin" : 2262,  "end" : 2272 }, 
        {"sofa" : 12,  "begin" : 2272,  "end" : 2273 }, 
        {"sofa" : 12,  "begin" : 2274,  "end" : 2277 }, 
        {"sofa" : 12,  "begin" : 2278,  "end" : 2286 }, 
        {"sofa" : 12,  "begin" : 2287,  "end" : 2295 }, 
        {"sofa" : 12,  "begin" : 2295,  "end" : 2296 }, 
        {"sofa" : 12,  "begin" : 2298,  "end" : 2301 }, 
        {"sofa" : 12,  "begin" : 2302,  "end" : 2305 }, 
        {"sofa" : 12,  "begin" : 2306,  "end" : 2310 }, 
        {"sofa" : 12,  "begin" : 2311,  "end" : 2315 }, 
        {"sofa" : 12,  "begin" : 2315,  "end" : 2316 }, 
        {"sofa" : 12,  "begin" : 2317,  "end" : 2320 }, 
        {"sofa" : 12,  "begin" : 2321,  "end" : 2327 }, 
        {"sofa" : 12,  "begin" : 2328,  "end" : 2330 }, 
        {"sofa" : 12,  "begin" : 2331,  "end" : 2341 }, 
        {"sofa" : 12,  "begin" : 2341,  "end" : 2342 }, 
        {"sofa" : 12,  "begin" : 2343,  "end" : 2344 }, 
        {"sofa" : 12,  "begin" : 2344,  "end" : 2347 }, 
        {"sofa" : 12,  "begin" : 2348,  "end" : 2352 }, 
        {"sofa" : 12,  "begin" : 2353,  "end" : 2362 }, 
        {"sofa" : 12,  "begin" : 2363,  "end" : 2366 }, 
        {"sofa" : 12,  "begin" : 2367,  "end" : 2371 }, 
        {"sofa" : 12,  "begin" : 2372,  "end" : 2374 }, 
        {"sofa" : 12,  "begin" : 2375,  "end" : 2380 }, 
        {"sofa" : 12,  "begin" : 2381,  "end" : 2392 }, 
        {"sofa" : 12,  "begin" : 2392,  "end" : 2393 }, 
        {"sofa" : 12,  "begin" : 2394,  "end" : 2397 }, 
        {"sofa" : 12,  "begin" : 2398,  "end" : 2402 }, 
        {"sofa" : 12,  "begin" : 2403,  "end" : 2409 }, 
        {"sofa" : 12,  "begin" : 2410,  "end" : 2412 }, 
        {"sofa" : 12,  "begin" : 2413,  "end" : 2417 }, 
        {"sofa" : 12,  "begin" : 2418,  "end" : 2420 }, 
        {"sofa" : 12,  "begin" : 2421,  "end" : 2425 }, 
        {"sofa" : 12,  "begin" : 2426,  "end" : 2430 }, 
        {"sofa" : 12,  "begin" : 2430,  "end" : 2431 }, 
        {"sofa" : 12,  "begin" : 2432,  "end" : 2435 }, 
        {"sofa" : 12,  "begin" : 2436,  "end" : 2440 }, 
        {"sofa" : 12,  "begin" : 2441,  "end" : 2444 }, 
        {"sofa" : 12,  "begin" : 2445,  "end" : 2449 }, 
        {"sofa" : 12,  "begin" : 2450,  "end" : 2456 }, 
        {"sofa" : 12,  "begin" : 2456,  "end" : 2457 }, 
        {"sofa" : 12,  "begin" : 2458,  "end" : 2461 }, 
        {"sofa" : 12,  "begin" : 2462,  "end" : 2468 }, 
        {"sofa" : 12,  "begin" : 2468,  "end" : 2469 }, 
        {"sofa" : 12,  "begin" : 2470,  "end" : 2471 }, 
        {"sofa" : 12,  "begin" : 2472,  "end" : 2479 }, 
        {"sofa" : 12,  "begin" : 2480,  "end" : 2487 }, 
        {"sofa" : 12,  "begin" : 2488,  "end" : 2490 }, 
        {"sofa" : 12,  "begin" : 2491,  "end" : 2497 }, 
        {"sofa" : 12,  "begin" : 2498,  "end" : 2501 }, 
        {"sofa" : 12,  "begin" : 2502,  "end" : 2506 }, 
        {"sofa" : 12,  "begin" : 2507,  "end" : 2508 }, 
        {"sofa" : 12,  "begin" : 2509,  "end" : 2524 }, 
        {"sofa" : 12,  "begin" : 2525,  "end" : 2535 }, 
        {"sofa" : 12,  "begin" : 2535,  "end" : 2536 }, 
        {"sofa" : 12,  "begin" : 2537,  "end" : 2541 }, 
        {"sofa" : 12,  "begin" : 2542,  "end" : 2549 }, 
        {"sofa" : 12,  "begin" : 2550,  "end" : 2552 }, 
        {"sofa" : 12,  "begin" : 2553,  "end" : 2558 }, 
        {"sofa" : 12,  "begin" : 2559,  "end" : 2563 }, 
        {"sofa" : 12,  "begin" : 2564,  "end" : 2566 }, 
        {"sofa" : 12,  "begin" : 2567,  "end" : 2570 }, 
        {"sofa" : 12,  "begin" : 2571,  "end" : 2577 }, 
        {"sofa" : 12,  "begin" : 2577,  "end" : 2578 }, 
        {"sofa" : 12,  "begin" : 2579,  "end" : 2588 }, 
        {"sofa" : 12,  "begin" : 2588,  "end" : 2589 }, 
        {"sofa" : 12,  "begin" : 2590,  "end" : 2593 }, 
        {"sofa" : 12,  "begin" : 2594,  "end" : 2602 }, 
        {"sofa" : 12,  "begin" : 2603,  "end" : 2605 }, 
        {"sofa" : 12,  "begin" : 2606,  "end" : 2611 }, 
        {"sofa" : 12,  "begin" : 2612,  "end" : 2618 }, 
        {"sofa" : 12,  "begin" : 2618,  "end" : 2619 }, 
        {"sofa" : 12,  "begin" : 2620,  "end" : 2624 }, 
        {"sofa" : 12,  "begin" : 2625,  "end" : 2631 }, 
        {"sofa" : 12,  "begin" : 2632,  "end" : 2635 }, 
        {"sofa" : 12,  "begin" : 2636,  "end" : 2637 }, 
        {"sofa" : 12,  "begin" : 2638,  "end" : 2647 }, 
        {"sofa" : 12,  "begin" : 2648,  "end" : 2656 }, 
        {"sofa" : 12,  "begin" : 2657,  "end" : 2662 }, 
        {"sofa" : 12,  "begin" : 2663,  "end" : 2672 }, 
        {"sofa" : 12,  "begin" : 2673,  "end" : 2675 }, 
        {"sofa" : 12,  "begin" : 2676,  "end" : 2681 }, 
        {"sofa" : 12,  "begin" : 2682,  "end" : 2685 }, 
        {"sofa" : 12,  "begin" : 2686,  "end" : 2692 }, 
        {"sofa" : 12,  "begin" : 2693,  "end" : 2696 }, 
        {"sofa" : 12,  "begin" : 2696,  "end" : 2697 }, 
        {"sofa" : 12,  "begin" : 2698,  "end" : 2702 }, 
        {"sofa" : 12,  "begin" : 2703,  "end" : 2709 }, 
        {"sofa" : 12,  "begin" : 2710,  "end" : 2714 }, 
        {"sofa" : 12,  "begin" : 2715,  "end" : 2720 }, 
        {"sofa" : 12,  "begin" : 2721,  "end" : 2723 }, 
        {"sofa" : 12,  "begin" : 2724,  "end" : 2727 }, 
        {"sofa" : 12,  "begin" : 2728,  "end" : 2733 }, 
        {"sofa" : 12,  "begin" : 2734,  "end" : 2735 }, 
        {"sofa" : 12,  "begin" : 2736,  "end" : 2740 }, 
        {"sofa" : 12,  "begin" : 2740,  "end" : 2741 }, 
        {"sofa" : 12,  "begin" : 2742,  "end" : 2743 }, 
        {"sofa" : 12,  "begin" : 2744,  "end" : 2748 }, 
        {"sofa" : 12,  "begin" : 2749,  "end" : 2754 }, 
        {"sofa" : 12,  "begin" : 2755,  "end" : 2760 }, 
        {"sofa" : 12,  "begin" : 2761,  "end" : 2763 }, 
        {"sofa" : 12,  "begin" : 2764,  "end" : 2767 }, 
        {"sofa" : 12,  "begin" : 2768,  "end" : 2773 }, 
        {"sofa" : 12,  "begin" : 2774,  "end" : 2776 }, 
        {"sofa" : 12,  "begin" : 2777,  "end" : 2792 }, 
        {"sofa" : 12,  "begin" : 2793,  "end" : 2804 }, 
        {"sofa" : 12,  "begin" : 2805,  "end" : 2807 }, 
        {"sofa" : 12,  "begin" : 2808,  "end" : 2810 }, 
        {"sofa" : 12,  "begin" : 2811,  "end" : 2815 }, 
        {"sofa" : 12,  "begin" : 2816,  "end" : 2819 }, 
        {"sofa" : 12,  "begin" : 2820,  "end" : 2824 }, 
        {"sofa" : 12,  "begin" : 2825,  "end" : 2831 }, 
        {"sofa" : 12,  "begin" : 2832,  "end" : 2835 }, 
        {"sofa" : 12,  "begin" : 2836,  "end" : 2838 }, 
        {"sofa" : 12,  "begin" : 2839,  "end" : 2844 }, 
        {"sofa" : 12,  "begin" : 2845,  "end" : 2849 }, 
        {"sofa" : 12,  "begin" : 2850,  "end" : 2855 }, 
        {"sofa" : 12,  "begin" : 2856,  "end" : 2859 }, 
        {"sofa" : 12,  "begin" : 2860,  "end" : 2863 }, 
        {"sofa" : 12,  "begin" : 2864,  "end" : 2869 }, 
        {"sofa" : 12,  "begin" : 2870,  "end" : 2879 }, 
        {"sofa" : 12,  "begin" : 2880,  "end" : 2882 }, 
        {"sofa" : 12,  "begin" : 2883,  "end" : 2887 }, 
        {"sofa" : 12,  "begin" : 2888,  "end" : 2890 }, 
        {"sofa" : 12,  "begin" : 2891,  "end" : 2900 }, 
        {"sofa" : 12,  "begin" : 2901,  "end" : 2907 }, 
        {"sofa" : 12,  "begin" : 2908,  "end" : 2912 }, 
        {"sofa" : 12,  "begin" : 2913,  "end" : 2918 }, 
        {"sofa" : 12,  "begin" : 2919,  "end" : 2923 }, 
        {"sofa" : 12,  "begin" : 2924,  "end" : 2929 }, 
        {"sofa" : 12,  "begin" : 2929,  "end" : 2930 }, 
        {"sofa" : 12,  "begin" : 2931,  "end" : 2933 }, 
        {"sofa" : 12,  "begin" : 2934,  "end" : 2939 }, 
        {"sofa" : 12,  "begin" : 2940,  "end" : 2943 }, 
        {"sofa" : 12,  "begin" : 2944,  "end" : 2948 }, 
        {"sofa" : 12,  "begin" : 2949,  "end" : 2951 }, 
        {"sofa" : 12,  "begin" : 2952,  "end" : 2953 }, 
        {"sofa" : 12,  "begin" : 2954,  "end" : 2962 }, 
        {"sofa" : 12,  "begin" : 2963,  "end" : 2966 }, 
        {"sofa" : 12,  "begin" : 2966,  "end" : 2967 }, 
        {"sofa" : 12,  "begin" : 2968,  "end" : 2970 }, 
        {"sofa" : 12,  "begin" : 2971,  "end" : 2974 }, 
        {"sofa" : 12,  "begin" : 2975,  "end" : 2977 }, 
        {"sofa" : 12,  "begin" : 2978,  "end" : 2979 }, 
        {"sofa" : 12,  "begin" : 2980,  "end" : 2989 }, 
        {"sofa" : 12,  "begin" : 2990,  "end" : 2993 }, 
        {"sofa" : 12,  "begin" : 2993,  "end" : 2994 }, 
        {"sofa" : 12,  "begin" : 2995,  "end" : 2997 }, 
        {"sofa" : 12,  "begin" : 2998,  "end" : 3002 }, 
        {"sofa" : 12,  "begin" : 3002,  "end" : 3003 }, 
        {"sofa" : 12,  "begin" : 3004,  "end" : 3008 }, 
        {"sofa" : 12,  "begin" : 3009,  "end" : 3012 }, 
        {"sofa" : 12,  "begin" : 3013,  "end" : 3017 }, 
        {"sofa" : 12,  "begin" : 3017,  "end" : 3018 }, 
        {"sofa" : 12,  "begin" : 3019,  "end" : 3022 }, 
        {"sofa" : 12,  "begin" : 3023,  "end" : 3029 }, 
        {"sofa" : 12,  "begin" : 3030,  "end" : 3032 }, 
        {"sofa" : 12,  "begin" : 3033,  "end" : 3037 }, 
        {"sofa" : 12,  "begin" : 3037,  "end" : 3038 }, 
        {"sofa" : 12,  "begin" : 3039,  "end" : 3044 }, 
        {"sofa" : 12,  "begin" : 3045,  "end" : 3047 }, 
        {"sofa" : 12,  "begin" : 3048,  "end" : 3050 }, 
        {"sofa" : 12,  "begin" : 3051,  "end" : 3055 }, 
        {"sofa" : 12,  "begin" : 3055,  "end" : 3056 }, 
        {"sofa" : 12,  "begin" : 3057,  "end" : 3059 }, 
        {"sofa" : 12,  "begin" : 3060,  "end" : 3069 }, 
        {"sofa" : 12,  "begin" : 3069,  "end" : 3070 }, 
        {"sofa" : 12,  "begin" : 3071,  "end" : 3073 }, 
        {"sofa" : 12,  "begin" : 3074,  "end" : 3080 }, 
        {"sofa" : 12,  "begin" : 3080,  "end" : 3081 }, 
        {"sofa" : 12,  "begin" : 3082,  "end" : 3084 }, 
        {"sofa" : 12,  "begin" : 3085,  "end" : 3095 }, 
        {"sofa" : 12,  "begin" : 3096,  "end" : 3100 }, 
        {"sofa" : 12,  "begin" : 3100,  "end" : 3101 }, 
        {"sofa" : 12,  "begin" : 3101,  "end" : 3102 }, 
        {"sofa" : 12,  "begin" : 3104,  "end" : 3107 }, 
        {"sofa" : 12,  "begin" : 3108,  "end" : 3114 }, 
        {"sofa" : 12,  "begin" : 3115,  "end" : 3117 }, 
        {"sofa" : 12,  "begin" : 3118,  "end" : 3121 }, 
        {"sofa" : 12,  "begin" : 3122,  "end" : 3124 }, 
        {"sofa" : 12,  "begin" : 3125,  "end" : 3128 }, 
        {"sofa" : 12,  "begin" : 3128,  "end" : 3129 }, 
        {"sofa" : 12,  "begin" : 3130,  "end" : 3132 }, 
        {"sofa" : 12,  "begin" : 3133,  "end" : 3139 }, 
        {"sofa" : 12,  "begin" : 3140,  "end" : 3147 }, 
        {"sofa" : 12,  "begin" : 3148,  "end" : 3152 }, 
        {"sofa" : 12,  "begin" : 3153,  "end" : 3158 }, 
        {"sofa" : 12,  "begin" : 3159,  "end" : 3163 }, 
        {"sofa" : 12,  "begin" : 3164,  "end" : 3171 }, 
        {"sofa" : 12,  "begin" : 3171,  "end" : 3172 }, 
        {"sofa" : 12,  "begin" : 3173,  "end" : 3176 }, 
        {"sofa" : 12,  "begin" : 3177,  "end" : 3179 }, 
        {"sofa" : 12,  "begin" : 3180,  "end" : 3183 }, 
        {"sofa" : 12,  "begin" : 3184,  "end" : 3186 }, 
        {"sofa" : 12,  "begin" : 3187,  "end" : 3195 }, 
        {"sofa" : 12,  "begin" : 3196,  "end" : 3199 }, 
        {"sofa" : 12,  "begin" : 3200,  "end" : 3203 }, 
        {"sofa" : 12,  "begin" : 3204,  "end" : 3209 }, 
        {"sofa" : 12,  "begin" : 3209,  "end" : 3210 }, 
        {"sofa" : 12,  "begin" : 3211,  "end" : 3216 }, 
        {"sofa" : 12,  "begin" : 3217,  "end" : 3220 }, 
        {"sofa" : 12,  "begin" : 3221,  "end" : 3224 }, 
        {"sofa" : 12,  "begin" : 3225,  "end" : 3230 }, 
        {"sofa" : 12,  "begin" : 3231,  "end" : 3236 }, 
        {"sofa" : 12,  "begin" : 3237,  "end" : 3240 }, 
        {"sofa" : 12,  "begin" : 3241,  "end" : 3245 }, 
        {"sofa" : 12,  "begin" : 3246,  "end" : 3250 }, 
        {"sofa" : 12,  "begin" : 3251,  "end" : 3253 }, 
        {"sofa" : 12,  "begin" : 3254,  "end" : 3259 }, 
        {"sofa" : 12,  "begin" : 3260,  "end" : 3269 }, 
        {"sofa" : 12,  "begin" : 3270,  "end" : 3281 }, 
        {"sofa" : 12,  "begin" : 3281,  "end" : 3282 }, 
        {"sofa" : 12,  "begin" : 3284,  "end" : 3288 }, 
        {"sofa" : 12,  "begin" : 3289,  "end" : 3294 }, 
        {"sofa" : 12,  "begin" : 3295,  "end" : 3302 }, 
        {"sofa" : 12,  "begin" : 3303,  "end" : 3306 }, 
        {"sofa" : 12,  "begin" : 3307,  "end" : 3322 }, 
        {"sofa" : 12,  "begin" : 3323,  "end" : 3334 }, 
        {"sofa" : 12,  "begin" : 3334,  "end" : 3335 }, 
        {"sofa" : 12,  "begin" : 3337,  "end" : 3341 }, 
        {"sofa" : 12,  "begin" : 3341,  "end" : 3342 }, 
        {"sofa" : 12,  "begin" : 3342,  "end" : 3343 }, 
        {"sofa" : 12,  "begin" : 3343,  "end" : 3344 }, 
        {"sofa" : 12,  "begin" : 3344,  "end" : 3355 }, 
        {"sofa" : 12,  "begin" : 3355,  "end" : 3356 }, 
        {"sofa" : 12,  "begin" : 3356,  "end" : 3361 }, 
        {"sofa" : 12,  "begin" : 3361,  "end" : 3362 }, 
        {"sofa" : 12,  "begin" : 3362,  "end" : 3372 }, 
        {"sofa" : 12,  "begin" : 3372,  "end" : 3373 }, 
        {"sofa" : 12,  "begin" : 3373,  "end" : 3427 }, 
        {"sofa" : 12,  "begin" : 3427,  "end" : 3428 }, 
        {"sofa" : 12,  "begin" : 3428,  "end" : 3437 }, 
        {"sofa" : 12,  "begin" : 3437,  "end" : 3438 }, 
        {"sofa" : 12,  "begin" : 3438,  "end" : 3441 }, 
        {"sofa" : 12,  "begin" : 3443,  "end" : 3446 }, 
        {"sofa" : 12,  "begin" : 3447,  "end" : 3457 }, 
        {"sofa" : 12,  "begin" : 3458,  "end" : 3460 }, 
        {"sofa" : 12,  "begin" : 3461,  "end" : 3467 }, 
        {"sofa" : 12,  "begin" : 3468,  "end" : 3471 }, 
        {"sofa" : 12,  "begin" : 3472,  "end" : 3477 }, 
        {"sofa" : 12,  "begin" : 3478,  "end" : 3486 }, 
        {"sofa" : 12,  "begin" : 3487,  "end" : 3494 }, 
        {"sofa" : 12,  "begin" : 3495,  "end" : 3498 }, 
        {"sofa" : 12,  "begin" : 3499,  "end" : 3504 }, 
        {"sofa" : 12,  "begin" : 3504,  "end" : 3505 }, 
        {"sofa" : 12,  "begin" : 3507,  "end" : 3511 }, 
        {"sofa" : 12,  "begin" : 3511,  "end" : 3512 }, 
        {"sofa" : 12,  "begin" : 3512,  "end" : 3513 }, 
        {"sofa" : 12,  "begin" : 3513,  "end" : 3514 }, 
        {"sofa" : 12,  "begin" : 3514,  "end" : 3536 }, 
        {"sofa" : 12,  "begin" : 3536,  "end" : 3537 }, 
        {"sofa" : 12,  "begin" : 3537,  "end" : 3552 }, 
        {"sofa" : 12,  "begin" : 3552,  "end" : 3553 }, 
        {"sofa" : 12,  "begin" : 3553,  "end" : 3562 }, 
        {"sofa" : 12,  "begin" : 3562,  "end" : 3563 }, 
        {"sofa" : 12,  "begin" : 3563,  "end" : 3567 }, 
        {"sofa" : 12,  "begin" : 3567,  "end" : 3568 }, 
        {"sofa" : 12,  "begin" : 3568,  "end" : 3629 }, 
        {"sofa" : 12,  "begin" : 3631,  "end" : 3634 }, 
        {"sofa" : 12,  "begin" : 3635,  "end" : 3638 }, 
        {"sofa" : 12,  "begin" : 3639,  "end" : 3646 }, 
        {"sofa" : 12,  "begin" : 3647,  "end" : 3654 }, 
        {"sofa" : 12,  "begin" : 3655,  "end" : 3657 }, 
        {"sofa" : 12,  "begin" : 3658,  "end" : 3667 }, 
        {"sofa" : 12,  "begin" : 3667,  "end" : 3668 }, 
        {"sofa" : 12,  "begin" : 3669,  "end" : 3670 }, 
        {"sofa" : 12,  "begin" : 3670,  "end" : 3678 }, 
        {"sofa" : 12,  "begin" : 3679,  "end" : 3689 }, 
        {"sofa" : 12,  "begin" : 3690,  "end" : 3693 }, 
        {"sofa" : 12,  "begin" : 3694,  "end" : 3700 }, 
        {"sofa" : 12,  "begin" : 3701,  "end" : 3708 }, 
        {"sofa" : 12,  "begin" : 3709,  "end" : 3712 }, 
        {"sofa" : 12,  "begin" : 3713,  "end" : 3715 }, 
        {"sofa" : 12,  "begin" : 3716,  "end" : 3731 }, 
        {"sofa" : 12,  "begin" : 3732,  "end" : 3743 }, 
        {"sofa" : 12,  "begin" : 3743,  "end" : 3744 }, 
        {"sofa" : 12,  "begin" : 3744,  "end" : 3745 }, 
        {"sofa" : 12,  "begin" : 3747,  "end" : 3751 }, 
        {"sofa" : 12,  "begin" : 3751,  "end" : 3752 }, 
        {"sofa" : 12,  "begin" : 3752,  "end" : 3753 }, 
        {"sofa" : 12,  "begin" : 3753,  "end" : 3754 }, 
        {"sofa" : 12,  "begin" : 3754,  "end" : 3766 }, 
        {"sofa" : 12,  "begin" : 3766,  "end" : 3767 }, 
        {"sofa" : 12,  "begin" : 3767,  "end" : 3770 }, 
        {"sofa" : 12,  "begin" : 3770,  "end" : 3771 }, 
        {"sofa" : 12,  "begin" : 3771,  "end" : 3775 }, 
        {"sofa" : 12,  "begin" : 3775,  "end" : 3776 }, 
        {"sofa" : 12,  "begin" : 3776,  "end" : 3783 }, 
        {"sofa" : 12,  "begin" : 3783,  "end" : 3784 }, 
        {"sofa" : 12,  "begin" : 3784,  "end" : 3803 }, 
        {"sofa" : 12,  "begin" : 3805,  "end" : 3808 }, 
        {"sofa" : 12,  "begin" : 3809,  "end" : 3812 }, 
        {"sofa" : 12,  "begin" : 3813,  "end" : 3817 }, 
        {"sofa" : 12,  "begin" : 3818,  "end" : 3823 }, 
        {"sofa" : 12,  "begin" : 3823,  "end" : 3824 }, 
        {"sofa" : 12,  "begin" : 3825,  "end" : 3832 }, 
        {"sofa" : 12,  "begin" : 3833,  "end" : 3844 }, 
        {"sofa" : 12,  "begin" : 3845,  "end" : 3848 }, 
        {"sofa" : 12,  "begin" : 3849,  "end" : 3854 }, 
        {"sofa" : 12,  "begin" : 3855,  "end" : 3862 }, 
        {"sofa" : 12,  "begin" : 3863,  "end" : 3867 }, 
        {"sofa" : 12,  "begin" : 3868,  "end" : 3875 }, 
        {"sofa" : 12,  "begin" : 3875,  "end" : 3876 }, 
        {"sofa" : 12,  "begin" : 3878,  "end" : 3882 }, 
        {"sofa" : 12,  "begin" : 3882,  "end" : 3883 }, 
        {"sofa" : 12,  "begin" : 3883,  "end" : 3884 }, 
        {"sofa" : 12,  "begin" : 3884,  "end" : 3885 }, 
        {"sofa" : 12,  "begin" : 3885,  "end" : 3907 }, 
        {"sofa" : 12,  "begin" : 3907,  "end" : 3908 }, 
        {"sofa" : 12,  "begin" : 3908,  "end" : 3912 }, 
        {"sofa" : 12,  "begin" : 3912,  "end" : 3913 }, 
        {"sofa" : 12,  "begin" : 3913,  "end" : 3915 }, 
        {"sofa" : 12,  "begin" : 3915,  "end" : 3916 }, 
        {"sofa" : 12,  "begin" : 3916,  "end" : 3918 }, 
        {"sofa" : 12,  "begin" : 3918,  "end" : 3919 }, 
        {"sofa" : 12,  "begin" : 3919,  "end" : 3969 }, 
        {"sofa" : 12,  "begin" : 3969,  "end" : 3970 }, 
        {"sofa" : 12,  "begin" : 3970,  "end" : 3971 }, 
        {"sofa" : 12,  "begin" : 3971,  "end" : 3972 }, 
        {"sofa" : 12,  "begin" : 3972,  "end" : 3973 }, 
        {"sofa" : 12,  "begin" : 3973,  "end" : 3974 }, 
        {"sofa" : 12,  "begin" : 3974,  "end" : 3975 }, 
        {"sofa" : 12,  "begin" : 3977,  "end" : 3989 }, 
        {"sofa" : 12,  "begin" : 3990,  "end" : 4005 }, 
        {"sofa" : 12,  "begin" : 4006,  "end" : 4019 }, 
        {"sofa" : 12,  "begin" : 4020,  "end" : 4022 }, 
        {"sofa" : 12,  "begin" : 4023,  "end" : 4039 }, 
        {"sofa" : 12,  "begin" : 4039,  "end" : 4040 }, 
        {"sofa" : 12,  "begin" : 4041,  "end" : 4051 }, 
        {"sofa" : 12,  "begin" : 4052,  "end" : 4055 }, 
        {"sofa" : 12,  "begin" : 4056,  "end" : 4067 }, 
        {"sofa" : 12,  "begin" : 4068,  "end" : 4071 }, 
        {"sofa" : 12,  "begin" : 4072,  "end" : 4077 }, 
        {"sofa" : 12,  "begin" : 4078,  "end" : 4080 }, 
        {"sofa" : 12,  "begin" : 4081,  "end" : 4084 }, 
        {"sofa" : 12,  "begin" : 4085,  "end" : 4093 }, 
        {"sofa" : 12,  "begin" : 4094,  "end" : 4104 }, 
        {"sofa" : 12,  "begin" : 4104,  "end" : 4105 }, 
        {"sofa" : 12,  "begin" : 4107,  "end" : 4112 }, 
        {"sofa" : 12,  "begin" : 4112,  "end" : 4113 }, 
        {"sofa" : 12,  "begin" : 4113,  "end" : 4114 }, 
        {"sofa" : 12,  "begin" : 4114,  "end" : 4115 }, 
        {"sofa" : 12,  "begin" : 4115,  "end" : 4135 }, 
        {"sofa" : 12,  "begin" : 4135,  "end" : 4136 }, 
        {"sofa" : 12,  "begin" : 4136,  "end" : 4147 }, 
        {"sofa" : 12,  "begin" : 4147,  "end" : 4148 }, 
        {"sofa" : 12,  "begin" : 4148,  "end" : 4156 }, 
        {"sofa" : 12,  "begin" : 4156,  "end" : 4157 }, 
        {"sofa" : 12,  "begin" : 4157,  "end" : 4270 }, 
        {"sofa" : 12,  "begin" : 4272,  "end" : 4280 }, 
        {"sofa" : 12,  "begin" : 4281,  "end" : 4296 }, 
        {"sofa" : 12,  "begin" : 4297,  "end" : 4310 }, 
        {"sofa" : 12,  "begin" : 4311,  "end" : 4313 }, 
        {"sofa" : 12,  "begin" : 4314,  "end" : 4330 }, 
        {"sofa" : 12,  "begin" : 4330,  "end" : 4331 }, 
        {"sofa" : 12,  "begin" : 4332,  "end" : 4342 }, 
        {"sofa" : 12,  "begin" : 4343,  "end" : 4346 }, 
        {"sofa" : 12,  "begin" : 4347,  "end" : 4358 }, 
        {"sofa" : 12,  "begin" : 4359,  "end" : 4362 }, 
        {"sofa" : 12,  "begin" : 4363,  "end" : 4368 }, 
        {"sofa" : 12,  "begin" : 4369,  "end" : 4371 }, 
        {"sofa" : 12,  "begin" : 4372,  "end" : 4375 }, 
        {"sofa" : 12,  "begin" : 4376,  "end" : 4384 }, 
        {"sofa" : 12,  "begin" : 4385,  "end" : 4395 }, 
        {"sofa" : 12,  "begin" : 4395,  "end" : 4396 }, 
        {"sofa" : 12,  "begin" : 4398,  "end" : 4402 }, 
        {"sofa" : 12,  "begin" : 4402,  "end" : 4403 }, 
        {"sofa" : 12,  "begin" : 4403,  "end" : 4404 }, 
        {"sofa" : 12,  "begin" : 4404,  "end" : 4405 }, 
        {"sofa" : 12,  "begin" : 4405,  "end" : 4421 }, 
        {"sofa" : 12,  "begin" : 4421,  "end" : 4422 }, 
        {"sofa" : 12,  "begin" : 4422,  "end" : 4433 }, 
        {"sofa" : 12,  "begin" : 4433,  "end" : 4434 }, 
        {"sofa" : 12,  "begin" : 4434,  "end" : 4440 }, 
        {"sofa" : 12,  "begin" : 4442,  "end" : 4448 }, 
        {"sofa" : 12,  "begin" : 4448,  "end" : 4449 }, 
        {"sofa" : 12,  "begin" : 4450,  "end" : 4453 }, 
        {"sofa" : 12,  "begin" : 4454,  "end" : 4466 }, 
        {"sofa" : 12,  "begin" : 4467,  "end" : 4475 }, 
        {"sofa" : 12,  "begin" : 4476,  "end" : 4487 }, 
        {"sofa" : 12,  "begin" : 4488,  "end" : 4493 }, 
        {"sofa" : 12,  "begin" : 4494,  "end" : 4502 }, 
        {"sofa" : 12,  "begin" : 4503,  "end" : 4510 }, 
        {"sofa" : 12,  "begin" : 4511,  "end" : 4534 }, 
        {"sofa" : 12,  "begin" : 4535,  "end" : 4544 }, 
        {"sofa" : 12,  "begin" : 4545,  "end" : 4551 }, 
        {"sofa" : 12,  "begin" : 4552,  "end" : 4555 }, 
        {"sofa" : 12,  "begin" : 4556,  "end" : 4569 }, 
        {"sofa" : 12,  "begin" : 4570,  "end" : 4578 }, 
        {"sofa" : 12,  "begin" : 4579,  "end" : 4585 }, 
        {"sofa" : 12,  "begin" : 4586,  "end" : 4588 }, 
        {"sofa" : 12,  "begin" : 4589,  "end" : 4594 }, 
        {"sofa" : 12,  "begin" : 4595,  "end" : 4603 }, 
        {"sofa" : 12,  "begin" : 4604,  "end" : 4610 }, 
        {"sofa" : 12,  "begin" : 4611,  "end" : 4616 }, 
        {"sofa" : 12,  "begin" : 4616,  "end" : 4617 }, 
        {"sofa" : 12,  "begin" : 4619,  "end" : 4623 }, 
        {"sofa" : 12,  "begin" : 4623,  "end" : 4624 }, 
        {"sofa" : 12,  "begin" : 4624,  "end" : 4625 }, 
        {"sofa" : 12,  "begin" : 4625,  "end" : 4626 }, 
        {"sofa" : 12,  "begin" : 4626,  "end" : 4646 }, 
        {"sofa" : 12,  "begin" : 4646,  "end" : 4647 }, 
        {"sofa" : 12,  "begin" : 4647,  "end" : 4653 }, 
        {"sofa" : 12,  "begin" : 4653,  "end" : 4654 }, 
        {"sofa" : 12,  "begin" : 4654,  "end" : 4662 }, 
        {"sofa" : 12,  "begin" : 4664,  "end" : 4669 }, 
        {"sofa" : 12,  "begin" : 4669,  "end" : 4670 }, 
        {"sofa" : 12,  "begin" : 4671,  "end" : 4678 }, 
        {"sofa" : 12,  "begin" : 4679,  "end" : 4684 }, 
        {"sofa" : 12,  "begin" : 4685,  "end" : 4690 }, 
        {"sofa" : 12,  "begin" : 4691,  "end" : 4694 }, 
        {"sofa" : 12,  "begin" : 4695,  "end" : 4702 }, 
        {"sofa" : 12,  "begin" : 4703,  "end" : 4714 }, 
        {"sofa" : 12,  "begin" : 4714,  "end" : 4715 }, 
        {"sofa" : 12,  "begin" : 4717,  "end" : 4721 }, 
        {"sofa" : 12,  "begin" : 4721,  "end" : 4722 }, 
        {"sofa" : 12,  "begin" : 4722,  "end" : 4723 }, 
        {"sofa" : 12,  "begin" : 4723,  "end" : 4724 }, 
        {"sofa" : 12,  "begin" : 4724,  "end" : 4737 }, 
        {"sofa" : 12,  "begin" : 4737,  "end" : 4738 }, 
        {"sofa" : 12,  "begin" : 4738,  "end" : 4752 }, 
        {"sofa" : 12,  "begin" : 4752,  "end" : 4753 }, 
        {"sofa" : 12,  "begin" : 4753,  "end" : 4757 }, 
        {"sofa" : 12,  "begin" : 4757,  "end" : 4758 }, 
        {"sofa" : 12,  "begin" : 4758,  "end" : 4766 }, 
        {"sofa" : 12,  "begin" : 4766,  "end" : 4767 }, 
        {"sofa" : 12,  "begin" : 4767,  "end" : 4804 }, 
        {"sofa" : 12,  "begin" : 4806,  "end" : 4812 }, 
        {"sofa" : 12,  "begin" : 4813,  "end" : 4820 }, 
        {"sofa" : 12,  "begin" : 4820,  "end" : 4821 }, 
        {"sofa" : 12,  "begin" : 4822,  "end" : 4848 }, 
        {"sofa" : 12,  "begin" : 4849,  "end" : 4861 }, 
        {"sofa" : 12,  "begin" : 4861,  "end" : 4862 }, 
        {"sofa" : 12,  "begin" : 4863,  "end" : 4864 }, 
        {"sofa" : 12,  "begin" : 4865,  "end" : 4873 }, 
        {"sofa" : 12,  "begin" : 4874,  "end" : 4880 }, 
        {"sofa" : 12,  "begin" : 4881,  "end" : 4883 }, 
        {"sofa" : 12,  "begin" : 4884,  "end" : 4887 }, 
        {"sofa" : 12,  "begin" : 4888,  "end" : 4898 }, 
        {"sofa" : 12,  "begin" : 4898,  "end" : 4899 }, 
        {"sofa" : 12,  "begin" : 4901,  "end" : 4905 }, 
        {"sofa" : 12,  "begin" : 4905,  "end" : 4906 }, 
        {"sofa" : 12,  "begin" : 4906,  "end" : 4907 }, 
        {"sofa" : 12,  "begin" : 4907,  "end" : 4908 }, 
        {"sofa" : 12,  "begin" : 4908,  "end" : 4930 }, 
        {"sofa" : 12,  "begin" : 4930,  "end" : 4931 }, 
        {"sofa" : 12,  "begin" : 4931,  "end" : 4938 }, 
        {"sofa" : 12,  "begin" : 4938,  "end" : 4939 }, 
        {"sofa" : 12,  "begin" : 4939,  "end" : 4941 }, 
        {"sofa" : 12,  "begin" : 4941,  "end" : 4942 }, 
        {"sofa" : 12,  "begin" : 4942,  "end" : 4944 }, 
        {"sofa" : 12,  "begin" : 4944,  "end" : 4945 }, 
        {"sofa" : 12,  "begin" : 4945,  "end" : 4949 }, 
        {"sofa" : 12,  "begin" : 4949,  "end" : 4950 }, 
        {"sofa" : 12,  "begin" : 4950,  "end" : 4954 }, 
        {"sofa" : 12,  "begin" : 4956,  "end" : 4962 }, 
        {"sofa" : 12,  "begin" : 4963,  "end" : 4970 }, 
        {"sofa" : 12,  "begin" : 4970,  "end" : 4971 }, 
        {"sofa" : 12,  "begin" : 4972,  "end" : 4987 }, 
        {"sofa" : 12,  "begin" : 4988,  "end" : 5003 }, 
        {"sofa" : 12,  "begin" : 5004,  "end" : 5006 }, 
        {"sofa" : 12,  "begin" : 5007,  "end" : 5011 }, 
        {"sofa" : 12,  "begin" : 5012,  "end" : 5021 }, 
        {"sofa" : 12,  "begin" : 5022,  "end" : 5027 }, 
        {"sofa" : 12,  "begin" : 5028,  "end" : 5031 }, 
        {"sofa" : 12,  "begin" : 5032,  "end" : 5037 }, 
        {"sofa" : 12,  "begin" : 5038,  "end" : 5044 }, 
        {"sofa" : 12,  "begin" : 5045,  "end" : 5047 }, 
        {"sofa" : 12,  "begin" : 5048,  "end" : 5051 }, 
        {"sofa" : 12,  "begin" : 5052,  "end" : 5058 }, 
        {"sofa" : 12,  "begin" : 5059,  "end" : 5062 }, 
        {"sofa" : 12,  "begin" : 5063,  "end" : 5069 }, 
        {"sofa" : 12,  "begin" : 5070,  "end" : 5072 }, 
        {"sofa" : 12,  "begin" : 5073,  "end" : 5084 }, 
        {"sofa" : 12,  "begin" : 5085,  "end" : 5089 }, 
        {"sofa" : 12,  "begin" : 5089,  "end" : 5090 }, 
        {"sofa" : 12,  "begin" : 5092,  "end" : 5096 }, 
        {"sofa" : 12,  "begin" : 5096,  "end" : 5097 }, 
        {"sofa" : 12,  "begin" : 5097,  "end" : 5098 }, 
        {"sofa" : 12,  "begin" : 5098,  "end" : 5099 }, 
        {"sofa" : 12,  "begin" : 5099,  "end" : 5121 }, 
        {"sofa" : 12,  "begin" : 5121,  "end" : 5122 }, 
        {"sofa" : 12,  "begin" : 5122,  "end" : 5129 }, 
        {"sofa" : 12,  "begin" : 5129,  "end" : 5130 }, 
        {"sofa" : 12,  "begin" : 5130,  "end" : 5132 }, 
        {"sofa" : 12,  "begin" : 5132,  "end" : 5133 }, 
        {"sofa" : 12,  "begin" : 5133,  "end" : 5134 }, 
        {"sofa" : 12,  "begin" : 5134,  "end" : 5135 }, 
        {"sofa" : 12,  "begin" : 5135,  "end" : 5138 }, 
        {"sofa" : 12,  "begin" : 5138,  "end" : 5139 }, 
        {"sofa" : 12,  "begin" : 5139,  "end" : 5147 }, 
        {"sofa" : 12,  "begin" : 5149,  "end" : 5153 }, 
        {"sofa" : 12,  "begin" : 5154,  "end" : 5162 }, 
        {"sofa" : 12,  "begin" : 5162,  "end" : 5163 }, 
        {"sofa" : 12,  "begin" : 5164,  "end" : 5180 }, 
        {"sofa" : 12,  "begin" : 5181,  "end" : 5184 }, 
        {"sofa" : 12,  "begin" : 5185,  "end" : 5197 }, 
        {"sofa" : 12,  "begin" : 5197,  "end" : 5198 }, 
        {"sofa" : 12,  "begin" : 5199,  "end" : 5200 }, 
        {"sofa" : 12,  "begin" : 5201,  "end" : 5206 }, 
        {"sofa" : 12,  "begin" : 5207,  "end" : 5210 }, 
        {"sofa" : 12,  "begin" : 5211,  "end" : 5219 }, 
        {"sofa" : 12,  "begin" : 5220,  "end" : 5223 }, 
        {"sofa" : 12,  "begin" : 5224,  "end" : 5230 }, 
        {"sofa" : 12,  "begin" : 5231,  "end" : 5241 }, 
        {"sofa" : 12,  "begin" : 5242,  "end" : 5245 }, 
        {"sofa" : 12,  "begin" : 5246,  "end" : 5247 }, 
        {"sofa" : 12,  "begin" : 5248,  "end" : 5258 }, 
        {"sofa" : 12,  "begin" : 5259,  "end" : 5265 }, 
        {"sofa" : 12,  "begin" : 5266,  "end" : 5268 }, 
        {"sofa" : 12,  "begin" : 5269,  "end" : 5272 }, 
        {"sofa" : 12,  "begin" : 5273,  "end" : 5283 }, 
        {"sofa" : 12,  "begin" : 5283,  "end" : 5284 }, 
        {"sofa" : 12,  "begin" : 5286,  "end" : 5290 }, 
        {"sofa" : 12,  "begin" : 5290,  "end" : 5291 }, 
        {"sofa" : 12,  "begin" : 5291,  "end" : 5292 }, 
        {"sofa" : 12,  "begin" : 5292,  "end" : 5293 }, 
        {"sofa" : 12,  "begin" : 5293,  "end" : 5309 }, 
        {"sofa" : 12,  "begin" : 5309,  "end" : 5310 }, 
        {"sofa" : 12,  "begin" : 5310,  "end" : 5313 }, 
        {"sofa" : 12,  "begin" : 5313,  "end" : 5314 }, 
        {"sofa" : 12,  "begin" : 5314,  "end" : 5317 }, 
        {"sofa" : 12,  "begin" : 5317,  "end" : 5318 }, 
        {"sofa" : 12,  "begin" : 5318,  "end" : 5325 }, 
        {"sofa" : 12,  "begin" : 5325,  "end" : 5326 }, 
        {"sofa" : 12,  "begin" : 5326,  "end" : 5330 }, 
        {"sofa" : 12,  "begin" : 5330,  "end" : 5331 }, 
        {"sofa" : 12,  "begin" : 5331,  "end" : 5335 }, 
        {"sofa" : 12,  "begin" : 5335,  "end" : 5336 }, 
        {"sofa" : 12,  "begin" : 5336,  "end" : 5343 }, 
        {"sofa" : 12,  "begin" : 5345,  "end" : 5348 }, 
        {"sofa" : 12,  "begin" : 5349,  "end" : 5356 }, 
        {"sofa" : 12,  "begin" : 5357,  "end" : 5359 }, 
        {"sofa" : 12,  "begin" : 5360,  "end" : 5368 }, 
        {"sofa" : 12,  "begin" : 5369,  "end" : 5372 }, 
        {"sofa" : 12,  "begin" : 5373,  "end" : 5382 }, 
        {"sofa" : 12,  "begin" : 5383,  "end" : 5394 }, 
        {"sofa" : 12,  "begin" : 5394,  "end" : 5395 }, 
        {"sofa" : 12,  "begin" : 5396,  "end" : 5399 }, 
        {"sofa" : 12,  "begin" : 5400,  "end" : 5404 }, 
        {"sofa" : 12,  "begin" : 5405,  "end" : 5407 }, 
        {"sofa" : 12,  "begin" : 5408,  "end" : 5431 }, 
        {"sofa" : 12,  "begin" : 5432,  "end" : 5444 }, 
        {"sofa" : 12,  "begin" : 5445,  "end" : 5448 }, 
        {"sofa" : 12,  "begin" : 5449,  "end" : 5455 }, 
        {"sofa" : 12,  "begin" : 5456,  "end" : 5463 }, 
        {"sofa" : 12,  "begin" : 5463,  "end" : 5464 }, 
        {"sofa" : 12,  "begin" : 5465,  "end" : 5469 }, 
        {"sofa" : 12,  "begin" : 5470,  "end" : 5474 }, 
        {"sofa" : 12,  "begin" : 5475,  "end" : 5478 }, 
        {"sofa" : 12,  "begin" : 5479,  "end" : 5488 }, 
        {"sofa" : 12,  "begin" : 5489,  "end" : 5493 }, 
        {"sofa" : 12,  "begin" : 5494,  "end" : 5496 }, 
        {"sofa" : 12,  "begin" : 5497,  "end" : 5501 }, 
        {"sofa" : 12,  "begin" : 5501,  "end" : 5502 }, 
        {"sofa" : 12,  "begin" : 5504,  "end" : 5508 }, 
        {"sofa" : 12,  "begin" : 5508,  "end" : 5509 }, 
        {"sofa" : 12,  "begin" : 5509,  "end" : 5510 }, 
        {"sofa" : 12,  "begin" : 5510,  "end" : 5511 }, 
        {"sofa" : 12,  "begin" : 5511,  "end" : 5529 }, 
        {"sofa" : 12,  "begin" : 5529,  "end" : 5530 }, 
        {"sofa" : 12,  "begin" : 5530,  "end" : 5634 }, 
        {"sofa" : 12,  "begin" : 5634,  "end" : 5635 }, 
        {"sofa" : 12,  "begin" : 5637,  "end" : 5641 }, 
        {"sofa" : 12,  "begin" : 5641,  "end" : 5642 }, 
        {"sofa" : 12,  "begin" : 5643,  "end" : 5654 }, 
        {"sofa" : 12,  "begin" : 5655,  "end" : 5658 }, 
        {"sofa" : 12,  "begin" : 5659,  "end" : 5663 }, 
        {"sofa" : 12,  "begin" : 5664,  "end" : 5668 }, 
        {"sofa" : 12,  "begin" : 5669,  "end" : 5671 }, 
        {"sofa" : 12,  "begin" : 5672,  "end" : 5675 }, 
        {"sofa" : 12,  "begin" : 5676,  "end" : 5683 }, 
        {"sofa" : 12,  "begin" : 5684,  "end" : 5687 }, 
        {"sofa" : 12,  "begin" : 5688,  "end" : 5695 }, 
        {"sofa" : 12,  "begin" : 5696,  "end" : 5702 }, 
        {"sofa" : 12,  "begin" : 5702,  "end" : 5703 }, 
        {"sofa" : 12,  "begin" : 5705,  "end" : 5709 }, 
        {"sofa" : 12,  "begin" : 5709,  "end" : 5710 }, 
        {"sofa" : 12,  "begin" : 5710,  "end" : 5711 }, 
        {"sofa" : 12,  "begin" : 5711,  "end" : 5712 }, 
        {"sofa" : 12,  "begin" : 5712,  "end" : 5732 }, 
        {"sofa" : 12,  "begin" : 5732,  "end" : 5733 }, 
        {"sofa" : 12,  "begin" : 5733,  "end" : 5736 }, 
        {"sofa" : 12,  "begin" : 5736,  "end" : 5737 }, 
        {"sofa" : 12,  "begin" : 5737,  "end" : 5745 }, 
        {"sofa" : 12,  "begin" : 5745,  "end" : 5746 }, 
        {"sofa" : 12,  "begin" : 5746,  "end" : 5755 }, 
        {"sofa" : 12,  "begin" : 5755,  "end" : 5756 }, 
        {"sofa" : 12,  "begin" : 5758,  "end" : 5768 }, 
        {"sofa" : 12,  "begin" : 5769,  "end" : 5774 }, 
        {"sofa" : 12,  "begin" : 5774,  "end" : 5775 }, 
        {"sofa" : 12,  "begin" : 5776,  "end" : 5779 }, 
        {"sofa" : 12,  "begin" : 5780,  "end" : 5788 }, 
        {"sofa" : 12,  "begin" : 5789,  "end" : 5792 }, 
        {"sofa" : 12,  "begin" : 5793,  "end" : 5798 }, 
        {"sofa" : 12,  "begin" : 5798,  "end" : 5799 }, 
        {"sofa" : 12,  "begin" : 5800,  "end" : 5808 }, 
        {"sofa" : 12,  "begin" : 5808,  "end" : 5809 }, 
        {"sofa" : 12,  "begin" : 5810,  "end" : 5813 }, 
        {"sofa" : 12,  "begin" : 5814,  "end" : 5819 }, 
        {"sofa" : 12,  "begin" : 5820,  "end" : 5829 }, 
        {"sofa" : 12,  "begin" : 5830,  "end" : 5841 }, 
        {"sofa" : 12,  "begin" : 5841,  "end" : 5842 }, 
        {"sofa" : 12,  "begin" : 5844,  "end" : 5848 }, 
        {"sofa" : 12,  "begin" : 5848,  "end" : 5849 }, 
        {"sofa" : 12,  "begin" : 5849,  "end" : 5850 }, 
        {"sofa" : 12,  "begin" : 5850,  "end" : 5851 }, 
        {"sofa" : 12,  "begin" : 5851,  "end" : 5874 }, 
        {"sofa" : 12,  "begin" : 5874,  "end" : 5875 }, 
        {"sofa" : 12,  "begin" : 5875,  "end" : 5883 }, 
        {"sofa" : 12,  "begin" : 5883,  "end" : 5884 }, 
        {"sofa" : 12,  "begin" : 5884,  "end" : 5891 }, 
        {"sofa" : 12,  "begin" : 5891,  "end" : 5892 }, 
        {"sofa" : 12,  "begin" : 5892,  "end" : 5894 }, 
        {"sofa" : 12,  "begin" : 5894,  "end" : 5895 }, 
        {"sofa" : 12,  "begin" : 5895,  "end" : 5914 }, 
        {"sofa" : 12,  "begin" : 5914,  "end" : 5915 }, 
        {"sofa" : 12,  "begin" : 5915,  "end" : 5921 }, 
        {"sofa" : 12,  "begin" : 5921,  "end" : 5922 }, 
        {"sofa" : 12,  "begin" : 5922,  "end" : 5926 } ], 
      "Persuasive_Labels" : [
        {"sofa" : 12,  "begin" : 225,  "end" : 255,  "DistinctiveLinguisticFeatures" : "title of article as clickbait" }, 
        {"sofa" : 12,  "begin" : 225,  "end" : 254,  "DistinctiveLinguisticFeatures" : "distinctive linguistic features" }, 
        {"sofa" : 12,  "begin" : 225,  "end" : 254,  "DistinctiveLinguisticFeatures" : "uppercase words" }, 
        {"sofa" : 12,  "begin" : 386,  "end" : 395,  "EstablishingLegitimacy" : "Establishing Legitimacy" }, 
        {"sofa" : 12,  "begin" : 386,  "end" : 395,  "EstablishingLegitimacy" : "surface credibility markers - simply claiming authority or credibility" }, 
        {"sofa" : 12,  "begin" : 396,  "end" : 804,  "FabricatingNarrativewithDetails" : "Narrative with details_details not verified" }, 
        {"sofa" : 12,  "begin" : 396,  "end" : 804,  "FabricatingNarrativewithDetails" : "Narrative with Details" }, 
        {"sofa" : 12,  "begin" : 959,  "end" : 989,  "EstablishingLegitimacy" : "Establishing Legitimacy" }, 
        {"sofa" : 12,  "begin" : 959,  "end" : 989,  "EstablishingLegitimacy" : "surface credibility markers - medical or scientific jargon" }, 
        {"sofa" : 12,  "begin" : 1341,  "end" : 1345,  "DistinctiveLinguisticFeatures" : "distinctive linguistic features" }, 
        {"sofa" : 12,  "begin" : 1341,  "end" : 1345,  "DistinctiveLinguisticFeatures" : "uppercase words" }, 
        {"sofa" : 12,  "begin" : 1364,  "end" : 1415,  "EstablishingLegitimacy" : "Establishing Legitimacy" }, 
        {"sofa" : 12,  "begin" : 1364,  "end" : 1415,  "EstablishingLegitimacy" : "citing source to establish legitimacy_source verified to be credible" }, 
        {"sofa" : 12,  "begin" : 1827,  "end" : 2031,  "InappropriateUseofScientificEvidence" : "lack of citation for evidence" }, 
        {"sofa" : 12,  "begin" : 1827,  "end" : 2031,  "InappropriateUseofScientificEvidence" : "inappropriate use of scientific and Other evidence" }, 
        {"sofa" : 12,  "begin" : 2032,  "end" : 2431,  "HighlightingUncertaintyandRisk" : "Highlighting Uncertainty and Risk" }, 
        {"sofa" : 12,  "begin" : 2432,  "end" : 2469,  "RhetoricalTricks" : "exaggeration/absolute language" }, 
        {"sofa" : 12,  "begin" : 2432,  "end" : 2469,  "RhetoricalTricks" : "rhetorical tricks" }, 
        {"sofa" : 12,  "begin" : 2470,  "end" : 2536,  "RhetoricalTricks" : "rhetorical tricks" }, 
        {"sofa" : 12,  "begin" : 2470,  "end" : 2536,  "RhetoricalTricks" : "exaggeration/absolute language" }, 
        {"sofa" : 12,  "begin" : 2742,  "end" : 2930,  "UsingAnecdotesandPersonalExperienceasEvidence" : "Using Anecdotes and Personal Experience as Evidence" }, 
        {"sofa" : 12,  "begin" : 3019,  "end" : 3101,  "EmotionalAppeals" : "fear" }, 
        {"sofa" : 12,  "begin" : 3019,  "end" : 3100,  "EmotionalAppeals" : "emotional appeals" }, 
        {"sofa" : 12,  "begin" : 3284,  "end" : 5926,  "EstablishingLegitimacy" : "Establishing Legitimacy" }, 
        {"sofa" : 12,  "begin" : 3284,  "end" : 5926,  "EstablishingLegitimacy" : "citing source to establish legitimacy_source not verified" } ] } }, 
  "_referenced_fss" : {
    "12" : {"_type" : "Sofa",  "sofaNum" : 1,  "sofaID" : "_InitialView",  "mimeType" : "text",  "sofaString" : "﻿tron-01791 Health Warnings About Flouroquinolone Antibiotics \r\nSource https://healthnutnews.com/antibiotic-will-ruin/ \r\nFact checking https://www.truthorfiction.com/warnings-flouroquinolones-antibiotics/ \r\nActual content: \r\nTHIS ANTIBIOTIC WILL RUIN YOU.\r\nPosted by Erin Elizabeth | Mar 24, 2017\r\nIf you've not heard of the class of antibiotics called \"Fluoroquinolones,\" you want to. Trust me. After taking a round of Cipro in 2010, for a UTI, Amy Moser's life was forever changed and she's now writing in the hopes that someone, anyone, will read her story and be saved from the hell this class of drugs has wrecked on her body.\r\nShe writes that after taking that round in 2010 she experienced, \"Multiple spontaneous tendon and ligament ruptures, spinal degeneration, and arthritis that is widespread. We are talking multiple joint dislocations and surgeries to most of my large joints and spine. Twenty surgeries in the last 7 years if you wanna count.\"\r\nBut just what are these drugs? They go by many names, Cipro, Levaquin, Avalox, basically every generic ending in \"quin\", \"oxacin,\" or \"ox.\" While the FDA has now updated their warning on these antibiotics (July 2016) siting, \"multiple system damage that may be irreversible,\" people are still taking them and though the info is there, no one is warning us. So, as I always say, you MUST educate yourself: https://www.fda.gov/Drugs/DrugSafety/ucm500143.htm.\r\nFluoroquinolones were intended to be a last resort type of drug when all other options failed. That means if you had a UTI and you were allergic to penicillin- they still would have found something else to give you. But as we all know, it's so, so easy to just write a script. Trying to figure out the underlying cause takes more time and doesn't pay as well.\r\n[Video title: The Dangers of Fluoroquinolones] \r\nThe reason they were supposed to be a last resort is because of the severe damage they do to the body; they actually damage the DNA mitochondrial repair cells (the cells that heal any damage to the body). So, if you take these drugs you are effectually damaging the very cells that are supposed to repair damaged cells and tissue. Flouroquinolones are also able to cross the blood-brain barrier which can result in psychiatric events, depression, and suicidal thoughts.\r\nAnd one last bomb, the damage is cumulative. \"The more exposures you have to these antibiotics, the more damage is done to your body. Not just for some people, ALL people. A hundred percent of people who take a Fluoroquinolone antibiotic, show changes in blood flow to the tendon, cartilage, and ligament in their bodies. Each person has a different breaking point depending on their own unique DNA. Some people fall apart or die after 1 pill. I fell apart after my 4th round of Fluoroquinolone antibiotics in my life and some people are on their 25th round and are still oblivious to what is happening inside them until they break. It might not even be a physical one. It may be a psychotic one. By then, it's too late. The damage is done. There is no cure. No treatment. No relief. No specialist even.\"\r\nOur hearts go out to Amy, we cannot imagine what she's been through, but we are so thankful for her story. Check out the links below for more info on these dangerous antibiotics:\r\nThis FDA's warning for Fluoroquinolone antibiotics:\r\nhttp://www.fda.gov/Drugs/DrugSafety/PostmarketDrugSafetyInformationforPatientsandProviders/ucm126085.htm\r\nThe Department of Health and Human services warning for Cipro:\r\nhttp://www.accessdata.fda.gov/drugsatfda_docs/appletter/2011/019537s075,019847s047,019857s054,020780s033,021473s028ltr.pdf\r\nThe New England Journal of Medicines' \"Achilles Tendinitis and Tendon Rupture Due to Fluoroquinolone Antibiotics\":\r\nhttp://www.nejm.org/doi/full/10.1056/NEJM199409153311116\r\nThe New York Times: Popular Antibiotics May Carry Serious Side Effects-\r\nhttp://well.blogs.nytimes.com/2012/09/10/popular-antibiotics-may-carry-serious-side-effects/?_r=1\r\nResearchGate Musculoskeletal Complications of Fluoroquinolones: Guidelines and Precautions for Usage in the Athletic Population-\r\nhttps://www.researchgate.net/publication/49848217_Musculoskeletal_Complications_of_Fluoroquinolones_Guidelines_and_Precautions_for_Usage_in_the_Athletic_Population\r\nMedscape Musculoskeletal Complications of Fluoroquinolones: Guidelines and Precautions for Usage in the Athletic Population-\r\nhttp://www.medscape.com/viewarticle/741802\r\nPubMed: The mitochondria targeted antioxidant MitoQ protects against fluoroquinolone-induced oxidative stress and mitochondrial membrane damage in human Achilles tendon cells-\r\nhttp://www.ncbi.nlm.nih.gov/pubmed/19235604\r\nWebMD: warning about Cipro and similar antibiotics-\r\nhttp://www.webmd.com/osteoarthritis/news/20080708/fda-warning-cipro-may-rupture-tendons\r\nOxford Journal: Fluoroquinolone-Associated Tendinopathy: A Critical Review of the Literature-\r\nhttp://cid.oxfordjournals.org/content/36/11/1404.full\r\nOxford Journal: Electrochemical characteristics of five quinolone drags and their effect on DNA damage and repair in Escherichia coli-\r\nhttp://jac.oxfordjournals.org/content/25/5/733.abstract\r\nNATA Journals' Fluoroquinolones and Tendinopathy: A Guide for Athletes and Sports Clinicians and a Systematic Review of the Literature-\r\nhttp://natajournals.org/doi/pdf/10.4085/1062-6050-49.2.09\r\nThe Journal of Clinical and Aesthetic Dermatology: The Risk of Fluoroquinolone-induced Tendinopathy and Tendon Rupture: What Does The Clinician Need To Know?\r\nhttp://www.jcadonline.com/the-risk-of-fluoroquinolone-induced-tendinopathy-and-tendon-rupture-what-does-the-clinician-need-to-know/\r\nNCBI: Vasculature and it's role in the damaged and healing tendon:\r\nhttp://www.ncbi.nlm.nih.gov/pmc/articles/PMC128932/\r\nMedication Sense: New Warnings for Cipro, Levaquin, and other Quinolone Antibiotics-\r\nhttp://www.medicationsense.com/articles/may_aug_05/warning_antibiotics_052205.html\r\n \r\n\r\n" } } }