{"_context" : {
    "_types" : {
      "DocumentMetaData" : {
        "_feature_types" : {"sofa" : "_ref" } }, 
      "Persuasive_Labels" : {
        "_feature_types" : {"sofa" : "_ref" } }, 
      "Sentence" : {
        "_feature_types" : {"sofa" : "_ref" } }, 
      "Sofa" : {
        "_feature_types" : {"sofaArray" : "_ref" } }, 
      "TagsetDescription" : {
        "_feature_types" : {"sofa" : "_ref",  "tags" : "_ref" } }, 
      "Token" : {
        "_feature_types" : {"sofa" : "_ref",  "parent" : "_ref",  "lemma" : "_ref",  "stem" : "_ref",  "pos" : "_ref",  "morph" : "_ref",  "form" : "_ref" } }, 
      "DocumentAnnotation" : {
        "_feature_types" : {"sofa" : "_ref" }, 
        "_subtypes" : ["DocumentMetaData" ] }, 
      "Annotation" : {
        "_feature_types" : {"sofa" : "_ref" }, 
        "_subtypes" : ["DocumentAnnotation",  "Persuasive_Labels",  "Sentence",  "TagsetDescription",  "Token" ] }, 
      "AnnotationBase" : {
        "_feature_types" : {"sofa" : "_ref" }, 
        "_subtypes" : ["Annotation" ] }, 
      "TOP" : {
        "_subtypes" : ["AnnotationBase",  "Sofa" ] } } }, 
  "_views" : {
    "_InitialView" : {
      "DocumentMetaData" : [
        {"sofa" : 12,  "end" : 2204,  "language" : "x-unspecified",  "documentTitle" : "50.%20tron-02215%20Vice%20Presidential%20Candidate%20John%20Edwards%20responsible%20for%20the%20flu%20vaccine%20shortage.txt",  "documentId" : "admin",  "documentUri" : "file:/C:/Users/huiyi/.webanno/repository/project/4/document/220/source/admin",  "collectionId" : "file:/C:/Users/huiyi/.webanno/repository/project/4/document/220/source/",  "documentBaseUri" : "file:/C:/Users/huiyi/.webanno/repository/project/4/document/220/source/",  "isLastSegment" : false } ], 
      "TagsetDescription" : [
        {"sofa" : 12,  "layer" : "de.tudarmstadt.ukp.dkpro.core.api.syntax.type.dependency.Dependency",  "name" : "UD Universal Dependencies (v2)",  "input" : false }, 
        {"sofa" : 12,  "layer" : "de.tudarmstadt.ukp.dkpro.core.api.ner.type.NamedEntity",  "name" : "Named Entity tags",  "input" : false }, 
        {"sofa" : 12,  "layer" : "de.tudarmstadt.ukp.dkpro.core.api.transform.type.SofaChangeAnnotation",  "name" : "Operation",  "input" : false }, 
        {"sofa" : 12,  "layer" : "de.tudarmstadt.ukp.dkpro.core.api.lexmorph.type.pos.POS",  "name" : "UD Universal POS tags (v2)",  "input" : false }, 
        {"sofa" : 12,  "layer" : "webanno.custom.Persuasive_Labels",  "name" : "2. Using Anecdotes and Personal Experience as Evidence",  "input" : false } ], 
      "Sentence" : [
        {"sofa" : 12,  "end" : 94 }, 
        {"sofa" : 12,  "begin" : 96,  "end" : 355 }, 
        {"sofa" : 12,  "begin" : 356,  "end" : 456 }, 
        {"sofa" : 12,  "begin" : 457,  "end" : 536 }, 
        {"sofa" : 12,  "begin" : 537,  "end" : 694 }, 
        {"sofa" : 12,  "begin" : 695,  "end" : 871 }, 
        {"sofa" : 12,  "begin" : 872,  "end" : 980 }, 
        {"sofa" : 12,  "begin" : 981,  "end" : 1053 }, 
        {"sofa" : 12,  "begin" : 1054,  "end" : 1082 }, 
        {"sofa" : 12,  "begin" : 1083,  "end" : 1229 }, 
        {"sofa" : 12,  "begin" : 1230,  "end" : 1283 }, 
        {"sofa" : 12,  "begin" : 1285,  "end" : 1334 }, 
        {"sofa" : 12,  "begin" : 1336,  "end" : 1440 }, 
        {"sofa" : 12,  "begin" : 1441,  "end" : 1504 }, 
        {"sofa" : 12,  "begin" : 1505,  "end" : 1543 }, 
        {"sofa" : 12,  "begin" : 1545,  "end" : 1629 }, 
        {"sofa" : 12,  "begin" : 1630,  "end" : 1717 }, 
        {"sofa" : 12,  "begin" : 1718,  "end" : 1733 }, 
        {"sofa" : 12,  "begin" : 1734,  "end" : 1753 }, 
        {"sofa" : 12,  "begin" : 1754,  "end" : 1787 }, 
        {"sofa" : 12,  "begin" : 1788,  "end" : 1902 }, 
        {"sofa" : 12,  "begin" : 1903,  "end" : 1946 }, 
        {"sofa" : 12,  "begin" : 1947,  "end" : 2071 }, 
        {"sofa" : 12,  "begin" : 2073,  "end" : 2202 } ], 
      "Token" : [
        {"sofa" : 12,  "end" : 5 }, 
        {"sofa" : 12,  "begin" : 5,  "end" : 6 }, 
        {"sofa" : 12,  "begin" : 6,  "end" : 11 }, 
        {"sofa" : 12,  "begin" : 12,  "end" : 16 }, 
        {"sofa" : 12,  "begin" : 17,  "end" : 29 }, 
        {"sofa" : 12,  "begin" : 30,  "end" : 39 }, 
        {"sofa" : 12,  "begin" : 40,  "end" : 44 }, 
        {"sofa" : 12,  "begin" : 45,  "end" : 52 }, 
        {"sofa" : 12,  "begin" : 53,  "end" : 64 }, 
        {"sofa" : 12,  "begin" : 65,  "end" : 68 }, 
        {"sofa" : 12,  "begin" : 69,  "end" : 72 }, 
        {"sofa" : 12,  "begin" : 73,  "end" : 76 }, 
        {"sofa" : 12,  "begin" : 77,  "end" : 84 }, 
        {"sofa" : 12,  "begin" : 85,  "end" : 93 }, 
        {"sofa" : 12,  "begin" : 93,  "end" : 94 }, 
        {"sofa" : 12,  "begin" : 96,  "end" : 102 }, 
        {"sofa" : 12,  "begin" : 102,  "end" : 103 }, 
        {"sofa" : 12,  "begin" : 104,  "end" : 109 }, 
        {"sofa" : 12,  "begin" : 109,  "end" : 110 }, 
        {"sofa" : 12,  "begin" : 110,  "end" : 111 }, 
        {"sofa" : 12,  "begin" : 111,  "end" : 112 }, 
        {"sofa" : 12,  "begin" : 112,  "end" : 126 }, 
        {"sofa" : 12,  "begin" : 126,  "end" : 127 }, 
        {"sofa" : 12,  "begin" : 127,  "end" : 137 }, 
        {"sofa" : 12,  "begin" : 137,  "end" : 138 }, 
        {"sofa" : 12,  "begin" : 138,  "end" : 146 }, 
        {"sofa" : 12,  "begin" : 146,  "end" : 147 }, 
        {"sofa" : 12,  "begin" : 150,  "end" : 154 }, 
        {"sofa" : 12,  "begin" : 155,  "end" : 163 }, 
        {"sofa" : 12,  "begin" : 163,  "end" : 164 }, 
        {"sofa" : 12,  "begin" : 165,  "end" : 170 }, 
        {"sofa" : 12,  "begin" : 170,  "end" : 171 }, 
        {"sofa" : 12,  "begin" : 171,  "end" : 172 }, 
        {"sofa" : 12,  "begin" : 172,  "end" : 173 }, 
        {"sofa" : 12,  "begin" : 173,  "end" : 195 }, 
        {"sofa" : 12,  "begin" : 195,  "end" : 196 }, 
        {"sofa" : 12,  "begin" : 196,  "end" : 207 }, 
        {"sofa" : 12,  "begin" : 207,  "end" : 208 }, 
        {"sofa" : 12,  "begin" : 211,  "end" : 217 }, 
        {"sofa" : 12,  "begin" : 218,  "end" : 225 }, 
        {"sofa" : 12,  "begin" : 225,  "end" : 226 }, 
        {"sofa" : 12,  "begin" : 231,  "end" : 234 }, 
        {"sofa" : 12,  "begin" : 235,  "end" : 239 }, 
        {"sofa" : 12,  "begin" : 240,  "end" : 244 }, 
        {"sofa" : 12,  "begin" : 245,  "end" : 246 }, 
        {"sofa" : 12,  "begin" : 246,  "end" : 257 }, 
        {"sofa" : 12,  "begin" : 257,  "end" : 258 }, 
        {"sofa" : 12,  "begin" : 259,  "end" : 263 }, 
        {"sofa" : 12,  "begin" : 264,  "end" : 266 }, 
        {"sofa" : 12,  "begin" : 267,  "end" : 270 }, 
        {"sofa" : 12,  "begin" : 272,  "end" : 275 }, 
        {"sofa" : 12,  "begin" : 276,  "end" : 279 }, 
        {"sofa" : 12,  "begin" : 280,  "end" : 287 }, 
        {"sofa" : 12,  "begin" : 288,  "end" : 293 }, 
        {"sofa" : 12,  "begin" : 293,  "end" : 294 }, 
        {"sofa" : 12,  "begin" : 296,  "end" : 305 }, 
        {"sofa" : 12,  "begin" : 306,  "end" : 313 }, 
        {"sofa" : 12,  "begin" : 314,  "end" : 316 }, 
        {"sofa" : 12,  "begin" : 317,  "end" : 325 }, 
        {"sofa" : 12,  "begin" : 326,  "end" : 328 }, 
        {"sofa" : 12,  "begin" : 329,  "end" : 336 }, 
        {"sofa" : 12,  "begin" : 337,  "end" : 340 }, 
        {"sofa" : 12,  "begin" : 341,  "end" : 346 }, 
        {"sofa" : 12,  "begin" : 347,  "end" : 349 }, 
        {"sofa" : 12,  "begin" : 350,  "end" : 354 }, 
        {"sofa" : 12,  "begin" : 354,  "end" : 355 }, 
        {"sofa" : 12,  "begin" : 356,  "end" : 359 }, 
        {"sofa" : 12,  "begin" : 360,  "end" : 365 }, 
        {"sofa" : 12,  "begin" : 366,  "end" : 368 }, 
        {"sofa" : 12,  "begin" : 369,  "end" : 375 }, 
        {"sofa" : 12,  "begin" : 376,  "end" : 379 }, 
        {"sofa" : 12,  "begin" : 380,  "end" : 389 }, 
        {"sofa" : 12,  "begin" : 390,  "end" : 392 }, 
        {"sofa" : 12,  "begin" : 393,  "end" : 399 }, 
        {"sofa" : 12,  "begin" : 400,  "end" : 403 }, 
        {"sofa" : 12,  "begin" : 404,  "end" : 411 }, 
        {"sofa" : 12,  "begin" : 411,  "end" : 412 }, 
        {"sofa" : 12,  "begin" : 413,  "end" : 418 }, 
        {"sofa" : 12,  "begin" : 419,  "end" : 421 }, 
        {"sofa" : 12,  "begin" : 422,  "end" : 427 }, 
        {"sofa" : 12,  "begin" : 428,  "end" : 430 }, 
        {"sofa" : 12,  "begin" : 431,  "end" : 440 }, 
        {"sofa" : 12,  "begin" : 441,  "end" : 446 }, 
        {"sofa" : 12,  "begin" : 447,  "end" : 450 }, 
        {"sofa" : 12,  "begin" : 451,  "end" : 455 }, 
        {"sofa" : 12,  "begin" : 455,  "end" : 456 }, 
        {"sofa" : 12,  "begin" : 457,  "end" : 460 }, 
        {"sofa" : 12,  "begin" : 461,  "end" : 465 }, 
        {"sofa" : 12,  "begin" : 466,  "end" : 470 }, 
        {"sofa" : 12,  "begin" : 471,  "end" : 479 }, 
        {"sofa" : 12,  "begin" : 480,  "end" : 490 }, 
        {"sofa" : 12,  "begin" : 491,  "end" : 493 }, 
        {"sofa" : 12,  "begin" : 494,  "end" : 497 }, 
        {"sofa" : 12,  "begin" : 498,  "end" : 503 }, 
        {"sofa" : 12,  "begin" : 504,  "end" : 508 }, 
        {"sofa" : 12,  "begin" : 509,  "end" : 512 }, 
        {"sofa" : 12,  "begin" : 513,  "end" : 517 }, 
        {"sofa" : 12,  "begin" : 518,  "end" : 521 }, 
        {"sofa" : 12,  "begin" : 522,  "end" : 524 }, 
        {"sofa" : 12,  "begin" : 525,  "end" : 529 }, 
        {"sofa" : 12,  "begin" : 530,  "end" : 535 }, 
        {"sofa" : 12,  "begin" : 535,  "end" : 536 }, 
        {"sofa" : 12,  "begin" : 537,  "end" : 539 }, 
        {"sofa" : 12,  "begin" : 540,  "end" : 543 }, 
        {"sofa" : 12,  "begin" : 544,  "end" : 553 }, 
        {"sofa" : 12,  "begin" : 554,  "end" : 560 }, 
        {"sofa" : 12,  "begin" : 561,  "end" : 565 }, 
        {"sofa" : 12,  "begin" : 566,  "end" : 571 }, 
        {"sofa" : 12,  "begin" : 572,  "end" : 576 }, 
        {"sofa" : 12,  "begin" : 577,  "end" : 584 }, 
        {"sofa" : 12,  "begin" : 585,  "end" : 589 }, 
        {"sofa" : 12,  "begin" : 590,  "end" : 593 }, 
        {"sofa" : 12,  "begin" : 594,  "end" : 603 }, 
        {"sofa" : 12,  "begin" : 604,  "end" : 609 }, 
        {"sofa" : 12,  "begin" : 609,  "end" : 610 }, 
        {"sofa" : 12,  "begin" : 611,  "end" : 614 }, 
        {"sofa" : 12,  "begin" : 615,  "end" : 625 }, 
        {"sofa" : 12,  "begin" : 626,  "end" : 632 }, 
        {"sofa" : 12,  "begin" : 633,  "end" : 636 }, 
        {"sofa" : 12,  "begin" : 637,  "end" : 641 }, 
        {"sofa" : 12,  "begin" : 642,  "end" : 645 }, 
        {"sofa" : 12,  "begin" : 646,  "end" : 651 }, 
        {"sofa" : 12,  "begin" : 652,  "end" : 658 }, 
        {"sofa" : 12,  "begin" : 659,  "end" : 661 }, 
        {"sofa" : 12,  "begin" : 662,  "end" : 665 }, 
        {"sofa" : 12,  "begin" : 666,  "end" : 667 }, 
        {"sofa" : 12,  "begin" : 668,  "end" : 674 }, 
        {"sofa" : 12,  "begin" : 675,  "end" : 677 }, 
        {"sofa" : 12,  "begin" : 678,  "end" : 683 }, 
        {"sofa" : 12,  "begin" : 684,  "end" : 693 }, 
        {"sofa" : 12,  "begin" : 693,  "end" : 694 }, 
        {"sofa" : 12,  "begin" : 695,  "end" : 698 }, 
        {"sofa" : 12,  "begin" : 699,  "end" : 706 }, 
        {"sofa" : 12,  "begin" : 707,  "end" : 715 }, 
        {"sofa" : 12,  "begin" : 716,  "end" : 719 }, 
        {"sofa" : 12,  "begin" : 720,  "end" : 721 }, 
        {"sofa" : 12,  "begin" : 722,  "end" : 726 }, 
        {"sofa" : 12,  "begin" : 727,  "end" : 733 }, 
        {"sofa" : 12,  "begin" : 734,  "end" : 741 }, 
        {"sofa" : 12,  "begin" : 742,  "end" : 744 }, 
        {"sofa" : 12,  "begin" : 745,  "end" : 747 }, 
        {"sofa" : 12,  "begin" : 748,  "end" : 754 }, 
        {"sofa" : 12,  "begin" : 755,  "end" : 761 }, 
        {"sofa" : 12,  "begin" : 762,  "end" : 765 }, 
        {"sofa" : 12,  "begin" : 766,  "end" : 767 }, 
        {"sofa" : 12,  "begin" : 767,  "end" : 770 }, 
        {"sofa" : 12,  "begin" : 771,  "end" : 777 }, 
        {"sofa" : 12,  "begin" : 777,  "end" : 778 }, 
        {"sofa" : 12,  "begin" : 780,  "end" : 783 }, 
        {"sofa" : 12,  "begin" : 784,  "end" : 787 }, 
        {"sofa" : 12,  "begin" : 788,  "end" : 796 }, 
        {"sofa" : 12,  "begin" : 796,  "end" : 797 }, 
        {"sofa" : 12,  "begin" : 799,  "end" : 805 }, 
        {"sofa" : 12,  "begin" : 806,  "end" : 810 }, 
        {"sofa" : 12,  "begin" : 811,  "end" : 813 }, 
        {"sofa" : 12,  "begin" : 814,  "end" : 817 }, 
        {"sofa" : 12,  "begin" : 818,  "end" : 824 }, 
        {"sofa" : 12,  "begin" : 824,  "end" : 825 }, 
        {"sofa" : 12,  "begin" : 825,  "end" : 826 }, 
        {"sofa" : 12,  "begin" : 827,  "end" : 830 }, 
        {"sofa" : 12,  "begin" : 831,  "end" : 838 }, 
        {"sofa" : 12,  "begin" : 839,  "end" : 843 }, 
        {"sofa" : 12,  "begin" : 844,  "end" : 847 }, 
        {"sofa" : 12,  "begin" : 848,  "end" : 850 }, 
        {"sofa" : 12,  "begin" : 851,  "end" : 860 }, 
        {"sofa" : 12,  "begin" : 861,  "end" : 865 }, 
        {"sofa" : 12,  "begin" : 866,  "end" : 870 }, 
        {"sofa" : 12,  "begin" : 870,  "end" : 871 }, 
        {"sofa" : 12,  "begin" : 872,  "end" : 878 }, 
        {"sofa" : 12,  "begin" : 878,  "end" : 879 }, 
        {"sofa" : 12,  "begin" : 880,  "end" : 881 }, 
        {"sofa" : 12,  "begin" : 882,  "end" : 887 }, 
        {"sofa" : 12,  "begin" : 888,  "end" : 900 }, 
        {"sofa" : 12,  "begin" : 901,  "end" : 903 }, 
        {"sofa" : 12,  "begin" : 904,  "end" : 907 }, 
        {"sofa" : 12,  "begin" : 908,  "end" : 915 }, 
        {"sofa" : 12,  "begin" : 915,  "end" : 916 }, 
        {"sofa" : 12,  "begin" : 917,  "end" : 921 }, 
        {"sofa" : 12,  "begin" : 922,  "end" : 925 }, 
        {"sofa" : 12,  "begin" : 926,  "end" : 928 }, 
        {"sofa" : 12,  "begin" : 929,  "end" : 941 }, 
        {"sofa" : 12,  "begin" : 942,  "end" : 945 }, 
        {"sofa" : 12,  "begin" : 946,  "end" : 955 }, 
        {"sofa" : 12,  "begin" : 956,  "end" : 963 }, 
        {"sofa" : 12,  "begin" : 964,  "end" : 968 }, 
        {"sofa" : 12,  "begin" : 969,  "end" : 972 }, 
        {"sofa" : 12,  "begin" : 973,  "end" : 979 }, 
        {"sofa" : 12,  "begin" : 979,  "end" : 980 }, 
        {"sofa" : 12,  "begin" : 981,  "end" : 987 }, 
        {"sofa" : 12,  "begin" : 988,  "end" : 991 }, 
        {"sofa" : 12,  "begin" : 992,  "end" : 994 }, 
        {"sofa" : 12,  "begin" : 995,  "end" : 999 }, 
        {"sofa" : 12,  "begin" : 1000,  "end" : 1002 }, 
        {"sofa" : 12,  "begin" : 1002,  "end" : 1003 }, 
        {"sofa" : 12,  "begin" : 1003,  "end" : 1005 }, 
        {"sofa" : 12,  "begin" : 1006,  "end" : 1013 }, 
        {"sofa" : 12,  "begin" : 1014,  "end" : 1019 }, 
        {"sofa" : 12,  "begin" : 1020,  "end" : 1022 }, 
        {"sofa" : 12,  "begin" : 1023,  "end" : 1030 }, 
        {"sofa" : 12,  "begin" : 1031,  "end" : 1034 }, 
        {"sofa" : 12,  "begin" : 1035,  "end" : 1038 }, 
        {"sofa" : 12,  "begin" : 1039,  "end" : 1045 }, 
        {"sofa" : 12,  "begin" : 1046,  "end" : 1052 }, 
        {"sofa" : 12,  "begin" : 1052,  "end" : 1053 }, 
        {"sofa" : 12,  "begin" : 1054,  "end" : 1060 }, 
        {"sofa" : 12,  "begin" : 1061,  "end" : 1063 }, 
        {"sofa" : 12,  "begin" : 1064,  "end" : 1065 }, 
        {"sofa" : 12,  "begin" : 1066,  "end" : 1073 }, 
        {"sofa" : 12,  "begin" : 1074,  "end" : 1081 }, 
        {"sofa" : 12,  "begin" : 1081,  "end" : 1082 }, 
        {"sofa" : 12,  "begin" : 1083,  "end" : 1091 }, 
        {"sofa" : 12,  "begin" : 1092,  "end" : 1099 }, 
        {"sofa" : 12,  "begin" : 1100,  "end" : 1106 }, 
        {"sofa" : 12,  "begin" : 1107,  "end" : 1116 }, 
        {"sofa" : 12,  "begin" : 1117,  "end" : 1124 }, 
        {"sofa" : 12,  "begin" : 1125,  "end" : 1131 }, 
        {"sofa" : 12,  "begin" : 1132,  "end" : 1136 }, 
        {"sofa" : 12,  "begin" : 1137,  "end" : 1149 }, 
        {"sofa" : 12,  "begin" : 1150,  "end" : 1153 }, 
        {"sofa" : 12,  "begin" : 1154,  "end" : 1160 }, 
        {"sofa" : 12,  "begin" : 1161,  "end" : 1164 }, 
        {"sofa" : 12,  "begin" : 1165,  "end" : 1172 }, 
        {"sofa" : 12,  "begin" : 1173,  "end" : 1177 }, 
        {"sofa" : 12,  "begin" : 1178,  "end" : 1188 }, 
        {"sofa" : 12,  "begin" : 1189,  "end" : 1194 }, 
        {"sofa" : 12,  "begin" : 1195,  "end" : 1205 }, 
        {"sofa" : 12,  "begin" : 1206,  "end" : 1216 }, 
        {"sofa" : 12,  "begin" : 1217,  "end" : 1219 }, 
        {"sofa" : 12,  "begin" : 1220,  "end" : 1223 }, 
        {"sofa" : 12,  "begin" : 1224,  "end" : 1228 }, 
        {"sofa" : 12,  "begin" : 1228,  "end" : 1229 }, 
        {"sofa" : 12,  "begin" : 1230,  "end" : 1234 }, 
        {"sofa" : 12,  "begin" : 1235,  "end" : 1239 }, 
        {"sofa" : 12,  "begin" : 1240,  "end" : 1242 }, 
        {"sofa" : 12,  "begin" : 1243,  "end" : 1246 }, 
        {"sofa" : 12,  "begin" : 1247,  "end" : 1254 }, 
        {"sofa" : 12,  "begin" : 1255,  "end" : 1259 }, 
        {"sofa" : 12,  "begin" : 1260,  "end" : 1268 }, 
        {"sofa" : 12,  "begin" : 1269,  "end" : 1272 }, 
        {"sofa" : 12,  "begin" : 1273,  "end" : 1282 }, 
        {"sofa" : 12,  "begin" : 1282,  "end" : 1283 }, 
        {"sofa" : 12,  "begin" : 1285,  "end" : 1288 }, 
        {"sofa" : 12,  "begin" : 1289,  "end" : 1291 }, 
        {"sofa" : 12,  "begin" : 1292,  "end" : 1295 }, 
        {"sofa" : 12,  "begin" : 1296,  "end" : 1303 }, 
        {"sofa" : 12,  "begin" : 1304,  "end" : 1308 }, 
        {"sofa" : 12,  "begin" : 1309,  "end" : 1311 }, 
        {"sofa" : 12,  "begin" : 1312,  "end" : 1315 }, 
        {"sofa" : 12,  "begin" : 1316,  "end" : 1318 }, 
        {"sofa" : 12,  "begin" : 1319,  "end" : 1322 }, 
        {"sofa" : 12,  "begin" : 1323,  "end" : 1326 }, 
        {"sofa" : 12,  "begin" : 1327,  "end" : 1330 }, 
        {"sofa" : 12,  "begin" : 1331,  "end" : 1333 }, 
        {"sofa" : 12,  "begin" : 1333,  "end" : 1334 }, 
        {"sofa" : 12,  "begin" : 1336,  "end" : 1339 }, 
        {"sofa" : 12,  "begin" : 1340,  "end" : 1345 }, 
        {"sofa" : 12,  "begin" : 1346,  "end" : 1360 }, 
        {"sofa" : 12,  "begin" : 1361,  "end" : 1370 }, 
        {"sofa" : 12,  "begin" : 1371,  "end" : 1373 }, 
        {"sofa" : 12,  "begin" : 1374,  "end" : 1377 }, 
        {"sofa" : 12,  "begin" : 1378,  "end" : 1380 }, 
        {"sofa" : 12,  "begin" : 1381,  "end" : 1389 }, 
        {"sofa" : 12,  "begin" : 1390,  "end" : 1396 }, 
        {"sofa" : 12,  "begin" : 1397,  "end" : 1400 }, 
        {"sofa" : 12,  "begin" : 1401,  "end" : 1403 }, 
        {"sofa" : 12,  "begin" : 1404,  "end" : 1407 }, 
        {"sofa" : 12,  "begin" : 1408,  "end" : 1415 }, 
        {"sofa" : 12,  "begin" : 1416,  "end" : 1419 }, 
        {"sofa" : 12,  "begin" : 1420,  "end" : 1427 }, 
        {"sofa" : 12,  "begin" : 1428,  "end" : 1430 }, 
        {"sofa" : 12,  "begin" : 1431,  "end" : 1434 }, 
        {"sofa" : 12,  "begin" : 1435,  "end" : 1439 }, 
        {"sofa" : 12,  "begin" : 1439,  "end" : 1440 }, 
        {"sofa" : 12,  "begin" : 1441,  "end" : 1445 }, 
        {"sofa" : 12,  "begin" : 1446,  "end" : 1449 }, 
        {"sofa" : 12,  "begin" : 1450,  "end" : 1454 }, 
        {"sofa" : 12,  "begin" : 1455,  "end" : 1462 }, 
        {"sofa" : 12,  "begin" : 1463,  "end" : 1464 }, 
        {"sofa" : 12,  "begin" : 1465,  "end" : 1469 }, 
        {"sofa" : 12,  "begin" : 1470,  "end" : 1473 }, 
        {"sofa" : 12,  "begin" : 1474,  "end" : 1480 }, 
        {"sofa" : 12,  "begin" : 1481,  "end" : 1487 }, 
        {"sofa" : 12,  "begin" : 1488,  "end" : 1491 }, 
        {"sofa" : 12,  "begin" : 1492,  "end" : 1495 }, 
        {"sofa" : 12,  "begin" : 1496,  "end" : 1503 }, 
        {"sofa" : 12,  "begin" : 1503,  "end" : 1504 }, 
        {"sofa" : 12,  "begin" : 1505,  "end" : 1514 }, 
        {"sofa" : 12,  "begin" : 1514,  "end" : 1515 }, 
        {"sofa" : 12,  "begin" : 1516,  "end" : 1520 }, 
        {"sofa" : 12,  "begin" : 1521,  "end" : 1525 }, 
        {"sofa" : 12,  "begin" : 1526,  "end" : 1531 }, 
        {"sofa" : 12,  "begin" : 1532,  "end" : 1534 }, 
        {"sofa" : 12,  "begin" : 1535,  "end" : 1536 }, 
        {"sofa" : 12,  "begin" : 1537,  "end" : 1542 }, 
        {"sofa" : 12,  "begin" : 1542,  "end" : 1543 }, 
        {"sofa" : 12,  "begin" : 1545,  "end" : 1547 }, 
        {"sofa" : 12,  "begin" : 1548,  "end" : 1551 }, 
        {"sofa" : 12,  "begin" : 1552,  "end" : 1556 }, 
        {"sofa" : 12,  "begin" : 1557,  "end" : 1559 }, 
        {"sofa" : 12,  "begin" : 1559,  "end" : 1560 }, 
        {"sofa" : 12,  "begin" : 1560,  "end" : 1561 }, 
        {"sofa" : 12,  "begin" : 1562,  "end" : 1563 }, 
        {"sofa" : 12,  "begin" : 1564,  "end" : 1567 }, 
        {"sofa" : 12,  "begin" : 1568,  "end" : 1572 }, 
        {"sofa" : 12,  "begin" : 1573,  "end" : 1578 }, 
        {"sofa" : 12,  "begin" : 1579,  "end" : 1587 }, 
        {"sofa" : 12,  "begin" : 1588,  "end" : 1591 }, 
        {"sofa" : 12,  "begin" : 1592,  "end" : 1595 }, 
        {"sofa" : 12,  "begin" : 1596,  "end" : 1604 }, 
        {"sofa" : 12,  "begin" : 1605,  "end" : 1608 }, 
        {"sofa" : 12,  "begin" : 1609,  "end" : 1616 }, 
        {"sofa" : 12,  "begin" : 1617,  "end" : 1620 }, 
        {"sofa" : 12,  "begin" : 1621,  "end" : 1624 }, 
        {"sofa" : 12,  "begin" : 1625,  "end" : 1628 }, 
        {"sofa" : 12,  "begin" : 1628,  "end" : 1629 }, 
        {"sofa" : 12,  "begin" : 1630,  "end" : 1633 }, 
        {"sofa" : 12,  "begin" : 1634,  "end" : 1640 }, 
        {"sofa" : 12,  "begin" : 1641,  "end" : 1643 }, 
        {"sofa" : 12,  "begin" : 1644,  "end" : 1650 }, 
        {"sofa" : 12,  "begin" : 1651,  "end" : 1654 }, 
        {"sofa" : 12,  "begin" : 1655,  "end" : 1658 }, 
        {"sofa" : 12,  "begin" : 1659,  "end" : 1661 }, 
        {"sofa" : 12,  "begin" : 1662,  "end" : 1665 }, 
        {"sofa" : 12,  "begin" : 1666,  "end" : 1673 }, 
        {"sofa" : 12,  "begin" : 1674,  "end" : 1676 }, 
        {"sofa" : 12,  "begin" : 1677,  "end" : 1681 }, 
        {"sofa" : 12,  "begin" : 1682,  "end" : 1687 }, 
        {"sofa" : 12,  "begin" : 1688,  "end" : 1695 }, 
        {"sofa" : 12,  "begin" : 1696,  "end" : 1700 }, 
        {"sofa" : 12,  "begin" : 1701,  "end" : 1703 }, 
        {"sofa" : 12,  "begin" : 1704,  "end" : 1705 }, 
        {"sofa" : 12,  "begin" : 1706,  "end" : 1708 }, 
        {"sofa" : 12,  "begin" : 1709,  "end" : 1716 }, 
        {"sofa" : 12,  "begin" : 1716,  "end" : 1717 }, 
        {"sofa" : 12,  "begin" : 1718,  "end" : 1722 }, 
        {"sofa" : 12,  "begin" : 1723,  "end" : 1726 }, 
        {"sofa" : 12,  "begin" : 1727,  "end" : 1729 }, 
        {"sofa" : 12,  "begin" : 1730,  "end" : 1732 }, 
        {"sofa" : 12,  "begin" : 1732,  "end" : 1733 }, 
        {"sofa" : 12,  "begin" : 1734,  "end" : 1736 }, 
        {"sofa" : 12,  "begin" : 1737,  "end" : 1741 }, 
        {"sofa" : 12,  "begin" : 1742,  "end" : 1745 }, 
        {"sofa" : 12,  "begin" : 1746,  "end" : 1748 }, 
        {"sofa" : 12,  "begin" : 1749,  "end" : 1752 }, 
        {"sofa" : 12,  "begin" : 1752,  "end" : 1753 }, 
        {"sofa" : 12,  "begin" : 1754,  "end" : 1756 }, 
        {"sofa" : 12,  "begin" : 1757,  "end" : 1760 }, 
        {"sofa" : 12,  "begin" : 1761,  "end" : 1768 }, 
        {"sofa" : 12,  "begin" : 1769,  "end" : 1775 }, 
        {"sofa" : 12,  "begin" : 1776,  "end" : 1778 }, 
        {"sofa" : 12,  "begin" : 1779,  "end" : 1786 }, 
        {"sofa" : 12,  "begin" : 1786,  "end" : 1787 }, 
        {"sofa" : 12,  "begin" : 1788,  "end" : 1793 }, 
        {"sofa" : 12,  "begin" : 1794,  "end" : 1798 }, 
        {"sofa" : 12,  "begin" : 1799,  "end" : 1803 }, 
        {"sofa" : 12,  "begin" : 1804,  "end" : 1807 }, 
        {"sofa" : 12,  "begin" : 1808,  "end" : 1816 }, 
        {"sofa" : 12,  "begin" : 1817,  "end" : 1820 }, 
        {"sofa" : 12,  "begin" : 1821,  "end" : 1824 }, 
        {"sofa" : 12,  "begin" : 1825,  "end" : 1831 }, 
        {"sofa" : 12,  "begin" : 1832,  "end" : 1835 }, 
        {"sofa" : 12,  "begin" : 1836,  "end" : 1840 }, 
        {"sofa" : 12,  "begin" : 1840,  "end" : 1841 }, 
        {"sofa" : 12,  "begin" : 1842,  "end" : 1846 }, 
        {"sofa" : 12,  "begin" : 1847,  "end" : 1849 }, 
        {"sofa" : 12,  "begin" : 1850,  "end" : 1864 }, 
        {"sofa" : 12,  "begin" : 1865,  "end" : 1874 }, 
        {"sofa" : 12,  "begin" : 1875,  "end" : 1882 }, 
        {"sofa" : 12,  "begin" : 1883,  "end" : 1889 }, 
        {"sofa" : 12,  "begin" : 1890,  "end" : 1893 }, 
        {"sofa" : 12,  "begin" : 1894,  "end" : 1901 }, 
        {"sofa" : 12,  "begin" : 1901,  "end" : 1902 }, 
        {"sofa" : 12,  "begin" : 1903,  "end" : 1906 }, 
        {"sofa" : 12,  "begin" : 1907,  "end" : 1916 }, 
        {"sofa" : 12,  "begin" : 1917,  "end" : 1927 }, 
        {"sofa" : 12,  "begin" : 1928,  "end" : 1931 }, 
        {"sofa" : 12,  "begin" : 1932,  "end" : 1938 }, 
        {"sofa" : 12,  "begin" : 1939,  "end" : 1945 }, 
        {"sofa" : 12,  "begin" : 1945,  "end" : 1946 }, 
        {"sofa" : 12,  "begin" : 1947,  "end" : 1952 }, 
        {"sofa" : 12,  "begin" : 1953,  "end" : 1955 }, 
        {"sofa" : 12,  "begin" : 1956,  "end" : 1959 }, 
        {"sofa" : 12,  "begin" : 1960,  "end" : 1968 }, 
        {"sofa" : 12,  "begin" : 1969,  "end" : 1973 }, 
        {"sofa" : 12,  "begin" : 1974,  "end" : 1982 }, 
        {"sofa" : 12,  "begin" : 1983,  "end" : 1987 }, 
        {"sofa" : 12,  "begin" : 1988,  "end" : 1997 }, 
        {"sofa" : 12,  "begin" : 1998,  "end" : 2001 }, 
        {"sofa" : 12,  "begin" : 2002,  "end" : 2007 }, 
        {"sofa" : 12,  "begin" : 2007,  "end" : 2008 }, 
        {"sofa" : 12,  "begin" : 2009,  "end" : 2011 }, 
        {"sofa" : 12,  "begin" : 2012,  "end" : 2015 }, 
        {"sofa" : 12,  "begin" : 2016,  "end" : 2024 }, 
        {"sofa" : 12,  "begin" : 2025,  "end" : 2034 }, 
        {"sofa" : 12,  "begin" : 2035,  "end" : 2040 }, 
        {"sofa" : 12,  "begin" : 2041,  "end" : 2048 }, 
        {"sofa" : 12,  "begin" : 2049,  "end" : 2052 }, 
        {"sofa" : 12,  "begin" : 2053,  "end" : 2060 }, 
        {"sofa" : 12,  "begin" : 2061,  "end" : 2063 }, 
        {"sofa" : 12,  "begin" : 2064,  "end" : 2067 }, 
        {"sofa" : 12,  "begin" : 2068,  "end" : 2070 }, 
        {"sofa" : 12,  "begin" : 2070,  "end" : 2071 }, 
        {"sofa" : 12,  "begin" : 2073,  "end" : 2075 }, 
        {"sofa" : 12,  "begin" : 2076,  "end" : 2079 }, 
        {"sofa" : 12,  "begin" : 2080,  "end" : 2083 }, 
        {"sofa" : 12,  "begin" : 2083,  "end" : 2084 }, 
        {"sofa" : 12,  "begin" : 2084,  "end" : 2087 }, 
        {"sofa" : 12,  "begin" : 2088,  "end" : 2094 }, 
        {"sofa" : 12,  "begin" : 2095,  "end" : 2099 }, 
        {"sofa" : 12,  "begin" : 2100,  "end" : 2111 }, 
        {"sofa" : 12,  "begin" : 2112,  "end" : 2115 }, 
        {"sofa" : 12,  "begin" : 2116,  "end" : 2119 }, 
        {"sofa" : 12,  "begin" : 2120,  "end" : 2122 }, 
        {"sofa" : 12,  "begin" : 2123,  "end" : 2126 }, 
        {"sofa" : 12,  "begin" : 2127,  "end" : 2130 }, 
        {"sofa" : 12,  "begin" : 2131,  "end" : 2135 }, 
        {"sofa" : 12,  "begin" : 2136,  "end" : 2139 }, 
        {"sofa" : 12,  "begin" : 2140,  "end" : 2144 }, 
        {"sofa" : 12,  "begin" : 2145,  "end" : 2148 }, 
        {"sofa" : 12,  "begin" : 2149,  "end" : 2150 }, 
        {"sofa" : 12,  "begin" : 2151,  "end" : 2156 }, 
        {"sofa" : 12,  "begin" : 2157,  "end" : 2166 }, 
        {"sofa" : 12,  "begin" : 2167,  "end" : 2173 }, 
        {"sofa" : 12,  "begin" : 2174,  "end" : 2176 }, 
        {"sofa" : 12,  "begin" : 2177,  "end" : 2180 }, 
        {"sofa" : 12,  "begin" : 2181,  "end" : 2185 }, 
        {"sofa" : 12,  "begin" : 2186,  "end" : 2188 }, 
        {"sofa" : 12,  "begin" : 2189,  "end" : 2193 }, 
        {"sofa" : 12,  "begin" : 2194,  "end" : 2201 }, 
        {"sofa" : 12,  "begin" : 2201,  "end" : 2202 } ], 
      "Persuasive_Labels" : [
        {"sofa" : 12,  "begin" : 1285,  "end" : 1334,  "EstablishingLegitimacy" : "Establishing Legitimacy" }, 
        {"sofa" : 12,  "begin" : 1285,  "end" : 1334,  "EstablishingLegitimacy" : "legitimate persuasive techniques: rhetorical question" }, 
        {"sofa" : 12,  "begin" : 1545,  "end" : 2202,  "BiasedReasoningtoMakeaConclusion" : "biased reasoning to make a conclusion" }, 
        {"sofa" : 12,  "begin" : 1545,  "end" : 2202,  "BiasedReasoningtoMakeaConclusion" : "inappropriate analogy or false connection" }, 
        {"sofa" : 12,  "begin" : 1718,  "end" : 1733,  "EstablishingLegitimacy" : "Establishing Legitimacy" }, 
        {"sofa" : 12,  "begin" : 1718,  "end" : 1733,  "EstablishingLegitimacy" : "legitimate persuasive techniques: rhetorical question" }, 
        {"sofa" : 12,  "begin" : 2083,  "end" : 2084,  "DistinctiveLinguisticFeatures" : "ellipses, exaggerated/excessive usage of punctuation marks" }, 
        {"sofa" : 12,  "begin" : 2083,  "end" : 2084,  "DistinctiveLinguisticFeatures" : "distinctive linguistic features" } ] } }, 
  "_referenced_fss" : {
    "12" : {"_type" : "Sofa",  "sofaNum" : 1,  "sofaID" : "_InitialView",  "mimeType" : "text",  "sofaString" : "﻿tron-02215 Vice Presidential Candidate John Edwards responsible for the flu vaccine shortage?\r\nSource: https://www.snopes.com/fact-check/blue-flu/ \r\nFact checking: https://www.truthorfiction.com/edwards-flu/ \r\nActual content: \r\n\r\nFlu Shot Info /Interesting, read to end\r\nHow the vaccine works:\r\nInfluenza vaccine is produced by growing the virus in eggs. The virus is killed and processed to create the vaccine, which is given by injection under the skin. The body then produces antibodies to the virus over the next two to four weeks. If the immunized person then comes into contact with the influenza virus, the antibodies attack and kill the virus before it has a chance to cause infection. The vaccine contains the 3 most likely strains to be active during the “flu season”\r\nWhy the shortage:\r\nAlmost half of the nation’s flu vaccine will not be delivered this year. Chiron, a major manufacturer of flu vaccine, will not be distributing any influenza vaccine this flu season. Chiron was to make 46-48 million doses of vaccine for the United States. Chiron is a British company. Recently British health officials stopped Chiron from distributing and making the vaccine when inspectors found unsanitary conditions in the labs. Some lots of the vaccine were recalled and destroyed.\r\nWhy is our vaccine made in the UK and not the US?\r\nThe major pharmaceutical companies in the US provided almost 90% of the nations flu vaccine at one time. They did this despite a very low profit margin for the product. Basically, they were doing us a favor.\r\nIn the late 80’s a man from North Carolina who had received the vaccine got the flu. The strain he caught was one of the strains in that years vaccine made by a US company. What did he do? He sued and he won. He was awarded almost $5 million! After that case was appealed and the appeal was lost, most US pharmaceutical companies stopped making the vaccine. The liability outweighed the profit margin. Since UK and Canadian laws prohibit such frivolous law suits, UK and Canadian companies began selling the vaccine in the US.\r\nBy the way…the lawyer that represented the man in the flu shot law suit was a young ambulance chaser by the name of John Edwards.\r\n" } } }