{"_context" : {
    "_types" : {
      "DocumentMetaData" : {
        "_feature_types" : {"sofa" : "_ref" } }, 
      "Persuasive_Labels" : {
        "_feature_types" : {"sofa" : "_ref" } }, 
      "Sentence" : {
        "_feature_types" : {"sofa" : "_ref" } }, 
      "Sofa" : {
        "_feature_types" : {"sofaArray" : "_ref" } }, 
      "TagsetDescription" : {
        "_feature_types" : {"sofa" : "_ref",  "tags" : "_ref" } }, 
      "Token" : {
        "_feature_types" : {"sofa" : "_ref",  "parent" : "_ref",  "lemma" : "_ref",  "stem" : "_ref",  "pos" : "_ref",  "morph" : "_ref",  "form" : "_ref" } }, 
      "DocumentAnnotation" : {
        "_feature_types" : {"sofa" : "_ref" }, 
        "_subtypes" : ["DocumentMetaData" ] }, 
      "Annotation" : {
        "_feature_types" : {"sofa" : "_ref" }, 
        "_subtypes" : ["DocumentAnnotation",  "Persuasive_Labels",  "Sentence",  "TagsetDescription",  "Token" ] }, 
      "AnnotationBase" : {
        "_feature_types" : {"sofa" : "_ref" }, 
        "_subtypes" : ["Annotation" ] }, 
      "TOP" : {
        "_subtypes" : ["AnnotationBase",  "Sofa" ] } } }, 
  "_views" : {
    "_InitialView" : {
      "DocumentMetaData" : [
        {"sofa" : 12,  "end" : 2016,  "language" : "x-unspecified",  "documentTitle" : "234.%20tron-01402%20Mechanically%20separated%20chicken%20for%20food.txt",  "documentId" : "admin",  "documentUri" : "file:/C:/Users/huiyi/.webanno/repository/project/4/document/592/source/admin",  "collectionId" : "file:/C:/Users/huiyi/.webanno/repository/project/4/document/592/source/",  "documentBaseUri" : "file:/C:/Users/huiyi/.webanno/repository/project/4/document/592/source/",  "isLastSegment" : false } ], 
      "TagsetDescription" : [
        {"sofa" : 12,  "layer" : "de.tudarmstadt.ukp.dkpro.core.api.syntax.type.dependency.Dependency",  "name" : "UD Universal Dependencies (v2)",  "input" : false }, 
        {"sofa" : 12,  "layer" : "de.tudarmstadt.ukp.dkpro.core.api.ner.type.NamedEntity",  "name" : "Named Entity tags",  "input" : false }, 
        {"sofa" : 12,  "layer" : "de.tudarmstadt.ukp.dkpro.core.api.transform.type.SofaChangeAnnotation",  "name" : "Operation",  "input" : false }, 
        {"sofa" : 12,  "layer" : "de.tudarmstadt.ukp.dkpro.core.api.lexmorph.type.pos.POS",  "name" : "UD Universal POS tags (v2)",  "input" : false }, 
        {"sofa" : 12,  "layer" : "webanno.custom.Persuasive_Labels",  "name" : "2. Using Anecdotes and Personal Experience as Evidence",  "input" : false } ], 
      "Sentence" : [
        {"sofa" : 12,  "end" : 663 }, 
        {"sofa" : 12,  "begin" : 664,  "end" : 773 }, 
        {"sofa" : 12,  "begin" : 774,  "end" : 818 }, 
        {"sofa" : 12,  "begin" : 820,  "end" : 1172 }, 
        {"sofa" : 12,  "begin" : 1173,  "end" : 1377 }, 
        {"sofa" : 12,  "begin" : 1378,  "end" : 1544 }, 
        {"sofa" : 12,  "begin" : 1545,  "end" : 1638 }, 
        {"sofa" : 12,  "begin" : 1640,  "end" : 2014 } ], 
      "Token" : [
        {"sofa" : 12,  "end" : 5 }, 
        {"sofa" : 12,  "begin" : 5,  "end" : 6 }, 
        {"sofa" : 12,  "begin" : 6,  "end" : 11 }, 
        {"sofa" : 12,  "begin" : 12,  "end" : 24 }, 
        {"sofa" : 12,  "begin" : 25,  "end" : 34 }, 
        {"sofa" : 12,  "begin" : 35,  "end" : 42 }, 
        {"sofa" : 12,  "begin" : 43,  "end" : 46 }, 
        {"sofa" : 12,  "begin" : 47,  "end" : 51 }, 
        {"sofa" : 12,  "begin" : 53,  "end" : 59 }, 
        {"sofa" : 12,  "begin" : 59,  "end" : 60 }, 
        {"sofa" : 12,  "begin" : 61,  "end" : 66 }, 
        {"sofa" : 12,  "begin" : 66,  "end" : 67 }, 
        {"sofa" : 12,  "begin" : 67,  "end" : 68 }, 
        {"sofa" : 12,  "begin" : 68,  "end" : 69 }, 
        {"sofa" : 12,  "begin" : 69,  "end" : 89 }, 
        {"sofa" : 12,  "begin" : 89,  "end" : 90 }, 
        {"sofa" : 12,  "begin" : 90,  "end" : 93 }, 
        {"sofa" : 12,  "begin" : 93,  "end" : 94 }, 
        {"sofa" : 12,  "begin" : 94,  "end" : 134 }, 
        {"sofa" : 12,  "begin" : 137,  "end" : 141 }, 
        {"sofa" : 12,  "begin" : 142,  "end" : 150 }, 
        {"sofa" : 12,  "begin" : 150,  "end" : 151 }, 
        {"sofa" : 12,  "begin" : 152,  "end" : 157 }, 
        {"sofa" : 12,  "begin" : 157,  "end" : 158 }, 
        {"sofa" : 12,  "begin" : 158,  "end" : 159 }, 
        {"sofa" : 12,  "begin" : 159,  "end" : 160 }, 
        {"sofa" : 12,  "begin" : 160,  "end" : 182 }, 
        {"sofa" : 12,  "begin" : 182,  "end" : 183 }, 
        {"sofa" : 12,  "begin" : 183,  "end" : 186 }, 
        {"sofa" : 12,  "begin" : 186,  "end" : 187 }, 
        {"sofa" : 12,  "begin" : 190,  "end" : 196 }, 
        {"sofa" : 12,  "begin" : 197,  "end" : 204 }, 
        {"sofa" : 12,  "begin" : 204,  "end" : 205 }, 
        {"sofa" : 12,  "begin" : 208,  "end" : 214 }, 
        {"sofa" : 12,  "begin" : 215,  "end" : 219 }, 
        {"sofa" : 12,  "begin" : 220,  "end" : 226 }, 
        {"sofa" : 12,  "begin" : 227,  "end" : 239 }, 
        {"sofa" : 12,  "begin" : 240,  "end" : 249 }, 
        {"sofa" : 12,  "begin" : 250,  "end" : 257 }, 
        {"sofa" : 12,  "begin" : 258,  "end" : 261 }, 
        {"sofa" : 12,  "begin" : 262,  "end" : 265 }, 
        {"sofa" : 12,  "begin" : 266,  "end" : 271 }, 
        {"sofa" : 12,  "begin" : 272,  "end" : 276 }, 
        {"sofa" : 12,  "begin" : 277,  "end" : 281 }, 
        {"sofa" : 12,  "begin" : 282,  "end" : 284 }, 
        {"sofa" : 12,  "begin" : 286,  "end" : 289 }, 
        {"sofa" : 12,  "begin" : 290,  "end" : 292 }, 
        {"sofa" : 12,  "begin" : 292,  "end" : 293 }, 
        {"sofa" : 12,  "begin" : 294,  "end" : 298 }, 
        {"sofa" : 12,  "begin" : 300,  "end" : 302 }, 
        {"sofa" : 12,  "begin" : 304,  "end" : 307 }, 
        {"sofa" : 12,  "begin" : 308,  "end" : 313 }, 
        {"sofa" : 12,  "begin" : 315,  "end" : 318 }, 
        {"sofa" : 12,  "begin" : 319,  "end" : 326 }, 
        {"sofa" : 12,  "begin" : 327,  "end" : 337 }, 
        {"sofa" : 12,  "begin" : 338,  "end" : 340 }, 
        {"sofa" : 12,  "begin" : 341,  "end" : 342 }, 
        {"sofa" : 12,  "begin" : 342,  "end" : 346 }, 
        {"sofa" : 12,  "begin" : 347,  "end" : 352 }, 
        {"sofa" : 12,  "begin" : 352,  "end" : 353 }, 
        {"sofa" : 12,  "begin" : 354,  "end" : 356 }, 
        {"sofa" : 12,  "begin" : 357,  "end" : 363 }, 
        {"sofa" : 12,  "begin" : 364,  "end" : 374 }, 
        {"sofa" : 12,  "begin" : 375,  "end" : 380 }, 
        {"sofa" : 12,  "begin" : 382,  "end" : 386 }, 
        {"sofa" : 12,  "begin" : 387,  "end" : 388 }, 
        {"sofa" : 12,  "begin" : 389,  "end" : 393 }, 
        {"sofa" : 12,  "begin" : 394,  "end" : 396 }, 
        {"sofa" : 12,  "begin" : 397,  "end" : 400 }, 
        {"sofa" : 12,  "begin" : 401,  "end" : 412 }, 
        {"sofa" : 12,  "begin" : 413,  "end" : 417 }, 
        {"sofa" : 12,  "begin" : 418,  "end" : 420 }, 
        {"sofa" : 12,  "begin" : 421,  "end" : 425 }, 
        {"sofa" : 12,  "begin" : 426,  "end" : 434 }, 
        {"sofa" : 12,  "begin" : 435,  "end" : 444 }, 
        {"sofa" : 12,  "begin" : 445,  "end" : 449 }, 
        {"sofa" : 12,  "begin" : 450,  "end" : 454 }, 
        {"sofa" : 12,  "begin" : 454,  "end" : 455 }, 
        {"sofa" : 12,  "begin" : 456,  "end" : 459 }, 
        {"sofa" : 12,  "begin" : 460,  "end" : 464 }, 
        {"sofa" : 12,  "begin" : 464,  "end" : 465 }, 
        {"sofa" : 12,  "begin" : 466,  "end" : 469 }, 
        {"sofa" : 12,  "begin" : 470,  "end" : 475 }, 
        {"sofa" : 12,  "begin" : 476,  "end" : 487 }, 
        {"sofa" : 12,  "begin" : 488,  "end" : 498 }, 
        {"sofa" : 12,  "begin" : 499,  "end" : 504 }, 
        {"sofa" : 12,  "begin" : 505,  "end" : 509 }, 
        {"sofa" : 12,  "begin" : 510,  "end" : 515 }, 
        {"sofa" : 12,  "begin" : 516,  "end" : 520 }, 
        {"sofa" : 12,  "begin" : 521,  "end" : 523 }, 
        {"sofa" : 12,  "begin" : 524,  "end" : 532 }, 
        {"sofa" : 12,  "begin" : 533,  "end" : 537 }, 
        {"sofa" : 12,  "begin" : 538,  "end" : 542 }, 
        {"sofa" : 12,  "begin" : 543,  "end" : 547 }, 
        {"sofa" : 12,  "begin" : 547,  "end" : 548 }, 
        {"sofa" : 12,  "begin" : 549,  "end" : 552 }, 
        {"sofa" : 12,  "begin" : 553,  "end" : 559 }, 
        {"sofa" : 12,  "begin" : 560,  "end" : 565 }, 
        {"sofa" : 12,  "begin" : 566,  "end" : 568 }, 
        {"sofa" : 12,  "begin" : 569,  "end" : 578 }, 
        {"sofa" : 12,  "begin" : 579,  "end" : 591 }, 
        {"sofa" : 12,  "begin" : 592,  "end" : 601 }, 
        {"sofa" : 12,  "begin" : 602,  "end" : 609 }, 
        {"sofa" : 12,  "begin" : 610,  "end" : 612 }, 
        {"sofa" : 12,  "begin" : 613,  "end" : 619 }, 
        {"sofa" : 12,  "begin" : 619,  "end" : 620 }, 
        {"sofa" : 12,  "begin" : 621,  "end" : 628 }, 
        {"sofa" : 12,  "begin" : 629,  "end" : 631 }, 
        {"sofa" : 12,  "begin" : 632,  "end" : 635 }, 
        {"sofa" : 12,  "begin" : 636,  "end" : 638 }, 
        {"sofa" : 12,  "begin" : 639,  "end" : 642 }, 
        {"sofa" : 12,  "begin" : 643,  "end" : 650 }, 
        {"sofa" : 12,  "begin" : 651,  "end" : 662 }, 
        {"sofa" : 12,  "begin" : 662,  "end" : 663 }, 
        {"sofa" : 12,  "begin" : 664,  "end" : 667 }, 
        {"sofa" : 12,  "begin" : 668,  "end" : 672 }, 
        {"sofa" : 12,  "begin" : 673,  "end" : 675 }, 
        {"sofa" : 12,  "begin" : 676,  "end" : 680 }, 
        {"sofa" : 12,  "begin" : 681,  "end" : 691 }, 
        {"sofa" : 12,  "begin" : 692,  "end" : 694 }, 
        {"sofa" : 12,  "begin" : 695,  "end" : 701 }, 
        {"sofa" : 12,  "begin" : 702,  "end" : 709 }, 
        {"sofa" : 12,  "begin" : 710,  "end" : 711 }, 
        {"sofa" : 12,  "begin" : 712,  "end" : 716 }, 
        {"sofa" : 12,  "begin" : 717,  "end" : 724 }, 
        {"sofa" : 12,  "begin" : 725,  "end" : 727 }, 
        {"sofa" : 12,  "begin" : 728,  "end" : 733 }, 
        {"sofa" : 12,  "begin" : 734,  "end" : 743 }, 
        {"sofa" : 12,  "begin" : 743,  "end" : 744 }, 
        {"sofa" : 12,  "begin" : 745,  "end" : 748 }, 
        {"sofa" : 12,  "begin" : 749,  "end" : 752 }, 
        {"sofa" : 12,  "begin" : 753,  "end" : 756 }, 
        {"sofa" : 12,  "begin" : 757,  "end" : 765 }, 
        {"sofa" : 12,  "begin" : 766,  "end" : 772 }, 
        {"sofa" : 12,  "begin" : 772,  "end" : 773 }, 
        {"sofa" : 12,  "begin" : 774,  "end" : 775 }, 
        {"sofa" : 12,  "begin" : 776,  "end" : 778 }, 
        {"sofa" : 12,  "begin" : 779,  "end" : 783 }, 
        {"sofa" : 12,  "begin" : 784,  "end" : 791 }, 
        {"sofa" : 12,  "begin" : 792,  "end" : 794 }, 
        {"sofa" : 12,  "begin" : 795,  "end" : 797 }, 
        {"sofa" : 12,  "begin" : 797,  "end" : 798 }, 
        {"sofa" : 12,  "begin" : 799,  "end" : 802 }, 
        {"sofa" : 12,  "begin" : 803,  "end" : 806 }, 
        {"sofa" : 12,  "begin" : 807,  "end" : 809 }, 
        {"sofa" : 12,  "begin" : 810,  "end" : 812 }, 
        {"sofa" : 12,  "begin" : 813,  "end" : 817 }, 
        {"sofa" : 12,  "begin" : 817,  "end" : 818 }, 
        {"sofa" : 12,  "begin" : 820,  "end" : 829 }, 
        {"sofa" : 12,  "begin" : 830,  "end" : 832 }, 
        {"sofa" : 12,  "begin" : 833,  "end" : 836 }, 
        {"sofa" : 12,  "begin" : 837,  "end" : 841 }, 
        {"sofa" : 12,  "begin" : 841,  "end" : 842 }, 
        {"sofa" : 12,  "begin" : 843,  "end" : 844 }, 
        {"sofa" : 12,  "begin" : 844,  "end" : 856 }, 
        {"sofa" : 12,  "begin" : 857,  "end" : 866 }, 
        {"sofa" : 12,  "begin" : 867,  "end" : 874 }, 
        {"sofa" : 12,  "begin" : 875,  "end" : 876 }, 
        {"sofa" : 12,  "begin" : 876,  "end" : 879 }, 
        {"sofa" : 12,  "begin" : 879,  "end" : 880 }, 
        {"sofa" : 12,  "begin" : 881,  "end" : 883 }, 
        {"sofa" : 12,  "begin" : 884,  "end" : 885 }, 
        {"sofa" : 12,  "begin" : 886,  "end" : 896 }, 
        {"sofa" : 12,  "begin" : 897,  "end" : 900 }, 
        {"sofa" : 12,  "begin" : 901,  "end" : 912 }, 
        {"sofa" : 12,  "begin" : 913,  "end" : 920 }, 
        {"sofa" : 12,  "begin" : 921,  "end" : 928 }, 
        {"sofa" : 12,  "begin" : 929,  "end" : 937 }, 
        {"sofa" : 12,  "begin" : 938,  "end" : 940 }, 
        {"sofa" : 12,  "begin" : 941,  "end" : 948 }, 
        {"sofa" : 12,  "begin" : 949,  "end" : 954 }, 
        {"sofa" : 12,  "begin" : 954,  "end" : 955 }, 
        {"sofa" : 12,  "begin" : 956,  "end" : 960 }, 
        {"sofa" : 12,  "begin" : 961,  "end" : 969 }, 
        {"sofa" : 12,  "begin" : 970,  "end" : 976 }, 
        {"sofa" : 12,  "begin" : 977,  "end" : 983 }, 
        {"sofa" : 12,  "begin" : 983,  "end" : 984 }, 
        {"sofa" : 12,  "begin" : 985,  "end" : 992 }, 
        {"sofa" : 12,  "begin" : 993,  "end" : 994 }, 
        {"sofa" : 12,  "begin" : 995,  "end" : 1000 }, 
        {"sofa" : 12,  "begin" : 1001,  "end" : 1003 }, 
        {"sofa" : 12,  "begin" : 1004,  "end" : 1011 }, 
        {"sofa" : 12,  "begin" : 1012,  "end" : 1018 }, 
        {"sofa" : 12,  "begin" : 1019,  "end" : 1024 }, 
        {"sofa" : 12,  "begin" : 1025,  "end" : 1029 }, 
        {"sofa" : 12,  "begin" : 1030,  "end" : 1038 }, 
        {"sofa" : 12,  "begin" : 1039,  "end" : 1041 }, 
        {"sofa" : 12,  "begin" : 1042,  "end" : 1050 }, 
        {"sofa" : 12,  "begin" : 1051,  "end" : 1055 }, 
        {"sofa" : 12,  "begin" : 1056,  "end" : 1060 }, 
        {"sofa" : 12,  "begin" : 1061,  "end" : 1064 }, 
        {"sofa" : 12,  "begin" : 1065,  "end" : 1071 }, 
        {"sofa" : 12,  "begin" : 1072,  "end" : 1078 }, 
        {"sofa" : 12,  "begin" : 1078,  "end" : 1079 }, 
        {"sofa" : 12,  "begin" : 1079,  "end" : 1080 }, 
        {"sofa" : 12,  "begin" : 1081,  "end" : 1086 }, 
        {"sofa" : 12,  "begin" : 1087,  "end" : 1089 }, 
        {"sofa" : 12,  "begin" : 1090,  "end" : 1094 }, 
        {"sofa" : 12,  "begin" : 1095,  "end" : 1102 }, 
        {"sofa" : 12,  "begin" : 1103,  "end" : 1107 }, 
        {"sofa" : 12,  "begin" : 1108,  "end" : 1109 }, 
        {"sofa" : 12,  "begin" : 1110,  "end" : 1115 }, 
        {"sofa" : 12,  "begin" : 1116,  "end" : 1122 }, 
        {"sofa" : 12,  "begin" : 1123,  "end" : 1125 }, 
        {"sofa" : 12,  "begin" : 1126,  "end" : 1134 }, 
        {"sofa" : 12,  "begin" : 1135,  "end" : 1144 }, 
        {"sofa" : 12,  "begin" : 1145,  "end" : 1147 }, 
        {"sofa" : 12,  "begin" : 1148,  "end" : 1150 }, 
        {"sofa" : 12,  "begin" : 1151,  "end" : 1165 }, 
        {"sofa" : 12,  "begin" : 1166,  "end" : 1171 }, 
        {"sofa" : 12,  "begin" : 1171,  "end" : 1172 }, 
        {"sofa" : 12,  "begin" : 1173,  "end" : 1176 }, 
        {"sofa" : 12,  "begin" : 1177,  "end" : 1187 }, 
        {"sofa" : 12,  "begin" : 1188,  "end" : 1190 }, 
        {"sofa" : 12,  "begin" : 1191,  "end" : 1192 }, 
        {"sofa" : 12,  "begin" : 1192,  "end" : 1198 }, 
        {"sofa" : 12,  "begin" : 1199,  "end" : 1205 }, 
        {"sofa" : 12,  "begin" : 1205,  "end" : 1206 }, 
        {"sofa" : 12,  "begin" : 1207,  "end" : 1209 }, 
        {"sofa" : 12,  "begin" : 1210,  "end" : 1220 }, 
        {"sofa" : 12,  "begin" : 1221,  "end" : 1223 }, 
        {"sofa" : 12,  "begin" : 1224,  "end" : 1225 }, 
        {"sofa" : 12,  "begin" : 1226,  "end" : 1229 }, 
        {"sofa" : 12,  "begin" : 1230,  "end" : 1234 }, 
        {"sofa" : 12,  "begin" : 1234,  "end" : 1235 }, 
        {"sofa" : 12,  "begin" : 1236,  "end" : 1238 }, 
        {"sofa" : 12,  "begin" : 1239,  "end" : 1250 }, 
        {"sofa" : 12,  "begin" : 1251,  "end" : 1257 }, 
        {"sofa" : 12,  "begin" : 1258,  "end" : 1260 }, 
        {"sofa" : 12,  "begin" : 1261,  "end" : 1269 }, 
        {"sofa" : 12,  "begin" : 1270,  "end" : 1274 }, 
        {"sofa" : 12,  "begin" : 1275,  "end" : 1277 }, 
        {"sofa" : 12,  "begin" : 1278,  "end" : 1281 }, 
        {"sofa" : 12,  "begin" : 1282,  "end" : 1287 }, 
        {"sofa" : 12,  "begin" : 1287,  "end" : 1288 }, 
        {"sofa" : 12,  "begin" : 1289,  "end" : 1298 }, 
        {"sofa" : 12,  "begin" : 1299,  "end" : 1305 }, 
        {"sofa" : 12,  "begin" : 1305,  "end" : 1306 }, 
        {"sofa" : 12,  "begin" : 1307,  "end" : 1312 }, 
        {"sofa" : 12,  "begin" : 1313,  "end" : 1320 }, 
        {"sofa" : 12,  "begin" : 1320,  "end" : 1321 }, 
        {"sofa" : 12,  "begin" : 1322,  "end" : 1331 }, 
        {"sofa" : 12,  "begin" : 1331,  "end" : 1332 }, 
        {"sofa" : 12,  "begin" : 1333,  "end" : 1336 }, 
        {"sofa" : 12,  "begin" : 1337,  "end" : 1341 }, 
        {"sofa" : 12,  "begin" : 1341,  "end" : 1342 }, 
        {"sofa" : 12,  "begin" : 1343,  "end" : 1345 }, 
        {"sofa" : 12,  "begin" : 1346,  "end" : 1350 }, 
        {"sofa" : 12,  "begin" : 1351,  "end" : 1353 }, 
        {"sofa" : 12,  "begin" : 1354,  "end" : 1355 }, 
        {"sofa" : 12,  "begin" : 1356,  "end" : 1361 }, 
        {"sofa" : 12,  "begin" : 1362,  "end" : 1368 }, 
        {"sofa" : 12,  "begin" : 1369,  "end" : 1371 }, 
        {"sofa" : 12,  "begin" : 1372,  "end" : 1376 }, 
        {"sofa" : 12,  "begin" : 1376,  "end" : 1377 }, 
        {"sofa" : 12,  "begin" : 1378,  "end" : 1381 }, 
        {"sofa" : 12,  "begin" : 1382,  "end" : 1391 }, 
        {"sofa" : 12,  "begin" : 1392,  "end" : 1399 }, 
        {"sofa" : 12,  "begin" : 1400,  "end" : 1402 }, 
        {"sofa" : 12,  "begin" : 1403,  "end" : 1414 }, 
        {"sofa" : 12,  "begin" : 1415,  "end" : 1418 }, 
        {"sofa" : 12,  "begin" : 1419,  "end" : 1426 }, 
        {"sofa" : 12,  "begin" : 1427,  "end" : 1437 }, 
        {"sofa" : 12,  "begin" : 1438,  "end" : 1440 }, 
        {"sofa" : 12,  "begin" : 1441,  "end" : 1442 }, 
        {"sofa" : 12,  "begin" : 1442,  "end" : 1446 }, 
        {"sofa" : 12,  "begin" : 1447,  "end" : 1453 }, 
        {"sofa" : 12,  "begin" : 1454,  "end" : 1462 }, 
        {"sofa" : 12,  "begin" : 1463,  "end" : 1467 }, 
        {"sofa" : 12,  "begin" : 1467,  "end" : 1468 }, 
        {"sofa" : 12,  "begin" : 1469,  "end" : 1473 }, 
        {"sofa" : 12,  "begin" : 1474,  "end" : 1479 }, 
        {"sofa" : 12,  "begin" : 1480,  "end" : 1482 }, 
        {"sofa" : 12,  "begin" : 1483,  "end" : 1484 }, 
        {"sofa" : 12,  "begin" : 1484,  "end" : 1488 }, 
        {"sofa" : 12,  "begin" : 1489,  "end" : 1494 }, 
        {"sofa" : 12,  "begin" : 1494,  "end" : 1495 }, 
        {"sofa" : 12,  "begin" : 1495,  "end" : 1496 }, 
        {"sofa" : 12,  "begin" : 1497,  "end" : 1501 }, 
        {"sofa" : 12,  "begin" : 1502,  "end" : 1508 }, 
        {"sofa" : 12,  "begin" : 1509,  "end" : 1512 }, 
        {"sofa" : 12,  "begin" : 1513,  "end" : 1523 }, 
        {"sofa" : 12,  "begin" : 1524,  "end" : 1530 }, 
        {"sofa" : 12,  "begin" : 1531,  "end" : 1533 }, 
        {"sofa" : 12,  "begin" : 1534,  "end" : 1543 }, 
        {"sofa" : 12,  "begin" : 1543,  "end" : 1544 }, 
        {"sofa" : 12,  "begin" : 1545,  "end" : 1556 }, 
        {"sofa" : 12,  "begin" : 1557,  "end" : 1559 }, 
        {"sofa" : 12,  "begin" : 1560,  "end" : 1572 }, 
        {"sofa" : 12,  "begin" : 1573,  "end" : 1582 }, 
        {"sofa" : 12,  "begin" : 1583,  "end" : 1587 }, 
        {"sofa" : 12,  "begin" : 1588,  "end" : 1591 }, 
        {"sofa" : 12,  "begin" : 1592,  "end" : 1598 }, 
        {"sofa" : 12,  "begin" : 1599,  "end" : 1601 }, 
        {"sofa" : 12,  "begin" : 1602,  "end" : 1606 }, 
        {"sofa" : 12,  "begin" : 1607,  "end" : 1610 }, 
        {"sofa" : 12,  "begin" : 1611,  "end" : 1613 }, 
        {"sofa" : 12,  "begin" : 1614,  "end" : 1618 }, 
        {"sofa" : 12,  "begin" : 1619,  "end" : 1621 }, 
        {"sofa" : 12,  "begin" : 1622,  "end" : 1625 }, 
        {"sofa" : 12,  "begin" : 1626,  "end" : 1629 }, 
        {"sofa" : 12,  "begin" : 1630,  "end" : 1637 }, 
        {"sofa" : 12,  "begin" : 1637,  "end" : 1638 }, 
        {"sofa" : 12,  "begin" : 1640,  "end" : 1652 }, 
        {"sofa" : 12,  "begin" : 1653,  "end" : 1662 }, 
        {"sofa" : 12,  "begin" : 1663,  "end" : 1667 }, 
        {"sofa" : 12,  "begin" : 1668,  "end" : 1669 }, 
        {"sofa" : 12,  "begin" : 1669,  "end" : 1674 }, 
        {"sofa" : 12,  "begin" : 1675,  "end" : 1679 }, 
        {"sofa" : 12,  "begin" : 1680,  "end" : 1688 }, 
        {"sofa" : 12,  "begin" : 1689,  "end" : 1693 }, 
        {"sofa" : 12,  "begin" : 1693,  "end" : 1694 }, 
        {"sofa" : 12,  "begin" : 1694,  "end" : 1695 }, 
        {"sofa" : 12,  "begin" : 1696,  "end" : 1698 }, 
        {"sofa" : 12,  "begin" : 1699,  "end" : 1704 }, 
        {"sofa" : 12,  "begin" : 1705,  "end" : 1707 }, 
        {"sofa" : 12,  "begin" : 1708,  "end" : 1714 }, 
        {"sofa" : 12,  "begin" : 1715,  "end" : 1717 }, 
        {"sofa" : 12,  "begin" : 1718,  "end" : 1723 }, 
        {"sofa" : 12,  "begin" : 1723,  "end" : 1724 }, 
        {"sofa" : 12,  "begin" : 1725,  "end" : 1734 }, 
        {"sofa" : 12,  "begin" : 1735,  "end" : 1742 }, 
        {"sofa" : 12,  "begin" : 1743,  "end" : 1750 }, 
        {"sofa" : 12,  "begin" : 1751,  "end" : 1754 }, 
        {"sofa" : 12,  "begin" : 1755,  "end" : 1761 }, 
        {"sofa" : 12,  "begin" : 1762,  "end" : 1772 }, 
        {"sofa" : 12,  "begin" : 1773,  "end" : 1780 }, 
        {"sofa" : 12,  "begin" : 1781,  "end" : 1788 }, 
        {"sofa" : 12,  "begin" : 1788,  "end" : 1789 }, 
        {"sofa" : 12,  "begin" : 1790,  "end" : 1793 }, 
        {"sofa" : 12,  "begin" : 1794,  "end" : 1799 }, 
        {"sofa" : 12,  "begin" : 1800,  "end" : 1807 }, 
        {"sofa" : 12,  "begin" : 1808,  "end" : 1809 }, 
        {"sofa" : 12,  "begin" : 1810,  "end" : 1815 }, 
        {"sofa" : 12,  "begin" : 1816,  "end" : 1818 }, 
        {"sofa" : 12,  "begin" : 1819,  "end" : 1831 }, 
        {"sofa" : 12,  "begin" : 1832,  "end" : 1841 }, 
        {"sofa" : 12,  "begin" : 1842,  "end" : 1846 }, 
        {"sofa" : 12,  "begin" : 1847,  "end" : 1849 }, 
        {"sofa" : 12,  "begin" : 1850,  "end" : 1853 }, 
        {"sofa" : 12,  "begin" : 1854,  "end" : 1858 }, 
        {"sofa" : 12,  "begin" : 1859,  "end" : 1860 }, 
        {"sofa" : 12,  "begin" : 1860,  "end" : 1862 }, 
        {"sofa" : 12,  "begin" : 1863,  "end" : 1870 }, 
        {"sofa" : 12,  "begin" : 1870,  "end" : 1871 }, 
        {"sofa" : 12,  "begin" : 1871,  "end" : 1872 }, 
        {"sofa" : 12,  "begin" : 1873,  "end" : 1880 }, 
        {"sofa" : 12,  "begin" : 1881,  "end" : 1883 }, 
        {"sofa" : 12,  "begin" : 1884,  "end" : 1889 }, 
        {"sofa" : 12,  "begin" : 1890,  "end" : 1895 }, 
        {"sofa" : 12,  "begin" : 1896,  "end" : 1898 }, 
        {"sofa" : 12,  "begin" : 1899,  "end" : 1911 }, 
        {"sofa" : 12,  "begin" : 1912,  "end" : 1921 }, 
        {"sofa" : 12,  "begin" : 1922,  "end" : 1929 }, 
        {"sofa" : 12,  "begin" : 1930,  "end" : 1932 }, 
        {"sofa" : 12,  "begin" : 1933,  "end" : 1936 }, 
        {"sofa" : 12,  "begin" : 1937,  "end" : 1941 }, 
        {"sofa" : 12,  "begin" : 1941,  "end" : 1942 }, 
        {"sofa" : 12,  "begin" : 1943,  "end" : 1945 }, 
        {"sofa" : 12,  "begin" : 1946,  "end" : 1949 }, 
        {"sofa" : 12,  "begin" : 1950,  "end" : 1953 }, 
        {"sofa" : 12,  "begin" : 1954,  "end" : 1958 }, 
        {"sofa" : 12,  "begin" : 1959,  "end" : 1961 }, 
        {"sofa" : 12,  "begin" : 1962,  "end" : 1967 }, 
        {"sofa" : 12,  "begin" : 1968,  "end" : 1971 }, 
        {"sofa" : 12,  "begin" : 1972,  "end" : 1983 }, 
        {"sofa" : 12,  "begin" : 1984,  "end" : 1988 }, 
        {"sofa" : 12,  "begin" : 1989,  "end" : 1995 }, 
        {"sofa" : 12,  "begin" : 1996,  "end" : 2000 }, 
        {"sofa" : 12,  "begin" : 2001,  "end" : 2005 }, 
        {"sofa" : 12,  "begin" : 2006,  "end" : 2013 }, 
        {"sofa" : 12,  "begin" : 2013,  "end" : 2014 } ], 
      "Persuasive_Labels" : [
        {"sofa" : 12,  "begin" : 208,  "end" : 284,  "DistinctiveLinguisticFeatures" : "distinctive linguistic features" }, 
        {"sofa" : 12,  "begin" : 208,  "end" : 284,  "DistinctiveLinguisticFeatures" : "title of article as clickbait" }, 
        {"sofa" : 12,  "begin" : 695,  "end" : 709,  "EmotionalAppeals" : "emotional appeals" }, 
        {"sofa" : 12,  "begin" : 695,  "end" : 709,  "EmotionalAppeals" : "fear" }, 
        {"sofa" : 12,  "begin" : 712,  "end" : 818,  "EstablishingLegitimacy" : "Establishing Legitimacy" }, 
        {"sofa" : 12,  "begin" : 712,  "end" : 818,  "EstablishingLegitimacy" : "legitimate persuasive techniques: rhetorical question" }, 
        {"sofa" : 12,  "begin" : 820,  "end" : 842,  "EstablishingLegitimacy" : "Establishing Legitimacy" }, 
        {"sofa" : 12,  "begin" : 820,  "end" : 842,  "EstablishingLegitimacy" : "citing source to establish legitimacy_source verified to be credible" }, 
        {"sofa" : 12,  "begin" : 1545,  "end" : 1638,  "BiasedReasoningtoMakeaConclusion" : "biased reasoning to make a conclusion" }, 
        {"sofa" : 12,  "begin" : 1545,  "end" : 1638,  "BiasedReasoningtoMakeaConclusion" : "inappropriate analogy or false connection" } ] } }, 
  "_referenced_fss" : {
    "12" : {"_type" : "Sofa",  "sofaNum" : 1,  "sofaID" : "_InitialView",  "mimeType" : "text",  "sofaString" : "﻿tron-01402 Mechanically separated chicken for food\r\nSource: https://www.thedailymeal.com/eat/what-heck-mechanically-separated-chicken \r\nFact checking: https://www.truthorfiction.com/msm/ \r\nActual content: \r\nYou've Been Eating Mechanically Separated Chicken and You Don't Even Know It\r\nMay 23, 2017\r\nBy\r\nDan Myers\r\nThe poultry equivalent of \"pink slime\" is really unpleasant stuff\r\nTake a look at the ingredients list of food products including Slim Jims, hot dogs, and other inexpensive meat-based foods that don't need to actually look like meat, and you're bound to encounter mechanically separated chicken or turkey, usually as one of the primary ingredients. The name of this ingredient is pretty ominous - what exactly is being separated, and why are machines needed? - so what exactly is it, and how is it made?\r\nAccording to the USDA, \"Mechanically separated poultry (MSP) is a paste-like and batter-like poultry product produced by forcing bones, with attached edible tissue, through a sieve or similar device under high pressure to separate bone from the edible tissue,\" which is then treated with a small amount of ammonium hydroxide as an anti-microbial agent. The definition of \"edible tissue\" is stretching it a bit here; it essentially refers to anything left on the bones, including nerves, blood vessels, cartilage, and skin, as well as a small amount of meat. The resulting product is essentially the poultry equivalent of \"lean finely textured beef\" also known as \"pink slime,\" even though the production method is different. Consumption of mechanically separated beef was banned in 2004 due to fear of mad cow disease.\r\nMechanically separated meat (which also includes pork), is found in plenty of foods, including chicken nuggets and frozen pre-formed chicken patties, but while there's a limit on mechanically separated pork in hot dogs (20 percent), there's no legal limit on mechanically separated chicken in hot dogs, so you may want to check the ingredients list before your next cookout.\r\n" } } }