{"_context" : {
    "_types" : {
      "DocumentMetaData" : {
        "_feature_types" : {"sofa" : "_ref" } }, 
      "Persuasive_Labels" : {
        "_feature_types" : {"sofa" : "_ref" } }, 
      "Sentence" : {
        "_feature_types" : {"sofa" : "_ref" } }, 
      "Sofa" : {
        "_feature_types" : {"sofaArray" : "_ref" } }, 
      "TagsetDescription" : {
        "_feature_types" : {"sofa" : "_ref",  "tags" : "_ref" } }, 
      "Token" : {
        "_feature_types" : {"sofa" : "_ref",  "parent" : "_ref",  "lemma" : "_ref",  "stem" : "_ref",  "pos" : "_ref",  "morph" : "_ref",  "form" : "_ref" } }, 
      "DocumentAnnotation" : {
        "_feature_types" : {"sofa" : "_ref" }, 
        "_subtypes" : ["DocumentMetaData" ] }, 
      "Annotation" : {
        "_feature_types" : {"sofa" : "_ref" }, 
        "_subtypes" : ["DocumentAnnotation",  "Persuasive_Labels",  "Sentence",  "TagsetDescription",  "Token" ] }, 
      "AnnotationBase" : {
        "_feature_types" : {"sofa" : "_ref" }, 
        "_subtypes" : ["Annotation" ] }, 
      "TOP" : {
        "_subtypes" : ["AnnotationBase",  "Sofa" ] } } }, 
  "_views" : {
    "_InitialView" : {
      "DocumentMetaData" : [
        {"sofa" : 12,  "end" : 620,  "language" : "x-unspecified",  "documentTitle" : "173.%20snes-06263%20Fast%20food%20restaurants,%20prisons,%20and%20school%20cafeterias%20use%20'Grade%20D%20but%20edible'%20meat.txt",  "documentId" : "admin",  "documentUri" : "file:/C:/Users/huiyi/.webanno/repository/project/4/document/335/source/admin",  "collectionId" : "file:/C:/Users/huiyi/.webanno/repository/project/4/document/335/source/",  "documentBaseUri" : "file:/C:/Users/huiyi/.webanno/repository/project/4/document/335/source/",  "isLastSegment" : false } ], 
      "TagsetDescription" : [
        {"sofa" : 12,  "layer" : "de.tudarmstadt.ukp.dkpro.core.api.syntax.type.dependency.Dependency",  "name" : "UD Universal Dependencies (v2)",  "input" : false }, 
        {"sofa" : 12,  "layer" : "de.tudarmstadt.ukp.dkpro.core.api.ner.type.NamedEntity",  "name" : "Named Entity tags",  "input" : false }, 
        {"sofa" : 12,  "layer" : "de.tudarmstadt.ukp.dkpro.core.api.transform.type.SofaChangeAnnotation",  "name" : "Operation",  "input" : false }, 
        {"sofa" : 12,  "layer" : "de.tudarmstadt.ukp.dkpro.core.api.lexmorph.type.pos.POS",  "name" : "UD Universal POS tags (v2)",  "input" : false }, 
        {"sofa" : 12,  "layer" : "webanno.custom.Persuasive_Labels",  "name" : "2. Using Anecdotes and Personal Experience as Evidence",  "input" : false } ], 
      "Sentence" : [
        {"sofa" : 12,  "end" : 96 }, 
        {"sofa" : 12,  "begin" : 99,  "end" : 424 }, 
        {"sofa" : 12,  "begin" : 426,  "end" : 616 } ], 
      "Token" : [
        {"sofa" : 12,  "end" : 5 }, 
        {"sofa" : 12,  "begin" : 5,  "end" : 6 }, 
        {"sofa" : 12,  "begin" : 6,  "end" : 11 }, 
        {"sofa" : 12,  "begin" : 12,  "end" : 16 }, 
        {"sofa" : 12,  "begin" : 17,  "end" : 21 }, 
        {"sofa" : 12,  "begin" : 22,  "end" : 33 }, 
        {"sofa" : 12,  "begin" : 33,  "end" : 34 }, 
        {"sofa" : 12,  "begin" : 35,  "end" : 42 }, 
        {"sofa" : 12,  "begin" : 42,  "end" : 43 }, 
        {"sofa" : 12,  "begin" : 44,  "end" : 47 }, 
        {"sofa" : 12,  "begin" : 48,  "end" : 54 }, 
        {"sofa" : 12,  "begin" : 55,  "end" : 65 }, 
        {"sofa" : 12,  "begin" : 66,  "end" : 69 }, 
        {"sofa" : 12,  "begin" : 70,  "end" : 71 }, 
        {"sofa" : 12,  "begin" : 71,  "end" : 76 }, 
        {"sofa" : 12,  "begin" : 77,  "end" : 78 }, 
        {"sofa" : 12,  "begin" : 79,  "end" : 82 }, 
        {"sofa" : 12,  "begin" : 83,  "end" : 89 }, 
        {"sofa" : 12,  "begin" : 89,  "end" : 90 }, 
        {"sofa" : 12,  "begin" : 91,  "end" : 95 }, 
        {"sofa" : 12,  "begin" : 95,  "end" : 96 }, 
        {"sofa" : 12,  "begin" : 99,  "end" : 105 }, 
        {"sofa" : 12,  "begin" : 105,  "end" : 106 }, 
        {"sofa" : 12,  "begin" : 107,  "end" : 112 }, 
        {"sofa" : 12,  "begin" : 112,  "end" : 113 }, 
        {"sofa" : 12,  "begin" : 113,  "end" : 114 }, 
        {"sofa" : 12,  "begin" : 114,  "end" : 115 }, 
        {"sofa" : 12,  "begin" : 115,  "end" : 129 }, 
        {"sofa" : 12,  "begin" : 129,  "end" : 130 }, 
        {"sofa" : 12,  "begin" : 130,  "end" : 140 }, 
        {"sofa" : 12,  "begin" : 140,  "end" : 141 }, 
        {"sofa" : 12,  "begin" : 141,  "end" : 163 }, 
        {"sofa" : 12,  "begin" : 163,  "end" : 164 }, 
        {"sofa" : 12,  "begin" : 167,  "end" : 171 }, 
        {"sofa" : 12,  "begin" : 172,  "end" : 180 }, 
        {"sofa" : 12,  "begin" : 180,  "end" : 181 }, 
        {"sofa" : 12,  "begin" : 182,  "end" : 187 }, 
        {"sofa" : 12,  "begin" : 187,  "end" : 188 }, 
        {"sofa" : 12,  "begin" : 188,  "end" : 189 }, 
        {"sofa" : 12,  "begin" : 189,  "end" : 190 }, 
        {"sofa" : 12,  "begin" : 190,  "end" : 204 }, 
        {"sofa" : 12,  "begin" : 204,  "end" : 205 }, 
        {"sofa" : 12,  "begin" : 205,  "end" : 215 }, 
        {"sofa" : 12,  "begin" : 215,  "end" : 216 }, 
        {"sofa" : 12,  "begin" : 216,  "end" : 238 }, 
        {"sofa" : 12,  "begin" : 238,  "end" : 239 }, 
        {"sofa" : 12,  "begin" : 242,  "end" : 248 }, 
        {"sofa" : 12,  "begin" : 249,  "end" : 256 }, 
        {"sofa" : 12,  "begin" : 256,  "end" : 257 }, 
        {"sofa" : 12,  "begin" : 260,  "end" : 261 }, 
        {"sofa" : 12,  "begin" : 261,  "end" : 270 }, 
        {"sofa" : 12,  "begin" : 271,  "end" : 273 }, 
        {"sofa" : 12,  "begin" : 274,  "end" : 277 }, 
        {"sofa" : 12,  "begin" : 278,  "end" : 286 }, 
        {"sofa" : 12,  "begin" : 286,  "end" : 287 }, 
        {"sofa" : 12,  "begin" : 288,  "end" : 292 }, 
        {"sofa" : 12,  "begin" : 292,  "end" : 293 }, 
        {"sofa" : 12,  "begin" : 295,  "end" : 299 }, 
        {"sofa" : 12,  "begin" : 300,  "end" : 302 }, 
        {"sofa" : 12,  "begin" : 303,  "end" : 310 }, 
        {"sofa" : 12,  "begin" : 311,  "end" : 321 }, 
        {"sofa" : 12,  "begin" : 322,  "end" : 327 }, 
        {"sofa" : 12,  "begin" : 328,  "end" : 330 }, 
        {"sofa" : 12,  "begin" : 331,  "end" : 332 }, 
        {"sofa" : 12,  "begin" : 333,  "end" : 338 }, 
        {"sofa" : 12,  "begin" : 339,  "end" : 343 }, 
        {"sofa" : 12,  "begin" : 344,  "end" : 347 }, 
        {"sofa" : 12,  "begin" : 348,  "end" : 352 }, 
        {"sofa" : 12,  "begin" : 353,  "end" : 358 }, 
        {"sofa" : 12,  "begin" : 359,  "end" : 365 }, 
        {"sofa" : 12,  "begin" : 366,  "end" : 369 }, 
        {"sofa" : 12,  "begin" : 370,  "end" : 371 }, 
        {"sofa" : 12,  "begin" : 372,  "end" : 376 }, 
        {"sofa" : 12,  "begin" : 377,  "end" : 381 }, 
        {"sofa" : 12,  "begin" : 381,  "end" : 382 }, 
        {"sofa" : 12,  "begin" : 383,  "end" : 387 }, 
        {"sofa" : 12,  "begin" : 388,  "end" : 397 }, 
        {"sofa" : 12,  "begin" : 398,  "end" : 407 }, 
        {"sofa" : 12,  "begin" : 408,  "end" : 410 }, 
        {"sofa" : 12,  "begin" : 411,  "end" : 412 }, 
        {"sofa" : 12,  "begin" : 413,  "end" : 417 }, 
        {"sofa" : 12,  "begin" : 418,  "end" : 423 }, 
        {"sofa" : 12,  "begin" : 423,  "end" : 424 }, 
        {"sofa" : 12,  "begin" : 426,  "end" : 428 }, 
        {"sofa" : 12,  "begin" : 429,  "end" : 438 }, 
        {"sofa" : 12,  "begin" : 439,  "end" : 447 }, 
        {"sofa" : 12,  "begin" : 448,  "end" : 455 }, 
        {"sofa" : 12,  "begin" : 456,  "end" : 459 }, 
        {"sofa" : 12,  "begin" : 460,  "end" : 463 }, 
        {"sofa" : 12,  "begin" : 464,  "end" : 465 }, 
        {"sofa" : 12,  "begin" : 466,  "end" : 473 }, 
        {"sofa" : 12,  "begin" : 474,  "end" : 480 }, 
        {"sofa" : 12,  "begin" : 481,  "end" : 483 }, 
        {"sofa" : 12,  "begin" : 484,  "end" : 487 }, 
        {"sofa" : 12,  "begin" : 488,  "end" : 497 }, 
        {"sofa" : 12,  "begin" : 498,  "end" : 504 }, 
        {"sofa" : 12,  "begin" : 504,  "end" : 505 }, 
        {"sofa" : 12,  "begin" : 506,  "end" : 509 }, 
        {"sofa" : 12,  "begin" : 510,  "end" : 514 }, 
        {"sofa" : 12,  "begin" : 515,  "end" : 519 }, 
        {"sofa" : 12,  "begin" : 520,  "end" : 524 }, 
        {"sofa" : 12,  "begin" : 525,  "end" : 528 }, 
        {"sofa" : 12,  "begin" : 529,  "end" : 530 }, 
        {"sofa" : 12,  "begin" : 531,  "end" : 539 }, 
        {"sofa" : 12,  "begin" : 540,  "end" : 549 }, 
        {"sofa" : 12,  "begin" : 550,  "end" : 555 }, 
        {"sofa" : 12,  "begin" : 556,  "end" : 558 }, 
        {"sofa" : 12,  "begin" : 559,  "end" : 563 }, 
        {"sofa" : 12,  "begin" : 564,  "end" : 572 }, 
        {"sofa" : 12,  "begin" : 572,  "end" : 573 }, 
        {"sofa" : 12,  "begin" : 574,  "end" : 575 }, 
        {"sofa" : 12,  "begin" : 575,  "end" : 580 }, 
        {"sofa" : 12,  "begin" : 581,  "end" : 582 }, 
        {"sofa" : 12,  "begin" : 583,  "end" : 587 }, 
        {"sofa" : 12,  "begin" : 587,  "end" : 588 }, 
        {"sofa" : 12,  "begin" : 589,  "end" : 592 }, 
        {"sofa" : 12,  "begin" : 593,  "end" : 596 }, 
        {"sofa" : 12,  "begin" : 597,  "end" : 602 }, 
        {"sofa" : 12,  "begin" : 603,  "end" : 614 }, 
        {"sofa" : 12,  "begin" : 614,  "end" : 615 }, 
        {"sofa" : 12,  "begin" : 615,  "end" : 616 } ], 
      "Persuasive_Labels" : [
        {"sofa" : 12,  "begin" : 295,  "end" : 616,  "FabricatingNarrativewithDetails" : "Narrative with details_verified to be false" }, 
        {"sofa" : 12,  "begin" : 295,  "end" : 616,  "FabricatingNarrativewithDetails" : "Narrative with Details" }, 
        {"sofa" : 12,  "begin" : 295,  "end" : 616,  "UsingAnecdotesandPersonalExperienceasEvidence" : "Using Anecdotes and Personal Experience as Evidence" } ] } }, 
  "_referenced_fss" : {
    "12" : {"_type" : "Sofa",  "sofaNum" : 1,  "sofaID" : "_InitialView",  "mimeType" : "text",  "sofaString" : "﻿snes-06263 Fast food restaurants, prisons, and school cafeterias use 'Grade D but edible' meat. \r\nSource: https://www.snopes.com/fact-check/taco-bell-grade-d-meat/ \r\nFact checking: https://www.snopes.com/fact-check/taco-bell-grade-d-meat/ \r\nActual content: \r\n[Collected on the Internet, 1996]\r\nHere at Indiana University there is a story that has been going around for a long time, that certainly qualifies as a FOAF story.\r\nIt typically involves someone who was a student worker in the cafeteria system, who says that they saw a recently delivered crate of beef labelled: \"Grade D Beef: Fit for human consumption.\"\r\n\r\n" } } }