{"_context" : {
    "_types" : {
      "DocumentMetaData" : {
        "_feature_types" : {"sofa" : "_ref" } }, 
      "Persuasive_Labels" : {
        "_feature_types" : {"sofa" : "_ref" } }, 
      "Sentence" : {
        "_feature_types" : {"sofa" : "_ref" } }, 
      "Sofa" : {
        "_feature_types" : {"sofaArray" : "_ref" } }, 
      "TagsetDescription" : {
        "_feature_types" : {"sofa" : "_ref",  "tags" : "_ref" } }, 
      "Token" : {
        "_feature_types" : {"sofa" : "_ref",  "parent" : "_ref",  "lemma" : "_ref",  "stem" : "_ref",  "pos" : "_ref",  "morph" : "_ref",  "form" : "_ref" } }, 
      "DocumentAnnotation" : {
        "_feature_types" : {"sofa" : "_ref" }, 
        "_subtypes" : ["DocumentMetaData" ] }, 
      "Annotation" : {
        "_feature_types" : {"sofa" : "_ref" }, 
        "_subtypes" : ["DocumentAnnotation",  "Persuasive_Labels",  "Sentence",  "TagsetDescription",  "Token" ] }, 
      "AnnotationBase" : {
        "_feature_types" : {"sofa" : "_ref" }, 
        "_subtypes" : ["Annotation" ] }, 
      "TOP" : {
        "_subtypes" : ["AnnotationBase",  "Sofa" ] } } }, 
  "_views" : {
    "_InitialView" : {
      "DocumentMetaData" : [
        {"sofa" : 12,  "end" : 2333,  "language" : "x-unspecified",  "documentTitle" : "150.%20tron-01368%20Woman%20Finds%20Tongue-Eating%20Parasite%20in%20a%20Can%20of%20Tuna%20.txt",  "documentId" : "admin",  "documentUri" : "file:/C:/Users/huiyi/.webanno/repository/project/4/document/317/source/admin",  "collectionId" : "file:/C:/Users/huiyi/.webanno/repository/project/4/document/317/source/",  "documentBaseUri" : "file:/C:/Users/huiyi/.webanno/repository/project/4/document/317/source/",  "isLastSegment" : false } ], 
      "TagsetDescription" : [
        {"sofa" : 12,  "layer" : "de.tudarmstadt.ukp.dkpro.core.api.syntax.type.dependency.Dependency",  "name" : "UD Universal Dependencies (v2)",  "input" : false }, 
        {"sofa" : 12,  "layer" : "de.tudarmstadt.ukp.dkpro.core.api.ner.type.NamedEntity",  "name" : "Named Entity tags",  "input" : false }, 
        {"sofa" : 12,  "layer" : "de.tudarmstadt.ukp.dkpro.core.api.transform.type.SofaChangeAnnotation",  "name" : "Operation",  "input" : false }, 
        {"sofa" : 12,  "layer" : "de.tudarmstadt.ukp.dkpro.core.api.lexmorph.type.pos.POS",  "name" : "UD Universal POS tags (v2)",  "input" : false }, 
        {"sofa" : 12,  "layer" : "webanno.custom.Persuasive_Labels",  "name" : "2. Using Anecdotes and Personal Experience as Evidence",  "input" : false } ], 
      "Sentence" : [
        {"sofa" : 12,  "end" : 526 }, 
        {"sofa" : 12,  "begin" : 528,  "end" : 641 }, 
        {"sofa" : 12,  "begin" : 643,  "end" : 746 }, 
        {"sofa" : 12,  "begin" : 747,  "end" : 861 }, 
        {"sofa" : 12,  "begin" : 863,  "end" : 891 }, 
        {"sofa" : 12,  "begin" : 892,  "end" : 1053 }, 
        {"sofa" : 12,  "begin" : 1055,  "end" : 1139 }, 
        {"sofa" : 12,  "begin" : 1140,  "end" : 1191 }, 
        {"sofa" : 12,  "begin" : 1193,  "end" : 1379 }, 
        {"sofa" : 12,  "begin" : 1380,  "end" : 1446 }, 
        {"sofa" : 12,  "begin" : 1448,  "end" : 1558 }, 
        {"sofa" : 12,  "begin" : 1560,  "end" : 1633 }, 
        {"sofa" : 12,  "begin" : 1634,  "end" : 1743 }, 
        {"sofa" : 12,  "begin" : 1745,  "end" : 1945 }, 
        {"sofa" : 12,  "begin" : 1946,  "end" : 1976 }, 
        {"sofa" : 12,  "begin" : 1978,  "end" : 2069 }, 
        {"sofa" : 12,  "begin" : 2071,  "end" : 2206 }, 
        {"sofa" : 12,  "begin" : 2208,  "end" : 2329 } ], 
      "Token" : [
        {"sofa" : 12,  "end" : 5 }, 
        {"sofa" : 12,  "begin" : 5,  "end" : 6 }, 
        {"sofa" : 12,  "begin" : 6,  "end" : 11 }, 
        {"sofa" : 12,  "begin" : 12,  "end" : 17 }, 
        {"sofa" : 12,  "begin" : 18,  "end" : 23 }, 
        {"sofa" : 12,  "begin" : 24,  "end" : 37 }, 
        {"sofa" : 12,  "begin" : 38,  "end" : 46 }, 
        {"sofa" : 12,  "begin" : 47,  "end" : 49 }, 
        {"sofa" : 12,  "begin" : 50,  "end" : 51 }, 
        {"sofa" : 12,  "begin" : 52,  "end" : 55 }, 
        {"sofa" : 12,  "begin" : 56,  "end" : 58 }, 
        {"sofa" : 12,  "begin" : 59,  "end" : 63 }, 
        {"sofa" : 12,  "begin" : 66,  "end" : 72 }, 
        {"sofa" : 12,  "begin" : 73,  "end" : 78 }, 
        {"sofa" : 12,  "begin" : 78,  "end" : 79 }, 
        {"sofa" : 12,  "begin" : 79,  "end" : 80 }, 
        {"sofa" : 12,  "begin" : 80,  "end" : 81 }, 
        {"sofa" : 12,  "begin" : 81,  "end" : 100 }, 
        {"sofa" : 12,  "begin" : 100,  "end" : 101 }, 
        {"sofa" : 12,  "begin" : 101,  "end" : 105 }, 
        {"sofa" : 12,  "begin" : 105,  "end" : 106 }, 
        {"sofa" : 12,  "begin" : 106,  "end" : 111 }, 
        {"sofa" : 12,  "begin" : 111,  "end" : 112 }, 
        {"sofa" : 12,  "begin" : 112,  "end" : 165 }, 
        {"sofa" : 12,  "begin" : 165,  "end" : 166 }, 
        {"sofa" : 12,  "begin" : 166,  "end" : 175 }, 
        {"sofa" : 12,  "begin" : 178,  "end" : 182 }, 
        {"sofa" : 12,  "begin" : 183,  "end" : 191 }, 
        {"sofa" : 12,  "begin" : 191,  "end" : 192 }, 
        {"sofa" : 12,  "begin" : 193,  "end" : 198 }, 
        {"sofa" : 12,  "begin" : 198,  "end" : 199 }, 
        {"sofa" : 12,  "begin" : 199,  "end" : 200 }, 
        {"sofa" : 12,  "begin" : 200,  "end" : 201 }, 
        {"sofa" : 12,  "begin" : 201,  "end" : 223 }, 
        {"sofa" : 12,  "begin" : 223,  "end" : 224 }, 
        {"sofa" : 12,  "begin" : 224,  "end" : 275 }, 
        {"sofa" : 12,  "begin" : 275,  "end" : 276 }, 
        {"sofa" : 12,  "begin" : 279,  "end" : 285 }, 
        {"sofa" : 12,  "begin" : 286,  "end" : 293 }, 
        {"sofa" : 12,  "begin" : 293,  "end" : 294 }, 
        {"sofa" : 12,  "begin" : 297,  "end" : 300 }, 
        {"sofa" : 12,  "begin" : 301,  "end" : 303 }, 
        {"sofa" : 12,  "begin" : 303,  "end" : 304 }, 
        {"sofa" : 12,  "begin" : 305,  "end" : 312 }, 
        {"sofa" : 12,  "begin" : 313,  "end" : 316 }, 
        {"sofa" : 12,  "begin" : 317,  "end" : 322 }, 
        {"sofa" : 12,  "begin" : 323,  "end" : 336 }, 
        {"sofa" : 12,  "begin" : 337,  "end" : 345 }, 
        {"sofa" : 12,  "begin" : 346,  "end" : 352 }, 
        {"sofa" : 12,  "begin" : 353,  "end" : 356 }, 
        {"sofa" : 12,  "begin" : 357,  "end" : 359 }, 
        {"sofa" : 12,  "begin" : 360,  "end" : 364 }, 
        {"sofa" : 12,  "begin" : 364,  "end" : 365 }, 
        {"sofa" : 12,  "begin" : 366,  "end" : 373 }, 
        {"sofa" : 12,  "begin" : 374,  "end" : 377 }, 
        {"sofa" : 12,  "begin" : 379,  "end" : 381 }, 
        {"sofa" : 12,  "begin" : 382,  "end" : 385 }, 
        {"sofa" : 12,  "begin" : 386,  "end" : 392 }, 
        {"sofa" : 12,  "begin" : 394,  "end" : 397 }, 
        {"sofa" : 12,  "begin" : 398,  "end" : 402 }, 
        {"sofa" : 12,  "begin" : 403,  "end" : 408 }, 
        {"sofa" : 12,  "begin" : 409,  "end" : 413 }, 
        {"sofa" : 12,  "begin" : 415,  "end" : 416 }, 
        {"sofa" : 12,  "begin" : 418,  "end" : 421 }, 
        {"sofa" : 12,  "begin" : 422,  "end" : 424 }, 
        {"sofa" : 12,  "begin" : 424,  "end" : 425 }, 
        {"sofa" : 12,  "begin" : 426,  "end" : 430 }, 
        {"sofa" : 12,  "begin" : 431,  "end" : 433 }, 
        {"sofa" : 12,  "begin" : 434,  "end" : 436 }, 
        {"sofa" : 12,  "begin" : 436,  "end" : 437 }, 
        {"sofa" : 12,  "begin" : 437,  "end" : 439 }, 
        {"sofa" : 12,  "begin" : 440,  "end" : 442 }, 
        {"sofa" : 12,  "begin" : 444,  "end" : 445 }, 
        {"sofa" : 12,  "begin" : 446,  "end" : 453 }, 
        {"sofa" : 12,  "begin" : 454,  "end" : 457 }, 
        {"sofa" : 12,  "begin" : 458,  "end" : 464 }, 
        {"sofa" : 12,  "begin" : 465,  "end" : 467 }, 
        {"sofa" : 12,  "begin" : 468,  "end" : 469 }, 
        {"sofa" : 12,  "begin" : 470,  "end" : 473 }, 
        {"sofa" : 12,  "begin" : 474,  "end" : 476 }, 
        {"sofa" : 12,  "begin" : 477,  "end" : 486 }, 
        {"sofa" : 12,  "begin" : 487,  "end" : 491 }, 
        {"sofa" : 12,  "begin" : 492,  "end" : 495 }, 
        {"sofa" : 12,  "begin" : 496,  "end" : 501 }, 
        {"sofa" : 12,  "begin" : 502,  "end" : 504 }, 
        {"sofa" : 12,  "begin" : 505,  "end" : 509 }, 
        {"sofa" : 12,  "begin" : 510,  "end" : 514 }, 
        {"sofa" : 12,  "begin" : 515,  "end" : 518 }, 
        {"sofa" : 12,  "begin" : 519,  "end" : 525 }, 
        {"sofa" : 12,  "begin" : 525,  "end" : 526 }, 
        {"sofa" : 12,  "begin" : 528,  "end" : 531 }, 
        {"sofa" : 12,  "begin" : 532,  "end" : 538 }, 
        {"sofa" : 12,  "begin" : 539,  "end" : 544 }, 
        {"sofa" : 12,  "begin" : 545,  "end" : 546 }, 
        {"sofa" : 12,  "begin" : 547,  "end" : 551 }, 
        {"sofa" : 12,  "begin" : 552,  "end" : 560 }, 
        {"sofa" : 12,  "begin" : 561,  "end" : 567 }, 
        {"sofa" : 12,  "begin" : 568,  "end" : 569 }, 
        {"sofa" : 12,  "begin" : 570,  "end" : 573 }, 
        {"sofa" : 12,  "begin" : 574,  "end" : 576 }, 
        {"sofa" : 12,  "begin" : 577,  "end" : 581 }, 
        {"sofa" : 12,  "begin" : 582,  "end" : 583 }, 
        {"sofa" : 12,  "begin" : 584,  "end" : 587 }, 
        {"sofa" : 12,  "begin" : 588,  "end" : 598 }, 
        {"sofa" : 12,  "begin" : 599,  "end" : 603 }, 
        {"sofa" : 12,  "begin" : 604,  "end" : 606 }, 
        {"sofa" : 12,  "begin" : 607,  "end" : 609 }, 
        {"sofa" : 12,  "begin" : 610,  "end" : 616 }, 
        {"sofa" : 12,  "begin" : 617,  "end" : 618 }, 
        {"sofa" : 12,  "begin" : 619,  "end" : 632 }, 
        {"sofa" : 12,  "begin" : 633,  "end" : 640 }, 
        {"sofa" : 12,  "begin" : 640,  "end" : 641 }, 
        {"sofa" : 12,  "begin" : 643,  "end" : 646 }, 
        {"sofa" : 12,  "begin" : 647,  "end" : 657 }, 
        {"sofa" : 12,  "begin" : 658,  "end" : 661 }, 
        {"sofa" : 12,  "begin" : 662,  "end" : 667 }, 
        {"sofa" : 12,  "begin" : 668,  "end" : 671 }, 
        {"sofa" : 12,  "begin" : 672,  "end" : 682 }, 
        {"sofa" : 12,  "begin" : 683,  "end" : 691 }, 
        {"sofa" : 12,  "begin" : 692,  "end" : 698 }, 
        {"sofa" : 12,  "begin" : 699,  "end" : 705 }, 
        {"sofa" : 12,  "begin" : 706,  "end" : 707 }, 
        {"sofa" : 12,  "begin" : 708,  "end" : 711 }, 
        {"sofa" : 12,  "begin" : 712,  "end" : 714 }, 
        {"sofa" : 12,  "begin" : 715,  "end" : 722 }, 
        {"sofa" : 12,  "begin" : 723,  "end" : 727 }, 
        {"sofa" : 12,  "begin" : 728,  "end" : 734 }, 
        {"sofa" : 12,  "begin" : 735,  "end" : 739 }, 
        {"sofa" : 12,  "begin" : 740,  "end" : 745 }, 
        {"sofa" : 12,  "begin" : 745,  "end" : 746 }, 
        {"sofa" : 12,  "begin" : 747,  "end" : 750 }, 
        {"sofa" : 12,  "begin" : 751,  "end" : 757 }, 
        {"sofa" : 12,  "begin" : 758,  "end" : 764 }, 
        {"sofa" : 12,  "begin" : 765,  "end" : 767 }, 
        {"sofa" : 12,  "begin" : 768,  "end" : 771 }, 
        {"sofa" : 12,  "begin" : 772,  "end" : 782 }, 
        {"sofa" : 12,  "begin" : 783,  "end" : 791 }, 
        {"sofa" : 12,  "begin" : 792,  "end" : 794 }, 
        {"sofa" : 12,  "begin" : 795,  "end" : 802 }, 
        {"sofa" : 12,  "begin" : 802,  "end" : 803 }, 
        {"sofa" : 12,  "begin" : 804,  "end" : 810 }, 
        {"sofa" : 12,  "begin" : 811,  "end" : 818 }, 
        {"sofa" : 12,  "begin" : 819,  "end" : 824 }, 
        {"sofa" : 12,  "begin" : 825,  "end" : 833 }, 
        {"sofa" : 12,  "begin" : 834,  "end" : 837 }, 
        {"sofa" : 12,  "begin" : 838,  "end" : 847 }, 
        {"sofa" : 12,  "begin" : 848,  "end" : 854 }, 
        {"sofa" : 12,  "begin" : 855,  "end" : 860 }, 
        {"sofa" : 12,  "begin" : 860,  "end" : 861 }, 
        {"sofa" : 12,  "begin" : 863,  "end" : 870 }, 
        {"sofa" : 12,  "begin" : 870,  "end" : 871 }, 
        {"sofa" : 12,  "begin" : 872,  "end" : 875 }, 
        {"sofa" : 12,  "begin" : 876,  "end" : 879 }, 
        {"sofa" : 12,  "begin" : 880,  "end" : 883 }, 
        {"sofa" : 12,  "begin" : 884,  "end" : 890 }, 
        {"sofa" : 12,  "begin" : 890,  "end" : 891 }, 
        {"sofa" : 12,  "begin" : 892,  "end" : 895 }, 
        {"sofa" : 12,  "begin" : 896,  "end" : 904 }, 
        {"sofa" : 12,  "begin" : 905,  "end" : 907 }, 
        {"sofa" : 12,  "begin" : 908,  "end" : 916 }, 
        {"sofa" : 12,  "begin" : 917,  "end" : 918 }, 
        {"sofa" : 12,  "begin" : 919,  "end" : 927 }, 
        {"sofa" : 12,  "begin" : 928,  "end" : 934 }, 
        {"sofa" : 12,  "begin" : 934,  "end" : 935 }, 
        {"sofa" : 12,  "begin" : 936,  "end" : 940 }, 
        {"sofa" : 12,  "begin" : 941,  "end" : 946 }, 
        {"sofa" : 12,  "begin" : 947,  "end" : 949 }, 
        {"sofa" : 12,  "begin" : 950,  "end" : 953 }, 
        {"sofa" : 12,  "begin" : 954,  "end" : 967 }, 
        {"sofa" : 12,  "begin" : 968,  "end" : 973 }, 
        {"sofa" : 12,  "begin" : 973,  "end" : 974 }, 
        {"sofa" : 12,  "begin" : 975,  "end" : 981 }, 
        {"sofa" : 12,  "begin" : 982,  "end" : 986 }, 
        {"sofa" : 12,  "begin" : 987,  "end" : 991 }, 
        {"sofa" : 12,  "begin" : 992,  "end" : 1000 }, 
        {"sofa" : 12,  "begin" : 1001,  "end" : 1008 }, 
        {"sofa" : 12,  "begin" : 1009,  "end" : 1016 }, 
        {"sofa" : 12,  "begin" : 1017,  "end" : 1023 }, 
        {"sofa" : 12,  "begin" : 1024,  "end" : 1028 }, 
        {"sofa" : 12,  "begin" : 1029,  "end" : 1032 }, 
        {"sofa" : 12,  "begin" : 1033,  "end" : 1042 }, 
        {"sofa" : 12,  "begin" : 1043,  "end" : 1047 }, 
        {"sofa" : 12,  "begin" : 1048,  "end" : 1052 }, 
        {"sofa" : 12,  "begin" : 1052,  "end" : 1053 }, 
        {"sofa" : 12,  "begin" : 1055,  "end" : 1056 }, 
        {"sofa" : 12,  "begin" : 1057,  "end" : 1065 }, 
        {"sofa" : 12,  "begin" : 1066,  "end" : 1072 }, 
        {"sofa" : 12,  "begin" : 1073,  "end" : 1079 }, 
        {"sofa" : 12,  "begin" : 1080,  "end" : 1081 }, 
        {"sofa" : 12,  "begin" : 1082,  "end" : 1086 }, 
        {"sofa" : 12,  "begin" : 1087,  "end" : 1094 }, 
        {"sofa" : 12,  "begin" : 1095,  "end" : 1098 }, 
        {"sofa" : 12,  "begin" : 1099,  "end" : 1104 }, 
        {"sofa" : 12,  "begin" : 1105,  "end" : 1108 }, 
        {"sofa" : 12,  "begin" : 1109,  "end" : 1117 }, 
        {"sofa" : 12,  "begin" : 1118,  "end" : 1120 }, 
        {"sofa" : 12,  "begin" : 1121,  "end" : 1124 }, 
        {"sofa" : 12,  "begin" : 1125,  "end" : 1131 }, 
        {"sofa" : 12,  "begin" : 1132,  "end" : 1138 }, 
        {"sofa" : 12,  "begin" : 1138,  "end" : 1139 }, 
        {"sofa" : 12,  "begin" : 1140,  "end" : 1143 }, 
        {"sofa" : 12,  "begin" : 1144,  "end" : 1153 }, 
        {"sofa" : 12,  "begin" : 1154,  "end" : 1157 }, 
        {"sofa" : 12,  "begin" : 1158,  "end" : 1161 }, 
        {"sofa" : 12,  "begin" : 1162,  "end" : 1172 }, 
        {"sofa" : 12,  "begin" : 1173,  "end" : 1180 }, 
        {"sofa" : 12,  "begin" : 1181,  "end" : 1183 }, 
        {"sofa" : 12,  "begin" : 1184,  "end" : 1190 }, 
        {"sofa" : 12,  "begin" : 1190,  "end" : 1191 }, 
        {"sofa" : 12,  "begin" : 1193,  "end" : 1197 }, 
        {"sofa" : 12,  "begin" : 1198,  "end" : 1204 }, 
        {"sofa" : 12,  "begin" : 1205,  "end" : 1214 }, 
        {"sofa" : 12,  "begin" : 1215,  "end" : 1218 }, 
        {"sofa" : 12,  "begin" : 1219,  "end" : 1227 }, 
        {"sofa" : 12,  "begin" : 1228,  "end" : 1230 }, 
        {"sofa" : 12,  "begin" : 1231,  "end" : 1237 }, 
        {"sofa" : 12,  "begin" : 1238,  "end" : 1241 }, 
        {"sofa" : 12,  "begin" : 1242,  "end" : 1247 }, 
        {"sofa" : 12,  "begin" : 1248,  "end" : 1252 }, 
        {"sofa" : 12,  "begin" : 1253,  "end" : 1257 }, 
        {"sofa" : 12,  "begin" : 1258,  "end" : 1265 }, 
        {"sofa" : 12,  "begin" : 1266,  "end" : 1267 }, 
        {"sofa" : 12,  "begin" : 1268,  "end" : 1276 }, 
        {"sofa" : 12,  "begin" : 1277,  "end" : 1288 }, 
        {"sofa" : 12,  "begin" : 1289,  "end" : 1294 }, 
        {"sofa" : 12,  "begin" : 1295,  "end" : 1297 }, 
        {"sofa" : 12,  "begin" : 1298,  "end" : 1305 }, 
        {"sofa" : 12,  "begin" : 1306,  "end" : 1309 }, 
        {"sofa" : 12,  "begin" : 1310,  "end" : 1318 }, 
        {"sofa" : 12,  "begin" : 1318,  "end" : 1319 }, 
        {"sofa" : 12,  "begin" : 1320,  "end" : 1323 }, 
        {"sofa" : 12,  "begin" : 1324,  "end" : 1326 }, 
        {"sofa" : 12,  "begin" : 1327,  "end" : 1331 }, 
        {"sofa" : 12,  "begin" : 1332,  "end" : 1335 }, 
        {"sofa" : 12,  "begin" : 1336,  "end" : 1342 }, 
        {"sofa" : 12,  "begin" : 1343,  "end" : 1350 }, 
        {"sofa" : 12,  "begin" : 1351,  "end" : 1353 }, 
        {"sofa" : 12,  "begin" : 1354,  "end" : 1356 }, 
        {"sofa" : 12,  "begin" : 1357,  "end" : 1358 }, 
        {"sofa" : 12,  "begin" : 1359,  "end" : 1372 }, 
        {"sofa" : 12,  "begin" : 1373,  "end" : 1378 }, 
        {"sofa" : 12,  "begin" : 1378,  "end" : 1379 }, 
        {"sofa" : 12,  "begin" : 1380,  "end" : 1385 }, 
        {"sofa" : 12,  "begin" : 1386,  "end" : 1393 }, 
        {"sofa" : 12,  "begin" : 1394,  "end" : 1404 }, 
        {"sofa" : 12,  "begin" : 1405,  "end" : 1407 }, 
        {"sofa" : 12,  "begin" : 1408,  "end" : 1413 }, 
        {"sofa" : 12,  "begin" : 1414,  "end" : 1416 }, 
        {"sofa" : 12,  "begin" : 1417,  "end" : 1418 }, 
        {"sofa" : 12,  "begin" : 1419,  "end" : 1427 }, 
        {"sofa" : 12,  "begin" : 1428,  "end" : 1432 }, 
        {"sofa" : 12,  "begin" : 1433,  "end" : 1435 }, 
        {"sofa" : 12,  "begin" : 1436,  "end" : 1437 }, 
        {"sofa" : 12,  "begin" : 1438,  "end" : 1445 }, 
        {"sofa" : 12,  "begin" : 1445,  "end" : 1446 }, 
        {"sofa" : 12,  "begin" : 1448,  "end" : 1449 }, 
        {"sofa" : 12,  "begin" : 1450,  "end" : 1459 }, 
        {"sofa" : 12,  "begin" : 1460,  "end" : 1463 }, 
        {"sofa" : 12,  "begin" : 1464,  "end" : 1471 }, 
        {"sofa" : 12,  "begin" : 1472,  "end" : 1476 }, 
        {"sofa" : 12,  "begin" : 1477,  "end" : 1479 }, 
        {"sofa" : 12,  "begin" : 1480,  "end" : 1485 }, 
        {"sofa" : 12,  "begin" : 1486,  "end" : 1492 }, 
        {"sofa" : 12,  "begin" : 1493,  "end" : 1495 }, 
        {"sofa" : 12,  "begin" : 1496,  "end" : 1500 }, 
        {"sofa" : 12,  "begin" : 1501,  "end" : 1504 }, 
        {"sofa" : 12,  "begin" : 1505,  "end" : 1512 }, 
        {"sofa" : 12,  "begin" : 1513,  "end" : 1516 }, 
        {"sofa" : 12,  "begin" : 1517,  "end" : 1525 }, 
        {"sofa" : 12,  "begin" : 1526,  "end" : 1528 }, 
        {"sofa" : 12,  "begin" : 1529,  "end" : 1531 }, 
        {"sofa" : 12,  "begin" : 1532,  "end" : 1537 }, 
        {"sofa" : 12,  "begin" : 1538,  "end" : 1545 }, 
        {"sofa" : 12,  "begin" : 1546,  "end" : 1548 }, 
        {"sofa" : 12,  "begin" : 1549,  "end" : 1557 }, 
        {"sofa" : 12,  "begin" : 1557,  "end" : 1558 }, 
        {"sofa" : 12,  "begin" : 1560,  "end" : 1566 }, 
        {"sofa" : 12,  "begin" : 1567,  "end" : 1573 }, 
        {"sofa" : 12,  "begin" : 1574,  "end" : 1577 }, 
        {"sofa" : 12,  "begin" : 1578,  "end" : 1585 }, 
        {"sofa" : 12,  "begin" : 1586,  "end" : 1589 }, 
        {"sofa" : 12,  "begin" : 1590,  "end" : 1594 }, 
        {"sofa" : 12,  "begin" : 1595,  "end" : 1596 }, 
        {"sofa" : 12,  "begin" : 1597,  "end" : 1607 }, 
        {"sofa" : 12,  "begin" : 1608,  "end" : 1615 }, 
        {"sofa" : 12,  "begin" : 1616,  "end" : 1621 }, 
        {"sofa" : 12,  "begin" : 1622,  "end" : 1626 }, 
        {"sofa" : 12,  "begin" : 1627,  "end" : 1632 }, 
        {"sofa" : 12,  "begin" : 1632,  "end" : 1633 }, 
        {"sofa" : 12,  "begin" : 1634,  "end" : 1637 }, 
        {"sofa" : 12,  "begin" : 1638,  "end" : 1641 }, 
        {"sofa" : 12,  "begin" : 1642,  "end" : 1649 }, 
        {"sofa" : 12,  "begin" : 1650,  "end" : 1655 }, 
        {"sofa" : 12,  "begin" : 1656,  "end" : 1658 }, 
        {"sofa" : 12,  "begin" : 1659,  "end" : 1664 }, 
        {"sofa" : 12,  "begin" : 1665,  "end" : 1667 }, 
        {"sofa" : 12,  "begin" : 1668,  "end" : 1670 }, 
        {"sofa" : 12,  "begin" : 1671,  "end" : 1674 }, 
        {"sofa" : 12,  "begin" : 1675,  "end" : 1679 }, 
        {"sofa" : 12,  "begin" : 1680,  "end" : 1683 }, 
        {"sofa" : 12,  "begin" : 1684,  "end" : 1690 }, 
        {"sofa" : 12,  "begin" : 1691,  "end" : 1695 }, 
        {"sofa" : 12,  "begin" : 1696,  "end" : 1699 }, 
        {"sofa" : 12,  "begin" : 1700,  "end" : 1707 }, 
        {"sofa" : 12,  "begin" : 1708,  "end" : 1711 }, 
        {"sofa" : 12,  "begin" : 1712,  "end" : 1718 }, 
        {"sofa" : 12,  "begin" : 1719,  "end" : 1723 }, 
        {"sofa" : 12,  "begin" : 1724,  "end" : 1727 }, 
        {"sofa" : 12,  "begin" : 1728,  "end" : 1732 }, 
        {"sofa" : 12,  "begin" : 1732,  "end" : 1733 }, 
        {"sofa" : 12,  "begin" : 1734,  "end" : 1737 }, 
        {"sofa" : 12,  "begin" : 1738,  "end" : 1742 }, 
        {"sofa" : 12,  "begin" : 1742,  "end" : 1743 }, 
        {"sofa" : 12,  "begin" : 1745,  "end" : 1746 }, 
        {"sofa" : 12,  "begin" : 1746,  "end" : 1747 }, 
        {"sofa" : 12,  "begin" : 1748,  "end" : 1754 }, 
        {"sofa" : 12,  "begin" : 1755,  "end" : 1758 }, 
        {"sofa" : 12,  "begin" : 1759,  "end" : 1762 }, 
        {"sofa" : 12,  "begin" : 1763,  "end" : 1765 }, 
        {"sofa" : 12,  "begin" : 1766,  "end" : 1769 }, 
        {"sofa" : 12,  "begin" : 1770,  "end" : 1773 }, 
        {"sofa" : 12,  "begin" : 1774,  "end" : 1777 }, 
        {"sofa" : 12,  "begin" : 1778,  "end" : 1781 }, 
        {"sofa" : 12,  "begin" : 1782,  "end" : 1783 }, 
        {"sofa" : 12,  "begin" : 1784,  "end" : 1790 }, 
        {"sofa" : 12,  "begin" : 1791,  "end" : 1796 }, 
        {"sofa" : 12,  "begin" : 1796,  "end" : 1797 }, 
        {"sofa" : 12,  "begin" : 1798,  "end" : 1799 }, 
        {"sofa" : 12,  "begin" : 1800,  "end" : 1803 }, 
        {"sofa" : 12,  "begin" : 1804,  "end" : 1808 }, 
        {"sofa" : 12,  "begin" : 1809,  "end" : 1811 }, 
        {"sofa" : 12,  "begin" : 1812,  "end" : 1821 }, 
        {"sofa" : 12,  "begin" : 1822,  "end" : 1823 }, 
        {"sofa" : 12,  "begin" : 1824,  "end" : 1828 }, 
        {"sofa" : 12,  "begin" : 1829,  "end" : 1830 }, 
        {"sofa" : 12,  "begin" : 1831,  "end" : 1837 }, 
        {"sofa" : 12,  "begin" : 1838,  "end" : 1840 }, 
        {"sofa" : 12,  "begin" : 1841,  "end" : 1846 }, 
        {"sofa" : 12,  "begin" : 1847,  "end" : 1850 }, 
        {"sofa" : 12,  "begin" : 1851,  "end" : 1857 }, 
        {"sofa" : 12,  "begin" : 1858,  "end" : 1860 }, 
        {"sofa" : 12,  "begin" : 1861,  "end" : 1865 }, 
        {"sofa" : 12,  "begin" : 1866,  "end" : 1867 }, 
        {"sofa" : 12,  "begin" : 1868,  "end" : 1872 }, 
        {"sofa" : 12,  "begin" : 1873,  "end" : 1876 }, 
        {"sofa" : 12,  "begin" : 1877,  "end" : 1880 }, 
        {"sofa" : 12,  "begin" : 1881,  "end" : 1883 }, 
        {"sofa" : 12,  "begin" : 1884,  "end" : 1891 }, 
        {"sofa" : 12,  "begin" : 1892,  "end" : 1896 }, 
        {"sofa" : 12,  "begin" : 1897,  "end" : 1899 }, 
        {"sofa" : 12,  "begin" : 1900,  "end" : 1902 }, 
        {"sofa" : 12,  "begin" : 1902,  "end" : 1903 }, 
        {"sofa" : 12,  "begin" : 1903,  "end" : 1904 }, 
        {"sofa" : 12,  "begin" : 1905,  "end" : 1908 }, 
        {"sofa" : 12,  "begin" : 1909,  "end" : 1913 }, 
        {"sofa" : 12,  "begin" : 1914,  "end" : 1917 }, 
        {"sofa" : 12,  "begin" : 1918,  "end" : 1928 }, 
        {"sofa" : 12,  "begin" : 1929,  "end" : 1933 }, 
        {"sofa" : 12,  "begin" : 1934,  "end" : 1938 }, 
        {"sofa" : 12,  "begin" : 1939,  "end" : 1944 }, 
        {"sofa" : 12,  "begin" : 1944,  "end" : 1945 }, 
        {"sofa" : 12,  "begin" : 1946,  "end" : 1948 }, 
        {"sofa" : 12,  "begin" : 1949,  "end" : 1952 }, 
        {"sofa" : 12,  "begin" : 1953,  "end" : 1957 }, 
        {"sofa" : 12,  "begin" : 1958,  "end" : 1962 }, 
        {"sofa" : 12,  "begin" : 1963,  "end" : 1966 }, 
        {"sofa" : 12,  "begin" : 1967,  "end" : 1972 }, 
        {"sofa" : 12,  "begin" : 1973,  "end" : 1975 }, 
        {"sofa" : 12,  "begin" : 1975,  "end" : 1976 }, 
        {"sofa" : 12,  "begin" : 1978,  "end" : 1981 }, 
        {"sofa" : 12,  "begin" : 1982,  "end" : 1991 }, 
        {"sofa" : 12,  "begin" : 1991,  "end" : 1992 }, 
        {"sofa" : 12,  "begin" : 1993,  "end" : 1994 }, 
        {"sofa" : 12,  "begin" : 1994,  "end" : 1995 }, 
        {"sofa" : 12,  "begin" : 1996,  "end" : 2003 }, 
        {"sofa" : 12,  "begin" : 2004,  "end" : 2009 }, 
        {"sofa" : 12,  "begin" : 2010,  "end" : 2012 }, 
        {"sofa" : 12,  "begin" : 2013,  "end" : 2015 }, 
        {"sofa" : 12,  "begin" : 2016,  "end" : 2019 }, 
        {"sofa" : 12,  "begin" : 2020,  "end" : 2024 }, 
        {"sofa" : 12,  "begin" : 2025,  "end" : 2032 }, 
        {"sofa" : 12,  "begin" : 2033,  "end" : 2037 }, 
        {"sofa" : 12,  "begin" : 2038,  "end" : 2043 }, 
        {"sofa" : 12,  "begin" : 2044,  "end" : 2047 }, 
        {"sofa" : 12,  "begin" : 2048,  "end" : 2051 }, 
        {"sofa" : 12,  "begin" : 2052,  "end" : 2055 }, 
        {"sofa" : 12,  "begin" : 2056,  "end" : 2062 }, 
        {"sofa" : 12,  "begin" : 2063,  "end" : 2067 }, 
        {"sofa" : 12,  "begin" : 2067,  "end" : 2068 }, 
        {"sofa" : 12,  "begin" : 2068,  "end" : 2069 }, 
        {"sofa" : 12,  "begin" : 2071,  "end" : 2077 }, 
        {"sofa" : 12,  "begin" : 2078,  "end" : 2082 }, 
        {"sofa" : 12,  "begin" : 2083,  "end" : 2088 }, 
        {"sofa" : 12,  "begin" : 2089,  "end" : 2096 }, 
        {"sofa" : 12,  "begin" : 2097,  "end" : 2101 }, 
        {"sofa" : 12,  "begin" : 2102,  "end" : 2105 }, 
        {"sofa" : 12,  "begin" : 2106,  "end" : 2110 }, 
        {"sofa" : 12,  "begin" : 2111,  "end" : 2118 }, 
        {"sofa" : 12,  "begin" : 2118,  "end" : 2119 }, 
        {"sofa" : 12,  "begin" : 2120,  "end" : 2123 }, 
        {"sofa" : 12,  "begin" : 2124,  "end" : 2127 }, 
        {"sofa" : 12,  "begin" : 2128,  "end" : 2135 }, 
        {"sofa" : 12,  "begin" : 2136,  "end" : 2140 }, 
        {"sofa" : 12,  "begin" : 2141,  "end" : 2144 }, 
        {"sofa" : 12,  "begin" : 2145,  "end" : 2157 }, 
        {"sofa" : 12,  "begin" : 2158,  "end" : 2159 }, 
        {"sofa" : 12,  "begin" : 2160,  "end" : 2163 }, 
        {"sofa" : 12,  "begin" : 2164,  "end" : 2167 }, 
        {"sofa" : 12,  "begin" : 2168,  "end" : 2178 }, 
        {"sofa" : 12,  "begin" : 2179,  "end" : 2186 }, 
        {"sofa" : 12,  "begin" : 2187,  "end" : 2191 }, 
        {"sofa" : 12,  "begin" : 2192,  "end" : 2195 }, 
        {"sofa" : 12,  "begin" : 2196,  "end" : 2200 }, 
        {"sofa" : 12,  "begin" : 2201,  "end" : 2205 }, 
        {"sofa" : 12,  "begin" : 2205,  "end" : 2206 }, 
        {"sofa" : 12,  "begin" : 2208,  "end" : 2209 }, 
        {"sofa" : 12,  "begin" : 2209,  "end" : 2210 }, 
        {"sofa" : 12,  "begin" : 2211,  "end" : 2215 }, 
        {"sofa" : 12,  "begin" : 2216,  "end" : 2220 }, 
        {"sofa" : 12,  "begin" : 2221,  "end" : 2223 }, 
        {"sofa" : 12,  "begin" : 2224,  "end" : 2228 }, 
        {"sofa" : 12,  "begin" : 2229,  "end" : 2232 }, 
        {"sofa" : 12,  "begin" : 2233,  "end" : 2237 }, 
        {"sofa" : 12,  "begin" : 2238,  "end" : 2240 }, 
        {"sofa" : 12,  "begin" : 2241,  "end" : 2243 }, 
        {"sofa" : 12,  "begin" : 2244,  "end" : 2247 }, 
        {"sofa" : 12,  "begin" : 2248,  "end" : 2250 }, 
        {"sofa" : 12,  "begin" : 2251,  "end" : 2255 }, 
        {"sofa" : 12,  "begin" : 2256,  "end" : 2260 }, 
        {"sofa" : 12,  "begin" : 2261,  "end" : 2263 }, 
        {"sofa" : 12,  "begin" : 2264,  "end" : 2271 }, 
        {"sofa" : 12,  "begin" : 2272,  "end" : 2278 }, 
        {"sofa" : 12,  "begin" : 2279,  "end" : 2281 }, 
        {"sofa" : 12,  "begin" : 2282,  "end" : 2290 }, 
        {"sofa" : 12,  "begin" : 2291,  "end" : 2295 }, 
        {"sofa" : 12,  "begin" : 2295,  "end" : 2296 }, 
        {"sofa" : 12,  "begin" : 2296,  "end" : 2297 }, 
        {"sofa" : 12,  "begin" : 2298,  "end" : 2301 }, 
        {"sofa" : 12,  "begin" : 2302,  "end" : 2306 }, 
        {"sofa" : 12,  "begin" : 2307,  "end" : 2310 }, 
        {"sofa" : 12,  "begin" : 2311,  "end" : 2318 }, 
        {"sofa" : 12,  "begin" : 2319,  "end" : 2328 }, 
        {"sofa" : 12,  "begin" : 2328,  "end" : 2329 } ], 
      "Persuasive_Labels" : [
        {"sofa" : 12,  "begin" : 305,  "end" : 377,  "DistinctiveLinguisticFeatures" : "title of article as clickbait",  "EstablishingLegitimacy" : "Establishing Legitimacy" }, 
        {"sofa" : 12,  "begin" : 305,  "end" : 377,  "DistinctiveLinguisticFeatures" : "distinctive linguistic features",  "EstablishingLegitimacy" : "surface credibility markers - simply claiming authority or credibility" }, 
        {"sofa" : 12,  "begin" : 444,  "end" : 891,  "FabricatingNarrativewithDetails" : "Narrative with details_verified to be false" }, 
        {"sofa" : 12,  "begin" : 444,  "end" : 891,  "FabricatingNarrativewithDetails" : "Narrative with Details" }, 
        {"sofa" : 12,  "begin" : 1448,  "end" : 1471,  "EstablishingLegitimacy" : "Establishing Legitimacy" }, 
        {"sofa" : 12,  "begin" : 1448,  "end" : 1471,  "EstablishingLegitimacy" : "citing source to establish legitimacy_source not verified" }, 
        {"sofa" : 12,  "begin" : 1560,  "end" : 1733,  "FabricatingNarrativewithDetails" : "Narrative with Details" } ] } }, 
  "_referenced_fss" : {
    "12" : {"_type" : "Sofa",  "sofaNum" : 1,  "sofaID" : "_InitialView",  "mimeType" : "text",  "sofaString" : "﻿tron-01368 Woman Finds Tongue-Eating Parasite in a Can of Tuna \r\nSource https://www.nydailynews.com/news/world/british-mom-finds-tongue-eating-parasite-tuna-article-1.2105693 \r\nFact checking: https://www.truthorfiction.com/woman-finds-tongue-eating-parasite-in-a-can-of-tuna/ \r\nActual content: \r\nSEE IT: British mom finds tongue-eating parasite inside can of tuna, experts say\r\nBy Meg Wagner\r\nNEW YORK DAILY NEWS\r\n•\r\nFeb 06, 2015 at 11:25 am\r\nA British mom opened up a can of parasites when she tried to make tuna for dinner.\r\nZoe Butler found a tiny parasite inside a can of tuna - and scientists said it is likely a tongue-eating variety.\r\nThe Nottingham mom found the beady-eyed parasite tucked inside a can of Princes tuna chunks last month. She posted images of the alien-like creature on Twitter, hoping someone could identify her unwelcome dinner guest.\r\nFinally, she got her answer. The parasite is probably a Cymothoa exigua, also known as the tongue-eating louse, Stuart Hine from London's Natural History Museum told the Telegraph this week.\r\nA Cymothoa exigua enters a fish through its gills and attaches to the host's tongue. The parasites are not considered harmful to humans.\r\nHine hasn't inspected the parasite in person and noted that only through a thorough examination could he confirm its identity; but he said the photos suggest it is a tongue-eating louse. Other experts speculated it could be a juvenile crab or a tadpole.\r\nA spokesman for Princes said it asked Butler to send the company the parasite so it could conduct an analysis.\r\nButler bought the tainted can from a Nottingham grocery store last month. She was getting ready to serve it to her kids for dinner when she noticed the canned fish had eyes, she said.\r\n\"I opened the top of the lid and saw a purply thing, a gut sack or intestine - then I turned it round and pushed it with a fork and saw it looking back at me,\" she told the Nottingham Post last month. It was dead when she found it.\r\nShe continued: \"I haven't shown it to the kids because they might get put off eating tuna.\"\r\nButler said she's working with the tuna company, but she doesn't want any compensation - and she definitely doesn't want any free tuna.\r\n\"I just want to find out what it is and to make sure it doesn't happen to somebody else,\" she told the British newspaper.\r\n\r\n" } } }