{"_context" : {
    "_types" : {
      "DocumentMetaData" : {
        "_feature_types" : {"sofa" : "_ref" } }, 
      "Persuasive_Labels" : {
        "_feature_types" : {"sofa" : "_ref" } }, 
      "Sentence" : {
        "_feature_types" : {"sofa" : "_ref" } }, 
      "Sofa" : {
        "_feature_types" : {"sofaArray" : "_ref" } }, 
      "TagsetDescription" : {
        "_feature_types" : {"sofa" : "_ref",  "tags" : "_ref" } }, 
      "Token" : {
        "_feature_types" : {"sofa" : "_ref",  "parent" : "_ref",  "lemma" : "_ref",  "stem" : "_ref",  "pos" : "_ref",  "morph" : "_ref",  "form" : "_ref" } }, 
      "DocumentAnnotation" : {
        "_feature_types" : {"sofa" : "_ref" }, 
        "_subtypes" : ["DocumentMetaData" ] }, 
      "Annotation" : {
        "_feature_types" : {"sofa" : "_ref" }, 
        "_subtypes" : ["DocumentAnnotation",  "Persuasive_Labels",  "Sentence",  "TagsetDescription",  "Token" ] }, 
      "AnnotationBase" : {
        "_feature_types" : {"sofa" : "_ref" }, 
        "_subtypes" : ["Annotation" ] }, 
      "TOP" : {
        "_subtypes" : ["AnnotationBase",  "Sofa" ] } } }, 
  "_views" : {
    "_InitialView" : {
      "DocumentMetaData" : [
        {"sofa" : 12,  "end" : 1288,  "language" : "x-unspecified",  "documentTitle" : "240.%20snes-04381%20Chinese%20restaurants%20in%20one%20of%20South%20Africa's%20capital%20cities%20are%20now%20allowed%20to%20sell%20dog%20meat.txt",  "documentId" : "admin",  "documentUri" : "file:/C:/Users/huiyi/.webanno/repository/project/4/document/586/source/admin",  "collectionId" : "file:/C:/Users/huiyi/.webanno/repository/project/4/document/586/source/",  "documentBaseUri" : "file:/C:/Users/huiyi/.webanno/repository/project/4/document/586/source/",  "isLastSegment" : false } ], 
      "TagsetDescription" : [
        {"sofa" : 12,  "layer" : "de.tudarmstadt.ukp.dkpro.core.api.syntax.type.dependency.Dependency",  "name" : "UD Universal Dependencies (v2)",  "input" : false }, 
        {"sofa" : 12,  "layer" : "de.tudarmstadt.ukp.dkpro.core.api.ner.type.NamedEntity",  "name" : "Named Entity tags",  "input" : false }, 
        {"sofa" : 12,  "layer" : "de.tudarmstadt.ukp.dkpro.core.api.transform.type.SofaChangeAnnotation",  "name" : "Operation",  "input" : false }, 
        {"sofa" : 12,  "layer" : "de.tudarmstadt.ukp.dkpro.core.api.lexmorph.type.pos.POS",  "name" : "UD Universal POS tags (v2)",  "input" : false }, 
        {"sofa" : 12,  "layer" : "webanno.custom.Persuasive_Labels",  "name" : "2. Using Anecdotes and Personal Experience as Evidence",  "input" : false } ], 
      "Sentence" : [
        {"sofa" : 12,  "end" : 105 }, 
        {"sofa" : 12,  "begin" : 107,  "end" : 154 }, 
        {"sofa" : 12,  "begin" : 154,  "end" : 424 }, 
        {"sofa" : 12,  "begin" : 426,  "end" : 580 }, 
        {"sofa" : 12,  "begin" : 582,  "end" : 742 }, 
        {"sofa" : 12,  "begin" : 743,  "end" : 874 }, 
        {"sofa" : 12,  "begin" : 876,  "end" : 999 }, 
        {"sofa" : 12,  "begin" : 1001,  "end" : 1078 }, 
        {"sofa" : 12,  "begin" : 1079,  "end" : 1128 }, 
        {"sofa" : 12,  "begin" : 1129,  "end" : 1285 } ], 
      "Token" : [
        {"sofa" : 12,  "end" : 5 }, 
        {"sofa" : 12,  "begin" : 5,  "end" : 6 }, 
        {"sofa" : 12,  "begin" : 6,  "end" : 11 }, 
        {"sofa" : 12,  "begin" : 12,  "end" : 19 }, 
        {"sofa" : 12,  "begin" : 20,  "end" : 31 }, 
        {"sofa" : 12,  "begin" : 32,  "end" : 34 }, 
        {"sofa" : 12,  "begin" : 35,  "end" : 38 }, 
        {"sofa" : 12,  "begin" : 39,  "end" : 41 }, 
        {"sofa" : 12,  "begin" : 42,  "end" : 47 }, 
        {"sofa" : 12,  "begin" : 48,  "end" : 56 }, 
        {"sofa" : 12,  "begin" : 57,  "end" : 64 }, 
        {"sofa" : 12,  "begin" : 65,  "end" : 71 }, 
        {"sofa" : 12,  "begin" : 72,  "end" : 75 }, 
        {"sofa" : 12,  "begin" : 76,  "end" : 79 }, 
        {"sofa" : 12,  "begin" : 80,  "end" : 87 }, 
        {"sofa" : 12,  "begin" : 88,  "end" : 90 }, 
        {"sofa" : 12,  "begin" : 91,  "end" : 95 }, 
        {"sofa" : 12,  "begin" : 96,  "end" : 99 }, 
        {"sofa" : 12,  "begin" : 100,  "end" : 104 }, 
        {"sofa" : 12,  "begin" : 104,  "end" : 105 }, 
        {"sofa" : 12,  "begin" : 107,  "end" : 113 }, 
        {"sofa" : 12,  "begin" : 113,  "end" : 114 }, 
        {"sofa" : 12,  "begin" : 115,  "end" : 120 }, 
        {"sofa" : 12,  "begin" : 120,  "end" : 121 }, 
        {"sofa" : 12,  "begin" : 121,  "end" : 122 }, 
        {"sofa" : 12,  "begin" : 122,  "end" : 123 }, 
        {"sofa" : 12,  "begin" : 123,  "end" : 139 }, 
        {"sofa" : 12,  "begin" : 139,  "end" : 140 }, 
        {"sofa" : 12,  "begin" : 140,  "end" : 153 }, 
        {"sofa" : 12,  "begin" : 153,  "end" : 154 }, 
        {"sofa" : 12,  "begin" : 154,  "end" : 164 }, 
        {"sofa" : 12,  "begin" : 164,  "end" : 165 }, 
        {"sofa" : 12,  "begin" : 165,  "end" : 181 }, 
        {"sofa" : 12,  "begin" : 181,  "end" : 183 }, 
        {"sofa" : 12,  "begin" : 183,  "end" : 184 }, 
        {"sofa" : 12,  "begin" : 184,  "end" : 199 }, 
        {"sofa" : 12,  "begin" : 202,  "end" : 206 }, 
        {"sofa" : 12,  "begin" : 207,  "end" : 215 }, 
        {"sofa" : 12,  "begin" : 215,  "end" : 216 }, 
        {"sofa" : 12,  "begin" : 217,  "end" : 222 }, 
        {"sofa" : 12,  "begin" : 222,  "end" : 223 }, 
        {"sofa" : 12,  "begin" : 223,  "end" : 224 }, 
        {"sofa" : 12,  "begin" : 224,  "end" : 225 }, 
        {"sofa" : 12,  "begin" : 225,  "end" : 239 }, 
        {"sofa" : 12,  "begin" : 239,  "end" : 240 }, 
        {"sofa" : 12,  "begin" : 240,  "end" : 250 }, 
        {"sofa" : 12,  "begin" : 250,  "end" : 251 }, 
        {"sofa" : 12,  "begin" : 251,  "end" : 283 }, 
        {"sofa" : 12,  "begin" : 283,  "end" : 284 }, 
        {"sofa" : 12,  "begin" : 287,  "end" : 293 }, 
        {"sofa" : 12,  "begin" : 294,  "end" : 301 }, 
        {"sofa" : 12,  "begin" : 301,  "end" : 302 }, 
        {"sofa" : 12,  "begin" : 305,  "end" : 306 }, 
        {"sofa" : 12,  "begin" : 306,  "end" : 314 }, 
        {"sofa" : 12,  "begin" : 315,  "end" : 319 }, 
        {"sofa" : 12,  "begin" : 319,  "end" : 320 }, 
        {"sofa" : 12,  "begin" : 321,  "end" : 322 }, 
        {"sofa" : 12,  "begin" : 323,  "end" : 330 }, 
        {"sofa" : 12,  "begin" : 331,  "end" : 338 }, 
        {"sofa" : 12,  "begin" : 339,  "end" : 349 }, 
        {"sofa" : 12,  "begin" : 350,  "end" : 352 }, 
        {"sofa" : 12,  "begin" : 353,  "end" : 361 }, 
        {"sofa" : 12,  "begin" : 362,  "end" : 365 }, 
        {"sofa" : 12,  "begin" : 366,  "end" : 370 }, 
        {"sofa" : 12,  "begin" : 371,  "end" : 378 }, 
        {"sofa" : 12,  "begin" : 379,  "end" : 389 }, 
        {"sofa" : 12,  "begin" : 390,  "end" : 392 }, 
        {"sofa" : 12,  "begin" : 393,  "end" : 397 }, 
        {"sofa" : 12,  "begin" : 398,  "end" : 401 }, 
        {"sofa" : 12,  "begin" : 402,  "end" : 406 }, 
        {"sofa" : 12,  "begin" : 407,  "end" : 409 }, 
        {"sofa" : 12,  "begin" : 410,  "end" : 413 }, 
        {"sofa" : 12,  "begin" : 414,  "end" : 423 }, 
        {"sofa" : 12,  "begin" : 423,  "end" : 424 }, 
        {"sofa" : 12,  "begin" : 426,  "end" : 429 }, 
        {"sofa" : 12,  "begin" : 430,  "end" : 440 }, 
        {"sofa" : 12,  "begin" : 441,  "end" : 453 }, 
        {"sofa" : 12,  "begin" : 454,  "end" : 460 }, 
        {"sofa" : 12,  "begin" : 461,  "end" : 465 }, 
        {"sofa" : 12,  "begin" : 466,  "end" : 469 }, 
        {"sofa" : 12,  "begin" : 470,  "end" : 477 }, 
        {"sofa" : 12,  "begin" : 478,  "end" : 480 }, 
        {"sofa" : 12,  "begin" : 481,  "end" : 490 }, 
        {"sofa" : 12,  "begin" : 491,  "end" : 494 }, 
        {"sofa" : 12,  "begin" : 495,  "end" : 499 }, 
        {"sofa" : 12,  "begin" : 499,  "end" : 500 }, 
        {"sofa" : 12,  "begin" : 501,  "end" : 506 }, 
        {"sofa" : 12,  "begin" : 507,  "end" : 511 }, 
        {"sofa" : 12,  "begin" : 512,  "end" : 519 }, 
        {"sofa" : 12,  "begin" : 520,  "end" : 523 }, 
        {"sofa" : 12,  "begin" : 523,  "end" : 524 }, 
        {"sofa" : 12,  "begin" : 525,  "end" : 527 }, 
        {"sofa" : 12,  "begin" : 528,  "end" : 530 }, 
        {"sofa" : 12,  "begin" : 531,  "end" : 540 }, 
        {"sofa" : 12,  "begin" : 541,  "end" : 543 }, 
        {"sofa" : 12,  "begin" : 544,  "end" : 549 }, 
        {"sofa" : 12,  "begin" : 550,  "end" : 559 }, 
        {"sofa" : 12,  "begin" : 560,  "end" : 563 }, 
        {"sofa" : 12,  "begin" : 564,  "end" : 572 }, 
        {"sofa" : 12,  "begin" : 573,  "end" : 579 }, 
        {"sofa" : 12,  "begin" : 579,  "end" : 580 }, 
        {"sofa" : 12,  "begin" : 582,  "end" : 585 }, 
        {"sofa" : 12,  "begin" : 586,  "end" : 596 }, 
        {"sofa" : 12,  "begin" : 597,  "end" : 600 }, 
        {"sofa" : 12,  "begin" : 601,  "end" : 605 }, 
        {"sofa" : 12,  "begin" : 606,  "end" : 613 }, 
        {"sofa" : 12,  "begin" : 614,  "end" : 625 }, 
        {"sofa" : 12,  "begin" : 626,  "end" : 636 }, 
        {"sofa" : 12,  "begin" : 637,  "end" : 639 }, 
        {"sofa" : 12,  "begin" : 640,  "end" : 649 }, 
        {"sofa" : 12,  "begin" : 649,  "end" : 650 }, 
        {"sofa" : 12,  "begin" : 651,  "end" : 655 }, 
        {"sofa" : 12,  "begin" : 656,  "end" : 659 }, 
        {"sofa" : 12,  "begin" : 660,  "end" : 667 }, 
        {"sofa" : 12,  "begin" : 668,  "end" : 671 }, 
        {"sofa" : 12,  "begin" : 672,  "end" : 676 }, 
        {"sofa" : 12,  "begin" : 676,  "end" : 677 }, 
        {"sofa" : 12,  "begin" : 678,  "end" : 683 }, 
        {"sofa" : 12,  "begin" : 684,  "end" : 692 }, 
        {"sofa" : 12,  "begin" : 693,  "end" : 696 }, 
        {"sofa" : 12,  "begin" : 697,  "end" : 704 }, 
        {"sofa" : 12,  "begin" : 705,  "end" : 712 }, 
        {"sofa" : 12,  "begin" : 713,  "end" : 718 }, 
        {"sofa" : 12,  "begin" : 719,  "end" : 727 }, 
        {"sofa" : 12,  "begin" : 728,  "end" : 730 }, 
        {"sofa" : 12,  "begin" : 731,  "end" : 736 }, 
        {"sofa" : 12,  "begin" : 737,  "end" : 741 }, 
        {"sofa" : 12,  "begin" : 741,  "end" : 742 }, 
        {"sofa" : 12,  "begin" : 743,  "end" : 746 }, 
        {"sofa" : 12,  "begin" : 747,  "end" : 757 }, 
        {"sofa" : 12,  "begin" : 758,  "end" : 760 }, 
        {"sofa" : 12,  "begin" : 761,  "end" : 768 }, 
        {"sofa" : 12,  "begin" : 769,  "end" : 771 }, 
        {"sofa" : 12,  "begin" : 772,  "end" : 781 }, 
        {"sofa" : 12,  "begin" : 782,  "end" : 784 }, 
        {"sofa" : 12,  "begin" : 785,  "end" : 787 }, 
        {"sofa" : 12,  "begin" : 788,  "end" : 790 }, 
        {"sofa" : 12,  "begin" : 791,  "end" : 795 }, 
        {"sofa" : 12,  "begin" : 796,  "end" : 799 }, 
        {"sofa" : 12,  "begin" : 800,  "end" : 804 }, 
        {"sofa" : 12,  "begin" : 804,  "end" : 805 }, 
        {"sofa" : 12,  "begin" : 806,  "end" : 811 }, 
        {"sofa" : 12,  "begin" : 812,  "end" : 815 }, 
        {"sofa" : 12,  "begin" : 816,  "end" : 826 }, 
        {"sofa" : 12,  "begin" : 827,  "end" : 831 }, 
        {"sofa" : 12,  "begin" : 832,  "end" : 835 }, 
        {"sofa" : 12,  "begin" : 836,  "end" : 840 }, 
        {"sofa" : 12,  "begin" : 841,  "end" : 844 }, 
        {"sofa" : 12,  "begin" : 845,  "end" : 851 }, 
        {"sofa" : 12,  "begin" : 852,  "end" : 860 }, 
        {"sofa" : 12,  "begin" : 861,  "end" : 864 }, 
        {"sofa" : 12,  "begin" : 865,  "end" : 873 }, 
        {"sofa" : 12,  "begin" : 873,  "end" : 874 }, 
        {"sofa" : 12,  "begin" : 876,  "end" : 879 }, 
        {"sofa" : 12,  "begin" : 880,  "end" : 886 }, 
        {"sofa" : 12,  "begin" : 887,  "end" : 893 }, 
        {"sofa" : 12,  "begin" : 894,  "end" : 902 }, 
        {"sofa" : 12,  "begin" : 903,  "end" : 909 }, 
        {"sofa" : 12,  "begin" : 910,  "end" : 913 }, 
        {"sofa" : 12,  "begin" : 914,  "end" : 922 }, 
        {"sofa" : 12,  "begin" : 923,  "end" : 924 }, 
        {"sofa" : 12,  "begin" : 924,  "end" : 932 }, 
        {"sofa" : 12,  "begin" : 932,  "end" : 933 }, 
        {"sofa" : 12,  "begin" : 934,  "end" : 937 }, 
        {"sofa" : 12,  "begin" : 938,  "end" : 943 }, 
        {"sofa" : 12,  "begin" : 944,  "end" : 946 }, 
        {"sofa" : 12,  "begin" : 947,  "end" : 952 }, 
        {"sofa" : 12,  "begin" : 953,  "end" : 956 }, 
        {"sofa" : 12,  "begin" : 957,  "end" : 967 }, 
        {"sofa" : 12,  "begin" : 968,  "end" : 970 }, 
        {"sofa" : 12,  "begin" : 971,  "end" : 976 }, 
        {"sofa" : 12,  "begin" : 977,  "end" : 979 }, 
        {"sofa" : 12,  "begin" : 980,  "end" : 985 }, 
        {"sofa" : 12,  "begin" : 986,  "end" : 989 }, 
        {"sofa" : 12,  "begin" : 990,  "end" : 998 }, 
        {"sofa" : 12,  "begin" : 998,  "end" : 999 }, 
        {"sofa" : 12,  "begin" : 1001,  "end" : 1002 }, 
        {"sofa" : 12,  "begin" : 1002,  "end" : 1004 }, 
        {"sofa" : 12,  "begin" : 1005,  "end" : 1008 }, 
        {"sofa" : 12,  "begin" : 1009,  "end" : 1012 }, 
        {"sofa" : 12,  "begin" : 1013,  "end" : 1020 }, 
        {"sofa" : 12,  "begin" : 1021,  "end" : 1025 }, 
        {"sofa" : 12,  "begin" : 1026,  "end" : 1030 }, 
        {"sofa" : 12,  "begin" : 1031,  "end" : 1038 }, 
        {"sofa" : 12,  "begin" : 1039,  "end" : 1044 }, 
        {"sofa" : 12,  "begin" : 1045,  "end" : 1047 }, 
        {"sofa" : 12,  "begin" : 1048,  "end" : 1055 }, 
        {"sofa" : 12,  "begin" : 1056,  "end" : 1058 }, 
        {"sofa" : 12,  "begin" : 1059,  "end" : 1064 }, 
        {"sofa" : 12,  "begin" : 1065,  "end" : 1072 }, 
        {"sofa" : 12,  "begin" : 1073,  "end" : 1077 }, 
        {"sofa" : 12,  "begin" : 1077,  "end" : 1078 }, 
        {"sofa" : 12,  "begin" : 1079,  "end" : 1083 }, 
        {"sofa" : 12,  "begin" : 1084,  "end" : 1087 }, 
        {"sofa" : 12,  "begin" : 1088,  "end" : 1096 }, 
        {"sofa" : 12,  "begin" : 1097,  "end" : 1100 }, 
        {"sofa" : 12,  "begin" : 1101,  "end" : 1107 }, 
        {"sofa" : 12,  "begin" : 1108,  "end" : 1111 }, 
        {"sofa" : 12,  "begin" : 1112,  "end" : 1114 }, 
        {"sofa" : 12,  "begin" : 1115,  "end" : 1119 }, 
        {"sofa" : 12,  "begin" : 1120,  "end" : 1122 }, 
        {"sofa" : 12,  "begin" : 1123,  "end" : 1127 }, 
        {"sofa" : 12,  "begin" : 1127,  "end" : 1128 }, 
        {"sofa" : 12,  "begin" : 1129,  "end" : 1131 }, 
        {"sofa" : 12,  "begin" : 1132,  "end" : 1136 }, 
        {"sofa" : 12,  "begin" : 1137,  "end" : 1140 }, 
        {"sofa" : 12,  "begin" : 1141,  "end" : 1146 }, 
        {"sofa" : 12,  "begin" : 1147,  "end" : 1150 }, 
        {"sofa" : 12,  "begin" : 1151,  "end" : 1157 }, 
        {"sofa" : 12,  "begin" : 1158,  "end" : 1160 }, 
        {"sofa" : 12,  "begin" : 1161,  "end" : 1167 }, 
        {"sofa" : 12,  "begin" : 1168,  "end" : 1175 }, 
        {"sofa" : 12,  "begin" : 1176,  "end" : 1180 }, 
        {"sofa" : 12,  "begin" : 1181,  "end" : 1187 }, 
        {"sofa" : 12,  "begin" : 1188,  "end" : 1193 }, 
        {"sofa" : 12,  "begin" : 1194,  "end" : 1201 }, 
        {"sofa" : 12,  "begin" : 1202,  "end" : 1212 }, 
        {"sofa" : 12,  "begin" : 1213,  "end" : 1215 }, 
        {"sofa" : 12,  "begin" : 1216,  "end" : 1223 }, 
        {"sofa" : 12,  "begin" : 1224,  "end" : 1229 }, 
        {"sofa" : 12,  "begin" : 1230,  "end" : 1234 }, 
        {"sofa" : 12,  "begin" : 1235,  "end" : 1241 }, 
        {"sofa" : 12,  "begin" : 1241,  "end" : 1242 }, 
        {"sofa" : 12,  "begin" : 1242,  "end" : 1243 }, 
        {"sofa" : 12,  "begin" : 1244,  "end" : 1248 }, 
        {"sofa" : 12,  "begin" : 1249,  "end" : 1252 }, 
        {"sofa" : 12,  "begin" : 1253,  "end" : 1257 }, 
        {"sofa" : 12,  "begin" : 1258,  "end" : 1260 }, 
        {"sofa" : 12,  "begin" : 1261,  "end" : 1267 }, 
        {"sofa" : 12,  "begin" : 1268,  "end" : 1274 }, 
        {"sofa" : 12,  "begin" : 1275,  "end" : 1283 }, 
        {"sofa" : 12,  "begin" : 1283,  "end" : 1284 }, 
        {"sofa" : 12,  "begin" : 1284,  "end" : 1285 } ], 
      "Persuasive_Labels" : [
        {"sofa" : 12,  "begin" : 321,  "end" : 874,  "FabricatingNarrativewithDetails" : "Narrative with details_verified to be false" }, 
        {"sofa" : 12,  "begin" : 321,  "end" : 874,  "FabricatingNarrativewithDetails" : "Narrative with Details" }, 
        {"sofa" : 12,  "begin" : 876,  "end" : 933,  "EmotionalAppeals" : "emotional appeals" }, 
        {"sofa" : 12,  "begin" : 876,  "end" : 902,  "EstablishingLegitimacy" : "Establishing Legitimacy" }, 
        {"sofa" : 12,  "begin" : 876,  "end" : 902,  "EstablishingLegitimacy" : "surface credibility markers - simply claiming authority or credibility" }, 
        {"sofa" : 12,  "begin" : 924,  "end" : 933,  "EmotionalAppeals" : "anger" }, 
        {"sofa" : 12,  "begin" : 1244,  "end" : 1283,  "EstablishingLegitimacy" : "Establishing Legitimacy" }, 
        {"sofa" : 12,  "begin" : 1244,  "end" : 1283,  "EstablishingLegitimacy" : "citing source to establish legitimacy_source not verified" } ] } }, 
  "_referenced_fss" : {
    "12" : {"_type" : "Sofa",  "sofaNum" : 1,  "sofaID" : "_InitialView",  "mimeType" : "text",  "sofaString" : "﻿snes-04381 Chinese restaurants in one of South Africa's capital cities are now allowed to sell dog meat.\r\nSource: https://www.facebook.com/permalink.php?story_fbid=481376342056196&id=447581592102338 \r\nFact checking: https://www.snopes.com/fact-check/pretoria-chinese-restaurants-dog/ \r\nActual content: \r\n[Facebook Post: A popular Chinese restaurant in Pretoria has been granted permission to sell Dog Meat to its customers.\r\nThe restaurant successfully argued that the banning of consuming dog meat, which they pointed out, is in violation of their religious and cultural rights.\r\nThe restaurant has been granted provisional permission to slaughter, sell and consume dog meat, while awaiting the Supreme Court's final decision of their case. The restaurant is allowed to slaughter up to 35 dogs per week, under the conditions that the dogs are killed properly and humanely.\r\nOne animal rights activist called the decision \"shocking\" and vowed to fight the restaurant in court to block the decision.\r\n\"We can not believe that such actions would be allowed on South African soil. Dogs are precious and should not be used as food. We will not allow the courts to follow through with giving these savages permission to consume man's best friend,\" said Jon Smit an animal rights activist.] \r\n" } } }