{"_context" : {
    "_types" : {
      "DocumentMetaData" : {
        "_feature_types" : {"sofa" : "_ref" } }, 
      "Persuasive_Labels" : {
        "_feature_types" : {"sofa" : "_ref" } }, 
      "Sentence" : {
        "_feature_types" : {"sofa" : "_ref" } }, 
      "Sofa" : {
        "_feature_types" : {"sofaArray" : "_ref" } }, 
      "TagsetDescription" : {
        "_feature_types" : {"sofa" : "_ref",  "tags" : "_ref" } }, 
      "Token" : {
        "_feature_types" : {"sofa" : "_ref",  "parent" : "_ref",  "lemma" : "_ref",  "stem" : "_ref",  "pos" : "_ref",  "morph" : "_ref",  "form" : "_ref" } }, 
      "DocumentAnnotation" : {
        "_feature_types" : {"sofa" : "_ref" }, 
        "_subtypes" : ["DocumentMetaData" ] }, 
      "Annotation" : {
        "_feature_types" : {"sofa" : "_ref" }, 
        "_subtypes" : ["DocumentAnnotation",  "Persuasive_Labels",  "Sentence",  "TagsetDescription",  "Token" ] }, 
      "AnnotationBase" : {
        "_feature_types" : {"sofa" : "_ref" }, 
        "_subtypes" : ["Annotation" ] }, 
      "TOP" : {
        "_subtypes" : ["AnnotationBase",  "Sofa" ] } } }, 
  "_views" : {
    "_InitialView" : {
      "DocumentMetaData" : [
        {"sofa" : 12,  "end" : 895,  "language" : "x-unspecified",  "documentTitle" : "181.%20tron-01425%20McDonalds%20Shakes%20Are%20Made%20of%20Plastic%20.txt",  "documentId" : "admin",  "documentUri" : "file:/C:/Users/huiyi/.webanno/repository/project/4/document/532/source/admin",  "collectionId" : "file:/C:/Users/huiyi/.webanno/repository/project/4/document/532/source/",  "documentBaseUri" : "file:/C:/Users/huiyi/.webanno/repository/project/4/document/532/source/",  "isLastSegment" : false } ], 
      "TagsetDescription" : [
        {"sofa" : 12,  "layer" : "de.tudarmstadt.ukp.dkpro.core.api.syntax.type.dependency.Dependency",  "name" : "UD Universal Dependencies (v2)",  "input" : false }, 
        {"sofa" : 12,  "layer" : "de.tudarmstadt.ukp.dkpro.core.api.ner.type.NamedEntity",  "name" : "Named Entity tags",  "input" : false }, 
        {"sofa" : 12,  "layer" : "de.tudarmstadt.ukp.dkpro.core.api.transform.type.SofaChangeAnnotation",  "name" : "Operation",  "input" : false }, 
        {"sofa" : 12,  "layer" : "de.tudarmstadt.ukp.dkpro.core.api.lexmorph.type.pos.POS",  "name" : "UD Universal POS tags (v2)",  "input" : false }, 
        {"sofa" : 12,  "layer" : "webanno.custom.Persuasive_Labels",  "name" : "2. Using Anecdotes and Personal Experience as Evidence",  "input" : false } ], 
      "Sentence" : [
        {"sofa" : 12,  "end" : 264 }, 
        {"sofa" : 12,  "begin" : 266,  "end" : 437 }, 
        {"sofa" : 12,  "begin" : 438,  "end" : 578 }, 
        {"sofa" : 12,  "begin" : 580,  "end" : 806 }, 
        {"sofa" : 12,  "begin" : 808,  "end" : 891 } ], 
      "Token" : [
        {"sofa" : 12,  "end" : 5 }, 
        {"sofa" : 12,  "begin" : 5,  "end" : 6 }, 
        {"sofa" : 12,  "begin" : 6,  "end" : 11 }, 
        {"sofa" : 12,  "begin" : 12,  "end" : 21 }, 
        {"sofa" : 12,  "begin" : 22,  "end" : 28 }, 
        {"sofa" : 12,  "begin" : 29,  "end" : 32 }, 
        {"sofa" : 12,  "begin" : 33,  "end" : 37 }, 
        {"sofa" : 12,  "begin" : 38,  "end" : 40 }, 
        {"sofa" : 12,  "begin" : 41,  "end" : 48 }, 
        {"sofa" : 12,  "begin" : 51,  "end" : 57 }, 
        {"sofa" : 12,  "begin" : 57,  "end" : 58 }, 
        {"sofa" : 12,  "begin" : 59,  "end" : 63 }, 
        {"sofa" : 12,  "begin" : 63,  "end" : 64 }, 
        {"sofa" : 12,  "begin" : 64,  "end" : 65 }, 
        {"sofa" : 12,  "begin" : 65,  "end" : 66 }, 
        {"sofa" : 12,  "begin" : 66,  "end" : 84 }, 
        {"sofa" : 12,  "begin" : 84,  "end" : 85 }, 
        {"sofa" : 12,  "begin" : 85,  "end" : 91 }, 
        {"sofa" : 12,  "begin" : 91,  "end" : 92 }, 
        {"sofa" : 12,  "begin" : 92,  "end" : 133 }, 
        {"sofa" : 12,  "begin" : 136,  "end" : 140 }, 
        {"sofa" : 12,  "begin" : 141,  "end" : 149 }, 
        {"sofa" : 12,  "begin" : 149,  "end" : 150 }, 
        {"sofa" : 12,  "begin" : 151,  "end" : 156 }, 
        {"sofa" : 12,  "begin" : 156,  "end" : 157 }, 
        {"sofa" : 12,  "begin" : 157,  "end" : 158 }, 
        {"sofa" : 12,  "begin" : 158,  "end" : 159 }, 
        {"sofa" : 12,  "begin" : 159,  "end" : 181 }, 
        {"sofa" : 12,  "begin" : 181,  "end" : 182 }, 
        {"sofa" : 12,  "begin" : 182,  "end" : 198 }, 
        {"sofa" : 12,  "begin" : 198,  "end" : 199 }, 
        {"sofa" : 12,  "begin" : 202,  "end" : 208 }, 
        {"sofa" : 12,  "begin" : 209,  "end" : 216 }, 
        {"sofa" : 12,  "begin" : 216,  "end" : 217 }, 
        {"sofa" : 12,  "begin" : 220,  "end" : 222 }, 
        {"sofa" : 12,  "begin" : 223,  "end" : 226 }, 
        {"sofa" : 12,  "begin" : 226,  "end" : 227 }, 
        {"sofa" : 12,  "begin" : 229,  "end" : 233 }, 
        {"sofa" : 12,  "begin" : 234,  "end" : 241 }, 
        {"sofa" : 12,  "begin" : 242,  "end" : 247 }, 
        {"sofa" : 12,  "begin" : 248,  "end" : 252 }, 
        {"sofa" : 12,  "begin" : 253,  "end" : 255 }, 
        {"sofa" : 12,  "begin" : 256,  "end" : 260 }, 
        {"sofa" : 12,  "begin" : 260,  "end" : 261 }, 
        {"sofa" : 12,  "begin" : 261,  "end" : 262 }, 
        {"sofa" : 12,  "begin" : 262,  "end" : 263 }, 
        {"sofa" : 12,  "begin" : 263,  "end" : 264 }, 
        {"sofa" : 12,  "begin" : 266,  "end" : 275 }, 
        {"sofa" : 12,  "begin" : 275,  "end" : 276 }, 
        {"sofa" : 12,  "begin" : 277,  "end" : 279 }, 
        {"sofa" : 12,  "begin" : 280,  "end" : 282 }, 
        {"sofa" : 12,  "begin" : 283,  "end" : 288 }, 
        {"sofa" : 12,  "begin" : 288,  "end" : 289 }, 
        {"sofa" : 12,  "begin" : 290,  "end" : 291 }, 
        {"sofa" : 12,  "begin" : 292,  "end" : 295 }, 
        {"sofa" : 12,  "begin" : 296,  "end" : 303 }, 
        {"sofa" : 12,  "begin" : 304,  "end" : 308 }, 
        {"sofa" : 12,  "begin" : 309,  "end" : 310 }, 
        {"sofa" : 12,  "begin" : 311,  "end" : 318 }, 
        {"sofa" : 12,  "begin" : 319,  "end" : 327 }, 
        {"sofa" : 12,  "begin" : 328,  "end" : 331 }, 
        {"sofa" : 12,  "begin" : 332,  "end" : 334 }, 
        {"sofa" : 12,  "begin" : 335,  "end" : 336 }, 
        {"sofa" : 12,  "begin" : 337,  "end" : 346 }, 
        {"sofa" : 12,  "begin" : 347,  "end" : 349 }, 
        {"sofa" : 12,  "begin" : 350,  "end" : 354 }, 
        {"sofa" : 12,  "begin" : 355,  "end" : 360 }, 
        {"sofa" : 12,  "begin" : 360,  "end" : 361 }, 
        {"sofa" : 12,  "begin" : 361,  "end" : 362 }, 
        {"sofa" : 12,  "begin" : 362,  "end" : 363 }, 
        {"sofa" : 12,  "begin" : 363,  "end" : 366 }, 
        {"sofa" : 12,  "begin" : 367,  "end" : 369 }, 
        {"sofa" : 12,  "begin" : 370,  "end" : 375 }, 
        {"sofa" : 12,  "begin" : 376,  "end" : 378 }, 
        {"sofa" : 12,  "begin" : 379,  "end" : 381 }, 
        {"sofa" : 12,  "begin" : 382,  "end" : 383 }, 
        {"sofa" : 12,  "begin" : 384,  "end" : 388 }, 
        {"sofa" : 12,  "begin" : 389,  "end" : 397 }, 
        {"sofa" : 12,  "begin" : 398,  "end" : 401 }, 
        {"sofa" : 12,  "begin" : 401,  "end" : 402 }, 
        {"sofa" : 12,  "begin" : 402,  "end" : 405 }, 
        {"sofa" : 12,  "begin" : 406,  "end" : 416 }, 
        {"sofa" : 12,  "begin" : 417,  "end" : 423 }, 
        {"sofa" : 12,  "begin" : 424,  "end" : 429 }, 
        {"sofa" : 12,  "begin" : 430,  "end" : 436 }, 
        {"sofa" : 12,  "begin" : 436,  "end" : 437 }, 
        {"sofa" : 12,  "begin" : 438,  "end" : 440 }, 
        {"sofa" : 12,  "begin" : 441,  "end" : 445 }, 
        {"sofa" : 12,  "begin" : 446,  "end" : 448 }, 
        {"sofa" : 12,  "begin" : 449,  "end" : 452 }, 
        {"sofa" : 12,  "begin" : 453,  "end" : 456 }, 
        {"sofa" : 12,  "begin" : 457,  "end" : 464 }, 
        {"sofa" : 12,  "begin" : 465,  "end" : 472 }, 
        {"sofa" : 12,  "begin" : 473,  "end" : 475 }, 
        {"sofa" : 12,  "begin" : 476,  "end" : 481 }, 
        {"sofa" : 12,  "begin" : 482,  "end" : 486 }, 
        {"sofa" : 12,  "begin" : 487,  "end" : 488 }, 
        {"sofa" : 12,  "begin" : 489,  "end" : 494 }, 
        {"sofa" : 12,  "begin" : 495,  "end" : 497 }, 
        {"sofa" : 12,  "begin" : 498,  "end" : 503 }, 
        {"sofa" : 12,  "begin" : 504,  "end" : 507 }, 
        {"sofa" : 12,  "begin" : 508,  "end" : 511 }, 
        {"sofa" : 12,  "begin" : 512,  "end" : 516 }, 
        {"sofa" : 12,  "begin" : 517,  "end" : 520 }, 
        {"sofa" : 12,  "begin" : 521,  "end" : 526 }, 
        {"sofa" : 12,  "begin" : 527,  "end" : 531 }, 
        {"sofa" : 12,  "begin" : 532,  "end" : 535 }, 
        {"sofa" : 12,  "begin" : 536,  "end" : 538 }, 
        {"sofa" : 12,  "begin" : 539,  "end" : 548 }, 
        {"sofa" : 12,  "begin" : 549,  "end" : 551 }, 
        {"sofa" : 12,  "begin" : 552,  "end" : 555 }, 
        {"sofa" : 12,  "begin" : 556,  "end" : 561 }, 
        {"sofa" : 12,  "begin" : 562,  "end" : 569 }, 
        {"sofa" : 12,  "begin" : 570,  "end" : 577 }, 
        {"sofa" : 12,  "begin" : 577,  "end" : 578 }, 
        {"sofa" : 12,  "begin" : 580,  "end" : 582 }, 
        {"sofa" : 12,  "begin" : 583,  "end" : 587 }, 
        {"sofa" : 12,  "begin" : 588,  "end" : 592 }, 
        {"sofa" : 12,  "begin" : 593,  "end" : 603 }, 
        {"sofa" : 12,  "begin" : 604,  "end" : 607 }, 
        {"sofa" : 12,  "begin" : 608,  "end" : 610 }, 
        {"sofa" : 12,  "begin" : 611,  "end" : 615 }, 
        {"sofa" : 12,  "begin" : 616,  "end" : 619 }, 
        {"sofa" : 12,  "begin" : 620,  "end" : 624 }, 
        {"sofa" : 12,  "begin" : 625,  "end" : 626 }, 
        {"sofa" : 12,  "begin" : 626,  "end" : 630 }, 
        {"sofa" : 12,  "begin" : 630,  "end" : 631 }, 
        {"sofa" : 12,  "begin" : 632,  "end" : 639 }, 
        {"sofa" : 12,  "begin" : 640,  "end" : 642 }, 
        {"sofa" : 12,  "begin" : 643,  "end" : 649 }, 
        {"sofa" : 12,  "begin" : 650,  "end" : 654 }, 
        {"sofa" : 12,  "begin" : 655,  "end" : 658 }, 
        {"sofa" : 12,  "begin" : 659,  "end" : 663 }, 
        {"sofa" : 12,  "begin" : 664,  "end" : 671 }, 
        {"sofa" : 12,  "begin" : 672,  "end" : 674 }, 
        {"sofa" : 12,  "begin" : 675,  "end" : 677 }, 
        {"sofa" : 12,  "begin" : 677,  "end" : 678 }, 
        {"sofa" : 12,  "begin" : 678,  "end" : 679 }, 
        {"sofa" : 12,  "begin" : 679,  "end" : 680 }, 
        {"sofa" : 12,  "begin" : 680,  "end" : 683 }, 
        {"sofa" : 12,  "begin" : 684,  "end" : 688 }, 
        {"sofa" : 12,  "begin" : 689,  "end" : 693 }, 
        {"sofa" : 12,  "begin" : 694,  "end" : 697 }, 
        {"sofa" : 12,  "begin" : 698,  "end" : 701 }, 
        {"sofa" : 12,  "begin" : 702,  "end" : 704 }, 
        {"sofa" : 12,  "begin" : 704,  "end" : 705 }, 
        {"sofa" : 12,  "begin" : 706,  "end" : 708 }, 
        {"sofa" : 12,  "begin" : 709,  "end" : 712 }, 
        {"sofa" : 12,  "begin" : 712,  "end" : 713 }, 
        {"sofa" : 12,  "begin" : 714,  "end" : 718 }, 
        {"sofa" : 12,  "begin" : 719,  "end" : 723 }, 
        {"sofa" : 12,  "begin" : 724,  "end" : 728 }, 
        {"sofa" : 12,  "begin" : 729,  "end" : 737 }, 
        {"sofa" : 12,  "begin" : 738,  "end" : 740 }, 
        {"sofa" : 12,  "begin" : 741,  "end" : 744 }, 
        {"sofa" : 12,  "begin" : 745,  "end" : 747 }, 
        {"sofa" : 12,  "begin" : 748,  "end" : 750 }, 
        {"sofa" : 12,  "begin" : 751,  "end" : 754 }, 
        {"sofa" : 12,  "begin" : 755,  "end" : 760 }, 
        {"sofa" : 12,  "begin" : 761,  "end" : 762 }, 
        {"sofa" : 12,  "begin" : 763,  "end" : 767 }, 
        {"sofa" : 12,  "begin" : 768,  "end" : 775 }, 
        {"sofa" : 12,  "begin" : 776,  "end" : 778 }, 
        {"sofa" : 12,  "begin" : 779,  "end" : 783 }, 
        {"sofa" : 12,  "begin" : 784,  "end" : 786 }, 
        {"sofa" : 12,  "begin" : 787,  "end" : 788 }, 
        {"sofa" : 12,  "begin" : 788,  "end" : 792 }, 
        {"sofa" : 12,  "begin" : 793,  "end" : 798 }, 
        {"sofa" : 12,  "begin" : 798,  "end" : 799 }, 
        {"sofa" : 12,  "begin" : 800,  "end" : 805 }, 
        {"sofa" : 12,  "begin" : 805,  "end" : 806 }, 
        {"sofa" : 12,  "begin" : 808,  "end" : 810 }, 
        {"sofa" : 12,  "begin" : 811,  "end" : 815 }, 
        {"sofa" : 12,  "begin" : 816,  "end" : 819 }, 
        {"sofa" : 12,  "begin" : 820,  "end" : 823 }, 
        {"sofa" : 12,  "begin" : 824,  "end" : 830 }, 
        {"sofa" : 12,  "begin" : 831,  "end" : 833 }, 
        {"sofa" : 12,  "begin" : 834,  "end" : 837 }, 
        {"sofa" : 12,  "begin" : 838,  "end" : 842 }, 
        {"sofa" : 12,  "begin" : 843,  "end" : 848 }, 
        {"sofa" : 12,  "begin" : 849,  "end" : 852 }, 
        {"sofa" : 12,  "begin" : 853,  "end" : 856 }, 
        {"sofa" : 12,  "begin" : 857,  "end" : 861 }, 
        {"sofa" : 12,  "begin" : 862,  "end" : 868 }, 
        {"sofa" : 12,  "begin" : 868,  "end" : 869 }, 
        {"sofa" : 12,  "begin" : 870,  "end" : 871 }, 
        {"sofa" : 12,  "begin" : 872,  "end" : 877 }, 
        {"sofa" : 12,  "begin" : 877,  "end" : 878 }, 
        {"sofa" : 12,  "begin" : 879,  "end" : 885 }, 
        {"sofa" : 12,  "begin" : 886,  "end" : 890 }, 
        {"sofa" : 12,  "begin" : 890,  "end" : 891 } ], 
      "Persuasive_Labels" : [
        {"sofa" : 12,  "begin" : 260,  "end" : 264,  "DistinctiveLinguisticFeatures" : "distinctive linguistic features" }, 
        {"sofa" : 12,  "begin" : 260,  "end" : 264,  "DistinctiveLinguisticFeatures" : "ellipses, exaggerated/excessive usage of punctuation marks" }, 
        {"sofa" : 12,  "begin" : 266,  "end" : 891,  "UsingAnecdotesandPersonalExperienceasEvidence" : "Using Anecdotes and Personal Experience as Evidence" }, 
        {"sofa" : 12,  "begin" : 328,  "end" : 360,  "EstablishingLegitimacy" : "Establishing Legitimacy" }, 
        {"sofa" : 12,  "begin" : 328,  "end" : 360,  "EstablishingLegitimacy" : "surface credibility markers - simply claiming authority or credibility" }, 
        {"sofa" : 12,  "begin" : 360,  "end" : 363,  "DistinctiveLinguisticFeatures" : "distinctive linguistic features" }, 
        {"sofa" : 12,  "begin" : 360,  "end" : 363,  "DistinctiveLinguisticFeatures" : "ellipses, exaggerated/excessive usage of punctuation marks" }, 
        {"sofa" : 12,  "begin" : 677,  "end" : 680,  "DistinctiveLinguisticFeatures" : "distinctive linguistic features" }, 
        {"sofa" : 12,  "begin" : 677,  "end" : 680,  "DistinctiveLinguisticFeatures" : "ellipses, exaggerated/excessive usage of punctuation marks" } ] } }, 
  "_referenced_fss" : {
    "12" : {"_type" : "Sofa",  "sofaNum" : 1,  "sofaID" : "_InitialView",  "mimeType" : "text",  "sofaString" : "﻿tron-01425 McDonalds Shakes Are Made of Plastic \r\nSource: http://www.hoaxorfact.com/health/mcdonalds-shakes-are-made-of-plastic.html \r\nFact checking: https://www.truthorfiction.com/mcdonalds-shakes/ \r\nActual content: \r\nHi All,\r\nJust thought you'd like to know....\r\nYesterday, at my store, I was talking with a regular customer who is a scientist of some sorts...and he asked me if I ever wondered why/how McDonald's shakes never melted. He said he and his buddies decided to break down a shake in their lab one time and found that all it consisted of was sugar infused plastic.\r\nHe said that McDonald's had to drop the word \"milk\" because it didn't have any milk product in it...and when they did add it, by law, they were only required to add 2% of the shake a milk product to call it \"milk shake\" again.\r\nHe said all the shakes at the fast foods are the same except, I think, Burger King.\r\n\r\n" } } }