{"_context" : {
    "_types" : {
      "DocumentMetaData" : {
        "_feature_types" : {"sofa" : "_ref" } }, 
      "Persuasive_Labels" : {
        "_feature_types" : {"sofa" : "_ref" } }, 
      "Sentence" : {
        "_feature_types" : {"sofa" : "_ref" } }, 
      "Sofa" : {
        "_feature_types" : {"sofaArray" : "_ref" } }, 
      "TagsetDescription" : {
        "_feature_types" : {"sofa" : "_ref",  "tags" : "_ref" } }, 
      "Token" : {
        "_feature_types" : {"sofa" : "_ref",  "parent" : "_ref",  "lemma" : "_ref",  "stem" : "_ref",  "pos" : "_ref",  "morph" : "_ref",  "form" : "_ref" } }, 
      "DocumentAnnotation" : {
        "_feature_types" : {"sofa" : "_ref" }, 
        "_subtypes" : ["DocumentMetaData" ] }, 
      "Annotation" : {
        "_feature_types" : {"sofa" : "_ref" }, 
        "_subtypes" : ["DocumentAnnotation",  "Persuasive_Labels",  "Sentence",  "TagsetDescription",  "Token" ] }, 
      "AnnotationBase" : {
        "_feature_types" : {"sofa" : "_ref" }, 
        "_subtypes" : ["Annotation" ] }, 
      "TOP" : {
        "_subtypes" : ["AnnotationBase",  "Sofa" ] } } }, 
  "_views" : {
    "_InitialView" : {
      "DocumentMetaData" : [
        {"sofa" : 12,  "end" : 2197,  "language" : "x-unspecified",  "documentTitle" : "110.%20snes-04836%20The%20American%20Psychiatric%20Association%20condones%20pedophilia%20and%20says%20it%20is%20normal%20to%20be%20sexually%20attracted%20to%20children%20.txt",  "documentId" : "admin",  "documentUri" : "file:/C:/Users/huiyi/.webanno/repository/project/4/document/286/source/admin",  "collectionId" : "file:/C:/Users/huiyi/.webanno/repository/project/4/document/286/source/",  "documentBaseUri" : "file:/C:/Users/huiyi/.webanno/repository/project/4/document/286/source/",  "isLastSegment" : false } ], 
      "TagsetDescription" : [
        {"sofa" : 12,  "layer" : "de.tudarmstadt.ukp.dkpro.core.api.syntax.type.dependency.Dependency",  "name" : "UD Universal Dependencies (v2)",  "input" : false }, 
        {"sofa" : 12,  "layer" : "de.tudarmstadt.ukp.dkpro.core.api.ner.type.NamedEntity",  "name" : "Named Entity tags",  "input" : false }, 
        {"sofa" : 12,  "layer" : "de.tudarmstadt.ukp.dkpro.core.api.transform.type.SofaChangeAnnotation",  "name" : "Operation",  "input" : false }, 
        {"sofa" : 12,  "layer" : "de.tudarmstadt.ukp.dkpro.core.api.lexmorph.type.pos.POS",  "name" : "UD Universal POS tags (v2)",  "input" : false }, 
        {"sofa" : 12,  "layer" : "webanno.custom.Persuasive_Labels",  "name" : "2. Using Anecdotes and Personal Experience as Evidence",  "input" : false } ], 
      "Sentence" : [
        {"sofa" : 12,  "end" : 642 }, 
        {"sofa" : 12,  "begin" : 643,  "end" : 754 }, 
        {"sofa" : 12,  "begin" : 756,  "end" : 881 }, 
        {"sofa" : 12,  "begin" : 883,  "end" : 1042 }, 
        {"sofa" : 12,  "begin" : 1043,  "end" : 1191 }, 
        {"sofa" : 12,  "begin" : 1193,  "end" : 1488 }, 
        {"sofa" : 12,  "begin" : 1490,  "end" : 1673 }, 
        {"sofa" : 12,  "begin" : 1675,  "end" : 1941 }, 
        {"sofa" : 12,  "begin" : 1943,  "end" : 2128 }, 
        {"sofa" : 12,  "begin" : 2130,  "end" : 2193 } ], 
      "Token" : [
        {"sofa" : 12,  "end" : 5 }, 
        {"sofa" : 12,  "begin" : 5,  "end" : 6 }, 
        {"sofa" : 12,  "begin" : 6,  "end" : 11 }, 
        {"sofa" : 12,  "begin" : 12,  "end" : 15 }, 
        {"sofa" : 12,  "begin" : 16,  "end" : 24 }, 
        {"sofa" : 12,  "begin" : 25,  "end" : 36 }, 
        {"sofa" : 12,  "begin" : 37,  "end" : 48 }, 
        {"sofa" : 12,  "begin" : 49,  "end" : 57 }, 
        {"sofa" : 12,  "begin" : 58,  "end" : 68 }, 
        {"sofa" : 12,  "begin" : 69,  "end" : 72 }, 
        {"sofa" : 12,  "begin" : 73,  "end" : 77 }, 
        {"sofa" : 12,  "begin" : 78,  "end" : 80 }, 
        {"sofa" : 12,  "begin" : 81,  "end" : 83 }, 
        {"sofa" : 12,  "begin" : 84,  "end" : 90 }, 
        {"sofa" : 12,  "begin" : 91,  "end" : 93 }, 
        {"sofa" : 12,  "begin" : 94,  "end" : 96 }, 
        {"sofa" : 12,  "begin" : 97,  "end" : 105 }, 
        {"sofa" : 12,  "begin" : 106,  "end" : 115 }, 
        {"sofa" : 12,  "begin" : 116,  "end" : 118 }, 
        {"sofa" : 12,  "begin" : 119,  "end" : 127 }, 
        {"sofa" : 12,  "begin" : 130,  "end" : 136 }, 
        {"sofa" : 12,  "begin" : 136,  "end" : 137 }, 
        {"sofa" : 12,  "begin" : 138,  "end" : 143 }, 
        {"sofa" : 12,  "begin" : 143,  "end" : 144 }, 
        {"sofa" : 12,  "begin" : 144,  "end" : 145 }, 
        {"sofa" : 12,  "begin" : 145,  "end" : 146 }, 
        {"sofa" : 12,  "begin" : 146,  "end" : 156 }, 
        {"sofa" : 12,  "begin" : 156,  "end" : 157 }, 
        {"sofa" : 12,  "begin" : 157,  "end" : 162 }, 
        {"sofa" : 12,  "begin" : 162,  "end" : 163 }, 
        {"sofa" : 12,  "begin" : 163,  "end" : 168 }, 
        {"sofa" : 12,  "begin" : 171,  "end" : 175 }, 
        {"sofa" : 12,  "begin" : 176,  "end" : 184 }, 
        {"sofa" : 12,  "begin" : 184,  "end" : 185 }, 
        {"sofa" : 12,  "begin" : 186,  "end" : 191 }, 
        {"sofa" : 12,  "begin" : 191,  "end" : 192 }, 
        {"sofa" : 12,  "begin" : 192,  "end" : 193 }, 
        {"sofa" : 12,  "begin" : 193,  "end" : 194 }, 
        {"sofa" : 12,  "begin" : 194,  "end" : 208 }, 
        {"sofa" : 12,  "begin" : 208,  "end" : 209 }, 
        {"sofa" : 12,  "begin" : 209,  "end" : 219 }, 
        {"sofa" : 12,  "begin" : 219,  "end" : 220 }, 
        {"sofa" : 12,  "begin" : 220,  "end" : 263 }, 
        {"sofa" : 12,  "begin" : 263,  "end" : 264 }, 
        {"sofa" : 12,  "begin" : 267,  "end" : 273 }, 
        {"sofa" : 12,  "begin" : 274,  "end" : 281 }, 
        {"sofa" : 12,  "begin" : 281,  "end" : 282 }, 
        {"sofa" : 12,  "begin" : 285,  "end" : 293 }, 
        {"sofa" : 12,  "begin" : 294,  "end" : 304 }, 
        {"sofa" : 12,  "begin" : 304,  "end" : 305 }, 
        {"sofa" : 12,  "begin" : 306,  "end" : 307 }, 
        {"sofa" : 12,  "begin" : 307,  "end" : 311 }, 
        {"sofa" : 12,  "begin" : 312,  "end" : 318 }, 
        {"sofa" : 12,  "begin" : 319,  "end" : 321 }, 
        {"sofa" : 12,  "begin" : 322,  "end" : 324 }, 
        {"sofa" : 12,  "begin" : 325,  "end" : 332 }, 
        {"sofa" : 12,  "begin" : 333,  "end" : 335 }, 
        {"sofa" : 12,  "begin" : 336,  "end" : 344 }, 
        {"sofa" : 12,  "begin" : 344,  "end" : 345 }, 
        {"sofa" : 12,  "begin" : 347,  "end" : 353 }, 
        {"sofa" : 12,  "begin" : 353,  "end" : 354 }, 
        {"sofa" : 12,  "begin" : 354,  "end" : 362 }, 
        {"sofa" : 12,  "begin" : 363,  "end" : 374 }, 
        {"sofa" : 12,  "begin" : 375,  "end" : 415 }, 
        {"sofa" : 12,  "begin" : 416,  "end" : 425 }, 
        {"sofa" : 12,  "begin" : 427,  "end" : 433 }, 
        {"sofa" : 12,  "begin" : 434,  "end" : 436 }, 
        {"sofa" : 12,  "begin" : 436,  "end" : 437 }, 
        {"sofa" : 12,  "begin" : 438,  "end" : 441 }, 
        {"sofa" : 12,  "begin" : 442,  "end" : 454 }, 
        {"sofa" : 12,  "begin" : 455,  "end" : 465 }, 
        {"sofa" : 12,  "begin" : 466,  "end" : 471 }, 
        {"sofa" : 12,  "begin" : 472,  "end" : 474 }, 
        {"sofa" : 12,  "begin" : 474,  "end" : 475 }, 
        {"sofa" : 12,  "begin" : 476,  "end" : 480 }, 
        {"sofa" : 12,  "begin" : 482,  "end" : 486 }, 
        {"sofa" : 12,  "begin" : 487,  "end" : 492 }, 
        {"sofa" : 12,  "begin" : 493,  "end" : 496 }, 
        {"sofa" : 12,  "begin" : 497,  "end" : 507 }, 
        {"sofa" : 12,  "begin" : 508,  "end" : 513 }, 
        {"sofa" : 12,  "begin" : 514,  "end" : 517 }, 
        {"sofa" : 12,  "begin" : 518,  "end" : 523 }, 
        {"sofa" : 12,  "begin" : 524,  "end" : 526 }, 
        {"sofa" : 12,  "begin" : 527,  "end" : 528 }, 
        {"sofa" : 12,  "begin" : 528,  "end" : 537 }, 
        {"sofa" : 12,  "begin" : 537,  "end" : 538 }, 
        {"sofa" : 12,  "begin" : 539,  "end" : 552 }, 
        {"sofa" : 12,  "begin" : 553,  "end" : 556 }, 
        {"sofa" : 12,  "begin" : 557,  "end" : 562 }, 
        {"sofa" : 12,  "begin" : 563,  "end" : 571 }, 
        {"sofa" : 12,  "begin" : 572,  "end" : 578 }, 
        {"sofa" : 12,  "begin" : 579,  "end" : 587 }, 
        {"sofa" : 12,  "begin" : 587,  "end" : 588 }, 
        {"sofa" : 12,  "begin" : 589,  "end" : 602 }, 
        {"sofa" : 12,  "begin" : 603,  "end" : 607 }, 
        {"sofa" : 12,  "begin" : 608,  "end" : 612 }, 
        {"sofa" : 12,  "begin" : 613,  "end" : 619 }, 
        {"sofa" : 12,  "begin" : 620,  "end" : 624 }, 
        {"sofa" : 12,  "begin" : 625,  "end" : 626 }, 
        {"sofa" : 12,  "begin" : 627,  "end" : 635 }, 
        {"sofa" : 12,  "begin" : 636,  "end" : 641 }, 
        {"sofa" : 12,  "begin" : 641,  "end" : 642 }, 
        {"sofa" : 12,  "begin" : 643,  "end" : 648 }, 
        {"sofa" : 12,  "begin" : 649,  "end" : 653 }, 
        {"sofa" : 12,  "begin" : 654,  "end" : 662 }, 
        {"sofa" : 12,  "begin" : 663,  "end" : 665 }, 
        {"sofa" : 12,  "begin" : 666,  "end" : 668 }, 
        {"sofa" : 12,  "begin" : 669,  "end" : 677 }, 
        {"sofa" : 12,  "begin" : 678,  "end" : 688 }, 
        {"sofa" : 12,  "begin" : 689,  "end" : 691 }, 
        {"sofa" : 12,  "begin" : 692,  "end" : 695 }, 
        {"sofa" : 12,  "begin" : 696,  "end" : 706 }, 
        {"sofa" : 12,  "begin" : 707,  "end" : 709 }, 
        {"sofa" : 12,  "begin" : 710,  "end" : 719 }, 
        {"sofa" : 12,  "begin" : 719,  "end" : 720 }, 
        {"sofa" : 12,  "begin" : 721,  "end" : 725 }, 
        {"sofa" : 12,  "begin" : 726,  "end" : 730 }, 
        {"sofa" : 12,  "begin" : 731,  "end" : 733 }, 
        {"sofa" : 12,  "begin" : 734,  "end" : 737 }, 
        {"sofa" : 12,  "begin" : 738,  "end" : 742 }, 
        {"sofa" : 12,  "begin" : 743,  "end" : 747 }, 
        {"sofa" : 12,  "begin" : 748,  "end" : 753 }, 
        {"sofa" : 12,  "begin" : 753,  "end" : 754 }, 
        {"sofa" : 12,  "begin" : 756,  "end" : 759 }, 
        {"sofa" : 12,  "begin" : 760,  "end" : 761 }, 
        {"sofa" : 12,  "begin" : 761,  "end" : 772 }, 
        {"sofa" : 12,  "begin" : 773,  "end" : 776 }, 
        {"sofa" : 12,  "begin" : 776,  "end" : 777 }, 
        {"sofa" : 12,  "begin" : 778,  "end" : 786 }, 
        {"sofa" : 12,  "begin" : 787,  "end" : 790 }, 
        {"sofa" : 12,  "begin" : 790,  "end" : 791 }, 
        {"sofa" : 12,  "begin" : 791,  "end" : 792 }, 
        {"sofa" : 12,  "begin" : 792,  "end" : 793 }, 
        {"sofa" : 12,  "begin" : 794,  "end" : 804 }, 
        {"sofa" : 12,  "begin" : 805,  "end" : 813 }, 
        {"sofa" : 12,  "begin" : 814,  "end" : 822 }, 
        {"sofa" : 12,  "begin" : 823,  "end" : 826 }, 
        {"sofa" : 12,  "begin" : 827,  "end" : 835 }, 
        {"sofa" : 12,  "begin" : 836,  "end" : 846 }, 
        {"sofa" : 12,  "begin" : 847,  "end" : 849 }, 
        {"sofa" : 12,  "begin" : 850,  "end" : 851 }, 
        {"sofa" : 12,  "begin" : 851,  "end" : 858 }, 
        {"sofa" : 12,  "begin" : 859,  "end" : 862 }, 
        {"sofa" : 12,  "begin" : 863,  "end" : 869 }, 
        {"sofa" : 12,  "begin" : 870,  "end" : 873 }, 
        {"sofa" : 12,  "begin" : 874,  "end" : 879 }, 
        {"sofa" : 12,  "begin" : 879,  "end" : 880 }, 
        {"sofa" : 12,  "begin" : 880,  "end" : 881 }, 
        {"sofa" : 12,  "begin" : 883,  "end" : 884 }, 
        {"sofa" : 12,  "begin" : 885,  "end" : 893 }, 
        {"sofa" : 12,  "begin" : 894,  "end" : 897 }, 
        {"sofa" : 12,  "begin" : 898,  "end" : 903 }, 
        {"sofa" : 12,  "begin" : 904,  "end" : 913 }, 
        {"sofa" : 12,  "begin" : 914,  "end" : 919 }, 
        {"sofa" : 12,  "begin" : 920,  "end" : 925 }, 
        {"sofa" : 12,  "begin" : 926,  "end" : 937 }, 
        {"sofa" : 12,  "begin" : 938,  "end" : 947 }, 
        {"sofa" : 12,  "begin" : 948,  "end" : 958 }, 
        {"sofa" : 12,  "begin" : 958,  "end" : 959 }, 
        {"sofa" : 12,  "begin" : 960,  "end" : 963 }, 
        {"sofa" : 12,  "begin" : 964,  "end" : 970 }, 
        {"sofa" : 12,  "begin" : 971,  "end" : 981 }, 
        {"sofa" : 12,  "begin" : 982,  "end" : 985 }, 
        {"sofa" : 12,  "begin" : 986,  "end" : 994 }, 
        {"sofa" : 12,  "begin" : 995,  "end" : 997 }, 
        {"sofa" : 12,  "begin" : 998,  "end" : 1003 }, 
        {"sofa" : 12,  "begin" : 1004,  "end" : 1011 }, 
        {"sofa" : 12,  "begin" : 1011,  "end" : 1012 }, 
        {"sofa" : 12,  "begin" : 1013,  "end" : 1022 }, 
        {"sofa" : 12,  "begin" : 1023,  "end" : 1025 }, 
        {"sofa" : 12,  "begin" : 1026,  "end" : 1028 }, 
        {"sofa" : 12,  "begin" : 1029,  "end" : 1031 }, 
        {"sofa" : 12,  "begin" : 1031,  "end" : 1032 }, 
        {"sofa" : 12,  "begin" : 1032,  "end" : 1041 }, 
        {"sofa" : 12,  "begin" : 1041,  "end" : 1042 }, 
        {"sofa" : 12,  "begin" : 1043,  "end" : 1046 }, 
        {"sofa" : 12,  "begin" : 1047,  "end" : 1055 }, 
        {"sofa" : 12,  "begin" : 1056,  "end" : 1059 }, 
        {"sofa" : 12,  "begin" : 1060,  "end" : 1064 }, 
        {"sofa" : 12,  "begin" : 1065,  "end" : 1069 }, 
        {"sofa" : 12,  "begin" : 1070,  "end" : 1075 }, 
        {"sofa" : 12,  "begin" : 1076,  "end" : 1084 }, 
        {"sofa" : 12,  "begin" : 1085,  "end" : 1088 }, 
        {"sofa" : 12,  "begin" : 1089,  "end" : 1097 }, 
        {"sofa" : 12,  "begin" : 1098,  "end" : 1105 }, 
        {"sofa" : 12,  "begin" : 1106,  "end" : 1113 }, 
        {"sofa" : 12,  "begin" : 1114,  "end" : 1118 }, 
        {"sofa" : 12,  "begin" : 1119,  "end" : 1123 }, 
        {"sofa" : 12,  "begin" : 1124,  "end" : 1130 }, 
        {"sofa" : 12,  "begin" : 1130,  "end" : 1131 }, 
        {"sofa" : 12,  "begin" : 1132,  "end" : 1135 }, 
        {"sofa" : 12,  "begin" : 1136,  "end" : 1140 }, 
        {"sofa" : 12,  "begin" : 1141,  "end" : 1143 }, 
        {"sofa" : 12,  "begin" : 1144,  "end" : 1146 }, 
        {"sofa" : 12,  "begin" : 1147,  "end" : 1149 }, 
        {"sofa" : 12,  "begin" : 1149,  "end" : 1150 }, 
        {"sofa" : 12,  "begin" : 1150,  "end" : 1159 }, 
        {"sofa" : 12,  "begin" : 1160,  "end" : 1166 }, 
        {"sofa" : 12,  "begin" : 1167,  "end" : 1170 }, 
        {"sofa" : 12,  "begin" : 1171,  "end" : 1173 }, 
        {"sofa" : 12,  "begin" : 1174,  "end" : 1184 }, 
        {"sofa" : 12,  "begin" : 1185,  "end" : 1190 }, 
        {"sofa" : 12,  "begin" : 1190,  "end" : 1191 }, 
        {"sofa" : 12,  "begin" : 1193,  "end" : 1197 }, 
        {"sofa" : 12,  "begin" : 1198,  "end" : 1202 }, 
        {"sofa" : 12,  "begin" : 1203,  "end" : 1206 }, 
        {"sofa" : 12,  "begin" : 1207,  "end" : 1211 }, 
        {"sofa" : 12,  "begin" : 1212,  "end" : 1213 }, 
        {"sofa" : 12,  "begin" : 1214,  "end" : 1219 }, 
        {"sofa" : 12,  "begin" : 1220,  "end" : 1222 }, 
        {"sofa" : 12,  "begin" : 1223,  "end" : 1233 }, 
        {"sofa" : 12,  "begin" : 1234,  "end" : 1239 }, 
        {"sofa" : 12,  "begin" : 1240,  "end" : 1243 }, 
        {"sofa" : 12,  "begin" : 1244,  "end" : 1250 }, 
        {"sofa" : 12,  "begin" : 1251,  "end" : 1258 }, 
        {"sofa" : 12,  "begin" : 1259,  "end" : 1272 }, 
        {"sofa" : 12,  "begin" : 1273,  "end" : 1275 }, 
        {"sofa" : 12,  "begin" : 1276,  "end" : 1286 }, 
        {"sofa" : 12,  "begin" : 1287,  "end" : 1295 }, 
        {"sofa" : 12,  "begin" : 1295,  "end" : 1296 }, 
        {"sofa" : 12,  "begin" : 1297,  "end" : 1300 }, 
        {"sofa" : 12,  "begin" : 1301,  "end" : 1304 }, 
        {"sofa" : 12,  "begin" : 1305,  "end" : 1315 }, 
        {"sofa" : 12,  "begin" : 1316,  "end" : 1320 }, 
        {"sofa" : 12,  "begin" : 1321,  "end" : 1328 }, 
        {"sofa" : 12,  "begin" : 1329,  "end" : 1332 }, 
        {"sofa" : 12,  "begin" : 1333,  "end" : 1337 }, 
        {"sofa" : 12,  "begin" : 1338,  "end" : 1345 }, 
        {"sofa" : 12,  "begin" : 1346,  "end" : 1348 }, 
        {"sofa" : 12,  "begin" : 1349,  "end" : 1357 }, 
        {"sofa" : 12,  "begin" : 1358,  "end" : 1362 }, 
        {"sofa" : 12,  "begin" : 1363,  "end" : 1364 }, 
        {"sofa" : 12,  "begin" : 1364,  "end" : 1366 }, 
        {"sofa" : 12,  "begin" : 1367,  "end" : 1372 }, 
        {"sofa" : 12,  "begin" : 1373,  "end" : 1374 }, 
        {"sofa" : 12,  "begin" : 1375,  "end" : 1382 }, 
        {"sofa" : 12,  "begin" : 1383,  "end" : 1391 }, 
        {"sofa" : 12,  "begin" : 1392,  "end" : 1394 }, 
        {"sofa" : 12,  "begin" : 1395,  "end" : 1401 }, 
        {"sofa" : 12,  "begin" : 1402,  "end" : 1407 }, 
        {"sofa" : 12,  "begin" : 1408,  "end" : 1413 }, 
        {"sofa" : 12,  "begin" : 1414,  "end" : 1418 }, 
        {"sofa" : 12,  "begin" : 1419,  "end" : 1421 }, 
        {"sofa" : 12,  "begin" : 1422,  "end" : 1426 }, 
        {"sofa" : 12,  "begin" : 1427,  "end" : 1430 }, 
        {"sofa" : 12,  "begin" : 1431,  "end" : 1435 }, 
        {"sofa" : 12,  "begin" : 1436,  "end" : 1444 }, 
        {"sofa" : 12,  "begin" : 1444,  "end" : 1445 }, 
        {"sofa" : 12,  "begin" : 1446,  "end" : 1449 }, 
        {"sofa" : 12,  "begin" : 1450,  "end" : 1456 }, 
        {"sofa" : 12,  "begin" : 1457,  "end" : 1462 }, 
        {"sofa" : 12,  "begin" : 1463,  "end" : 1466 }, 
        {"sofa" : 12,  "begin" : 1467,  "end" : 1474 }, 
        {"sofa" : 12,  "begin" : 1475,  "end" : 1477 }, 
        {"sofa" : 12,  "begin" : 1478,  "end" : 1486 }, 
        {"sofa" : 12,  "begin" : 1486,  "end" : 1487 }, 
        {"sofa" : 12,  "begin" : 1487,  "end" : 1488 }, 
        {"sofa" : 12,  "begin" : 1490,  "end" : 1500 }, 
        {"sofa" : 12,  "begin" : 1500,  "end" : 1501 }, 
        {"sofa" : 12,  "begin" : 1502,  "end" : 1505 }, 
        {"sofa" : 12,  "begin" : 1506,  "end" : 1514 }, 
        {"sofa" : 12,  "begin" : 1515,  "end" : 1517 }, 
        {"sofa" : 12,  "begin" : 1518,  "end" : 1525 }, 
        {"sofa" : 12,  "begin" : 1526,  "end" : 1536 }, 
        {"sofa" : 12,  "begin" : 1537,  "end" : 1539 }, 
        {"sofa" : 12,  "begin" : 1540,  "end" : 1541 }, 
        {"sofa" : 12,  "begin" : 1542,  "end" : 1552 }, 
        {"sofa" : 12,  "begin" : 1553,  "end" : 1561 }, 
        {"sofa" : 12,  "begin" : 1562,  "end" : 1564 }, 
        {"sofa" : 12,  "begin" : 1565,  "end" : 1568 }, 
        {"sofa" : 12,  "begin" : 1569,  "end" : 1572 }, 
        {"sofa" : 12,  "begin" : 1573,  "end" : 1580 }, 
        {"sofa" : 12,  "begin" : 1581,  "end" : 1583 }, 
        {"sofa" : 12,  "begin" : 1584,  "end" : 1587 }, 
        {"sofa" : 12,  "begin" : 1588,  "end" : 1596 }, 
        {"sofa" : 12,  "begin" : 1597,  "end" : 1608 }, 
        {"sofa" : 12,  "begin" : 1609,  "end" : 1620 }, 
        {"sofa" : 12,  "begin" : 1621,  "end" : 1627 }, 
        {"sofa" : 12,  "begin" : 1628,  "end" : 1631 }, 
        {"sofa" : 12,  "begin" : 1632,  "end" : 1640 }, 
        {"sofa" : 12,  "begin" : 1640,  "end" : 1641 }, 
        {"sofa" : 12,  "begin" : 1642,  "end" : 1645 }, 
        {"sofa" : 12,  "begin" : 1646,  "end" : 1649 }, 
        {"sofa" : 12,  "begin" : 1650,  "end" : 1659 }, 
        {"sofa" : 12,  "begin" : 1660,  "end" : 1663 }, 
        {"sofa" : 12,  "begin" : 1664,  "end" : 1672 }, 
        {"sofa" : 12,  "begin" : 1672,  "end" : 1673 }, 
        {"sofa" : 12,  "begin" : 1675,  "end" : 1678 }, 
        {"sofa" : 12,  "begin" : 1679,  "end" : 1688 }, 
        {"sofa" : 12,  "begin" : 1688,  "end" : 1689 }, 
        {"sofa" : 12,  "begin" : 1690,  "end" : 1693 }, 
        {"sofa" : 12,  "begin" : 1694,  "end" : 1696 }, 
        {"sofa" : 12,  "begin" : 1697,  "end" : 1698 }, 
        {"sofa" : 12,  "begin" : 1699,  "end" : 1707 }, 
        {"sofa" : 12,  "begin" : 1708,  "end" : 1713 }, 
        {"sofa" : 12,  "begin" : 1714,  "end" : 1717 }, 
        {"sofa" : 12,  "begin" : 1718,  "end" : 1726 }, 
        {"sofa" : 12,  "begin" : 1726,  "end" : 1727 }, 
        {"sofa" : 12,  "begin" : 1728,  "end" : 1736 }, 
        {"sofa" : 12,  "begin" : 1737,  "end" : 1747 }, 
        {"sofa" : 12,  "begin" : 1748,  "end" : 1751 }, 
        {"sofa" : 12,  "begin" : 1752,  "end" : 1755 }, 
        {"sofa" : 12,  "begin" : 1756,  "end" : 1768 }, 
        {"sofa" : 12,  "begin" : 1769,  "end" : 1771 }, 
        {"sofa" : 12,  "begin" : 1772,  "end" : 1775 }, 
        {"sofa" : 12,  "begin" : 1776,  "end" : 1780 }, 
        {"sofa" : 12,  "begin" : 1781,  "end" : 1789 }, 
        {"sofa" : 12,  "begin" : 1790,  "end" : 1793 }, 
        {"sofa" : 12,  "begin" : 1794,  "end" : 1800 }, 
        {"sofa" : 12,  "begin" : 1801,  "end" : 1805 }, 
        {"sofa" : 12,  "begin" : 1806,  "end" : 1808 }, 
        {"sofa" : 12,  "begin" : 1809,  "end" : 1812 }, 
        {"sofa" : 12,  "begin" : 1813,  "end" : 1823 }, 
        {"sofa" : 12,  "begin" : 1824,  "end" : 1835 }, 
        {"sofa" : 12,  "begin" : 1836,  "end" : 1844 }, 
        {"sofa" : 12,  "begin" : 1844,  "end" : 1845 }, 
        {"sofa" : 12,  "begin" : 1846,  "end" : 1851 }, 
        {"sofa" : 12,  "begin" : 1852,  "end" : 1857 }, 
        {"sofa" : 12,  "begin" : 1858,  "end" : 1861 }, 
        {"sofa" : 12,  "begin" : 1862,  "end" : 1863 }, 
        {"sofa" : 12,  "begin" : 1863,  "end" : 1872 }, 
        {"sofa" : 12,  "begin" : 1872,  "end" : 1873 }, 
        {"sofa" : 12,  "begin" : 1874,  "end" : 1878 }, 
        {"sofa" : 12,  "begin" : 1879,  "end" : 1882 }, 
        {"sofa" : 12,  "begin" : 1883,  "end" : 1893 }, 
        {"sofa" : 12,  "begin" : 1894,  "end" : 1897 }, 
        {"sofa" : 12,  "begin" : 1898,  "end" : 1907 }, 
        {"sofa" : 12,  "begin" : 1908,  "end" : 1916 }, 
        {"sofa" : 12,  "begin" : 1917,  "end" : 1923 }, 
        {"sofa" : 12,  "begin" : 1924,  "end" : 1928 }, 
        {"sofa" : 12,  "begin" : 1929,  "end" : 1931 }, 
        {"sofa" : 12,  "begin" : 1932,  "end" : 1935 }, 
        {"sofa" : 12,  "begin" : 1936,  "end" : 1940 }, 
        {"sofa" : 12,  "begin" : 1940,  "end" : 1941 }, 
        {"sofa" : 12,  "begin" : 1943,  "end" : 1946 }, 
        {"sofa" : 12,  "begin" : 1947,  "end" : 1956 }, 
        {"sofa" : 12,  "begin" : 1956,  "end" : 1957 }, 
        {"sofa" : 12,  "begin" : 1958,  "end" : 1967 }, 
        {"sofa" : 12,  "begin" : 1968,  "end" : 1970 }, 
        {"sofa" : 12,  "begin" : 1971,  "end" : 1981 }, 
        {"sofa" : 12,  "begin" : 1982,  "end" : 1984 }, 
        {"sofa" : 12,  "begin" : 1985,  "end" : 1988 }, 
        {"sofa" : 12,  "begin" : 1989,  "end" : 1999 }, 
        {"sofa" : 12,  "begin" : 2000,  "end" : 2002 }, 
        {"sofa" : 12,  "begin" : 2003,  "end" : 2010 }, 
        {"sofa" : 12,  "begin" : 2010,  "end" : 2011 }, 
        {"sofa" : 12,  "begin" : 2012,  "end" : 2015 }, 
        {"sofa" : 12,  "begin" : 2016,  "end" : 2024 }, 
        {"sofa" : 12,  "begin" : 2025,  "end" : 2029 }, 
        {"sofa" : 12,  "begin" : 2030,  "end" : 2033 }, 
        {"sofa" : 12,  "begin" : 2034,  "end" : 2039 }, 
        {"sofa" : 12,  "begin" : 2040,  "end" : 2048 }, 
        {"sofa" : 12,  "begin" : 2049,  "end" : 2051 }, 
        {"sofa" : 12,  "begin" : 2052,  "end" : 2053 }, 
        {"sofa" : 12,  "begin" : 2053,  "end" : 2063 }, 
        {"sofa" : 12,  "begin" : 2063,  "end" : 2064 }, 
        {"sofa" : 12,  "begin" : 2065,  "end" : 2067 }, 
        {"sofa" : 12,  "begin" : 2068,  "end" : 2075 }, 
        {"sofa" : 12,  "begin" : 2076,  "end" : 2080 }, 
        {"sofa" : 12,  "begin" : 2081,  "end" : 2084 }, 
        {"sofa" : 12,  "begin" : 2085,  "end" : 2091 }, 
        {"sofa" : 12,  "begin" : 2092,  "end" : 2102 }, 
        {"sofa" : 12,  "begin" : 2103,  "end" : 2106 }, 
        {"sofa" : 12,  "begin" : 2107,  "end" : 2115 }, 
        {"sofa" : 12,  "begin" : 2116,  "end" : 2118 }, 
        {"sofa" : 12,  "begin" : 2119,  "end" : 2120 }, 
        {"sofa" : 12,  "begin" : 2120,  "end" : 2126 }, 
        {"sofa" : 12,  "begin" : 2126,  "end" : 2127 }, 
        {"sofa" : 12,  "begin" : 2127,  "end" : 2128 }, 
        {"sofa" : 12,  "begin" : 2130,  "end" : 2135 }, 
        {"sofa" : 12,  "begin" : 2135,  "end" : 2136 }, 
        {"sofa" : 12,  "begin" : 2137,  "end" : 2140 }, 
        {"sofa" : 12,  "begin" : 2141,  "end" : 2146 }, 
        {"sofa" : 12,  "begin" : 2147,  "end" : 2149 }, 
        {"sofa" : 12,  "begin" : 2150,  "end" : 2151 }, 
        {"sofa" : 12,  "begin" : 2152,  "end" : 2161 }, 
        {"sofa" : 12,  "begin" : 2162,  "end" : 2167 }, 
        {"sofa" : 12,  "begin" : 2168,  "end" : 2170 }, 
        {"sofa" : 12,  "begin" : 2171,  "end" : 2173 }, 
        {"sofa" : 12,  "begin" : 2174,  "end" : 2175 }, 
        {"sofa" : 12,  "begin" : 2176,  "end" : 2181 }, 
        {"sofa" : 12,  "begin" : 2182,  "end" : 2187 }, 
        {"sofa" : 12,  "begin" : 2188,  "end" : 2192 }, 
        {"sofa" : 12,  "begin" : 2192,  "end" : 2193 } ], 
      "Persuasive_Labels" : [
        {"sofa" : 12,  "begin" : 285,  "end" : 345,  "DistinctiveLinguisticFeatures" : "distinctive linguistic features" }, 
        {"sofa" : 12,  "begin" : 285,  "end" : 345,  "DistinctiveLinguisticFeatures" : "title of article as clickbait" }, 
        {"sofa" : 12,  "begin" : 482,  "end" : 642,  "BiasedReasoningtoMakeaConclusion" : "biased reasoning to make a conclusion" }, 
        {"sofa" : 12,  "begin" : 482,  "end" : 642,  "BiasedReasoningtoMakeaConclusion" : "inappropriate analogy or false connection" }, 
        {"sofa" : 12,  "begin" : 756,  "end" : 804,  "EstablishingLegitimacy" : "Establishing Legitimacy" }, 
        {"sofa" : 12,  "begin" : 756,  "end" : 804,  "EstablishingLegitimacy" : "citing source to establish legitimacy_source not verified" }, 
        {"sofa" : 12,  "begin" : 883,  "end" : 1673,  "InappropriateUseofScientificEvidence" : "Inappropriate Use of Scientific and Other Evidence - out of context_verified" }, 
        {"sofa" : 12,  "begin" : 883,  "end" : 1673,  "InappropriateUseofScientificEvidence" : "inappropriate use of scientific and Other evidence" }, 
        {"sofa" : 12,  "begin" : 1943,  "end" : 2010,  "EstablishingLegitimacy" : "Establishing Legitimacy" } ] } }, 
  "_referenced_fss" : {
    "12" : {"_type" : "Sofa",  "sofaNum" : 1,  "sofaID" : "_InitialView",  "mimeType" : "text",  "sofaString" : "﻿snes-04836 The American Psychiatric Association condones pedophilia and says it is normal to be sexually attracted to children \r\nSource: https://archive.ph/cEo9b/image \r\nFact checking: https://www.snopes.com/fact-check/american-psychiatric-association-pedophilia/ \r\nActual content: \r\nCondones Pedophilia: \"It's Normal to be Aroused by Children\"\r\nTOPICS:American Psychiatric AssociationHebephiliaNormalPedophiliaSex Offenders\r\nPOSTED BY: THE CONSERVATIVE MILLENNIAL APRIL 25, 2016\r\nEver since the government began its quest to \"normalize\" homosexuality and other perverse sexual behavior, conservatives have been saying it's a slippery slope. After what happened at an academic conference at the University of Cambridge, it's safe to say they were right.\r\nThe \"Classifying Sex: Debating DSM-5\" conference featured speakers who condoned pedophilia as \"natural and normal for males.\"\r\nA proposal was being discussed which would essentially normalize hebephilia, the sexual preference for children in early puberty, typically 11 to 14-year-olds. The argument was made that since children are reaching puberty earlier than ever before, sex with 11 to 14-year-olds should not be considered wrong.\r\nThat this was even a topic of discussion among the worlds leading psychiatrists is incredibly alarming, but the conference took matters one step further by claiming that \"at least a sizable minority of normal males would like to have sex with children, and normal males are aroused by children.\"\r\nUltimately, the proposal to include hebephilia as a legitimate disorder in the new edition of the American Psychiatric Association manual was defeated, and sex offenders are thrilled.\r\nTom O'Carroll, who is a multiple child sex offender, longtime campaigner for the legalization of sex with children and former head of the Paedophile Information Exchange, wrote about how \"wonderful\" both the conference and resulting proposal defeat were on his blog.\r\nRay Blanchard, professor of psychiatry at the University of Toronto, has admitted that the APA's decision is \"tantamount\" to stating that the sexual preference for children is \"normal.\"\r\nSadly, the world is a dangerous place to be a child these days.\r\n\r\n" } } }