{"_context" : {
    "_types" : {
      "DocumentMetaData" : {
        "_feature_types" : {"sofa" : "_ref" } }, 
      "Persuasive_Labels" : {
        "_feature_types" : {"sofa" : "_ref" } }, 
      "Sentence" : {
        "_feature_types" : {"sofa" : "_ref" } }, 
      "Sofa" : {
        "_feature_types" : {"sofaArray" : "_ref" } }, 
      "TagsetDescription" : {
        "_feature_types" : {"sofa" : "_ref",  "tags" : "_ref" } }, 
      "Token" : {
        "_feature_types" : {"sofa" : "_ref",  "parent" : "_ref",  "lemma" : "_ref",  "stem" : "_ref",  "pos" : "_ref",  "morph" : "_ref",  "form" : "_ref" } }, 
      "DocumentAnnotation" : {
        "_feature_types" : {"sofa" : "_ref" }, 
        "_subtypes" : ["DocumentMetaData" ] }, 
      "Annotation" : {
        "_feature_types" : {"sofa" : "_ref" }, 
        "_subtypes" : ["DocumentAnnotation",  "Persuasive_Labels",  "Sentence",  "TagsetDescription",  "Token" ] }, 
      "AnnotationBase" : {
        "_feature_types" : {"sofa" : "_ref" }, 
        "_subtypes" : ["Annotation" ] }, 
      "TOP" : {
        "_subtypes" : ["AnnotationBase",  "Sofa" ] } } }, 
  "_views" : {
    "_InitialView" : {
      "DocumentMetaData" : [
        {"sofa" : 12,  "end" : 1923,  "language" : "x-unspecified",  "documentTitle" : "36.%20snes-00102%20A%20scientific%20study%20has%20concluded%20that%20drinking%20young%20people’s%20blood%20provides%20health%20and%20longevity%20benefits.txt",  "documentId" : "admin",  "documentUri" : "file:/C:/Users/huiyi/.webanno/repository/project/4/document/204/source/admin",  "collectionId" : "file:/C:/Users/huiyi/.webanno/repository/project/4/document/204/source/",  "documentBaseUri" : "file:/C:/Users/huiyi/.webanno/repository/project/4/document/204/source/",  "isLastSegment" : false } ], 
      "TagsetDescription" : [
        {"sofa" : 12,  "layer" : "de.tudarmstadt.ukp.dkpro.core.api.syntax.type.dependency.Dependency",  "name" : "UD Universal Dependencies (v2)",  "input" : false }, 
        {"sofa" : 12,  "layer" : "de.tudarmstadt.ukp.dkpro.core.api.ner.type.NamedEntity",  "name" : "Named Entity tags",  "input" : false }, 
        {"sofa" : 12,  "layer" : "de.tudarmstadt.ukp.dkpro.core.api.transform.type.SofaChangeAnnotation",  "name" : "Operation",  "input" : false }, 
        {"sofa" : 12,  "layer" : "de.tudarmstadt.ukp.dkpro.core.api.lexmorph.type.pos.POS",  "name" : "UD Universal POS tags (v2)",  "input" : false }, 
        {"sofa" : 12,  "layer" : "webanno.custom.Persuasive_Labels",  "name" : "2. Using Anecdotes and Personal Experience as Evidence",  "input" : false } ], 
      "Sentence" : [
        {"sofa" : 12,  "end" : 119 }, 
        {"sofa" : 12,  "begin" : 122,  "end" : 493 }, 
        {"sofa" : 12,  "begin" : 495,  "end" : 604 }, 
        {"sofa" : 12,  "begin" : 606,  "end" : 778 }, 
        {"sofa" : 12,  "begin" : 780,  "end" : 857 }, 
        {"sofa" : 12,  "begin" : 859,  "end" : 930 }, 
        {"sofa" : 12,  "begin" : 932,  "end" : 1030 }, 
        {"sofa" : 12,  "begin" : 1031,  "end" : 1118 }, 
        {"sofa" : 12,  "begin" : 1120,  "end" : 1257 }, 
        {"sofa" : 12,  "begin" : 1259,  "end" : 1329 }, 
        {"sofa" : 12,  "begin" : 1331,  "end" : 1485 }, 
        {"sofa" : 12,  "begin" : 1487,  "end" : 1581 }, 
        {"sofa" : 12,  "begin" : 1583,  "end" : 1683 }, 
        {"sofa" : 12,  "begin" : 1685,  "end" : 1735 }, 
        {"sofa" : 12,  "begin" : 1737,  "end" : 1800 }, 
        {"sofa" : 12,  "begin" : 1802,  "end" : 1919 } ], 
      "Token" : [
        {"sofa" : 12,  "end" : 5 }, 
        {"sofa" : 12,  "begin" : 5,  "end" : 6 }, 
        {"sofa" : 12,  "begin" : 6,  "end" : 11 }, 
        {"sofa" : 12,  "begin" : 12,  "end" : 13 }, 
        {"sofa" : 12,  "begin" : 14,  "end" : 24 }, 
        {"sofa" : 12,  "begin" : 25,  "end" : 30 }, 
        {"sofa" : 12,  "begin" : 31,  "end" : 34 }, 
        {"sofa" : 12,  "begin" : 35,  "end" : 44 }, 
        {"sofa" : 12,  "begin" : 45,  "end" : 49 }, 
        {"sofa" : 12,  "begin" : 50,  "end" : 58 }, 
        {"sofa" : 12,  "begin" : 59,  "end" : 64 }, 
        {"sofa" : 12,  "begin" : 65,  "end" : 71 }, 
        {"sofa" : 12,  "begin" : 71,  "end" : 72 }, 
        {"sofa" : 12,  "begin" : 72,  "end" : 73 }, 
        {"sofa" : 12,  "begin" : 74,  "end" : 79 }, 
        {"sofa" : 12,  "begin" : 80,  "end" : 88 }, 
        {"sofa" : 12,  "begin" : 89,  "end" : 95 }, 
        {"sofa" : 12,  "begin" : 96,  "end" : 99 }, 
        {"sofa" : 12,  "begin" : 100,  "end" : 109 }, 
        {"sofa" : 12,  "begin" : 110,  "end" : 118 }, 
        {"sofa" : 12,  "begin" : 118,  "end" : 119 }, 
        {"sofa" : 12,  "begin" : 122,  "end" : 128 }, 
        {"sofa" : 12,  "begin" : 128,  "end" : 129 }, 
        {"sofa" : 12,  "begin" : 130,  "end" : 135 }, 
        {"sofa" : 12,  "begin" : 135,  "end" : 136 }, 
        {"sofa" : 12,  "begin" : 136,  "end" : 137 }, 
        {"sofa" : 12,  "begin" : 137,  "end" : 138 }, 
        {"sofa" : 12,  "begin" : 138,  "end" : 148 }, 
        {"sofa" : 12,  "begin" : 148,  "end" : 149 }, 
        {"sofa" : 12,  "begin" : 149,  "end" : 154 }, 
        {"sofa" : 12,  "begin" : 157,  "end" : 161 }, 
        {"sofa" : 12,  "begin" : 162,  "end" : 170 }, 
        {"sofa" : 12,  "begin" : 170,  "end" : 171 }, 
        {"sofa" : 12,  "begin" : 172,  "end" : 177 }, 
        {"sofa" : 12,  "begin" : 177,  "end" : 178 }, 
        {"sofa" : 12,  "begin" : 178,  "end" : 179 }, 
        {"sofa" : 12,  "begin" : 179,  "end" : 180 }, 
        {"sofa" : 12,  "begin" : 180,  "end" : 194 }, 
        {"sofa" : 12,  "begin" : 194,  "end" : 195 }, 
        {"sofa" : 12,  "begin" : 195,  "end" : 205 }, 
        {"sofa" : 12,  "begin" : 205,  "end" : 206 }, 
        {"sofa" : 12,  "begin" : 206,  "end" : 230 }, 
        {"sofa" : 12,  "begin" : 230,  "end" : 231 }, 
        {"sofa" : 12,  "begin" : 235,  "end" : 241 }, 
        {"sofa" : 12,  "begin" : 242,  "end" : 249 }, 
        {"sofa" : 12,  "begin" : 249,  "end" : 250 }, 
        {"sofa" : 12,  "begin" : 253,  "end" : 258 }, 
        {"sofa" : 12,  "begin" : 259,  "end" : 264 }, 
        {"sofa" : 12,  "begin" : 265,  "end" : 270 }, 
        {"sofa" : 12,  "begin" : 271,  "end" : 273 }, 
        {"sofa" : 12,  "begin" : 274,  "end" : 277 }, 
        {"sofa" : 12,  "begin" : 278,  "end" : 284 }, 
        {"sofa" : 12,  "begin" : 285,  "end" : 287 }, 
        {"sofa" : 12,  "begin" : 288,  "end" : 300 }, 
        {"sofa" : 12,  "begin" : 301,  "end" : 307 }, 
        {"sofa" : 12,  "begin" : 307,  "end" : 308 }, 
        {"sofa" : 12,  "begin" : 309,  "end" : 314 }, 
        {"sofa" : 12,  "begin" : 316,  "end" : 318 }, 
        {"sofa" : 12,  "begin" : 319,  "end" : 325 }, 
        {"sofa" : 12,  "begin" : 326,  "end" : 328 }, 
        {"sofa" : 12,  "begin" : 329,  "end" : 333 }, 
        {"sofa" : 12,  "begin" : 333,  "end" : 334 }, 
        {"sofa" : 12,  "begin" : 335,  "end" : 338 }, 
        {"sofa" : 12,  "begin" : 339,  "end" : 342 }, 
        {"sofa" : 12,  "begin" : 344,  "end" : 353 }, 
        {"sofa" : 12,  "begin" : 354,  "end" : 356 }, 
        {"sofa" : 12,  "begin" : 356,  "end" : 357 }, 
        {"sofa" : 12,  "begin" : 358,  "end" : 362 }, 
        {"sofa" : 12,  "begin" : 362,  "end" : 363 }, 
        {"sofa" : 12,  "begin" : 363,  "end" : 364 }, 
        {"sofa" : 12,  "begin" : 364,  "end" : 365 }, 
        {"sofa" : 12,  "begin" : 365,  "end" : 367 }, 
        {"sofa" : 12,  "begin" : 367,  "end" : 368 }, 
        {"sofa" : 12,  "begin" : 368,  "end" : 372 }, 
        {"sofa" : 12,  "begin" : 372,  "end" : 373 }, 
        {"sofa" : 12,  "begin" : 373,  "end" : 374 }, 
        {"sofa" : 12,  "begin" : 374,  "end" : 375 }, 
        {"sofa" : 12,  "begin" : 375,  "end" : 382 }, 
        {"sofa" : 12,  "begin" : 384,  "end" : 392 }, 
        {"sofa" : 12,  "begin" : 393,  "end" : 398 }, 
        {"sofa" : 12,  "begin" : 399,  "end" : 405 }, 
        {"sofa" : 12,  "begin" : 405,  "end" : 406 }, 
        {"sofa" : 12,  "begin" : 406,  "end" : 407 }, 
        {"sofa" : 12,  "begin" : 408,  "end" : 413 }, 
        {"sofa" : 12,  "begin" : 414,  "end" : 419 }, 
        {"sofa" : 12,  "begin" : 420,  "end" : 424 }, 
        {"sofa" : 12,  "begin" : 425,  "end" : 428 }, 
        {"sofa" : 12,  "begin" : 429,  "end" : 433 }, 
        {"sofa" : 12,  "begin" : 434,  "end" : 440 }, 
        {"sofa" : 12,  "begin" : 441,  "end" : 444 }, 
        {"sofa" : 12,  "begin" : 445,  "end" : 452 }, 
        {"sofa" : 12,  "begin" : 453,  "end" : 464 }, 
        {"sofa" : 12,  "begin" : 465,  "end" : 473 }, 
        {"sofa" : 12,  "begin" : 473,  "end" : 474 }, 
        {"sofa" : 12,  "begin" : 475,  "end" : 476 }, 
        {"sofa" : 12,  "begin" : 477,  "end" : 482 }, 
        {"sofa" : 12,  "begin" : 483,  "end" : 486 }, 
        {"sofa" : 12,  "begin" : 487,  "end" : 492 }, 
        {"sofa" : 12,  "begin" : 492,  "end" : 493 }, 
        {"sofa" : 12,  "begin" : 495,  "end" : 500 }, 
        {"sofa" : 12,  "begin" : 501,  "end" : 508 }, 
        {"sofa" : 12,  "begin" : 509,  "end" : 514 }, 
        {"sofa" : 12,  "begin" : 515,  "end" : 519 }, 
        {"sofa" : 12,  "begin" : 520,  "end" : 527 }, 
        {"sofa" : 12,  "begin" : 528,  "end" : 535 }, 
        {"sofa" : 12,  "begin" : 536,  "end" : 540 }, 
        {"sofa" : 12,  "begin" : 541,  "end" : 545 }, 
        {"sofa" : 12,  "begin" : 546,  "end" : 551 }, 
        {"sofa" : 12,  "begin" : 552,  "end" : 554 }, 
        {"sofa" : 12,  "begin" : 555,  "end" : 562 }, 
        {"sofa" : 12,  "begin" : 563,  "end" : 566 }, 
        {"sofa" : 12,  "begin" : 567,  "end" : 577 }, 
        {"sofa" : 12,  "begin" : 578,  "end" : 584 }, 
        {"sofa" : 12,  "begin" : 585,  "end" : 587 }, 
        {"sofa" : 12,  "begin" : 588,  "end" : 593 }, 
        {"sofa" : 12,  "begin" : 594,  "end" : 603 }, 
        {"sofa" : 12,  "begin" : 603,  "end" : 604 }, 
        {"sofa" : 12,  "begin" : 606,  "end" : 609 }, 
        {"sofa" : 12,  "begin" : 610,  "end" : 615 }, 
        {"sofa" : 12,  "begin" : 615,  "end" : 616 }, 
        {"sofa" : 12,  "begin" : 616,  "end" : 617 }, 
        {"sofa" : 12,  "begin" : 617,  "end" : 626 }, 
        {"sofa" : 12,  "begin" : 627,  "end" : 629 }, 
        {"sofa" : 12,  "begin" : 630,  "end" : 636 }, 
        {"sofa" : 12,  "begin" : 636,  "end" : 637 }, 
        {"sofa" : 12,  "begin" : 638,  "end" : 641 }, 
        {"sofa" : 12,  "begin" : 642,  "end" : 651 }, 
        {"sofa" : 12,  "begin" : 652,  "end" : 654 }, 
        {"sofa" : 12,  "begin" : 655,  "end" : 666 }, 
        {"sofa" : 12,  "begin" : 667,  "end" : 671 }, 
        {"sofa" : 12,  "begin" : 672,  "end" : 682 }, 
        {"sofa" : 12,  "begin" : 683,  "end" : 690 }, 
        {"sofa" : 12,  "begin" : 691,  "end" : 697 }, 
        {"sofa" : 12,  "begin" : 698,  "end" : 699 }, 
        {"sofa" : 12,  "begin" : 699,  "end" : 702 }, 
        {"sofa" : 12,  "begin" : 702,  "end" : 703 }, 
        {"sofa" : 12,  "begin" : 703,  "end" : 704 }, 
        {"sofa" : 12,  "begin" : 705,  "end" : 708 }, 
        {"sofa" : 12,  "begin" : 709,  "end" : 713 }, 
        {"sofa" : 12,  "begin" : 714,  "end" : 716 }, 
        {"sofa" : 12,  "begin" : 717,  "end" : 722 }, 
        {"sofa" : 12,  "begin" : 723,  "end" : 729 }, 
        {"sofa" : 12,  "begin" : 730,  "end" : 733 }, 
        {"sofa" : 12,  "begin" : 734,  "end" : 741 }, 
        {"sofa" : 12,  "begin" : 742,  "end" : 744 }, 
        {"sofa" : 12,  "begin" : 745,  "end" : 755 }, 
        {"sofa" : 12,  "begin" : 756,  "end" : 767 }, 
        {"sofa" : 12,  "begin" : 768,  "end" : 777 }, 
        {"sofa" : 12,  "begin" : 777,  "end" : 778 }, 
        {"sofa" : 12,  "begin" : 780,  "end" : 790 }, 
        {"sofa" : 12,  "begin" : 791,  "end" : 795 }, 
        {"sofa" : 12,  "begin" : 796,  "end" : 801 }, 
        {"sofa" : 12,  "begin" : 802,  "end" : 811 }, 
        {"sofa" : 12,  "begin" : 812,  "end" : 816 }, 
        {"sofa" : 12,  "begin" : 817,  "end" : 822 }, 
        {"sofa" : 12,  "begin" : 823,  "end" : 831 }, 
        {"sofa" : 12,  "begin" : 832,  "end" : 838 }, 
        {"sofa" : 12,  "begin" : 839,  "end" : 842 }, 
        {"sofa" : 12,  "begin" : 843,  "end" : 848 }, 
        {"sofa" : 12,  "begin" : 849,  "end" : 856 }, 
        {"sofa" : 12,  "begin" : 856,  "end" : 857 }, 
        {"sofa" : 12,  "begin" : 859,  "end" : 862 }, 
        {"sofa" : 12,  "begin" : 863,  "end" : 867 }, 
        {"sofa" : 12,  "begin" : 868,  "end" : 871 }, 
        {"sofa" : 12,  "begin" : 872,  "end" : 877 }, 
        {"sofa" : 12,  "begin" : 877,  "end" : 878 }, 
        {"sofa" : 12,  "begin" : 878,  "end" : 879 }, 
        {"sofa" : 12,  "begin" : 879,  "end" : 880 }, 
        {"sofa" : 12,  "begin" : 880,  "end" : 881 }, 
        {"sofa" : 12,  "begin" : 882,  "end" : 887 }, 
        {"sofa" : 12,  "begin" : 888,  "end" : 891 }, 
        {"sofa" : 12,  "begin" : 892,  "end" : 897 }, 
        {"sofa" : 12,  "begin" : 898,  "end" : 900 }, 
        {"sofa" : 12,  "begin" : 901,  "end" : 904 }, 
        {"sofa" : 12,  "begin" : 905,  "end" : 912 }, 
        {"sofa" : 12,  "begin" : 913,  "end" : 915 }, 
        {"sofa" : 12,  "begin" : 916,  "end" : 919 }, 
        {"sofa" : 12,  "begin" : 920,  "end" : 928 }, 
        {"sofa" : 12,  "begin" : 928,  "end" : 929 }, 
        {"sofa" : 12,  "begin" : 929,  "end" : 930 }, 
        {"sofa" : 12,  "begin" : 932,  "end" : 933 }, 
        {"sofa" : 12,  "begin" : 933,  "end" : 934 }, 
        {"sofa" : 12,  "begin" : 935,  "end" : 938 }, 
        {"sofa" : 12,  "begin" : 939,  "end" : 941 }, 
        {"sofa" : 12,  "begin" : 942,  "end" : 948 }, 
        {"sofa" : 12,  "begin" : 949,  "end" : 955 }, 
        {"sofa" : 12,  "begin" : 956,  "end" : 961 }, 
        {"sofa" : 12,  "begin" : 962,  "end" : 964 }, 
        {"sofa" : 12,  "begin" : 965,  "end" : 966 }, 
        {"sofa" : 12,  "begin" : 966,  "end" : 973 }, 
        {"sofa" : 12,  "begin" : 973,  "end" : 974 }, 
        {"sofa" : 12,  "begin" : 975,  "end" : 978 }, 
        {"sofa" : 12,  "begin" : 979,  "end" : 983 }, 
        {"sofa" : 12,  "begin" : 984,  "end" : 993 }, 
        {"sofa" : 12,  "begin" : 994,  "end" : 997 }, 
        {"sofa" : 12,  "begin" : 998,  "end" : 1005 }, 
        {"sofa" : 12,  "begin" : 1005,  "end" : 1006 }, 
        {"sofa" : 12,  "begin" : 1006,  "end" : 1007 }, 
        {"sofa" : 12,  "begin" : 1008,  "end" : 1017 }, 
        {"sofa" : 12,  "begin" : 1018,  "end" : 1022 }, 
        {"sofa" : 12,  "begin" : 1023,  "end" : 1029 }, 
        {"sofa" : 12,  "begin" : 1029,  "end" : 1030 }, 
        {"sofa" : 12,  "begin" : 1031,  "end" : 1034 }, 
        {"sofa" : 12,  "begin" : 1035,  "end" : 1037 }, 
        {"sofa" : 12,  "begin" : 1037,  "end" : 1038 }, 
        {"sofa" : 12,  "begin" : 1038,  "end" : 1040 }, 
        {"sofa" : 12,  "begin" : 1041,  "end" : 1047 }, 
        {"sofa" : 12,  "begin" : 1048,  "end" : 1058 }, 
        {"sofa" : 12,  "begin" : 1059,  "end" : 1061 }, 
        {"sofa" : 12,  "begin" : 1062,  "end" : 1064 }, 
        {"sofa" : 12,  "begin" : 1065,  "end" : 1072 }, 
        {"sofa" : 12,  "begin" : 1073,  "end" : 1083 }, 
        {"sofa" : 12,  "begin" : 1084,  "end" : 1086 }, 
        {"sofa" : 12,  "begin" : 1087,  "end" : 1091 }, 
        {"sofa" : 12,  "begin" : 1092,  "end" : 1099 }, 
        {"sofa" : 12,  "begin" : 1100,  "end" : 1105 }, 
        {"sofa" : 12,  "begin" : 1106,  "end" : 1108 }, 
        {"sofa" : 12,  "begin" : 1109,  "end" : 1113 }, 
        {"sofa" : 12,  "begin" : 1114,  "end" : 1116 }, 
        {"sofa" : 12,  "begin" : 1116,  "end" : 1117 }, 
        {"sofa" : 12,  "begin" : 1117,  "end" : 1118 }, 
        {"sofa" : 12,  "begin" : 1120,  "end" : 1123 }, 
        {"sofa" : 12,  "begin" : 1124,  "end" : 1132 }, 
        {"sofa" : 12,  "begin" : 1133,  "end" : 1135 }, 
        {"sofa" : 12,  "begin" : 1136,  "end" : 1140 }, 
        {"sofa" : 12,  "begin" : 1141,  "end" : 1143 }, 
        {"sofa" : 12,  "begin" : 1144,  "end" : 1145 }, 
        {"sofa" : 12,  "begin" : 1146,  "end" : 1150 }, 
        {"sofa" : 12,  "begin" : 1151,  "end" : 1153 }, 
        {"sofa" : 12,  "begin" : 1154,  "end" : 1161 }, 
        {"sofa" : 12,  "begin" : 1162,  "end" : 1165 }, 
        {"sofa" : 12,  "begin" : 1166,  "end" : 1172 }, 
        {"sofa" : 12,  "begin" : 1173,  "end" : 1179 }, 
        {"sofa" : 12,  "begin" : 1180,  "end" : 1182 }, 
        {"sofa" : 12,  "begin" : 1183,  "end" : 1189 }, 
        {"sofa" : 12,  "begin" : 1190,  "end" : 1200 }, 
        {"sofa" : 12,  "begin" : 1201,  "end" : 1206 }, 
        {"sofa" : 12,  "begin" : 1207,  "end" : 1212 }, 
        {"sofa" : 12,  "begin" : 1213,  "end" : 1215 }, 
        {"sofa" : 12,  "begin" : 1216,  "end" : 1217 }, 
        {"sofa" : 12,  "begin" : 1218,  "end" : 1221 }, 
        {"sofa" : 12,  "begin" : 1222,  "end" : 1231 }, 
        {"sofa" : 12,  "begin" : 1232,  "end" : 1240 }, 
        {"sofa" : 12,  "begin" : 1241,  "end" : 1247 }, 
        {"sofa" : 12,  "begin" : 1248,  "end" : 1256 }, 
        {"sofa" : 12,  "begin" : 1256,  "end" : 1257 }, 
        {"sofa" : 12,  "begin" : 1259,  "end" : 1267 }, 
        {"sofa" : 12,  "begin" : 1268,  "end" : 1274 }, 
        {"sofa" : 12,  "begin" : 1275,  "end" : 1277 }, 
        {"sofa" : 12,  "begin" : 1278,  "end" : 1286 }, 
        {"sofa" : 12,  "begin" : 1287,  "end" : 1295 }, 
        {"sofa" : 12,  "begin" : 1296,  "end" : 1298 }, 
        {"sofa" : 12,  "begin" : 1299,  "end" : 1311 }, 
        {"sofa" : 12,  "begin" : 1311,  "end" : 1312 }, 
        {"sofa" : 12,  "begin" : 1313,  "end" : 1316 }, 
        {"sofa" : 12,  "begin" : 1317,  "end" : 1319 }, 
        {"sofa" : 12,  "begin" : 1320,  "end" : 1322 }, 
        {"sofa" : 12,  "begin" : 1323,  "end" : 1328 }, 
        {"sofa" : 12,  "begin" : 1328,  "end" : 1329 }, 
        {"sofa" : 12,  "begin" : 1331,  "end" : 1336 }, 
        {"sofa" : 12,  "begin" : 1337,  "end" : 1342 }, 
        {"sofa" : 12,  "begin" : 1343,  "end" : 1348 }, 
        {"sofa" : 12,  "begin" : 1349,  "end" : 1355 }, 
        {"sofa" : 12,  "begin" : 1356,  "end" : 1357 }, 
        {"sofa" : 12,  "begin" : 1358,  "end" : 1361 }, 
        {"sofa" : 12,  "begin" : 1362,  "end" : 1366 }, 
        {"sofa" : 12,  "begin" : 1367,  "end" : 1376 }, 
        {"sofa" : 12,  "begin" : 1377,  "end" : 1379 }, 
        {"sofa" : 12,  "begin" : 1380,  "end" : 1385 }, 
        {"sofa" : 12,  "begin" : 1386,  "end" : 1387 }, 
        {"sofa" : 12,  "begin" : 1388,  "end" : 1392 }, 
        {"sofa" : 12,  "begin" : 1393,  "end" : 1403 }, 
        {"sofa" : 12,  "begin" : 1404,  "end" : 1408 }, 
        {"sofa" : 12,  "begin" : 1409,  "end" : 1411 }, 
        {"sofa" : 12,  "begin" : 1412,  "end" : 1414 }, 
        {"sofa" : 12,  "begin" : 1415,  "end" : 1417 }, 
        {"sofa" : 12,  "begin" : 1417,  "end" : 1418 }, 
        {"sofa" : 12,  "begin" : 1419,  "end" : 1430 }, 
        {"sofa" : 12,  "begin" : 1431,  "end" : 1436 }, 
        {"sofa" : 12,  "begin" : 1437,  "end" : 1449 }, 
        {"sofa" : 12,  "begin" : 1450,  "end" : 1452 }, 
        {"sofa" : 12,  "begin" : 1453,  "end" : 1463 }, 
        {"sofa" : 12,  "begin" : 1464,  "end" : 1467 }, 
        {"sofa" : 12,  "begin" : 1468,  "end" : 1475 }, 
        {"sofa" : 12,  "begin" : 1476,  "end" : 1484 }, 
        {"sofa" : 12,  "begin" : 1484,  "end" : 1485 }, 
        {"sofa" : 12,  "begin" : 1487,  "end" : 1495 }, 
        {"sofa" : 12,  "begin" : 1496,  "end" : 1505 }, 
        {"sofa" : 12,  "begin" : 1506,  "end" : 1512 }, 
        {"sofa" : 12,  "begin" : 1513,  "end" : 1520 }, 
        {"sofa" : 12,  "begin" : 1521,  "end" : 1526 }, 
        {"sofa" : 12,  "begin" : 1527,  "end" : 1533 }, 
        {"sofa" : 12,  "begin" : 1534,  "end" : 1536 }, 
        {"sofa" : 12,  "begin" : 1537,  "end" : 1546 }, 
        {"sofa" : 12,  "begin" : 1547,  "end" : 1549 }, 
        {"sofa" : 12,  "begin" : 1550,  "end" : 1551 }, 
        {"sofa" : 12,  "begin" : 1552,  "end" : 1556 }, 
        {"sofa" : 12,  "begin" : 1557,  "end" : 1559 }, 
        {"sofa" : 12,  "begin" : 1560,  "end" : 1566 }, 
        {"sofa" : 12,  "begin" : 1567,  "end" : 1570 }, 
        {"sofa" : 12,  "begin" : 1571,  "end" : 1573 }, 
        {"sofa" : 12,  "begin" : 1574,  "end" : 1580 }, 
        {"sofa" : 12,  "begin" : 1580,  "end" : 1581 }, 
        {"sofa" : 12,  "begin" : 1583,  "end" : 1586 }, 
        {"sofa" : 12,  "begin" : 1587,  "end" : 1590 }, 
        {"sofa" : 12,  "begin" : 1591,  "end" : 1597 }, 
        {"sofa" : 12,  "begin" : 1598,  "end" : 1604 }, 
        {"sofa" : 12,  "begin" : 1605,  "end" : 1610 }, 
        {"sofa" : 12,  "begin" : 1611,  "end" : 1615 }, 
        {"sofa" : 12,  "begin" : 1616,  "end" : 1619 }, 
        {"sofa" : 12,  "begin" : 1620,  "end" : 1623 }, 
        {"sofa" : 12,  "begin" : 1624,  "end" : 1631 }, 
        {"sofa" : 12,  "begin" : 1632,  "end" : 1643 }, 
        {"sofa" : 12,  "begin" : 1644,  "end" : 1652 }, 
        {"sofa" : 12,  "begin" : 1653,  "end" : 1658 }, 
        {"sofa" : 12,  "begin" : 1659,  "end" : 1664 }, 
        {"sofa" : 12,  "begin" : 1665,  "end" : 1670 }, 
        {"sofa" : 12,  "begin" : 1671,  "end" : 1676 }, 
        {"sofa" : 12,  "begin" : 1677,  "end" : 1682 }, 
        {"sofa" : 12,  "begin" : 1682,  "end" : 1683 }, 
        {"sofa" : 12,  "begin" : 1685,  "end" : 1688 }, 
        {"sofa" : 12,  "begin" : 1689,  "end" : 1693 }, 
        {"sofa" : 12,  "begin" : 1694,  "end" : 1698 }, 
        {"sofa" : 12,  "begin" : 1699,  "end" : 1709 }, 
        {"sofa" : 12,  "begin" : 1710,  "end" : 1715 }, 
        {"sofa" : 12,  "begin" : 1716,  "end" : 1725 }, 
        {"sofa" : 12,  "begin" : 1726,  "end" : 1734 }, 
        {"sofa" : 12,  "begin" : 1734,  "end" : 1735 }, 
        {"sofa" : 12,  "begin" : 1737,  "end" : 1740 }, 
        {"sofa" : 12,  "begin" : 1741,  "end" : 1749 }, 
        {"sofa" : 12,  "begin" : 1750,  "end" : 1753 }, 
        {"sofa" : 12,  "begin" : 1754,  "end" : 1758 }, 
        {"sofa" : 12,  "begin" : 1759,  "end" : 1762 }, 
        {"sofa" : 12,  "begin" : 1763,  "end" : 1770 }, 
        {"sofa" : 12,  "begin" : 1771,  "end" : 1775 }, 
        {"sofa" : 12,  "begin" : 1776,  "end" : 1784 }, 
        {"sofa" : 12,  "begin" : 1785,  "end" : 1789 }, 
        {"sofa" : 12,  "begin" : 1790,  "end" : 1793 }, 
        {"sofa" : 12,  "begin" : 1794,  "end" : 1799 }, 
        {"sofa" : 12,  "begin" : 1799,  "end" : 1800 }, 
        {"sofa" : 12,  "begin" : 1802,  "end" : 1805 }, 
        {"sofa" : 12,  "begin" : 1806,  "end" : 1811 }, 
        {"sofa" : 12,  "begin" : 1812,  "end" : 1815 }, 
        {"sofa" : 12,  "begin" : 1816,  "end" : 1819 }, 
        {"sofa" : 12,  "begin" : 1819,  "end" : 1820 }, 
        {"sofa" : 12,  "begin" : 1821,  "end" : 1822 }, 
        {"sofa" : 12,  "begin" : 1822,  "end" : 1830 }, 
        {"sofa" : 12,  "begin" : 1831,  "end" : 1833 }, 
        {"sofa" : 12,  "begin" : 1834,  "end" : 1841 }, 
        {"sofa" : 12,  "begin" : 1842,  "end" : 1844 }, 
        {"sofa" : 12,  "begin" : 1845,  "end" : 1851 }, 
        {"sofa" : 12,  "begin" : 1852,  "end" : 1854 }, 
        {"sofa" : 12,  "begin" : 1855,  "end" : 1864 }, 
        {"sofa" : 12,  "begin" : 1865,  "end" : 1868 }, 
        {"sofa" : 12,  "begin" : 1869,  "end" : 1878 }, 
        {"sofa" : 12,  "begin" : 1879,  "end" : 1891 }, 
        {"sofa" : 12,  "begin" : 1892,  "end" : 1895 }, 
        {"sofa" : 12,  "begin" : 1896,  "end" : 1904 }, 
        {"sofa" : 12,  "begin" : 1905,  "end" : 1909 }, 
        {"sofa" : 12,  "begin" : 1910,  "end" : 1917 }, 
        {"sofa" : 12,  "begin" : 1917,  "end" : 1918 }, 
        {"sofa" : 12,  "begin" : 1918,  "end" : 1919 } ], 
      "Persuasive_Labels" : [
        {"sofa" : 12,  "begin" : 253,  "end" : 307,  "DistinctiveLinguisticFeatures" : "distinctive linguistic features" }, 
        {"sofa" : 12,  "begin" : 253,  "end" : 307,  "DistinctiveLinguisticFeatures" : "title of article as clickbait" }, 
        {"sofa" : 12,  "begin" : 475,  "end" : 492,  "EstablishingLegitimacy" : "surface credibility markers - simply claiming authority or credibility" }, 
        {"sofa" : 12,  "begin" : 475,  "end" : 492,  "EstablishingLegitimacy" : "Establishing Legitimacy" }, 
        {"sofa" : 12,  "begin" : 495,  "end" : 778,  "InappropriateUseofScientificEvidence" : "inappropriate use of scientific evidence" }, 
        {"sofa" : 12,  "begin" : 495,  "end" : 778,  "InappropriateUseofScientificEvidence" : "Inappropriate Use of Scientific Evidence - out of context_verified" }, 
        {"sofa" : 12,  "begin" : 606,  "end" : 703,  "EstablishingLegitimacy" : "Establishing Legitimacy" }, 
        {"sofa" : 12,  "begin" : 606,  "end" : 703,  "EstablishingLegitimacy" : "citing source to establish legitimacy_source not verified" }, 
        {"sofa" : 12,  "begin" : 780,  "end" : 816,  "EstablishingLegitimacy" : "Establishing Legitimacy" }, 
        {"sofa" : 12,  "begin" : 780,  "end" : 816,  "EstablishingLegitimacy" : "citing source to establish legitimacy_source not verified" }, 
        {"sofa" : 12,  "begin" : 892,  "end" : 929,  "EmotionalAppeals" : "emotional appeals" }, 
        {"sofa" : 12,  "begin" : 892,  "end" : 928,  "EmotionalAppeals" : "fear" }, 
        {"sofa" : 12,  "begin" : 1035,  "end" : 1117,  "EmotionalAppeals" : "hope" }, 
        {"sofa" : 12,  "begin" : 1035,  "end" : 1117,  "EmotionalAppeals" : "emotional appeals" }, 
        {"sofa" : 12,  "begin" : 1120,  "end" : 1257,  "EstablishingLegitimacy" : "Establishing Legitimacy" }, 
        {"sofa" : 12,  "begin" : 1120,  "end" : 1257,  "EstablishingLegitimacy" : "surface credibility markers - simply claiming authority or credibility" }, 
        {"sofa" : 12,  "begin" : 1259,  "end" : 1581,  "InappropriateUseofScientificEvidence" : "less robust evidence or outdated evidence_verify" }, 
        {"sofa" : 12,  "begin" : 1259,  "end" : 1581,  "InappropriateUseofScientificEvidence" : "inappropriate use of scientific evidence" } ] } }, 
  "_referenced_fss" : {
    "12" : {"_type" : "Sofa",  "sofaNum" : 1,  "sofaID" : "_InitialView",  "mimeType" : "text",  "sofaString" : "﻿snes-00102 A scientific study has concluded that drinking young people’s blood provides health and longevity benefits. \r\nSource: https://archive.ph/NL0lD \r\nFact checking: https://www.snopes.com/fact-check/drink-young-blood-health/ \r\n Actual content: \r\nYoung blood could be the secret to long-lasting health: study\r\nBy Gerard du Cann, The Sun\r\nSeptember 10, 2018 | 11:00am | Updated\r\nDrinking young people’s blood could help you live longer and prevent age-related diseases, a study has found.\r\nBlood factors taken from younger animals have been found to improve the later-life health of older creatures.\r\nThe study, published in Nature, was conducted by researchers from University College London (UCL), who said it could reduce the chances of developing age-related disorders.\r\nGeneticist Dame Linda Partridge said these included cancer and heart disease.\r\nShe told The Times: “I would say aging is the emperor of all diseases.”\r\n“A lot of people regard aging as ‘natural’ and that therefore you shouldn’t interfere with nature. But we’ve always considered it an ethical imperative to cure illness where we find it.”\r\nThe research is part of a wave of studies and trials backed by PayPal co-founder Peter Thiel at a San Francisco start-up called Ambrosia.\r\nSeparate trials by Ambrosia involved 70 participants, all 35 or older.\r\nAfter being given plasma — the main component of blood — from volunteers ages 16 to 25, researchers noted improvements in biomarkers for various diseases.\r\nAmbrosia currently offers teenage blood plasma to customers at a cost of $8,000 for 2½ liters.\r\nThe UCL trials showed older mice did not develop age-related diseases after being given young blood.\r\nThe mice also maintained sharp cognitive function.\r\nThe opposite was true for younger mice injected with old blood.\r\nThe study did not: “Research in animals is needed to establish the long-term consequences and possible side effects.”\r\n\r\n" } } }