{"_context" : {
    "_types" : {
      "DocumentMetaData" : {
        "_feature_types" : {"sofa" : "_ref" } }, 
      "Persuasive_Labels" : {
        "_feature_types" : {"sofa" : "_ref" } }, 
      "Sentence" : {
        "_feature_types" : {"sofa" : "_ref" } }, 
      "Sofa" : {
        "_feature_types" : {"sofaArray" : "_ref" } }, 
      "TagsetDescription" : {
        "_feature_types" : {"sofa" : "_ref",  "tags" : "_ref" } }, 
      "Token" : {
        "_feature_types" : {"sofa" : "_ref",  "parent" : "_ref",  "lemma" : "_ref",  "stem" : "_ref",  "pos" : "_ref",  "morph" : "_ref",  "form" : "_ref" } }, 
      "DocumentAnnotation" : {
        "_feature_types" : {"sofa" : "_ref" }, 
        "_subtypes" : ["DocumentMetaData" ] }, 
      "Annotation" : {
        "_feature_types" : {"sofa" : "_ref" }, 
        "_subtypes" : ["DocumentAnnotation",  "Persuasive_Labels",  "Sentence",  "TagsetDescription",  "Token" ] }, 
      "AnnotationBase" : {
        "_feature_types" : {"sofa" : "_ref" }, 
        "_subtypes" : ["Annotation" ] }, 
      "TOP" : {
        "_subtypes" : ["AnnotationBase",  "Sofa" ] } } }, 
  "_views" : {
    "_InitialView" : {
      "DocumentMetaData" : [
        {"sofa" : 12,  "end" : 719,  "language" : "x-unspecified",  "documentTitle" : "211.%20tron-01386%20Vitamin-C%20and%20Shrimp%20are%20a%20poisonous%20combination.txt",  "documentId" : "admin",  "documentUri" : "file:/C:/Users/huiyi/.webanno/repository/project/4/document/614/source/admin",  "collectionId" : "file:/C:/Users/huiyi/.webanno/repository/project/4/document/614/source/",  "documentBaseUri" : "file:/C:/Users/huiyi/.webanno/repository/project/4/document/614/source/",  "isLastSegment" : false } ], 
      "TagsetDescription" : [
        {"sofa" : 12,  "layer" : "de.tudarmstadt.ukp.dkpro.core.api.syntax.type.dependency.Dependency",  "name" : "UD Universal Dependencies (v2)",  "input" : false }, 
        {"sofa" : 12,  "layer" : "de.tudarmstadt.ukp.dkpro.core.api.ner.type.NamedEntity",  "name" : "Named Entity tags",  "input" : false }, 
        {"sofa" : 12,  "layer" : "de.tudarmstadt.ukp.dkpro.core.api.transform.type.SofaChangeAnnotation",  "name" : "Operation",  "input" : false }, 
        {"sofa" : 12,  "layer" : "de.tudarmstadt.ukp.dkpro.core.api.lexmorph.type.pos.POS",  "name" : "UD Universal POS tags (v2)",  "input" : false }, 
        {"sofa" : 12,  "layer" : "webanno.custom.Persuasive_Labels",  "name" : "2. Using Anecdotes and Personal Experience as Evidence",  "input" : false } ], 
      "Sentence" : [
        {"sofa" : 12,  "end" : 268 }, 
        {"sofa" : 12,  "begin" : 269,  "end" : 372 }, 
        {"sofa" : 12,  "begin" : 373,  "end" : 488 }, 
        {"sofa" : 12,  "begin" : 489,  "end" : 653 }, 
        {"sofa" : 12,  "begin" : 654,  "end" : 715 } ], 
      "Token" : [
        {"sofa" : 12,  "end" : 5 }, 
        {"sofa" : 12,  "begin" : 5,  "end" : 6 }, 
        {"sofa" : 12,  "begin" : 6,  "end" : 11 }, 
        {"sofa" : 12,  "begin" : 12,  "end" : 21 }, 
        {"sofa" : 12,  "begin" : 22,  "end" : 25 }, 
        {"sofa" : 12,  "begin" : 26,  "end" : 32 }, 
        {"sofa" : 12,  "begin" : 33,  "end" : 36 }, 
        {"sofa" : 12,  "begin" : 37,  "end" : 38 }, 
        {"sofa" : 12,  "begin" : 39,  "end" : 48 }, 
        {"sofa" : 12,  "begin" : 49,  "end" : 60 }, 
        {"sofa" : 12,  "begin" : 62,  "end" : 68 }, 
        {"sofa" : 12,  "begin" : 68,  "end" : 69 }, 
        {"sofa" : 12,  "begin" : 70,  "end" : 75 }, 
        {"sofa" : 12,  "begin" : 75,  "end" : 76 }, 
        {"sofa" : 12,  "begin" : 76,  "end" : 77 }, 
        {"sofa" : 12,  "begin" : 77,  "end" : 78 }, 
        {"sofa" : 12,  "begin" : 78,  "end" : 92 }, 
        {"sofa" : 12,  "begin" : 92,  "end" : 93 }, 
        {"sofa" : 12,  "begin" : 93,  "end" : 103 }, 
        {"sofa" : 12,  "begin" : 103,  "end" : 104 }, 
        {"sofa" : 12,  "begin" : 104,  "end" : 117 }, 
        {"sofa" : 12,  "begin" : 117,  "end" : 118 }, 
        {"sofa" : 12,  "begin" : 121,  "end" : 125 }, 
        {"sofa" : 12,  "begin" : 126,  "end" : 134 }, 
        {"sofa" : 12,  "begin" : 134,  "end" : 135 }, 
        {"sofa" : 12,  "begin" : 136,  "end" : 141 }, 
        {"sofa" : 12,  "begin" : 141,  "end" : 142 }, 
        {"sofa" : 12,  "begin" : 142,  "end" : 143 }, 
        {"sofa" : 12,  "begin" : 143,  "end" : 144 }, 
        {"sofa" : 12,  "begin" : 144,  "end" : 166 }, 
        {"sofa" : 12,  "begin" : 166,  "end" : 167 }, 
        {"sofa" : 12,  "begin" : 167,  "end" : 180 }, 
        {"sofa" : 12,  "begin" : 180,  "end" : 181 }, 
        {"sofa" : 12,  "begin" : 184,  "end" : 190 }, 
        {"sofa" : 12,  "begin" : 191,  "end" : 198 }, 
        {"sofa" : 12,  "begin" : 198,  "end" : 199 }, 
        {"sofa" : 12,  "begin" : 202,  "end" : 203 }, 
        {"sofa" : 12,  "begin" : 203,  "end" : 212 }, 
        {"sofa" : 12,  "begin" : 213,  "end" : 216 }, 
        {"sofa" : 12,  "begin" : 217,  "end" : 223 }, 
        {"sofa" : 12,  "begin" : 223,  "end" : 224 }, 
        {"sofa" : 12,  "begin" : 225,  "end" : 233 }, 
        {"sofa" : 12,  "begin" : 234,  "end" : 238 }, 
        {"sofa" : 12,  "begin" : 238,  "end" : 239 }, 
        {"sofa" : 12,  "begin" : 241,  "end" : 242 }, 
        {"sofa" : 12,  "begin" : 243,  "end" : 248 }, 
        {"sofa" : 12,  "begin" : 249,  "end" : 256 }, 
        {"sofa" : 12,  "begin" : 257,  "end" : 259 }, 
        {"sofa" : 12,  "begin" : 260,  "end" : 262 }, 
        {"sofa" : 12,  "begin" : 263,  "end" : 267 }, 
        {"sofa" : 12,  "begin" : 267,  "end" : 268 }, 
        {"sofa" : 12,  "begin" : 269,  "end" : 272 }, 
        {"sofa" : 12,  "begin" : 273,  "end" : 280 }, 
        {"sofa" : 12,  "begin" : 281,  "end" : 285 }, 
        {"sofa" : 12,  "begin" : 286,  "end" : 290 }, 
        {"sofa" : 12,  "begin" : 291,  "end" : 292 }, 
        {"sofa" : 12,  "begin" : 293,  "end" : 301 }, 
        {"sofa" : 12,  "begin" : 302,  "end" : 306 }, 
        {"sofa" : 12,  "begin" : 307,  "end" : 315 }, 
        {"sofa" : 12,  "begin" : 316,  "end" : 320 }, 
        {"sofa" : 12,  "begin" : 321,  "end" : 326 }, 
        {"sofa" : 12,  "begin" : 327,  "end" : 332 }, 
        {"sofa" : 12,  "begin" : 333,  "end" : 336 }, 
        {"sofa" : 12,  "begin" : 337,  "end" : 339 }, 
        {"sofa" : 12,  "begin" : 340,  "end" : 343 }, 
        {"sofa" : 12,  "begin" : 344,  "end" : 349 }, 
        {"sofa" : 12,  "begin" : 349,  "end" : 350 }, 
        {"sofa" : 12,  "begin" : 351,  "end" : 355 }, 
        {"sofa" : 12,  "begin" : 355,  "end" : 356 }, 
        {"sofa" : 12,  "begin" : 357,  "end" : 361 }, 
        {"sofa" : 12,  "begin" : 361,  "end" : 362 }, 
        {"sofa" : 12,  "begin" : 363,  "end" : 366 }, 
        {"sofa" : 12,  "begin" : 367,  "end" : 371 }, 
        {"sofa" : 12,  "begin" : 371,  "end" : 372 }, 
        {"sofa" : 12,  "begin" : 373,  "end" : 376 }, 
        {"sofa" : 12,  "begin" : 377,  "end" : 384 }, 
        {"sofa" : 12,  "begin" : 385,  "end" : 390 }, 
        {"sofa" : 12,  "begin" : 391,  "end" : 395 }, 
        {"sofa" : 12,  "begin" : 396,  "end" : 399 }, 
        {"sofa" : 12,  "begin" : 400,  "end" : 404 }, 
        {"sofa" : 12,  "begin" : 405,  "end" : 408 }, 
        {"sofa" : 12,  "begin" : 409,  "end" : 417 }, 
        {"sofa" : 12,  "begin" : 418,  "end" : 419 }, 
        {"sofa" : 12,  "begin" : 420,  "end" : 423 }, 
        {"sofa" : 12,  "begin" : 424,  "end" : 426 }, 
        {"sofa" : 12,  "begin" : 427,  "end" : 434 }, 
        {"sofa" : 12,  "begin" : 435,  "end" : 438 }, 
        {"sofa" : 12,  "begin" : 439,  "end" : 443 }, 
        {"sofa" : 12,  "begin" : 444,  "end" : 451 }, 
        {"sofa" : 12,  "begin" : 452,  "end" : 453 }, 
        {"sofa" : 12,  "begin" : 454,  "end" : 456 }, 
        {"sofa" : 12,  "begin" : 457,  "end" : 460 }, 
        {"sofa" : 12,  "begin" : 461,  "end" : 465 }, 
        {"sofa" : 12,  "begin" : 466,  "end" : 470 }, 
        {"sofa" : 12,  "begin" : 471,  "end" : 477 }, 
        {"sofa" : 12,  "begin" : 478,  "end" : 481 }, 
        {"sofa" : 12,  "begin" : 482,  "end" : 487 }, 
        {"sofa" : 12,  "begin" : 487,  "end" : 488 }, 
        {"sofa" : 12,  "begin" : 489,  "end" : 492 }, 
        {"sofa" : 12,  "begin" : 493,  "end" : 499 }, 
        {"sofa" : 12,  "begin" : 500,  "end" : 503 }, 
        {"sofa" : 12,  "begin" : 504,  "end" : 511 }, 
        {"sofa" : 12,  "begin" : 512,  "end" : 513 }, 
        {"sofa" : 12,  "begin" : 514,  "end" : 516 }, 
        {"sofa" : 12,  "begin" : 517,  "end" : 520 }, 
        {"sofa" : 12,  "begin" : 521,  "end" : 530 }, 
        {"sofa" : 12,  "begin" : 531,  "end" : 537 }, 
        {"sofa" : 12,  "begin" : 538,  "end" : 546 }, 
        {"sofa" : 12,  "begin" : 547,  "end" : 550 }, 
        {"sofa" : 12,  "begin" : 551,  "end" : 558 }, 
        {"sofa" : 12,  "begin" : 559,  "end" : 567 }, 
        {"sofa" : 12,  "begin" : 568,  "end" : 572 }, 
        {"sofa" : 12,  "begin" : 573,  "end" : 577 }, 
        {"sofa" : 12,  "begin" : 578,  "end" : 581 }, 
        {"sofa" : 12,  "begin" : 582,  "end" : 588 }, 
        {"sofa" : 12,  "begin" : 589,  "end" : 592 }, 
        {"sofa" : 12,  "begin" : 593,  "end" : 596 }, 
        {"sofa" : 12,  "begin" : 597,  "end" : 601 }, 
        {"sofa" : 12,  "begin" : 602,  "end" : 606 }, 
        {"sofa" : 12,  "begin" : 608,  "end" : 615 }, 
        {"sofa" : 12,  "begin" : 616,  "end" : 617 }, 
        {"sofa" : 12,  "begin" : 618,  "end" : 620 }, 
        {"sofa" : 12,  "begin" : 621,  "end" : 628 }, 
        {"sofa" : 12,  "begin" : 629,  "end" : 632 }, 
        {"sofa" : 12,  "begin" : 633,  "end" : 638 }, 
        {"sofa" : 12,  "begin" : 639,  "end" : 646 }, 
        {"sofa" : 12,  "begin" : 647,  "end" : 652 }, 
        {"sofa" : 12,  "begin" : 652,  "end" : 653 }, 
        {"sofa" : 12,  "begin" : 654,  "end" : 656 }, 
        {"sofa" : 12,  "begin" : 656,  "end" : 657 }, 
        {"sofa" : 12,  "begin" : 658,  "end" : 664 }, 
        {"sofa" : 12,  "begin" : 664,  "end" : 665 }, 
        {"sofa" : 12,  "begin" : 666,  "end" : 669 }, 
        {"sofa" : 12,  "begin" : 670,  "end" : 672 }, 
        {"sofa" : 12,  "begin" : 673,  "end" : 676 }, 
        {"sofa" : 12,  "begin" : 677,  "end" : 683 }, 
        {"sofa" : 12,  "begin" : 684,  "end" : 687 }, 
        {"sofa" : 12,  "begin" : 688,  "end" : 695 }, 
        {"sofa" : 12,  "begin" : 696,  "end" : 697 }, 
        {"sofa" : 12,  "begin" : 698,  "end" : 700 }, 
        {"sofa" : 12,  "begin" : 701,  "end" : 704 }, 
        {"sofa" : 12,  "begin" : 705,  "end" : 709 }, 
        {"sofa" : 12,  "begin" : 710,  "end" : 714 }, 
        {"sofa" : 12,  "begin" : 714,  "end" : 715 } ], 
      "Persuasive_Labels" : [
        {"sofa" : 12,  "begin" : 269,  "end" : 488,  "FabricatingNarrativewithDetails" : "Narrative with Details" }, 
        {"sofa" : 12,  "begin" : 269,  "end" : 488,  "FabricatingNarrativewithDetails" : "Narrative with details_verified to be false" }, 
        {"sofa" : 12,  "begin" : 269,  "end" : 372,  "EmotionalAppeals" : "emotional appeals" }, 
        {"sofa" : 12,  "begin" : 269,  "end" : 372,  "EmotionalAppeals" : "fear" }, 
        {"sofa" : 12,  "begin" : 489,  "end" : 653,  "InappropriateUseofScientificEvidence" : "lack of citation for evidence" }, 
        {"sofa" : 12,  "begin" : 489,  "end" : 653,  "InappropriateUseofScientificEvidence" : "inappropriate use of scientific and Other evidence" }, 
        {"sofa" : 12,  "begin" : 654,  "end" : 665,  "EmotionalAppeals" : "emotional appeals" }, 
        {"sofa" : 12,  "begin" : 658,  "end" : 664,  "EmotionalAppeals" : "anxiety" } ] } }, 
  "_referenced_fss" : {
    "12" : {"_type" : "Sofa",  "sofaNum" : 1,  "sofaID" : "_InitialView",  "mimeType" : "text",  "sofaString" : "﻿tron-01386 Vitamin-C and Shrimp are a poisonous combination\r\nSource: https://www.snopes.com/fact-check/prawn-shopped/ \r\nFact checking: https://www.truthorfiction.com/vitaminshrimp/ \r\nActual content: \r\n[Collected via e-mail, February 2014]\r\nI can't believe it is true. The message goes with a teenager died suddenly with blood swell out of her mouth, nose, ears, and eyes. The autopsy found that the girl had consumed a lot of shrimps and took vitamin C at the same time before her death. The shrimp and vitamin C in her digestion system combined the arsenic chemical AsO5 from the shrimp and the acid from\r\nvitamin C to produce the fatal cyanide As2O3. So, beware, not to eat shrimp and vitamin C at the same time.\r\n\r\n" } } }