{"_context" : {
    "_types" : {
      "DocumentMetaData" : {
        "_feature_types" : {"sofa" : "_ref" } }, 
      "Persuasive_Labels" : {
        "_feature_types" : {"sofa" : "_ref" } }, 
      "Sentence" : {
        "_feature_types" : {"sofa" : "_ref" } }, 
      "Sofa" : {
        "_feature_types" : {"sofaArray" : "_ref" } }, 
      "TagsetDescription" : {
        "_feature_types" : {"sofa" : "_ref",  "tags" : "_ref" } }, 
      "Token" : {
        "_feature_types" : {"sofa" : "_ref",  "parent" : "_ref",  "lemma" : "_ref",  "stem" : "_ref",  "pos" : "_ref",  "morph" : "_ref",  "form" : "_ref" } }, 
      "DocumentAnnotation" : {
        "_feature_types" : {"sofa" : "_ref" }, 
        "_subtypes" : ["DocumentMetaData" ] }, 
      "Annotation" : {
        "_feature_types" : {"sofa" : "_ref" }, 
        "_subtypes" : ["DocumentAnnotation",  "Persuasive_Labels",  "Sentence",  "TagsetDescription",  "Token" ] }, 
      "AnnotationBase" : {
        "_feature_types" : {"sofa" : "_ref" }, 
        "_subtypes" : ["Annotation" ] }, 
      "TOP" : {
        "_subtypes" : ["AnnotationBase",  "Sofa" ] } } }, 
  "_views" : {
    "_InitialView" : {
      "DocumentMetaData" : [
        {"sofa" : 12,  "end" : 3569,  "language" : "x-unspecified",  "documentTitle" : "116.%20tron-02226%20Aborted%20Babies%20Incinerated%20To%20Heat%20U.K.%20Hospitals.txt",  "documentId" : "admin",  "documentUri" : "file:/C:/Users/huiyi/.webanno/repository/project/4/document/310/source/admin",  "collectionId" : "file:/C:/Users/huiyi/.webanno/repository/project/4/document/310/source/",  "documentBaseUri" : "file:/C:/Users/huiyi/.webanno/repository/project/4/document/310/source/",  "isLastSegment" : false } ], 
      "TagsetDescription" : [
        {"sofa" : 12,  "layer" : "de.tudarmstadt.ukp.dkpro.core.api.syntax.type.dependency.Dependency",  "name" : "UD Universal Dependencies (v2)",  "input" : false }, 
        {"sofa" : 12,  "layer" : "de.tudarmstadt.ukp.dkpro.core.api.ner.type.NamedEntity",  "name" : "Named Entity tags",  "input" : false }, 
        {"sofa" : 12,  "layer" : "de.tudarmstadt.ukp.dkpro.core.api.transform.type.SofaChangeAnnotation",  "name" : "Operation",  "input" : false }, 
        {"sofa" : 12,  "layer" : "de.tudarmstadt.ukp.dkpro.core.api.lexmorph.type.pos.POS",  "name" : "UD Universal POS tags (v2)",  "input" : false }, 
        {"sofa" : 12,  "layer" : "webanno.custom.Persuasive_Labels",  "name" : "2. Using Anecdotes and Personal Experience as Evidence",  "input" : false } ], 
      "Sentence" : [
        {"sofa" : 12,  "end" : 51 }, 
        {"sofa" : 12,  "begin" : 52,  "end" : 527 }, 
        {"sofa" : 12,  "begin" : 529,  "end" : 696 }, 
        {"sofa" : 12,  "begin" : 698,  "end" : 840 }, 
        {"sofa" : 12,  "begin" : 842,  "end" : 972 }, 
        {"sofa" : 12,  "begin" : 974,  "end" : 1332 }, 
        {"sofa" : 12,  "begin" : 1333,  "end" : 1387 }, 
        {"sofa" : 12,  "begin" : 1389,  "end" : 1534 }, 
        {"sofa" : 12,  "begin" : 1536,  "end" : 1640 }, 
        {"sofa" : 12,  "begin" : 1641,  "end" : 1698 }, 
        {"sofa" : 12,  "begin" : 1700,  "end" : 1757 }, 
        {"sofa" : 12,  "begin" : 1759,  "end" : 1974 }, 
        {"sofa" : 12,  "begin" : 1976,  "end" : 2081 }, 
        {"sofa" : 12,  "begin" : 2083,  "end" : 2221 }, 
        {"sofa" : 12,  "begin" : 2223,  "end" : 2306 }, 
        {"sofa" : 12,  "begin" : 2308,  "end" : 2454 }, 
        {"sofa" : 12,  "begin" : 2456,  "end" : 2596 }, 
        {"sofa" : 12,  "begin" : 2598,  "end" : 2678 }, 
        {"sofa" : 12,  "begin" : 2680,  "end" : 2833 }, 
        {"sofa" : 12,  "begin" : 2835,  "end" : 2967 }, 
        {"sofa" : 12,  "begin" : 2969,  "end" : 3057 }, 
        {"sofa" : 12,  "begin" : 3059,  "end" : 3299 }, 
        {"sofa" : 12,  "begin" : 3301,  "end" : 3460 }, 
        {"sofa" : 12,  "begin" : 3462,  "end" : 3565 } ], 
      "Token" : [
        {"sofa" : 12,  "end" : 5 }, 
        {"sofa" : 12,  "begin" : 5,  "end" : 6 }, 
        {"sofa" : 12,  "begin" : 6,  "end" : 11 }, 
        {"sofa" : 12,  "begin" : 12,  "end" : 19 }, 
        {"sofa" : 12,  "begin" : 20,  "end" : 26 }, 
        {"sofa" : 12,  "begin" : 27,  "end" : 38 }, 
        {"sofa" : 12,  "begin" : 39,  "end" : 41 }, 
        {"sofa" : 12,  "begin" : 42,  "end" : 46 }, 
        {"sofa" : 12,  "begin" : 47,  "end" : 50 }, 
        {"sofa" : 12,  "begin" : 50,  "end" : 51 }, 
        {"sofa" : 12,  "begin" : 52,  "end" : 61 }, 
        {"sofa" : 12,  "begin" : 63,  "end" : 69 }, 
        {"sofa" : 12,  "begin" : 69,  "end" : 70 }, 
        {"sofa" : 12,  "begin" : 71,  "end" : 76 }, 
        {"sofa" : 12,  "begin" : 76,  "end" : 77 }, 
        {"sofa" : 12,  "begin" : 77,  "end" : 78 }, 
        {"sofa" : 12,  "begin" : 78,  "end" : 79 }, 
        {"sofa" : 12,  "begin" : 79,  "end" : 98 }, 
        {"sofa" : 12,  "begin" : 98,  "end" : 99 }, 
        {"sofa" : 12,  "begin" : 99,  "end" : 106 }, 
        {"sofa" : 12,  "begin" : 106,  "end" : 107 }, 
        {"sofa" : 12,  "begin" : 107,  "end" : 111 }, 
        {"sofa" : 12,  "begin" : 111,  "end" : 112 }, 
        {"sofa" : 12,  "begin" : 112,  "end" : 114 }, 
        {"sofa" : 12,  "begin" : 114,  "end" : 115 }, 
        {"sofa" : 12,  "begin" : 115,  "end" : 117 }, 
        {"sofa" : 12,  "begin" : 117,  "end" : 118 }, 
        {"sofa" : 12,  "begin" : 118,  "end" : 165 }, 
        {"sofa" : 12,  "begin" : 165,  "end" : 166 }, 
        {"sofa" : 12,  "begin" : 169,  "end" : 173 }, 
        {"sofa" : 12,  "begin" : 174,  "end" : 182 }, 
        {"sofa" : 12,  "begin" : 182,  "end" : 183 }, 
        {"sofa" : 12,  "begin" : 184,  "end" : 189 }, 
        {"sofa" : 12,  "begin" : 189,  "end" : 190 }, 
        {"sofa" : 12,  "begin" : 190,  "end" : 191 }, 
        {"sofa" : 12,  "begin" : 191,  "end" : 192 }, 
        {"sofa" : 12,  "begin" : 192,  "end" : 214 }, 
        {"sofa" : 12,  "begin" : 214,  "end" : 215 }, 
        {"sofa" : 12,  "begin" : 215,  "end" : 256 }, 
        {"sofa" : 12,  "begin" : 256,  "end" : 257 }, 
        {"sofa" : 12,  "begin" : 260,  "end" : 266 }, 
        {"sofa" : 12,  "begin" : 267,  "end" : 274 }, 
        {"sofa" : 12,  "begin" : 274,  "end" : 275 }, 
        {"sofa" : 12,  "begin" : 278,  "end" : 285 }, 
        {"sofa" : 12,  "begin" : 286,  "end" : 292 }, 
        {"sofa" : 12,  "begin" : 293,  "end" : 304 }, 
        {"sofa" : 12,  "begin" : 305,  "end" : 307 }, 
        {"sofa" : 12,  "begin" : 308,  "end" : 312 }, 
        {"sofa" : 12,  "begin" : 313,  "end" : 315 }, 
        {"sofa" : 12,  "begin" : 316,  "end" : 325 }, 
        {"sofa" : 12,  "begin" : 327,  "end" : 329 }, 
        {"sofa" : 12,  "begin" : 330,  "end" : 335 }, 
        {"sofa" : 12,  "begin" : 336,  "end" : 343 }, 
        {"sofa" : 12,  "begin" : 343,  "end" : 344 }, 
        {"sofa" : 12,  "begin" : 345,  "end" : 352 }, 
        {"sofa" : 12,  "begin" : 353,  "end" : 366 }, 
        {"sofa" : 12,  "begin" : 368,  "end" : 371 }, 
        {"sofa" : 12,  "begin" : 372,  "end" : 378 }, 
        {"sofa" : 12,  "begin" : 379,  "end" : 381 }, 
        {"sofa" : 12,  "begin" : 382,  "end" : 391 }, 
        {"sofa" : 12,  "begin" : 392,  "end" : 394 }, 
        {"sofa" : 12,  "begin" : 395,  "end" : 402 }, 
        {"sofa" : 12,  "begin" : 403,  "end" : 406 }, 
        {"sofa" : 12,  "begin" : 407,  "end" : 417 }, 
        {"sofa" : 12,  "begin" : 418,  "end" : 424 }, 
        {"sofa" : 12,  "begin" : 425,  "end" : 429 }, 
        {"sofa" : 12,  "begin" : 430,  "end" : 441 }, 
        {"sofa" : 12,  "begin" : 442,  "end" : 444 }, 
        {"sofa" : 12,  "begin" : 445,  "end" : 453 }, 
        {"sofa" : 12,  "begin" : 454,  "end" : 459 }, 
        {"sofa" : 12,  "begin" : 459,  "end" : 460 }, 
        {"sofa" : 12,  "begin" : 461,  "end" : 465 }, 
        {"sofa" : 12,  "begin" : 466,  "end" : 470 }, 
        {"sofa" : 12,  "begin" : 471,  "end" : 475 }, 
        {"sofa" : 12,  "begin" : 476,  "end" : 480 }, 
        {"sofa" : 12,  "begin" : 481,  "end" : 483 }, 
        {"sofa" : 12,  "begin" : 484,  "end" : 488 }, 
        {"sofa" : 12,  "begin" : 489,  "end" : 498 }, 
        {"sofa" : 12,  "begin" : 498,  "end" : 499 }, 
        {"sofa" : 12,  "begin" : 500,  "end" : 502 }, 
        {"sofa" : 12,  "begin" : 503,  "end" : 516 }, 
        {"sofa" : 12,  "begin" : 517,  "end" : 520 }, 
        {"sofa" : 12,  "begin" : 521,  "end" : 526 }, 
        {"sofa" : 12,  "begin" : 526,  "end" : 527 }, 
        {"sofa" : 12,  "begin" : 529,  "end" : 532 }, 
        {"sofa" : 12,  "begin" : 533,  "end" : 536 }, 
        {"sofa" : 12,  "begin" : 537,  "end" : 543 }, 
        {"sofa" : 12,  "begin" : 544,  "end" : 548 }, 
        {"sofa" : 12,  "begin" : 549,  "end" : 557 }, 
        {"sofa" : 12,  "begin" : 558,  "end" : 565 }, 
        {"sofa" : 12,  "begin" : 566,  "end" : 572 }, 
        {"sofa" : 12,  "begin" : 573,  "end" : 580 }, 
        {"sofa" : 12,  "begin" : 581,  "end" : 590 }, 
        {"sofa" : 12,  "begin" : 591,  "end" : 596 }, 
        {"sofa" : 12,  "begin" : 597,  "end" : 604 }, 
        {"sofa" : 12,  "begin" : 605,  "end" : 610 }, 
        {"sofa" : 12,  "begin" : 611,  "end" : 614 }, 
        {"sofa" : 12,  "begin" : 615,  "end" : 621 }, 
        {"sofa" : 12,  "begin" : 622,  "end" : 626 }, 
        {"sofa" : 12,  "begin" : 627,  "end" : 630 }, 
        {"sofa" : 12,  "begin" : 631,  "end" : 637 }, 
        {"sofa" : 12,  "begin" : 638,  "end" : 640 }, 
        {"sofa" : 12,  "begin" : 641,  "end" : 642 }, 
        {"sofa" : 12,  "begin" : 642,  "end" : 657 }, 
        {"sofa" : 12,  "begin" : 657,  "end" : 658 }, 
        {"sofa" : 12,  "begin" : 659,  "end" : 665 }, 
        {"sofa" : 12,  "begin" : 666,  "end" : 671 }, 
        {"sofa" : 12,  "begin" : 672,  "end" : 680 }, 
        {"sofa" : 12,  "begin" : 681,  "end" : 686 }, 
        {"sofa" : 12,  "begin" : 687,  "end" : 690 }, 
        {"sofa" : 12,  "begin" : 691,  "end" : 695 }, 
        {"sofa" : 12,  "begin" : 695,  "end" : 696 }, 
        {"sofa" : 12,  "begin" : 698,  "end" : 702 }, 
        {"sofa" : 12,  "begin" : 703,  "end" : 708 }, 
        {"sofa" : 12,  "begin" : 709,  "end" : 712 }, 
        {"sofa" : 12,  "begin" : 713,  "end" : 723 }, 
        {"sofa" : 12,  "begin" : 724,  "end" : 726 }, 
        {"sofa" : 12,  "begin" : 727,  "end" : 733 }, 
        {"sofa" : 12,  "begin" : 734,  "end" : 740 }, 
        {"sofa" : 12,  "begin" : 741,  "end" : 743 }, 
        {"sofa" : 12,  "begin" : 744,  "end" : 751 }, 
        {"sofa" : 12,  "begin" : 752,  "end" : 755 }, 
        {"sofa" : 12,  "begin" : 756,  "end" : 758 }, 
        {"sofa" : 12,  "begin" : 759,  "end" : 762 }, 
        {"sofa" : 12,  "begin" : 763,  "end" : 771 }, 
        {"sofa" : 12,  "begin" : 772,  "end" : 777 }, 
        {"sofa" : 12,  "begin" : 778,  "end" : 784 }, 
        {"sofa" : 12,  "begin" : 785,  "end" : 793 }, 
        {"sofa" : 12,  "begin" : 794,  "end" : 796 }, 
        {"sofa" : 12,  "begin" : 797,  "end" : 800 }, 
        {"sofa" : 12,  "begin" : 801,  "end" : 808 }, 
        {"sofa" : 12,  "begin" : 809,  "end" : 816 }, 
        {"sofa" : 12,  "begin" : 817,  "end" : 818 }, 
        {"sofa" : 12,  "begin" : 818,  "end" : 825 }, 
        {"sofa" : 12,  "begin" : 826,  "end" : 838 }, 
        {"sofa" : 12,  "begin" : 838,  "end" : 839 }, 
        {"sofa" : 12,  "begin" : 839,  "end" : 840 }, 
        {"sofa" : 12,  "begin" : 842,  "end" : 844 }, 
        {"sofa" : 12,  "begin" : 845,  "end" : 850 }, 
        {"sofa" : 12,  "begin" : 851,  "end" : 857 }, 
        {"sofa" : 12,  "begin" : 858,  "end" : 864 }, 
        {"sofa" : 12,  "begin" : 865,  "end" : 872 }, 
        {"sofa" : 12,  "begin" : 873,  "end" : 877 }, 
        {"sofa" : 12,  "begin" : 878,  "end" : 889 }, 
        {"sofa" : 12,  "begin" : 890,  "end" : 892 }, 
        {"sofa" : 12,  "begin" : 893,  "end" : 895 }, 
        {"sofa" : 12,  "begin" : 896,  "end" : 899 }, 
        {"sofa" : 12,  "begin" : 900,  "end" : 906 }, 
        {"sofa" : 12,  "begin" : 907,  "end" : 911 }, 
        {"sofa" : 12,  "begin" : 912,  "end" : 915 }, 
        {"sofa" : 12,  "begin" : 916,  "end" : 920 }, 
        {"sofa" : 12,  "begin" : 921,  "end" : 924 }, 
        {"sofa" : 12,  "begin" : 925,  "end" : 930 }, 
        {"sofa" : 12,  "begin" : 931,  "end" : 936 }, 
        {"sofa" : 12,  "begin" : 936,  "end" : 937 }, 
        {"sofa" : 12,  "begin" : 938,  "end" : 945 }, 
        {"sofa" : 12,  "begin" : 946,  "end" : 947 }, 
        {"sofa" : 12,  "begin" : 947,  "end" : 948 }, 
        {"sofa" : 12,  "begin" : 948,  "end" : 949 }, 
        {"sofa" : 12,  "begin" : 950,  "end" : 960 }, 
        {"sofa" : 12,  "begin" : 961,  "end" : 971 }, 
        {"sofa" : 12,  "begin" : 971,  "end" : 972 }, 
        {"sofa" : 12,  "begin" : 974,  "end" : 977 }, 
        {"sofa" : 12,  "begin" : 978,  "end" : 987 }, 
        {"sofa" : 12,  "begin" : 987,  "end" : 988 }, 
        {"sofa" : 12,  "begin" : 989,  "end" : 994 }, 
        {"sofa" : 12,  "begin" : 995,  "end" : 999 }, 
        {"sofa" : 12,  "begin" : 1000,  "end" : 1003 }, 
        {"sofa" : 12,  "begin" : 1004,  "end" : 1011 }, 
        {"sofa" : 12,  "begin" : 1011,  "end" : 1012 }, 
        {"sofa" : 12,  "begin" : 1013,  "end" : 1018 }, 
        {"sofa" : 12,  "begin" : 1019,  "end" : 1023 }, 
        {"sofa" : 12,  "begin" : 1024,  "end" : 1031 }, 
        {"sofa" : 12,  "begin" : 1032,  "end" : 1035 }, 
        {"sofa" : 12,  "begin" : 1036,  "end" : 1040 }, 
        {"sofa" : 12,  "begin" : 1041,  "end" : 1049 }, 
        {"sofa" : 12,  "begin" : 1050,  "end" : 1052 }, 
        {"sofa" : 12,  "begin" : 1053,  "end" : 1058 }, 
        {"sofa" : 12,  "begin" : 1059,  "end" : 1068 }, 
        {"sofa" : 12,  "begin" : 1069,  "end" : 1073 }, 
        {"sofa" : 12,  "begin" : 1074,  "end" : 1079 }, 
        {"sofa" : 12,  "begin" : 1080,  "end" : 1087 }, 
        {"sofa" : 12,  "begin" : 1088,  "end" : 1095 }, 
        {"sofa" : 12,  "begin" : 1096,  "end" : 1106 }, 
        {"sofa" : 12,  "begin" : 1107,  "end" : 1110 }, 
        {"sofa" : 12,  "begin" : 1111,  "end" : 1115 }, 
        {"sofa" : 12,  "begin" : 1116,  "end" : 1119 }, 
        {"sofa" : 12,  "begin" : 1120,  "end" : 1129 }, 
        {"sofa" : 12,  "begin" : 1130,  "end" : 1135 }, 
        {"sofa" : 12,  "begin" : 1136,  "end" : 1140 }, 
        {"sofa" : 12,  "begin" : 1141,  "end" : 1145 }, 
        {"sofa" : 12,  "begin" : 1146,  "end" : 1152 }, 
        {"sofa" : 12,  "begin" : 1153,  "end" : 1155 }, 
        {"sofa" : 12,  "begin" : 1156,  "end" : 1162 }, 
        {"sofa" : 12,  "begin" : 1163,  "end" : 1165 }, 
        {"sofa" : 12,  "begin" : 1166,  "end" : 1169 }, 
        {"sofa" : 12,  "begin" : 1170,  "end" : 1177 }, 
        {"sofa" : 12,  "begin" : 1179,  "end" : 1182 }, 
        {"sofa" : 12,  "begin" : 1183,  "end" : 1185 }, 
        {"sofa" : 12,  "begin" : 1186,  "end" : 1189 }, 
        {"sofa" : 12,  "begin" : 1190,  "end" : 1199 }, 
        {"sofa" : 12,  "begin" : 1200,  "end" : 1207 }, 
        {"sofa" : 12,  "begin" : 1208,  "end" : 1217 }, 
        {"sofa" : 12,  "begin" : 1217,  "end" : 1218 }, 
        {"sofa" : 12,  "begin" : 1219,  "end" : 1232 }, 
        {"sofa" : 12,  "begin" : 1233,  "end" : 1235 }, 
        {"sofa" : 12,  "begin" : 1236,  "end" : 1245 }, 
        {"sofa" : 12,  "begin" : 1245,  "end" : 1246 }, 
        {"sofa" : 12,  "begin" : 1247,  "end" : 1258 }, 
        {"sofa" : 12,  "begin" : 1259,  "end" : 1262 }, 
        {"sofa" : 12,  "begin" : 1263,  "end" : 1269 }, 
        {"sofa" : 12,  "begin" : 1270,  "end" : 1275 }, 
        {"sofa" : 12,  "begin" : 1276,  "end" : 1278 }, 
        {"sofa" : 12,  "begin" : 1279,  "end" : 1284 }, 
        {"sofa" : 12,  "begin" : 1285,  "end" : 1294 }, 
        {"sofa" : 12,  "begin" : 1295,  "end" : 1297 }, 
        {"sofa" : 12,  "begin" : 1298,  "end" : 1303 }, 
        {"sofa" : 12,  "begin" : 1304,  "end" : 1307 }, 
        {"sofa" : 12,  "begin" : 1308,  "end" : 1309 }, 
        {"sofa" : 12,  "begin" : 1309,  "end" : 1314 }, 
        {"sofa" : 12,  "begin" : 1315,  "end" : 1317 }, 
        {"sofa" : 12,  "begin" : 1318,  "end" : 1324 }, 
        {"sofa" : 12,  "begin" : 1324,  "end" : 1325 }, 
        {"sofa" : 12,  "begin" : 1326,  "end" : 1331 }, 
        {"sofa" : 12,  "begin" : 1331,  "end" : 1332 }, 
        {"sofa" : 12,  "begin" : 1333,  "end" : 1336 }, 
        {"sofa" : 12,  "begin" : 1337,  "end" : 1344 }, 
        {"sofa" : 12,  "begin" : 1345,  "end" : 1349 }, 
        {"sofa" : 12,  "begin" : 1350,  "end" : 1354 }, 
        {"sofa" : 12,  "begin" : 1355,  "end" : 1358 }, 
        {"sofa" : 12,  "begin" : 1359,  "end" : 1366 }, 
        {"sofa" : 12,  "begin" : 1367,  "end" : 1370 }, 
        {"sofa" : 12,  "begin" : 1371,  "end" : 1375 }, 
        {"sofa" : 12,  "begin" : 1376,  "end" : 1377 }, 
        {"sofa" : 12,  "begin" : 1377,  "end" : 1385 }, 
        {"sofa" : 12,  "begin" : 1385,  "end" : 1386 }, 
        {"sofa" : 12,  "begin" : 1386,  "end" : 1387 }, 
        {"sofa" : 12,  "begin" : 1389,  "end" : 1396 }, 
        {"sofa" : 12,  "begin" : 1397,  "end" : 1398 }, 
        {"sofa" : 12,  "begin" : 1398,  "end" : 1403 }, 
        {"sofa" : 12,  "begin" : 1404,  "end" : 1406 }, 
        {"sofa" : 12,  "begin" : 1407,  "end" : 1413 }, 
        {"sofa" : 12,  "begin" : 1413,  "end" : 1414 }, 
        {"sofa" : 12,  "begin" : 1415,  "end" : 1423 }, 
        {"sofa" : 12,  "begin" : 1424,  "end" : 1426 }, 
        {"sofa" : 12,  "begin" : 1427,  "end" : 1434 }, 
        {"sofa" : 12,  "begin" : 1435,  "end" : 1443 }, 
        {"sofa" : 12,  "begin" : 1443,  "end" : 1444 }, 
        {"sofa" : 12,  "begin" : 1445,  "end" : 1453 }, 
        {"sofa" : 12,  "begin" : 1454,  "end" : 1456 }, 
        {"sofa" : 12,  "begin" : 1457,  "end" : 1458 }, 
        {"sofa" : 12,  "begin" : 1459,  "end" : 1466 }, 
        {"sofa" : 12,  "begin" : 1467,  "end" : 1477 }, 
        {"sofa" : 12,  "begin" : 1477,  "end" : 1478 }, 
        {"sofa" : 12,  "begin" : 1479,  "end" : 1490 }, 
        {"sofa" : 12,  "begin" : 1491,  "end" : 1496 }, 
        {"sofa" : 12,  "begin" : 1497,  "end" : 1503 }, 
        {"sofa" : 12,  "begin" : 1504,  "end" : 1511 }, 
        {"sofa" : 12,  "begin" : 1512,  "end" : 1519 }, 
        {"sofa" : 12,  "begin" : 1520,  "end" : 1524 }, 
        {"sofa" : 12,  "begin" : 1525,  "end" : 1528 }, 
        {"sofa" : 12,  "begin" : 1529,  "end" : 1533 }, 
        {"sofa" : 12,  "begin" : 1533,  "end" : 1534 }, 
        {"sofa" : 12,  "begin" : 1536,  "end" : 1540 }, 
        {"sofa" : 12,  "begin" : 1541,  "end" : 1545 }, 
        {"sofa" : 12,  "begin" : 1546,  "end" : 1553 }, 
        {"sofa" : 12,  "begin" : 1554,  "end" : 1556 }, 
        {"sofa" : 12,  "begin" : 1557,  "end" : 1561 }, 
        {"sofa" : 12,  "begin" : 1562,  "end" : 1569 }, 
        {"sofa" : 12,  "begin" : 1570,  "end" : 1578 }, 
        {"sofa" : 12,  "begin" : 1579,  "end" : 1585 }, 
        {"sofa" : 12,  "begin" : 1586,  "end" : 1591 }, 
        {"sofa" : 12,  "begin" : 1592,  "end" : 1598 }, 
        {"sofa" : 12,  "begin" : 1598,  "end" : 1599 }, 
        {"sofa" : 12,  "begin" : 1600,  "end" : 1610 }, 
        {"sofa" : 12,  "begin" : 1611,  "end" : 1617 }, 
        {"sofa" : 12,  "begin" : 1618,  "end" : 1621 }, 
        {"sofa" : 12,  "begin" : 1622,  "end" : 1625 }, 
        {"sofa" : 12,  "begin" : 1626,  "end" : 1634 }, 
        {"sofa" : 12,  "begin" : 1635,  "end" : 1639 }, 
        {"sofa" : 12,  "begin" : 1639,  "end" : 1640 }, 
        {"sofa" : 12,  "begin" : 1641,  "end" : 1648 }, 
        {"sofa" : 12,  "begin" : 1649,  "end" : 1657 }, 
        {"sofa" : 12,  "begin" : 1658,  "end" : 1664 }, 
        {"sofa" : 12,  "begin" : 1665,  "end" : 1673 }, 
        {"sofa" : 12,  "begin" : 1674,  "end" : 1676 }, 
        {"sofa" : 12,  "begin" : 1677,  "end" : 1684 }, 
        {"sofa" : 12,  "begin" : 1685,  "end" : 1687 }, 
        {"sofa" : 12,  "begin" : 1688,  "end" : 1697 }, 
        {"sofa" : 12,  "begin" : 1697,  "end" : 1698 }, 
        {"sofa" : 12,  "begin" : 1700,  "end" : 1701 }, 
        {"sofa" : 12,  "begin" : 1701,  "end" : 1705 }, 
        {"sofa" : 12,  "begin" : 1706,  "end" : 1714 }, 
        {"sofa" : 12,  "begin" : 1715,  "end" : 1717 }, 
        {"sofa" : 12,  "begin" : 1718,  "end" : 1725 }, 
        {"sofa" : 12,  "begin" : 1726,  "end" : 1738 }, 
        {"sofa" : 12,  "begin" : 1738,  "end" : 1739 }, 
        {"sofa" : 12,  "begin" : 1739,  "end" : 1740 }, 
        {"sofa" : 12,  "begin" : 1741,  "end" : 1745 }, 
        {"sofa" : 12,  "begin" : 1746,  "end" : 1748 }, 
        {"sofa" : 12,  "begin" : 1749,  "end" : 1756 }, 
        {"sofa" : 12,  "begin" : 1756,  "end" : 1757 }, 
        {"sofa" : 12,  "begin" : 1759,  "end" : 1760 }, 
        {"sofa" : 12,  "begin" : 1760,  "end" : 1765 }, 
        {"sofa" : 12,  "begin" : 1766,  "end" : 1769 }, 
        {"sofa" : 12,  "begin" : 1770,  "end" : 1774 }, 
        {"sofa" : 12,  "begin" : 1775,  "end" : 1783 }, 
        {"sofa" : 12,  "begin" : 1784,  "end" : 1786 }, 
        {"sofa" : 12,  "begin" : 1787,  "end" : 1796 }, 
        {"sofa" : 12,  "begin" : 1797,  "end" : 1800 }, 
        {"sofa" : 12,  "begin" : 1801,  "end" : 1807 }, 
        {"sofa" : 12,  "begin" : 1808,  "end" : 1810 }, 
        {"sofa" : 12,  "begin" : 1811,  "end" : 1814 }, 
        {"sofa" : 12,  "begin" : 1815,  "end" : 1826 }, 
        {"sofa" : 12,  "begin" : 1827,  "end" : 1830 }, 
        {"sofa" : 12,  "begin" : 1830,  "end" : 1831 }, 
        {"sofa" : 12,  "begin" : 1832,  "end" : 1836 }, 
        {"sofa" : 12,  "begin" : 1837,  "end" : 1841 }, 
        {"sofa" : 12,  "begin" : 1842,  "end" : 1844 }, 
        {"sofa" : 12,  "begin" : 1845,  "end" : 1848 }, 
        {"sofa" : 12,  "begin" : 1849,  "end" : 1853 }, 
        {"sofa" : 12,  "begin" : 1854,  "end" : 1857 }, 
        {"sofa" : 12,  "begin" : 1858,  "end" : 1861 }, 
        {"sofa" : 12,  "begin" : 1862,  "end" : 1871 }, 
        {"sofa" : 12,  "begin" : 1872,  "end" : 1875 }, 
        {"sofa" : 12,  "begin" : 1876,  "end" : 1879 }, 
        {"sofa" : 12,  "begin" : 1880,  "end" : 1885 }, 
        {"sofa" : 12,  "begin" : 1886,  "end" : 1892 }, 
        {"sofa" : 12,  "begin" : 1893,  "end" : 1902 }, 
        {"sofa" : 12,  "begin" : 1903,  "end" : 1906 }, 
        {"sofa" : 12,  "begin" : 1907,  "end" : 1910 }, 
        {"sofa" : 12,  "begin" : 1911,  "end" : 1915 }, 
        {"sofa" : 12,  "begin" : 1916,  "end" : 1921 }, 
        {"sofa" : 12,  "begin" : 1922,  "end" : 1924 }, 
        {"sofa" : 12,  "begin" : 1925,  "end" : 1931 }, 
        {"sofa" : 12,  "begin" : 1932,  "end" : 1936 }, 
        {"sofa" : 12,  "begin" : 1937,  "end" : 1939 }, 
        {"sofa" : 12,  "begin" : 1940,  "end" : 1944 }, 
        {"sofa" : 12,  "begin" : 1945,  "end" : 1947 }, 
        {"sofa" : 12,  "begin" : 1948,  "end" : 1952 }, 
        {"sofa" : 12,  "begin" : 1953,  "end" : 1958 }, 
        {"sofa" : 12,  "begin" : 1959,  "end" : 1966 }, 
        {"sofa" : 12,  "begin" : 1967,  "end" : 1972 }, 
        {"sofa" : 12,  "begin" : 1972,  "end" : 1973 }, 
        {"sofa" : 12,  "begin" : 1973,  "end" : 1974 }, 
        {"sofa" : 12,  "begin" : 1976,  "end" : 1979 }, 
        {"sofa" : 12,  "begin" : 1980,  "end" : 1985 }, 
        {"sofa" : 12,  "begin" : 1986,  "end" : 1991 }, 
        {"sofa" : 12,  "begin" : 1991,  "end" : 1992 }, 
        {"sofa" : 12,  "begin" : 1993,  "end" : 1996 }, 
        {"sofa" : 12,  "begin" : 1997,  "end" : 2004 }, 
        {"sofa" : 12,  "begin" : 2005,  "end" : 2013 }, 
        {"sofa" : 12,  "begin" : 2013,  "end" : 2014 }, 
        {"sofa" : 12,  "begin" : 2015,  "end" : 2018 }, 
        {"sofa" : 12,  "begin" : 2019,  "end" : 2026 }, 
        {"sofa" : 12,  "begin" : 2027,  "end" : 2029 }, 
        {"sofa" : 12,  "begin" : 2030,  "end" : 2033 }, 
        {"sofa" : 12,  "begin" : 2034,  "end" : 2037 }, 
        {"sofa" : 12,  "begin" : 2038,  "end" : 2044 }, 
        {"sofa" : 12,  "begin" : 2045,  "end" : 2047 }, 
        {"sofa" : 12,  "begin" : 2048,  "end" : 2052 }, 
        {"sofa" : 12,  "begin" : 2053,  "end" : 2057 }, 
        {"sofa" : 12,  "begin" : 2058,  "end" : 2061 }, 
        {"sofa" : 12,  "begin" : 2062,  "end" : 2070 }, 
        {"sofa" : 12,  "begin" : 2071,  "end" : 2075 }, 
        {"sofa" : 12,  "begin" : 2076,  "end" : 2080 }, 
        {"sofa" : 12,  "begin" : 2080,  "end" : 2081 }, 
        {"sofa" : 12,  "begin" : 2083,  "end" : 2086 }, 
        {"sofa" : 12,  "begin" : 2087,  "end" : 2092 }, 
        {"sofa" : 12,  "begin" : 2093,  "end" : 2100 }, 
        {"sofa" : 12,  "begin" : 2101,  "end" : 2108 }, 
        {"sofa" : 12,  "begin" : 2108,  "end" : 2109 }, 
        {"sofa" : 12,  "begin" : 2110,  "end" : 2114 }, 
        {"sofa" : 12,  "begin" : 2115,  "end" : 2120 }, 
        {"sofa" : 12,  "begin" : 2121,  "end" : 2127 }, 
        {"sofa" : 12,  "begin" : 2127,  "end" : 2128 }, 
        {"sofa" : 12,  "begin" : 2129,  "end" : 2132 }, 
        {"sofa" : 12,  "begin" : 2133,  "end" : 2137 }, 
        {"sofa" : 12,  "begin" : 2138,  "end" : 2145 }, 
        {"sofa" : 12,  "begin" : 2146,  "end" : 2148 }, 
        {"sofa" : 12,  "begin" : 2149,  "end" : 2152 }, 
        {"sofa" : 12,  "begin" : 2153,  "end" : 2158 }, 
        {"sofa" : 12,  "begin" : 2159,  "end" : 2165 }, 
        {"sofa" : 12,  "begin" : 2166,  "end" : 2175 }, 
        {"sofa" : 12,  "begin" : 2176,  "end" : 2178 }, 
        {"sofa" : 12,  "begin" : 2179,  "end" : 2182 }, 
        {"sofa" : 12,  "begin" : 2183,  "end" : 2187 }, 
        {"sofa" : 12,  "begin" : 2188,  "end" : 2192 }, 
        {"sofa" : 12,  "begin" : 2193,  "end" : 2197 }, 
        {"sofa" : 12,  "begin" : 2198,  "end" : 2202 }, 
        {"sofa" : 12,  "begin" : 2203,  "end" : 2211 }, 
        {"sofa" : 12,  "begin" : 2212,  "end" : 2214 }, 
        {"sofa" : 12,  "begin" : 2215,  "end" : 2220 }, 
        {"sofa" : 12,  "begin" : 2220,  "end" : 2221 }, 
        {"sofa" : 12,  "begin" : 2223,  "end" : 2226 }, 
        {"sofa" : 12,  "begin" : 2227,  "end" : 2230 }, 
        {"sofa" : 12,  "begin" : 2231,  "end" : 2235 }, 
        {"sofa" : 12,  "begin" : 2236,  "end" : 2243 }, 
        {"sofa" : 12,  "begin" : 2244,  "end" : 2254 }, 
        {"sofa" : 12,  "begin" : 2255,  "end" : 2259 }, 
        {"sofa" : 12,  "begin" : 2260,  "end" : 2262 }, 
        {"sofa" : 12,  "begin" : 2263,  "end" : 2268 }, 
        {"sofa" : 12,  "begin" : 2269,  "end" : 2280 }, 
        {"sofa" : 12,  "begin" : 2281,  "end" : 2284 }, 
        {"sofa" : 12,  "begin" : 2285,  "end" : 2296 }, 
        {"sofa" : 12,  "begin" : 2297,  "end" : 2305 }, 
        {"sofa" : 12,  "begin" : 2305,  "end" : 2306 }, 
        {"sofa" : 12,  "begin" : 2308,  "end" : 2312 }, 
        {"sofa" : 12,  "begin" : 2313,  "end" : 2316 }, 
        {"sofa" : 12,  "begin" : 2317,  "end" : 2321 }, 
        {"sofa" : 12,  "begin" : 2322,  "end" : 2330 }, 
        {"sofa" : 12,  "begin" : 2330,  "end" : 2331 }, 
        {"sofa" : 12,  "begin" : 2332,  "end" : 2337 }, 
        {"sofa" : 12,  "begin" : 2338,  "end" : 2347 }, 
        {"sofa" : 12,  "begin" : 2348,  "end" : 2350 }, 
        {"sofa" : 12,  "begin" : 2351,  "end" : 2360 }, 
        {"sofa" : 12,  "begin" : 2360,  "end" : 2361 }, 
        {"sofa" : 12,  "begin" : 2362,  "end" : 2366 }, 
        {"sofa" : 12,  "begin" : 2366,  "end" : 2367 }, 
        {"sofa" : 12,  "begin" : 2368,  "end" : 2369 }, 
        {"sofa" : 12,  "begin" : 2369,  "end" : 2370 }, 
        {"sofa" : 12,  "begin" : 2371,  "end" : 2373 }, 
        {"sofa" : 12,  "begin" : 2374,  "end" : 2386 }, 
        {"sofa" : 12,  "begin" : 2387,  "end" : 2393 }, 
        {"sofa" : 12,  "begin" : 2394,  "end" : 2397 }, 
        {"sofa" : 12,  "begin" : 2398,  "end" : 2401 }, 
        {"sofa" : 12,  "begin" : 2402,  "end" : 2404 }, 
        {"sofa" : 12,  "begin" : 2405,  "end" : 2414 }, 
        {"sofa" : 12,  "begin" : 2415,  "end" : 2417 }, 
        {"sofa" : 12,  "begin" : 2418,  "end" : 2428 }, 
        {"sofa" : 12,  "begin" : 2429,  "end" : 2434 }, 
        {"sofa" : 12,  "begin" : 2435,  "end" : 2438 }, 
        {"sofa" : 12,  "begin" : 2439,  "end" : 2444 }, 
        {"sofa" : 12,  "begin" : 2445,  "end" : 2453 }, 
        {"sofa" : 12,  "begin" : 2453,  "end" : 2454 }, 
        {"sofa" : 12,  "begin" : 2456,  "end" : 2457 }, 
        {"sofa" : 12,  "begin" : 2457,  "end" : 2461 }, 
        {"sofa" : 12,  "begin" : 2462,  "end" : 2470 }, 
        {"sofa" : 12,  "begin" : 2471,  "end" : 2474 }, 
        {"sofa" : 12,  "begin" : 2475,  "end" : 2483 }, 
        {"sofa" : 12,  "begin" : 2484,  "end" : 2486 }, 
        {"sofa" : 12,  "begin" : 2487,  "end" : 2497 }, 
        {"sofa" : 12,  "begin" : 2498,  "end" : 2501 }, 
        {"sofa" : 12,  "begin" : 2502,  "end" : 2511 }, 
        {"sofa" : 12,  "begin" : 2512,  "end" : 2518 }, 
        {"sofa" : 12,  "begin" : 2519,  "end" : 2522 }, 
        {"sofa" : 12,  "begin" : 2523,  "end" : 2526 }, 
        {"sofa" : 12,  "begin" : 2527,  "end" : 2535 }, 
        {"sofa" : 12,  "begin" : 2536,  "end" : 2539 }, 
        {"sofa" : 12,  "begin" : 2540,  "end" : 2543 }, 
        {"sofa" : 12,  "begin" : 2544,  "end" : 2548 }, 
        {"sofa" : 12,  "begin" : 2549,  "end" : 2552 }, 
        {"sofa" : 12,  "begin" : 2553,  "end" : 2563 }, 
        {"sofa" : 12,  "begin" : 2564,  "end" : 2566 }, 
        {"sofa" : 12,  "begin" : 2567,  "end" : 2572 }, 
        {"sofa" : 12,  "begin" : 2573,  "end" : 2578 }, 
        {"sofa" : 12,  "begin" : 2579,  "end" : 2587 }, 
        {"sofa" : 12,  "begin" : 2588,  "end" : 2592 }, 
        {"sofa" : 12,  "begin" : 2593,  "end" : 2595 }, 
        {"sofa" : 12,  "begin" : 2595,  "end" : 2596 }, 
        {"sofa" : 12,  "begin" : 2598,  "end" : 2599 }, 
        {"sofa" : 12,  "begin" : 2599,  "end" : 2601 }, 
        {"sofa" : 12,  "begin" : 2602,  "end" : 2612 }, 
        {"sofa" : 12,  "begin" : 2613,  "end" : 2624 }, 
        {"sofa" : 12,  "begin" : 2625,  "end" : 2627 }, 
        {"sofa" : 12,  "begin" : 2628,  "end" : 2635 }, 
        {"sofa" : 12,  "begin" : 2636,  "end" : 2639 }, 
        {"sofa" : 12,  "begin" : 2640,  "end" : 2643 }, 
        {"sofa" : 12,  "begin" : 2644,  "end" : 2651 }, 
        {"sofa" : 12,  "begin" : 2652,  "end" : 2663 }, 
        {"sofa" : 12,  "begin" : 2663,  "end" : 2664 }, 
        {"sofa" : 12,  "begin" : 2665,  "end" : 2667 }, 
        {"sofa" : 12,  "begin" : 2668,  "end" : 2676 }, 
        {"sofa" : 12,  "begin" : 2676,  "end" : 2677 }, 
        {"sofa" : 12,  "begin" : 2677,  "end" : 2678 }, 
        {"sofa" : 12,  "begin" : 2680,  "end" : 2681 }, 
        {"sofa" : 12,  "begin" : 2682,  "end" : 2687 }, 
        {"sofa" : 12,  "begin" : 2688,  "end" : 2690 }, 
        {"sofa" : 12,  "begin" : 2691,  "end" : 2694 }, 
        {"sofa" : 12,  "begin" : 2695,  "end" : 2697 }, 
        {"sofa" : 12,  "begin" : 2698,  "end" : 2703 }, 
        {"sofa" : 12,  "begin" : 2704,  "end" : 2715 }, 
        {"sofa" : 12,  "begin" : 2716,  "end" : 2720 }, 
        {"sofa" : 12,  "begin" : 2721,  "end" : 2723 }, 
        {"sofa" : 12,  "begin" : 2724,  "end" : 2725 }, 
        {"sofa" : 12,  "begin" : 2726,  "end" : 2737 }, 
        {"sofa" : 12,  "begin" : 2737,  "end" : 2738 }, 
        {"sofa" : 12,  "begin" : 2739,  "end" : 2744 }, 
        {"sofa" : 12,  "begin" : 2745,  "end" : 2748 }, 
        {"sofa" : 12,  "begin" : 2749,  "end" : 2756 }, 
        {"sofa" : 12,  "begin" : 2757,  "end" : 2761 }, 
        {"sofa" : 12,  "begin" : 2762,  "end" : 2767 }, 
        {"sofa" : 12,  "begin" : 2768,  "end" : 2771 }, 
        {"sofa" : 12,  "begin" : 2772,  "end" : 2778 }, 
        {"sofa" : 12,  "begin" : 2779,  "end" : 2784 }, 
        {"sofa" : 12,  "begin" : 2785,  "end" : 2796 }, 
        {"sofa" : 12,  "begin" : 2797,  "end" : 2801 }, 
        {"sofa" : 12,  "begin" : 2802,  "end" : 2806 }, 
        {"sofa" : 12,  "begin" : 2807,  "end" : 2809 }, 
        {"sofa" : 12,  "begin" : 2810,  "end" : 2813 }, 
        {"sofa" : 12,  "begin" : 2814,  "end" : 2816 }, 
        {"sofa" : 12,  "begin" : 2816,  "end" : 2817 }, 
        {"sofa" : 12,  "begin" : 2818,  "end" : 2820 }, 
        {"sofa" : 12,  "begin" : 2821,  "end" : 2823 }, 
        {"sofa" : 12,  "begin" : 2824,  "end" : 2828 }, 
        {"sofa" : 12,  "begin" : 2829,  "end" : 2832 }, 
        {"sofa" : 12,  "begin" : 2832,  "end" : 2833 }, 
        {"sofa" : 12,  "begin" : 2835,  "end" : 2842 }, 
        {"sofa" : 12,  "begin" : 2843,  "end" : 2851 }, 
        {"sofa" : 12,  "begin" : 2852,  "end" : 2857 }, 
        {"sofa" : 12,  "begin" : 2858,  "end" : 2862 }, 
        {"sofa" : 12,  "begin" : 2863,  "end" : 2865 }, 
        {"sofa" : 12,  "begin" : 2866,  "end" : 2869 }, 
        {"sofa" : 12,  "begin" : 2870,  "end" : 2879 }, 
        {"sofa" : 12,  "begin" : 2880,  "end" : 2882 }, 
        {"sofa" : 12,  "begin" : 2883,  "end" : 2891 }, 
        {"sofa" : 12,  "begin" : 2892,  "end" : 2896 }, 
        {"sofa" : 12,  "begin" : 2897,  "end" : 2903 }, 
        {"sofa" : 12,  "begin" : 2904,  "end" : 2911 }, 
        {"sofa" : 12,  "begin" : 2912,  "end" : 2916 }, 
        {"sofa" : 12,  "begin" : 2917,  "end" : 2924 }, 
        {"sofa" : 12,  "begin" : 2925,  "end" : 2933 }, 
        {"sofa" : 12,  "begin" : 2934,  "end" : 2937 }, 
        {"sofa" : 12,  "begin" : 2938,  "end" : 2942 }, 
        {"sofa" : 12,  "begin" : 2943,  "end" : 2954 }, 
        {"sofa" : 12,  "begin" : 2955,  "end" : 2957 }, 
        {"sofa" : 12,  "begin" : 2958,  "end" : 2961 }, 
        {"sofa" : 12,  "begin" : 2962,  "end" : 2966 }, 
        {"sofa" : 12,  "begin" : 2966,  "end" : 2967 }, 
        {"sofa" : 12,  "begin" : 2969,  "end" : 2970 }, 
        {"sofa" : 12,  "begin" : 2971,  "end" : 2982 }, 
        {"sofa" : 12,  "begin" : 2983,  "end" : 2987 }, 
        {"sofa" : 12,  "begin" : 2987,  "end" : 2988 }, 
        {"sofa" : 12,  "begin" : 2989,  "end" : 2990 }, 
        {"sofa" : 12,  "begin" : 2990,  "end" : 2993 }, 
        {"sofa" : 12,  "begin" : 2994,  "end" : 3001 }, 
        {"sofa" : 12,  "begin" : 3002,  "end" : 3010 }, 
        {"sofa" : 12,  "begin" : 3011,  "end" : 3014 }, 
        {"sofa" : 12,  "begin" : 3015,  "end" : 3020 }, 
        {"sofa" : 12,  "begin" : 3021,  "end" : 3025 }, 
        {"sofa" : 12,  "begin" : 3026,  "end" : 3029 }, 
        {"sofa" : 12,  "begin" : 3030,  "end" : 3040 }, 
        {"sofa" : 12,  "begin" : 3041,  "end" : 3047 }, 
        {"sofa" : 12,  "begin" : 3048,  "end" : 3055 }, 
        {"sofa" : 12,  "begin" : 3055,  "end" : 3056 }, 
        {"sofa" : 12,  "begin" : 3056,  "end" : 3057 }, 
        {"sofa" : 12,  "begin" : 3059,  "end" : 3062 }, 
        {"sofa" : 12,  "begin" : 3063,  "end" : 3068 }, 
        {"sofa" : 12,  "begin" : 3069,  "end" : 3073 }, 
        {"sofa" : 12,  "begin" : 3074,  "end" : 3077 }, 
        {"sofa" : 12,  "begin" : 3078,  "end" : 3083 }, 
        {"sofa" : 12,  "begin" : 3084,  "end" : 3085 }, 
        {"sofa" : 12,  "begin" : 3085,  "end" : 3090 }, 
        {"sofa" : 12,  "begin" : 3091,  "end" : 3096 }, 
        {"sofa" : 12,  "begin" : 3097,  "end" : 3101 }, 
        {"sofa" : 12,  "begin" : 3102,  "end" : 3106 }, 
        {"sofa" : 12,  "begin" : 3107,  "end" : 3113 }, 
        {"sofa" : 12,  "begin" : 3114,  "end" : 3121 }, 
        {"sofa" : 12,  "begin" : 3121,  "end" : 3122 }, 
        {"sofa" : 12,  "begin" : 3124,  "end" : 3125 }, 
        {"sofa" : 12,  "begin" : 3126,  "end" : 3135 }, 
        {"sofa" : 12,  "begin" : 3136,  "end" : 3139 }, 
        {"sofa" : 12,  "begin" : 3140,  "end" : 3143 }, 
        {"sofa" : 12,  "begin" : 3144,  "end" : 3153 }, 
        {"sofa" : 12,  "begin" : 3154,  "end" : 3164 }, 
        {"sofa" : 12,  "begin" : 3165,  "end" : 3174 }, 
        {"sofa" : 12,  "begin" : 3175,  "end" : 3178 }, 
        {"sofa" : 12,  "begin" : 3179,  "end" : 3189 }, 
        {"sofa" : 12,  "begin" : 3190,  "end" : 3195 }, 
        {"sofa" : 12,  "begin" : 3196,  "end" : 3200 }, 
        {"sofa" : 12,  "begin" : 3201,  "end" : 3205 }, 
        {"sofa" : 12,  "begin" : 3206,  "end" : 3213 }, 
        {"sofa" : 12,  "begin" : 3214,  "end" : 3220 }, 
        {"sofa" : 12,  "begin" : 3221,  "end" : 3234 }, 
        {"sofa" : 12,  "begin" : 3235,  "end" : 3242 }, 
        {"sofa" : 12,  "begin" : 3243,  "end" : 3246 }, 
        {"sofa" : 12,  "begin" : 3247,  "end" : 3254 }, 
        {"sofa" : 12,  "begin" : 3255,  "end" : 3259 }, 
        {"sofa" : 12,  "begin" : 3260,  "end" : 3267 }, 
        {"sofa" : 12,  "begin" : 3268,  "end" : 3269 }, 
        {"sofa" : 12,  "begin" : 3269,  "end" : 3273 }, 
        {"sofa" : 12,  "begin" : 3274,  "end" : 3282 }, 
        {"sofa" : 12,  "begin" : 3283,  "end" : 3286 }, 
        {"sofa" : 12,  "begin" : 3287,  "end" : 3289 }, 
        {"sofa" : 12,  "begin" : 3290,  "end" : 3297 }, 
        {"sofa" : 12,  "begin" : 3297,  "end" : 3298 }, 
        {"sofa" : 12,  "begin" : 3298,  "end" : 3299 }, 
        {"sofa" : 12,  "begin" : 3301,  "end" : 3302 }, 
        {"sofa" : 12,  "begin" : 3302,  "end" : 3305 }, 
        {"sofa" : 12,  "begin" : 3306,  "end" : 3313 }, 
        {"sofa" : 12,  "begin" : 3314,  "end" : 3317 }, 
        {"sofa" : 12,  "begin" : 3318,  "end" : 3323 }, 
        {"sofa" : 12,  "begin" : 3324,  "end" : 3331 }, 
        {"sofa" : 12,  "begin" : 3332,  "end" : 3335 }, 
        {"sofa" : 12,  "begin" : 3336,  "end" : 3340 }, 
        {"sofa" : 12,  "begin" : 3341,  "end" : 3347 }, 
        {"sofa" : 12,  "begin" : 3348,  "end" : 3350 }, 
        {"sofa" : 12,  "begin" : 3351,  "end" : 3354 }, 
        {"sofa" : 12,  "begin" : 3355,  "end" : 3363 }, 
        {"sofa" : 12,  "begin" : 3364,  "end" : 3366 }, 
        {"sofa" : 12,  "begin" : 3367,  "end" : 3373 }, 
        {"sofa" : 12,  "begin" : 3374,  "end" : 3381 }, 
        {"sofa" : 12,  "begin" : 3382,  "end" : 3384 }, 
        {"sofa" : 12,  "begin" : 3385,  "end" : 3388 }, 
        {"sofa" : 12,  "begin" : 3389,  "end" : 3390 }, 
        {"sofa" : 12,  "begin" : 3391,  "end" : 3400 }, 
        {"sofa" : 12,  "begin" : 3401,  "end" : 3406 }, 
        {"sofa" : 12,  "begin" : 3407,  "end" : 3410 }, 
        {"sofa" : 12,  "begin" : 3411,  "end" : 3416 }, 
        {"sofa" : 12,  "begin" : 3417,  "end" : 3425 }, 
        {"sofa" : 12,  "begin" : 3426,  "end" : 3432 }, 
        {"sofa" : 12,  "begin" : 3433,  "end" : 3436 }, 
        {"sofa" : 12,  "begin" : 3437,  "end" : 3446 }, 
        {"sofa" : 12,  "begin" : 3446,  "end" : 3447 }, 
        {"sofa" : 12,  "begin" : 3447,  "end" : 3448 }, 
        {"sofa" : 12,  "begin" : 3449,  "end" : 3453 }, 
        {"sofa" : 12,  "begin" : 3454,  "end" : 3459 }, 
        {"sofa" : 12,  "begin" : 3459,  "end" : 3460 }, 
        {"sofa" : 12,  "begin" : 3462,  "end" : 3469 }, 
        {"sofa" : 12,  "begin" : 3470,  "end" : 3471 }, 
        {"sofa" : 12,  "begin" : 3472,  "end" : 3482 }, 
        {"sofa" : 12,  "begin" : 3482,  "end" : 3483 }, 
        {"sofa" : 12,  "begin" : 3484,  "end" : 3490 }, 
        {"sofa" : 12,  "begin" : 3491,  "end" : 3497 }, 
        {"sofa" : 12,  "begin" : 3497,  "end" : 3498 }, 
        {"sofa" : 12,  "begin" : 3499,  "end" : 3507 }, 
        {"sofa" : 12,  "begin" : 3508,  "end" : 3516 }, 
        {"sofa" : 12,  "begin" : 3517,  "end" : 3526 }, 
        {"sofa" : 12,  "begin" : 3526,  "end" : 3527 }, 
        {"sofa" : 12,  "begin" : 3528,  "end" : 3532 }, 
        {"sofa" : 12,  "begin" : 3533,  "end" : 3540 }, 
        {"sofa" : 12,  "begin" : 3541,  "end" : 3542 }, 
        {"sofa" : 12,  "begin" : 3542,  "end" : 3548 }, 
        {"sofa" : 12,  "begin" : 3549,  "end" : 3554 }, 
        {"sofa" : 12,  "begin" : 3555,  "end" : 3557 }, 
        {"sofa" : 12,  "begin" : 3557,  "end" : 3558 }, 
        {"sofa" : 12,  "begin" : 3559,  "end" : 3561 }, 
        {"sofa" : 12,  "begin" : 3562,  "end" : 3565 } ], 
      "Persuasive_Labels" : [
        {"sofa" : 12,  "begin" : 278,  "end" : 325,  "DistinctiveLinguisticFeatures" : "distinctive linguistic features" }, 
        {"sofa" : 12,  "begin" : 278,  "end" : 325,  "DistinctiveLinguisticFeatures" : "title of article as clickbait" }, 
        {"sofa" : 12,  "begin" : 500,  "end" : 527,  "EstablishingLegitimacy" : "Establishing Legitimacy" }, 
        {"sofa" : 12,  "begin" : 500,  "end" : 527,  "EstablishingLegitimacy" : "surface credibility markers - simply claiming authority or credibility" }, 
        {"sofa" : 12,  "begin" : 709,  "end" : 733,  "EstablishingLegitimacy" : "Establishing Legitimacy" }, 
        {"sofa" : 12,  "begin" : 709,  "end" : 733,  "EstablishingLegitimacy" : "citing source to establish legitimacy_source not verified" }, 
        {"sofa" : 12,  "begin" : 1976,  "end" : 2014,  "EstablishingLegitimacy" : "Establishing Legitimacy" }, 
        {"sofa" : 12,  "begin" : 1976,  "end" : 2014,  "EstablishingLegitimacy" : "citing source to establish legitimacy_source not verified" }, 
        {"sofa" : 12,  "begin" : 2083,  "end" : 2128,  "EstablishingLegitimacy" : "Establishing Legitimacy" }, 
        {"sofa" : 12,  "begin" : 2083,  "end" : 2128,  "EstablishingLegitimacy" : "citing source to establish legitimacy_source not verified" } ] } }, 
  "_referenced_fss" : {
    "12" : {"_type" : "Sofa",  "sofaNum" : 1,  "sofaID" : "_InitialView",  "mimeType" : "text",  "sofaString" : "﻿tron-02226 Aborted Babies Incinerated To Heat U.K. Hospitals\r\nSource: https://www.telegraph.co.uk/science/2016/03/15/aborted-babies-incinerated-to-heat-uk-hospitals/ \r\nFact checking: https://www.truthorfiction.com/nhs-hospitals-incinerated-embryos-fetuses/ \r\nActual content: \r\nAborted babies incinerated to heat UK hospitals\r\nBy Sarah Knapton, SCIENCE CORRESPONDENT\r\nThe bodies of thousands of aborted and miscarried babies were incinerated as clinical waste, with some even used to heat hospitals, an investigation has found.\r\nTen NHS trusts have admitted burning foetal remains alongside other rubbish while two others used the bodies in 'waste-to-energy' plants which generate power for heat.\r\nLast night the Department of Health issued an instant ban on the practice which health minister Dr Dan Poulter branded 'totally unacceptable.'\r\nAt least 15,500 foetal remains were incinerated by 27 NHS trusts over the last two years alone, Channel 4's Dispatches discovered.\r\nThe programme, which will air tonight, found that parents who lose children in early pregnancy were often treated without compassion and were not consulted about what they wanted to happen to the remains\r\nOne of the country's leading hospitals, Addenbrooke's in Cambridge, incinerated 797 babies below 13 weeks gestation at their own 'waste to energy' plant. The mothers were told the remains had been 'cremated.'\r\nAnother 'waste to energy' facility at Ipswich Hospital, operated by a private contractor, incinerated 1,101 foetal remains between 2011 and 2013.\r\nThey were brought in from another hospital before being burned, generating energy for the hospital site. Ipswich Hospital itself disposes of remains by cremation.\r\n\"This practice is totally unacceptable,\" said Dr Poulter.\r\n\"While the vast majority of hospitals are acting in the appropriate way, that must be the case for all hospitals and the Human Tissue Authority has now been asked to ensure that it acts on this issue without delay.\"\r\nSir Bruce Keogh, NHS Medical Director, has written to all NHS trusts to tell them the practice must stop.\r\nThe Chief Medical Officer, Dame Sally Davies, has also written to the Human Tissue Authority to ask them make sure that guidance is clear.\r\nAnd the Care Quality Commission said it would investigate the programme's findings.\r\nProf Sir Mike Richards, Chief Inspector of Hospitals, said: \"I am disappointed trusts may not be informing or consulting women and their families.\r\n\"This breaches our standard on respecting and involving people who use services and I'm keen for Dispatches to share their evidence with us.\r\n\"We scrutinise information of concern and can inspect unannounced, if required.\"\r\nA total of one in seven pregnancies ends in a miscarriage, while NHS figures show there are around 4,000 stillbirths each year in the UK, or 11 each day.\r\nIpswich Hospital Trust said it was concerned to discover that foetal remains from another hospital had been incinerated on its site.\r\nA spokeswoman said: \"The Ipswich Hospital NHS Trust does not incinerate foetal remains.\"\r\nShe added that the trust \"takes great care over foetal remains\"\r\nA spokesman for the Cambridge University Hospitals NHS Foundation Trust said that trained health professionals discuss the options with parents 'both verbally and in writing.'\r\n\"The parents are given exactly the same choice on the disposal of foetal remains as for a stillborn child and their personal wishes are respected,\" they added.\r\nChannel 4 Dispatches, Amanda Holden: Exposing Hospital Heartache, airs tonight (Monday March 24) at 8pm\r\n\r\n" } } }