{"_context" : {
    "_types" : {
      "DocumentMetaData" : {
        "_feature_types" : {"sofa" : "_ref" } }, 
      "Persuasive_Labels" : {
        "_feature_types" : {"sofa" : "_ref" } }, 
      "Sentence" : {
        "_feature_types" : {"sofa" : "_ref" } }, 
      "Sofa" : {
        "_feature_types" : {"sofaArray" : "_ref" } }, 
      "TagsetDescription" : {
        "_feature_types" : {"sofa" : "_ref",  "tags" : "_ref" } }, 
      "Token" : {
        "_feature_types" : {"sofa" : "_ref",  "parent" : "_ref",  "lemma" : "_ref",  "stem" : "_ref",  "pos" : "_ref",  "morph" : "_ref",  "form" : "_ref" } }, 
      "DocumentAnnotation" : {
        "_feature_types" : {"sofa" : "_ref" }, 
        "_subtypes" : ["DocumentMetaData" ] }, 
      "Annotation" : {
        "_feature_types" : {"sofa" : "_ref" }, 
        "_subtypes" : ["DocumentAnnotation",  "Persuasive_Labels",  "Sentence",  "TagsetDescription",  "Token" ] }, 
      "AnnotationBase" : {
        "_feature_types" : {"sofa" : "_ref" }, 
        "_subtypes" : ["Annotation" ] }, 
      "TOP" : {
        "_subtypes" : ["AnnotationBase",  "Sofa" ] } } }, 
  "_views" : {
    "_InitialView" : {
      "DocumentMetaData" : [
        {"sofa" : 12,  "end" : 1363,  "language" : "x-unspecified",  "documentTitle" : "200.%20tron-01393%20Cockroach%20eggs%20in%20taco%20meat%20.txt",  "documentId" : "admin",  "documentUri" : "file:/C:/Users/huiyi/.webanno/repository/project/4/document/538/source/admin",  "collectionId" : "file:/C:/Users/huiyi/.webanno/repository/project/4/document/538/source/",  "documentBaseUri" : "file:/C:/Users/huiyi/.webanno/repository/project/4/document/538/source/",  "isLastSegment" : false } ], 
      "TagsetDescription" : [
        {"sofa" : 12,  "layer" : "de.tudarmstadt.ukp.dkpro.core.api.syntax.type.dependency.Dependency",  "name" : "UD Universal Dependencies (v2)",  "input" : false }, 
        {"sofa" : 12,  "layer" : "de.tudarmstadt.ukp.dkpro.core.api.ner.type.NamedEntity",  "name" : "Named Entity tags",  "input" : false }, 
        {"sofa" : 12,  "layer" : "de.tudarmstadt.ukp.dkpro.core.api.transform.type.SofaChangeAnnotation",  "name" : "Operation",  "input" : false }, 
        {"sofa" : 12,  "layer" : "de.tudarmstadt.ukp.dkpro.core.api.lexmorph.type.pos.POS",  "name" : "UD Universal POS tags (v2)",  "input" : false }, 
        {"sofa" : 12,  "layer" : "webanno.custom.Persuasive_Labels",  "name" : "2. Using Anecdotes and Personal Experience as Evidence",  "input" : false } ], 
      "Sentence" : [
        {"sofa" : 12,  "end" : 251 }, 
        {"sofa" : 12,  "begin" : 253,  "end" : 387 }, 
        {"sofa" : 12,  "begin" : 388,  "end" : 454 }, 
        {"sofa" : 12,  "begin" : 455,  "end" : 516 }, 
        {"sofa" : 12,  "begin" : 517,  "end" : 627 }, 
        {"sofa" : 12,  "begin" : 629,  "end" : 721 }, 
        {"sofa" : 12,  "begin" : 722,  "end" : 772 }, 
        {"sofa" : 12,  "begin" : 773,  "end" : 827 }, 
        {"sofa" : 12,  "begin" : 828,  "end" : 931 }, 
        {"sofa" : 12,  "begin" : 932,  "end" : 968 }, 
        {"sofa" : 12,  "begin" : 970,  "end" : 1046 }, 
        {"sofa" : 12,  "begin" : 1047,  "end" : 1138 }, 
        {"sofa" : 12,  "begin" : 1139,  "end" : 1219 }, 
        {"sofa" : 12,  "begin" : 1220,  "end" : 1324 }, 
        {"sofa" : 12,  "begin" : 1326,  "end" : 1348 }, 
        {"sofa" : 12,  "begin" : 1349,  "end" : 1359 } ], 
      "Token" : [
        {"sofa" : 12,  "end" : 5 }, 
        {"sofa" : 12,  "begin" : 5,  "end" : 6 }, 
        {"sofa" : 12,  "begin" : 6,  "end" : 11 }, 
        {"sofa" : 12,  "begin" : 12,  "end" : 21 }, 
        {"sofa" : 12,  "begin" : 22,  "end" : 26 }, 
        {"sofa" : 12,  "begin" : 27,  "end" : 29 }, 
        {"sofa" : 12,  "begin" : 30,  "end" : 34 }, 
        {"sofa" : 12,  "begin" : 35,  "end" : 39 }, 
        {"sofa" : 12,  "begin" : 42,  "end" : 48 }, 
        {"sofa" : 12,  "begin" : 48,  "end" : 49 }, 
        {"sofa" : 12,  "begin" : 50,  "end" : 55 }, 
        {"sofa" : 12,  "begin" : 55,  "end" : 56 }, 
        {"sofa" : 12,  "begin" : 56,  "end" : 57 }, 
        {"sofa" : 12,  "begin" : 57,  "end" : 58 }, 
        {"sofa" : 12,  "begin" : 58,  "end" : 72 }, 
        {"sofa" : 12,  "begin" : 72,  "end" : 73 }, 
        {"sofa" : 12,  "begin" : 73,  "end" : 83 }, 
        {"sofa" : 12,  "begin" : 83,  "end" : 84 }, 
        {"sofa" : 12,  "begin" : 84,  "end" : 98 }, 
        {"sofa" : 12,  "begin" : 98,  "end" : 99 }, 
        {"sofa" : 12,  "begin" : 102,  "end" : 106 }, 
        {"sofa" : 12,  "begin" : 107,  "end" : 115 }, 
        {"sofa" : 12,  "begin" : 115,  "end" : 116 }, 
        {"sofa" : 12,  "begin" : 117,  "end" : 122 }, 
        {"sofa" : 12,  "begin" : 122,  "end" : 123 }, 
        {"sofa" : 12,  "begin" : 123,  "end" : 124 }, 
        {"sofa" : 12,  "begin" : 124,  "end" : 125 }, 
        {"sofa" : 12,  "begin" : 125,  "end" : 147 }, 
        {"sofa" : 12,  "begin" : 147,  "end" : 148 }, 
        {"sofa" : 12,  "begin" : 148,  "end" : 159 }, 
        {"sofa" : 12,  "begin" : 159,  "end" : 160 }, 
        {"sofa" : 12,  "begin" : 163,  "end" : 169 }, 
        {"sofa" : 12,  "begin" : 170,  "end" : 177 }, 
        {"sofa" : 12,  "begin" : 177,  "end" : 178 }, 
        {"sofa" : 12,  "begin" : 181,  "end" : 190 }, 
        {"sofa" : 12,  "begin" : 191,  "end" : 194 }, 
        {"sofa" : 12,  "begin" : 195,  "end" : 198 }, 
        {"sofa" : 12,  "begin" : 199,  "end" : 207 }, 
        {"sofa" : 12,  "begin" : 207,  "end" : 208 }, 
        {"sofa" : 12,  "begin" : 209,  "end" : 213 }, 
        {"sofa" : 12,  "begin" : 213,  "end" : 214 }, 
        {"sofa" : 12,  "begin" : 218,  "end" : 224 }, 
        {"sofa" : 12,  "begin" : 225,  "end" : 230 }, 
        {"sofa" : 12,  "begin" : 231,  "end" : 234 }, 
        {"sofa" : 12,  "begin" : 235,  "end" : 239 }, 
        {"sofa" : 12,  "begin" : 240,  "end" : 244 }, 
        {"sofa" : 12,  "begin" : 245,  "end" : 250 }, 
        {"sofa" : 12,  "begin" : 250,  "end" : 251 }, 
        {"sofa" : 12,  "begin" : 253,  "end" : 257 }, 
        {"sofa" : 12,  "begin" : 258,  "end" : 262 }, 
        {"sofa" : 12,  "begin" : 263,  "end" : 266 }, 
        {"sofa" : 12,  "begin" : 267,  "end" : 273 }, 
        {"sofa" : 12,  "begin" : 274,  "end" : 276 }, 
        {"sofa" : 12,  "begin" : 277,  "end" : 278 }, 
        {"sofa" : 12,  "begin" : 279,  "end" : 284 }, 
        {"sofa" : 12,  "begin" : 285,  "end" : 288 }, 
        {"sofa" : 12,  "begin" : 289,  "end" : 292 }, 
        {"sofa" : 12,  "begin" : 293,  "end" : 295 }, 
        {"sofa" : 12,  "begin" : 296,  "end" : 299 }, 
        {"sofa" : 12,  "begin" : 300,  "end" : 304 }, 
        {"sofa" : 12,  "begin" : 305,  "end" : 312 }, 
        {"sofa" : 12,  "begin" : 313,  "end" : 316 }, 
        {"sofa" : 12,  "begin" : 317,  "end" : 319 }, 
        {"sofa" : 12,  "begin" : 320,  "end" : 321 }, 
        {"sofa" : 12,  "begin" : 322,  "end" : 326 }, 
        {"sofa" : 12,  "begin" : 327,  "end" : 331 }, 
        {"sofa" : 12,  "begin" : 332,  "end" : 335 }, 
        {"sofa" : 12,  "begin" : 336,  "end" : 339 }, 
        {"sofa" : 12,  "begin" : 340,  "end" : 341 }, 
        {"sofa" : 12,  "begin" : 342,  "end" : 349 }, 
        {"sofa" : 12,  "begin" : 350,  "end" : 354 }, 
        {"sofa" : 12,  "begin" : 355,  "end" : 359 }, 
        {"sofa" : 12,  "begin" : 360,  "end" : 363 }, 
        {"sofa" : 12,  "begin" : 364,  "end" : 367 }, 
        {"sofa" : 12,  "begin" : 368,  "end" : 370 }, 
        {"sofa" : 12,  "begin" : 371,  "end" : 373 }, 
        {"sofa" : 12,  "begin" : 374,  "end" : 377 }, 
        {"sofa" : 12,  "begin" : 378,  "end" : 381 }, 
        {"sofa" : 12,  "begin" : 382,  "end" : 386 }, 
        {"sofa" : 12,  "begin" : 386,  "end" : 387 }, 
        {"sofa" : 12,  "begin" : 388,  "end" : 392 }, 
        {"sofa" : 12,  "begin" : 393,  "end" : 397 }, 
        {"sofa" : 12,  "begin" : 398,  "end" : 403 }, 
        {"sofa" : 12,  "begin" : 404,  "end" : 407 }, 
        {"sofa" : 12,  "begin" : 408,  "end" : 415 }, 
        {"sofa" : 12,  "begin" : 416,  "end" : 419 }, 
        {"sofa" : 12,  "begin" : 420,  "end" : 423 }, 
        {"sofa" : 12,  "begin" : 424,  "end" : 427 }, 
        {"sofa" : 12,  "begin" : 428,  "end" : 432 }, 
        {"sofa" : 12,  "begin" : 433,  "end" : 435 }, 
        {"sofa" : 12,  "begin" : 436,  "end" : 441 }, 
        {"sofa" : 12,  "begin" : 442,  "end" : 445 }, 
        {"sofa" : 12,  "begin" : 446,  "end" : 453 }, 
        {"sofa" : 12,  "begin" : 453,  "end" : 454 }, 
        {"sofa" : 12,  "begin" : 455,  "end" : 458 }, 
        {"sofa" : 12,  "begin" : 459,  "end" : 463 }, 
        {"sofa" : 12,  "begin" : 464,  "end" : 467 }, 
        {"sofa" : 12,  "begin" : 468,  "end" : 470 }, 
        {"sofa" : 12,  "begin" : 471,  "end" : 474 }, 
        {"sofa" : 12,  "begin" : 475,  "end" : 476 }, 
        {"sofa" : 12,  "begin" : 477,  "end" : 483 }, 
        {"sofa" : 12,  "begin" : 484,  "end" : 489 }, 
        {"sofa" : 12,  "begin" : 490,  "end" : 492 }, 
        {"sofa" : 12,  "begin" : 493,  "end" : 496 }, 
        {"sofa" : 12,  "begin" : 497,  "end" : 501 }, 
        {"sofa" : 12,  "begin" : 502,  "end" : 504 }, 
        {"sofa" : 12,  "begin" : 505,  "end" : 508 }, 
        {"sofa" : 12,  "begin" : 509,  "end" : 515 }, 
        {"sofa" : 12,  "begin" : 515,  "end" : 516 }, 
        {"sofa" : 12,  "begin" : 517,  "end" : 519 }, 
        {"sofa" : 12,  "begin" : 520,  "end" : 524 }, 
        {"sofa" : 12,  "begin" : 525,  "end" : 528 }, 
        {"sofa" : 12,  "begin" : 529,  "end" : 532 }, 
        {"sofa" : 12,  "begin" : 533,  "end" : 537 }, 
        {"sofa" : 12,  "begin" : 538,  "end" : 542 }, 
        {"sofa" : 12,  "begin" : 543,  "end" : 545 }, 
        {"sofa" : 12,  "begin" : 546,  "end" : 554 }, 
        {"sofa" : 12,  "begin" : 555,  "end" : 563 }, 
        {"sofa" : 12,  "begin" : 564,  "end" : 566 }, 
        {"sofa" : 12,  "begin" : 567,  "end" : 576 }, 
        {"sofa" : 12,  "begin" : 577,  "end" : 580 }, 
        {"sofa" : 12,  "begin" : 581,  "end" : 585 }, 
        {"sofa" : 12,  "begin" : 586,  "end" : 589 }, 
        {"sofa" : 12,  "begin" : 590,  "end" : 594 }, 
        {"sofa" : 12,  "begin" : 595,  "end" : 600 }, 
        {"sofa" : 12,  "begin" : 601,  "end" : 603 }, 
        {"sofa" : 12,  "begin" : 604,  "end" : 607 }, 
        {"sofa" : 12,  "begin" : 608,  "end" : 610 }, 
        {"sofa" : 12,  "begin" : 611,  "end" : 614 }, 
        {"sofa" : 12,  "begin" : 615,  "end" : 618 }, 
        {"sofa" : 12,  "begin" : 619,  "end" : 621 }, 
        {"sofa" : 12,  "begin" : 622,  "end" : 626 }, 
        {"sofa" : 12,  "begin" : 626,  "end" : 627 }, 
        {"sofa" : 12,  "begin" : 629,  "end" : 634 }, 
        {"sofa" : 12,  "begin" : 635,  "end" : 636 }, 
        {"sofa" : 12,  "begin" : 637,  "end" : 643 }, 
        {"sofa" : 12,  "begin" : 644,  "end" : 646 }, 
        {"sofa" : 12,  "begin" : 647,  "end" : 651 }, 
        {"sofa" : 12,  "begin" : 652,  "end" : 655 }, 
        {"sofa" : 12,  "begin" : 656,  "end" : 664 }, 
        {"sofa" : 12,  "begin" : 665,  "end" : 668 }, 
        {"sofa" : 12,  "begin" : 669,  "end" : 673 }, 
        {"sofa" : 12,  "begin" : 674,  "end" : 680 }, 
        {"sofa" : 12,  "begin" : 681,  "end" : 686 }, 
        {"sofa" : 12,  "begin" : 687,  "end" : 690 }, 
        {"sofa" : 12,  "begin" : 691,  "end" : 694 }, 
        {"sofa" : 12,  "begin" : 695,  "end" : 700 }, 
        {"sofa" : 12,  "begin" : 701,  "end" : 707 }, 
        {"sofa" : 12,  "begin" : 708,  "end" : 712 }, 
        {"sofa" : 12,  "begin" : 713,  "end" : 716 }, 
        {"sofa" : 12,  "begin" : 717,  "end" : 720 }, 
        {"sofa" : 12,  "begin" : 720,  "end" : 721 }, 
        {"sofa" : 12,  "begin" : 722,  "end" : 725 }, 
        {"sofa" : 12,  "begin" : 726,  "end" : 730 }, 
        {"sofa" : 12,  "begin" : 731,  "end" : 735 }, 
        {"sofa" : 12,  "begin" : 736,  "end" : 738 }, 
        {"sofa" : 12,  "begin" : 739,  "end" : 742 }, 
        {"sofa" : 12,  "begin" : 743,  "end" : 749 }, 
        {"sofa" : 12,  "begin" : 750,  "end" : 752 }, 
        {"sofa" : 12,  "begin" : 753,  "end" : 756 }, 
        {"sofa" : 12,  "begin" : 757,  "end" : 761 }, 
        {"sofa" : 12,  "begin" : 762,  "end" : 765 }, 
        {"sofa" : 12,  "begin" : 766,  "end" : 771 }, 
        {"sofa" : 12,  "begin" : 771,  "end" : 772 }, 
        {"sofa" : 12,  "begin" : 773,  "end" : 776 }, 
        {"sofa" : 12,  "begin" : 777,  "end" : 783 }, 
        {"sofa" : 12,  "begin" : 784,  "end" : 787 }, 
        {"sofa" : 12,  "begin" : 788,  "end" : 790 }, 
        {"sofa" : 12,  "begin" : 791,  "end" : 795 }, 
        {"sofa" : 12,  "begin" : 796,  "end" : 798 }, 
        {"sofa" : 12,  "begin" : 799,  "end" : 801 }, 
        {"sofa" : 12,  "begin" : 802,  "end" : 809 }, 
        {"sofa" : 12,  "begin" : 810,  "end" : 812 }, 
        {"sofa" : 12,  "begin" : 813,  "end" : 816 }, 
        {"sofa" : 12,  "begin" : 817,  "end" : 821 }, 
        {"sofa" : 12,  "begin" : 822,  "end" : 826 }, 
        {"sofa" : 12,  "begin" : 826,  "end" : 827 }, 
        {"sofa" : 12,  "begin" : 828,  "end" : 832 }, 
        {"sofa" : 12,  "begin" : 833,  "end" : 841 }, 
        {"sofa" : 12,  "begin" : 842,  "end" : 845 }, 
        {"sofa" : 12,  "begin" : 846,  "end" : 849 }, 
        {"sofa" : 12,  "begin" : 850,  "end" : 856 }, 
        {"sofa" : 12,  "begin" : 857,  "end" : 859 }, 
        {"sofa" : 12,  "begin" : 860,  "end" : 863 }, 
        {"sofa" : 12,  "begin" : 864,  "end" : 869 }, 
        {"sofa" : 12,  "begin" : 870,  "end" : 872 }, 
        {"sofa" : 12,  "begin" : 873,  "end" : 876 }, 
        {"sofa" : 12,  "begin" : 877,  "end" : 883 }, 
        {"sofa" : 12,  "begin" : 884,  "end" : 891 }, 
        {"sofa" : 12,  "begin" : 892,  "end" : 895 }, 
        {"sofa" : 12,  "begin" : 896,  "end" : 900 }, 
        {"sofa" : 12,  "begin" : 901,  "end" : 905 }, 
        {"sofa" : 12,  "begin" : 906,  "end" : 910 }, 
        {"sofa" : 12,  "begin" : 911,  "end" : 915 }, 
        {"sofa" : 12,  "begin" : 916,  "end" : 922 }, 
        {"sofa" : 12,  "begin" : 923,  "end" : 930 }, 
        {"sofa" : 12,  "begin" : 930,  "end" : 931 }, 
        {"sofa" : 12,  "begin" : 932,  "end" : 936 }, 
        {"sofa" : 12,  "begin" : 937,  "end" : 941 }, 
        {"sofa" : 12,  "begin" : 942,  "end" : 947 }, 
        {"sofa" : 12,  "begin" : 948,  "end" : 951 }, 
        {"sofa" : 12,  "begin" : 952,  "end" : 956 }, 
        {"sofa" : 12,  "begin" : 957,  "end" : 960 }, 
        {"sofa" : 12,  "begin" : 962,  "end" : 967 }, 
        {"sofa" : 12,  "begin" : 967,  "end" : 968 }, 
        {"sofa" : 12,  "begin" : 970,  "end" : 980 }, 
        {"sofa" : 12,  "begin" : 981,  "end" : 984 }, 
        {"sofa" : 12,  "begin" : 985,  "end" : 992 }, 
        {"sofa" : 12,  "begin" : 993,  "end" : 997 }, 
        {"sofa" : 12,  "begin" : 998,  "end" : 1002 }, 
        {"sofa" : 12,  "begin" : 1003,  "end" : 1006 }, 
        {"sofa" : 12,  "begin" : 1007,  "end" : 1008 }, 
        {"sofa" : 12,  "begin" : 1009,  "end" : 1017 }, 
        {"sofa" : 12,  "begin" : 1018,  "end" : 1023 }, 
        {"sofa" : 12,  "begin" : 1024,  "end" : 1026 }, 
        {"sofa" : 12,  "begin" : 1027,  "end" : 1029 }, 
        {"sofa" : 12,  "begin" : 1030,  "end" : 1034 }, 
        {"sofa" : 12,  "begin" : 1035,  "end" : 1038 }, 
        {"sofa" : 12,  "begin" : 1039,  "end" : 1042 }, 
        {"sofa" : 12,  "begin" : 1042,  "end" : 1043 }, 
        {"sofa" : 12,  "begin" : 1043,  "end" : 1044 }, 
        {"sofa" : 12,  "begin" : 1044,  "end" : 1045 }, 
        {"sofa" : 12,  "begin" : 1045,  "end" : 1046 }, 
        {"sofa" : 12,  "begin" : 1047,  "end" : 1050 }, 
        {"sofa" : 12,  "begin" : 1051,  "end" : 1055 }, 
        {"sofa" : 12,  "begin" : 1056,  "end" : 1060 }, 
        {"sofa" : 12,  "begin" : 1061,  "end" : 1065 }, 
        {"sofa" : 12,  "begin" : 1066,  "end" : 1069 }, 
        {"sofa" : 12,  "begin" : 1070,  "end" : 1073 }, 
        {"sofa" : 12,  "begin" : 1074,  "end" : 1078 }, 
        {"sofa" : 12,  "begin" : 1079,  "end" : 1082 }, 
        {"sofa" : 12,  "begin" : 1083,  "end" : 1089 }, 
        {"sofa" : 12,  "begin" : 1090,  "end" : 1096 }, 
        {"sofa" : 12,  "begin" : 1097,  "end" : 1100 }, 
        {"sofa" : 12,  "begin" : 1101,  "end" : 1104 }, 
        {"sofa" : 12,  "begin" : 1105,  "end" : 1108 }, 
        {"sofa" : 12,  "begin" : 1109,  "end" : 1119 }, 
        {"sofa" : 12,  "begin" : 1120,  "end" : 1124 }, 
        {"sofa" : 12,  "begin" : 1125,  "end" : 1127 }, 
        {"sofa" : 12,  "begin" : 1128,  "end" : 1131 }, 
        {"sofa" : 12,  "begin" : 1132,  "end" : 1137 }, 
        {"sofa" : 12,  "begin" : 1137,  "end" : 1138 }, 
        {"sofa" : 12,  "begin" : 1139,  "end" : 1143 }, 
        {"sofa" : 12,  "begin" : 1144,  "end" : 1147 }, 
        {"sofa" : 12,  "begin" : 1148,  "end" : 1150 }, 
        {"sofa" : 12,  "begin" : 1151,  "end" : 1157 }, 
        {"sofa" : 12,  "begin" : 1158,  "end" : 1159 }, 
        {"sofa" : 12,  "begin" : 1160,  "end" : 1166 }, 
        {"sofa" : 12,  "begin" : 1167,  "end" : 1168 }, 
        {"sofa" : 12,  "begin" : 1169,  "end" : 1175 }, 
        {"sofa" : 12,  "begin" : 1176,  "end" : 1178 }, 
        {"sofa" : 12,  "begin" : 1179,  "end" : 1182 }, 
        {"sofa" : 12,  "begin" : 1183,  "end" : 1188 }, 
        {"sofa" : 12,  "begin" : 1189,  "end" : 1194 }, 
        {"sofa" : 12,  "begin" : 1195,  "end" : 1197 }, 
        {"sofa" : 12,  "begin" : 1198,  "end" : 1201 }, 
        {"sofa" : 12,  "begin" : 1202,  "end" : 1205 }, 
        {"sofa" : 12,  "begin" : 1206,  "end" : 1209 }, 
        {"sofa" : 12,  "begin" : 1210,  "end" : 1214 }, 
        {"sofa" : 12,  "begin" : 1215,  "end" : 1218 }, 
        {"sofa" : 12,  "begin" : 1218,  "end" : 1219 }, 
        {"sofa" : 12,  "begin" : 1220,  "end" : 1222 }, 
        {"sofa" : 12,  "begin" : 1223,  "end" : 1227 }, 
        {"sofa" : 12,  "begin" : 1228,  "end" : 1234 }, 
        {"sofa" : 12,  "begin" : 1235,  "end" : 1242 }, 
        {"sofa" : 12,  "begin" : 1243,  "end" : 1246 }, 
        {"sofa" : 12,  "begin" : 1247,  "end" : 1251 }, 
        {"sofa" : 12,  "begin" : 1252,  "end" : 1255 }, 
        {"sofa" : 12,  "begin" : 1256,  "end" : 1261 }, 
        {"sofa" : 12,  "begin" : 1262,  "end" : 1264 }, 
        {"sofa" : 12,  "begin" : 1265,  "end" : 1268 }, 
        {"sofa" : 12,  "begin" : 1269,  "end" : 1273 }, 
        {"sofa" : 12,  "begin" : 1274,  "end" : 1279 }, 
        {"sofa" : 12,  "begin" : 1280,  "end" : 1284 }, 
        {"sofa" : 12,  "begin" : 1285,  "end" : 1292 }, 
        {"sofa" : 12,  "begin" : 1293,  "end" : 1299 }, 
        {"sofa" : 12,  "begin" : 1300,  "end" : 1303 }, 
        {"sofa" : 12,  "begin" : 1304,  "end" : 1310 }, 
        {"sofa" : 12,  "begin" : 1311,  "end" : 1313 }, 
        {"sofa" : 12,  "begin" : 1314,  "end" : 1317 }, 
        {"sofa" : 12,  "begin" : 1318,  "end" : 1323 }, 
        {"sofa" : 12,  "begin" : 1323,  "end" : 1324 }, 
        {"sofa" : 12,  "begin" : 1326,  "end" : 1331 }, 
        {"sofa" : 12,  "begin" : 1332,  "end" : 1337 }, 
        {"sofa" : 12,  "begin" : 1338,  "end" : 1342 }, 
        {"sofa" : 12,  "begin" : 1343,  "end" : 1347 }, 
        {"sofa" : 12,  "begin" : 1347,  "end" : 1348 }, 
        {"sofa" : 12,  "begin" : 1349,  "end" : 1351 }, 
        {"sofa" : 12,  "begin" : 1352,  "end" : 1358 }, 
        {"sofa" : 12,  "begin" : 1358,  "end" : 1359 } ], 
      "Persuasive_Labels" : [
        {"sofa" : 12,  "begin" : 218,  "end" : 251,  "EmotionalAppeals" : "emotional appeals" }, 
        {"sofa" : 12,  "begin" : 218,  "end" : 251,  "EmotionalAppeals" : "anxiety" }, 
        {"sofa" : 12,  "begin" : 253,  "end" : 1324,  "FabricatingNarrativewithDetails" : "Narrative with Details" }, 
        {"sofa" : 12,  "begin" : 253,  "end" : 1324,  "FabricatingNarrativewithDetails" : "Narrative with details_verified to be false" }, 
        {"sofa" : 12,  "begin" : 1042,  "end" : 1046,  "DistinctiveLinguisticFeatures" : "distinctive linguistic features" }, 
        {"sofa" : 12,  "begin" : 1042,  "end" : 1046,  "DistinctiveLinguisticFeatures" : "ellipses, exaggerated/excessive usage of punctuation marks" } ] } }, 
  "_referenced_fss" : {
    "12" : {"_type" : "Sofa",  "sofaNum" : 1,  "sofaID" : "_InitialView",  "mimeType" : "text",  "sofaString" : "﻿tron-01393 Cockroach eggs in taco meat \r\nSource: https://www.snopes.com/fact-check/cockroach-eggs/ \r\nFact checking: https://www.truthorfiction.com/tacoroaches/ \r\nActual content: \r\nCollected via the Internet, 1998]\r\n\r\nYou'll never eat fast food again!\r\nThis girl was really in a hurry one day so she just stopped off at a Taco Bell and got a Chicken soft taco and ate it on the way home. Well that night she noticed her jaw was kind of tight and swollen. The next day it was a little worse so she went to her doctor. He said she was just have an allergic reaction to something and gave her some cream to rub on her jaw to help.\r\nAfter a couple of days the swelling had just gotten worse and she could hardly move her jaw. She went back to her doctor to see what was wrong. Her doctor had no idea so he started to run some test. They scrubbed out the inside of her mouth to get tissue samples and they also took some saliva samples. Well they found out what was\r\nwrong.\r\nApparently her chicken soft taco had a pregnant roach in it that she ate!!!! The eggs then some how got into her saliva glands and she was incubating them in her mouth. They had to remove a couple a layers of her inner mouth to get all the eggs out. If they hadn't figured out what was going on the eggs would have hatched inside the lining of her mouth!\r\nShe's suing Taco Bell! Of course.\r\n\r\n" } } }