{"_context" : {
    "_types" : {
      "DocumentMetaData" : {
        "_feature_types" : {"sofa" : "_ref" } }, 
      "Persuasive_Labels" : {
        "_feature_types" : {"sofa" : "_ref" } }, 
      "Sentence" : {
        "_feature_types" : {"sofa" : "_ref" } }, 
      "Sofa" : {
        "_feature_types" : {"sofaArray" : "_ref" } }, 
      "TagsetDescription" : {
        "_feature_types" : {"sofa" : "_ref",  "tags" : "_ref" } }, 
      "Token" : {
        "_feature_types" : {"sofa" : "_ref",  "parent" : "_ref",  "lemma" : "_ref",  "stem" : "_ref",  "pos" : "_ref",  "morph" : "_ref",  "form" : "_ref" } }, 
      "DocumentAnnotation" : {
        "_feature_types" : {"sofa" : "_ref" }, 
        "_subtypes" : ["DocumentMetaData" ] }, 
      "Annotation" : {
        "_feature_types" : {"sofa" : "_ref" }, 
        "_subtypes" : ["DocumentAnnotation",  "Persuasive_Labels",  "Sentence",  "TagsetDescription",  "Token" ] }, 
      "AnnotationBase" : {
        "_feature_types" : {"sofa" : "_ref" }, 
        "_subtypes" : ["Annotation" ] }, 
      "TOP" : {
        "_subtypes" : ["AnnotationBase",  "Sofa" ] } } }, 
  "_views" : {
    "_InitialView" : {
      "DocumentMetaData" : [
        {"sofa" : 12,  "end" : 7692,  "language" : "x-unspecified",  "documentTitle" : "109.%20snes-00512%20The%20National%20Cancer%20Institute%20has%20admitted%20that%20cannabis%20kills%20cancer.txt",  "documentId" : "admin",  "documentUri" : "file:/C:/Users/huiyi/.webanno/repository/project/4/document/285/source/admin",  "collectionId" : "file:/C:/Users/huiyi/.webanno/repository/project/4/document/285/source/",  "documentBaseUri" : "file:/C:/Users/huiyi/.webanno/repository/project/4/document/285/source/",  "isLastSegment" : false } ], 
      "TagsetDescription" : [
        {"sofa" : 12,  "layer" : "de.tudarmstadt.ukp.dkpro.core.api.syntax.type.dependency.Dependency",  "name" : "UD Universal Dependencies (v2)",  "input" : false }, 
        {"sofa" : 12,  "layer" : "de.tudarmstadt.ukp.dkpro.core.api.ner.type.NamedEntity",  "name" : "Named Entity tags",  "input" : false }, 
        {"sofa" : 12,  "layer" : "de.tudarmstadt.ukp.dkpro.core.api.transform.type.SofaChangeAnnotation",  "name" : "Operation",  "input" : false }, 
        {"sofa" : 12,  "layer" : "de.tudarmstadt.ukp.dkpro.core.api.lexmorph.type.pos.POS",  "name" : "UD Universal POS tags (v2)",  "input" : false }, 
        {"sofa" : 12,  "layer" : "webanno.custom.Persuasive_Labels",  "name" : "2. Using Anecdotes and Personal Experience as Evidence",  "input" : false } ], 
      "Sentence" : [
        {"sofa" : 12,  "end" : 272 }, 
        {"sofa" : 12,  "begin" : 273,  "end" : 450 }, 
        {"sofa" : 12,  "begin" : 451,  "end" : 693 }, 
        {"sofa" : 12,  "begin" : 694,  "end" : 928 }, 
        {"sofa" : 12,  "begin" : 929,  "end" : 1072 }, 
        {"sofa" : 12,  "begin" : 1074,  "end" : 1408 }, 
        {"sofa" : 12,  "begin" : 1409,  "end" : 1621 }, 
        {"sofa" : 12,  "begin" : 1622,  "end" : 2047 }, 
        {"sofa" : 12,  "begin" : 2049,  "end" : 2327 }, 
        {"sofa" : 12,  "begin" : 2328,  "end" : 2737 }, 
        {"sofa" : 12,  "begin" : 2739,  "end" : 2747 }, 
        {"sofa" : 12,  "begin" : 2748,  "end" : 3098 }, 
        {"sofa" : 12,  "begin" : 3100,  "end" : 3227 }, 
        {"sofa" : 12,  "begin" : 3228,  "end" : 3400 }, 
        {"sofa" : 12,  "begin" : 3401,  "end" : 3555 }, 
        {"sofa" : 12,  "begin" : 3556,  "end" : 3780 }, 
        {"sofa" : 12,  "begin" : 3782,  "end" : 3944 }, 
        {"sofa" : 12,  "begin" : 3945,  "end" : 4326 }, 
        {"sofa" : 12,  "begin" : 4327,  "end" : 4465 }, 
        {"sofa" : 12,  "begin" : 4466,  "end" : 4775 }, 
        {"sofa" : 12,  "begin" : 4776,  "end" : 4920 }, 
        {"sofa" : 12,  "begin" : 4921,  "end" : 5091 }, 
        {"sofa" : 12,  "begin" : 5093,  "end" : 5394 }, 
        {"sofa" : 12,  "begin" : 5395,  "end" : 5589 }, 
        {"sofa" : 12,  "begin" : 5590,  "end" : 5721 }, 
        {"sofa" : 12,  "begin" : 5722,  "end" : 5980 }, 
        {"sofa" : 12,  "begin" : 5982,  "end" : 6294 }, 
        {"sofa" : 12,  "begin" : 6295,  "end" : 6643 }, 
        {"sofa" : 12,  "begin" : 6645,  "end" : 6917 }, 
        {"sofa" : 12,  "begin" : 6918,  "end" : 7302 }, 
        {"sofa" : 12,  "begin" : 7303,  "end" : 7688 } ], 
      "Token" : [
        {"sofa" : 12,  "end" : 5 }, 
        {"sofa" : 12,  "begin" : 5,  "end" : 6 }, 
        {"sofa" : 12,  "begin" : 6,  "end" : 11 }, 
        {"sofa" : 12,  "begin" : 12,  "end" : 15 }, 
        {"sofa" : 12,  "begin" : 16,  "end" : 24 }, 
        {"sofa" : 12,  "begin" : 25,  "end" : 31 }, 
        {"sofa" : 12,  "begin" : 32,  "end" : 41 }, 
        {"sofa" : 12,  "begin" : 42,  "end" : 45 }, 
        {"sofa" : 12,  "begin" : 46,  "end" : 54 }, 
        {"sofa" : 12,  "begin" : 55,  "end" : 59 }, 
        {"sofa" : 12,  "begin" : 60,  "end" : 68 }, 
        {"sofa" : 12,  "begin" : 69,  "end" : 74 }, 
        {"sofa" : 12,  "begin" : 75,  "end" : 81 }, 
        {"sofa" : 12,  "begin" : 83,  "end" : 89 }, 
        {"sofa" : 12,  "begin" : 89,  "end" : 90 }, 
        {"sofa" : 12,  "begin" : 91,  "end" : 96 }, 
        {"sofa" : 12,  "begin" : 96,  "end" : 97 }, 
        {"sofa" : 12,  "begin" : 97,  "end" : 98 }, 
        {"sofa" : 12,  "begin" : 98,  "end" : 99 }, 
        {"sofa" : 12,  "begin" : 99,  "end" : 109 }, 
        {"sofa" : 12,  "begin" : 109,  "end" : 110 }, 
        {"sofa" : 12,  "begin" : 110,  "end" : 115 }, 
        {"sofa" : 12,  "begin" : 118,  "end" : 122 }, 
        {"sofa" : 12,  "begin" : 123,  "end" : 131 }, 
        {"sofa" : 12,  "begin" : 131,  "end" : 132 }, 
        {"sofa" : 12,  "begin" : 133,  "end" : 138 }, 
        {"sofa" : 12,  "begin" : 138,  "end" : 139 }, 
        {"sofa" : 12,  "begin" : 139,  "end" : 140 }, 
        {"sofa" : 12,  "begin" : 140,  "end" : 141 }, 
        {"sofa" : 12,  "begin" : 141,  "end" : 155 }, 
        {"sofa" : 12,  "begin" : 155,  "end" : 156 }, 
        {"sofa" : 12,  "begin" : 156,  "end" : 166 }, 
        {"sofa" : 12,  "begin" : 166,  "end" : 167 }, 
        {"sofa" : 12,  "begin" : 167,  "end" : 203 }, 
        {"sofa" : 12,  "begin" : 203,  "end" : 204 }, 
        {"sofa" : 12,  "begin" : 207,  "end" : 213 }, 
        {"sofa" : 12,  "begin" : 214,  "end" : 221 }, 
        {"sofa" : 12,  "begin" : 221,  "end" : 222 }, 
        {"sofa" : 12,  "begin" : 225,  "end" : 231 }, 
        {"sofa" : 12,  "begin" : 232,  "end" : 237 }, 
        {"sofa" : 12,  "begin" : 237,  "end" : 238 }, 
        {"sofa" : 12,  "begin" : 239,  "end" : 242 }, 
        {"sofa" : 12,  "begin" : 243,  "end" : 247 }, 
        {"sofa" : 12,  "begin" : 247,  "end" : 248 }, 
        {"sofa" : 12,  "begin" : 249,  "end" : 253 }, 
        {"sofa" : 12,  "begin" : 254,  "end" : 256 }, 
        {"sofa" : 12,  "begin" : 257,  "end" : 262 }, 
        {"sofa" : 12,  "begin" : 264,  "end" : 267 }, 
        {"sofa" : 12,  "begin" : 268,  "end" : 271 }, 
        {"sofa" : 12,  "begin" : 271,  "end" : 272 }, 
        {"sofa" : 12,  "begin" : 273,  "end" : 285 }, 
        {"sofa" : 12,  "begin" : 286,  "end" : 296 }, 
        {"sofa" : 12,  "begin" : 297,  "end" : 299 }, 
        {"sofa" : 12,  "begin" : 300,  "end" : 306 }, 
        {"sofa" : 12,  "begin" : 307,  "end" : 314 }, 
        {"sofa" : 12,  "begin" : 315,  "end" : 321 }, 
        {"sofa" : 12,  "begin" : 322,  "end" : 326 }, 
        {"sofa" : 12,  "begin" : 327,  "end" : 336 }, 
        {"sofa" : 12,  "begin" : 337,  "end" : 342 }, 
        {"sofa" : 12,  "begin" : 344,  "end" : 354 }, 
        {"sofa" : 12,  "begin" : 355,  "end" : 362 }, 
        {"sofa" : 12,  "begin" : 363,  "end" : 366 }, 
        {"sofa" : 12,  "begin" : 367,  "end" : 371 }, 
        {"sofa" : 12,  "begin" : 372,  "end" : 379 }, 
        {"sofa" : 12,  "begin" : 380,  "end" : 385 }, 
        {"sofa" : 12,  "begin" : 386,  "end" : 392 }, 
        {"sofa" : 12,  "begin" : 393,  "end" : 402 }, 
        {"sofa" : 12,  "begin" : 403,  "end" : 407 }, 
        {"sofa" : 12,  "begin" : 408,  "end" : 413 }, 
        {"sofa" : 12,  "begin" : 414,  "end" : 419 }, 
        {"sofa" : 12,  "begin" : 420,  "end" : 426 }, 
        {"sofa" : 12,  "begin" : 427,  "end" : 430 }, 
        {"sofa" : 12,  "begin" : 431,  "end" : 439 }, 
        {"sofa" : 12,  "begin" : 440,  "end" : 443 }, 
        {"sofa" : 12,  "begin" : 444,  "end" : 449 }, 
        {"sofa" : 12,  "begin" : 449,  "end" : 450 }, 
        {"sofa" : 12,  "begin" : 451,  "end" : 459 }, 
        {"sofa" : 12,  "begin" : 460,  "end" : 462 }, 
        {"sofa" : 12,  "begin" : 463,  "end" : 465 }, 
        {"sofa" : 12,  "begin" : 466,  "end" : 476 }, 
        {"sofa" : 12,  "begin" : 477,  "end" : 481 }, 
        {"sofa" : 12,  "begin" : 482,  "end" : 488 }, 
        {"sofa" : 12,  "begin" : 489,  "end" : 496 }, 
        {"sofa" : 12,  "begin" : 497,  "end" : 499 }, 
        {"sofa" : 12,  "begin" : 500,  "end" : 501 }, 
        {"sofa" : 12,  "begin" : 502,  "end" : 510 }, 
        {"sofa" : 12,  "begin" : 511,  "end" : 515 }, 
        {"sofa" : 12,  "begin" : 516,  "end" : 524 }, 
        {"sofa" : 12,  "begin" : 525,  "end" : 526 }, 
        {"sofa" : 12,  "begin" : 527,  "end" : 528 }, 
        {"sofa" : 12,  "begin" : 528,  "end" : 534 }, 
        {"sofa" : 12,  "begin" : 535,  "end" : 538 }, 
        {"sofa" : 12,  "begin" : 538,  "end" : 539 }, 
        {"sofa" : 12,  "begin" : 540,  "end" : 546 }, 
        {"sofa" : 12,  "begin" : 547,  "end" : 549 }, 
        {"sofa" : 12,  "begin" : 550,  "end" : 557 }, 
        {"sofa" : 12,  "begin" : 558,  "end" : 563 }, 
        {"sofa" : 12,  "begin" : 564,  "end" : 570 }, 
        {"sofa" : 12,  "begin" : 570,  "end" : 571 }, 
        {"sofa" : 12,  "begin" : 572,  "end" : 574 }, 
        {"sofa" : 12,  "begin" : 575,  "end" : 577 }, 
        {"sofa" : 12,  "begin" : 578,  "end" : 582 }, 
        {"sofa" : 12,  "begin" : 583,  "end" : 585 }, 
        {"sofa" : 12,  "begin" : 586,  "end" : 589 }, 
        {"sofa" : 12,  "begin" : 590,  "end" : 591 }, 
        {"sofa" : 12,  "begin" : 591,  "end" : 598 }, 
        {"sofa" : 12,  "begin" : 599,  "end" : 601 }, 
        {"sofa" : 12,  "begin" : 602,  "end" : 606 }, 
        {"sofa" : 12,  "begin" : 606,  "end" : 607 }, 
        {"sofa" : 12,  "begin" : 608,  "end" : 615 }, 
        {"sofa" : 12,  "begin" : 616,  "end" : 620 }, 
        {"sofa" : 12,  "begin" : 621,  "end" : 624 }, 
        {"sofa" : 12,  "begin" : 625,  "end" : 628 }, 
        {"sofa" : 12,  "begin" : 629,  "end" : 634 }, 
        {"sofa" : 12,  "begin" : 635,  "end" : 644 }, 
        {"sofa" : 12,  "begin" : 645,  "end" : 654 }, 
        {"sofa" : 12,  "begin" : 654,  "end" : 655 }, 
        {"sofa" : 12,  "begin" : 656,  "end" : 668 }, 
        {"sofa" : 12,  "begin" : 669,  "end" : 676 }, 
        {"sofa" : 12,  "begin" : 677,  "end" : 680 }, 
        {"sofa" : 12,  "begin" : 681,  "end" : 689 }, 
        {"sofa" : 12,  "begin" : 690,  "end" : 692 }, 
        {"sofa" : 12,  "begin" : 692,  "end" : 693 }, 
        {"sofa" : 12,  "begin" : 694,  "end" : 696 }, 
        {"sofa" : 12,  "begin" : 697,  "end" : 699 }, 
        {"sofa" : 12,  "begin" : 700,  "end" : 703 }, 
        {"sofa" : 12,  "begin" : 704,  "end" : 706 }, 
        {"sofa" : 12,  "begin" : 707,  "end" : 717 }, 
        {"sofa" : 12,  "begin" : 718,  "end" : 722 }, 
        {"sofa" : 12,  "begin" : 723,  "end" : 728 }, 
        {"sofa" : 12,  "begin" : 729,  "end" : 735 }, 
        {"sofa" : 12,  "begin" : 736,  "end" : 740 }, 
        {"sofa" : 12,  "begin" : 741,  "end" : 747 }, 
        {"sofa" : 12,  "begin" : 748,  "end" : 751 }, 
        {"sofa" : 12,  "begin" : 752,  "end" : 754 }, 
        {"sofa" : 12,  "begin" : 755,  "end" : 760 }, 
        {"sofa" : 12,  "begin" : 760,  "end" : 761 }, 
        {"sofa" : 12,  "begin" : 762,  "end" : 765 }, 
        {"sofa" : 12,  "begin" : 766,  "end" : 769 }, 
        {"sofa" : 12,  "begin" : 770,  "end" : 772 }, 
        {"sofa" : 12,  "begin" : 773,  "end" : 781 }, 
        {"sofa" : 12,  "begin" : 782,  "end" : 786 }, 
        {"sofa" : 12,  "begin" : 787,  "end" : 793 }, 
        {"sofa" : 12,  "begin" : 794,  "end" : 796 }, 
        {"sofa" : 12,  "begin" : 797,  "end" : 803 }, 
        {"sofa" : 12,  "begin" : 804,  "end" : 806 }, 
        {"sofa" : 12,  "begin" : 807,  "end" : 808 }, 
        {"sofa" : 12,  "begin" : 808,  "end" : 812 }, 
        {"sofa" : 12,  "begin" : 813,  "end" : 818 }, 
        {"sofa" : 12,  "begin" : 819,  "end" : 822 }, 
        {"sofa" : 12,  "begin" : 823,  "end" : 827 }, 
        {"sofa" : 12,  "begin" : 828,  "end" : 837 }, 
        {"sofa" : 12,  "begin" : 837,  "end" : 838 }, 
        {"sofa" : 12,  "begin" : 838,  "end" : 839 }, 
        {"sofa" : 12,  "begin" : 840,  "end" : 842 }, 
        {"sofa" : 12,  "begin" : 843,  "end" : 845 }, 
        {"sofa" : 12,  "begin" : 846,  "end" : 857 }, 
        {"sofa" : 12,  "begin" : 858,  "end" : 862 }, 
        {"sofa" : 12,  "begin" : 863,  "end" : 866 }, 
        {"sofa" : 12,  "begin" : 867,  "end" : 874 }, 
        {"sofa" : 12,  "begin" : 875,  "end" : 877 }, 
        {"sofa" : 12,  "begin" : 878,  "end" : 884 }, 
        {"sofa" : 12,  "begin" : 885,  "end" : 891 }, 
        {"sofa" : 12,  "begin" : 892,  "end" : 897 }, 
        {"sofa" : 12,  "begin" : 898,  "end" : 905 }, 
        {"sofa" : 12,  "begin" : 906,  "end" : 908 }, 
        {"sofa" : 12,  "begin" : 909,  "end" : 914 }, 
        {"sofa" : 12,  "begin" : 915,  "end" : 918 }, 
        {"sofa" : 12,  "begin" : 919,  "end" : 927 }, 
        {"sofa" : 12,  "begin" : 927,  "end" : 928 }, 
        {"sofa" : 12,  "begin" : 929,  "end" : 932 }, 
        {"sofa" : 12,  "begin" : 933,  "end" : 936 }, 
        {"sofa" : 12,  "begin" : 937,  "end" : 944 }, 
        {"sofa" : 12,  "begin" : 945,  "end" : 955 }, 
        {"sofa" : 12,  "begin" : 956,  "end" : 963 }, 
        {"sofa" : 12,  "begin" : 963,  "end" : 964 }, 
        {"sofa" : 12,  "begin" : 965,  "end" : 970 }, 
        {"sofa" : 12,  "begin" : 971,  "end" : 973 }, 
        {"sofa" : 12,  "begin" : 974,  "end" : 981 }, 
        {"sofa" : 12,  "begin" : 982,  "end" : 984 }, 
        {"sofa" : 12,  "begin" : 985,  "end" : 995 }, 
        {"sofa" : 12,  "begin" : 996,  "end" : 998 }, 
        {"sofa" : 12,  "begin" : 999,  "end" : 1000 }, 
        {"sofa" : 12,  "begin" : 1001,  "end" : 1005 }, 
        {"sofa" : 12,  "begin" : 1005,  "end" : 1006 }, 
        {"sofa" : 12,  "begin" : 1007,  "end" : 1009 }, 
        {"sofa" : 12,  "begin" : 1010,  "end" : 1016 }, 
        {"sofa" : 12,  "begin" : 1016,  "end" : 1017 }, 
        {"sofa" : 12,  "begin" : 1018,  "end" : 1021 }, 
        {"sofa" : 12,  "begin" : 1022,  "end" : 1023 }, 
        {"sofa" : 12,  "begin" : 1024,  "end" : 1030 }, 
        {"sofa" : 12,  "begin" : 1031,  "end" : 1041 }, 
        {"sofa" : 12,  "begin" : 1042,  "end" : 1045 }, 
        {"sofa" : 12,  "begin" : 1046,  "end" : 1051 }, 
        {"sofa" : 12,  "begin" : 1052,  "end" : 1059 }, 
        {"sofa" : 12,  "begin" : 1060,  "end" : 1064 }, 
        {"sofa" : 12,  "begin" : 1065,  "end" : 1071 }, 
        {"sofa" : 12,  "begin" : 1071,  "end" : 1072 }, 
        {"sofa" : 12,  "begin" : 1074,  "end" : 1076 }, 
        {"sofa" : 12,  "begin" : 1077,  "end" : 1079 }, 
        {"sofa" : 12,  "begin" : 1080,  "end" : 1086 }, 
        {"sofa" : 12,  "begin" : 1087,  "end" : 1095 }, 
        {"sofa" : 12,  "begin" : 1096,  "end" : 1100 }, 
        {"sofa" : 12,  "begin" : 1101,  "end" : 1104 }, 
        {"sofa" : 12,  "begin" : 1105,  "end" : 1106 }, 
        {"sofa" : 12,  "begin" : 1107,  "end" : 1113 }, 
        {"sofa" : 12,  "begin" : 1114,  "end" : 1116 }, 
        {"sofa" : 12,  "begin" : 1117,  "end" : 1124 }, 
        {"sofa" : 12,  "begin" : 1125,  "end" : 1127 }, 
        {"sofa" : 12,  "begin" : 1128,  "end" : 1131 }, 
        {"sofa" : 12,  "begin" : 1132,  "end" : 1141 }, 
        {"sofa" : 12,  "begin" : 1142,  "end" : 1144 }, 
        {"sofa" : 12,  "begin" : 1145,  "end" : 1148 }, 
        {"sofa" : 12,  "begin" : 1149,  "end" : 1163 }, 
        {"sofa" : 12,  "begin" : 1164,  "end" : 1178 }, 
        {"sofa" : 12,  "begin" : 1179,  "end" : 1187 }, 
        {"sofa" : 12,  "begin" : 1187,  "end" : 1188 }, 
        {"sofa" : 12,  "begin" : 1189,  "end" : 1192 }, 
        {"sofa" : 12,  "begin" : 1193,  "end" : 1197 }, 
        {"sofa" : 12,  "begin" : 1198,  "end" : 1206 }, 
        {"sofa" : 12,  "begin" : 1207,  "end" : 1210 }, 
        {"sofa" : 12,  "begin" : 1211,  "end" : 1221 }, 
        {"sofa" : 12,  "begin" : 1222,  "end" : 1228 }, 
        {"sofa" : 12,  "begin" : 1229,  "end" : 1232 }, 
        {"sofa" : 12,  "begin" : 1233,  "end" : 1236 }, 
        {"sofa" : 12,  "begin" : 1237,  "end" : 1248 }, 
        {"sofa" : 12,  "begin" : 1249,  "end" : 1257 }, 
        {"sofa" : 12,  "begin" : 1257,  "end" : 1258 }, 
        {"sofa" : 12,  "begin" : 1259,  "end" : 1262 }, 
        {"sofa" : 12,  "begin" : 1263,  "end" : 1270 }, 
        {"sofa" : 12,  "begin" : 1271,  "end" : 1281 }, 
        {"sofa" : 12,  "begin" : 1282,  "end" : 1285 }, 
        {"sofa" : 12,  "begin" : 1286,  "end" : 1294 }, 
        {"sofa" : 12,  "begin" : 1295,  "end" : 1305 }, 
        {"sofa" : 12,  "begin" : 1306,  "end" : 1308 }, 
        {"sofa" : 12,  "begin" : 1309,  "end" : 1315 }, 
        {"sofa" : 12,  "begin" : 1316,  "end" : 1317 }, 
        {"sofa" : 12,  "begin" : 1317,  "end" : 1320 }, 
        {"sofa" : 12,  "begin" : 1320,  "end" : 1321 }, 
        {"sofa" : 12,  "begin" : 1322,  "end" : 1326 }, 
        {"sofa" : 12,  "begin" : 1327,  "end" : 1336 }, 
        {"sofa" : 12,  "begin" : 1337,  "end" : 1338 }, 
        {"sofa" : 12,  "begin" : 1339,  "end" : 1345 }, 
        {"sofa" : 12,  "begin" : 1346,  "end" : 1355 }, 
        {"sofa" : 12,  "begin" : 1356,  "end" : 1359 }, 
        {"sofa" : 12,  "begin" : 1360,  "end" : 1370 }, 
        {"sofa" : 12,  "begin" : 1371,  "end" : 1378 }, 
        {"sofa" : 12,  "begin" : 1379,  "end" : 1385 }, 
        {"sofa" : 12,  "begin" : 1386,  "end" : 1389 }, 
        {"sofa" : 12,  "begin" : 1390,  "end" : 1396 }, 
        {"sofa" : 12,  "begin" : 1397,  "end" : 1400 }, 
        {"sofa" : 12,  "begin" : 1401,  "end" : 1407 }, 
        {"sofa" : 12,  "begin" : 1407,  "end" : 1408 }, 
        {"sofa" : 12,  "begin" : 1409,  "end" : 1411 }, 
        {"sofa" : 12,  "begin" : 1412,  "end" : 1416 }, 
        {"sofa" : 12,  "begin" : 1417,  "end" : 1420 }, 
        {"sofa" : 12,  "begin" : 1421,  "end" : 1425 }, 
        {"sofa" : 12,  "begin" : 1426,  "end" : 1429 }, 
        {"sofa" : 12,  "begin" : 1430,  "end" : 1435 }, 
        {"sofa" : 12,  "begin" : 1435,  "end" : 1436 }, 
        {"sofa" : 12,  "begin" : 1437,  "end" : 1440 }, 
        {"sofa" : 12,  "begin" : 1441,  "end" : 1448 }, 
        {"sofa" : 12,  "begin" : 1449,  "end" : 1459 }, 
        {"sofa" : 12,  "begin" : 1460,  "end" : 1463 }, 
        {"sofa" : 12,  "begin" : 1464,  "end" : 1467 }, 
        {"sofa" : 12,  "begin" : 1468,  "end" : 1472 }, 
        {"sofa" : 12,  "begin" : 1473,  "end" : 1480 }, 
        {"sofa" : 12,  "begin" : 1481,  "end" : 1490 }, 
        {"sofa" : 12,  "begin" : 1491,  "end" : 1495 }, 
        {"sofa" : 12,  "begin" : 1496,  "end" : 1504 }, 
        {"sofa" : 12,  "begin" : 1505,  "end" : 1506 }, 
        {"sofa" : 12,  "begin" : 1506,  "end" : 1515 }, 
        {"sofa" : 12,  "begin" : 1515,  "end" : 1516 }, 
        {"sofa" : 12,  "begin" : 1517,  "end" : 1519 }, 
        {"sofa" : 12,  "begin" : 1520,  "end" : 1524 }, 
        {"sofa" : 12,  "begin" : 1525,  "end" : 1534 }, 
        {"sofa" : 12,  "begin" : 1535,  "end" : 1537 }, 
        {"sofa" : 12,  "begin" : 1538,  "end" : 1545 }, 
        {"sofa" : 12,  "begin" : 1546,  "end" : 1552 }, 
        {"sofa" : 12,  "begin" : 1553,  "end" : 1558 }, 
        {"sofa" : 12,  "begin" : 1559,  "end" : 1566 }, 
        {"sofa" : 12,  "begin" : 1567,  "end" : 1574 }, 
        {"sofa" : 12,  "begin" : 1575,  "end" : 1582 }, 
        {"sofa" : 12,  "begin" : 1583,  "end" : 1588 }, 
        {"sofa" : 12,  "begin" : 1589,  "end" : 1593 }, 
        {"sofa" : 12,  "begin" : 1594,  "end" : 1603 }, 
        {"sofa" : 12,  "begin" : 1604,  "end" : 1607 }, 
        {"sofa" : 12,  "begin" : 1608,  "end" : 1620 }, 
        {"sofa" : 12,  "begin" : 1620,  "end" : 1621 }, 
        {"sofa" : 12,  "begin" : 1622,  "end" : 1624 }, 
        {"sofa" : 12,  "begin" : 1625,  "end" : 1629 }, 
        {"sofa" : 12,  "begin" : 1629,  "end" : 1630 }, 
        {"sofa" : 12,  "begin" : 1631,  "end" : 1633 }, 
        {"sofa" : 12,  "begin" : 1634,  "end" : 1637 }, 
        {"sofa" : 12,  "begin" : 1638,  "end" : 1641 }, 
        {"sofa" : 12,  "begin" : 1642,  "end" : 1649 }, 
        {"sofa" : 12,  "begin" : 1650,  "end" : 1657 }, 
        {"sofa" : 12,  "begin" : 1658,  "end" : 1660 }, 
        {"sofa" : 12,  "begin" : 1661,  "end" : 1664 }, 
        {"sofa" : 12,  "begin" : 1665,  "end" : 1672 }, 
        {"sofa" : 12,  "begin" : 1673,  "end" : 1680 }, 
        {"sofa" : 12,  "begin" : 1680,  "end" : 1681 }, 
        {"sofa" : 12,  "begin" : 1682,  "end" : 1692 }, 
        {"sofa" : 12,  "begin" : 1692,  "end" : 1693 }, 
        {"sofa" : 12,  "begin" : 1694,  "end" : 1698 }, 
        {"sofa" : 12,  "begin" : 1699,  "end" : 1708 }, 
        {"sofa" : 12,  "begin" : 1709,  "end" : 1712 }, 
        {"sofa" : 12,  "begin" : 1713,  "end" : 1718 }, 
        {"sofa" : 12,  "begin" : 1719,  "end" : 1724 }, 
        {"sofa" : 12,  "begin" : 1725,  "end" : 1734 }, 
        {"sofa" : 12,  "begin" : 1735,  "end" : 1738 }, 
        {"sofa" : 12,  "begin" : 1739,  "end" : 1742 }, 
        {"sofa" : 12,  "begin" : 1743,  "end" : 1756 }, 
        {"sofa" : 12,  "begin" : 1757,  "end" : 1759 }, 
        {"sofa" : 12,  "begin" : 1760,  "end" : 1770 }, 
        {"sofa" : 12,  "begin" : 1771,  "end" : 1777 }, 
        {"sofa" : 12,  "begin" : 1778,  "end" : 1780 }, 
        {"sofa" : 12,  "begin" : 1781,  "end" : 1782 }, 
        {"sofa" : 12,  "begin" : 1783,  "end" : 1791 }, 
        {"sofa" : 12,  "begin" : 1792,  "end" : 1800 }, 
        {"sofa" : 12,  "begin" : 1801,  "end" : 1803 }, 
        {"sofa" : 12,  "begin" : 1804,  "end" : 1808 }, 
        {"sofa" : 12,  "begin" : 1809,  "end" : 1813 }, 
        {"sofa" : 12,  "begin" : 1814,  "end" : 1821 }, 
        {"sofa" : 12,  "begin" : 1822,  "end" : 1824 }, 
        {"sofa" : 12,  "begin" : 1825,  "end" : 1835 }, 
        {"sofa" : 12,  "begin" : 1836,  "end" : 1850 }, 
        {"sofa" : 12,  "begin" : 1851,  "end" : 1854 }, 
        {"sofa" : 12,  "begin" : 1855,  "end" : 1865 }, 
        {"sofa" : 12,  "begin" : 1866,  "end" : 1876 }, 
        {"sofa" : 12,  "begin" : 1877,  "end" : 1880 }, 
        {"sofa" : 12,  "begin" : 1881,  "end" : 1887 }, 
        {"sofa" : 12,  "begin" : 1888,  "end" : 1892 }, 
        {"sofa" : 12,  "begin" : 1893,  "end" : 1895 }, 
        {"sofa" : 12,  "begin" : 1896,  "end" : 1905 }, 
        {"sofa" : 12,  "begin" : 1905,  "end" : 1906 }, 
        {"sofa" : 12,  "begin" : 1907,  "end" : 1910 }, 
        {"sofa" : 12,  "begin" : 1911,  "end" : 1913 }, 
        {"sofa" : 12,  "begin" : 1914,  "end" : 1921 }, 
        {"sofa" : 12,  "begin" : 1922,  "end" : 1925 }, 
        {"sofa" : 12,  "begin" : 1926,  "end" : 1931 }, 
        {"sofa" : 12,  "begin" : 1932,  "end" : 1934 }, 
        {"sofa" : 12,  "begin" : 1935,  "end" : 1938 }, 
        {"sofa" : 12,  "begin" : 1939,  "end" : 1953 }, 
        {"sofa" : 12,  "begin" : 1954,  "end" : 1962 }, 
        {"sofa" : 12,  "begin" : 1962,  "end" : 1963 }, 
        {"sofa" : 12,  "begin" : 1964,  "end" : 1970 }, 
        {"sofa" : 12,  "begin" : 1971,  "end" : 1977 }, 
        {"sofa" : 12,  "begin" : 1977,  "end" : 1978 }, 
        {"sofa" : 12,  "begin" : 1979,  "end" : 1982 }, 
        {"sofa" : 12,  "begin" : 1983,  "end" : 1986 }, 
        {"sofa" : 12,  "begin" : 1987,  "end" : 1998 }, 
        {"sofa" : 12,  "begin" : 1999,  "end" : 2007 }, 
        {"sofa" : 12,  "begin" : 2008,  "end" : 2010 }, 
        {"sofa" : 12,  "begin" : 2011,  "end" : 2014 }, 
        {"sofa" : 12,  "begin" : 2015,  "end" : 2020 }, 
        {"sofa" : 12,  "begin" : 2020,  "end" : 2021 }, 
        {"sofa" : 12,  "begin" : 2022,  "end" : 2027 }, 
        {"sofa" : 12,  "begin" : 2027,  "end" : 2028 }, 
        {"sofa" : 12,  "begin" : 2029,  "end" : 2032 }, 
        {"sofa" : 12,  "begin" : 2033,  "end" : 2040 }, 
        {"sofa" : 12,  "begin" : 2041,  "end" : 2046 }, 
        {"sofa" : 12,  "begin" : 2046,  "end" : 2047 }, 
        {"sofa" : 12,  "begin" : 2049,  "end" : 2053 }, 
        {"sofa" : 12,  "begin" : 2054,  "end" : 2056 }, 
        {"sofa" : 12,  "begin" : 2057,  "end" : 2061 }, 
        {"sofa" : 12,  "begin" : 2062,  "end" : 2066 }, 
        {"sofa" : 12,  "begin" : 2067,  "end" : 2078 }, 
        {"sofa" : 12,  "begin" : 2079,  "end" : 2081 }, 
        {"sofa" : 12,  "begin" : 2082,  "end" : 2086 }, 
        {"sofa" : 12,  "begin" : 2087,  "end" : 2095 }, 
        {"sofa" : 12,  "begin" : 2096,  "end" : 2099 }, 
        {"sofa" : 12,  "begin" : 2100,  "end" : 2103 }, 
        {"sofa" : 12,  "begin" : 2104,  "end" : 2107 }, 
        {"sofa" : 12,  "begin" : 2108,  "end" : 2113 }, 
        {"sofa" : 12,  "begin" : 2114,  "end" : 2117 }, 
        {"sofa" : 12,  "begin" : 2118,  "end" : 2119 }, 
        {"sofa" : 12,  "begin" : 2120,  "end" : 2124 }, 
        {"sofa" : 12,  "begin" : 2125,  "end" : 2129 }, 
        {"sofa" : 12,  "begin" : 2129,  "end" : 2130 }, 
        {"sofa" : 12,  "begin" : 2131,  "end" : 2135 }, 
        {"sofa" : 12,  "begin" : 2136,  "end" : 2145 }, 
        {"sofa" : 12,  "begin" : 2146,  "end" : 2148 }, 
        {"sofa" : 12,  "begin" : 2149,  "end" : 2158 }, 
        {"sofa" : 12,  "begin" : 2159,  "end" : 2167 }, 
        {"sofa" : 12,  "begin" : 2167,  "end" : 2168 }, 
        {"sofa" : 12,  "begin" : 2169,  "end" : 2173 }, 
        {"sofa" : 12,  "begin" : 2174,  "end" : 2177 }, 
        {"sofa" : 12,  "begin" : 2178,  "end" : 2187 }, 
        {"sofa" : 12,  "begin" : 2188,  "end" : 2190 }, 
        {"sofa" : 12,  "begin" : 2191,  "end" : 2200 }, 
        {"sofa" : 12,  "begin" : 2200,  "end" : 2201 }, 
        {"sofa" : 12,  "begin" : 2202,  "end" : 2214 }, 
        {"sofa" : 12,  "begin" : 2215,  "end" : 2216 }, 
        {"sofa" : 12,  "begin" : 2216,  "end" : 2221 }, 
        {"sofa" : 12,  "begin" : 2221,  "end" : 2222 }, 
        {"sofa" : 12,  "begin" : 2222,  "end" : 2223 }, 
        {"sofa" : 12,  "begin" : 2224,  "end" : 2227 }, 
        {"sofa" : 12,  "begin" : 2228,  "end" : 2231 }, 
        {"sofa" : 12,  "begin" : 2232,  "end" : 2243 }, 
        {"sofa" : 12,  "begin" : 2244,  "end" : 2245 }, 
        {"sofa" : 12,  "begin" : 2245,  "end" : 2248 }, 
        {"sofa" : 12,  "begin" : 2248,  "end" : 2249 }, 
        {"sofa" : 12,  "begin" : 2249,  "end" : 2250 }, 
        {"sofa" : 12,  "begin" : 2250,  "end" : 2251 }, 
        {"sofa" : 12,  "begin" : 2252,  "end" : 2255 }, 
        {"sofa" : 12,  "begin" : 2256,  "end" : 2265 }, 
        {"sofa" : 12,  "begin" : 2266,  "end" : 2268 }, 
        {"sofa" : 12,  "begin" : 2269,  "end" : 2276 }, 
        {"sofa" : 12,  "begin" : 2277,  "end" : 2283 }, 
        {"sofa" : 12,  "begin" : 2284,  "end" : 2289 }, 
        {"sofa" : 12,  "begin" : 2289,  "end" : 2290 }, 
        {"sofa" : 12,  "begin" : 2291,  "end" : 2295 }, 
        {"sofa" : 12,  "begin" : 2296,  "end" : 2300 }, 
        {"sofa" : 12,  "begin" : 2301,  "end" : 2311 }, 
        {"sofa" : 12,  "begin" : 2312,  "end" : 2315 }, 
        {"sofa" : 12,  "begin" : 2316,  "end" : 2318 }, 
        {"sofa" : 12,  "begin" : 2319,  "end" : 2326 }, 
        {"sofa" : 12,  "begin" : 2326,  "end" : 2327 }, 
        {"sofa" : 12,  "begin" : 2328,  "end" : 2333 }, 
        {"sofa" : 12,  "begin" : 2334,  "end" : 2343 }, 
        {"sofa" : 12,  "begin" : 2344,  "end" : 2349 }, 
        {"sofa" : 12,  "begin" : 2350,  "end" : 2353 }, 
        {"sofa" : 12,  "begin" : 2354,  "end" : 2359 }, 
        {"sofa" : 12,  "begin" : 2360,  "end" : 2364 }, 
        {"sofa" : 12,  "begin" : 2365,  "end" : 2374 }, 
        {"sofa" : 12,  "begin" : 2375,  "end" : 2378 }, 
        {"sofa" : 12,  "begin" : 2379,  "end" : 2389 }, 
        {"sofa" : 12,  "begin" : 2390,  "end" : 2392 }, 
        {"sofa" : 12,  "begin" : 2393,  "end" : 2402 }, 
        {"sofa" : 12,  "begin" : 2403,  "end" : 2409 }, 
        {"sofa" : 12,  "begin" : 2410,  "end" : 2412 }, 
        {"sofa" : 12,  "begin" : 2413,  "end" : 2418 }, 
        {"sofa" : 12,  "begin" : 2419,  "end" : 2422 }, 
        {"sofa" : 12,  "begin" : 2423,  "end" : 2428 }, 
        {"sofa" : 12,  "begin" : 2429,  "end" : 2435 }, 
        {"sofa" : 12,  "begin" : 2435,  "end" : 2436 }, 
        {"sofa" : 12,  "begin" : 2437,  "end" : 2440 }, 
        {"sofa" : 12,  "begin" : 2441,  "end" : 2448 }, 
        {"sofa" : 12,  "begin" : 2449,  "end" : 2452 }, 
        {"sofa" : 12,  "begin" : 2453,  "end" : 2457 }, 
        {"sofa" : 12,  "begin" : 2458,  "end" : 2460 }, 
        {"sofa" : 12,  "begin" : 2461,  "end" : 2464 }, 
        {"sofa" : 12,  "begin" : 2465,  "end" : 2469 }, 
        {"sofa" : 12,  "begin" : 2470,  "end" : 2484 }, 
        {"sofa" : 12,  "begin" : 2485,  "end" : 2487 }, 
        {"sofa" : 12,  "begin" : 2488,  "end" : 2494 }, 
        {"sofa" : 12,  "begin" : 2494,  "end" : 2495 }, 
        {"sofa" : 12,  "begin" : 2496,  "end" : 2499 }, 
        {"sofa" : 12,  "begin" : 2500,  "end" : 2510 }, 
        {"sofa" : 12,  "begin" : 2511,  "end" : 2513 }, 
        {"sofa" : 12,  "begin" : 2514,  "end" : 2522 }, 
        {"sofa" : 12,  "begin" : 2523,  "end" : 2531 }, 
        {"sofa" : 12,  "begin" : 2532,  "end" : 2538 }, 
        {"sofa" : 12,  "begin" : 2539,  "end" : 2548 }, 
        {"sofa" : 12,  "begin" : 2549,  "end" : 2551 }, 
        {"sofa" : 12,  "begin" : 2552,  "end" : 2555 }, 
        {"sofa" : 12,  "begin" : 2556,  "end" : 2557 }, 
        {"sofa" : 12,  "begin" : 2557,  "end" : 2565 }, 
        {"sofa" : 12,  "begin" : 2566,  "end" : 2570 }, 
        {"sofa" : 12,  "begin" : 2571,  "end" : 2583 }, 
        {"sofa" : 12,  "begin" : 2584,  "end" : 2587 }, 
        {"sofa" : 12,  "begin" : 2588,  "end" : 2594 }, 
        {"sofa" : 12,  "begin" : 2595,  "end" : 2597 }, 
        {"sofa" : 12,  "begin" : 2598,  "end" : 2606 }, 
        {"sofa" : 12,  "begin" : 2607,  "end" : 2613 }, 
        {"sofa" : 12,  "begin" : 2614,  "end" : 2617 }, 
        {"sofa" : 12,  "begin" : 2618,  "end" : 2621 }, 
        {"sofa" : 12,  "begin" : 2622,  "end" : 2626 }, 
        {"sofa" : 12,  "begin" : 2627,  "end" : 2634 }, 
        {"sofa" : 12,  "begin" : 2635,  "end" : 2637 }, 
        {"sofa" : 12,  "begin" : 2638,  "end" : 2645 }, 
        {"sofa" : 12,  "begin" : 2645,  "end" : 2646 }, 
        {"sofa" : 12,  "begin" : 2647,  "end" : 2653 }, 
        {"sofa" : 12,  "begin" : 2654,  "end" : 2656 }, 
        {"sofa" : 12,  "begin" : 2657,  "end" : 2659 }, 
        {"sofa" : 12,  "begin" : 2660,  "end" : 2661 }, 
        {"sofa" : 12,  "begin" : 2662,  "end" : 2667 }, 
        {"sofa" : 12,  "begin" : 2668,  "end" : 2675 }, 
        {"sofa" : 12,  "begin" : 2675,  "end" : 2676 }, 
        {"sofa" : 12,  "begin" : 2677,  "end" : 2685 }, 
        {"sofa" : 12,  "begin" : 2686,  "end" : 2692 }, 
        {"sofa" : 12,  "begin" : 2693,  "end" : 2697 }, 
        {"sofa" : 12,  "begin" : 2697,  "end" : 2698 }, 
        {"sofa" : 12,  "begin" : 2699,  "end" : 2701 }, 
        {"sofa" : 12,  "begin" : 2702,  "end" : 2706 }, 
        {"sofa" : 12,  "begin" : 2707,  "end" : 2715 }, 
        {"sofa" : 12,  "begin" : 2716,  "end" : 2718 }, 
        {"sofa" : 12,  "begin" : 2719,  "end" : 2724 }, 
        {"sofa" : 12,  "begin" : 2725,  "end" : 2728 }, 
        {"sofa" : 12,  "begin" : 2729,  "end" : 2735 }, 
        {"sofa" : 12,  "begin" : 2735,  "end" : 2736 }, 
        {"sofa" : 12,  "begin" : 2736,  "end" : 2737 }, 
        {"sofa" : 12,  "begin" : 2739,  "end" : 2742 }, 
        {"sofa" : 12,  "begin" : 2743,  "end" : 2746 }, 
        {"sofa" : 12,  "begin" : 2746,  "end" : 2747 }, 
        {"sofa" : 12,  "begin" : 2748,  "end" : 2758 }, 
        {"sofa" : 12,  "begin" : 2759,  "end" : 2761 }, 
        {"sofa" : 12,  "begin" : 2762,  "end" : 2768 }, 
        {"sofa" : 12,  "begin" : 2769,  "end" : 2773 }, 
        {"sofa" : 12,  "begin" : 2774,  "end" : 2778 }, 
        {"sofa" : 12,  "begin" : 2779,  "end" : 2780 }, 
        {"sofa" : 12,  "begin" : 2781,  "end" : 2788 }, 
        {"sofa" : 12,  "begin" : 2789,  "end" : 2793 }, 
        {"sofa" : 12,  "begin" : 2794,  "end" : 2796 }, 
        {"sofa" : 12,  "begin" : 2797,  "end" : 2802 }, 
        {"sofa" : 12,  "begin" : 2803,  "end" : 2820 }, 
        {"sofa" : 12,  "begin" : 2821,  "end" : 2830 }, 
        {"sofa" : 12,  "begin" : 2831,  "end" : 2835 }, 
        {"sofa" : 12,  "begin" : 2836,  "end" : 2838 }, 
        {"sofa" : 12,  "begin" : 2839,  "end" : 2848 }, 
        {"sofa" : 12,  "begin" : 2849,  "end" : 2853 }, 
        {"sofa" : 12,  "begin" : 2854,  "end" : 2856 }, 
        {"sofa" : 12,  "begin" : 2857,  "end" : 2865 }, 
        {"sofa" : 12,  "begin" : 2866,  "end" : 2883 }, 
        {"sofa" : 12,  "begin" : 2884,  "end" : 2892 }, 
        {"sofa" : 12,  "begin" : 2892,  "end" : 2893 }, 
        {"sofa" : 12,  "begin" : 2894,  "end" : 2902 }, 
        {"sofa" : 12,  "begin" : 2903,  "end" : 2912 }, 
        {"sofa" : 12,  "begin" : 2913,  "end" : 2917 }, 
        {"sofa" : 12,  "begin" : 2918,  "end" : 2924 }, 
        {"sofa" : 12,  "begin" : 2924,  "end" : 2925 }, 
        {"sofa" : 12,  "begin" : 2927,  "end" : 2936 }, 
        {"sofa" : 12,  "begin" : 2937,  "end" : 2943 }, 
        {"sofa" : 12,  "begin" : 2944,  "end" : 2950 }, 
        {"sofa" : 12,  "begin" : 2951,  "end" : 2953 }, 
        {"sofa" : 12,  "begin" : 2954,  "end" : 2962 }, 
        {"sofa" : 12,  "begin" : 2963,  "end" : 2972 }, 
        {"sofa" : 12,  "begin" : 2973,  "end" : 2982 }, 
        {"sofa" : 12,  "begin" : 2982,  "end" : 2983 }, 
        {"sofa" : 12,  "begin" : 2984,  "end" : 2986 }, 
        {"sofa" : 12,  "begin" : 2987,  "end" : 2989 }, 
        {"sofa" : 12,  "begin" : 2990,  "end" : 2999 }, 
        {"sofa" : 12,  "begin" : 3000,  "end" : 3010 }, 
        {"sofa" : 12,  "begin" : 3011,  "end" : 3016 }, 
        {"sofa" : 12,  "begin" : 3016,  "end" : 3017 }, 
        {"sofa" : 12,  "begin" : 3018,  "end" : 3020 }, 
        {"sofa" : 12,  "begin" : 3021,  "end" : 3035 }, 
        {"sofa" : 12,  "begin" : 3036,  "end" : 3039 }, 
        {"sofa" : 12,  "begin" : 3040,  "end" : 3050 }, 
        {"sofa" : 12,  "begin" : 3051,  "end" : 3054 }, 
        {"sofa" : 12,  "begin" : 3055,  "end" : 3061 }, 
        {"sofa" : 12,  "begin" : 3062,  "end" : 3064 }, 
        {"sofa" : 12,  "begin" : 3065,  "end" : 3070 }, 
        {"sofa" : 12,  "begin" : 3071,  "end" : 3078 }, 
        {"sofa" : 12,  "begin" : 3079,  "end" : 3083 }, 
        {"sofa" : 12,  "begin" : 3084,  "end" : 3090 }, 
        {"sofa" : 12,  "begin" : 3091,  "end" : 3097 }, 
        {"sofa" : 12,  "begin" : 3097,  "end" : 3098 }, 
        {"sofa" : 12,  "begin" : 3100,  "end" : 3104 }, 
        {"sofa" : 12,  "begin" : 3105,  "end" : 3107 }, 
        {"sofa" : 12,  "begin" : 3108,  "end" : 3111 }, 
        {"sofa" : 12,  "begin" : 3112,  "end" : 3117 }, 
        {"sofa" : 12,  "begin" : 3118,  "end" : 3121 }, 
        {"sofa" : 12,  "begin" : 3122,  "end" : 3129 }, 
        {"sofa" : 12,  "begin" : 3130,  "end" : 3134 }, 
        {"sofa" : 12,  "begin" : 3135,  "end" : 3140 }, 
        {"sofa" : 12,  "begin" : 3141,  "end" : 3145 }, 
        {"sofa" : 12,  "begin" : 3146,  "end" : 3158 }, 
        {"sofa" : 12,  "begin" : 3159,  "end" : 3165 }, 
        {"sofa" : 12,  "begin" : 3166,  "end" : 3169 }, 
        {"sofa" : 12,  "begin" : 3170,  "end" : 3174 }, 
        {"sofa" : 12,  "begin" : 3175,  "end" : 3177 }, 
        {"sofa" : 12,  "begin" : 3178,  "end" : 3183 }, 
        {"sofa" : 12,  "begin" : 3184,  "end" : 3190 }, 
        {"sofa" : 12,  "begin" : 3190,  "end" : 3191 }, 
        {"sofa" : 12,  "begin" : 3192,  "end" : 3195 }, 
        {"sofa" : 12,  "begin" : 3196,  "end" : 3199 }, 
        {"sofa" : 12,  "begin" : 3200,  "end" : 3209 }, 
        {"sofa" : 12,  "begin" : 3210,  "end" : 3212 }, 
        {"sofa" : 12,  "begin" : 3213,  "end" : 3216 }, 
        {"sofa" : 12,  "begin" : 3217,  "end" : 3226 }, 
        {"sofa" : 12,  "begin" : 3226,  "end" : 3227 }, 
        {"sofa" : 12,  "begin" : 3228,  "end" : 3231 }, 
        {"sofa" : 12,  "begin" : 3232,  "end" : 3237 }, 
        {"sofa" : 12,  "begin" : 3238,  "end" : 3246 }, 
        {"sofa" : 12,  "begin" : 3247,  "end" : 3251 }, 
        {"sofa" : 12,  "begin" : 3252,  "end" : 3257 }, 
        {"sofa" : 12,  "begin" : 3257,  "end" : 3258 }, 
        {"sofa" : 12,  "begin" : 3258,  "end" : 3259 }, 
        {"sofa" : 12,  "begin" : 3259,  "end" : 3260 }, 
        {"sofa" : 12,  "begin" : 3260,  "end" : 3263 }, 
        {"sofa" : 12,  "begin" : 3264,  "end" : 3270 }, 
        {"sofa" : 12,  "begin" : 3271,  "end" : 3273 }, 
        {"sofa" : 12,  "begin" : 3274,  "end" : 3281 }, 
        {"sofa" : 12,  "begin" : 3282,  "end" : 3296 }, 
        {"sofa" : 12,  "begin" : 3297,  "end" : 3306 }, 
        {"sofa" : 12,  "begin" : 3307,  "end" : 3308 }, 
        {"sofa" : 12,  "begin" : 3308,  "end" : 3313 }, 
        {"sofa" : 12,  "begin" : 3314,  "end" : 3320 }, 
        {"sofa" : 12,  "begin" : 3320,  "end" : 3321 }, 
        {"sofa" : 12,  "begin" : 3321,  "end" : 3322 }, 
        {"sofa" : 12,  "begin" : 3323,  "end" : 3326 }, 
        {"sofa" : 12,  "begin" : 3327,  "end" : 3333 }, 
        {"sofa" : 12,  "begin" : 3334,  "end" : 3340 }, 
        {"sofa" : 12,  "begin" : 3341,  "end" : 3350 }, 
        {"sofa" : 12,  "begin" : 3351,  "end" : 3353 }, 
        {"sofa" : 12,  "begin" : 3354,  "end" : 3355 }, 
        {"sofa" : 12,  "begin" : 3355,  "end" : 3364 }, 
        {"sofa" : 12,  "begin" : 3365,  "end" : 3369 }, 
        {"sofa" : 12,  "begin" : 3370,  "end" : 3374 }, 
        {"sofa" : 12,  "begin" : 3375,  "end" : 3378 }, 
        {"sofa" : 12,  "begin" : 3379,  "end" : 3385 }, 
        {"sofa" : 12,  "begin" : 3386,  "end" : 3392 }, 
        {"sofa" : 12,  "begin" : 3393,  "end" : 3398 }, 
        {"sofa" : 12,  "begin" : 3398,  "end" : 3399 }, 
        {"sofa" : 12,  "begin" : 3399,  "end" : 3400 }, 
        {"sofa" : 12,  "begin" : 3401,  "end" : 3404 }, 
        {"sofa" : 12,  "begin" : 3405,  "end" : 3413 }, 
        {"sofa" : 12,  "begin" : 3414,  "end" : 3419 }, 
        {"sofa" : 12,  "begin" : 3420,  "end" : 3422 }, 
        {"sofa" : 12,  "begin" : 3423,  "end" : 3434 }, 
        {"sofa" : 12,  "begin" : 3435,  "end" : 3436 }, 
        {"sofa" : 12,  "begin" : 3436,  "end" : 3439 }, 
        {"sofa" : 12,  "begin" : 3439,  "end" : 3440 }, 
        {"sofa" : 12,  "begin" : 3441,  "end" : 3443 }, 
        {"sofa" : 12,  "begin" : 3444,  "end" : 3452 }, 
        {"sofa" : 12,  "begin" : 3453,  "end" : 3462 }, 
        {"sofa" : 12,  "begin" : 3463,  "end" : 3469 }, 
        {"sofa" : 12,  "begin" : 3470,  "end" : 3471 }, 
        {"sofa" : 12,  "begin" : 3471,  "end" : 3473 }, 
        {"sofa" : 12,  "begin" : 3474,  "end" : 3480 }, 
        {"sofa" : 12,  "begin" : 3481,  "end" : 3487 }, 
        {"sofa" : 12,  "begin" : 3488,  "end" : 3492 }, 
        {"sofa" : 12,  "begin" : 3493,  "end" : 3498 }, 
        {"sofa" : 12,  "begin" : 3499,  "end" : 3504 }, 
        {"sofa" : 12,  "begin" : 3505,  "end" : 3511 }, 
        {"sofa" : 12,  "begin" : 3512,  "end" : 3514 }, 
        {"sofa" : 12,  "begin" : 3515,  "end" : 3521 }, 
        {"sofa" : 12,  "begin" : 3522,  "end" : 3524 }, 
        {"sofa" : 12,  "begin" : 3525,  "end" : 3531 }, 
        {"sofa" : 12,  "begin" : 3531,  "end" : 3532 }, 
        {"sofa" : 12,  "begin" : 3533,  "end" : 3540 }, 
        {"sofa" : 12,  "begin" : 3541,  "end" : 3547 }, 
        {"sofa" : 12,  "begin" : 3548,  "end" : 3553 }, 
        {"sofa" : 12,  "begin" : 3553,  "end" : 3554 }, 
        {"sofa" : 12,  "begin" : 3554,  "end" : 3555 }, 
        {"sofa" : 12,  "begin" : 3556,  "end" : 3560 }, 
        {"sofa" : 12,  "begin" : 3561,  "end" : 3563 }, 
        {"sofa" : 12,  "begin" : 3564,  "end" : 3572 }, 
        {"sofa" : 12,  "begin" : 3573,  "end" : 3579 }, 
        {"sofa" : 12,  "begin" : 3580,  "end" : 3586 }, 
        {"sofa" : 12,  "begin" : 3587,  "end" : 3592 }, 
        {"sofa" : 12,  "begin" : 3593,  "end" : 3595 }, 
        {"sofa" : 12,  "begin" : 3596,  "end" : 3599 }, 
        {"sofa" : 12,  "begin" : 3600,  "end" : 3603 }, 
        {"sofa" : 12,  "begin" : 3604,  "end" : 3613 }, 
        {"sofa" : 12,  "begin" : 3614,  "end" : 3619 }, 
        {"sofa" : 12,  "begin" : 3619,  "end" : 3620 }, 
        {"sofa" : 12,  "begin" : 3621,  "end" : 3625 }, 
        {"sofa" : 12,  "begin" : 3626,  "end" : 3631 }, 
        {"sofa" : 12,  "begin" : 3632,  "end" : 3634 }, 
        {"sofa" : 12,  "begin" : 3635,  "end" : 3636 }, 
        {"sofa" : 12,  "begin" : 3637,  "end" : 3647 }, 
        {"sofa" : 12,  "begin" : 3648,  "end" : 3652 }, 
        {"sofa" : 12,  "begin" : 3653,  "end" : 3665 }, 
        {"sofa" : 12,  "begin" : 3665,  "end" : 3666 }, 
        {"sofa" : 12,  "begin" : 3667,  "end" : 3670 }, 
        {"sofa" : 12,  "begin" : 3671,  "end" : 3674 }, 
        {"sofa" : 12,  "begin" : 3675,  "end" : 3678 }, 
        {"sofa" : 12,  "begin" : 3679,  "end" : 3686 }, 
        {"sofa" : 12,  "begin" : 3687,  "end" : 3694 }, 
        {"sofa" : 12,  "begin" : 3695,  "end" : 3698 }, 
        {"sofa" : 12,  "begin" : 3699,  "end" : 3712 }, 
        {"sofa" : 12,  "begin" : 3713,  "end" : 3715 }, 
        {"sofa" : 12,  "begin" : 3716,  "end" : 3728 }, 
        {"sofa" : 12,  "begin" : 3729,  "end" : 3731 }, 
        {"sofa" : 12,  "begin" : 3732,  "end" : 3736 }, 
        {"sofa" : 12,  "begin" : 3737,  "end" : 3739 }, 
        {"sofa" : 12,  "begin" : 3740,  "end" : 3749 }, 
        {"sofa" : 12,  "begin" : 3750,  "end" : 3758 }, 
        {"sofa" : 12,  "begin" : 3759,  "end" : 3762 }, 
        {"sofa" : 12,  "begin" : 3763,  "end" : 3772 }, 
        {"sofa" : 12,  "begin" : 3773,  "end" : 3779 }, 
        {"sofa" : 12,  "begin" : 3779,  "end" : 3780 }, 
        {"sofa" : 12,  "begin" : 3782,  "end" : 3791 }, 
        {"sofa" : 12,  "begin" : 3792,  "end" : 3796 }, 
        {"sofa" : 12,  "begin" : 3797,  "end" : 3803 }, 
        {"sofa" : 12,  "begin" : 3804,  "end" : 3806 }, 
        {"sofa" : 12,  "begin" : 3807,  "end" : 3808 }, 
        {"sofa" : 12,  "begin" : 3809,  "end" : 3814 }, 
        {"sofa" : 12,  "begin" : 3815,  "end" : 3821 }, 
        {"sofa" : 12,  "begin" : 3822,  "end" : 3824 }, 
        {"sofa" : 12,  "begin" : 3825,  "end" : 3834 }, 
        {"sofa" : 12,  "begin" : 3834,  "end" : 3835 }, 
        {"sofa" : 12,  "begin" : 3836,  "end" : 3839 }, 
        {"sofa" : 12,  "begin" : 3840,  "end" : 3849 }, 
        {"sofa" : 12,  "begin" : 3850,  "end" : 3852 }, 
        {"sofa" : 12,  "begin" : 3853,  "end" : 3856 }, 
        {"sofa" : 12,  "begin" : 3857,  "end" : 3865 }, 
        {"sofa" : 12,  "begin" : 3866,  "end" : 3869 }, 
        {"sofa" : 12,  "begin" : 3870,  "end" : 3874 }, 
        {"sofa" : 12,  "begin" : 3875,  "end" : 3881 }, 
        {"sofa" : 12,  "begin" : 3882,  "end" : 3887 }, 
        {"sofa" : 12,  "begin" : 3888,  "end" : 3891 }, 
        {"sofa" : 12,  "begin" : 3892,  "end" : 3895 }, 
        {"sofa" : 12,  "begin" : 3896,  "end" : 3910 }, 
        {"sofa" : 12,  "begin" : 3911,  "end" : 3919 }, 
        {"sofa" : 12,  "begin" : 3920,  "end" : 3923 }, 
        {"sofa" : 12,  "begin" : 3924,  "end" : 3925 }, 
        {"sofa" : 12,  "begin" : 3925,  "end" : 3934 }, 
        {"sofa" : 12,  "begin" : 3935,  "end" : 3942 }, 
        {"sofa" : 12,  "begin" : 3942,  "end" : 3943 }, 
        {"sofa" : 12,  "begin" : 3943,  "end" : 3944 }, 
        {"sofa" : 12,  "begin" : 3945,  "end" : 3947 }, 
        {"sofa" : 12,  "begin" : 3948,  "end" : 3952 }, 
        {"sofa" : 12,  "begin" : 3953,  "end" : 3959 }, 
        {"sofa" : 12,  "begin" : 3960,  "end" : 3964 }, 
        {"sofa" : 12,  "begin" : 3965,  "end" : 3972 }, 
        {"sofa" : 12,  "begin" : 3973,  "end" : 3982 }, 
        {"sofa" : 12,  "begin" : 3983,  "end" : 3986 }, 
        {"sofa" : 12,  "begin" : 3987,  "end" : 3992 }, 
        {"sofa" : 12,  "begin" : 3992,  "end" : 3993 }, 
        {"sofa" : 12,  "begin" : 3994,  "end" : 3997 }, 
        {"sofa" : 12,  "begin" : 3998,  "end" : 4002 }, 
        {"sofa" : 12,  "begin" : 4003,  "end" : 4006 }, 
        {"sofa" : 12,  "begin" : 4007,  "end" : 4013 }, 
        {"sofa" : 12,  "begin" : 4013,  "end" : 4014 }, 
        {"sofa" : 12,  "begin" : 4015,  "end" : 4017 }, 
        {"sofa" : 12,  "begin" : 4018,  "end" : 4022 }, 
        {"sofa" : 12,  "begin" : 4023,  "end" : 4024 }, 
        {"sofa" : 12,  "begin" : 4025,  "end" : 4029 }, 
        {"sofa" : 12,  "begin" : 4030,  "end" : 4039 }, 
        {"sofa" : 12,  "begin" : 4040,  "end" : 4043 }, 
        {"sofa" : 12,  "begin" : 4044,  "end" : 4058 }, 
        {"sofa" : 12,  "begin" : 4059,  "end" : 4068 }, 
        {"sofa" : 12,  "begin" : 4069,  "end" : 4076 }, 
        {"sofa" : 12,  "begin" : 4076,  "end" : 4077 }, 
        {"sofa" : 12,  "begin" : 4078,  "end" : 4081 }, 
        {"sofa" : 12,  "begin" : 4082,  "end" : 4086 }, 
        {"sofa" : 12,  "begin" : 4087,  "end" : 4091 }, 
        {"sofa" : 12,  "begin" : 4092,  "end" : 4099 }, 
        {"sofa" : 12,  "begin" : 4100,  "end" : 4102 }, 
        {"sofa" : 12,  "begin" : 4103,  "end" : 4111 }, 
        {"sofa" : 12,  "begin" : 4112,  "end" : 4120 }, 
        {"sofa" : 12,  "begin" : 4121,  "end" : 4125 }, 
        {"sofa" : 12,  "begin" : 4126,  "end" : 4128 }, 
        {"sofa" : 12,  "begin" : 4129,  "end" : 4132 }, 
        {"sofa" : 12,  "begin" : 4133,  "end" : 4147 }, 
        {"sofa" : 12,  "begin" : 4148,  "end" : 4151 }, 
        {"sofa" : 12,  "begin" : 4152,  "end" : 4160 }, 
        {"sofa" : 12,  "begin" : 4161,  "end" : 4169 }, 
        {"sofa" : 12,  "begin" : 4170,  "end" : 4173 }, 
        {"sofa" : 12,  "begin" : 4174,  "end" : 4182 }, 
        {"sofa" : 12,  "begin" : 4183,  "end" : 4185 }, 
        {"sofa" : 12,  "begin" : 4186,  "end" : 4192 }, 
        {"sofa" : 12,  "begin" : 4193,  "end" : 4195 }, 
        {"sofa" : 12,  "begin" : 4196,  "end" : 4216 }, 
        {"sofa" : 12,  "begin" : 4217,  "end" : 4219 }, 
        {"sofa" : 12,  "begin" : 4220,  "end" : 4227 }, 
        {"sofa" : 12,  "begin" : 4228,  "end" : 4229 }, 
        {"sofa" : 12,  "begin" : 4230,  "end" : 4234 }, 
        {"sofa" : 12,  "begin" : 4235,  "end" : 4237 }, 
        {"sofa" : 12,  "begin" : 4238,  "end" : 4239 }, 
        {"sofa" : 12,  "begin" : 4239,  "end" : 4244 }, 
        {"sofa" : 12,  "begin" : 4245,  "end" : 4248 }, 
        {"sofa" : 12,  "begin" : 4249,  "end" : 4256 }, 
        {"sofa" : 12,  "begin" : 4256,  "end" : 4257 }, 
        {"sofa" : 12,  "begin" : 4258,  "end" : 4262 }, 
        {"sofa" : 12,  "begin" : 4263,  "end" : 4272 }, 
        {"sofa" : 12,  "begin" : 4272,  "end" : 4273 }, 
        {"sofa" : 12,  "begin" : 4274,  "end" : 4279 }, 
        {"sofa" : 12,  "begin" : 4279,  "end" : 4280 }, 
        {"sofa" : 12,  "begin" : 4281,  "end" : 4284 }, 
        {"sofa" : 12,  "begin" : 4285,  "end" : 4293 }, 
        {"sofa" : 12,  "begin" : 4294,  "end" : 4297 }, 
        {"sofa" : 12,  "begin" : 4298,  "end" : 4305 }, 
        {"sofa" : 12,  "begin" : 4306,  "end" : 4314 }, 
        {"sofa" : 12,  "begin" : 4315,  "end" : 4325 }, 
        {"sofa" : 12,  "begin" : 4325,  "end" : 4326 }, 
        {"sofa" : 12,  "begin" : 4327,  "end" : 4330 }, 
        {"sofa" : 12,  "begin" : 4331,  "end" : 4338 }, 
        {"sofa" : 12,  "begin" : 4338,  "end" : 4339 }, 
        {"sofa" : 12,  "begin" : 4340,  "end" : 4342 }, 
        {"sofa" : 12,  "begin" : 4343,  "end" : 4346 }, 
        {"sofa" : 12,  "begin" : 4347,  "end" : 4350 }, 
        {"sofa" : 12,  "begin" : 4350,  "end" : 4351 }, 
        {"sofa" : 12,  "begin" : 4352,  "end" : 4355 }, 
        {"sofa" : 12,  "begin" : 4356,  "end" : 4364 }, 
        {"sofa" : 12,  "begin" : 4365,  "end" : 4371 }, 
        {"sofa" : 12,  "begin" : 4372,  "end" : 4381 }, 
        {"sofa" : 12,  "begin" : 4382,  "end" : 4385 }, 
        {"sofa" : 12,  "begin" : 4386,  "end" : 4391 }, 
        {"sofa" : 12,  "begin" : 4392,  "end" : 4394 }, 
        {"sofa" : 12,  "begin" : 4395,  "end" : 4398 }, 
        {"sofa" : 12,  "begin" : 4399,  "end" : 4404 }, 
        {"sofa" : 12,  "begin" : 4405,  "end" : 4409 }, 
        {"sofa" : 12,  "begin" : 4410,  "end" : 4413 }, 
        {"sofa" : 12,  "begin" : 4414,  "end" : 4421 }, 
        {"sofa" : 12,  "begin" : 4422,  "end" : 4431 }, 
        {"sofa" : 12,  "begin" : 4432,  "end" : 4438 }, 
        {"sofa" : 12,  "begin" : 4439,  "end" : 4441 }, 
        {"sofa" : 12,  "begin" : 4442,  "end" : 4446 }, 
        {"sofa" : 12,  "begin" : 4447,  "end" : 4448 }, 
        {"sofa" : 12,  "begin" : 4449,  "end" : 4453 }, 
        {"sofa" : 12,  "begin" : 4454,  "end" : 4457 }, 
        {"sofa" : 12,  "begin" : 4458,  "end" : 4464 }, 
        {"sofa" : 12,  "begin" : 4464,  "end" : 4465 }, 
        {"sofa" : 12,  "begin" : 4466,  "end" : 4469 }, 
        {"sofa" : 12,  "begin" : 4470,  "end" : 4481 }, 
        {"sofa" : 12,  "begin" : 4482,  "end" : 4484 }, 
        {"sofa" : 12,  "begin" : 4485,  "end" : 4489 }, 
        {"sofa" : 12,  "begin" : 4490,  "end" : 4493 }, 
        {"sofa" : 12,  "begin" : 4494,  "end" : 4506 }, 
        {"sofa" : 12,  "begin" : 4507,  "end" : 4511 }, 
        {"sofa" : 12,  "begin" : 4512,  "end" : 4515 }, 
        {"sofa" : 12,  "begin" : 4516,  "end" : 4521 }, 
        {"sofa" : 12,  "begin" : 4522,  "end" : 4526 }, 
        {"sofa" : 12,  "begin" : 4527,  "end" : 4528 }, 
        {"sofa" : 12,  "begin" : 4529,  "end" : 4536 }, 
        {"sofa" : 12,  "begin" : 4537,  "end" : 4543 }, 
        {"sofa" : 12,  "begin" : 4544,  "end" : 4546 }, 
        {"sofa" : 12,  "begin" : 4547,  "end" : 4562 }, 
        {"sofa" : 12,  "begin" : 4563,  "end" : 4573 }, 
        {"sofa" : 12,  "begin" : 4574,  "end" : 4581 }, 
        {"sofa" : 12,  "begin" : 4582,  "end" : 4588 }, 
        {"sofa" : 12,  "begin" : 4589,  "end" : 4593 }, 
        {"sofa" : 12,  "begin" : 4594,  "end" : 4595 }, 
        {"sofa" : 12,  "begin" : 4596,  "end" : 4601 }, 
        {"sofa" : 12,  "begin" : 4602,  "end" : 4610 }, 
        {"sofa" : 12,  "begin" : 4611,  "end" : 4612 }, 
        {"sofa" : 12,  "begin" : 4612,  "end" : 4621 }, 
        {"sofa" : 12,  "begin" : 4622,  "end" : 4626 }, 
        {"sofa" : 12,  "begin" : 4626,  "end" : 4627 }, 
        {"sofa" : 12,  "begin" : 4628,  "end" : 4631 }, 
        {"sofa" : 12,  "begin" : 4632,  "end" : 4640 }, 
        {"sofa" : 12,  "begin" : 4641,  "end" : 4646 }, 
        {"sofa" : 12,  "begin" : 4647,  "end" : 4651 }, 
        {"sofa" : 12,  "begin" : 4652,  "end" : 4654 }, 
        {"sofa" : 12,  "begin" : 4655,  "end" : 4660 }, 
        {"sofa" : 12,  "begin" : 4661,  "end" : 4667 }, 
        {"sofa" : 12,  "begin" : 4668,  "end" : 4671 }, 
        {"sofa" : 12,  "begin" : 4672,  "end" : 4683 }, 
        {"sofa" : 12,  "begin" : 4684,  "end" : 4691 }, 
        {"sofa" : 12,  "begin" : 4692,  "end" : 4698 }, 
        {"sofa" : 12,  "begin" : 4699,  "end" : 4704 }, 
        {"sofa" : 12,  "begin" : 4704,  "end" : 4705 }, 
        {"sofa" : 12,  "begin" : 4706,  "end" : 4715 }, 
        {"sofa" : 12,  "begin" : 4716,  "end" : 4725 }, 
        {"sofa" : 12,  "begin" : 4726,  "end" : 4732 }, 
        {"sofa" : 12,  "begin" : 4732,  "end" : 4733 }, 
        {"sofa" : 12,  "begin" : 4734,  "end" : 4737 }, 
        {"sofa" : 12,  "begin" : 4738,  "end" : 4747 }, 
        {"sofa" : 12,  "begin" : 4748,  "end" : 4751 }, 
        {"sofa" : 12,  "begin" : 4752,  "end" : 4759 }, 
        {"sofa" : 12,  "begin" : 4760,  "end" : 4762 }, 
        {"sofa" : 12,  "begin" : 4763,  "end" : 4766 }, 
        {"sofa" : 12,  "begin" : 4767,  "end" : 4774 }, 
        {"sofa" : 12,  "begin" : 4774,  "end" : 4775 }, 
        {"sofa" : 12,  "begin" : 4776,  "end" : 4784 }, 
        {"sofa" : 12,  "begin" : 4785,  "end" : 4787 }, 
        {"sofa" : 12,  "begin" : 4788,  "end" : 4792 }, 
        {"sofa" : 12,  "begin" : 4793,  "end" : 4799 }, 
        {"sofa" : 12,  "begin" : 4800,  "end" : 4802 }, 
        {"sofa" : 12,  "begin" : 4803,  "end" : 4809 }, 
        {"sofa" : 12,  "begin" : 4810,  "end" : 4816 }, 
        {"sofa" : 12,  "begin" : 4817,  "end" : 4818 }, 
        {"sofa" : 12,  "begin" : 4818,  "end" : 4828 }, 
        {"sofa" : 12,  "begin" : 4828,  "end" : 4829 }, 
        {"sofa" : 12,  "begin" : 4830,  "end" : 4835 }, 
        {"sofa" : 12,  "begin" : 4836,  "end" : 4838 }, 
        {"sofa" : 12,  "begin" : 4839,  "end" : 4841 }, 
        {"sofa" : 12,  "begin" : 4842,  "end" : 4849 }, 
        {"sofa" : 12,  "begin" : 4850,  "end" : 4852 }, 
        {"sofa" : 12,  "begin" : 4853,  "end" : 4856 }, 
        {"sofa" : 12,  "begin" : 4857,  "end" : 4861 }, 
        {"sofa" : 12,  "begin" : 4862,  "end" : 4866 }, 
        {"sofa" : 12,  "begin" : 4867,  "end" : 4876 }, 
        {"sofa" : 12,  "begin" : 4877,  "end" : 4882 }, 
        {"sofa" : 12,  "begin" : 4883,  "end" : 4886 }, 
        {"sofa" : 12,  "begin" : 4887,  "end" : 4892 }, 
        {"sofa" : 12,  "begin" : 4893,  "end" : 4895 }, 
        {"sofa" : 12,  "begin" : 4896,  "end" : 4902 }, 
        {"sofa" : 12,  "begin" : 4903,  "end" : 4909 }, 
        {"sofa" : 12,  "begin" : 4910,  "end" : 4919 }, 
        {"sofa" : 12,  "begin" : 4919,  "end" : 4920 }, 
        {"sofa" : 12,  "begin" : 4921,  "end" : 4923 }, 
        {"sofa" : 12,  "begin" : 4924,  "end" : 4926 }, 
        {"sofa" : 12,  "begin" : 4927,  "end" : 4933 }, 
        {"sofa" : 12,  "begin" : 4934,  "end" : 4937 }, 
        {"sofa" : 12,  "begin" : 4938,  "end" : 4941 }, 
        {"sofa" : 12,  "begin" : 4942,  "end" : 4949 }, 
        {"sofa" : 12,  "begin" : 4950,  "end" : 4954 }, 
        {"sofa" : 12,  "begin" : 4955,  "end" : 4958 }, 
        {"sofa" : 12,  "begin" : 4959,  "end" : 4962 }, 
        {"sofa" : 12,  "begin" : 4962,  "end" : 4963 }, 
        {"sofa" : 12,  "begin" : 4964,  "end" : 4970 }, 
        {"sofa" : 12,  "begin" : 4971,  "end" : 4981 }, 
        {"sofa" : 12,  "begin" : 4981,  "end" : 4982 }, 
        {"sofa" : 12,  "begin" : 4983,  "end" : 4986 }, 
        {"sofa" : 12,  "begin" : 4987,  "end" : 4995 }, 
        {"sofa" : 12,  "begin" : 4996,  "end" : 5002 }, 
        {"sofa" : 12,  "begin" : 5003,  "end" : 5009 }, 
        {"sofa" : 12,  "begin" : 5010,  "end" : 5015 }, 
        {"sofa" : 12,  "begin" : 5016,  "end" : 5024 }, 
        {"sofa" : 12,  "begin" : 5025,  "end" : 5027 }, 
        {"sofa" : 12,  "begin" : 5028,  "end" : 5031 }, 
        {"sofa" : 12,  "begin" : 5032,  "end" : 5038 }, 
        {"sofa" : 12,  "begin" : 5039,  "end" : 5047 }, 
        {"sofa" : 12,  "begin" : 5048,  "end" : 5051 }, 
        {"sofa" : 12,  "begin" : 5052,  "end" : 5056 }, 
        {"sofa" : 12,  "begin" : 5057,  "end" : 5059 }, 
        {"sofa" : 12,  "begin" : 5060,  "end" : 5067 }, 
        {"sofa" : 12,  "begin" : 5068,  "end" : 5073 }, 
        {"sofa" : 12,  "begin" : 5073,  "end" : 5074 }, 
        {"sofa" : 12,  "begin" : 5075,  "end" : 5078 }, 
        {"sofa" : 12,  "begin" : 5079,  "end" : 5082 }, 
        {"sofa" : 12,  "begin" : 5083,  "end" : 5090 }, 
        {"sofa" : 12,  "begin" : 5090,  "end" : 5091 }, 
        {"sofa" : 12,  "begin" : 5093,  "end" : 5098 }, 
        {"sofa" : 12,  "begin" : 5099,  "end" : 5102 }, 
        {"sofa" : 12,  "begin" : 5103,  "end" : 5109 }, 
        {"sofa" : 12,  "begin" : 5110,  "end" : 5113 }, 
        {"sofa" : 12,  "begin" : 5114,  "end" : 5123 }, 
        {"sofa" : 12,  "begin" : 5124,  "end" : 5126 }, 
        {"sofa" : 12,  "begin" : 5127,  "end" : 5131 }, 
        {"sofa" : 12,  "begin" : 5132,  "end" : 5136 }, 
        {"sofa" : 12,  "begin" : 5137,  "end" : 5146 }, 
        {"sofa" : 12,  "begin" : 5147,  "end" : 5152 }, 
        {"sofa" : 12,  "begin" : 5153,  "end" : 5158 }, 
        {"sofa" : 12,  "begin" : 5159,  "end" : 5171 }, 
        {"sofa" : 12,  "begin" : 5172,  "end" : 5174 }, 
        {"sofa" : 12,  "begin" : 5175,  "end" : 5182 }, 
        {"sofa" : 12,  "begin" : 5183,  "end" : 5186 }, 
        {"sofa" : 12,  "begin" : 5187,  "end" : 5191 }, 
        {"sofa" : 12,  "begin" : 5192,  "end" : 5205 }, 
        {"sofa" : 12,  "begin" : 5206,  "end" : 5214 }, 
        {"sofa" : 12,  "begin" : 5215,  "end" : 5223 }, 
        {"sofa" : 12,  "begin" : 5224,  "end" : 5226 }, 
        {"sofa" : 12,  "begin" : 5227,  "end" : 5238 }, 
        {"sofa" : 12,  "begin" : 5239,  "end" : 5240 }, 
        {"sofa" : 12,  "begin" : 5241,  "end" : 5246 }, 
        {"sofa" : 12,  "begin" : 5247,  "end" : 5256 }, 
        {"sofa" : 12,  "begin" : 5257,  "end" : 5259 }, 
        {"sofa" : 12,  "begin" : 5260,  "end" : 5264 }, 
        {"sofa" : 12,  "begin" : 5265,  "end" : 5267 }, 
        {"sofa" : 12,  "begin" : 5268,  "end" : 5279 }, 
        {"sofa" : 12,  "begin" : 5280,  "end" : 5288 }, 
        {"sofa" : 12,  "begin" : 5289,  "end" : 5291 }, 
        {"sofa" : 12,  "begin" : 5292,  "end" : 5295 }, 
        {"sofa" : 12,  "begin" : 5296,  "end" : 5302 }, 
        {"sofa" : 12,  "begin" : 5303,  "end" : 5310 }, 
        {"sofa" : 12,  "begin" : 5311,  "end" : 5316 }, 
        {"sofa" : 12,  "begin" : 5317,  "end" : 5321 }, 
        {"sofa" : 12,  "begin" : 5322,  "end" : 5324 }, 
        {"sofa" : 12,  "begin" : 5325,  "end" : 5332 }, 
        {"sofa" : 12,  "begin" : 5333,  "end" : 5334 }, 
        {"sofa" : 12,  "begin" : 5334,  "end" : 5335 }, 
        {"sofa" : 12,  "begin" : 5335,  "end" : 5336 }, 
        {"sofa" : 12,  "begin" : 5336,  "end" : 5337 }, 
        {"sofa" : 12,  "begin" : 5337,  "end" : 5347 }, 
        {"sofa" : 12,  "begin" : 5348,  "end" : 5354 }, 
        {"sofa" : 12,  "begin" : 5354,  "end" : 5355 }, 
        {"sofa" : 12,  "begin" : 5355,  "end" : 5356 }, 
        {"sofa" : 12,  "begin" : 5356,  "end" : 5357 }, 
        {"sofa" : 12,  "begin" : 5357,  "end" : 5358 }, 
        {"sofa" : 12,  "begin" : 5359,  "end" : 5361 }, 
        {"sofa" : 12,  "begin" : 5362,  "end" : 5365 }, 
        {"sofa" : 12,  "begin" : 5366,  "end" : 5372 }, 
        {"sofa" : 12,  "begin" : 5373,  "end" : 5379 }, 
        {"sofa" : 12,  "begin" : 5380,  "end" : 5387 }, 
        {"sofa" : 12,  "begin" : 5388,  "end" : 5389 }, 
        {"sofa" : 12,  "begin" : 5389,  "end" : 5392 }, 
        {"sofa" : 12,  "begin" : 5392,  "end" : 5393 }, 
        {"sofa" : 12,  "begin" : 5393,  "end" : 5394 }, 
        {"sofa" : 12,  "begin" : 5395,  "end" : 5398 }, 
        {"sofa" : 12,  "begin" : 5399,  "end" : 5403 }, 
        {"sofa" : 12,  "begin" : 5404,  "end" : 5409 }, 
        {"sofa" : 12,  "begin" : 5410,  "end" : 5413 }, 
        {"sofa" : 12,  "begin" : 5414,  "end" : 5417 }, 
        {"sofa" : 12,  "begin" : 5418,  "end" : 5429 }, 
        {"sofa" : 12,  "begin" : 5430,  "end" : 5433 }, 
        {"sofa" : 12,  "begin" : 5434,  "end" : 5451 }, 
        {"sofa" : 12,  "begin" : 5452,  "end" : 5458 }, 
        {"sofa" : 12,  "begin" : 5459,  "end" : 5467 }, 
        {"sofa" : 12,  "begin" : 5468,  "end" : 5474 }, 
        {"sofa" : 12,  "begin" : 5475,  "end" : 5478 }, 
        {"sofa" : 12,  "begin" : 5479,  "end" : 5482 }, 
        {"sofa" : 12,  "begin" : 5483,  "end" : 5494 }, 
        {"sofa" : 12,  "begin" : 5495,  "end" : 5504 }, 
        {"sofa" : 12,  "begin" : 5505,  "end" : 5510 }, 
        {"sofa" : 12,  "begin" : 5511,  "end" : 5513 }, 
        {"sofa" : 12,  "begin" : 5514,  "end" : 5520 }, 
        {"sofa" : 12,  "begin" : 5521,  "end" : 5527 }, 
        {"sofa" : 12,  "begin" : 5528,  "end" : 5537 }, 
        {"sofa" : 12,  "begin" : 5538,  "end" : 5541 }, 
        {"sofa" : 12,  "begin" : 5542,  "end" : 5546 }, 
        {"sofa" : 12,  "begin" : 5547,  "end" : 5553 }, 
        {"sofa" : 12,  "begin" : 5554,  "end" : 5562 }, 
        {"sofa" : 12,  "begin" : 5563,  "end" : 5565 }, 
        {"sofa" : 12,  "begin" : 5566,  "end" : 5579 }, 
        {"sofa" : 12,  "begin" : 5580,  "end" : 5583 }, 
        {"sofa" : 12,  "begin" : 5584,  "end" : 5588 }, 
        {"sofa" : 12,  "begin" : 5588,  "end" : 5589 }, 
        {"sofa" : 12,  "begin" : 5590,  "end" : 5595 }, 
        {"sofa" : 12,  "begin" : 5596,  "end" : 5598 }, 
        {"sofa" : 12,  "begin" : 5599,  "end" : 5602 }, 
        {"sofa" : 12,  "begin" : 5603,  "end" : 5607 }, 
        {"sofa" : 12,  "begin" : 5608,  "end" : 5613 }, 
        {"sofa" : 12,  "begin" : 5614,  "end" : 5616 }, 
        {"sofa" : 12,  "begin" : 5617,  "end" : 5630 }, 
        {"sofa" : 12,  "begin" : 5631,  "end" : 5640 }, 
        {"sofa" : 12,  "begin" : 5641,  "end" : 5644 }, 
        {"sofa" : 12,  "begin" : 5645,  "end" : 5650 }, 
        {"sofa" : 12,  "begin" : 5651,  "end" : 5652 }, 
        {"sofa" : 12,  "begin" : 5653,  "end" : 5657 }, 
        {"sofa" : 12,  "begin" : 5658,  "end" : 5661 }, 
        {"sofa" : 12,  "begin" : 5662,  "end" : 5672 }, 
        {"sofa" : 12,  "begin" : 5673,  "end" : 5677 }, 
        {"sofa" : 12,  "begin" : 5678,  "end" : 5681 }, 
        {"sofa" : 12,  "begin" : 5682,  "end" : 5686 }, 
        {"sofa" : 12,  "begin" : 5687,  "end" : 5694 }, 
        {"sofa" : 12,  "begin" : 5695,  "end" : 5696 }, 
        {"sofa" : 12,  "begin" : 5697,  "end" : 5705 }, 
        {"sofa" : 12,  "begin" : 5706,  "end" : 5708 }, 
        {"sofa" : 12,  "begin" : 5709,  "end" : 5720 }, 
        {"sofa" : 12,  "begin" : 5720,  "end" : 5721 }, 
        {"sofa" : 12,  "begin" : 5722,  "end" : 5724 }, 
        {"sofa" : 12,  "begin" : 5725,  "end" : 5729 }, 
        {"sofa" : 12,  "begin" : 5730,  "end" : 5732 }, 
        {"sofa" : 12,  "begin" : 5733,  "end" : 5736 }, 
        {"sofa" : 12,  "begin" : 5737,  "end" : 5751 }, 
        {"sofa" : 12,  "begin" : 5752,  "end" : 5762 }, 
        {"sofa" : 12,  "begin" : 5763,  "end" : 5770 }, 
        {"sofa" : 12,  "begin" : 5771,  "end" : 5776 }, 
        {"sofa" : 12,  "begin" : 5777,  "end" : 5779 }, 
        {"sofa" : 12,  "begin" : 5780,  "end" : 5788 }, 
        {"sofa" : 12,  "begin" : 5789,  "end" : 5796 }, 
        {"sofa" : 12,  "begin" : 5797,  "end" : 5806 }, 
        {"sofa" : 12,  "begin" : 5807,  "end" : 5811 }, 
        {"sofa" : 12,  "begin" : 5812,  "end" : 5815 }, 
        {"sofa" : 12,  "begin" : 5816,  "end" : 5818 }, 
        {"sofa" : 12,  "begin" : 5819,  "end" : 5825 }, 
        {"sofa" : 12,  "begin" : 5826,  "end" : 5833 }, 
        {"sofa" : 12,  "begin" : 5834,  "end" : 5840 }, 
        {"sofa" : 12,  "begin" : 5841,  "end" : 5849 }, 
        {"sofa" : 12,  "begin" : 5850,  "end" : 5854 }, 
        {"sofa" : 12,  "begin" : 5855,  "end" : 5866 }, 
        {"sofa" : 12,  "begin" : 5867,  "end" : 5870 }, 
        {"sofa" : 12,  "begin" : 5871,  "end" : 5880 }, 
        {"sofa" : 12,  "begin" : 5881,  "end" : 5891 }, 
        {"sofa" : 12,  "begin" : 5891,  "end" : 5892 }, 
        {"sofa" : 12,  "begin" : 5893,  "end" : 5896 }, 
        {"sofa" : 12,  "begin" : 5897,  "end" : 5900 }, 
        {"sofa" : 12,  "begin" : 5901,  "end" : 5912 }, 
        {"sofa" : 12,  "begin" : 5913,  "end" : 5921 }, 
        {"sofa" : 12,  "begin" : 5922,  "end" : 5929 }, 
        {"sofa" : 12,  "begin" : 5930,  "end" : 5932 }, 
        {"sofa" : 12,  "begin" : 5933,  "end" : 5936 }, 
        {"sofa" : 12,  "begin" : 5937,  "end" : 5946 }, 
        {"sofa" : 12,  "begin" : 5947,  "end" : 5962 }, 
        {"sofa" : 12,  "begin" : 5963,  "end" : 5965 }, 
        {"sofa" : 12,  "begin" : 5966,  "end" : 5967 }, 
        {"sofa" : 12,  "begin" : 5968,  "end" : 5974 }, 
        {"sofa" : 12,  "begin" : 5975,  "end" : 5979 }, 
        {"sofa" : 12,  "begin" : 5979,  "end" : 5980 }, 
        {"sofa" : 12,  "begin" : 5982,  "end" : 5986 }, 
        {"sofa" : 12,  "begin" : 5987,  "end" : 5989 }, 
        {"sofa" : 12,  "begin" : 5990,  "end" : 5999 }, 
        {"sofa" : 12,  "begin" : 6000,  "end" : 6006 }, 
        {"sofa" : 12,  "begin" : 6006,  "end" : 6007 }, 
        {"sofa" : 12,  "begin" : 6008,  "end" : 6018 }, 
        {"sofa" : 12,  "begin" : 6019,  "end" : 6022 }, 
        {"sofa" : 12,  "begin" : 6023,  "end" : 6028 }, 
        {"sofa" : 12,  "begin" : 6029,  "end" : 6032 }, 
        {"sofa" : 12,  "begin" : 6033,  "end" : 6037 }, 
        {"sofa" : 12,  "begin" : 6038,  "end" : 6047 }, 
        {"sofa" : 12,  "begin" : 6048,  "end" : 6050 }, 
        {"sofa" : 12,  "begin" : 6051,  "end" : 6062 }, 
        {"sofa" : 12,  "begin" : 6063,  "end" : 6072 }, 
        {"sofa" : 12,  "begin" : 6073,  "end" : 6076 }, 
        {"sofa" : 12,  "begin" : 6077,  "end" : 6085 }, 
        {"sofa" : 12,  "begin" : 6086,  "end" : 6095 }, 
        {"sofa" : 12,  "begin" : 6096,  "end" : 6098 }, 
        {"sofa" : 12,  "begin" : 6099,  "end" : 6105 }, 
        {"sofa" : 12,  "begin" : 6106,  "end" : 6114 }, 
        {"sofa" : 12,  "begin" : 6114,  "end" : 6115 }, 
        {"sofa" : 12,  "begin" : 6116,  "end" : 6118 }, 
        {"sofa" : 12,  "begin" : 6119,  "end" : 6123 }, 
        {"sofa" : 12,  "begin" : 6124,  "end" : 6129 }, 
        {"sofa" : 12,  "begin" : 6130,  "end" : 6134 }, 
        {"sofa" : 12,  "begin" : 6135,  "end" : 6139 }, 
        {"sofa" : 12,  "begin" : 6140,  "end" : 6147 }, 
        {"sofa" : 12,  "begin" : 6148,  "end" : 6158 }, 
        {"sofa" : 12,  "begin" : 6159,  "end" : 6166 }, 
        {"sofa" : 12,  "begin" : 6167,  "end" : 6171 }, 
        {"sofa" : 12,  "begin" : 6172,  "end" : 6175 }, 
        {"sofa" : 12,  "begin" : 6176,  "end" : 6180 }, 
        {"sofa" : 12,  "begin" : 6181,  "end" : 6187 }, 
        {"sofa" : 12,  "begin" : 6188,  "end" : 6193 }, 
        {"sofa" : 12,  "begin" : 6193,  "end" : 6194 }, 
        {"sofa" : 12,  "begin" : 6195,  "end" : 6197 }, 
        {"sofa" : 12,  "begin" : 6198,  "end" : 6203 }, 
        {"sofa" : 12,  "begin" : 6203,  "end" : 6204 }, 
        {"sofa" : 12,  "begin" : 6205,  "end" : 6209 }, 
        {"sofa" : 12,  "begin" : 6210,  "end" : 6218 }, 
        {"sofa" : 12,  "begin" : 6219,  "end" : 6228 }, 
        {"sofa" : 12,  "begin" : 6229,  "end" : 6233 }, 
        {"sofa" : 12,  "begin" : 6234,  "end" : 6241 }, 
        {"sofa" : 12,  "begin" : 6242,  "end" : 6245 }, 
        {"sofa" : 12,  "begin" : 6246,  "end" : 6259 }, 
        {"sofa" : 12,  "begin" : 6260,  "end" : 6262 }, 
        {"sofa" : 12,  "begin" : 6263,  "end" : 6275 }, 
        {"sofa" : 12,  "begin" : 6276,  "end" : 6278 }, 
        {"sofa" : 12,  "begin" : 6279,  "end" : 6286 }, 
        {"sofa" : 12,  "begin" : 6287,  "end" : 6293 }, 
        {"sofa" : 12,  "begin" : 6293,  "end" : 6294 }, 
        {"sofa" : 12,  "begin" : 6295,  "end" : 6300 }, 
        {"sofa" : 12,  "begin" : 6300,  "end" : 6301 }, 
        {"sofa" : 12,  "begin" : 6302,  "end" : 6309 }, 
        {"sofa" : 12,  "begin" : 6310,  "end" : 6315 }, 
        {"sofa" : 12,  "begin" : 6316,  "end" : 6318 }, 
        {"sofa" : 12,  "begin" : 6319,  "end" : 6323 }, 
        {"sofa" : 12,  "begin" : 6324,  "end" : 6329 }, 
        {"sofa" : 12,  "begin" : 6330,  "end" : 6332 }, 
        {"sofa" : 12,  "begin" : 6333,  "end" : 6345 }, 
        {"sofa" : 12,  "begin" : 6346,  "end" : 6349 }, 
        {"sofa" : 12,  "begin" : 6350,  "end" : 6357 }, 
        {"sofa" : 12,  "begin" : 6358,  "end" : 6362 }, 
        {"sofa" : 12,  "begin" : 6363,  "end" : 6374 }, 
        {"sofa" : 12,  "begin" : 6375,  "end" : 6380 }, 
        {"sofa" : 12,  "begin" : 6380,  "end" : 6381 }, 
        {"sofa" : 12,  "begin" : 6382,  "end" : 6392 }, 
        {"sofa" : 12,  "begin" : 6393,  "end" : 6402 }, 
        {"sofa" : 12,  "begin" : 6403,  "end" : 6410 }, 
        {"sofa" : 12,  "begin" : 6410,  "end" : 6411 }, 
        {"sofa" : 12,  "begin" : 6412,  "end" : 6415 }, 
        {"sofa" : 12,  "begin" : 6416,  "end" : 6429 }, 
        {"sofa" : 12,  "begin" : 6430,  "end" : 6442 }, 
        {"sofa" : 12,  "begin" : 6443,  "end" : 6451 }, 
        {"sofa" : 12,  "begin" : 6452,  "end" : 6454 }, 
        {"sofa" : 12,  "begin" : 6455,  "end" : 6459 }, 
        {"sofa" : 12,  "begin" : 6460,  "end" : 6465 }, 
        {"sofa" : 12,  "begin" : 6466,  "end" : 6470 }, 
        {"sofa" : 12,  "begin" : 6471,  "end" : 6475 }, 
        {"sofa" : 12,  "begin" : 6476,  "end" : 6481 }, 
        {"sofa" : 12,  "begin" : 6482,  "end" : 6485 }, 
        {"sofa" : 12,  "begin" : 6486,  "end" : 6489 }, 
        {"sofa" : 12,  "begin" : 6490,  "end" : 6496 }, 
        {"sofa" : 12,  "begin" : 6497,  "end" : 6503 }, 
        {"sofa" : 12,  "begin" : 6504,  "end" : 6516 }, 
        {"sofa" : 12,  "begin" : 6517,  "end" : 6525 }, 
        {"sofa" : 12,  "begin" : 6526,  "end" : 6535 }, 
        {"sofa" : 12,  "begin" : 6536,  "end" : 6538 }, 
        {"sofa" : 12,  "begin" : 6539,  "end" : 6543 }, 
        {"sofa" : 12,  "begin" : 6544,  "end" : 6549 }, 
        {"sofa" : 12,  "begin" : 6550,  "end" : 6552 }, 
        {"sofa" : 12,  "begin" : 6553,  "end" : 6559 }, 
        {"sofa" : 12,  "begin" : 6560,  "end" : 6565 }, 
        {"sofa" : 12,  "begin" : 6566,  "end" : 6578 }, 
        {"sofa" : 12,  "begin" : 6579,  "end" : 6582 }, 
        {"sofa" : 12,  "begin" : 6583,  "end" : 6588 }, 
        {"sofa" : 12,  "begin" : 6589,  "end" : 6592 }, 
        {"sofa" : 12,  "begin" : 6593,  "end" : 6597 }, 
        {"sofa" : 12,  "begin" : 6597,  "end" : 6598 }, 
        {"sofa" : 12,  "begin" : 6599,  "end" : 6603 }, 
        {"sofa" : 12,  "begin" : 6604,  "end" : 6612 }, 
        {"sofa" : 12,  "begin" : 6613,  "end" : 6615 }, 
        {"sofa" : 12,  "begin" : 6616,  "end" : 6624 }, 
        {"sofa" : 12,  "begin" : 6625,  "end" : 6628 }, 
        {"sofa" : 12,  "begin" : 6629,  "end" : 6638 }, 
        {"sofa" : 12,  "begin" : 6639,  "end" : 6642 }, 
        {"sofa" : 12,  "begin" : 6642,  "end" : 6643 }, 
        {"sofa" : 12,  "begin" : 6645,  "end" : 6647 }, 
        {"sofa" : 12,  "begin" : 6648,  "end" : 6650 }, 
        {"sofa" : 12,  "begin" : 6651,  "end" : 6657 }, 
        {"sofa" : 12,  "begin" : 6658,  "end" : 6662 }, 
        {"sofa" : 12,  "begin" : 6663,  "end" : 6668 }, 
        {"sofa" : 12,  "begin" : 6669,  "end" : 6677 }, 
        {"sofa" : 12,  "begin" : 6678,  "end" : 6680 }, 
        {"sofa" : 12,  "begin" : 6681,  "end" : 6685 }, 
        {"sofa" : 12,  "begin" : 6686,  "end" : 6693 }, 
        {"sofa" : 12,  "begin" : 6694,  "end" : 6697 }, 
        {"sofa" : 12,  "begin" : 6698,  "end" : 6703 }, 
        {"sofa" : 12,  "begin" : 6703,  "end" : 6704 }, 
        {"sofa" : 12,  "begin" : 6705,  "end" : 6707 }, 
        {"sofa" : 12,  "begin" : 6708,  "end" : 6712 }, 
        {"sofa" : 12,  "begin" : 6712,  "end" : 6713 }, 
        {"sofa" : 12,  "begin" : 6714,  "end" : 6715 }, 
        {"sofa" : 12,  "begin" : 6716,  "end" : 6721 }, 
        {"sofa" : 12,  "begin" : 6722,  "end" : 6725 }, 
        {"sofa" : 12,  "begin" : 6726,  "end" : 6728 }, 
        {"sofa" : 12,  "begin" : 6729,  "end" : 6732 }, 
        {"sofa" : 12,  "begin" : 6733,  "end" : 6739 }, 
        {"sofa" : 12,  "begin" : 6740,  "end" : 6747 }, 
        {"sofa" : 12,  "begin" : 6748,  "end" : 6751 }, 
        {"sofa" : 12,  "begin" : 6752,  "end" : 6754 }, 
        {"sofa" : 12,  "begin" : 6755,  "end" : 6757 }, 
        {"sofa" : 12,  "begin" : 6758,  "end" : 6768 }, 
        {"sofa" : 12,  "begin" : 6769,  "end" : 6779 }, 
        {"sofa" : 12,  "begin" : 6779,  "end" : 6780 }, 
        {"sofa" : 12,  "begin" : 6781,  "end" : 6784 }, 
        {"sofa" : 12,  "begin" : 6785,  "end" : 6792 }, 
        {"sofa" : 12,  "begin" : 6793,  "end" : 6797 }, 
        {"sofa" : 12,  "begin" : 6797,  "end" : 6798 }, 
        {"sofa" : 12,  "begin" : 6799,  "end" : 6803 }, 
        {"sofa" : 12,  "begin" : 6804,  "end" : 6807 }, 
        {"sofa" : 12,  "begin" : 6808,  "end" : 6815 }, 
        {"sofa" : 12,  "begin" : 6816,  "end" : 6824 }, 
        {"sofa" : 12,  "begin" : 6825,  "end" : 6831 }, 
        {"sofa" : 12,  "begin" : 6832,  "end" : 6836 }, 
        {"sofa" : 12,  "begin" : 6837,  "end" : 6839 }, 
        {"sofa" : 12,  "begin" : 6840,  "end" : 6850 }, 
        {"sofa" : 12,  "begin" : 6851,  "end" : 6862 }, 
        {"sofa" : 12,  "begin" : 6863,  "end" : 6866 }, 
        {"sofa" : 12,  "begin" : 6867,  "end" : 6883 }, 
        {"sofa" : 12,  "begin" : 6884,  "end" : 6898 }, 
        {"sofa" : 12,  "begin" : 6899,  "end" : 6903 }, 
        {"sofa" : 12,  "begin" : 6904,  "end" : 6907 }, 
        {"sofa" : 12,  "begin" : 6908,  "end" : 6910 }, 
        {"sofa" : 12,  "begin" : 6911,  "end" : 6916 }, 
        {"sofa" : 12,  "begin" : 6916,  "end" : 6917 }, 
        {"sofa" : 12,  "begin" : 6918,  "end" : 6920 }, 
        {"sofa" : 12,  "begin" : 6921,  "end" : 6923 }, 
        {"sofa" : 12,  "begin" : 6924,  "end" : 6931 }, 
        {"sofa" : 12,  "begin" : 6932,  "end" : 6935 }, 
        {"sofa" : 12,  "begin" : 6936,  "end" : 6938 }, 
        {"sofa" : 12,  "begin" : 6939,  "end" : 6949 }, 
        {"sofa" : 12,  "begin" : 6950,  "end" : 6952 }, 
        {"sofa" : 12,  "begin" : 6953,  "end" : 6964 }, 
        {"sofa" : 12,  "begin" : 6965,  "end" : 6968 }, 
        {"sofa" : 12,  "begin" : 6969,  "end" : 6976 }, 
        {"sofa" : 12,  "begin" : 6977,  "end" : 6984 }, 
        {"sofa" : 12,  "begin" : 6985,  "end" : 6988 }, 
        {"sofa" : 12,  "begin" : 6989,  "end" : 6999 }, 
        {"sofa" : 12,  "begin" : 7000,  "end" : 7009 }, 
        {"sofa" : 12,  "begin" : 7010,  "end" : 7018 }, 
        {"sofa" : 12,  "begin" : 7019,  "end" : 7021 }, 
        {"sofa" : 12,  "begin" : 7022,  "end" : 7026 }, 
        {"sofa" : 12,  "begin" : 7026,  "end" : 7027 }, 
        {"sofa" : 12,  "begin" : 7028,  "end" : 7030 }, 
        {"sofa" : 12,  "begin" : 7031,  "end" : 7034 }, 
        {"sofa" : 12,  "begin" : 7035,  "end" : 7037 }, 
        {"sofa" : 12,  "begin" : 7038,  "end" : 7048 }, 
        {"sofa" : 12,  "begin" : 7049,  "end" : 7057 }, 
        {"sofa" : 12,  "begin" : 7058,  "end" : 7062 }, 
        {"sofa" : 12,  "begin" : 7063,  "end" : 7066 }, 
        {"sofa" : 12,  "begin" : 7067,  "end" : 7069 }, 
        {"sofa" : 12,  "begin" : 7070,  "end" : 7075 }, 
        {"sofa" : 12,  "begin" : 7076,  "end" : 7077 }, 
        {"sofa" : 12,  "begin" : 7078,  "end" : 7084 }, 
        {"sofa" : 12,  "begin" : 7085,  "end" : 7088 }, 
        {"sofa" : 12,  "begin" : 7089,  "end" : 7097 }, 
        {"sofa" : 12,  "begin" : 7098,  "end" : 7108 }, 
        {"sofa" : 12,  "begin" : 7109,  "end" : 7111 }, 
        {"sofa" : 12,  "begin" : 7112,  "end" : 7118 }, 
        {"sofa" : 12,  "begin" : 7119,  "end" : 7122 }, 
        {"sofa" : 12,  "begin" : 7123,  "end" : 7133 }, 
        {"sofa" : 12,  "begin" : 7134,  "end" : 7136 }, 
        {"sofa" : 12,  "begin" : 7137,  "end" : 7143 }, 
        {"sofa" : 12,  "begin" : 7144,  "end" : 7148 }, 
        {"sofa" : 12,  "begin" : 7149,  "end" : 7154 }, 
        {"sofa" : 12,  "begin" : 7155,  "end" : 7159 }, 
        {"sofa" : 12,  "begin" : 7160,  "end" : 7167 }, 
        {"sofa" : 12,  "begin" : 7168,  "end" : 7170 }, 
        {"sofa" : 12,  "begin" : 7171,  "end" : 7176 }, 
        {"sofa" : 12,  "begin" : 7177,  "end" : 7178 }, 
        {"sofa" : 12,  "begin" : 7179,  "end" : 7180 }, 
        {"sofa" : 12,  "begin" : 7180,  "end" : 7181 }, 
        {"sofa" : 12,  "begin" : 7181,  "end" : 7182 }, 
        {"sofa" : 12,  "begin" : 7182,  "end" : 7183 }, 
        {"sofa" : 12,  "begin" : 7183,  "end" : 7192 }, 
        {"sofa" : 12,  "begin" : 7193,  "end" : 7197 }, 
        {"sofa" : 12,  "begin" : 7197,  "end" : 7198 }, 
        {"sofa" : 12,  "begin" : 7198,  "end" : 7199 }, 
        {"sofa" : 12,  "begin" : 7199,  "end" : 7200 }, 
        {"sofa" : 12,  "begin" : 7200,  "end" : 7201 }, 
        {"sofa" : 12,  "begin" : 7202,  "end" : 7206 }, 
        {"sofa" : 12,  "begin" : 7207,  "end" : 7213 }, 
        {"sofa" : 12,  "begin" : 7213,  "end" : 7214 }, 
        {"sofa" : 12,  "begin" : 7215,  "end" : 7224 }, 
        {"sofa" : 12,  "begin" : 7225,  "end" : 7230 }, 
        {"sofa" : 12,  "begin" : 7231,  "end" : 7237 }, 
        {"sofa" : 12,  "begin" : 7238,  "end" : 7243 }, 
        {"sofa" : 12,  "begin" : 7244,  "end" : 7247 }, 
        {"sofa" : 12,  "begin" : 7248,  "end" : 7251 }, 
        {"sofa" : 12,  "begin" : 7252,  "end" : 7258 }, 
        {"sofa" : 12,  "begin" : 7259,  "end" : 7262 }, 
        {"sofa" : 12,  "begin" : 7263,  "end" : 7266 }, 
        {"sofa" : 12,  "begin" : 7267,  "end" : 7268 }, 
        {"sofa" : 12,  "begin" : 7269,  "end" : 7274 }, 
        {"sofa" : 12,  "begin" : 7275,  "end" : 7277 }, 
        {"sofa" : 12,  "begin" : 7278,  "end" : 7279 }, 
        {"sofa" : 12,  "begin" : 7280,  "end" : 7286 }, 
        {"sofa" : 12,  "begin" : 7287,  "end" : 7296 }, 
        {"sofa" : 12,  "begin" : 7297,  "end" : 7301 }, 
        {"sofa" : 12,  "begin" : 7301,  "end" : 7302 }, 
        {"sofa" : 12,  "begin" : 7303,  "end" : 7312 }, 
        {"sofa" : 12,  "begin" : 7313,  "end" : 7316 }, 
        {"sofa" : 12,  "begin" : 7317,  "end" : 7320 }, 
        {"sofa" : 12,  "begin" : 7321,  "end" : 7323 }, 
        {"sofa" : 12,  "begin" : 7324,  "end" : 7325 }, 
        {"sofa" : 12,  "begin" : 7326,  "end" : 7333 }, 
        {"sofa" : 12,  "begin" : 7334,  "end" : 7338 }, 
        {"sofa" : 12,  "begin" : 7338,  "end" : 7339 }, 
        {"sofa" : 12,  "begin" : 7340,  "end" : 7343 }, 
        {"sofa" : 12,  "begin" : 7344,  "end" : 7348 }, 
        {"sofa" : 12,  "begin" : 7349,  "end" : 7354 }, 
        {"sofa" : 12,  "begin" : 7355,  "end" : 7358 }, 
        {"sofa" : 12,  "begin" : 7359,  "end" : 7369 }, 
        {"sofa" : 12,  "begin" : 7370,  "end" : 7374 }, 
        {"sofa" : 12,  "begin" : 7375,  "end" : 7377 }, 
        {"sofa" : 12,  "begin" : 7378,  "end" : 7382 }, 
        {"sofa" : 12,  "begin" : 7383,  "end" : 7385 }, 
        {"sofa" : 12,  "begin" : 7386,  "end" : 7390 }, 
        {"sofa" : 12,  "begin" : 7391,  "end" : 7395 }, 
        {"sofa" : 12,  "begin" : 7396,  "end" : 7400 }, 
        {"sofa" : 12,  "begin" : 7401,  "end" : 7405 }, 
        {"sofa" : 12,  "begin" : 7406,  "end" : 7407 }, 
        {"sofa" : 12,  "begin" : 7408,  "end" : 7412 }, 
        {"sofa" : 12,  "begin" : 7413,  "end" : 7419 }, 
        {"sofa" : 12,  "begin" : 7419,  "end" : 7420 }, 
        {"sofa" : 12,  "begin" : 7421,  "end" : 7426 }, 
        {"sofa" : 12,  "begin" : 7427,  "end" : 7429 }, 
        {"sofa" : 12,  "begin" : 7430,  "end" : 7435 }, 
        {"sofa" : 12,  "begin" : 7436,  "end" : 7438 }, 
        {"sofa" : 12,  "begin" : 7439,  "end" : 7441 }, 
        {"sofa" : 12,  "begin" : 7442,  "end" : 7446 }, 
        {"sofa" : 12,  "begin" : 7447,  "end" : 7449 }, 
        {"sofa" : 12,  "begin" : 7450,  "end" : 7460 }, 
        {"sofa" : 12,  "begin" : 7461,  "end" : 7464 }, 
        {"sofa" : 12,  "begin" : 7465,  "end" : 7470 }, 
        {"sofa" : 12,  "begin" : 7471,  "end" : 7479 }, 
        {"sofa" : 12,  "begin" : 7480,  "end" : 7482 }, 
        {"sofa" : 12,  "begin" : 7483,  "end" : 7486 }, 
        {"sofa" : 12,  "begin" : 7487,  "end" : 7494 }, 
        {"sofa" : 12,  "begin" : 7495,  "end" : 7498 }, 
        {"sofa" : 12,  "begin" : 7499,  "end" : 7510 }, 
        {"sofa" : 12,  "begin" : 7511,  "end" : 7515 }, 
        {"sofa" : 12,  "begin" : 7516,  "end" : 7519 }, 
        {"sofa" : 12,  "begin" : 7520,  "end" : 7530 }, 
        {"sofa" : 12,  "begin" : 7531,  "end" : 7537 }, 
        {"sofa" : 12,  "begin" : 7538,  "end" : 7546 }, 
        {"sofa" : 12,  "begin" : 7546,  "end" : 7547 }, 
        {"sofa" : 12,  "begin" : 7548,  "end" : 7555 }, 
        {"sofa" : 12,  "begin" : 7556,  "end" : 7558 }, 
        {"sofa" : 12,  "begin" : 7559,  "end" : 7566 }, 
        {"sofa" : 12,  "begin" : 7567,  "end" : 7569 }, 
        {"sofa" : 12,  "begin" : 7570,  "end" : 7576 }, 
        {"sofa" : 12,  "begin" : 7577,  "end" : 7580 }, 
        {"sofa" : 12,  "begin" : 7581,  "end" : 7595 }, 
        {"sofa" : 12,  "begin" : 7596,  "end" : 7606 }, 
        {"sofa" : 12,  "begin" : 7607,  "end" : 7614 }, 
        {"sofa" : 12,  "begin" : 7615,  "end" : 7618 }, 
        {"sofa" : 12,  "begin" : 7619,  "end" : 7625 }, 
        {"sofa" : 12,  "begin" : 7626,  "end" : 7634 }, 
        {"sofa" : 12,  "begin" : 7635,  "end" : 7645 }, 
        {"sofa" : 12,  "begin" : 7646,  "end" : 7650 }, 
        {"sofa" : 12,  "begin" : 7651,  "end" : 7656 }, 
        {"sofa" : 12,  "begin" : 7657,  "end" : 7663 }, 
        {"sofa" : 12,  "begin" : 7664,  "end" : 7667 }, 
        {"sofa" : 12,  "begin" : 7668,  "end" : 7677 }, 
        {"sofa" : 12,  "begin" : 7678,  "end" : 7681 }, 
        {"sofa" : 12,  "begin" : 7682,  "end" : 7687 }, 
        {"sofa" : 12,  "begin" : 7687,  "end" : 7688 } ], 
      "Persuasive_Labels" : [
        {"sofa" : 12,  "begin" : 273,  "end" : 342,  "EstablishingLegitimacy" : "Establishing Legitimacy" }, 
        {"sofa" : 12,  "begin" : 273,  "end" : 342,  "DistinctiveLinguisticFeatures" : "distinctive linguistic features" } ] } }, 
  "_referenced_fss" : {
    "12" : {"_type" : "Sofa",  "sofaNum" : 1,  "sofaID" : "_InitialView",  "mimeType" : "text",  "sofaString" : "﻿snes-00512 The National Cancer Institute has admitted that cannabis kills cancer\r\nSource: https://archive.ph/BZPza \r\nFact checking: https://www.snopes.com/fact-check/did-nci-admit-marijuana-kills-cancer/ \r\nActual content: \r\nPOSTED ONSUN, AUG 23RD, 2015 BY RMUSE\r\nThe U.S. Government's Department of Health Finally Admits That Marijuana Kills\r\nThroughout history the main reasons human beings willfully kill other human beings are religion and greed. Although it is surprising that people steeped in a religion that worships a \"loving god\" revels in killing other humans, it is part of the \"convert or kill\" mindset that one the major Abrahamic religions, Christianity thrives and prospers on. It is not as surprising that human beings kill others out of greed, but for an industry that claims it exists to \"save lives and heal infirmity,\" it is astonishing that the pursuit of profit drives their pursuit of death and sickness. For the medical industrial complex, there is nothing as terrifying as a cure, or remedy, for a highly profitable and fatal disease like cancer.\r\nIt is little surprise that for a couple of decades at the direction of the multi-national pharmaceutical industry, and more recently the for-profit prison and law enforcement industry, the federal government and National Institutes of Health (NIH) have concealed a highly effective and completely natural remedy and relief for cancer. In just the past two weeks, the federal government and NIH have quietly confirmed that cannabis (marijuana) is very effective at killing cancer cells without harming healthy cells like radiation and chemotherapy. In fact, on the NIH website devoted to the hideous disease, Cancer.gov, they published the truth about marijuana and its effectiveness at combatting cancer in a stunning reversal of over four decades of deliberate fear-mongering and propaganda portraying the common weed as dangerous; all to satisfy the greed of the pharmaceutical industry, prison system, and law enforcement agencies at the local, state, and federal level.\r\nWhat is even more encouraging is that although the NIH has known for a long time, with mountains of empirical evidence, that the compounds in marijuana, cannabinoids (delta-9 THC and cannabidiol [CBD]), are effective at killing cancer cells, they have discovered how it happens. After preaching since the 1970s that marijuana had absolutely no medicinal effect or value for human beings, and putting the weed in the same classification as heroin, the Department of Health's National Cancer Institute is now \"advising that cannabinoids are useful in treating cancer and its side effects by smoking, eating it in a baked product, drinking herbal teas, or even spraying it under the tongue.\"  The U.S. Department of Health also made a partial list of other highly-beneficial medicinal uses of marijuana such as reducing anti-inflammatory activity, blocking cancerous cell growth,  relieving muscle spasms in multiple sclerosis sufferers, as an effective anti-viral agent, an anti-bacterial and preventing the growth of blood vessels that supply tumors.\r\nSome of the other NIH studies have shown that cannabinoids reduce the risk of colon cancer, and are effective in its treatment. One study revealed that delta-9-THC killed or damaged hepatocellular carcinoma (liver cancer), and killed cancer molecules in \"non-small cell lung and breast cancer cells.\" One specific study of cannabidiol (CBD) in estrogen receptors showed \"it caused cancer cell death while having no effect on normal, healthy breast cells.\" Even in advanced cancer stages where it was not diagnosed early, when given as a supplement with chemotherapy, CBD and THC greatly enhance the effectiveness of chemotherapy as well as restoring appetite and relieving nausea.\r\nObviously with cancer as a major killer of Americans, its treatment is big business and even bigger money for the pharmaceutical industry and \"treatment centers.\" As many people have rightly suspected for years, the cure for cancer, or even a more effective and less-stressful treatment regimen, has been held hostage by powerful entities just so the pharmaceutical and hospital industry can continue to raking in hundreds-of-billions of dollars a year to \"fight the disease\" with radiation, pills, and numerous and endless surgical procedures. For example, on its own, the National Cancer Institute has taken in and spent over $90 billion allegedly trying to find a cure for cancer. The abomination is that the organization knew all along that a profuse amount of well-documented scientific studies proved that a 3,000 year-old \"medicinal weed\" any American could grow in their garden was effectively killing cancer cells, shrinking malignant tumors, and relieving the effects of the disease. Cannabis is also proven to reduce opioid (painkiller) usage by an average of 47% that drug companies could not allow to become common knowledge. It is likely why the reports that the NIH, Health Department, and National Cancer Center began advising of the weed's benefits was only in British media, but not America.\r\nThere was hardly any reporting in June that President Obama eased restrictions on further and more comprehensive cannabis research by eliminating a major roadblock to open up substantial research on the weed's medical value when it removed <i>\"additional review\"<i> of the Public Health Service (PHS). The last thing the law enforcement and highly-profitable prison industry wanted was for marijuana's medicinal value to become public knowledge and face public pressure to decriminalize the weed. There is too much money in incarcerating Americans for using a weed for recreation that may also relieve a plethora of infirmities. As much as the pharmaceutical industrial complex wants to continue getting extremely rich off of slowly killing cancer patients with ineffective and expensive treatments, the law enforcement industry thrives on the continued criminalization of a common weed.\r\nWhat is appalling really, especially for those who have witnessed or experienced firsthand the horrible suffering of cancer patients, is that there have been several scientific studies over the past twenty years, at least, that produced empirical data proving the effectiveness of cannabinoids in killing cancer. Still, because there is huge money in perpetuating the disease with ineffective drugs, fraudulent treatment centers, and manufacturing radiological machines it took until this past April for the United States government's National Institute on Drug Abuse to revise their publications and admit the many, many benefits of cannabis for medicinal use.\r\nIt is likely that every American in this country has known, or lost, a loved one to the horrid disease and it is absolutely despicable, and frankly evil, that the medical industry helped keep an incredibly inexpensive and highly-effective cancer-killing drug out of reach. It is unclear who in government is responsible for helping conceal the now-proven medicinal benefits of weed, or who in government revealed that for at least a decade the National Institutes of Health and Department of Health have known that instead of being a <i>\"dangerous drug\"<i> like heroin, marijuana kills cancer cells and dog forbid may put a smile on a cancer patient's face. Marijuana may not be a miracle drug, but with every new revelation that it does so much more than make a user hungry, tired or laugh it is easy to comprehend why every American is not growing and benefitting from its incredible health benefits; keeping it illegal is making the pharmaceutical industrial complex and prison industry incredibly rich while people are suffering and dying.\r\n\r\n" } } }