{"_context" : {
    "_types" : {
      "DocumentMetaData" : {
        "_feature_types" : {"sofa" : "_ref" } }, 
      "Persuasive_Labels" : {
        "_feature_types" : {"sofa" : "_ref" } }, 
      "Sentence" : {
        "_feature_types" : {"sofa" : "_ref" } }, 
      "Sofa" : {
        "_feature_types" : {"sofaArray" : "_ref" } }, 
      "TagsetDescription" : {
        "_feature_types" : {"sofa" : "_ref",  "tags" : "_ref" } }, 
      "Token" : {
        "_feature_types" : {"sofa" : "_ref",  "parent" : "_ref",  "lemma" : "_ref",  "stem" : "_ref",  "pos" : "_ref",  "morph" : "_ref",  "form" : "_ref" } }, 
      "DocumentAnnotation" : {
        "_feature_types" : {"sofa" : "_ref" }, 
        "_subtypes" : ["DocumentMetaData" ] }, 
      "Annotation" : {
        "_feature_types" : {"sofa" : "_ref" }, 
        "_subtypes" : ["DocumentAnnotation",  "Persuasive_Labels",  "Sentence",  "TagsetDescription",  "Token" ] }, 
      "AnnotationBase" : {
        "_feature_types" : {"sofa" : "_ref" }, 
        "_subtypes" : ["Annotation" ] }, 
      "TOP" : {
        "_subtypes" : ["AnnotationBase",  "Sofa" ] } } }, 
  "_views" : {
    "_InitialView" : {
      "DocumentMetaData" : [
        {"sofa" : 12,  "end" : 1717,  "language" : "x-unspecified",  "documentTitle" : "85.%20tron-02204%20New%20HPV%20Virus%20Spread%20by%20Kissing,%20Kills%20Faster%20than%20AIDS%20.txt",  "documentId" : "admin",  "documentUri" : "file:/C:/Users/huiyi/.webanno/repository/project/4/document/261/source/admin",  "collectionId" : "file:/C:/Users/huiyi/.webanno/repository/project/4/document/261/source/",  "documentBaseUri" : "file:/C:/Users/huiyi/.webanno/repository/project/4/document/261/source/",  "isLastSegment" : false } ], 
      "TagsetDescription" : [
        {"sofa" : 12,  "layer" : "de.tudarmstadt.ukp.dkpro.core.api.syntax.type.dependency.Dependency",  "name" : "UD Universal Dependencies (v2)",  "input" : false }, 
        {"sofa" : 12,  "layer" : "de.tudarmstadt.ukp.dkpro.core.api.ner.type.NamedEntity",  "name" : "Named Entity tags",  "input" : false }, 
        {"sofa" : 12,  "layer" : "de.tudarmstadt.ukp.dkpro.core.api.transform.type.SofaChangeAnnotation",  "name" : "Operation",  "input" : false }, 
        {"sofa" : 12,  "layer" : "de.tudarmstadt.ukp.dkpro.core.api.lexmorph.type.pos.POS",  "name" : "UD Universal POS tags (v2)",  "input" : false }, 
        {"sofa" : 12,  "layer" : "webanno.custom.Persuasive_Labels",  "name" : "2. Using Anecdotes and Personal Experience as Evidence",  "input" : false } ], 
      "Sentence" : [
        {"sofa" : 12,  "end" : 346 }, 
        {"sofa" : 12,  "begin" : 348,  "end" : 610 }, 
        {"sofa" : 12,  "begin" : 612,  "end" : 793 }, 
        {"sofa" : 12,  "begin" : 795,  "end" : 884 }, 
        {"sofa" : 12,  "begin" : 886,  "end" : 1002 }, 
        {"sofa" : 12,  "begin" : 1003,  "end" : 1164 }, 
        {"sofa" : 12,  "begin" : 1166,  "end" : 1302 }, 
        {"sofa" : 12,  "begin" : 1304,  "end" : 1368 }, 
        {"sofa" : 12,  "begin" : 1369,  "end" : 1466 }, 
        {"sofa" : 12,  "begin" : 1468,  "end" : 1621 }, 
        {"sofa" : 12,  "begin" : 1623,  "end" : 1713 } ], 
      "Token" : [
        {"sofa" : 12,  "end" : 5 }, 
        {"sofa" : 12,  "begin" : 5,  "end" : 6 }, 
        {"sofa" : 12,  "begin" : 6,  "end" : 11 }, 
        {"sofa" : 12,  "begin" : 12,  "end" : 15 }, 
        {"sofa" : 12,  "begin" : 16,  "end" : 19 }, 
        {"sofa" : 12,  "begin" : 20,  "end" : 25 }, 
        {"sofa" : 12,  "begin" : 26,  "end" : 32 }, 
        {"sofa" : 12,  "begin" : 33,  "end" : 35 }, 
        {"sofa" : 12,  "begin" : 36,  "end" : 43 }, 
        {"sofa" : 12,  "begin" : 43,  "end" : 44 }, 
        {"sofa" : 12,  "begin" : 45,  "end" : 50 }, 
        {"sofa" : 12,  "begin" : 51,  "end" : 57 }, 
        {"sofa" : 12,  "begin" : 58,  "end" : 62 }, 
        {"sofa" : 12,  "begin" : 63,  "end" : 67 }, 
        {"sofa" : 12,  "begin" : 70,  "end" : 76 }, 
        {"sofa" : 12,  "begin" : 76,  "end" : 77 }, 
        {"sofa" : 12,  "begin" : 78,  "end" : 83 }, 
        {"sofa" : 12,  "begin" : 83,  "end" : 84 }, 
        {"sofa" : 12,  "begin" : 84,  "end" : 85 }, 
        {"sofa" : 12,  "begin" : 85,  "end" : 86 }, 
        {"sofa" : 12,  "begin" : 86,  "end" : 96 }, 
        {"sofa" : 12,  "begin" : 96,  "end" : 97 }, 
        {"sofa" : 12,  "begin" : 97,  "end" : 102 }, 
        {"sofa" : 12,  "begin" : 102,  "end" : 103 }, 
        {"sofa" : 12,  "begin" : 103,  "end" : 112 }, 
        {"sofa" : 12,  "begin" : 112,  "end" : 113 }, 
        {"sofa" : 12,  "begin" : 113,  "end" : 119 }, 
        {"sofa" : 12,  "begin" : 119,  "end" : 120 }, 
        {"sofa" : 12,  "begin" : 120,  "end" : 127 }, 
        {"sofa" : 12,  "begin" : 130,  "end" : 134 }, 
        {"sofa" : 12,  "begin" : 135,  "end" : 143 }, 
        {"sofa" : 12,  "begin" : 143,  "end" : 144 }, 
        {"sofa" : 12,  "begin" : 145,  "end" : 150 }, 
        {"sofa" : 12,  "begin" : 150,  "end" : 151 }, 
        {"sofa" : 12,  "begin" : 151,  "end" : 152 }, 
        {"sofa" : 12,  "begin" : 152,  "end" : 153 }, 
        {"sofa" : 12,  "begin" : 153,  "end" : 175 }, 
        {"sofa" : 12,  "begin" : 175,  "end" : 176 }, 
        {"sofa" : 12,  "begin" : 176,  "end" : 204 }, 
        {"sofa" : 12,  "begin" : 204,  "end" : 205 }, 
        {"sofa" : 12,  "begin" : 208,  "end" : 214 }, 
        {"sofa" : 12,  "begin" : 215,  "end" : 222 }, 
        {"sofa" : 12,  "begin" : 223,  "end" : 224 }, 
        {"sofa" : 12,  "begin" : 227,  "end" : 233 }, 
        {"sofa" : 12,  "begin" : 234,  "end" : 240 }, 
        {"sofa" : 12,  "begin" : 242,  "end" : 243 }, 
        {"sofa" : 12,  "begin" : 244,  "end" : 249 }, 
        {"sofa" : 12,  "begin" : 250,  "end" : 254 }, 
        {"sofa" : 12,  "begin" : 256,  "end" : 257 }, 
        {"sofa" : 12,  "begin" : 260,  "end" : 265 }, 
        {"sofa" : 12,  "begin" : 266,  "end" : 268 }, 
        {"sofa" : 12,  "begin" : 269,  "end" : 274 }, 
        {"sofa" : 12,  "begin" : 275,  "end" : 282 }, 
        {"sofa" : 12,  "begin" : 283,  "end" : 291 }, 
        {"sofa" : 12,  "begin" : 291,  "end" : 292 }, 
        {"sofa" : 12,  "begin" : 293,  "end" : 296 }, 
        {"sofa" : 12,  "begin" : 297,  "end" : 300 }, 
        {"sofa" : 12,  "begin" : 301,  "end" : 306 }, 
        {"sofa" : 12,  "begin" : 307,  "end" : 311 }, 
        {"sofa" : 12,  "begin" : 312,  "end" : 317 }, 
        {"sofa" : 12,  "begin" : 318,  "end" : 324 }, 
        {"sofa" : 12,  "begin" : 325,  "end" : 329 }, 
        {"sofa" : 12,  "begin" : 330,  "end" : 333 }, 
        {"sofa" : 12,  "begin" : 333,  "end" : 334 }, 
        {"sofa" : 12,  "begin" : 334,  "end" : 338 }, 
        {"sofa" : 12,  "begin" : 339,  "end" : 345 }, 
        {"sofa" : 12,  "begin" : 345,  "end" : 346 }, 
        {"sofa" : 12,  "begin" : 348,  "end" : 356 }, 
        {"sofa" : 12,  "begin" : 357,  "end" : 361 }, 
        {"sofa" : 12,  "begin" : 362,  "end" : 367 }, 
        {"sofa" : 12,  "begin" : 368,  "end" : 378 }, 
        {"sofa" : 12,  "begin" : 378,  "end" : 379 }, 
        {"sofa" : 12,  "begin" : 380,  "end" : 385 }, 
        {"sofa" : 12,  "begin" : 386,  "end" : 389 }, 
        {"sofa" : 12,  "begin" : 390,  "end" : 393 }, 
        {"sofa" : 12,  "begin" : 394,  "end" : 401 }, 
        {"sofa" : 12,  "begin" : 402,  "end" : 408 }, 
        {"sofa" : 12,  "begin" : 409,  "end" : 411 }, 
        {"sofa" : 12,  "begin" : 412,  "end" : 417 }, 
        {"sofa" : 12,  "begin" : 418,  "end" : 422 }, 
        {"sofa" : 12,  "begin" : 423,  "end" : 427 }, 
        {"sofa" : 12,  "begin" : 428,  "end" : 434 }, 
        {"sofa" : 12,  "begin" : 435,  "end" : 442 }, 
        {"sofa" : 12,  "begin" : 443,  "end" : 450 }, 
        {"sofa" : 12,  "begin" : 451,  "end" : 461 }, 
        {"sofa" : 12,  "begin" : 462,  "end" : 465 }, 
        {"sofa" : 12,  "begin" : 466,  "end" : 468 }, 
        {"sofa" : 12,  "begin" : 469,  "end" : 471 }, 
        {"sofa" : 12,  "begin" : 472,  "end" : 480 }, 
        {"sofa" : 12,  "begin" : 481,  "end" : 483 }, 
        {"sofa" : 12,  "begin" : 484,  "end" : 489 }, 
        {"sofa" : 12,  "begin" : 490,  "end" : 499 }, 
        {"sofa" : 12,  "begin" : 500,  "end" : 505 }, 
        {"sofa" : 12,  "begin" : 505,  "end" : 506 }, 
        {"sofa" : 12,  "begin" : 507,  "end" : 512 }, 
        {"sofa" : 12,  "begin" : 513,  "end" : 516 }, 
        {"sofa" : 12,  "begin" : 517,  "end" : 521 }, 
        {"sofa" : 12,  "begin" : 522,  "end" : 529 }, 
        {"sofa" : 12,  "begin" : 530,  "end" : 536 }, 
        {"sofa" : 12,  "begin" : 537,  "end" : 545 }, 
        {"sofa" : 12,  "begin" : 546,  "end" : 548 }, 
        {"sofa" : 12,  "begin" : 549,  "end" : 554 }, 
        {"sofa" : 12,  "begin" : 555,  "end" : 560 }, 
        {"sofa" : 12,  "begin" : 561,  "end" : 562 }, 
        {"sofa" : 12,  "begin" : 563,  "end" : 571 }, 
        {"sofa" : 12,  "begin" : 572,  "end" : 577 }, 
        {"sofa" : 12,  "begin" : 578,  "end" : 585 }, 
        {"sofa" : 12,  "begin" : 586,  "end" : 594 }, 
        {"sofa" : 12,  "begin" : 595,  "end" : 597 }, 
        {"sofa" : 12,  "begin" : 598,  "end" : 601 }, 
        {"sofa" : 12,  "begin" : 602,  "end" : 609 }, 
        {"sofa" : 12,  "begin" : 609,  "end" : 610 }, 
        {"sofa" : 12,  "begin" : 612,  "end" : 615 }, 
        {"sofa" : 12,  "begin" : 616,  "end" : 618 }, 
        {"sofa" : 12,  "begin" : 619,  "end" : 621 }, 
        {"sofa" : 12,  "begin" : 622,  "end" : 632 }, 
        {"sofa" : 12,  "begin" : 633,  "end" : 638 }, 
        {"sofa" : 12,  "begin" : 639,  "end" : 646 }, 
        {"sofa" : 12,  "begin" : 647,  "end" : 652 }, 
        {"sofa" : 12,  "begin" : 653,  "end" : 658 }, 
        {"sofa" : 12,  "begin" : 659,  "end" : 664 }, 
        {"sofa" : 12,  "begin" : 665,  "end" : 671 }, 
        {"sofa" : 12,  "begin" : 672,  "end" : 675 }, 
        {"sofa" : 12,  "begin" : 676,  "end" : 678 }, 
        {"sofa" : 12,  "begin" : 679,  "end" : 690 }, 
        {"sofa" : 12,  "begin" : 691,  "end" : 698 }, 
        {"sofa" : 12,  "begin" : 699,  "end" : 707 }, 
        {"sofa" : 12,  "begin" : 708,  "end" : 712 }, 
        {"sofa" : 12,  "begin" : 713,  "end" : 719 }, 
        {"sofa" : 12,  "begin" : 720,  "end" : 723 }, 
        {"sofa" : 12,  "begin" : 724,  "end" : 730 }, 
        {"sofa" : 12,  "begin" : 731,  "end" : 734 }, 
        {"sofa" : 12,  "begin" : 735,  "end" : 741 }, 
        {"sofa" : 12,  "begin" : 742,  "end" : 746 }, 
        {"sofa" : 12,  "begin" : 747,  "end" : 751 }, 
        {"sofa" : 12,  "begin" : 752,  "end" : 758 }, 
        {"sofa" : 12,  "begin" : 759,  "end" : 766 }, 
        {"sofa" : 12,  "begin" : 767,  "end" : 774 }, 
        {"sofa" : 12,  "begin" : 775,  "end" : 778 }, 
        {"sofa" : 12,  "begin" : 779,  "end" : 782 }, 
        {"sofa" : 12,  "begin" : 783,  "end" : 787 }, 
        {"sofa" : 12,  "begin" : 788,  "end" : 792 }, 
        {"sofa" : 12,  "begin" : 792,  "end" : 793 }, 
        {"sofa" : 12,  "begin" : 795,  "end" : 798 }, 
        {"sofa" : 12,  "begin" : 799,  "end" : 807 }, 
        {"sofa" : 12,  "begin" : 808,  "end" : 815 }, 
        {"sofa" : 12,  "begin" : 816,  "end" : 820 }, 
        {"sofa" : 12,  "begin" : 821,  "end" : 827 }, 
        {"sofa" : 12,  "begin" : 827,  "end" : 828 }, 
        {"sofa" : 12,  "begin" : 829,  "end" : 835 }, 
        {"sofa" : 12,  "begin" : 836,  "end" : 844 }, 
        {"sofa" : 12,  "begin" : 844,  "end" : 845 }, 
        {"sofa" : 12,  "begin" : 846,  "end" : 850 }, 
        {"sofa" : 12,  "begin" : 851,  "end" : 856 }, 
        {"sofa" : 12,  "begin" : 856,  "end" : 857 }, 
        {"sofa" : 12,  "begin" : 858,  "end" : 863 }, 
        {"sofa" : 12,  "begin" : 864,  "end" : 867 }, 
        {"sofa" : 12,  "begin" : 868,  "end" : 877 }, 
        {"sofa" : 12,  "begin" : 878,  "end" : 883 }, 
        {"sofa" : 12,  "begin" : 883,  "end" : 884 }, 
        {"sofa" : 12,  "begin" : 886,  "end" : 887 }, 
        {"sofa" : 12,  "begin" : 887,  "end" : 889 }, 
        {"sofa" : 12,  "begin" : 890,  "end" : 894 }, 
        {"sofa" : 12,  "begin" : 895,  "end" : 899 }, 
        {"sofa" : 12,  "begin" : 900,  "end" : 904 }, 
        {"sofa" : 12,  "begin" : 905,  "end" : 911 }, 
        {"sofa" : 12,  "begin" : 912,  "end" : 918 }, 
        {"sofa" : 12,  "begin" : 919,  "end" : 927 }, 
        {"sofa" : 12,  "begin" : 928,  "end" : 932 }, 
        {"sofa" : 12,  "begin" : 933,  "end" : 937 }, 
        {"sofa" : 12,  "begin" : 938,  "end" : 942 }, 
        {"sofa" : 12,  "begin" : 943,  "end" : 946 }, 
        {"sofa" : 12,  "begin" : 947,  "end" : 954 }, 
        {"sofa" : 12,  "begin" : 955,  "end" : 960 }, 
        {"sofa" : 12,  "begin" : 961,  "end" : 964 }, 
        {"sofa" : 12,  "begin" : 965,  "end" : 970 }, 
        {"sofa" : 12,  "begin" : 971,  "end" : 973 }, 
        {"sofa" : 12,  "begin" : 974,  "end" : 978 }, 
        {"sofa" : 12,  "begin" : 979,  "end" : 982 }, 
        {"sofa" : 12,  "begin" : 983,  "end" : 987 }, 
        {"sofa" : 12,  "begin" : 988,  "end" : 993 }, 
        {"sofa" : 12,  "begin" : 994,  "end" : 996 }, 
        {"sofa" : 12,  "begin" : 997,  "end" : 1001 }, 
        {"sofa" : 12,  "begin" : 1001,  "end" : 1002 }, 
        {"sofa" : 12,  "begin" : 1003,  "end" : 1006 }, 
        {"sofa" : 12,  "begin" : 1007,  "end" : 1009 }, 
        {"sofa" : 12,  "begin" : 1010,  "end" : 1013 }, 
        {"sofa" : 12,  "begin" : 1014,  "end" : 1019 }, 
        {"sofa" : 12,  "begin" : 1020,  "end" : 1027 }, 
        {"sofa" : 12,  "begin" : 1028,  "end" : 1032 }, 
        {"sofa" : 12,  "begin" : 1033,  "end" : 1035 }, 
        {"sofa" : 12,  "begin" : 1036,  "end" : 1044 }, 
        {"sofa" : 12,  "begin" : 1045,  "end" : 1051 }, 
        {"sofa" : 12,  "begin" : 1052,  "end" : 1054 }, 
        {"sofa" : 12,  "begin" : 1055,  "end" : 1060 }, 
        {"sofa" : 12,  "begin" : 1061,  "end" : 1068 }, 
        {"sofa" : 12,  "begin" : 1069,  "end" : 1072 }, 
        {"sofa" : 12,  "begin" : 1073,  "end" : 1083 }, 
        {"sofa" : 12,  "begin" : 1084,  "end" : 1088 }, 
        {"sofa" : 12,  "begin" : 1089,  "end" : 1095 }, 
        {"sofa" : 12,  "begin" : 1095,  "end" : 1096 }, 
        {"sofa" : 12,  "begin" : 1096,  "end" : 1097 }, 
        {"sofa" : 12,  "begin" : 1098,  "end" : 1099 }, 
        {"sofa" : 12,  "begin" : 1100,  "end" : 1105 }, 
        {"sofa" : 12,  "begin" : 1106,  "end" : 1110 }, 
        {"sofa" : 12,  "begin" : 1111,  "end" : 1117 }, 
        {"sofa" : 12,  "begin" : 1118,  "end" : 1124 }, 
        {"sofa" : 12,  "begin" : 1125,  "end" : 1132 }, 
        {"sofa" : 12,  "begin" : 1133,  "end" : 1137 }, 
        {"sofa" : 12,  "begin" : 1138,  "end" : 1143 }, 
        {"sofa" : 12,  "begin" : 1144,  "end" : 1154 }, 
        {"sofa" : 12,  "begin" : 1155,  "end" : 1163 }, 
        {"sofa" : 12,  "begin" : 1163,  "end" : 1164 }, 
        {"sofa" : 12,  "begin" : 1166,  "end" : 1169 }, 
        {"sofa" : 12,  "begin" : 1170,  "end" : 1173 }, 
        {"sofa" : 12,  "begin" : 1174,  "end" : 1176 }, 
        {"sofa" : 12,  "begin" : 1177,  "end" : 1186 }, 
        {"sofa" : 12,  "begin" : 1187,  "end" : 1198 }, 
        {"sofa" : 12,  "begin" : 1199,  "end" : 1204 }, 
        {"sofa" : 12,  "begin" : 1205,  "end" : 1208 }, 
        {"sofa" : 12,  "begin" : 1209,  "end" : 1218 }, 
        {"sofa" : 12,  "begin" : 1219,  "end" : 1225 }, 
        {"sofa" : 12,  "begin" : 1226,  "end" : 1229 }, 
        {"sofa" : 12,  "begin" : 1230,  "end" : 1233 }, 
        {"sofa" : 12,  "begin" : 1234,  "end" : 1238 }, 
        {"sofa" : 12,  "begin" : 1239,  "end" : 1242 }, 
        {"sofa" : 12,  "begin" : 1243,  "end" : 1251 }, 
        {"sofa" : 12,  "begin" : 1252,  "end" : 1257 }, 
        {"sofa" : 12,  "begin" : 1258,  "end" : 1260 }, 
        {"sofa" : 12,  "begin" : 1261,  "end" : 1267 }, 
        {"sofa" : 12,  "begin" : 1268,  "end" : 1271 }, 
        {"sofa" : 12,  "begin" : 1272,  "end" : 1276 }, 
        {"sofa" : 12,  "begin" : 1277,  "end" : 1281 }, 
        {"sofa" : 12,  "begin" : 1282,  "end" : 1285 }, 
        {"sofa" : 12,  "begin" : 1286,  "end" : 1292 }, 
        {"sofa" : 12,  "begin" : 1293,  "end" : 1295 }, 
        {"sofa" : 12,  "begin" : 1296,  "end" : 1301 }, 
        {"sofa" : 12,  "begin" : 1301,  "end" : 1302 }, 
        {"sofa" : 12,  "begin" : 1304,  "end" : 1312 }, 
        {"sofa" : 12,  "begin" : 1313,  "end" : 1316 }, 
        {"sofa" : 12,  "begin" : 1317,  "end" : 1325 }, 
        {"sofa" : 12,  "begin" : 1326,  "end" : 1328 }, 
        {"sofa" : 12,  "begin" : 1329,  "end" : 1335 }, 
        {"sofa" : 12,  "begin" : 1336,  "end" : 1337 }, 
        {"sofa" : 12,  "begin" : 1338,  "end" : 1341 }, 
        {"sofa" : 12,  "begin" : 1342,  "end" : 1344 }, 
        {"sofa" : 12,  "begin" : 1345,  "end" : 1348 }, 
        {"sofa" : 12,  "begin" : 1349,  "end" : 1354 }, 
        {"sofa" : 12,  "begin" : 1355,  "end" : 1357 }, 
        {"sofa" : 12,  "begin" : 1358,  "end" : 1361 }, 
        {"sofa" : 12,  "begin" : 1362,  "end" : 1367 }, 
        {"sofa" : 12,  "begin" : 1367,  "end" : 1368 }, 
        {"sofa" : 12,  "begin" : 1369,  "end" : 1371 }, 
        {"sofa" : 12,  "begin" : 1372,  "end" : 1374 }, 
        {"sofa" : 12,  "begin" : 1375,  "end" : 1381 }, 
        {"sofa" : 12,  "begin" : 1382,  "end" : 1391 }, 
        {"sofa" : 12,  "begin" : 1392,  "end" : 1394 }, 
        {"sofa" : 12,  "begin" : 1395,  "end" : 1398 }, 
        {"sofa" : 12,  "begin" : 1399,  "end" : 1406 }, 
        {"sofa" : 12,  "begin" : 1406,  "end" : 1407 }, 
        {"sofa" : 12,  "begin" : 1408,  "end" : 1412 }, 
        {"sofa" : 12,  "begin" : 1413,  "end" : 1415 }, 
        {"sofa" : 12,  "begin" : 1416,  "end" : 1422 }, 
        {"sofa" : 12,  "begin" : 1423,  "end" : 1425 }, 
        {"sofa" : 12,  "begin" : 1426,  "end" : 1429 }, 
        {"sofa" : 12,  "begin" : 1430,  "end" : 1433 }, 
        {"sofa" : 12,  "begin" : 1434,  "end" : 1439 }, 
        {"sofa" : 12,  "begin" : 1440,  "end" : 1445 }, 
        {"sofa" : 12,  "begin" : 1446,  "end" : 1448 }, 
        {"sofa" : 12,  "begin" : 1449,  "end" : 1451 }, 
        {"sofa" : 12,  "begin" : 1452,  "end" : 1460 }, 
        {"sofa" : 12,  "begin" : 1461,  "end" : 1465 }, 
        {"sofa" : 12,  "begin" : 1465,  "end" : 1466 }, 
        {"sofa" : 12,  "begin" : 1468,  "end" : 1471 }, 
        {"sofa" : 12,  "begin" : 1472,  "end" : 1475 }, 
        {"sofa" : 12,  "begin" : 1476,  "end" : 1482 }, 
        {"sofa" : 12,  "begin" : 1483,  "end" : 1490 }, 
        {"sofa" : 12,  "begin" : 1491,  "end" : 1493 }, 
        {"sofa" : 12,  "begin" : 1494,  "end" : 1498 }, 
        {"sofa" : 12,  "begin" : 1499,  "end" : 1502 }, 
        {"sofa" : 12,  "begin" : 1503,  "end" : 1509 }, 
        {"sofa" : 12,  "begin" : 1510,  "end" : 1516 }, 
        {"sofa" : 12,  "begin" : 1517,  "end" : 1524 }, 
        {"sofa" : 12,  "begin" : 1524,  "end" : 1525 }, 
        {"sofa" : 12,  "begin" : 1526,  "end" : 1533 }, 
        {"sofa" : 12,  "begin" : 1533,  "end" : 1534 }, 
        {"sofa" : 12,  "begin" : 1535,  "end" : 1539 }, 
        {"sofa" : 12,  "begin" : 1540,  "end" : 1547 }, 
        {"sofa" : 12,  "begin" : 1548,  "end" : 1551 }, 
        {"sofa" : 12,  "begin" : 1552,  "end" : 1562 }, 
        {"sofa" : 12,  "begin" : 1563,  "end" : 1568 }, 
        {"sofa" : 12,  "begin" : 1569,  "end" : 1573 }, 
        {"sofa" : 12,  "begin" : 1574,  "end" : 1580 }, 
        {"sofa" : 12,  "begin" : 1581,  "end" : 1588 }, 
        {"sofa" : 12,  "begin" : 1589,  "end" : 1593 }, 
        {"sofa" : 12,  "begin" : 1594,  "end" : 1599 }, 
        {"sofa" : 12,  "begin" : 1600,  "end" : 1606 }, 
        {"sofa" : 12,  "begin" : 1607,  "end" : 1611 }, 
        {"sofa" : 12,  "begin" : 1612,  "end" : 1615 }, 
        {"sofa" : 12,  "begin" : 1615,  "end" : 1616 }, 
        {"sofa" : 12,  "begin" : 1616,  "end" : 1620 }, 
        {"sofa" : 12,  "begin" : 1620,  "end" : 1621 }, 
        {"sofa" : 12,  "begin" : 1623,  "end" : 1624 }, 
        {"sofa" : 12,  "begin" : 1624,  "end" : 1630 }, 
        {"sofa" : 12,  "begin" : 1631,  "end" : 1635 }, 
        {"sofa" : 12,  "begin" : 1636,  "end" : 1640 }, 
        {"sofa" : 12,  "begin" : 1641,  "end" : 1645 }, 
        {"sofa" : 12,  "begin" : 1646,  "end" : 1653 }, 
        {"sofa" : 12,  "begin" : 1654,  "end" : 1658 }, 
        {"sofa" : 12,  "begin" : 1659,  "end" : 1661 }, 
        {"sofa" : 12,  "begin" : 1662,  "end" : 1666 }, 
        {"sofa" : 12,  "begin" : 1667,  "end" : 1672 }, 
        {"sofa" : 12,  "begin" : 1673,  "end" : 1677 }, 
        {"sofa" : 12,  "begin" : 1677,  "end" : 1678 }, 
        {"sofa" : 12,  "begin" : 1678,  "end" : 1679 }, 
        {"sofa" : 12,  "begin" : 1680,  "end" : 1683 }, 
        {"sofa" : 12,  "begin" : 1684,  "end" : 1689 }, 
        {"sofa" : 12,  "begin" : 1690,  "end" : 1694 }, 
        {"sofa" : 12,  "begin" : 1695,  "end" : 1702 }, 
        {"sofa" : 12,  "begin" : 1703,  "end" : 1712 }, 
        {"sofa" : 12,  "begin" : 1712,  "end" : 1713 } ], 
      "Persuasive_Labels" : [
        {"sofa" : 12,  "begin" : 260,  "end" : 346,  "DistinctiveLinguisticFeatures" : "title of article as clickbait" }, 
        {"sofa" : 12,  "begin" : 260,  "end" : 346,  "DistinctiveLinguisticFeatures" : "distinctive linguistic features" }, 
        {"sofa" : 12,  "begin" : 612,  "end" : 793,  "InappropriateUseofScientificEvidence" : "Inappropriate Use of Scientific and Other Evidence - out of context_verified" }, 
        {"sofa" : 12,  "begin" : 612,  "end" : 793,  "InappropriateUseofScientificEvidence" : "inappropriate use of scientific and Other evidence" }, 
        {"sofa" : 12,  "begin" : 795,  "end" : 884,  "HighlightingUncertaintyandRisk" : "Highlighting Uncertainty and Risk" }, 
        {"sofa" : 12,  "begin" : 1166,  "end" : 1368,  "PoliticizingHealthIssues" : "politicizing health issues" }, 
        {"sofa" : 12,  "begin" : 1166,  "end" : 1368,  "PoliticizingHealthIssues" : "ingroup vs. outgroup" }, 
        {"sofa" : 12,  "begin" : 1408,  "end" : 1466,  "RhetoricalTricks" : "exaggeration/absolute language" }, 
        {"sofa" : 12,  "begin" : 1408,  "end" : 1466,  "RhetoricalTricks" : "rhetorical tricks" }, 
        {"sofa" : 12,  "begin" : 1569,  "end" : 1621,  "EmotionalAppeals" : "emotional appeals" }, 
        {"sofa" : 12,  "begin" : 1574,  "end" : 1588,  "EmotionalAppeals" : "fear" }, 
        {"sofa" : 12,  "begin" : 1589,  "end" : 1621,  "RhetoricalTricks" : "exaggeration/absolute language" }, 
        {"sofa" : 12,  "begin" : 1589,  "end" : 1621,  "RhetoricalTricks" : "rhetorical tricks" }, 
        {"sofa" : 12,  "begin" : 1623,  "end" : 1713,  "EstablishingLegitimacy" : "Establishing Legitimacy" }, 
        {"sofa" : 12,  "begin" : 1623,  "end" : 1713,  "EstablishingLegitimacy" : "Call to action" } ] } }, 
  "_referenced_fss" : {
    "12" : {"_type" : "Sofa",  "sofaNum" : 1,  "sofaID" : "_InitialView",  "mimeType" : "text",  "sofaString" : "﻿tron-02204 New HPV Virus Spread by Kissing, Kills Faster than AIDS \r\nSource: https://archive.ph/gqVQU#selection-1032.0-1377.90 \r\nFact checking: https://www.truthorfiction.com/new-hpv-virus-spread-kissing/ \r\nActual content - \r\nMwense Samfya\r\n8 April 2018  · \r\nDon't Go About Kissing Everyone; New HPV Virus That Kills Faster Than HIV/AIDS Erupts.\r\nStudents from Kisii University, Kenya and the general public at large have been warned against kissing carelessly due to an outbreak of Human papilloma virus, which has seen several people admitted at Kisii level 5 hospital after testing positive to the disease.\r\nHPV is an infectious viral disease which cause mouth cancer and is transmitted through infected body fluids and that's why people have been warned against kissing any how they want.\r\nThe symptoms include sore throat, severe headache, High fever, Vomit and abdominal pains.\r\n\"We were told that public health officers from this area are working round the clock to know the root cause of this. But we are being advised even on WhatsApp groups to avoid kissing and exchanging body fluids,\" A third year public health student from Kisii University lamented.\r\nThe HPV is gradually circulating Kenya and gradually making its way into the Southern parts of Africa and will soon hit Africa at large.\r\nAfricans are believed to travel a lot to all parts of the world. So if proper awareness is not created, this is likely to hit the whole world in no distance time.\r\nYou are hereby advised to warn and inform family members, friends, well wishers and colleagues about this deadly disease that kills faster than HIV/AIDS.\r\n\"Please make sure this warning gets to your loved ones,\" the third year student concluded.\r\n\r\n" } } }