{"_context" : {
    "_types" : {
      "DocumentMetaData" : {
        "_feature_types" : {"sofa" : "_ref" } }, 
      "Persuasive_Labels" : {
        "_feature_types" : {"sofa" : "_ref" } }, 
      "Sentence" : {
        "_feature_types" : {"sofa" : "_ref" } }, 
      "Sofa" : {
        "_feature_types" : {"sofaArray" : "_ref" } }, 
      "TagsetDescription" : {
        "_feature_types" : {"sofa" : "_ref",  "tags" : "_ref" } }, 
      "Token" : {
        "_feature_types" : {"sofa" : "_ref",  "parent" : "_ref",  "lemma" : "_ref",  "stem" : "_ref",  "pos" : "_ref",  "morph" : "_ref",  "form" : "_ref" } }, 
      "DocumentAnnotation" : {
        "_feature_types" : {"sofa" : "_ref" }, 
        "_subtypes" : ["DocumentMetaData" ] }, 
      "Annotation" : {
        "_feature_types" : {"sofa" : "_ref" }, 
        "_subtypes" : ["DocumentAnnotation",  "Persuasive_Labels",  "Sentence",  "TagsetDescription",  "Token" ] }, 
      "AnnotationBase" : {
        "_feature_types" : {"sofa" : "_ref" }, 
        "_subtypes" : ["Annotation" ] }, 
      "TOP" : {
        "_subtypes" : ["AnnotationBase",  "Sofa" ] } } }, 
  "_views" : {
    "_InitialView" : {
      "DocumentMetaData" : [
        {"sofa" : 12,  "end" : 4963,  "language" : "x-unspecified",  "documentTitle" : "236.%20snes-03912%20Snacks%20marketed%20to%20children%20are%20heavily%20laden%20with%20ingredients%20that%20cause%20cancer.txt",  "documentId" : "admin",  "documentUri" : "file:/C:/Users/huiyi/.webanno/repository/project/4/document/590/source/admin",  "collectionId" : "file:/C:/Users/huiyi/.webanno/repository/project/4/document/590/source/",  "documentBaseUri" : "file:/C:/Users/huiyi/.webanno/repository/project/4/document/590/source/",  "isLastSegment" : false } ], 
      "TagsetDescription" : [
        {"sofa" : 12,  "layer" : "de.tudarmstadt.ukp.dkpro.core.api.syntax.type.dependency.Dependency",  "name" : "UD Universal Dependencies (v2)",  "input" : false }, 
        {"sofa" : 12,  "layer" : "de.tudarmstadt.ukp.dkpro.core.api.ner.type.NamedEntity",  "name" : "Named Entity tags",  "input" : false }, 
        {"sofa" : 12,  "layer" : "de.tudarmstadt.ukp.dkpro.core.api.transform.type.SofaChangeAnnotation",  "name" : "Operation",  "input" : false }, 
        {"sofa" : 12,  "layer" : "de.tudarmstadt.ukp.dkpro.core.api.lexmorph.type.pos.POS",  "name" : "UD Universal POS tags (v2)",  "input" : false }, 
        {"sofa" : 12,  "layer" : "webanno.custom.Persuasive_Labels",  "name" : "2. Using Anecdotes and Personal Experience as Evidence",  "input" : false } ], 
      "Sentence" : [
        {"sofa" : 12,  "end" : 93 }, 
        {"sofa" : 12,  "begin" : 95,  "end" : 580 }, 
        {"sofa" : 12,  "begin" : 581,  "end" : 915 }, 
        {"sofa" : 12,  "begin" : 916,  "end" : 1115 }, 
        {"sofa" : 12,  "begin" : 1116,  "end" : 1261 }, 
        {"sofa" : 12,  "begin" : 1263,  "end" : 1450 }, 
        {"sofa" : 12,  "begin" : 1451,  "end" : 1717 }, 
        {"sofa" : 12,  "begin" : 1718,  "end" : 1830 }, 
        {"sofa" : 12,  "begin" : 1832,  "end" : 1972 }, 
        {"sofa" : 12,  "begin" : 1973,  "end" : 2119 }, 
        {"sofa" : 12,  "begin" : 2120,  "end" : 2134 }, 
        {"sofa" : 12,  "begin" : 2135,  "end" : 2290 }, 
        {"sofa" : 12,  "begin" : 2291,  "end" : 2722 }, 
        {"sofa" : 12,  "begin" : 2723,  "end" : 2824 }, 
        {"sofa" : 12,  "begin" : 2825,  "end" : 2938 }, 
        {"sofa" : 12,  "begin" : 2940,  "end" : 3148 }, 
        {"sofa" : 12,  "begin" : 3149,  "end" : 3211 }, 
        {"sofa" : 12,  "begin" : 3212,  "end" : 3236 }, 
        {"sofa" : 12,  "begin" : 3238,  "end" : 3534 }, 
        {"sofa" : 12,  "begin" : 3536,  "end" : 3726 }, 
        {"sofa" : 12,  "begin" : 3728,  "end" : 3912 }, 
        {"sofa" : 12,  "begin" : 3913,  "end" : 3997 }, 
        {"sofa" : 12,  "begin" : 3999,  "end" : 4235 }, 
        {"sofa" : 12,  "begin" : 4236,  "end" : 4346 }, 
        {"sofa" : 12,  "begin" : 4348,  "end" : 4454 }, 
        {"sofa" : 12,  "begin" : 4455,  "end" : 4581 }, 
        {"sofa" : 12,  "begin" : 4583,  "end" : 4830 }, 
        {"sofa" : 12,  "begin" : 4831,  "end" : 4933 }, 
        {"sofa" : 12,  "begin" : 4934,  "end" : 4959 } ], 
      "Token" : [
        {"sofa" : 12,  "end" : 5 }, 
        {"sofa" : 12,  "begin" : 5,  "end" : 6 }, 
        {"sofa" : 12,  "begin" : 6,  "end" : 11 }, 
        {"sofa" : 12,  "begin" : 12,  "end" : 18 }, 
        {"sofa" : 12,  "begin" : 19,  "end" : 27 }, 
        {"sofa" : 12,  "begin" : 28,  "end" : 30 }, 
        {"sofa" : 12,  "begin" : 31,  "end" : 39 }, 
        {"sofa" : 12,  "begin" : 40,  "end" : 43 }, 
        {"sofa" : 12,  "begin" : 44,  "end" : 51 }, 
        {"sofa" : 12,  "begin" : 52,  "end" : 57 }, 
        {"sofa" : 12,  "begin" : 58,  "end" : 62 }, 
        {"sofa" : 12,  "begin" : 63,  "end" : 74 }, 
        {"sofa" : 12,  "begin" : 75,  "end" : 79 }, 
        {"sofa" : 12,  "begin" : 80,  "end" : 85 }, 
        {"sofa" : 12,  "begin" : 86,  "end" : 92 }, 
        {"sofa" : 12,  "begin" : 92,  "end" : 93 }, 
        {"sofa" : 12,  "begin" : 95,  "end" : 101 }, 
        {"sofa" : 12,  "begin" : 101,  "end" : 102 }, 
        {"sofa" : 12,  "begin" : 103,  "end" : 108 }, 
        {"sofa" : 12,  "begin" : 108,  "end" : 109 }, 
        {"sofa" : 12,  "begin" : 109,  "end" : 110 }, 
        {"sofa" : 12,  "begin" : 110,  "end" : 111 }, 
        {"sofa" : 12,  "begin" : 111,  "end" : 126 }, 
        {"sofa" : 12,  "begin" : 126,  "end" : 127 }, 
        {"sofa" : 12,  "begin" : 127,  "end" : 130 }, 
        {"sofa" : 12,  "begin" : 130,  "end" : 131 }, 
        {"sofa" : 12,  "begin" : 131,  "end" : 145 }, 
        {"sofa" : 12,  "begin" : 145,  "end" : 146 }, 
        {"sofa" : 12,  "begin" : 146,  "end" : 151 }, 
        {"sofa" : 12,  "begin" : 151,  "end" : 152 }, 
        {"sofa" : 12,  "begin" : 152,  "end" : 153 }, 
        {"sofa" : 12,  "begin" : 153,  "end" : 154 }, 
        {"sofa" : 12,  "begin" : 154,  "end" : 172 }, 
        {"sofa" : 12,  "begin" : 172,  "end" : 173 }, 
        {"sofa" : 12,  "begin" : 173,  "end" : 204 }, 
        {"sofa" : 12,  "begin" : 207,  "end" : 211 }, 
        {"sofa" : 12,  "begin" : 212,  "end" : 220 }, 
        {"sofa" : 12,  "begin" : 220,  "end" : 221 }, 
        {"sofa" : 12,  "begin" : 222,  "end" : 227 }, 
        {"sofa" : 12,  "begin" : 227,  "end" : 228 }, 
        {"sofa" : 12,  "begin" : 228,  "end" : 229 }, 
        {"sofa" : 12,  "begin" : 229,  "end" : 230 }, 
        {"sofa" : 12,  "begin" : 230,  "end" : 244 }, 
        {"sofa" : 12,  "begin" : 244,  "end" : 245 }, 
        {"sofa" : 12,  "begin" : 245,  "end" : 255 }, 
        {"sofa" : 12,  "begin" : 255,  "end" : 256 }, 
        {"sofa" : 12,  "begin" : 256,  "end" : 282 }, 
        {"sofa" : 12,  "begin" : 282,  "end" : 283 }, 
        {"sofa" : 12,  "begin" : 286,  "end" : 292 }, 
        {"sofa" : 12,  "begin" : 293,  "end" : 300 }, 
        {"sofa" : 12,  "begin" : 300,  "end" : 301 }, 
        {"sofa" : 12,  "begin" : 304,  "end" : 310 }, 
        {"sofa" : 12,  "begin" : 310,  "end" : 311 }, 
        {"sofa" : 12,  "begin" : 312,  "end" : 315 }, 
        {"sofa" : 12,  "begin" : 316,  "end" : 317 }, 
        {"sofa" : 12,  "begin" : 318,  "end" : 329 }, 
        {"sofa" : 12,  "begin" : 330,  "end" : 344 }, 
        {"sofa" : 12,  "begin" : 345,  "end" : 355 }, 
        {"sofa" : 12,  "begin" : 356,  "end" : 362 }, 
        {"sofa" : 12,  "begin" : 363,  "end" : 367 }, 
        {"sofa" : 12,  "begin" : 368,  "end" : 372 }, 
        {"sofa" : 12,  "begin" : 373,  "end" : 388 }, 
        {"sofa" : 12,  "begin" : 389,  "end" : 397 }, 
        {"sofa" : 12,  "begin" : 399,  "end" : 408 }, 
        {"sofa" : 12,  "begin" : 409,  "end" : 415 }, 
        {"sofa" : 12,  "begin" : 416,  "end" : 420 }, 
        {"sofa" : 12,  "begin" : 421,  "end" : 429 }, 
        {"sofa" : 12,  "begin" : 430,  "end" : 432 }, 
        {"sofa" : 12,  "begin" : 433,  "end" : 441 }, 
        {"sofa" : 12,  "begin" : 442,  "end" : 449 }, 
        {"sofa" : 12,  "begin" : 450,  "end" : 453 }, 
        {"sofa" : 12,  "begin" : 453,  "end" : 454 }, 
        {"sofa" : 12,  "begin" : 455,  "end" : 458 }, 
        {"sofa" : 12,  "begin" : 459,  "end" : 464 }, 
        {"sofa" : 12,  "begin" : 465,  "end" : 476 }, 
        {"sofa" : 12,  "begin" : 476,  "end" : 477 }, 
        {"sofa" : 12,  "begin" : 478,  "end" : 481 }, 
        {"sofa" : 12,  "begin" : 482,  "end" : 490 }, 
        {"sofa" : 12,  "begin" : 490,  "end" : 491 }, 
        {"sofa" : 12,  "begin" : 492,  "end" : 501 }, 
        {"sofa" : 12,  "begin" : 501,  "end" : 502 }, 
        {"sofa" : 12,  "begin" : 503,  "end" : 507 }, 
        {"sofa" : 12,  "begin" : 507,  "end" : 508 }, 
        {"sofa" : 12,  "begin" : 509,  "end" : 517 }, 
        {"sofa" : 12,  "begin" : 517,  "end" : 518 }, 
        {"sofa" : 12,  "begin" : 519,  "end" : 522 }, 
        {"sofa" : 12,  "begin" : 523,  "end" : 527 }, 
        {"sofa" : 12,  "begin" : 528,  "end" : 535 }, 
        {"sofa" : 12,  "begin" : 536,  "end" : 543 }, 
        {"sofa" : 12,  "begin" : 544,  "end" : 553 }, 
        {"sofa" : 12,  "begin" : 554,  "end" : 556 }, 
        {"sofa" : 12,  "begin" : 557,  "end" : 563 }, 
        {"sofa" : 12,  "begin" : 564,  "end" : 567 }, 
        {"sofa" : 12,  "begin" : 568,  "end" : 573 }, 
        {"sofa" : 12,  "begin" : 574,  "end" : 579 }, 
        {"sofa" : 12,  "begin" : 579,  "end" : 580 }, 
        {"sofa" : 12,  "begin" : 581,  "end" : 584 }, 
        {"sofa" : 12,  "begin" : 585,  "end" : 590 }, 
        {"sofa" : 12,  "begin" : 591,  "end" : 597 }, 
        {"sofa" : 12,  "begin" : 598,  "end" : 600 }, 
        {"sofa" : 12,  "begin" : 601,  "end" : 606 }, 
        {"sofa" : 12,  "begin" : 607,  "end" : 612 }, 
        {"sofa" : 12,  "begin" : 613,  "end" : 615 }, 
        {"sofa" : 12,  "begin" : 616,  "end" : 625 }, 
        {"sofa" : 12,  "begin" : 626,  "end" : 630 }, 
        {"sofa" : 12,  "begin" : 631,  "end" : 633 }, 
        {"sofa" : 12,  "begin" : 634,  "end" : 642 }, 
        {"sofa" : 12,  "begin" : 643,  "end" : 645 }, 
        {"sofa" : 12,  "begin" : 646,  "end" : 651 }, 
        {"sofa" : 12,  "begin" : 652,  "end" : 654 }, 
        {"sofa" : 12,  "begin" : 655,  "end" : 663 }, 
        {"sofa" : 12,  "begin" : 664,  "end" : 673 }, 
        {"sofa" : 12,  "begin" : 674,  "end" : 679 }, 
        {"sofa" : 12,  "begin" : 680,  "end" : 684 }, 
        {"sofa" : 12,  "begin" : 685,  "end" : 692 }, 
        {"sofa" : 12,  "begin" : 693,  "end" : 695 }, 
        {"sofa" : 12,  "begin" : 696,  "end" : 701 }, 
        {"sofa" : 12,  "begin" : 702,  "end" : 705 }, 
        {"sofa" : 12,  "begin" : 706,  "end" : 713 }, 
        {"sofa" : 12,  "begin" : 714,  "end" : 715 }, 
        {"sofa" : 12,  "begin" : 716,  "end" : 720 }, 
        {"sofa" : 12,  "begin" : 720,  "end" : 721 }, 
        {"sofa" : 12,  "begin" : 722,  "end" : 725 }, 
        {"sofa" : 12,  "begin" : 726,  "end" : 733 }, 
        {"sofa" : 12,  "begin" : 734,  "end" : 736 }, 
        {"sofa" : 12,  "begin" : 737,  "end" : 743 }, 
        {"sofa" : 12,  "begin" : 744,  "end" : 748 }, 
        {"sofa" : 12,  "begin" : 749,  "end" : 753 }, 
        {"sofa" : 12,  "begin" : 754,  "end" : 758 }, 
        {"sofa" : 12,  "begin" : 759,  "end" : 762 }, 
        {"sofa" : 12,  "begin" : 763,  "end" : 775 }, 
        {"sofa" : 12,  "begin" : 776,  "end" : 782 }, 
        {"sofa" : 12,  "begin" : 783,  "end" : 787 }, 
        {"sofa" : 12,  "begin" : 788,  "end" : 791 }, 
        {"sofa" : 12,  "begin" : 792,  "end" : 797 }, 
        {"sofa" : 12,  "begin" : 798,  "end" : 807 }, 
        {"sofa" : 12,  "begin" : 808,  "end" : 810 }, 
        {"sofa" : 12,  "begin" : 811,  "end" : 814 }, 
        {"sofa" : 12,  "begin" : 815,  "end" : 818 }, 
        {"sofa" : 12,  "begin" : 818,  "end" : 819 }, 
        {"sofa" : 12,  "begin" : 820,  "end" : 822 }, 
        {"sofa" : 12,  "begin" : 823,  "end" : 826 }, 
        {"sofa" : 12,  "begin" : 827,  "end" : 832 }, 
        {"sofa" : 12,  "begin" : 833,  "end" : 839 }, 
        {"sofa" : 12,  "begin" : 840,  "end" : 844 }, 
        {"sofa" : 12,  "begin" : 845,  "end" : 847 }, 
        {"sofa" : 12,  "begin" : 848,  "end" : 858 }, 
        {"sofa" : 12,  "begin" : 859,  "end" : 872 }, 
        {"sofa" : 12,  "begin" : 873,  "end" : 877 }, 
        {"sofa" : 12,  "begin" : 878,  "end" : 881 }, 
        {"sofa" : 12,  "begin" : 882,  "end" : 888 }, 
        {"sofa" : 12,  "begin" : 889,  "end" : 893 }, 
        {"sofa" : 12,  "begin" : 894,  "end" : 901 }, 
        {"sofa" : 12,  "begin" : 902,  "end" : 906 }, 
        {"sofa" : 12,  "begin" : 907,  "end" : 910 }, 
        {"sofa" : 12,  "begin" : 911,  "end" : 914 }, 
        {"sofa" : 12,  "begin" : 914,  "end" : 915 }, 
        {"sofa" : 12,  "begin" : 916,  "end" : 925 }, 
        {"sofa" : 12,  "begin" : 926,  "end" : 928 }, 
        {"sofa" : 12,  "begin" : 929,  "end" : 937 }, 
        {"sofa" : 12,  "begin" : 938,  "end" : 943 }, 
        {"sofa" : 12,  "begin" : 944,  "end" : 947 }, 
        {"sofa" : 12,  "begin" : 948,  "end" : 951 }, 
        {"sofa" : 12,  "begin" : 952,  "end" : 956 }, 
        {"sofa" : 12,  "begin" : 957,  "end" : 959 }, 
        {"sofa" : 12,  "begin" : 960,  "end" : 964 }, 
        {"sofa" : 12,  "begin" : 965,  "end" : 968 }, 
        {"sofa" : 12,  "begin" : 969,  "end" : 981 }, 
        {"sofa" : 12,  "begin" : 982,  "end" : 990 }, 
        {"sofa" : 12,  "begin" : 991,  "end" : 993 }, 
        {"sofa" : 12,  "begin" : 994,  "end" : 1003 }, 
        {"sofa" : 12,  "begin" : 1004,  "end" : 1012 }, 
        {"sofa" : 12,  "begin" : 1013,  "end" : 1015 }, 
        {"sofa" : 12,  "begin" : 1016,  "end" : 1024 }, 
        {"sofa" : 12,  "begin" : 1025,  "end" : 1027 }, 
        {"sofa" : 12,  "begin" : 1028,  "end" : 1031 }, 
        {"sofa" : 12,  "begin" : 1032,  "end" : 1037 }, 
        {"sofa" : 12,  "begin" : 1038,  "end" : 1042 }, 
        {"sofa" : 12,  "begin" : 1043,  "end" : 1047 }, 
        {"sofa" : 12,  "begin" : 1048,  "end" : 1059 }, 
        {"sofa" : 12,  "begin" : 1060,  "end" : 1067 }, 
        {"sofa" : 12,  "begin" : 1068,  "end" : 1072 }, 
        {"sofa" : 12,  "begin" : 1073,  "end" : 1076 }, 
        {"sofa" : 12,  "begin" : 1077,  "end" : 1088 }, 
        {"sofa" : 12,  "begin" : 1089,  "end" : 1098 }, 
        {"sofa" : 12,  "begin" : 1099,  "end" : 1101 }, 
        {"sofa" : 12,  "begin" : 1102,  "end" : 1107 }, 
        {"sofa" : 12,  "begin" : 1108,  "end" : 1114 }, 
        {"sofa" : 12,  "begin" : 1114,  "end" : 1115 }, 
        {"sofa" : 12,  "begin" : 1116,  "end" : 1118 }, 
        {"sofa" : 12,  "begin" : 1119,  "end" : 1123 }, 
        {"sofa" : 12,  "begin" : 1124,  "end" : 1128 }, 
        {"sofa" : 12,  "begin" : 1129,  "end" : 1133 }, 
        {"sofa" : 12,  "begin" : 1134,  "end" : 1136 }, 
        {"sofa" : 12,  "begin" : 1137,  "end" : 1142 }, 
        {"sofa" : 12,  "begin" : 1143,  "end" : 1151 }, 
        {"sofa" : 12,  "begin" : 1152,  "end" : 1156 }, 
        {"sofa" : 12,  "begin" : 1157,  "end" : 1161 }, 
        {"sofa" : 12,  "begin" : 1162,  "end" : 1165 }, 
        {"sofa" : 12,  "begin" : 1166,  "end" : 1167 }, 
        {"sofa" : 12,  "begin" : 1167,  "end" : 1171 }, 
        {"sofa" : 12,  "begin" : 1172,  "end" : 1176 }, 
        {"sofa" : 12,  "begin" : 1176,  "end" : 1177 }, 
        {"sofa" : 12,  "begin" : 1178,  "end" : 1186 }, 
        {"sofa" : 12,  "begin" : 1186,  "end" : 1187 }, 
        {"sofa" : 12,  "begin" : 1188,  "end" : 1191 }, 
        {"sofa" : 12,  "begin" : 1192,  "end" : 1195 }, 
        {"sofa" : 12,  "begin" : 1196,  "end" : 1203 }, 
        {"sofa" : 12,  "begin" : 1204,  "end" : 1207 }, 
        {"sofa" : 12,  "begin" : 1208,  "end" : 1211 }, 
        {"sofa" : 12,  "begin" : 1212,  "end" : 1223 }, 
        {"sofa" : 12,  "begin" : 1224,  "end" : 1226 }, 
        {"sofa" : 12,  "begin" : 1227,  "end" : 1232 }, 
        {"sofa" : 12,  "begin" : 1233,  "end" : 1239 }, 
        {"sofa" : 12,  "begin" : 1240,  "end" : 1249 }, 
        {"sofa" : 12,  "begin" : 1250,  "end" : 1253 }, 
        {"sofa" : 12,  "begin" : 1254,  "end" : 1260 }, 
        {"sofa" : 12,  "begin" : 1260,  "end" : 1261 }, 
        {"sofa" : 12,  "begin" : 1263,  "end" : 1267 }, 
        {"sofa" : 12,  "begin" : 1268,  "end" : 1270 }, 
        {"sofa" : 12,  "begin" : 1271,  "end" : 1274 }, 
        {"sofa" : 12,  "begin" : 1275,  "end" : 1282 }, 
        {"sofa" : 12,  "begin" : 1283,  "end" : 1289 }, 
        {"sofa" : 12,  "begin" : 1290,  "end" : 1294 }, 
        {"sofa" : 12,  "begin" : 1295,  "end" : 1299 }, 
        {"sofa" : 12,  "begin" : 1300,  "end" : 1307 }, 
        {"sofa" : 12,  "begin" : 1308,  "end" : 1318 }, 
        {"sofa" : 12,  "begin" : 1319,  "end" : 1323 }, 
        {"sofa" : 12,  "begin" : 1324,  "end" : 1332 }, 
        {"sofa" : 12,  "begin" : 1333,  "end" : 1335 }, 
        {"sofa" : 12,  "begin" : 1336,  "end" : 1340 }, 
        {"sofa" : 12,  "begin" : 1341,  "end" : 1344 }, 
        {"sofa" : 12,  "begin" : 1345,  "end" : 1349 }, 
        {"sofa" : 12,  "begin" : 1350,  "end" : 1354 }, 
        {"sofa" : 12,  "begin" : 1355,  "end" : 1359 }, 
        {"sofa" : 12,  "begin" : 1360,  "end" : 1369 }, 
        {"sofa" : 12,  "begin" : 1370,  "end" : 1372 }, 
        {"sofa" : 12,  "begin" : 1373,  "end" : 1381 }, 
        {"sofa" : 12,  "begin" : 1382,  "end" : 1383 }, 
        {"sofa" : 12,  "begin" : 1384,  "end" : 1392 }, 
        {"sofa" : 12,  "begin" : 1393,  "end" : 1397 }, 
        {"sofa" : 12,  "begin" : 1398,  "end" : 1400 }, 
        {"sofa" : 12,  "begin" : 1401,  "end" : 1402 }, 
        {"sofa" : 12,  "begin" : 1402,  "end" : 1407 }, 
        {"sofa" : 12,  "begin" : 1408,  "end" : 1411 }, 
        {"sofa" : 12,  "begin" : 1412,  "end" : 1419 }, 
        {"sofa" : 12,  "begin" : 1419,  "end" : 1420 }, 
        {"sofa" : 12,  "begin" : 1421,  "end" : 1424 }, 
        {"sofa" : 12,  "begin" : 1425,  "end" : 1429 }, 
        {"sofa" : 12,  "begin" : 1430,  "end" : 1433 }, 
        {"sofa" : 12,  "begin" : 1434,  "end" : 1438 }, 
        {"sofa" : 12,  "begin" : 1439,  "end" : 1444 }, 
        {"sofa" : 12,  "begin" : 1445,  "end" : 1449 }, 
        {"sofa" : 12,  "begin" : 1449,  "end" : 1450 }, 
        {"sofa" : 12,  "begin" : 1451,  "end" : 1457 }, 
        {"sofa" : 12,  "begin" : 1458,  "end" : 1459 }, 
        {"sofa" : 12,  "begin" : 1460,  "end" : 1461 }, 
        {"sofa" : 12,  "begin" : 1461,  "end" : 1471 }, 
        {"sofa" : 12,  "begin" : 1471,  "end" : 1472 }, 
        {"sofa" : 12,  "begin" : 1473,  "end" : 1476 }, 
        {"sofa" : 12,  "begin" : 1477,  "end" : 1480 }, 
        {"sofa" : 12,  "begin" : 1481,  "end" : 1483 }, 
        {"sofa" : 12,  "begin" : 1484,  "end" : 1487 }, 
        {"sofa" : 12,  "begin" : 1488,  "end" : 1492 }, 
        {"sofa" : 12,  "begin" : 1493,  "end" : 1496 }, 
        {"sofa" : 12,  "begin" : 1497,  "end" : 1499 }, 
        {"sofa" : 12,  "begin" : 1500,  "end" : 1503 }, 
        {"sofa" : 12,  "begin" : 1504,  "end" : 1512 }, 
        {"sofa" : 12,  "begin" : 1513,  "end" : 1517 }, 
        {"sofa" : 12,  "begin" : 1518,  "end" : 1522 }, 
        {"sofa" : 12,  "begin" : 1523,  "end" : 1527 }, 
        {"sofa" : 12,  "begin" : 1528,  "end" : 1532 }, 
        {"sofa" : 12,  "begin" : 1533,  "end" : 1537 }, 
        {"sofa" : 12,  "begin" : 1538,  "end" : 1547 }, 
        {"sofa" : 12,  "begin" : 1547,  "end" : 1548 }, 
        {"sofa" : 12,  "begin" : 1549,  "end" : 1554 }, 
        {"sofa" : 12,  "begin" : 1555,  "end" : 1557 }, 
        {"sofa" : 12,  "begin" : 1558,  "end" : 1562 }, 
        {"sofa" : 12,  "begin" : 1563,  "end" : 1565 }, 
        {"sofa" : 12,  "begin" : 1566,  "end" : 1573 }, 
        {"sofa" : 12,  "begin" : 1574,  "end" : 1582 }, 
        {"sofa" : 12,  "begin" : 1583,  "end" : 1587 }, 
        {"sofa" : 12,  "begin" : 1588,  "end" : 1590 }, 
        {"sofa" : 12,  "begin" : 1591,  "end" : 1596 }, 
        {"sofa" : 12,  "begin" : 1597,  "end" : 1602 }, 
        {"sofa" : 12,  "begin" : 1602,  "end" : 1603 }, 
        {"sofa" : 12,  "begin" : 1604,  "end" : 1610 }, 
        {"sofa" : 12,  "begin" : 1610,  "end" : 1611 }, 
        {"sofa" : 12,  "begin" : 1612,  "end" : 1620 }, 
        {"sofa" : 12,  "begin" : 1620,  "end" : 1621 }, 
        {"sofa" : 12,  "begin" : 1622,  "end" : 1630 }, 
        {"sofa" : 12,  "begin" : 1631,  "end" : 1634 }, 
        {"sofa" : 12,  "begin" : 1635,  "end" : 1641 }, 
        {"sofa" : 12,  "begin" : 1641,  "end" : 1642 }, 
        {"sofa" : 12,  "begin" : 1643,  "end" : 1652 }, 
        {"sofa" : 12,  "begin" : 1652,  "end" : 1653 }, 
        {"sofa" : 12,  "begin" : 1654,  "end" : 1659 }, 
        {"sofa" : 12,  "begin" : 1660,  "end" : 1668 }, 
        {"sofa" : 12,  "begin" : 1669,  "end" : 1672 }, 
        {"sofa" : 12,  "begin" : 1673,  "end" : 1684 }, 
        {"sofa" : 12,  "begin" : 1685,  "end" : 1691 }, 
        {"sofa" : 12,  "begin" : 1692,  "end" : 1696 }, 
        {"sofa" : 12,  "begin" : 1696,  "end" : 1697 }, 
        {"sofa" : 12,  "begin" : 1698,  "end" : 1702 }, 
        {"sofa" : 12,  "begin" : 1703,  "end" : 1705 }, 
        {"sofa" : 12,  "begin" : 1706,  "end" : 1710 }, 
        {"sofa" : 12,  "begin" : 1711,  "end" : 1712 }, 
        {"sofa" : 12,  "begin" : 1713,  "end" : 1716 }, 
        {"sofa" : 12,  "begin" : 1716,  "end" : 1717 }, 
        {"sofa" : 12,  "begin" : 1718,  "end" : 1723 }, 
        {"sofa" : 12,  "begin" : 1724,  "end" : 1728 }, 
        {"sofa" : 12,  "begin" : 1729,  "end" : 1733 }, 
        {"sofa" : 12,  "begin" : 1734,  "end" : 1738 }, 
        {"sofa" : 12,  "begin" : 1739,  "end" : 1745 }, 
        {"sofa" : 12,  "begin" : 1746,  "end" : 1748 }, 
        {"sofa" : 12,  "begin" : 1749,  "end" : 1756 }, 
        {"sofa" : 12,  "begin" : 1757,  "end" : 1763 }, 
        {"sofa" : 12,  "begin" : 1764,  "end" : 1772 }, 
        {"sofa" : 12,  "begin" : 1772,  "end" : 1773 }, 
        {"sofa" : 12,  "begin" : 1774,  "end" : 1783 }, 
        {"sofa" : 12,  "begin" : 1784,  "end" : 1790 }, 
        {"sofa" : 12,  "begin" : 1790,  "end" : 1791 }, 
        {"sofa" : 12,  "begin" : 1792,  "end" : 1805 }, 
        {"sofa" : 12,  "begin" : 1805,  "end" : 1806 }, 
        {"sofa" : 12,  "begin" : 1807,  "end" : 1810 }, 
        {"sofa" : 12,  "begin" : 1811,  "end" : 1819 }, 
        {"sofa" : 12,  "begin" : 1820,  "end" : 1829 }, 
        {"sofa" : 12,  "begin" : 1829,  "end" : 1830 }, 
        {"sofa" : 12,  "begin" : 1832,  "end" : 1838 }, 
        {"sofa" : 12,  "begin" : 1839,  "end" : 1840 }, 
        {"sofa" : 12,  "begin" : 1841,  "end" : 1844 }, 
        {"sofa" : 12,  "begin" : 1845,  "end" : 1848 }, 
        {"sofa" : 12,  "begin" : 1849,  "end" : 1851 }, 
        {"sofa" : 12,  "begin" : 1852,  "end" : 1855 }, 
        {"sofa" : 12,  "begin" : 1856,  "end" : 1859 }, 
        {"sofa" : 12,  "begin" : 1860,  "end" : 1863 }, 
        {"sofa" : 12,  "begin" : 1864,  "end" : 1866 }, 
        {"sofa" : 12,  "begin" : 1867,  "end" : 1870 }, 
        {"sofa" : 12,  "begin" : 1871,  "end" : 1875 }, 
        {"sofa" : 12,  "begin" : 1876,  "end" : 1885 }, 
        {"sofa" : 12,  "begin" : 1886,  "end" : 1890 }, 
        {"sofa" : 12,  "begin" : 1891,  "end" : 1894 }, 
        {"sofa" : 12,  "begin" : 1895,  "end" : 1901 }, 
        {"sofa" : 12,  "begin" : 1902,  "end" : 1904 }, 
        {"sofa" : 12,  "begin" : 1905,  "end" : 1908 }, 
        {"sofa" : 12,  "begin" : 1909,  "end" : 1911 }, 
        {"sofa" : 12,  "begin" : 1911,  "end" : 1912 }, 
        {"sofa" : 12,  "begin" : 1913,  "end" : 1916 }, 
        {"sofa" : 12,  "begin" : 1917,  "end" : 1920 }, 
        {"sofa" : 12,  "begin" : 1920,  "end" : 1921 }, 
        {"sofa" : 12,  "begin" : 1922,  "end" : 1931 }, 
        {"sofa" : 12,  "begin" : 1932,  "end" : 1937 }, 
        {"sofa" : 12,  "begin" : 1938,  "end" : 1941 }, 
        {"sofa" : 12,  "begin" : 1942,  "end" : 1946 }, 
        {"sofa" : 12,  "begin" : 1947,  "end" : 1953 }, 
        {"sofa" : 12,  "begin" : 1954,  "end" : 1956 }, 
        {"sofa" : 12,  "begin" : 1957,  "end" : 1962 }, 
        {"sofa" : 12,  "begin" : 1963,  "end" : 1971 }, 
        {"sofa" : 12,  "begin" : 1971,  "end" : 1972 }, 
        {"sofa" : 12,  "begin" : 1973,  "end" : 1975 }, 
        {"sofa" : 12,  "begin" : 1976,  "end" : 1980 }, 
        {"sofa" : 12,  "begin" : 1981,  "end" : 1983 }, 
        {"sofa" : 12,  "begin" : 1983,  "end" : 1984 }, 
        {"sofa" : 12,  "begin" : 1985,  "end" : 1987 }, 
        {"sofa" : 12,  "begin" : 1988,  "end" : 1990 }, 
        {"sofa" : 12,  "begin" : 1991,  "end" : 2000 }, 
        {"sofa" : 12,  "begin" : 2001,  "end" : 2005 }, 
        {"sofa" : 12,  "begin" : 2006,  "end" : 2019 }, 
        {"sofa" : 12,  "begin" : 2020,  "end" : 2022 }, 
        {"sofa" : 12,  "begin" : 2023,  "end" : 2026 }, 
        {"sofa" : 12,  "begin" : 2027,  "end" : 2030 }, 
        {"sofa" : 12,  "begin" : 2030,  "end" : 2031 }, 
        {"sofa" : 12,  "begin" : 2032,  "end" : 2035 }, 
        {"sofa" : 12,  "begin" : 2036,  "end" : 2041 }, 
        {"sofa" : 12,  "begin" : 2042,  "end" : 2044 }, 
        {"sofa" : 12,  "begin" : 2045,  "end" : 2052 }, 
        {"sofa" : 12,  "begin" : 2053,  "end" : 2059 }, 
        {"sofa" : 12,  "begin" : 2060,  "end" : 2062 }, 
        {"sofa" : 12,  "begin" : 2063,  "end" : 2068 }, 
        {"sofa" : 12,  "begin" : 2069,  "end" : 2078 }, 
        {"sofa" : 12,  "begin" : 2079,  "end" : 2088 }, 
        {"sofa" : 12,  "begin" : 2089,  "end" : 2093 }, 
        {"sofa" : 12,  "begin" : 2094,  "end" : 2098 }, 
        {"sofa" : 12,  "begin" : 2099,  "end" : 2102 }, 
        {"sofa" : 12,  "begin" : 2103,  "end" : 2108 }, 
        {"sofa" : 12,  "begin" : 2109,  "end" : 2113 }, 
        {"sofa" : 12,  "begin" : 2114,  "end" : 2118 }, 
        {"sofa" : 12,  "begin" : 2118,  "end" : 2119 }, 
        {"sofa" : 12,  "begin" : 2120,  "end" : 2125 }, 
        {"sofa" : 12,  "begin" : 2126,  "end" : 2129 }, 
        {"sofa" : 12,  "begin" : 2130,  "end" : 2133 }, 
        {"sofa" : 12,  "begin" : 2133,  "end" : 2134 }, 
        {"sofa" : 12,  "begin" : 2135,  "end" : 2139 }, 
        {"sofa" : 12,  "begin" : 2140,  "end" : 2143 }, 
        {"sofa" : 12,  "begin" : 2144,  "end" : 2148 }, 
        {"sofa" : 12,  "begin" : 2149,  "end" : 2163 }, 
        {"sofa" : 12,  "begin" : 2164,  "end" : 2176 }, 
        {"sofa" : 12,  "begin" : 2177,  "end" : 2181 }, 
        {"sofa" : 12,  "begin" : 2182,  "end" : 2186 }, 
        {"sofa" : 12,  "begin" : 2187,  "end" : 2191 }, 
        {"sofa" : 12,  "begin" : 2192,  "end" : 2195 }, 
        {"sofa" : 12,  "begin" : 2196,  "end" : 2202 }, 
        {"sofa" : 12,  "begin" : 2203,  "end" : 2206 }, 
        {"sofa" : 12,  "begin" : 2207,  "end" : 2215 }, 
        {"sofa" : 12,  "begin" : 2216,  "end" : 2218 }, 
        {"sofa" : 12,  "begin" : 2219,  "end" : 2223 }, 
        {"sofa" : 12,  "begin" : 2224,  "end" : 2232 }, 
        {"sofa" : 12,  "begin" : 2232,  "end" : 2233 }, 
        {"sofa" : 12,  "begin" : 2234,  "end" : 2236 }, 
        {"sofa" : 12,  "begin" : 2237,  "end" : 2240 }, 
        {"sofa" : 12,  "begin" : 2241,  "end" : 2245 }, 
        {"sofa" : 12,  "begin" : 2246,  "end" : 2253 }, 
        {"sofa" : 12,  "begin" : 2254,  "end" : 2256 }, 
        {"sofa" : 12,  "begin" : 2257,  "end" : 2263 }, 
        {"sofa" : 12,  "begin" : 2264,  "end" : 2268 }, 
        {"sofa" : 12,  "begin" : 2269,  "end" : 2273 }, 
        {"sofa" : 12,  "begin" : 2274,  "end" : 2277 }, 
        {"sofa" : 12,  "begin" : 2278,  "end" : 2282 }, 
        {"sofa" : 12,  "begin" : 2283,  "end" : 2289 }, 
        {"sofa" : 12,  "begin" : 2289,  "end" : 2290 }, 
        {"sofa" : 12,  "begin" : 2291,  "end" : 2294 }, 
        {"sofa" : 12,  "begin" : 2295,  "end" : 2299 }, 
        {"sofa" : 12,  "begin" : 2300,  "end" : 2302 }, 
        {"sofa" : 12,  "begin" : 2303,  "end" : 2311 }, 
        {"sofa" : 12,  "begin" : 2312,  "end" : 2322 }, 
        {"sofa" : 12,  "begin" : 2323,  "end" : 2328 }, 
        {"sofa" : 12,  "begin" : 2329,  "end" : 2333 }, 
        {"sofa" : 12,  "begin" : 2334,  "end" : 2336 }, 
        {"sofa" : 12,  "begin" : 2337,  "end" : 2343 }, 
        {"sofa" : 12,  "begin" : 2344,  "end" : 2351 }, 
        {"sofa" : 12,  "begin" : 2351,  "end" : 2352 }, 
        {"sofa" : 12,  "begin" : 2353,  "end" : 2356 }, 
        {"sofa" : 12,  "begin" : 2357,  "end" : 2361 }, 
        {"sofa" : 12,  "begin" : 2362,  "end" : 2365 }, 
        {"sofa" : 12,  "begin" : 2366,  "end" : 2367 }, 
        {"sofa" : 12,  "begin" : 2368,  "end" : 2371 }, 
        {"sofa" : 12,  "begin" : 2372,  "end" : 2374 }, 
        {"sofa" : 12,  "begin" : 2375,  "end" : 2380 }, 
        {"sofa" : 12,  "begin" : 2381,  "end" : 2384 }, 
        {"sofa" : 12,  "begin" : 2385,  "end" : 2388 }, 
        {"sofa" : 12,  "begin" : 2388,  "end" : 2389 }, 
        {"sofa" : 12,  "begin" : 2391,  "end" : 2395 }, 
        {"sofa" : 12,  "begin" : 2396,  "end" : 2399 }, 
        {"sofa" : 12,  "begin" : 2400,  "end" : 2403 }, 
        {"sofa" : 12,  "begin" : 2404,  "end" : 2407 }, 
        {"sofa" : 12,  "begin" : 2408,  "end" : 2409 }, 
        {"sofa" : 12,  "begin" : 2410,  "end" : 2417 }, 
        {"sofa" : 12,  "begin" : 2418,  "end" : 2428 }, 
        {"sofa" : 12,  "begin" : 2429,  "end" : 2435 }, 
        {"sofa" : 12,  "begin" : 2436,  "end" : 2440 }, 
        {"sofa" : 12,  "begin" : 2441,  "end" : 2445 }, 
        {"sofa" : 12,  "begin" : 2446,  "end" : 2461 }, 
        {"sofa" : 12,  "begin" : 2462,  "end" : 2473 }, 
        {"sofa" : 12,  "begin" : 2473,  "end" : 2474 }, 
        {"sofa" : 12,  "begin" : 2476,  "end" : 2479 }, 
        {"sofa" : 12,  "begin" : 2480,  "end" : 2485 }, 
        {"sofa" : 12,  "begin" : 2487,  "end" : 2490 }, 
        {"sofa" : 12,  "begin" : 2491,  "end" : 2495 }, 
        {"sofa" : 12,  "begin" : 2496,  "end" : 2503 }, 
        {"sofa" : 12,  "begin" : 2504,  "end" : 2510 }, 
        {"sofa" : 12,  "begin" : 2511,  "end" : 2513 }, 
        {"sofa" : 12,  "begin" : 2514,  "end" : 2517 }, 
        {"sofa" : 12,  "begin" : 2518,  "end" : 2523 }, 
        {"sofa" : 12,  "begin" : 2523,  "end" : 2524 }, 
        {"sofa" : 12,  "begin" : 2525,  "end" : 2532 }, 
        {"sofa" : 12,  "begin" : 2533,  "end" : 2543 }, 
        {"sofa" : 12,  "begin" : 2543,  "end" : 2544 }, 
        {"sofa" : 12,  "begin" : 2545,  "end" : 2553 }, 
        {"sofa" : 12,  "begin" : 2554,  "end" : 2565 }, 
        {"sofa" : 12,  "begin" : 2566,  "end" : 2570 }, 
        {"sofa" : 12,  "begin" : 2571,  "end" : 2573 }, 
        {"sofa" : 12,  "begin" : 2574,  "end" : 2578 }, 
        {"sofa" : 12,  "begin" : 2579,  "end" : 2584 }, 
        {"sofa" : 12,  "begin" : 2584,  "end" : 2585 }, 
        {"sofa" : 12,  "begin" : 2586,  "end" : 2594 }, 
        {"sofa" : 12,  "begin" : 2594,  "end" : 2595 }, 
        {"sofa" : 12,  "begin" : 2596,  "end" : 2601 }, 
        {"sofa" : 12,  "begin" : 2602,  "end" : 2605 }, 
        {"sofa" : 12,  "begin" : 2606,  "end" : 2610 }, 
        {"sofa" : 12,  "begin" : 2611,  "end" : 2619 }, 
        {"sofa" : 12,  "begin" : 2620,  "end" : 2624 }, 
        {"sofa" : 12,  "begin" : 2625,  "end" : 2630 }, 
        {"sofa" : 12,  "begin" : 2630,  "end" : 2631 }, 
        {"sofa" : 12,  "begin" : 2632,  "end" : 2635 }, 
        {"sofa" : 12,  "begin" : 2636,  "end" : 2638 }, 
        {"sofa" : 12,  "begin" : 2639,  "end" : 2644 }, 
        {"sofa" : 12,  "begin" : 2645,  "end" : 2649 }, 
        {"sofa" : 12,  "begin" : 2650,  "end" : 2654 }, 
        {"sofa" : 12,  "begin" : 2655,  "end" : 2661 }, 
        {"sofa" : 12,  "begin" : 2662,  "end" : 2664 }, 
        {"sofa" : 12,  "begin" : 2665,  "end" : 2670 }, 
        {"sofa" : 12,  "begin" : 2671,  "end" : 2680 }, 
        {"sofa" : 12,  "begin" : 2680,  "end" : 2681 }, 
        {"sofa" : 12,  "begin" : 2682,  "end" : 2690 }, 
        {"sofa" : 12,  "begin" : 2691,  "end" : 2694 }, 
        {"sofa" : 12,  "begin" : 2695,  "end" : 2700 }, 
        {"sofa" : 12,  "begin" : 2701,  "end" : 2709 }, 
        {"sofa" : 12,  "begin" : 2710,  "end" : 2712 }, 
        {"sofa" : 12,  "begin" : 2713,  "end" : 2721 }, 
        {"sofa" : 12,  "begin" : 2721,  "end" : 2722 }, 
        {"sofa" : 12,  "begin" : 2723,  "end" : 2728 }, 
        {"sofa" : 12,  "begin" : 2729,  "end" : 2736 }, 
        {"sofa" : 12,  "begin" : 2737,  "end" : 2745 }, 
        {"sofa" : 12,  "begin" : 2746,  "end" : 2750 }, 
        {"sofa" : 12,  "begin" : 2751,  "end" : 2758 }, 
        {"sofa" : 12,  "begin" : 2759,  "end" : 2763 }, 
        {"sofa" : 12,  "begin" : 2763,  "end" : 2764 }, 
        {"sofa" : 12,  "begin" : 2765,  "end" : 2766 }, 
        {"sofa" : 12,  "begin" : 2767,  "end" : 2782 }, 
        {"sofa" : 12,  "begin" : 2783,  "end" : 2790 }, 
        {"sofa" : 12,  "begin" : 2791,  "end" : 2795 }, 
        {"sofa" : 12,  "begin" : 2796,  "end" : 2802 }, 
        {"sofa" : 12,  "begin" : 2803,  "end" : 2811 }, 
        {"sofa" : 12,  "begin" : 2812,  "end" : 2823 }, 
        {"sofa" : 12,  "begin" : 2823,  "end" : 2824 }, 
        {"sofa" : 12,  "begin" : 2825,  "end" : 2827 }, 
        {"sofa" : 12,  "begin" : 2828,  "end" : 2838 }, 
        {"sofa" : 12,  "begin" : 2839,  "end" : 2846 }, 
        {"sofa" : 12,  "begin" : 2846,  "end" : 2847 }, 
        {"sofa" : 12,  "begin" : 2848,  "end" : 2852 }, 
        {"sofa" : 12,  "begin" : 2853,  "end" : 2857 }, 
        {"sofa" : 12,  "begin" : 2858,  "end" : 2864 }, 
        {"sofa" : 12,  "begin" : 2865,  "end" : 2867 }, 
        {"sofa" : 12,  "begin" : 2868,  "end" : 2874 }, 
        {"sofa" : 12,  "begin" : 2874,  "end" : 2875 }, 
        {"sofa" : 12,  "begin" : 2876,  "end" : 2880 }, 
        {"sofa" : 12,  "begin" : 2881,  "end" : 2883 }, 
        {"sofa" : 12,  "begin" : 2884,  "end" : 2890 }, 
        {"sofa" : 12,  "begin" : 2890,  "end" : 2891 }, 
        {"sofa" : 12,  "begin" : 2892,  "end" : 2897 }, 
        {"sofa" : 12,  "begin" : 2898,  "end" : 2909 }, 
        {"sofa" : 12,  "begin" : 2909,  "end" : 2910 }, 
        {"sofa" : 12,  "begin" : 2911,  "end" : 2922 }, 
        {"sofa" : 12,  "begin" : 2922,  "end" : 2923 }, 
        {"sofa" : 12,  "begin" : 2924,  "end" : 2927 }, 
        {"sofa" : 12,  "begin" : 2928,  "end" : 2937 }, 
        {"sofa" : 12,  "begin" : 2937,  "end" : 2938 }, 
        {"sofa" : 12,  "begin" : 2940,  "end" : 2945 }, 
        {"sofa" : 12,  "begin" : 2946,  "end" : 2952 }, 
        {"sofa" : 12,  "begin" : 2954,  "end" : 2957 }, 
        {"sofa" : 12,  "begin" : 2958,  "end" : 2962 }, 
        {"sofa" : 12,  "begin" : 2963,  "end" : 2968 }, 
        {"sofa" : 12,  "begin" : 2969,  "end" : 2973 }, 
        {"sofa" : 12,  "begin" : 2974,  "end" : 2979 }, 
        {"sofa" : 12,  "begin" : 2980,  "end" : 2984 }, 
        {"sofa" : 12,  "begin" : 2985,  "end" : 2987 }, 
        {"sofa" : 12,  "begin" : 2988,  "end" : 2993 }, 
        {"sofa" : 12,  "begin" : 2994,  "end" : 2995 }, 
        {"sofa" : 12,  "begin" : 2995,  "end" : 3000 }, 
        {"sofa" : 12,  "begin" : 3000,  "end" : 3001 }, 
        {"sofa" : 12,  "begin" : 3002,  "end" : 3010 }, 
        {"sofa" : 12,  "begin" : 3011,  "end" : 3017 }, 
        {"sofa" : 12,  "begin" : 3018,  "end" : 3020 }, 
        {"sofa" : 12,  "begin" : 3021,  "end" : 3024 }, 
        {"sofa" : 12,  "begin" : 3025,  "end" : 3026 }, 
        {"sofa" : 12,  "begin" : 3027,  "end" : 3029 }, 
        {"sofa" : 12,  "begin" : 3030,  "end" : 3041 }, 
        {"sofa" : 12,  "begin" : 3041,  "end" : 3042 }, 
        {"sofa" : 12,  "begin" : 3043,  "end" : 3044 }, 
        {"sofa" : 12,  "begin" : 3045,  "end" : 3054 }, 
        {"sofa" : 12,  "begin" : 3055,  "end" : 3062 }, 
        {"sofa" : 12,  "begin" : 3063,  "end" : 3068 }, 
        {"sofa" : 12,  "begin" : 3069,  "end" : 3072 }, 
        {"sofa" : 12,  "begin" : 3073,  "end" : 3077 }, 
        {"sofa" : 12,  "begin" : 3078,  "end" : 3084 }, 
        {"sofa" : 12,  "begin" : 3085,  "end" : 3088 }, 
        {"sofa" : 12,  "begin" : 3089,  "end" : 3092 }, 
        {"sofa" : 12,  "begin" : 3093,  "end" : 3095 }, 
        {"sofa" : 12,  "begin" : 3096,  "end" : 3105 }, 
        {"sofa" : 12,  "begin" : 3106,  "end" : 3109 }, 
        {"sofa" : 12,  "begin" : 3110,  "end" : 3112 }, 
        {"sofa" : 12,  "begin" : 3113,  "end" : 3116 }, 
        {"sofa" : 12,  "begin" : 3117,  "end" : 3127 }, 
        {"sofa" : 12,  "begin" : 3128,  "end" : 3132 }, 
        {"sofa" : 12,  "begin" : 3133,  "end" : 3140 }, 
        {"sofa" : 12,  "begin" : 3141,  "end" : 3147 }, 
        {"sofa" : 12,  "begin" : 3147,  "end" : 3148 }, 
        {"sofa" : 12,  "begin" : 3149,  "end" : 3151 }, 
        {"sofa" : 12,  "begin" : 3152,  "end" : 3154 }, 
        {"sofa" : 12,  "begin" : 3155,  "end" : 3161 }, 
        {"sofa" : 12,  "begin" : 3162,  "end" : 3164 }, 
        {"sofa" : 12,  "begin" : 3165,  "end" : 3168 }, 
        {"sofa" : 12,  "begin" : 3169,  "end" : 3171 }, 
        {"sofa" : 12,  "begin" : 3172,  "end" : 3176 }, 
        {"sofa" : 12,  "begin" : 3177,  "end" : 3181 }, 
        {"sofa" : 12,  "begin" : 3181,  "end" : 3182 }, 
        {"sofa" : 12,  "begin" : 3183,  "end" : 3186 }, 
        {"sofa" : 12,  "begin" : 3187,  "end" : 3193 }, 
        {"sofa" : 12,  "begin" : 3194,  "end" : 3196 }, 
        {"sofa" : 12,  "begin" : 3197,  "end" : 3199 }, 
        {"sofa" : 12,  "begin" : 3200,  "end" : 3202 }, 
        {"sofa" : 12,  "begin" : 3203,  "end" : 3210 }, 
        {"sofa" : 12,  "begin" : 3210,  "end" : 3211 }, 
        {"sofa" : 12,  "begin" : 3212,  "end" : 3217 }, 
        {"sofa" : 12,  "begin" : 3218,  "end" : 3221 }, 
        {"sofa" : 12,  "begin" : 3222,  "end" : 3227 }, 
        {"sofa" : 12,  "begin" : 3228,  "end" : 3235 }, 
        {"sofa" : 12,  "begin" : 3235,  "end" : 3236 }, 
        {"sofa" : 12,  "begin" : 3238,  "end" : 3239 }, 
        {"sofa" : 12,  "begin" : 3239,  "end" : 3240 }, 
        {"sofa" : 12,  "begin" : 3240,  "end" : 3243 }, 
        {"sofa" : 12,  "begin" : 3245,  "end" : 3250 }, 
        {"sofa" : 12,  "begin" : 3251,  "end" : 3258 }, 
        {"sofa" : 12,  "begin" : 3259,  "end" : 3266 }, 
        {"sofa" : 12,  "begin" : 3267,  "end" : 3274 }, 
        {"sofa" : 12,  "begin" : 3275,  "end" : 3276 }, 
        {"sofa" : 12,  "begin" : 3277,  "end" : 3280 }, 
        {"sofa" : 12,  "begin" : 3281,  "end" : 3285 }, 
        {"sofa" : 12,  "begin" : 3286,  "end" : 3290 }, 
        {"sofa" : 12,  "begin" : 3291,  "end" : 3300 }, 
        {"sofa" : 12,  "begin" : 3300,  "end" : 3301 }, 
        {"sofa" : 12,  "begin" : 3302,  "end" : 3311 }, 
        {"sofa" : 12,  "begin" : 3312,  "end" : 3316 }, 
        {"sofa" : 12,  "begin" : 3317,  "end" : 3318 }, 
        {"sofa" : 12,  "begin" : 3318,  "end" : 3319 }, 
        {"sofa" : 12,  "begin" : 3320,  "end" : 3325 }, 
        {"sofa" : 12,  "begin" : 3326,  "end" : 3329 }, 
        {"sofa" : 12,  "begin" : 3330,  "end" : 3337 }, 
        {"sofa" : 12,  "begin" : 3338,  "end" : 3341 }, 
        {"sofa" : 12,  "begin" : 3342,  "end" : 3353 }, 
        {"sofa" : 12,  "begin" : 3354,  "end" : 3356 }, 
        {"sofa" : 12,  "begin" : 3357,  "end" : 3366 }, 
        {"sofa" : 12,  "begin" : 3367,  "end" : 3373 }, 
        {"sofa" : 12,  "begin" : 3373,  "end" : 3374 }, 
        {"sofa" : 12,  "begin" : 3375,  "end" : 3379 }, 
        {"sofa" : 12,  "begin" : 3380,  "end" : 3381 }, 
        {"sofa" : 12,  "begin" : 3381,  "end" : 3382 }, 
        {"sofa" : 12,  "begin" : 3383,  "end" : 3388 }, 
        {"sofa" : 12,  "begin" : 3389,  "end" : 3392 }, 
        {"sofa" : 12,  "begin" : 3393,  "end" : 3401 }, 
        {"sofa" : 12,  "begin" : 3402,  "end" : 3415 }, 
        {"sofa" : 12,  "begin" : 3416,  "end" : 3419 }, 
        {"sofa" : 12,  "begin" : 3420,  "end" : 3423 }, 
        {"sofa" : 12,  "begin" : 3424,  "end" : 3428 }, 
        {"sofa" : 12,  "begin" : 3429,  "end" : 3435 }, 
        {"sofa" : 12,  "begin" : 3436,  "end" : 3438 }, 
        {"sofa" : 12,  "begin" : 3439,  "end" : 3444 }, 
        {"sofa" : 12,  "begin" : 3445,  "end" : 3451 }, 
        {"sofa" : 12,  "begin" : 3451,  "end" : 3452 }, 
        {"sofa" : 12,  "begin" : 3453,  "end" : 3456 }, 
        {"sofa" : 12,  "begin" : 3457,  "end" : 3459 }, 
        {"sofa" : 12,  "begin" : 3460,  "end" : 3465 }, 
        {"sofa" : 12,  "begin" : 3466,  "end" : 3469 }, 
        {"sofa" : 12,  "begin" : 3470,  "end" : 3476 }, 
        {"sofa" : 12,  "begin" : 3477,  "end" : 3480 }, 
        {"sofa" : 12,  "begin" : 3480,  "end" : 3481 }, 
        {"sofa" : 12,  "begin" : 3482,  "end" : 3485 }, 
        {"sofa" : 12,  "begin" : 3486,  "end" : 3492 }, 
        {"sofa" : 12,  "begin" : 3493,  "end" : 3494 }, 
        {"sofa" : 12,  "begin" : 3495,  "end" : 3498 }, 
        {"sofa" : 12,  "begin" : 3499,  "end" : 3500 }, 
        {"sofa" : 12,  "begin" : 3501,  "end" : 3506 }, 
        {"sofa" : 12,  "begin" : 3507,  "end" : 3511 }, 
        {"sofa" : 12,  "begin" : 3512,  "end" : 3516 }, 
        {"sofa" : 12,  "begin" : 3517,  "end" : 3523 }, 
        {"sofa" : 12,  "begin" : 3524,  "end" : 3526 }, 
        {"sofa" : 12,  "begin" : 3527,  "end" : 3533 }, 
        {"sofa" : 12,  "begin" : 3533,  "end" : 3534 }, 
        {"sofa" : 12,  "begin" : 3536,  "end" : 3543 }, 
        {"sofa" : 12,  "begin" : 3545,  "end" : 3548 }, 
        {"sofa" : 12,  "begin" : 3549,  "end" : 3559 }, 
        {"sofa" : 12,  "begin" : 3560,  "end" : 3568 }, 
        {"sofa" : 12,  "begin" : 3569,  "end" : 3571 }, 
        {"sofa" : 12,  "begin" : 3572,  "end" : 3576 }, 
        {"sofa" : 12,  "begin" : 3577,  "end" : 3582 }, 
        {"sofa" : 12,  "begin" : 3583,  "end" : 3585 }, 
        {"sofa" : 12,  "begin" : 3586,  "end" : 3590 }, 
        {"sofa" : 12,  "begin" : 3591,  "end" : 3595 }, 
        {"sofa" : 12,  "begin" : 3596,  "end" : 3602 }, 
        {"sofa" : 12,  "begin" : 3603,  "end" : 3604 }, 
        {"sofa" : 12,  "begin" : 3604,  "end" : 3605 }, 
        {"sofa" : 12,  "begin" : 3606,  "end" : 3611 }, 
        {"sofa" : 12,  "begin" : 3612,  "end" : 3614 }, 
        {"sofa" : 12,  "begin" : 3615,  "end" : 3622 }, 
        {"sofa" : 12,  "begin" : 3623,  "end" : 3627 }, 
        {"sofa" : 12,  "begin" : 3628,  "end" : 3637 }, 
        {"sofa" : 12,  "begin" : 3637,  "end" : 3638 }, 
        {"sofa" : 12,  "begin" : 3639,  "end" : 3641 }, 
        {"sofa" : 12,  "begin" : 3642,  "end" : 3644 }, 
        {"sofa" : 12,  "begin" : 3645,  "end" : 3648 }, 
        {"sofa" : 12,  "begin" : 3649,  "end" : 3650 }, 
        {"sofa" : 12,  "begin" : 3650,  "end" : 3656 }, 
        {"sofa" : 12,  "begin" : 3656,  "end" : 3657 }, 
        {"sofa" : 12,  "begin" : 3658,  "end" : 3667 }, 
        {"sofa" : 12,  "begin" : 3667,  "end" : 3668 }, 
        {"sofa" : 12,  "begin" : 3669,  "end" : 3674 }, 
        {"sofa" : 12,  "begin" : 3675,  "end" : 3683 }, 
        {"sofa" : 12,  "begin" : 3684,  "end" : 3690 }, 
        {"sofa" : 12,  "begin" : 3691,  "end" : 3699 }, 
        {"sofa" : 12,  "begin" : 3700,  "end" : 3703 }, 
        {"sofa" : 12,  "begin" : 3704,  "end" : 3709 }, 
        {"sofa" : 12,  "begin" : 3710,  "end" : 3725 }, 
        {"sofa" : 12,  "begin" : 3725,  "end" : 3726 }, 
        {"sofa" : 12,  "begin" : 3728,  "end" : 3733 }, 
        {"sofa" : 12,  "begin" : 3734,  "end" : 3741 }, 
        {"sofa" : 12,  "begin" : 3743,  "end" : 3748 }, 
        {"sofa" : 12,  "begin" : 3749,  "end" : 3753 }, 
        {"sofa" : 12,  "begin" : 3754,  "end" : 3759 }, 
        {"sofa" : 12,  "begin" : 3760,  "end" : 3763 }, 
        {"sofa" : 12,  "begin" : 3764,  "end" : 3769 }, 
        {"sofa" : 12,  "begin" : 3770,  "end" : 3774 }, 
        {"sofa" : 12,  "begin" : 3775,  "end" : 3779 }, 
        {"sofa" : 12,  "begin" : 3779,  "end" : 3780 }, 
        {"sofa" : 12,  "begin" : 3781,  "end" : 3786 }, 
        {"sofa" : 12,  "begin" : 3787,  "end" : 3790 }, 
        {"sofa" : 12,  "begin" : 3791,  "end" : 3795 }, 
        {"sofa" : 12,  "begin" : 3796,  "end" : 3800 }, 
        {"sofa" : 12,  "begin" : 3801,  "end" : 3806 }, 
        {"sofa" : 12,  "begin" : 3807,  "end" : 3809 }, 
        {"sofa" : 12,  "begin" : 3810,  "end" : 3815 }, 
        {"sofa" : 12,  "begin" : 3816,  "end" : 3823 }, 
        {"sofa" : 12,  "begin" : 3824,  "end" : 3830 }, 
        {"sofa" : 12,  "begin" : 3831,  "end" : 3833 }, 
        {"sofa" : 12,  "begin" : 3834,  "end" : 3837 }, 
        {"sofa" : 12,  "begin" : 3838,  "end" : 3842 }, 
        {"sofa" : 12,  "begin" : 3842,  "end" : 3843 }, 
        {"sofa" : 12,  "begin" : 3844,  "end" : 3852 }, 
        {"sofa" : 12,  "begin" : 3853,  "end" : 3856 }, 
        {"sofa" : 12,  "begin" : 3857,  "end" : 3860 }, 
        {"sofa" : 12,  "begin" : 3861,  "end" : 3866 }, 
        {"sofa" : 12,  "begin" : 3867,  "end" : 3873 }, 
        {"sofa" : 12,  "begin" : 3874,  "end" : 3876 }, 
        {"sofa" : 12,  "begin" : 3877,  "end" : 3880 }, 
        {"sofa" : 12,  "begin" : 3881,  "end" : 3886 }, 
        {"sofa" : 12,  "begin" : 3887,  "end" : 3891 }, 
        {"sofa" : 12,  "begin" : 3892,  "end" : 3895 }, 
        {"sofa" : 12,  "begin" : 3896,  "end" : 3905 }, 
        {"sofa" : 12,  "begin" : 3906,  "end" : 3911 }, 
        {"sofa" : 12,  "begin" : 3911,  "end" : 3912 }, 
        {"sofa" : 12,  "begin" : 3913,  "end" : 3915 }, 
        {"sofa" : 12,  "begin" : 3916,  "end" : 3924 }, 
        {"sofa" : 12,  "begin" : 3924,  "end" : 3925 }, 
        {"sofa" : 12,  "begin" : 3926,  "end" : 3928 }, 
        {"sofa" : 12,  "begin" : 3929,  "end" : 3932 }, 
        {"sofa" : 12,  "begin" : 3933,  "end" : 3938 }, 
        {"sofa" : 12,  "begin" : 3939,  "end" : 3946 }, 
        {"sofa" : 12,  "begin" : 3946,  "end" : 3947 }, 
        {"sofa" : 12,  "begin" : 3948,  "end" : 3960 }, 
        {"sofa" : 12,  "begin" : 3960,  "end" : 3961 }, 
        {"sofa" : 12,  "begin" : 3962,  "end" : 3965 }, 
        {"sofa" : 12,  "begin" : 3966,  "end" : 3975 }, 
        {"sofa" : 12,  "begin" : 3976,  "end" : 3979 }, 
        {"sofa" : 12,  "begin" : 3980,  "end" : 3988 }, 
        {"sofa" : 12,  "begin" : 3989,  "end" : 3991 }, 
        {"sofa" : 12,  "begin" : 3992,  "end" : 3996 }, 
        {"sofa" : 12,  "begin" : 3996,  "end" : 3997 }, 
        {"sofa" : 12,  "begin" : 3999,  "end" : 4002 }, 
        {"sofa" : 12,  "begin" : 4003,  "end" : 4012 }, 
        {"sofa" : 12,  "begin" : 4013,  "end" : 4016 }, 
        {"sofa" : 12,  "begin" : 4017,  "end" : 4019 }, 
        {"sofa" : 12,  "begin" : 4020,  "end" : 4025 }, 
        {"sofa" : 12,  "begin" : 4026,  "end" : 4036 }, 
        {"sofa" : 12,  "begin" : 4037,  "end" : 4041 }, 
        {"sofa" : 12,  "begin" : 4042,  "end" : 4044 }, 
        {"sofa" : 12,  "begin" : 4045,  "end" : 4049 }, 
        {"sofa" : 12,  "begin" : 4049,  "end" : 4050 }, 
        {"sofa" : 12,  "begin" : 4051,  "end" : 4061 }, 
        {"sofa" : 12,  "begin" : 4062,  "end" : 4064 }, 
        {"sofa" : 12,  "begin" : 4065,  "end" : 4075 }, 
        {"sofa" : 12,  "begin" : 4076,  "end" : 4082 }, 
        {"sofa" : 12,  "begin" : 4082,  "end" : 4083 }, 
        {"sofa" : 12,  "begin" : 4084,  "end" : 4089 }, 
        {"sofa" : 12,  "begin" : 4090,  "end" : 4101 }, 
        {"sofa" : 12,  "begin" : 4102,  "end" : 4105 }, 
        {"sofa" : 12,  "begin" : 4106,  "end" : 4115 }, 
        {"sofa" : 12,  "begin" : 4116,  "end" : 4122 }, 
        {"sofa" : 12,  "begin" : 4123,  "end" : 4128 }, 
        {"sofa" : 12,  "begin" : 4129,  "end" : 4133 }, 
        {"sofa" : 12,  "begin" : 4134,  "end" : 4137 }, 
        {"sofa" : 12,  "begin" : 4138,  "end" : 4140 }, 
        {"sofa" : 12,  "begin" : 4141,  "end" : 4148 }, 
        {"sofa" : 12,  "begin" : 4149,  "end" : 4151 }, 
        {"sofa" : 12,  "begin" : 4152,  "end" : 4157 }, 
        {"sofa" : 12,  "begin" : 4158,  "end" : 4164 }, 
        {"sofa" : 12,  "begin" : 4165,  "end" : 4174 }, 
        {"sofa" : 12,  "begin" : 4175,  "end" : 4178 }, 
        {"sofa" : 12,  "begin" : 4179,  "end" : 4186 }, 
        {"sofa" : 12,  "begin" : 4187,  "end" : 4189 }, 
        {"sofa" : 12,  "begin" : 4190,  "end" : 4193 }, 
        {"sofa" : 12,  "begin" : 4194,  "end" : 4197 }, 
        {"sofa" : 12,  "begin" : 4198,  "end" : 4201 }, 
        {"sofa" : 12,  "begin" : 4202,  "end" : 4212 }, 
        {"sofa" : 12,  "begin" : 4213,  "end" : 4221 }, 
        {"sofa" : 12,  "begin" : 4222,  "end" : 4224 }, 
        {"sofa" : 12,  "begin" : 4225,  "end" : 4229 }, 
        {"sofa" : 12,  "begin" : 4230,  "end" : 4234 }, 
        {"sofa" : 12,  "begin" : 4234,  "end" : 4235 }, 
        {"sofa" : 12,  "begin" : 4236,  "end" : 4240 }, 
        {"sofa" : 12,  "begin" : 4241,  "end" : 4249 }, 
        {"sofa" : 12,  "begin" : 4250,  "end" : 4253 }, 
        {"sofa" : 12,  "begin" : 4254,  "end" : 4259 }, 
        {"sofa" : 12,  "begin" : 4260,  "end" : 4261 }, 
        {"sofa" : 12,  "begin" : 4261,  "end" : 4266 }, 
        {"sofa" : 12,  "begin" : 4267,  "end" : 4270 }, 
        {"sofa" : 12,  "begin" : 4271,  "end" : 4278 }, 
        {"sofa" : 12,  "begin" : 4278,  "end" : 4279 }, 
        {"sofa" : 12,  "begin" : 4280,  "end" : 4281 }, 
        {"sofa" : 12,  "begin" : 4282,  "end" : 4284 }, 
        {"sofa" : 12,  "begin" : 4285,  "end" : 4288 }, 
        {"sofa" : 12,  "begin" : 4289,  "end" : 4293 }, 
        {"sofa" : 12,  "begin" : 4294,  "end" : 4296 }, 
        {"sofa" : 12,  "begin" : 4297,  "end" : 4306 }, 
        {"sofa" : 12,  "begin" : 4307,  "end" : 4315 }, 
        {"sofa" : 12,  "begin" : 4316,  "end" : 4323 }, 
        {"sofa" : 12,  "begin" : 4324,  "end" : 4330 }, 
        {"sofa" : 12,  "begin" : 4331,  "end" : 4334 }, 
        {"sofa" : 12,  "begin" : 4335,  "end" : 4345 }, 
        {"sofa" : 12,  "begin" : 4345,  "end" : 4346 }, 
        {"sofa" : 12,  "begin" : 4348,  "end" : 4350 }, 
        {"sofa" : 12,  "begin" : 4351,  "end" : 4362 }, 
        {"sofa" : 12,  "begin" : 4363,  "end" : 4372 }, 
        {"sofa" : 12,  "begin" : 4372,  "end" : 4373 }, 
        {"sofa" : 12,  "begin" : 4374,  "end" : 4376 }, 
        {"sofa" : 12,  "begin" : 4377,  "end" : 4382 }, 
        {"sofa" : 12,  "begin" : 4383,  "end" : 4386 }, 
        {"sofa" : 12,  "begin" : 4387,  "end" : 4392 }, 
        {"sofa" : 12,  "begin" : 4393,  "end" : 4396 }, 
        {"sofa" : 12,  "begin" : 4397,  "end" : 4401 }, 
        {"sofa" : 12,  "begin" : 4402,  "end" : 4409 }, 
        {"sofa" : 12,  "begin" : 4410,  "end" : 4418 }, 
        {"sofa" : 12,  "begin" : 4419,  "end" : 4422 }, 
        {"sofa" : 12,  "begin" : 4423,  "end" : 4430 }, 
        {"sofa" : 12,  "begin" : 4431,  "end" : 4437 }, 
        {"sofa" : 12,  "begin" : 4438,  "end" : 4439 }, 
        {"sofa" : 12,  "begin" : 4439,  "end" : 4442 }, 
        {"sofa" : 12,  "begin" : 4443,  "end" : 4451 }, 
        {"sofa" : 12,  "begin" : 4451,  "end" : 4452 }, 
        {"sofa" : 12,  "begin" : 4452,  "end" : 4453 }, 
        {"sofa" : 12,  "begin" : 4453,  "end" : 4454 }, 
        {"sofa" : 12,  "begin" : 4455,  "end" : 4461 }, 
        {"sofa" : 12,  "begin" : 4462,  "end" : 4467 }, 
        {"sofa" : 12,  "begin" : 4468,  "end" : 4473 }, 
        {"sofa" : 12,  "begin" : 4474,  "end" : 4477 }, 
        {"sofa" : 12,  "begin" : 4478,  "end" : 4482 }, 
        {"sofa" : 12,  "begin" : 4483,  "end" : 4488 }, 
        {"sofa" : 12,  "begin" : 4488,  "end" : 4489 }, 
        {"sofa" : 12,  "begin" : 4490,  "end" : 4494 }, 
        {"sofa" : 12,  "begin" : 4495,  "end" : 4498 }, 
        {"sofa" : 12,  "begin" : 4499,  "end" : 4506 }, 
        {"sofa" : 12,  "begin" : 4507,  "end" : 4513 }, 
        {"sofa" : 12,  "begin" : 4514,  "end" : 4516 }, 
        {"sofa" : 12,  "begin" : 4517,  "end" : 4528 }, 
        {"sofa" : 12,  "begin" : 4529,  "end" : 4533 }, 
        {"sofa" : 12,  "begin" : 4534,  "end" : 4538 }, 
        {"sofa" : 12,  "begin" : 4539,  "end" : 4543 }, 
        {"sofa" : 12,  "begin" : 4543,  "end" : 4544 }, 
        {"sofa" : 12,  "begin" : 4545,  "end" : 4552 }, 
        {"sofa" : 12,  "begin" : 4553,  "end" : 4556 }, 
        {"sofa" : 12,  "begin" : 4557,  "end" : 4565 }, 
        {"sofa" : 12,  "begin" : 4566,  "end" : 4572 }, 
        {"sofa" : 12,  "begin" : 4573,  "end" : 4580 }, 
        {"sofa" : 12,  "begin" : 4580,  "end" : 4581 }, 
        {"sofa" : 12,  "begin" : 4583,  "end" : 4585 }, 
        {"sofa" : 12,  "begin" : 4586,  "end" : 4589 }, 
        {"sofa" : 12,  "begin" : 4590,  "end" : 4593 }, 
        {"sofa" : 12,  "begin" : 4594,  "end" : 4604 }, 
        {"sofa" : 12,  "begin" : 4605,  "end" : 4610 }, 
        {"sofa" : 12,  "begin" : 4611,  "end" : 4617 }, 
        {"sofa" : 12,  "begin" : 4618,  "end" : 4621 }, 
        {"sofa" : 12,  "begin" : 4622,  "end" : 4630 }, 
        {"sofa" : 12,  "begin" : 4630,  "end" : 4631 }, 
        {"sofa" : 12,  "begin" : 4632,  "end" : 4635 }, 
        {"sofa" : 12,  "begin" : 4636,  "end" : 4642 }, 
        {"sofa" : 12,  "begin" : 4643,  "end" : 4648 }, 
        {"sofa" : 12,  "begin" : 4649,  "end" : 4657 }, 
        {"sofa" : 12,  "begin" : 4658,  "end" : 4665 }, 
        {"sofa" : 12,  "begin" : 4666,  "end" : 4668 }, 
        {"sofa" : 12,  "begin" : 4669,  "end" : 4672 }, 
        {"sofa" : 12,  "begin" : 4673,  "end" : 4682 }, 
        {"sofa" : 12,  "begin" : 4683,  "end" : 4686 }, 
        {"sofa" : 12,  "begin" : 4687,  "end" : 4698 }, 
        {"sofa" : 12,  "begin" : 4699,  "end" : 4708 }, 
        {"sofa" : 12,  "begin" : 4709,  "end" : 4712 }, 
        {"sofa" : 12,  "begin" : 4713,  "end" : 4717 }, 
        {"sofa" : 12,  "begin" : 4718,  "end" : 4721 }, 
        {"sofa" : 12,  "begin" : 4722,  "end" : 4729 }, 
        {"sofa" : 12,  "begin" : 4730,  "end" : 4736 }, 
        {"sofa" : 12,  "begin" : 4737,  "end" : 4743 }, 
        {"sofa" : 12,  "begin" : 4744,  "end" : 4747 }, 
        {"sofa" : 12,  "begin" : 4748,  "end" : 4752 }, 
        {"sofa" : 12,  "begin" : 4753,  "end" : 4754 }, 
        {"sofa" : 12,  "begin" : 4755,  "end" : 4764 }, 
        {"sofa" : 12,  "begin" : 4765,  "end" : 4769 }, 
        {"sofa" : 12,  "begin" : 4769,  "end" : 4770 }, 
        {"sofa" : 12,  "begin" : 4771,  "end" : 4773 }, 
        {"sofa" : 12,  "begin" : 4774,  "end" : 4778 }, 
        {"sofa" : 12,  "begin" : 4779,  "end" : 4781 }, 
        {"sofa" : 12,  "begin" : 4782,  "end" : 4788 }, 
        {"sofa" : 12,  "begin" : 4789,  "end" : 4791 }, 
        {"sofa" : 12,  "begin" : 4792,  "end" : 4800 }, 
        {"sofa" : 12,  "begin" : 4801,  "end" : 4804 }, 
        {"sofa" : 12,  "begin" : 4805,  "end" : 4811 }, 
        {"sofa" : 12,  "begin" : 4812,  "end" : 4814 }, 
        {"sofa" : 12,  "begin" : 4815,  "end" : 4816 }, 
        {"sofa" : 12,  "begin" : 4817,  "end" : 4823 }, 
        {"sofa" : 12,  "begin" : 4824,  "end" : 4829 }, 
        {"sofa" : 12,  "begin" : 4829,  "end" : 4830 }, 
        {"sofa" : 12,  "begin" : 4831,  "end" : 4834 }, 
        {"sofa" : 12,  "begin" : 4835,  "end" : 4843 }, 
        {"sofa" : 12,  "begin" : 4844,  "end" : 4847 }, 
        {"sofa" : 12,  "begin" : 4848,  "end" : 4859 }, 
        {"sofa" : 12,  "begin" : 4860,  "end" : 4869 }, 
        {"sofa" : 12,  "begin" : 4870,  "end" : 4873 }, 
        {"sofa" : 12,  "begin" : 4874,  "end" : 4883 }, 
        {"sofa" : 12,  "begin" : 4884,  "end" : 4891 }, 
        {"sofa" : 12,  "begin" : 4891,  "end" : 4892 }, 
        {"sofa" : 12,  "begin" : 4893,  "end" : 4902 }, 
        {"sofa" : 12,  "begin" : 4903,  "end" : 4909 }, 
        {"sofa" : 12,  "begin" : 4910,  "end" : 4916 }, 
        {"sofa" : 12,  "begin" : 4916,  "end" : 4917 }, 
        {"sofa" : 12,  "begin" : 4918,  "end" : 4922 }, 
        {"sofa" : 12,  "begin" : 4923,  "end" : 4928 }, 
        {"sofa" : 12,  "begin" : 4928,  "end" : 4929 }, 
        {"sofa" : 12,  "begin" : 4930,  "end" : 4932 }, 
        {"sofa" : 12,  "begin" : 4932,  "end" : 4933 }, 
        {"sofa" : 12,  "begin" : 4934,  "end" : 4936 }, 
        {"sofa" : 12,  "begin" : 4936,  "end" : 4937 }, 
        {"sofa" : 12,  "begin" : 4938,  "end" : 4944 }, 
        {"sofa" : 12,  "begin" : 4945,  "end" : 4949 }, 
        {"sofa" : 12,  "begin" : 4950,  "end" : 4953 }, 
        {"sofa" : 12,  "begin" : 4954,  "end" : 4958 }, 
        {"sofa" : 12,  "begin" : 4958,  "end" : 4959 } ], 
      "Persuasive_Labels" : [
        {"sofa" : 12,  "begin" : 304,  "end" : 397,  "DistinctiveLinguisticFeatures" : "distinctive linguistic features" }, 
        {"sofa" : 12,  "begin" : 304,  "end" : 397,  "DistinctiveLinguisticFeatures" : "uppercase words" }, 
        {"sofa" : 12,  "begin" : 304,  "end" : 397,  "DistinctiveLinguisticFeatures" : "title of article as clickbait" }, 
        {"sofa" : 12,  "begin" : 1188,  "end" : 1261,  "EstablishingLegitimacy" : "Establishing Legitimacy" }, 
        {"sofa" : 12,  "begin" : 1188,  "end" : 1261,  "EstablishingLegitimacy" : "legitimate persuasive techniques: rhetorical question" }, 
        {"sofa" : 12,  "begin" : 1718,  "end" : 1830,  "InappropriateUseofScientificEvidence" : "inappropriate use of scientific and Other evidence" }, 
        {"sofa" : 12,  "begin" : 1718,  "end" : 1830,  "InappropriateUseofScientificEvidence" : "less robust evidence or outdated evidence_verified" }, 
        {"sofa" : 12,  "begin" : 1832,  "end" : 1972,  "InappropriateUseofScientificEvidence" : "Inappropriate Use of Scientific and Other Evidence - out of context_verified" }, 
        {"sofa" : 12,  "begin" : 1832,  "end" : 1972,  "InappropriateUseofScientificEvidence" : "inappropriate use of scientific and Other evidence" }, 
        {"sofa" : 12,  "begin" : 2120,  "end" : 2181,  "EstablishingLegitimacy" : "Establishing Legitimacy" }, 
        {"sofa" : 12,  "begin" : 2120,  "end" : 2181,  "EstablishingLegitimacy" : "citing source to establish legitimacy_source not verified" }, 
        {"sofa" : 12,  "begin" : 2825,  "end" : 2938,  "InappropriateUseofScientificEvidence" : "inappropriate use of scientific and Other evidence" }, 
        {"sofa" : 12,  "begin" : 2825,  "end" : 2938,  "InappropriateUseofScientificEvidence" : "less robust evidence or outdated evidence_verified" }, 
        {"sofa" : 12,  "begin" : 2825,  "end" : 2938,  "HighlightingUncertaintyandRisk" : "Highlighting Uncertainty and Risk" }, 
        {"sofa" : 12,  "begin" : 3043,  "end" : 3148,  "HighlightingUncertaintyandRisk" : "Highlighting Uncertainty and Risk" }, 
        {"sofa" : 12,  "begin" : 3149,  "end" : 3211,  "EstablishingLegitimacy" : "Establishing Legitimacy" }, 
        {"sofa" : 12,  "begin" : 3149,  "end" : 3211,  "EstablishingLegitimacy" : "legitimate persuasive techniques: rhetorical question" }, 
        {"sofa" : 12,  "begin" : 3245,  "end" : 3726,  "HighlightingUncertaintyandRisk" : "Highlighting Uncertainty and Risk" }, 
        {"sofa" : 12,  "begin" : 3743,  "end" : 3912,  "InappropriateUseofScientificEvidence" : "less robust evidence or outdated evidence_verified" }, 
        {"sofa" : 12,  "begin" : 3743,  "end" : 3912,  "InappropriateUseofScientificEvidence" : "inappropriate use of scientific and Other evidence" }, 
        {"sofa" : 12,  "begin" : 3913,  "end" : 3997,  "HighlightingUncertaintyandRisk" : "Highlighting Uncertainty and Risk" }, 
        {"sofa" : 12,  "begin" : 4084,  "end" : 4128,  "EmotionalAppeals" : "emotional appeals" }, 
        {"sofa" : 12,  "begin" : 4084,  "end" : 4128,  "EmotionalAppeals" : "anxiety" }, 
        {"sofa" : 12,  "begin" : 4282,  "end" : 4346,  "EstablishingLegitimacy" : "Establishing Legitimacy" }, 
        {"sofa" : 12,  "begin" : 4282,  "end" : 4346,  "EstablishingLegitimacy" : "surface credibility markers - words associated with nature or healthiness" }, 
        {"sofa" : 12,  "begin" : 4455,  "end" : 4581,  "EstablishingLegitimacy" : "Establishing Legitimacy" }, 
        {"sofa" : 12,  "begin" : 4455,  "end" : 4581,  "EstablishingLegitimacy" : "surface credibility markers - words associated with nature or healthiness" }, 
        {"sofa" : 12,  "begin" : 4903,  "end" : 4949,  "EstablishingLegitimacy" : "Establishing Legitimacy" }, 
        {"sofa" : 12,  "begin" : 4903,  "end" : 4949,  "EstablishingLegitimacy" : "citing source to establish legitimacy_source not verified" } ] } }, 
  "_referenced_fss" : {
    "12" : {"_type" : "Sofa",  "sofaNum" : 1,  "sofaID" : "_InitialView",  "mimeType" : "text",  "sofaString" : "﻿snes-03912 Snacks marketed to children are heavily laden with ingredients that cause cancer.\r\nSource: https://web.archive.org/web/20160208202135/https://www.davidwolfe.com/cancer-causing-childrens-snacks \r\nFact checking: https://www.snopes.com/fact-check/childrens-snacks-petroleum/ \r\nActual content: \r\nBEWARE: TOP 5 POTENTIALLY CANCER-CAUSING CHILDREN'S SNACKS MADE FROM PETROLEUM-BASED PRODUCTS\r\nCompanies market food directly to children through T.V. and radio commercials, the internet, magazines, toys, clothing, and even through product placement in movies and video games. The total amount of money spent on marketing food to children in order to actively influence their food choices is about $10 billion a year. $10 billion to ensure that kids pick the extra-sugary cereal with the movie character on the box, or the fruit snacks full of artificial preservatives that are shaped like animals from the zoo. Marketing to children works and the fact is that the overwhelming majority of marketing directed at children is for foods with poor nutritional quality that are potentially dangerous to their health. We know that most of these products fall into the \"junk food\" category, but how exactly are the ingredients in these snacks affecting our health?\r\nMany of the popular snacks kids love contain artificial food coloring to make the food look more appealing to children - allowing them to \"taste the rainbow\" and have fun with their food. Yellow 5 (tartrazine) and Red 40 are just two of the commonly used food dyes made from petroleum, which is used to enhance products such as Fruit Loops, Jell-O, Kool-Aid, macaroni and cheese, popsicles, fruit roll-ups and Nutri-Grain cereal bars, just to name a few. These dyes have been linked to serious health problems, including cancer, hyperactivity, and allergic reactions.\r\nYellow 5 and Red 40 are two out of six food colorings that are banned in the UK, but U.S. companies still use them freely in their products. So much so, it is estimated that manufacturers in the U.S. put about 15 million pounds of eight different synthetic dyes into our foods each year. While the U.S. Food and Drug Administration acknowledges that food dyes can impair the behavior of some children, it has done nothing to remove them from our food supply. The list of products containing these dyes is almost endless, but here are a few to watch out for:\r\nHere are the top 5 popular children's snacks made with petroleum-based ingredients:\r\nPop Tarts\r\nThe most popular flavor of Pop Tarts, Frosted Strawberry, includes ingredients such as corn syrup, dextrose, sugar and high fructose corn syrup, all of which have been linked to sugar addiction, diabetes and liver problems in children. These toaster pastries also include TBHQ, a petroleum-based product that causes cellular dysfunction. In laboratory animals, it's been linked to tumors, loss of vision, liver enlargement, convulsions, and paralysis.\r\nFruit Snacks\r\nThe food color most often used in these \"fruit\" flavored snacks is Red 3 or erythrosine, a petroleum product which has been banned for use in cosmetics due to its connection with thyroid tumors. It is unsafe to use on your skin, but eating it is no problem? Avoid the gummy section!\r\nM&M's\r\nThese popular candies contain a lot more than chocolate, including Blue 1, which can trigger the development of malignant tumors, Blue 2, which can increase hyperactivity and has been linked to brain tumors, Red 40 which can damage DNA, and Yellow 5 and 6 which have been linked to cancer.\r\nCheetos\r\nThe artificial coloring in this snack is made from Yellow 6, which is derived from petroleum, as is the \"cheese\" flavoring, which includes methyl benzoate and ethyl methylphenidate.\r\nTeddy Grahams\r\nThese tiny bears are laced with TBHQ, which has also been shown to cause stomach cancer in lab rats, fragment DNA and cause damage to the human lung and umbilical cells. In children, it can cause anxiety, restlessness, and intensify the symptoms of ADHD.\r\nThe continued use of these artificial dyes in food, especially in children's snacks, poses unnecessary and dangerous health risks that can be avoided by being health conscious and keeping an eye out for artificial coloring in your food. Your children can still \"taste the rainbow\" - in the form of naturally colorful organic fruits and vegetables.\r\nAt Integrative Nutrition, we teach you about the many dietary theories for healthy living (and snacking!). You'll learn about the many quick, easy and healthy snacks to incorporate into your diet, without the negative health effects.\r\nIf you are passionate about health and wellness, the Health Coach Training Program at the Institute for Integrative Nutrition can help you improve eating habits and live a healthier life, as well as launch an exciting new career as a Health Coach. Our teachers are world-class educators and nutrition experts, including Deepak Chopra, Mark Hyman, Dr. Oz, Geneen Roth and more!\r\n\r\n" } } }