{"_context" : {
    "_types" : {
      "DocumentMetaData" : {
        "_feature_types" : {"sofa" : "_ref" } }, 
      "Persuasive_Labels" : {
        "_feature_types" : {"sofa" : "_ref" } }, 
      "Sentence" : {
        "_feature_types" : {"sofa" : "_ref" } }, 
      "Sofa" : {
        "_feature_types" : {"sofaArray" : "_ref" } }, 
      "TagsetDescription" : {
        "_feature_types" : {"sofa" : "_ref",  "tags" : "_ref" } }, 
      "Token" : {
        "_feature_types" : {"sofa" : "_ref",  "parent" : "_ref",  "lemma" : "_ref",  "stem" : "_ref",  "pos" : "_ref",  "morph" : "_ref",  "form" : "_ref" } }, 
      "DocumentAnnotation" : {
        "_feature_types" : {"sofa" : "_ref" }, 
        "_subtypes" : ["DocumentMetaData" ] }, 
      "Annotation" : {
        "_feature_types" : {"sofa" : "_ref" }, 
        "_subtypes" : ["DocumentAnnotation",  "Persuasive_Labels",  "Sentence",  "TagsetDescription",  "Token" ] }, 
      "AnnotationBase" : {
        "_feature_types" : {"sofa" : "_ref" }, 
        "_subtypes" : ["Annotation" ] }, 
      "TOP" : {
        "_subtypes" : ["AnnotationBase",  "Sofa" ] } } }, 
  "_views" : {
    "_InitialView" : {
      "DocumentMetaData" : [
        {"sofa" : 12,  "end" : 6481,  "language" : "x-unspecified",  "documentTitle" : "248.%20snes-02527%20Scientific%20studies%20demonstrate%20that%20the%20process%20of%20adding%20fluoride%20to%20public%20water%20reduces%20the%20IQ%20of%20the%20individuals%20in%20those%20areas.txt",  "documentId" : "admin",  "documentUri" : "file:/C:/Users/huiyi/.webanno/repository/project/4/document/578/source/admin",  "collectionId" : "file:/C:/Users/huiyi/.webanno/repository/project/4/document/578/source/",  "documentBaseUri" : "file:/C:/Users/huiyi/.webanno/repository/project/4/document/578/source/",  "isLastSegment" : false } ], 
      "TagsetDescription" : [
        {"sofa" : 12,  "layer" : "de.tudarmstadt.ukp.dkpro.core.api.syntax.type.dependency.Dependency",  "name" : "UD Universal Dependencies (v2)",  "input" : false }, 
        {"sofa" : 12,  "layer" : "de.tudarmstadt.ukp.dkpro.core.api.ner.type.NamedEntity",  "name" : "Named Entity tags",  "input" : false }, 
        {"sofa" : 12,  "layer" : "de.tudarmstadt.ukp.dkpro.core.api.transform.type.SofaChangeAnnotation",  "name" : "Operation",  "input" : false }, 
        {"sofa" : 12,  "layer" : "de.tudarmstadt.ukp.dkpro.core.api.lexmorph.type.pos.POS",  "name" : "UD Universal POS tags (v2)",  "input" : false }, 
        {"sofa" : 12,  "layer" : "webanno.custom.Persuasive_Labels",  "name" : "2. Using Anecdotes and Personal Experience as Evidence",  "input" : false } ], 
      "Sentence" : [
        {"sofa" : 12,  "end" : 144 }, 
        {"sofa" : 12,  "begin" : 146,  "end" : 679 }, 
        {"sofa" : 12,  "begin" : 679,  "end" : 862 }, 
        {"sofa" : 12,  "begin" : 864,  "end" : 1123 }, 
        {"sofa" : 12,  "begin" : 1125,  "end" : 1206 }, 
        {"sofa" : 12,  "begin" : 1207,  "end" : 1341 }, 
        {"sofa" : 12,  "begin" : 1341,  "end" : 1438 }, 
        {"sofa" : 12,  "begin" : 1438,  "end" : 1515 }, 
        {"sofa" : 12,  "begin" : 1516,  "end" : 1563 }, 
        {"sofa" : 12,  "begin" : 1564,  "end" : 1623 }, 
        {"sofa" : 12,  "begin" : 1625,  "end" : 1939 }, 
        {"sofa" : 12,  "begin" : 1941,  "end" : 1995 }, 
        {"sofa" : 12,  "begin" : 1996,  "end" : 2254 }, 
        {"sofa" : 12,  "begin" : 2255,  "end" : 2431 }, 
        {"sofa" : 12,  "begin" : 2433,  "end" : 2514 }, 
        {"sofa" : 12,  "begin" : 2515,  "end" : 2561 }, 
        {"sofa" : 12,  "begin" : 2562,  "end" : 2619 }, 
        {"sofa" : 12,  "begin" : 2620,  "end" : 2647 }, 
        {"sofa" : 12,  "begin" : 2648,  "end" : 2665 }, 
        {"sofa" : 12,  "begin" : 2666,  "end" : 2886 }, 
        {"sofa" : 12,  "begin" : 2887,  "end" : 2976 }, 
        {"sofa" : 12,  "begin" : 2978,  "end" : 2999 }, 
        {"sofa" : 12,  "begin" : 3000,  "end" : 3078 }, 
        {"sofa" : 12,  "begin" : 3079,  "end" : 3260 }, 
        {"sofa" : 12,  "begin" : 3261,  "end" : 3314 }, 
        {"sofa" : 12,  "begin" : 3315,  "end" : 3382 }, 
        {"sofa" : 12,  "begin" : 3384,  "end" : 3613 }, 
        {"sofa" : 12,  "begin" : 3614,  "end" : 3721 }, 
        {"sofa" : 12,  "begin" : 3722,  "end" : 3827 }, 
        {"sofa" : 12,  "begin" : 3829,  "end" : 3938 }, 
        {"sofa" : 12,  "begin" : 3939,  "end" : 3999 }, 
        {"sofa" : 12,  "begin" : 4000,  "end" : 4090 }, 
        {"sofa" : 12,  "begin" : 4091,  "end" : 4282 }, 
        {"sofa" : 12,  "begin" : 4284,  "end" : 4520 }, 
        {"sofa" : 12,  "begin" : 4521,  "end" : 4606 }, 
        {"sofa" : 12,  "begin" : 4607,  "end" : 4714 }, 
        {"sofa" : 12,  "begin" : 4716,  "end" : 4930 }, 
        {"sofa" : 12,  "begin" : 4931,  "end" : 5024 }, 
        {"sofa" : 12,  "begin" : 5025,  "end" : 5114 }, 
        {"sofa" : 12,  "begin" : 5116,  "end" : 5387 }, 
        {"sofa" : 12,  "begin" : 5389,  "end" : 5405 }, 
        {"sofa" : 12,  "begin" : 5406,  "end" : 5627 }, 
        {"sofa" : 12,  "begin" : 5628,  "end" : 5708 }, 
        {"sofa" : 12,  "begin" : 5710,  "end" : 5808 }, 
        {"sofa" : 12,  "begin" : 5809,  "end" : 5907 }, 
        {"sofa" : 12,  "begin" : 5908,  "end" : 5926 }, 
        {"sofa" : 12,  "begin" : 5928,  "end" : 5967 }, 
        {"sofa" : 12,  "begin" : 5968,  "end" : 5992 }, 
        {"sofa" : 12,  "begin" : 5994,  "end" : 6099 }, 
        {"sofa" : 12,  "begin" : 6100,  "end" : 6238 }, 
        {"sofa" : 12,  "begin" : 6240,  "end" : 6332 }, 
        {"sofa" : 12,  "begin" : 6333,  "end" : 6375 }, 
        {"sofa" : 12,  "begin" : 6376,  "end" : 6393 }, 
        {"sofa" : 12,  "begin" : 6394,  "end" : 6402 }, 
        {"sofa" : 12,  "begin" : 6404,  "end" : 6452 }, 
        {"sofa" : 12,  "begin" : 6454,  "end" : 6477 } ], 
      "Token" : [
        {"sofa" : 12,  "end" : 5 }, 
        {"sofa" : 12,  "begin" : 5,  "end" : 6 }, 
        {"sofa" : 12,  "begin" : 6,  "end" : 11 }, 
        {"sofa" : 12,  "begin" : 12,  "end" : 22 }, 
        {"sofa" : 12,  "begin" : 23,  "end" : 30 }, 
        {"sofa" : 12,  "begin" : 31,  "end" : 42 }, 
        {"sofa" : 12,  "begin" : 43,  "end" : 47 }, 
        {"sofa" : 12,  "begin" : 48,  "end" : 51 }, 
        {"sofa" : 12,  "begin" : 52,  "end" : 59 }, 
        {"sofa" : 12,  "begin" : 60,  "end" : 62 }, 
        {"sofa" : 12,  "begin" : 63,  "end" : 69 }, 
        {"sofa" : 12,  "begin" : 70,  "end" : 78 }, 
        {"sofa" : 12,  "begin" : 79,  "end" : 81 }, 
        {"sofa" : 12,  "begin" : 82,  "end" : 88 }, 
        {"sofa" : 12,  "begin" : 89,  "end" : 94 }, 
        {"sofa" : 12,  "begin" : 95,  "end" : 102 }, 
        {"sofa" : 12,  "begin" : 103,  "end" : 106 }, 
        {"sofa" : 12,  "begin" : 107,  "end" : 109 }, 
        {"sofa" : 12,  "begin" : 110,  "end" : 112 }, 
        {"sofa" : 12,  "begin" : 113,  "end" : 116 }, 
        {"sofa" : 12,  "begin" : 117,  "end" : 128 }, 
        {"sofa" : 12,  "begin" : 129,  "end" : 131 }, 
        {"sofa" : 12,  "begin" : 132,  "end" : 137 }, 
        {"sofa" : 12,  "begin" : 138,  "end" : 143 }, 
        {"sofa" : 12,  "begin" : 143,  "end" : 144 }, 
        {"sofa" : 12,  "begin" : 146,  "end" : 152 }, 
        {"sofa" : 12,  "begin" : 152,  "end" : 153 }, 
        {"sofa" : 12,  "begin" : 154,  "end" : 159 }, 
        {"sofa" : 12,  "begin" : 159,  "end" : 160 }, 
        {"sofa" : 12,  "begin" : 160,  "end" : 161 }, 
        {"sofa" : 12,  "begin" : 161,  "end" : 162 }, 
        {"sofa" : 12,  "begin" : 162,  "end" : 179 }, 
        {"sofa" : 12,  "begin" : 179,  "end" : 180 }, 
        {"sofa" : 12,  "begin" : 180,  "end" : 187 }, 
        {"sofa" : 12,  "begin" : 187,  "end" : 188 }, 
        {"sofa" : 12,  "begin" : 188,  "end" : 198 }, 
        {"sofa" : 12,  "begin" : 198,  "end" : 199 }, 
        {"sofa" : 12,  "begin" : 199,  "end" : 250 }, 
        {"sofa" : 12,  "begin" : 253,  "end" : 257 }, 
        {"sofa" : 12,  "begin" : 258,  "end" : 266 }, 
        {"sofa" : 12,  "begin" : 266,  "end" : 267 }, 
        {"sofa" : 12,  "begin" : 268,  "end" : 273 }, 
        {"sofa" : 12,  "begin" : 273,  "end" : 274 }, 
        {"sofa" : 12,  "begin" : 274,  "end" : 275 }, 
        {"sofa" : 12,  "begin" : 275,  "end" : 276 }, 
        {"sofa" : 12,  "begin" : 276,  "end" : 290 }, 
        {"sofa" : 12,  "begin" : 290,  "end" : 291 }, 
        {"sofa" : 12,  "begin" : 291,  "end" : 301 }, 
        {"sofa" : 12,  "begin" : 301,  "end" : 302 }, 
        {"sofa" : 12,  "begin" : 302,  "end" : 331 }, 
        {"sofa" : 12,  "begin" : 331,  "end" : 332 }, 
        {"sofa" : 12,  "begin" : 335,  "end" : 341 }, 
        {"sofa" : 12,  "begin" : 342,  "end" : 349 }, 
        {"sofa" : 12,  "begin" : 349,  "end" : 350 }, 
        {"sofa" : 12,  "begin" : 353,  "end" : 361 }, 
        {"sofa" : 12,  "begin" : 361,  "end" : 362 }, 
        {"sofa" : 12,  "begin" : 363,  "end" : 371 }, 
        {"sofa" : 12,  "begin" : 372,  "end" : 379 }, 
        {"sofa" : 12,  "begin" : 380,  "end" : 386 }, 
        {"sofa" : 12,  "begin" : 387,  "end" : 389 }, 
        {"sofa" : 12,  "begin" : 390,  "end" : 393 }, 
        {"sofa" : 12,  "begin" : 394,  "end" : 399 }, 
        {"sofa" : 12,  "begin" : 400,  "end" : 406 }, 
        {"sofa" : 12,  "begin" : 408,  "end" : 414 }, 
        {"sofa" : 12,  "begin" : 415,  "end" : 417 }, 
        {"sofa" : 12,  "begin" : 418,  "end" : 421 }, 
        {"sofa" : 12,  "begin" : 422,  "end" : 429 }, 
        {"sofa" : 12,  "begin" : 429,  "end" : 430 }, 
        {"sofa" : 12,  "begin" : 432,  "end" : 437 }, 
        {"sofa" : 12,  "begin" : 438,  "end" : 446 }, 
        {"sofa" : 12,  "begin" : 448,  "end" : 458 }, 
        {"sofa" : 12,  "begin" : 459,  "end" : 463 }, 
        {"sofa" : 12,  "begin" : 463,  "end" : 464 }, 
        {"sofa" : 12,  "begin" : 466,  "end" : 469 }, 
        {"sofa" : 12,  "begin" : 470,  "end" : 472 }, 
        {"sofa" : 12,  "begin" : 472,  "end" : 473 }, 
        {"sofa" : 12,  "begin" : 474,  "end" : 478 }, 
        {"sofa" : 12,  "begin" : 478,  "end" : 480 }, 
        {"sofa" : 12,  "begin" : 480,  "end" : 481 }, 
        {"sofa" : 12,  "begin" : 481,  "end" : 483 }, 
        {"sofa" : 12,  "begin" : 483,  "end" : 487 }, 
        {"sofa" : 12,  "begin" : 488,  "end" : 490 }, 
        {"sofa" : 12,  "begin" : 490,  "end" : 491 }, 
        {"sofa" : 12,  "begin" : 492,  "end" : 496 }, 
        {"sofa" : 12,  "begin" : 496,  "end" : 498 }, 
        {"sofa" : 12,  "begin" : 498,  "end" : 499 }, 
        {"sofa" : 12,  "begin" : 499,  "end" : 501 }, 
        {"sofa" : 12,  "begin" : 501,  "end" : 502 }, 
        {"sofa" : 12,  "begin" : 503,  "end" : 509 }, 
        {"sofa" : 12,  "begin" : 510,  "end" : 514 }, 
        {"sofa" : 12,  "begin" : 514,  "end" : 516 }, 
        {"sofa" : 12,  "begin" : 516,  "end" : 517 }, 
        {"sofa" : 12,  "begin" : 517,  "end" : 520 }, 
        {"sofa" : 12,  "begin" : 520,  "end" : 524 }, 
        {"sofa" : 12,  "begin" : 525,  "end" : 528 }, 
        {"sofa" : 12,  "begin" : 529,  "end" : 541 }, 
        {"sofa" : 12,  "begin" : 543,  "end" : 544 }, 
        {"sofa" : 12,  "begin" : 544,  "end" : 549 }, 
        {"sofa" : 12,  "begin" : 549,  "end" : 550 }, 
        {"sofa" : 12,  "begin" : 551,  "end" : 558 }, 
        {"sofa" : 12,  "begin" : 559,  "end" : 563 }, 
        {"sofa" : 12,  "begin" : 564,  "end" : 571 }, 
        {"sofa" : 12,  "begin" : 572,  "end" : 574 }, 
        {"sofa" : 12,  "begin" : 575,  "end" : 580 }, 
        {"sofa" : 12,  "begin" : 581,  "end" : 592 }, 
        {"sofa" : 12,  "begin" : 593,  "end" : 601 }, 
        {"sofa" : 12,  "begin" : 602,  "end" : 604 }, 
        {"sofa" : 12,  "begin" : 605,  "end" : 614 }, 
        {"sofa" : 12,  "begin" : 615,  "end" : 618 }, 
        {"sofa" : 12,  "begin" : 619,  "end" : 624 }, 
        {"sofa" : 12,  "begin" : 625,  "end" : 630 }, 
        {"sofa" : 12,  "begin" : 631,  "end" : 638 }, 
        {"sofa" : 12,  "begin" : 639,  "end" : 643 }, 
        {"sofa" : 12,  "begin" : 644,  "end" : 648 }, 
        {"sofa" : 12,  "begin" : 649,  "end" : 657 }, 
        {"sofa" : 12,  "begin" : 658,  "end" : 660 }, 
        {"sofa" : 12,  "begin" : 661,  "end" : 668 }, 
        {"sofa" : 12,  "begin" : 669,  "end" : 677 }, 
        {"sofa" : 12,  "begin" : 677,  "end" : 678 }, 
        {"sofa" : 12,  "begin" : 678,  "end" : 679 }, 
        {"sofa" : 12,  "begin" : 679,  "end" : 684 }, 
        {"sofa" : 12,  "begin" : 685,  "end" : 687 }, 
        {"sofa" : 12,  "begin" : 688,  "end" : 693 }, 
        {"sofa" : 12,  "begin" : 694,  "end" : 699 }, 
        {"sofa" : 12,  "begin" : 699,  "end" : 700 }, 
        {"sofa" : 12,  "begin" : 700,  "end" : 701 }, 
        {"sofa" : 12,  "begin" : 701,  "end" : 710 }, 
        {"sofa" : 12,  "begin" : 712,  "end" : 716 }, 
        {"sofa" : 12,  "begin" : 717,  "end" : 720 }, 
        {"sofa" : 12,  "begin" : 721,  "end" : 725 }, 
        {"sofa" : 12,  "begin" : 726,  "end" : 730 }, 
        {"sofa" : 12,  "begin" : 731,  "end" : 735 }, 
        {"sofa" : 12,  "begin" : 736,  "end" : 740 }, 
        {"sofa" : 12,  "begin" : 741,  "end" : 743 }, 
        {"sofa" : 12,  "begin" : 744,  "end" : 748 }, 
        {"sofa" : 12,  "begin" : 748,  "end" : 749 }, 
        {"sofa" : 12,  "begin" : 750,  "end" : 753 }, 
        {"sofa" : 12,  "begin" : 754,  "end" : 758 }, 
        {"sofa" : 12,  "begin" : 759,  "end" : 761 }, 
        {"sofa" : 12,  "begin" : 762,  "end" : 769 }, 
        {"sofa" : 12,  "begin" : 770,  "end" : 773 }, 
        {"sofa" : 12,  "begin" : 774,  "end" : 778 }, 
        {"sofa" : 12,  "begin" : 779,  "end" : 785 }, 
        {"sofa" : 12,  "begin" : 786,  "end" : 789 }, 
        {"sofa" : 12,  "begin" : 790,  "end" : 794 }, 
        {"sofa" : 12,  "begin" : 795,  "end" : 798 }, 
        {"sofa" : 12,  "begin" : 799,  "end" : 806 }, 
        {"sofa" : 12,  "begin" : 807,  "end" : 809 }, 
        {"sofa" : 12,  "begin" : 810,  "end" : 818 }, 
        {"sofa" : 12,  "begin" : 819,  "end" : 821 }, 
        {"sofa" : 12,  "begin" : 822,  "end" : 825 }, 
        {"sofa" : 12,  "begin" : 826,  "end" : 834 }, 
        {"sofa" : 12,  "begin" : 835,  "end" : 840 }, 
        {"sofa" : 12,  "begin" : 840,  "end" : 841 }, 
        {"sofa" : 12,  "begin" : 842,  "end" : 847 }, 
        {"sofa" : 12,  "begin" : 848,  "end" : 853 }, 
        {"sofa" : 12,  "begin" : 854,  "end" : 856 }, 
        {"sofa" : 12,  "begin" : 857,  "end" : 861 }, 
        {"sofa" : 12,  "begin" : 861,  "end" : 862 }, 
        {"sofa" : 12,  "begin" : 864,  "end" : 868 }, 
        {"sofa" : 12,  "begin" : 869,  "end" : 873 }, 
        {"sofa" : 12,  "begin" : 873,  "end" : 874 }, 
        {"sofa" : 12,  "begin" : 875,  "end" : 881 }, 
        {"sofa" : 12,  "begin" : 882,  "end" : 891 }, 
        {"sofa" : 12,  "begin" : 892,  "end" : 900 }, 
        {"sofa" : 12,  "begin" : 901,  "end" : 905 }, 
        {"sofa" : 12,  "begin" : 906,  "end" : 909 }, 
        {"sofa" : 12,  "begin" : 909,  "end" : 910 }, 
        {"sofa" : 12,  "begin" : 910,  "end" : 911 }, 
        {"sofa" : 12,  "begin" : 911,  "end" : 918 }, 
        {"sofa" : 12,  "begin" : 919,  "end" : 922 }, 
        {"sofa" : 12,  "begin" : 923,  "end" : 930 }, 
        {"sofa" : 12,  "begin" : 930,  "end" : 931 }, 
        {"sofa" : 12,  "begin" : 931,  "end" : 932 }, 
        {"sofa" : 12,  "begin" : 932,  "end" : 935 }, 
        {"sofa" : 12,  "begin" : 936,  "end" : 937 }, 
        {"sofa" : 12,  "begin" : 937,  "end" : 938 }, 
        {"sofa" : 12,  "begin" : 939,  "end" : 943 }, 
        {"sofa" : 12,  "begin" : 944,  "end" : 948 }, 
        {"sofa" : 12,  "begin" : 949,  "end" : 954 }, 
        {"sofa" : 12,  "begin" : 955,  "end" : 965 }, 
        {"sofa" : 12,  "begin" : 965,  "end" : 966 }, 
        {"sofa" : 12,  "begin" : 967,  "end" : 975 }, 
        {"sofa" : 12,  "begin" : 976,  "end" : 979 }, 
        {"sofa" : 12,  "begin" : 980,  "end" : 992 }, 
        {"sofa" : 12,  "begin" : 993,  "end" : 1001 }, 
        {"sofa" : 12,  "begin" : 1002,  "end" : 1007 }, 
        {"sofa" : 12,  "begin" : 1008,  "end" : 1015 }, 
        {"sofa" : 12,  "begin" : 1016,  "end" : 1028 }, 
        {"sofa" : 12,  "begin" : 1029,  "end" : 1033 }, 
        {"sofa" : 12,  "begin" : 1034,  "end" : 1040 }, 
        {"sofa" : 12,  "begin" : 1041,  "end" : 1049 }, 
        {"sofa" : 12,  "begin" : 1050,  "end" : 1052 }, 
        {"sofa" : 12,  "begin" : 1053,  "end" : 1056 }, 
        {"sofa" : 12,  "begin" : 1057,  "end" : 1062 }, 
        {"sofa" : 12,  "begin" : 1063,  "end" : 1069 }, 
        {"sofa" : 12,  "begin" : 1070,  "end" : 1073 }, 
        {"sofa" : 12,  "begin" : 1074,  "end" : 1075 }, 
        {"sofa" : 12,  "begin" : 1075,  "end" : 1076 }, 
        {"sofa" : 12,  "begin" : 1077,  "end" : 1081 }, 
        {"sofa" : 12,  "begin" : 1082,  "end" : 1085 }, 
        {"sofa" : 12,  "begin" : 1086,  "end" : 1095 }, 
        {"sofa" : 12,  "begin" : 1096,  "end" : 1099 }, 
        {"sofa" : 12,  "begin" : 1099,  "end" : 1100 }, 
        {"sofa" : 12,  "begin" : 1101,  "end" : 1103 }, 
        {"sofa" : 12,  "begin" : 1104,  "end" : 1110 }, 
        {"sofa" : 12,  "begin" : 1111,  "end" : 1116 }, 
        {"sofa" : 12,  "begin" : 1117,  "end" : 1122 }, 
        {"sofa" : 12,  "begin" : 1122,  "end" : 1123 }, 
        {"sofa" : 12,  "begin" : 1125,  "end" : 1128 }, 
        {"sofa" : 12,  "begin" : 1129,  "end" : 1134 }, 
        {"sofa" : 12,  "begin" : 1135,  "end" : 1140 }, 
        {"sofa" : 12,  "begin" : 1140,  "end" : 1141 }, 
        {"sofa" : 12,  "begin" : 1142,  "end" : 1147 }, 
        {"sofa" : 12,  "begin" : 1148,  "end" : 1152 }, 
        {"sofa" : 12,  "begin" : 1153,  "end" : 1160 }, 
        {"sofa" : 12,  "begin" : 1161,  "end" : 1168 }, 
        {"sofa" : 12,  "begin" : 1169,  "end" : 1172 }, 
        {"sofa" : 12,  "begin" : 1173,  "end" : 1176 }, 
        {"sofa" : 12,  "begin" : 1177,  "end" : 1178 }, 
        {"sofa" : 12,  "begin" : 1179,  "end" : 1189 }, 
        {"sofa" : 12,  "begin" : 1190,  "end" : 1200 }, 
        {"sofa" : 12,  "begin" : 1201,  "end" : 1205 }, 
        {"sofa" : 12,  "begin" : 1205,  "end" : 1206 }, 
        {"sofa" : 12,  "begin" : 1207,  "end" : 1209 }, 
        {"sofa" : 12,  "begin" : 1210,  "end" : 1213 }, 
        {"sofa" : 12,  "begin" : 1214,  "end" : 1215 }, 
        {"sofa" : 12,  "begin" : 1216,  "end" : 1221 }, 
        {"sofa" : 12,  "begin" : 1222,  "end" : 1226 }, 
        {"sofa" : 12,  "begin" : 1227,  "end" : 1230 }, 
        {"sofa" : 12,  "begin" : 1231,  "end" : 1234 }, 
        {"sofa" : 12,  "begin" : 1235,  "end" : 1246 }, 
        {"sofa" : 12,  "begin" : 1246,  "end" : 1247 }, 
        {"sofa" : 12,  "begin" : 1248,  "end" : 1251 }, 
        {"sofa" : 12,  "begin" : 1252,  "end" : 1261 }, 
        {"sofa" : 12,  "begin" : 1262,  "end" : 1266 }, 
        {"sofa" : 12,  "begin" : 1267,  "end" : 1269 }, 
        {"sofa" : 12,  "begin" : 1270,  "end" : 1275 }, 
        {"sofa" : 12,  "begin" : 1276,  "end" : 1284 }, 
        {"sofa" : 12,  "begin" : 1285,  "end" : 1292 }, 
        {"sofa" : 12,  "begin" : 1293,  "end" : 1300 }, 
        {"sofa" : 12,  "begin" : 1301,  "end" : 1304 }, 
        {"sofa" : 12,  "begin" : 1305,  "end" : 1309 }, 
        {"sofa" : 12,  "begin" : 1310,  "end" : 1321 }, 
        {"sofa" : 12,  "begin" : 1322,  "end" : 1325 }, 
        {"sofa" : 12,  "begin" : 1326,  "end" : 1331 }, 
        {"sofa" : 12,  "begin" : 1332,  "end" : 1339 }, 
        {"sofa" : 12,  "begin" : 1339,  "end" : 1340 }, 
        {"sofa" : 12,  "begin" : 1340,  "end" : 1341 }, 
        {"sofa" : 12,  "begin" : 1341,  "end" : 1348 }, 
        {"sofa" : 12,  "begin" : 1349,  "end" : 1356 }, 
        {"sofa" : 12,  "begin" : 1357,  "end" : 1359 }, 
        {"sofa" : 12,  "begin" : 1360,  "end" : 1368 }, 
        {"sofa" : 12,  "begin" : 1369,  "end" : 1372 }, 
        {"sofa" : 12,  "begin" : 1373,  "end" : 1379 }, 
        {"sofa" : 12,  "begin" : 1380,  "end" : 1382 }, 
        {"sofa" : 12,  "begin" : 1383,  "end" : 1391 }, 
        {"sofa" : 12,  "begin" : 1392,  "end" : 1394 }, 
        {"sofa" : 12,  "begin" : 1395,  "end" : 1398 }, 
        {"sofa" : 12,  "begin" : 1399,  "end" : 1404 }, 
        {"sofa" : 12,  "begin" : 1405,  "end" : 1407 }, 
        {"sofa" : 12,  "begin" : 1408,  "end" : 1411 }, 
        {"sofa" : 12,  "begin" : 1412,  "end" : 1415 }, 
        {"sofa" : 12,  "begin" : 1416,  "end" : 1417 }, 
        {"sofa" : 12,  "begin" : 1418,  "end" : 1419 }, 
        {"sofa" : 12,  "begin" : 1420,  "end" : 1422 }, 
        {"sofa" : 12,  "begin" : 1423,  "end" : 1426 }, 
        {"sofa" : 12,  "begin" : 1427,  "end" : 1431 }, 
        {"sofa" : 12,  "begin" : 1432,  "end" : 1436 }, 
        {"sofa" : 12,  "begin" : 1436,  "end" : 1437 }, 
        {"sofa" : 12,  "begin" : 1437,  "end" : 1438 }, 
        {"sofa" : 12,  "begin" : 1438,  "end" : 1445 }, 
        {"sofa" : 12,  "begin" : 1445,  "end" : 1446 }, 
        {"sofa" : 12,  "begin" : 1447,  "end" : 1450 }, 
        {"sofa" : 12,  "begin" : 1451,  "end" : 1458 }, 
        {"sofa" : 12,  "begin" : 1459,  "end" : 1463 }, 
        {"sofa" : 12,  "begin" : 1464,  "end" : 1468 }, 
        {"sofa" : 12,  "begin" : 1469,  "end" : 1472 }, 
        {"sofa" : 12,  "begin" : 1473,  "end" : 1478 }, 
        {"sofa" : 12,  "begin" : 1479,  "end" : 1486 }, 
        {"sofa" : 12,  "begin" : 1487,  "end" : 1491 }, 
        {"sofa" : 12,  "begin" : 1491,  "end" : 1492 }, 
        {"sofa" : 12,  "begin" : 1492,  "end" : 1493 }, 
        {"sofa" : 12,  "begin" : 1494,  "end" : 1496 }, 
        {"sofa" : 12,  "begin" : 1497,  "end" : 1504 }, 
        {"sofa" : 12,  "begin" : 1505,  "end" : 1510 }, 
        {"sofa" : 12,  "begin" : 1511,  "end" : 1514 }, 
        {"sofa" : 12,  "begin" : 1514,  "end" : 1515 }, 
        {"sofa" : 12,  "begin" : 1516,  "end" : 1519 }, 
        {"sofa" : 12,  "begin" : 1520,  "end" : 1527 }, 
        {"sofa" : 12,  "begin" : 1528,  "end" : 1532 }, 
        {"sofa" : 12,  "begin" : 1533,  "end" : 1538 }, 
        {"sofa" : 12,  "begin" : 1539,  "end" : 1541 }, 
        {"sofa" : 12,  "begin" : 1542,  "end" : 1543 }, 
        {"sofa" : 12,  "begin" : 1544,  "end" : 1552 }, 
        {"sofa" : 12,  "begin" : 1553,  "end" : 1562 }, 
        {"sofa" : 12,  "begin" : 1562,  "end" : 1563 }, 
        {"sofa" : 12,  "begin" : 1564,  "end" : 1568 }, 
        {"sofa" : 12,  "begin" : 1569,  "end" : 1575 }, 
        {"sofa" : 12,  "begin" : 1576,  "end" : 1580 }, 
        {"sofa" : 12,  "begin" : 1581,  "end" : 1584 }, 
        {"sofa" : 12,  "begin" : 1585,  "end" : 1595 }, 
        {"sofa" : 12,  "begin" : 1596,  "end" : 1598 }, 
        {"sofa" : 12,  "begin" : 1599,  "end" : 1603 }, 
        {"sofa" : 12,  "begin" : 1604,  "end" : 1616 }, 
        {"sofa" : 12,  "begin" : 1617,  "end" : 1622 }, 
        {"sofa" : 12,  "begin" : 1622,  "end" : 1623 }, 
        {"sofa" : 12,  "begin" : 1625,  "end" : 1627 }, 
        {"sofa" : 12,  "begin" : 1628,  "end" : 1632 }, 
        {"sofa" : 12,  "begin" : 1632,  "end" : 1633 }, 
        {"sofa" : 12,  "begin" : 1634,  "end" : 1641 }, 
        {"sofa" : 12,  "begin" : 1641,  "end" : 1642 }, 
        {"sofa" : 12,  "begin" : 1643,  "end" : 1645 }, 
        {"sofa" : 12,  "begin" : 1646,  "end" : 1649 }, 
        {"sofa" : 12,  "begin" : 1650,  "end" : 1653 }, 
        {"sofa" : 12,  "begin" : 1654,  "end" : 1658 }, 
        {"sofa" : 12,  "begin" : 1659,  "end" : 1662 }, 
        {"sofa" : 12,  "begin" : 1663,  "end" : 1665 }, 
        {"sofa" : 12,  "begin" : 1666,  "end" : 1670 }, 
        {"sofa" : 12,  "begin" : 1670,  "end" : 1671 }, 
        {"sofa" : 12,  "begin" : 1672,  "end" : 1676 }, 
        {"sofa" : 12,  "begin" : 1677,  "end" : 1679 }, 
        {"sofa" : 12,  "begin" : 1680,  "end" : 1684 }, 
        {"sofa" : 12,  "begin" : 1685,  "end" : 1689 }, 
        {"sofa" : 12,  "begin" : 1690,  "end" : 1698 }, 
        {"sofa" : 12,  "begin" : 1699,  "end" : 1701 }, 
        {"sofa" : 12,  "begin" : 1701,  "end" : 1702 }, 
        {"sofa" : 12,  "begin" : 1702,  "end" : 1708 }, 
        {"sofa" : 12,  "begin" : 1709,  "end" : 1718 }, 
        {"sofa" : 12,  "begin" : 1718,  "end" : 1719 }, 
        {"sofa" : 12,  "begin" : 1719,  "end" : 1721 }, 
        {"sofa" : 12,  "begin" : 1722,  "end" : 1727 }, 
        {"sofa" : 12,  "begin" : 1728,  "end" : 1737 }, 
        {"sofa" : 12,  "begin" : 1738,  "end" : 1743 }, 
        {"sofa" : 12,  "begin" : 1744,  "end" : 1745 }, 
        {"sofa" : 12,  "begin" : 1746,  "end" : 1751 }, 
        {"sofa" : 12,  "begin" : 1752,  "end" : 1766 }, 
        {"sofa" : 12,  "begin" : 1767,  "end" : 1772 }, 
        {"sofa" : 12,  "begin" : 1773,  "end" : 1774 }, 
        {"sofa" : 12,  "begin" : 1775,  "end" : 1780 }, 
        {"sofa" : 12,  "begin" : 1781,  "end" : 1783 }, 
        {"sofa" : 12,  "begin" : 1784,  "end" : 1786 }, 
        {"sofa" : 12,  "begin" : 1787,  "end" : 1797 }, 
        {"sofa" : 12,  "begin" : 1798,  "end" : 1802 }, 
        {"sofa" : 12,  "begin" : 1803,  "end" : 1808 }, 
        {"sofa" : 12,  "begin" : 1809,  "end" : 1814 }, 
        {"sofa" : 12,  "begin" : 1815,  "end" : 1819 }, 
        {"sofa" : 12,  "begin" : 1820,  "end" : 1824 }, 
        {"sofa" : 12,  "begin" : 1825,  "end" : 1829 }, 
        {"sofa" : 12,  "begin" : 1830,  "end" : 1838 }, 
        {"sofa" : 12,  "begin" : 1839,  "end" : 1841 }, 
        {"sofa" : 12,  "begin" : 1842,  "end" : 1846 }, 
        {"sofa" : 12,  "begin" : 1847,  "end" : 1849 }, 
        {"sofa" : 12,  "begin" : 1850,  "end" : 1855 }, 
        {"sofa" : 12,  "begin" : 1856,  "end" : 1861 }, 
        {"sofa" : 12,  "begin" : 1862,  "end" : 1864 }, 
        {"sofa" : 12,  "begin" : 1865,  "end" : 1869 }, 
        {"sofa" : 12,  "begin" : 1870,  "end" : 1879 }, 
        {"sofa" : 12,  "begin" : 1880,  "end" : 1884 }, 
        {"sofa" : 12,  "begin" : 1885,  "end" : 1888 }, 
        {"sofa" : 12,  "begin" : 1889,  "end" : 1898 }, 
        {"sofa" : 12,  "begin" : 1899,  "end" : 1916 }, 
        {"sofa" : 12,  "begin" : 1917,  "end" : 1925 }, 
        {"sofa" : 12,  "begin" : 1926,  "end" : 1928 }, 
        {"sofa" : 12,  "begin" : 1929,  "end" : 1932 }, 
        {"sofa" : 12,  "begin" : 1933,  "end" : 1938 }, 
        {"sofa" : 12,  "begin" : 1938,  "end" : 1939 }, 
        {"sofa" : 12,  "begin" : 1941,  "end" : 1942 }, 
        {"sofa" : 12,  "begin" : 1943,  "end" : 1946 }, 
        {"sofa" : 12,  "begin" : 1947,  "end" : 1951 }, 
        {"sofa" : 12,  "begin" : 1952,  "end" : 1958 }, 
        {"sofa" : 12,  "begin" : 1959,  "end" : 1967 }, 
        {"sofa" : 12,  "begin" : 1968,  "end" : 1972 }, 
        {"sofa" : 12,  "begin" : 1973,  "end" : 1978 }, 
        {"sofa" : 12,  "begin" : 1979,  "end" : 1981 }, 
        {"sofa" : 12,  "begin" : 1982,  "end" : 1983 }, 
        {"sofa" : 12,  "begin" : 1984,  "end" : 1989 }, 
        {"sofa" : 12,  "begin" : 1990,  "end" : 1994 }, 
        {"sofa" : 12,  "begin" : 1994,  "end" : 1995 }, 
        {"sofa" : 12,  "begin" : 1996,  "end" : 2004 }, 
        {"sofa" : 12,  "begin" : 2005,  "end" : 2007 }, 
        {"sofa" : 12,  "begin" : 2008,  "end" : 2011 }, 
        {"sofa" : 12,  "begin" : 2011,  "end" : 2012 }, 
        {"sofa" : 12,  "begin" : 2013,  "end" : 2015 }, 
        {"sofa" : 12,  "begin" : 2016,  "end" : 2025 }, 
        {"sofa" : 12,  "begin" : 2026,  "end" : 2028 }, 
        {"sofa" : 12,  "begin" : 2029,  "end" : 2032 }, 
        {"sofa" : 12,  "begin" : 2033,  "end" : 2040 }, 
        {"sofa" : 12,  "begin" : 2041,  "end" : 2054 }, 
        {"sofa" : 12,  "begin" : 2055,  "end" : 2059 }, 
        {"sofa" : 12,  "begin" : 2060,  "end" : 2066 }, 
        {"sofa" : 12,  "begin" : 2067,  "end" : 2069 }, 
        {"sofa" : 12,  "begin" : 2070,  "end" : 2073 }, 
        {"sofa" : 12,  "begin" : 2074,  "end" : 2080 }, 
        {"sofa" : 12,  "begin" : 2081,  "end" : 2084 }, 
        {"sofa" : 12,  "begin" : 2085,  "end" : 2098 }, 
        {"sofa" : 12,  "begin" : 2099,  "end" : 2101 }, 
        {"sofa" : 12,  "begin" : 2102,  "end" : 2110 }, 
        {"sofa" : 12,  "begin" : 2111,  "end" : 2113 }, 
        {"sofa" : 12,  "begin" : 2114,  "end" : 2117 }, 
        {"sofa" : 12,  "begin" : 2118,  "end" : 2123 }, 
        {"sofa" : 12,  "begin" : 2124,  "end" : 2130 }, 
        {"sofa" : 12,  "begin" : 2131,  "end" : 2134 }, 
        {"sofa" : 12,  "begin" : 2135,  "end" : 2141 }, 
        {"sofa" : 12,  "begin" : 2142,  "end" : 2145 }, 
        {"sofa" : 12,  "begin" : 2146,  "end" : 2148 }, 
        {"sofa" : 12,  "begin" : 2149,  "end" : 2152 }, 
        {"sofa" : 12,  "begin" : 2153,  "end" : 2158 }, 
        {"sofa" : 12,  "begin" : 2159,  "end" : 2162 }, 
        {"sofa" : 12,  "begin" : 2163,  "end" : 2169 }, 
        {"sofa" : 12,  "begin" : 2170,  "end" : 2172 }, 
        {"sofa" : 12,  "begin" : 2173,  "end" : 2176 }, 
        {"sofa" : 12,  "begin" : 2177,  "end" : 2182 }, 
        {"sofa" : 12,  "begin" : 2183,  "end" : 2187 }, 
        {"sofa" : 12,  "begin" : 2188,  "end" : 2189 }, 
        {"sofa" : 12,  "begin" : 2190,  "end" : 2198 }, 
        {"sofa" : 12,  "begin" : 2199,  "end" : 2201 }, 
        {"sofa" : 12,  "begin" : 2202,  "end" : 2210 }, 
        {"sofa" : 12,  "begin" : 2211,  "end" : 2214 }, 
        {"sofa" : 12,  "begin" : 2215,  "end" : 2219 }, 
        {"sofa" : 12,  "begin" : 2220,  "end" : 2226 }, 
        {"sofa" : 12,  "begin" : 2227,  "end" : 2229 }, 
        {"sofa" : 12,  "begin" : 2230,  "end" : 2234 }, 
        {"sofa" : 12,  "begin" : 2235,  "end" : 2246 }, 
        {"sofa" : 12,  "begin" : 2247,  "end" : 2253 }, 
        {"sofa" : 12,  "begin" : 2253,  "end" : 2254 }, 
        {"sofa" : 12,  "begin" : 2255,  "end" : 2257 }, 
        {"sofa" : 12,  "begin" : 2258,  "end" : 2259 }, 
        {"sofa" : 12,  "begin" : 2259,  "end" : 2260 }, 
        {"sofa" : 12,  "begin" : 2260,  "end" : 2262 }, 
        {"sofa" : 12,  "begin" : 2263,  "end" : 2270 }, 
        {"sofa" : 12,  "begin" : 2271,  "end" : 2277 }, 
        {"sofa" : 12,  "begin" : 2277,  "end" : 2278 }, 
        {"sofa" : 12,  "begin" : 2279,  "end" : 2280 }, 
        {"sofa" : 12,  "begin" : 2280,  "end" : 2281 }, 
        {"sofa" : 12,  "begin" : 2281,  "end" : 2283 }, 
        {"sofa" : 12,  "begin" : 2284,  "end" : 2288 }, 
        {"sofa" : 12,  "begin" : 2289,  "end" : 2290 }, 
        {"sofa" : 12,  "begin" : 2291,  "end" : 2294 }, 
        {"sofa" : 12,  "begin" : 2295,  "end" : 2297 }, 
        {"sofa" : 12,  "begin" : 2298,  "end" : 2306 }, 
        {"sofa" : 12,  "begin" : 2307,  "end" : 2312 }, 
        {"sofa" : 12,  "begin" : 2313,  "end" : 2316 }, 
        {"sofa" : 12,  "begin" : 2317,  "end" : 2319 }, 
        {"sofa" : 12,  "begin" : 2320,  "end" : 2321 }, 
        {"sofa" : 12,  "begin" : 2322,  "end" : 2325 }, 
        {"sofa" : 12,  "begin" : 2326,  "end" : 2329 }, 
        {"sofa" : 12,  "begin" : 2330,  "end" : 2335 }, 
        {"sofa" : 12,  "begin" : 2336,  "end" : 2339 }, 
        {"sofa" : 12,  "begin" : 2340,  "end" : 2343 }, 
        {"sofa" : 12,  "begin" : 2344,  "end" : 2348 }, 
        {"sofa" : 12,  "begin" : 2348,  "end" : 2349 }, 
        {"sofa" : 12,  "begin" : 2350,  "end" : 2351 }, 
        {"sofa" : 12,  "begin" : 2352,  "end" : 2357 }, 
        {"sofa" : 12,  "begin" : 2358,  "end" : 2362 }, 
        {"sofa" : 12,  "begin" : 2363,  "end" : 2367 }, 
        {"sofa" : 12,  "begin" : 2368,  "end" : 2373 }, 
        {"sofa" : 12,  "begin" : 2374,  "end" : 2381 }, 
        {"sofa" : 12,  "begin" : 2382,  "end" : 2389 }, 
        {"sofa" : 12,  "begin" : 2390,  "end" : 2393 }, 
        {"sofa" : 12,  "begin" : 2394,  "end" : 2397 }, 
        {"sofa" : 12,  "begin" : 2398,  "end" : 2404 }, 
        {"sofa" : 12,  "begin" : 2405,  "end" : 2409 }, 
        {"sofa" : 12,  "begin" : 2410,  "end" : 2419 }, 
        {"sofa" : 12,  "begin" : 2420,  "end" : 2422 }, 
        {"sofa" : 12,  "begin" : 2423,  "end" : 2425 }, 
        {"sofa" : 12,  "begin" : 2426,  "end" : 2430 }, 
        {"sofa" : 12,  "begin" : 2430,  "end" : 2431 }, 
        {"sofa" : 12,  "begin" : 2433,  "end" : 2435 }, 
        {"sofa" : 12,  "begin" : 2436,  "end" : 2437 }, 
        {"sofa" : 12,  "begin" : 2438,  "end" : 2444 }, 
        {"sofa" : 12,  "begin" : 2444,  "end" : 2445 }, 
        {"sofa" : 12,  "begin" : 2446,  "end" : 2447 }, 
        {"sofa" : 12,  "begin" : 2448,  "end" : 2451 }, 
        {"sofa" : 12,  "begin" : 2452,  "end" : 2462 }, 
        {"sofa" : 12,  "begin" : 2463,  "end" : 2468 }, 
        {"sofa" : 12,  "begin" : 2469,  "end" : 2473 }, 
        {"sofa" : 12,  "begin" : 2474,  "end" : 2476 }, 
        {"sofa" : 12,  "begin" : 2477,  "end" : 2481 }, 
        {"sofa" : 12,  "begin" : 2482,  "end" : 2484 }, 
        {"sofa" : 12,  "begin" : 2485,  "end" : 2488 }, 
        {"sofa" : 12,  "begin" : 2489,  "end" : 2497 }, 
        {"sofa" : 12,  "begin" : 2497,  "end" : 2498 }, 
        {"sofa" : 12,  "begin" : 2498,  "end" : 2499 }, 
        {"sofa" : 12,  "begin" : 2500,  "end" : 2506 }, 
        {"sofa" : 12,  "begin" : 2507,  "end" : 2513 }, 
        {"sofa" : 12,  "begin" : 2513,  "end" : 2514 }, 
        {"sofa" : 12,  "begin" : 2515,  "end" : 2517 }, 
        {"sofa" : 12,  "begin" : 2518,  "end" : 2525 }, 
        {"sofa" : 12,  "begin" : 2526,  "end" : 2529 }, 
        {"sofa" : 12,  "begin" : 2530,  "end" : 2531 }, 
        {"sofa" : 12,  "begin" : 2532,  "end" : 2535 }, 
        {"sofa" : 12,  "begin" : 2536,  "end" : 2540 }, 
        {"sofa" : 12,  "begin" : 2541,  "end" : 2552 }, 
        {"sofa" : 12,  "begin" : 2553,  "end" : 2560 }, 
        {"sofa" : 12,  "begin" : 2560,  "end" : 2561 }, 
        {"sofa" : 12,  "begin" : 2562,  "end" : 2566 }, 
        {"sofa" : 12,  "begin" : 2567,  "end" : 2570 }, 
        {"sofa" : 12,  "begin" : 2571,  "end" : 2575 }, 
        {"sofa" : 12,  "begin" : 2576,  "end" : 2580 }, 
        {"sofa" : 12,  "begin" : 2581,  "end" : 2586 }, 
        {"sofa" : 12,  "begin" : 2587,  "end" : 2591 }, 
        {"sofa" : 12,  "begin" : 2592,  "end" : 2598 }, 
        {"sofa" : 12,  "begin" : 2599,  "end" : 2604 }, 
        {"sofa" : 12,  "begin" : 2605,  "end" : 2609 }, 
        {"sofa" : 12,  "begin" : 2610,  "end" : 2612 }, 
        {"sofa" : 12,  "begin" : 2613,  "end" : 2618 }, 
        {"sofa" : 12,  "begin" : 2618,  "end" : 2619 }, 
        {"sofa" : 12,  "begin" : 2620,  "end" : 2622 }, 
        {"sofa" : 12,  "begin" : 2623,  "end" : 2626 }, 
        {"sofa" : 12,  "begin" : 2627,  "end" : 2630 }, 
        {"sofa" : 12,  "begin" : 2631,  "end" : 2637 }, 
        {"sofa" : 12,  "begin" : 2638,  "end" : 2640 }, 
        {"sofa" : 12,  "begin" : 2641,  "end" : 2646 }, 
        {"sofa" : 12,  "begin" : 2646,  "end" : 2647 }, 
        {"sofa" : 12,  "begin" : 2648,  "end" : 2652 }, 
        {"sofa" : 12,  "begin" : 2653,  "end" : 2656 }, 
        {"sofa" : 12,  "begin" : 2657,  "end" : 2659 }, 
        {"sofa" : 12,  "begin" : 2660,  "end" : 2664 }, 
        {"sofa" : 12,  "begin" : 2664,  "end" : 2665 }, 
        {"sofa" : 12,  "begin" : 2666,  "end" : 2668 }, 
        {"sofa" : 12,  "begin" : 2669,  "end" : 2673 }, 
        {"sofa" : 12,  "begin" : 2674,  "end" : 2682 }, 
        {"sofa" : 12,  "begin" : 2682,  "end" : 2683 }, 
        {"sofa" : 12,  "begin" : 2683,  "end" : 2684 }, 
        {"sofa" : 12,  "begin" : 2685,  "end" : 2695 }, 
        {"sofa" : 12,  "begin" : 2695,  "end" : 2696 }, 
        {"sofa" : 12,  "begin" : 2697,  "end" : 2701 }, 
        {"sofa" : 12,  "begin" : 2702,  "end" : 2707 }, 
        {"sofa" : 12,  "begin" : 2708,  "end" : 2714 }, 
        {"sofa" : 12,  "begin" : 2715,  "end" : 2717 }, 
        {"sofa" : 12,  "begin" : 2718,  "end" : 2726 }, 
        {"sofa" : 12,  "begin" : 2726,  "end" : 2727 }, 
        {"sofa" : 12,  "begin" : 2728,  "end" : 2731 }, 
        {"sofa" : 12,  "begin" : 2732,  "end" : 2734 }, 
        {"sofa" : 12,  "begin" : 2735,  "end" : 2744 }, 
        {"sofa" : 12,  "begin" : 2745,  "end" : 2750 }, 
        {"sofa" : 12,  "begin" : 2751,  "end" : 2756 }, 
        {"sofa" : 12,  "begin" : 2757,  "end" : 2765 }, 
        {"sofa" : 12,  "begin" : 2765,  "end" : 2766 }, 
        {"sofa" : 12,  "begin" : 2767,  "end" : 2775 }, 
        {"sofa" : 12,  "begin" : 2776,  "end" : 2779 }, 
        {"sofa" : 12,  "begin" : 2780,  "end" : 2791 }, 
        {"sofa" : 12,  "begin" : 2792,  "end" : 2801 }, 
        {"sofa" : 12,  "begin" : 2802,  "end" : 2808 }, 
        {"sofa" : 12,  "begin" : 2809,  "end" : 2811 }, 
        {"sofa" : 12,  "begin" : 2812,  "end" : 2820 }, 
        {"sofa" : 12,  "begin" : 2820,  "end" : 2821 }, 
        {"sofa" : 12,  "begin" : 2821,  "end" : 2822 }, 
        {"sofa" : 12,  "begin" : 2823,  "end" : 2833 }, 
        {"sofa" : 12,  "begin" : 2834,  "end" : 2836 }, 
        {"sofa" : 12,  "begin" : 2837,  "end" : 2842 }, 
        {"sofa" : 12,  "begin" : 2843,  "end" : 2855 }, 
        {"sofa" : 12,  "begin" : 2856,  "end" : 2858 }, 
        {"sofa" : 12,  "begin" : 2859,  "end" : 2862 }, 
        {"sofa" : 12,  "begin" : 2863,  "end" : 2870 }, 
        {"sofa" : 12,  "begin" : 2871,  "end" : 2874 }, 
        {"sofa" : 12,  "begin" : 2875,  "end" : 2881 }, 
        {"sofa" : 12,  "begin" : 2882,  "end" : 2885 }, 
        {"sofa" : 12,  "begin" : 2885,  "end" : 2886 }, 
        {"sofa" : 12,  "begin" : 2887,  "end" : 2899 }, 
        {"sofa" : 12,  "begin" : 2899,  "end" : 2900 }, 
        {"sofa" : 12,  "begin" : 2901,  "end" : 2906 }, 
        {"sofa" : 12,  "begin" : 2907,  "end" : 2913 }, 
        {"sofa" : 12,  "begin" : 2914,  "end" : 2919 }, 
        {"sofa" : 12,  "begin" : 2920,  "end" : 2923 }, 
        {"sofa" : 12,  "begin" : 2924,  "end" : 2929 }, 
        {"sofa" : 12,  "begin" : 2930,  "end" : 2938 }, 
        {"sofa" : 12,  "begin" : 2939,  "end" : 2943 }, 
        {"sofa" : 12,  "begin" : 2944,  "end" : 2948 }, 
        {"sofa" : 12,  "begin" : 2949,  "end" : 2957 }, 
        {"sofa" : 12,  "begin" : 2958,  "end" : 2961 }, 
        {"sofa" : 12,  "begin" : 2962,  "end" : 2966 }, 
        {"sofa" : 12,  "begin" : 2967,  "end" : 2975 }, 
        {"sofa" : 12,  "begin" : 2975,  "end" : 2976 }, 
        {"sofa" : 12,  "begin" : 2978,  "end" : 2981 }, 
        {"sofa" : 12,  "begin" : 2982,  "end" : 2984 }, 
        {"sofa" : 12,  "begin" : 2985,  "end" : 2989 }, 
        {"sofa" : 12,  "begin" : 2990,  "end" : 2998 }, 
        {"sofa" : 12,  "begin" : 2998,  "end" : 2999 }, 
        {"sofa" : 12,  "begin" : 3000,  "end" : 3007 }, 
        {"sofa" : 12,  "begin" : 3008,  "end" : 3014 }, 
        {"sofa" : 12,  "begin" : 3015,  "end" : 3019 }, 
        {"sofa" : 12,  "begin" : 3020,  "end" : 3025 }, 
        {"sofa" : 12,  "begin" : 3026,  "end" : 3027 }, 
        {"sofa" : 12,  "begin" : 3028,  "end" : 3031 }, 
        {"sofa" : 12,  "begin" : 3032,  "end" : 3035 }, 
        {"sofa" : 12,  "begin" : 3035,  "end" : 3036 }, 
        {"sofa" : 12,  "begin" : 3036,  "end" : 3037 }, 
        {"sofa" : 12,  "begin" : 3037,  "end" : 3045 }, 
        {"sofa" : 12,  "begin" : 3046,  "end" : 3048 }, 
        {"sofa" : 12,  "begin" : 3049,  "end" : 3056 }, 
        {"sofa" : 12,  "begin" : 3057,  "end" : 3059 }, 
        {"sofa" : 12,  "begin" : 3060,  "end" : 3061 }, 
        {"sofa" : 12,  "begin" : 3062,  "end" : 3066 }, 
        {"sofa" : 12,  "begin" : 3066,  "end" : 3067 }, 
        {"sofa" : 12,  "begin" : 3067,  "end" : 3069 }, 
        {"sofa" : 12,  "begin" : 3070,  "end" : 3073 }, 
        {"sofa" : 12,  "begin" : 3073,  "end" : 3074 }, 
        {"sofa" : 12,  "begin" : 3074,  "end" : 3077 }, 
        {"sofa" : 12,  "begin" : 3077,  "end" : 3078 }, 
        {"sofa" : 12,  "begin" : 3079,  "end" : 3083 }, 
        {"sofa" : 12,  "begin" : 3084,  "end" : 3087 }, 
        {"sofa" : 12,  "begin" : 3088,  "end" : 3092 }, 
        {"sofa" : 12,  "begin" : 3093,  "end" : 3107 }, 
        {"sofa" : 12,  "begin" : 3107,  "end" : 3108 }, 
        {"sofa" : 12,  "begin" : 3108,  "end" : 3109 }, 
        {"sofa" : 12,  "begin" : 3110,  "end" : 3115 }, 
        {"sofa" : 12,  "begin" : 3116,  "end" : 3117 }, 
        {"sofa" : 12,  "begin" : 3118,  "end" : 3124 }, 
        {"sofa" : 12,  "begin" : 3125,  "end" : 3135 }, 
        {"sofa" : 12,  "begin" : 3136,  "end" : 3139 }, 
        {"sofa" : 12,  "begin" : 3140,  "end" : 3144 }, 
        {"sofa" : 12,  "begin" : 3145,  "end" : 3148 }, 
        {"sofa" : 12,  "begin" : 3149,  "end" : 3158 }, 
        {"sofa" : 12,  "begin" : 3158,  "end" : 3159 }, 
        {"sofa" : 12,  "begin" : 3160,  "end" : 3162 }, 
        {"sofa" : 12,  "begin" : 3162,  "end" : 3163 }, 
        {"sofa" : 12,  "begin" : 3163,  "end" : 3164 }, 
        {"sofa" : 12,  "begin" : 3165,  "end" : 3175 }, 
        {"sofa" : 12,  "begin" : 3176,  "end" : 3178 }, 
        {"sofa" : 12,  "begin" : 3179,  "end" : 3183 }, 
        {"sofa" : 12,  "begin" : 3184,  "end" : 3187 }, 
        {"sofa" : 12,  "begin" : 3188,  "end" : 3192 }, 
        {"sofa" : 12,  "begin" : 3193,  "end" : 3201 }, 
        {"sofa" : 12,  "begin" : 3202,  "end" : 3203 }, 
        {"sofa" : 12,  "begin" : 3204,  "end" : 3210 }, 
        {"sofa" : 12,  "begin" : 3211,  "end" : 3213 }, 
        {"sofa" : 12,  "begin" : 3214,  "end" : 3223 }, 
        {"sofa" : 12,  "begin" : 3224,  "end" : 3228 }, 
        {"sofa" : 12,  "begin" : 3229,  "end" : 3231 }, 
        {"sofa" : 12,  "begin" : 3231,  "end" : 3232 }, 
        {"sofa" : 12,  "begin" : 3232,  "end" : 3233 }, 
        {"sofa" : 12,  "begin" : 3234,  "end" : 3239 }, 
        {"sofa" : 12,  "begin" : 3240,  "end" : 3242 }, 
        {"sofa" : 12,  "begin" : 3243,  "end" : 3246 }, 
        {"sofa" : 12,  "begin" : 3247,  "end" : 3252 }, 
        {"sofa" : 12,  "begin" : 3253,  "end" : 3259 }, 
        {"sofa" : 12,  "begin" : 3259,  "end" : 3260 }, 
        {"sofa" : 12,  "begin" : 3261,  "end" : 3265 }, 
        {"sofa" : 12,  "begin" : 3266,  "end" : 3272 }, 
        {"sofa" : 12,  "begin" : 3273,  "end" : 3278 }, 
        {"sofa" : 12,  "begin" : 3279,  "end" : 3280 }, 
        {"sofa" : 12,  "begin" : 3281,  "end" : 3284 }, 
        {"sofa" : 12,  "begin" : 3285,  "end" : 3287 }, 
        {"sofa" : 12,  "begin" : 3288,  "end" : 3293 }, 
        {"sofa" : 12,  "begin" : 3293,  "end" : 3294 }, 
        {"sofa" : 12,  "begin" : 3295,  "end" : 3301 }, 
        {"sofa" : 12,  "begin" : 3302,  "end" : 3306 }, 
        {"sofa" : 12,  "begin" : 3307,  "end" : 3313 }, 
        {"sofa" : 12,  "begin" : 3313,  "end" : 3314 }, 
        {"sofa" : 12,  "begin" : 3315,  "end" : 3319 }, 
        {"sofa" : 12,  "begin" : 3320,  "end" : 3326 }, 
        {"sofa" : 12,  "begin" : 3327,  "end" : 3330 }, 
        {"sofa" : 12,  "begin" : 3331,  "end" : 3336 }, 
        {"sofa" : 12,  "begin" : 3336,  "end" : 3337 }, 
        {"sofa" : 12,  "begin" : 3338,  "end" : 3344 }, 
        {"sofa" : 12,  "begin" : 3344,  "end" : 3345 }, 
        {"sofa" : 12,  "begin" : 3346,  "end" : 3350 }, 
        {"sofa" : 12,  "begin" : 3351,  "end" : 3359 }, 
        {"sofa" : 12,  "begin" : 3360,  "end" : 3363 }, 
        {"sofa" : 12,  "begin" : 3364,  "end" : 3370 }, 
        {"sofa" : 12,  "begin" : 3370,  "end" : 3371 }, 
        {"sofa" : 12,  "begin" : 3372,  "end" : 3375 }, 
        {"sofa" : 12,  "begin" : 3376,  "end" : 3381 }, 
        {"sofa" : 12,  "begin" : 3381,  "end" : 3382 }, 
        {"sofa" : 12,  "begin" : 3384,  "end" : 3392 }, 
        {"sofa" : 12,  "begin" : 3393,  "end" : 3395 }, 
        {"sofa" : 12,  "begin" : 3396,  "end" : 3402 }, 
        {"sofa" : 12,  "begin" : 3403,  "end" : 3406 }, 
        {"sofa" : 12,  "begin" : 3407,  "end" : 3415 }, 
        {"sofa" : 12,  "begin" : 3415,  "end" : 3416 }, 
        {"sofa" : 12,  "begin" : 3417,  "end" : 3419 }, 
        {"sofa" : 12,  "begin" : 3420,  "end" : 3424 }, 
        {"sofa" : 12,  "begin" : 3425,  "end" : 3428 }, 
        {"sofa" : 12,  "begin" : 3429,  "end" : 3437 }, 
        {"sofa" : 12,  "begin" : 3438,  "end" : 3444 }, 
        {"sofa" : 12,  "begin" : 3445,  "end" : 3456 }, 
        {"sofa" : 12,  "begin" : 3457,  "end" : 3468 }, 
        {"sofa" : 12,  "begin" : 3469,  "end" : 3473 }, 
        {"sofa" : 12,  "begin" : 3474,  "end" : 3481 }, 
        {"sofa" : 12,  "begin" : 3482,  "end" : 3485 }, 
        {"sofa" : 12,  "begin" : 3486,  "end" : 3493 }, 
        {"sofa" : 12,  "begin" : 3494,  "end" : 3498 }, 
        {"sofa" : 12,  "begin" : 3499,  "end" : 3506 }, 
        {"sofa" : 12,  "begin" : 3507,  "end" : 3511 }, 
        {"sofa" : 12,  "begin" : 3512,  "end" : 3523 }, 
        {"sofa" : 12,  "begin" : 3524,  "end" : 3529 }, 
        {"sofa" : 12,  "begin" : 3529,  "end" : 3530 }, 
        {"sofa" : 12,  "begin" : 3531,  "end" : 3540 }, 
        {"sofa" : 12,  "begin" : 3541,  "end" : 3545 }, 
        {"sofa" : 12,  "begin" : 3545,  "end" : 3546 }, 
        {"sofa" : 12,  "begin" : 3546,  "end" : 3549 }, 
        {"sofa" : 12,  "begin" : 3550,  "end" : 3557 }, 
        {"sofa" : 12,  "begin" : 3558,  "end" : 3561 }, 
        {"sofa" : 12,  "begin" : 3562,  "end" : 3569 }, 
        {"sofa" : 12,  "begin" : 3570,  "end" : 3577 }, 
        {"sofa" : 12,  "begin" : 3578,  "end" : 3580 }, 
        {"sofa" : 12,  "begin" : 3581,  "end" : 3584 }, 
        {"sofa" : 12,  "begin" : 3585,  "end" : 3588 }, 
        {"sofa" : 12,  "begin" : 3588,  "end" : 3589 }, 
        {"sofa" : 12,  "begin" : 3590,  "end" : 3599 }, 
        {"sofa" : 12,  "begin" : 3600,  "end" : 3602 }, 
        {"sofa" : 12,  "begin" : 3603,  "end" : 3612 }, 
        {"sofa" : 12,  "begin" : 3612,  "end" : 3613 }, 
        {"sofa" : 12,  "begin" : 3614,  "end" : 3618 }, 
        {"sofa" : 12,  "begin" : 3619,  "end" : 3625 }, 
        {"sofa" : 12,  "begin" : 3626,  "end" : 3627 }, 
        {"sofa" : 12,  "begin" : 3628,  "end" : 3633 }, 
        {"sofa" : 12,  "begin" : 3634,  "end" : 3636 }, 
        {"sofa" : 12,  "begin" : 3637,  "end" : 3643 }, 
        {"sofa" : 12,  "begin" : 3644,  "end" : 3649 }, 
        {"sofa" : 12,  "begin" : 3649,  "end" : 3650 }, 
        {"sofa" : 12,  "begin" : 3651,  "end" : 3653 }, 
        {"sofa" : 12,  "begin" : 3654,  "end" : 3666 }, 
        {"sofa" : 12,  "begin" : 3667,  "end" : 3671 }, 
        {"sofa" : 12,  "begin" : 3672,  "end" : 3679 }, 
        {"sofa" : 12,  "begin" : 3680,  "end" : 3684 }, 
        {"sofa" : 12,  "begin" : 3685,  "end" : 3689 }, 
        {"sofa" : 12,  "begin" : 3690,  "end" : 3701 }, 
        {"sofa" : 12,  "begin" : 3702,  "end" : 3707 }, 
        {"sofa" : 12,  "begin" : 3708,  "end" : 3711 }, 
        {"sofa" : 12,  "begin" : 3712,  "end" : 3715 }, 
        {"sofa" : 12,  "begin" : 3716,  "end" : 3720 }, 
        {"sofa" : 12,  "begin" : 3720,  "end" : 3721 }, 
        {"sofa" : 12,  "begin" : 3722,  "end" : 3723 }, 
        {"sofa" : 12,  "begin" : 3724,  "end" : 3728 }, 
        {"sofa" : 12,  "begin" : 3729,  "end" : 3733 }, 
        {"sofa" : 12,  "begin" : 3734,  "end" : 3735 }, 
        {"sofa" : 12,  "begin" : 3736,  "end" : 3740 }, 
        {"sofa" : 12,  "begin" : 3741,  "end" : 3746 }, 
        {"sofa" : 12,  "begin" : 3747,  "end" : 3751 }, 
        {"sofa" : 12,  "begin" : 3752,  "end" : 3759 }, 
        {"sofa" : 12,  "begin" : 3760,  "end" : 3767 }, 
        {"sofa" : 12,  "begin" : 3768,  "end" : 3772 }, 
        {"sofa" : 12,  "begin" : 3773,  "end" : 3775 }, 
        {"sofa" : 12,  "begin" : 3776,  "end" : 3780 }, 
        {"sofa" : 12,  "begin" : 3781,  "end" : 3785 }, 
        {"sofa" : 12,  "begin" : 3786,  "end" : 3793 }, 
        {"sofa" : 12,  "begin" : 3793,  "end" : 3794 }, 
        {"sofa" : 12,  "begin" : 3795,  "end" : 3798 }, 
        {"sofa" : 12,  "begin" : 3799,  "end" : 3801 }, 
        {"sofa" : 12,  "begin" : 3802,  "end" : 3806 }, 
        {"sofa" : 12,  "begin" : 3807,  "end" : 3811 }, 
        {"sofa" : 12,  "begin" : 3812,  "end" : 3817 }, 
        {"sofa" : 12,  "begin" : 3818,  "end" : 3821 }, 
        {"sofa" : 12,  "begin" : 3822,  "end" : 3826 }, 
        {"sofa" : 12,  "begin" : 3826,  "end" : 3827 }, 
        {"sofa" : 12,  "begin" : 3829,  "end" : 3832 }, 
        {"sofa" : 12,  "begin" : 3833,  "end" : 3835 }, 
        {"sofa" : 12,  "begin" : 3836,  "end" : 3839 }, 
        {"sofa" : 12,  "begin" : 3840,  "end" : 3844 }, 
        {"sofa" : 12,  "begin" : 3845,  "end" : 3854 }, 
        {"sofa" : 12,  "begin" : 3855,  "end" : 3859 }, 
        {"sofa" : 12,  "begin" : 3860,  "end" : 3863 }, 
        {"sofa" : 12,  "begin" : 3864,  "end" : 3876 }, 
        {"sofa" : 12,  "begin" : 3877,  "end" : 3880 }, 
        {"sofa" : 12,  "begin" : 3881,  "end" : 3886 }, 
        {"sofa" : 12,  "begin" : 3887,  "end" : 3889 }, 
        {"sofa" : 12,  "begin" : 3890,  "end" : 3892 }, 
        {"sofa" : 12,  "begin" : 3893,  "end" : 3900 }, 
        {"sofa" : 12,  "begin" : 3901,  "end" : 3909 }, 
        {"sofa" : 12,  "begin" : 3910,  "end" : 3912 }, 
        {"sofa" : 12,  "begin" : 3913,  "end" : 3928 }, 
        {"sofa" : 12,  "begin" : 3929,  "end" : 3937 }, 
        {"sofa" : 12,  "begin" : 3937,  "end" : 3938 }, 
        {"sofa" : 12,  "begin" : 3939,  "end" : 3943 }, 
        {"sofa" : 12,  "begin" : 3944,  "end" : 3951 }, 
        {"sofa" : 12,  "begin" : 3951,  "end" : 3952 }, 
        {"sofa" : 12,  "begin" : 3953,  "end" : 3963 }, 
        {"sofa" : 12,  "begin" : 3963,  "end" : 3964 }, 
        {"sofa" : 12,  "begin" : 3965,  "end" : 3968 }, 
        {"sofa" : 12,  "begin" : 3968,  "end" : 3969 }, 
        {"sofa" : 12,  "begin" : 3969,  "end" : 3970 }, 
        {"sofa" : 12,  "begin" : 3971,  "end" : 3977 }, 
        {"sofa" : 12,  "begin" : 3978,  "end" : 3979 }, 
        {"sofa" : 12,  "begin" : 3980,  "end" : 3984 }, 
        {"sofa" : 12,  "begin" : 3985,  "end" : 3987 }, 
        {"sofa" : 12,  "begin" : 3988,  "end" : 3998 }, 
        {"sofa" : 12,  "begin" : 3998,  "end" : 3999 }, 
        {"sofa" : 12,  "begin" : 4000,  "end" : 4001 }, 
        {"sofa" : 12,  "begin" : 4002,  "end" : 4006 }, 
        {"sofa" : 12,  "begin" : 4007,  "end" : 4014 }, 
        {"sofa" : 12,  "begin" : 4014,  "end" : 4015 }, 
        {"sofa" : 12,  "begin" : 4016,  "end" : 4019 }, 
        {"sofa" : 12,  "begin" : 4020,  "end" : 4025 }, 
        {"sofa" : 12,  "begin" : 4026,  "end" : 4029 }, 
        {"sofa" : 12,  "begin" : 4030,  "end" : 4033 }, 
        {"sofa" : 12,  "begin" : 4034,  "end" : 4036 }, 
        {"sofa" : 12,  "begin" : 4037,  "end" : 4042 }, 
        {"sofa" : 12,  "begin" : 4043,  "end" : 4045 }, 
        {"sofa" : 12,  "begin" : 4046,  "end" : 4057 }, 
        {"sofa" : 12,  "begin" : 4058,  "end" : 4068 }, 
        {"sofa" : 12,  "begin" : 4069,  "end" : 4071 }, 
        {"sofa" : 12,  "begin" : 4072,  "end" : 4076 }, 
        {"sofa" : 12,  "begin" : 4077,  "end" : 4080 }, 
        {"sofa" : 12,  "begin" : 4081,  "end" : 4083 }, 
        {"sofa" : 12,  "begin" : 4084,  "end" : 4089 }, 
        {"sofa" : 12,  "begin" : 4089,  "end" : 4090 }, 
        {"sofa" : 12,  "begin" : 4091,  "end" : 4097 }, 
        {"sofa" : 12,  "begin" : 4098,  "end" : 4105 }, 
        {"sofa" : 12,  "begin" : 4106,  "end" : 4111 }, 
        {"sofa" : 12,  "begin" : 4112,  "end" : 4114 }, 
        {"sofa" : 12,  "begin" : 4115,  "end" : 4119 }, 
        {"sofa" : 12,  "begin" : 4120,  "end" : 4128 }, 
        {"sofa" : 12,  "begin" : 4129,  "end" : 4136 }, 
        {"sofa" : 12,  "begin" : 4137,  "end" : 4142 }, 
        {"sofa" : 12,  "begin" : 4143,  "end" : 4147 }, 
        {"sofa" : 12,  "begin" : 4148,  "end" : 4160 }, 
        {"sofa" : 12,  "begin" : 4161,  "end" : 4165 }, 
        {"sofa" : 12,  "begin" : 4165,  "end" : 4166 }, 
        {"sofa" : 12,  "begin" : 4167,  "end" : 4170 }, 
        {"sofa" : 12,  "begin" : 4171,  "end" : 4174 }, 
        {"sofa" : 12,  "begin" : 4175,  "end" : 4182 }, 
        {"sofa" : 12,  "begin" : 4183,  "end" : 4188 }, 
        {"sofa" : 12,  "begin" : 4189,  "end" : 4193 }, 
        {"sofa" : 12,  "begin" : 4194,  "end" : 4209 }, 
        {"sofa" : 12,  "begin" : 4210,  "end" : 4215 }, 
        {"sofa" : 12,  "begin" : 4216,  "end" : 4219 }, 
        {"sofa" : 12,  "begin" : 4220,  "end" : 4224 }, 
        {"sofa" : 12,  "begin" : 4225,  "end" : 4229 }, 
        {"sofa" : 12,  "begin" : 4230,  "end" : 4236 }, 
        {"sofa" : 12,  "begin" : 4237,  "end" : 4239 }, 
        {"sofa" : 12,  "begin" : 4240,  "end" : 4246 }, 
        {"sofa" : 12,  "begin" : 4247,  "end" : 4251 }, 
        {"sofa" : 12,  "begin" : 4252,  "end" : 4257 }, 
        {"sofa" : 12,  "begin" : 4258,  "end" : 4264 }, 
        {"sofa" : 12,  "begin" : 4265,  "end" : 4269 }, 
        {"sofa" : 12,  "begin" : 4270,  "end" : 4275 }, 
        {"sofa" : 12,  "begin" : 4276,  "end" : 4281 }, 
        {"sofa" : 12,  "begin" : 4281,  "end" : 4282 }, 
        {"sofa" : 12,  "begin" : 4284,  "end" : 4288 }, 
        {"sofa" : 12,  "begin" : 4289,  "end" : 4298 }, 
        {"sofa" : 12,  "begin" : 4299,  "end" : 4301 }, 
        {"sofa" : 12,  "begin" : 4302,  "end" : 4303 }, 
        {"sofa" : 12,  "begin" : 4304,  "end" : 4307 }, 
        {"sofa" : 12,  "begin" : 4307,  "end" : 4308 }, 
        {"sofa" : 12,  "begin" : 4308,  "end" : 4309 }, 
        {"sofa" : 12,  "begin" : 4310,  "end" : 4313 }, 
        {"sofa" : 12,  "begin" : 4314,  "end" : 4318 }, 
        {"sofa" : 12,  "begin" : 4319,  "end" : 4321 }, 
        {"sofa" : 12,  "begin" : 4322,  "end" : 4329 }, 
        {"sofa" : 12,  "begin" : 4329,  "end" : 4330 }, 
        {"sofa" : 12,  "begin" : 4330,  "end" : 4331 }, 
        {"sofa" : 12,  "begin" : 4332,  "end" : 4341 }, 
        {"sofa" : 12,  "begin" : 4342,  "end" : 4345 }, 
        {"sofa" : 12,  "begin" : 4346,  "end" : 4356 }, 
        {"sofa" : 12,  "begin" : 4357,  "end" : 4365 }, 
        {"sofa" : 12,  "begin" : 4366,  "end" : 4375 }, 
        {"sofa" : 12,  "begin" : 4376,  "end" : 4380 }, 
        {"sofa" : 12,  "begin" : 4381,  "end" : 4388 }, 
        {"sofa" : 12,  "begin" : 4389,  "end" : 4390 }, 
        {"sofa" : 12,  "begin" : 4391,  "end" : 4397 }, 
        {"sofa" : 12,  "begin" : 4398,  "end" : 4400 }, 
        {"sofa" : 12,  "begin" : 4401,  "end" : 4404 }, 
        {"sofa" : 12,  "begin" : 4405,  "end" : 4413 }, 
        {"sofa" : 12,  "begin" : 4414,  "end" : 4416 }, 
        {"sofa" : 12,  "begin" : 4417,  "end" : 4420 }, 
        {"sofa" : 12,  "begin" : 4421,  "end" : 4427 }, 
        {"sofa" : 12,  "begin" : 4428,  "end" : 4430 }, 
        {"sofa" : 12,  "begin" : 4431,  "end" : 4443 }, 
        {"sofa" : 12,  "begin" : 4444,  "end" : 4452 }, 
        {"sofa" : 12,  "begin" : 4453,  "end" : 4455 }, 
        {"sofa" : 12,  "begin" : 4456,  "end" : 4459 }, 
        {"sofa" : 12,  "begin" : 4460,  "end" : 4470 }, 
        {"sofa" : 12,  "begin" : 4471,  "end" : 4473 }, 
        {"sofa" : 12,  "begin" : 4474,  "end" : 4481 }, 
        {"sofa" : 12,  "begin" : 4481,  "end" : 4482 }, 
        {"sofa" : 12,  "begin" : 4482,  "end" : 4483 }, 
        {"sofa" : 12,  "begin" : 4484,  "end" : 4485 }, 
        {"sofa" : 12,  "begin" : 4485,  "end" : 4486 }, 
        {"sofa" : 12,  "begin" : 4486,  "end" : 4491 }, 
        {"sofa" : 12,  "begin" : 4492,  "end" : 4501 }, 
        {"sofa" : 12,  "begin" : 4502,  "end" : 4505 }, 
        {"sofa" : 12,  "begin" : 4506,  "end" : 4512 }, 
        {"sofa" : 12,  "begin" : 4513,  "end" : 4519 }, 
        {"sofa" : 12,  "begin" : 4519,  "end" : 4520 }, 
        {"sofa" : 12,  "begin" : 4521,  "end" : 4523 }, 
        {"sofa" : 12,  "begin" : 4523,  "end" : 4524 }, 
        {"sofa" : 12,  "begin" : 4524,  "end" : 4525 }, 
        {"sofa" : 12,  "begin" : 4526,  "end" : 4534 }, 
        {"sofa" : 12,  "begin" : 4535,  "end" : 4539 }, 
        {"sofa" : 12,  "begin" : 4540,  "end" : 4543 }, 
        {"sofa" : 12,  "begin" : 4544,  "end" : 4550 }, 
        {"sofa" : 12,  "begin" : 4551,  "end" : 4555 }, 
        {"sofa" : 12,  "begin" : 4556,  "end" : 4558 }, 
        {"sofa" : 12,  "begin" : 4559,  "end" : 4568 }, 
        {"sofa" : 12,  "begin" : 4569,  "end" : 4577 }, 
        {"sofa" : 12,  "begin" : 4578,  "end" : 4582 }, 
        {"sofa" : 12,  "begin" : 4583,  "end" : 4587 }, 
        {"sofa" : 12,  "begin" : 4588,  "end" : 4591 }, 
        {"sofa" : 12,  "begin" : 4592,  "end" : 4598 }, 
        {"sofa" : 12,  "begin" : 4599,  "end" : 4605 }, 
        {"sofa" : 12,  "begin" : 4605,  "end" : 4606 }, 
        {"sofa" : 12,  "begin" : 4607,  "end" : 4611 }, 
        {"sofa" : 12,  "begin" : 4612,  "end" : 4621 }, 
        {"sofa" : 12,  "begin" : 4621,  "end" : 4622 }, 
        {"sofa" : 12,  "begin" : 4623,  "end" : 4630 }, 
        {"sofa" : 12,  "begin" : 4631,  "end" : 4633 }, 
        {"sofa" : 12,  "begin" : 4634,  "end" : 4637 }, 
        {"sofa" : 12,  "begin" : 4638,  "end" : 4644 }, 
        {"sofa" : 12,  "begin" : 4645,  "end" : 4649 }, 
        {"sofa" : 12,  "begin" : 4650,  "end" : 4652 }, 
        {"sofa" : 12,  "begin" : 4653,  "end" : 4658 }, 
        {"sofa" : 12,  "begin" : 4659,  "end" : 4661 }, 
        {"sofa" : 12,  "begin" : 4662,  "end" : 4673 }, 
        {"sofa" : 12,  "begin" : 4674,  "end" : 4676 }, 
        {"sofa" : 12,  "begin" : 4677,  "end" : 4682 }, 
        {"sofa" : 12,  "begin" : 4683,  "end" : 4685 }, 
        {"sofa" : 12,  "begin" : 4686,  "end" : 4689 }, 
        {"sofa" : 12,  "begin" : 4690,  "end" : 4699 }, 
        {"sofa" : 12,  "begin" : 4700,  "end" : 4702 }, 
        {"sofa" : 12,  "begin" : 4703,  "end" : 4707 }, 
        {"sofa" : 12,  "begin" : 4708,  "end" : 4713 }, 
        {"sofa" : 12,  "begin" : 4713,  "end" : 4714 }, 
        {"sofa" : 12,  "begin" : 4716,  "end" : 4719 }, 
        {"sofa" : 12,  "begin" : 4720,  "end" : 4724 }, 
        {"sofa" : 12,  "begin" : 4725,  "end" : 4731 }, 
        {"sofa" : 12,  "begin" : 4732,  "end" : 4740 }, 
        {"sofa" : 12,  "begin" : 4741,  "end" : 4744 }, 
        {"sofa" : 12,  "begin" : 4745,  "end" : 4752 }, 
        {"sofa" : 12,  "begin" : 4753,  "end" : 4757 }, 
        {"sofa" : 12,  "begin" : 4758,  "end" : 4765 }, 
        {"sofa" : 12,  "begin" : 4765,  "end" : 4766 }, 
        {"sofa" : 12,  "begin" : 4766,  "end" : 4767 }, 
        {"sofa" : 12,  "begin" : 4768,  "end" : 4776 }, 
        {"sofa" : 12,  "begin" : 4777,  "end" : 4782 }, 
        {"sofa" : 12,  "begin" : 4783,  "end" : 4785 }, 
        {"sofa" : 12,  "begin" : 4786,  "end" : 4790 }, 
        {"sofa" : 12,  "begin" : 4791,  "end" : 4794 }, 
        {"sofa" : 12,  "begin" : 4795,  "end" : 4802 }, 
        {"sofa" : 12,  "begin" : 4803,  "end" : 4810 }, 
        {"sofa" : 12,  "begin" : 4811,  "end" : 4814 }, 
        {"sofa" : 12,  "begin" : 4815,  "end" : 4820 }, 
        {"sofa" : 12,  "begin" : 4821,  "end" : 4826 }, 
        {"sofa" : 12,  "begin" : 4827,  "end" : 4829 }, 
        {"sofa" : 12,  "begin" : 4830,  "end" : 4837 }, 
        {"sofa" : 12,  "begin" : 4838,  "end" : 4841 }, 
        {"sofa" : 12,  "begin" : 4842,  "end" : 4857 }, 
        {"sofa" : 12,  "begin" : 4858,  "end" : 4867 }, 
        {"sofa" : 12,  "begin" : 4868,  "end" : 4870 }, 
        {"sofa" : 12,  "begin" : 4871,  "end" : 4878 }, 
        {"sofa" : 12,  "begin" : 4878,  "end" : 4879 }, 
        {"sofa" : 12,  "begin" : 4879,  "end" : 4880 }, 
        {"sofa" : 12,  "begin" : 4881,  "end" : 4889 }, 
        {"sofa" : 12,  "begin" : 4890,  "end" : 4893 }, 
        {"sofa" : 12,  "begin" : 4894,  "end" : 4902 }, 
        {"sofa" : 12,  "begin" : 4903,  "end" : 4908 }, 
        {"sofa" : 12,  "begin" : 4909,  "end" : 4918 }, 
        {"sofa" : 12,  "begin" : 4919,  "end" : 4929 }, 
        {"sofa" : 12,  "begin" : 4929,  "end" : 4930 }, 
        {"sofa" : 12,  "begin" : 4931,  "end" : 4935 }, 
        {"sofa" : 12,  "begin" : 4936,  "end" : 4939 }, 
        {"sofa" : 12,  "begin" : 4940,  "end" : 4948 }, 
        {"sofa" : 12,  "begin" : 4949,  "end" : 4951 }, 
        {"sofa" : 12,  "begin" : 4952,  "end" : 4956 }, 
        {"sofa" : 12,  "begin" : 4957,  "end" : 4959 }, 
        {"sofa" : 12,  "begin" : 4960,  "end" : 4962 }, 
        {"sofa" : 12,  "begin" : 4963,  "end" : 4965 }, 
        {"sofa" : 12,  "begin" : 4966,  "end" : 4973 }, 
        {"sofa" : 12,  "begin" : 4973,  "end" : 4974 }, 
        {"sofa" : 12,  "begin" : 4975,  "end" : 4978 }, 
        {"sofa" : 12,  "begin" : 4979,  "end" : 4988 }, 
        {"sofa" : 12,  "begin" : 4989,  "end" : 4992 }, 
        {"sofa" : 12,  "begin" : 4993,  "end" : 5001 }, 
        {"sofa" : 12,  "begin" : 5002,  "end" : 5008 }, 
        {"sofa" : 12,  "begin" : 5009,  "end" : 5018 }, 
        {"sofa" : 12,  "begin" : 5019,  "end" : 5023 }, 
        {"sofa" : 12,  "begin" : 5023,  "end" : 5024 }, 
        {"sofa" : 12,  "begin" : 5025,  "end" : 5035 }, 
        {"sofa" : 12,  "begin" : 5035,  "end" : 5036 }, 
        {"sofa" : 12,  "begin" : 5037,  "end" : 5044 }, 
        {"sofa" : 12,  "begin" : 5045,  "end" : 5050 }, 
        {"sofa" : 12,  "begin" : 5051,  "end" : 5058 }, 
        {"sofa" : 12,  "begin" : 5059,  "end" : 5069 }, 
        {"sofa" : 12,  "begin" : 5070,  "end" : 5073 }, 
        {"sofa" : 12,  "begin" : 5074,  "end" : 5080 }, 
        {"sofa" : 12,  "begin" : 5081,  "end" : 5089 }, 
        {"sofa" : 12,  "begin" : 5090,  "end" : 5092 }, 
        {"sofa" : 12,  "begin" : 5093,  "end" : 5103 }, 
        {"sofa" : 12,  "begin" : 5104,  "end" : 5107 }, 
        {"sofa" : 12,  "begin" : 5108,  "end" : 5113 }, 
        {"sofa" : 12,  "begin" : 5113,  "end" : 5114 }, 
        {"sofa" : 12,  "begin" : 5116,  "end" : 5118 }, 
        {"sofa" : 12,  "begin" : 5118,  "end" : 5119 }, 
        {"sofa" : 12,  "begin" : 5120,  "end" : 5123 }, 
        {"sofa" : 12,  "begin" : 5124,  "end" : 5126 }, 
        {"sofa" : 12,  "begin" : 5127,  "end" : 5130 }, 
        {"sofa" : 12,  "begin" : 5131,  "end" : 5135 }, 
        {"sofa" : 12,  "begin" : 5136,  "end" : 5143 }, 
        {"sofa" : 12,  "begin" : 5144,  "end" : 5151 }, 
        {"sofa" : 12,  "begin" : 5151,  "end" : 5152 }, 
        {"sofa" : 12,  "begin" : 5153,  "end" : 5161 }, 
        {"sofa" : 12,  "begin" : 5161,  "end" : 5162 }, 
        {"sofa" : 12,  "begin" : 5162,  "end" : 5169 }, 
        {"sofa" : 12,  "begin" : 5170,  "end" : 5179 }, 
        {"sofa" : 12,  "begin" : 5180,  "end" : 5185 }, 
        {"sofa" : 12,  "begin" : 5185,  "end" : 5186 }, 
        {"sofa" : 12,  "begin" : 5186,  "end" : 5193 }, 
        {"sofa" : 12,  "begin" : 5194,  "end" : 5201 }, 
        {"sofa" : 12,  "begin" : 5202,  "end" : 5210 }, 
        {"sofa" : 12,  "begin" : 5211,  "end" : 5215 }, 
        {"sofa" : 12,  "begin" : 5216,  "end" : 5219 }, 
        {"sofa" : 12,  "begin" : 5220,  "end" : 5225 }, 
        {"sofa" : 12,  "begin" : 5226,  "end" : 5235 }, 
        {"sofa" : 12,  "begin" : 5236,  "end" : 5240 }, 
        {"sofa" : 12,  "begin" : 5241,  "end" : 5244 }, 
        {"sofa" : 12,  "begin" : 5245,  "end" : 5249 }, 
        {"sofa" : 12,  "begin" : 5250,  "end" : 5258 }, 
        {"sofa" : 12,  "begin" : 5259,  "end" : 5261 }, 
        {"sofa" : 12,  "begin" : 5262,  "end" : 5268 }, 
        {"sofa" : 12,  "begin" : 5269,  "end" : 5271 }, 
        {"sofa" : 12,  "begin" : 5272,  "end" : 5277 }, 
        {"sofa" : 12,  "begin" : 5278,  "end" : 5281 }, 
        {"sofa" : 12,  "begin" : 5282,  "end" : 5284 }, 
        {"sofa" : 12,  "begin" : 5285,  "end" : 5293 }, 
        {"sofa" : 12,  "begin" : 5294,  "end" : 5301 }, 
        {"sofa" : 12,  "begin" : 5302,  "end" : 5304 }, 
        {"sofa" : 12,  "begin" : 5305,  "end" : 5310 }, 
        {"sofa" : 12,  "begin" : 5310,  "end" : 5311 }, 
        {"sofa" : 12,  "begin" : 5312,  "end" : 5321 }, 
        {"sofa" : 12,  "begin" : 5322,  "end" : 5328 }, 
        {"sofa" : 12,  "begin" : 5328,  "end" : 5329 }, 
        {"sofa" : 12,  "begin" : 5330,  "end" : 5336 }, 
        {"sofa" : 12,  "begin" : 5337,  "end" : 5345 }, 
        {"sofa" : 12,  "begin" : 5345,  "end" : 5346 }, 
        {"sofa" : 12,  "begin" : 5347,  "end" : 5356 }, 
        {"sofa" : 12,  "begin" : 5357,  "end" : 5364 }, 
        {"sofa" : 12,  "begin" : 5364,  "end" : 5365 }, 
        {"sofa" : 12,  "begin" : 5366,  "end" : 5369 }, 
        {"sofa" : 12,  "begin" : 5370,  "end" : 5373 }, 
        {"sofa" : 12,  "begin" : 5374,  "end" : 5378 }, 
        {"sofa" : 12,  "begin" : 5379,  "end" : 5383 }, 
        {"sofa" : 12,  "begin" : 5384,  "end" : 5386 }, 
        {"sofa" : 12,  "begin" : 5386,  "end" : 5387 }, 
        {"sofa" : 12,  "begin" : 5389,  "end" : 5391 }, 
        {"sofa" : 12,  "begin" : 5392,  "end" : 5400 }, 
        {"sofa" : 12,  "begin" : 5400,  "end" : 5401 }, 
        {"sofa" : 12,  "begin" : 5402,  "end" : 5404 }, 
        {"sofa" : 12,  "begin" : 5404,  "end" : 5405 }, 
        {"sofa" : 12,  "begin" : 5406,  "end" : 5413 }, 
        {"sofa" : 12,  "begin" : 5414,  "end" : 5419 }, 
        {"sofa" : 12,  "begin" : 5419,  "end" : 5420 }, 
        {"sofa" : 12,  "begin" : 5421,  "end" : 5423 }, 
        {"sofa" : 12,  "begin" : 5424,  "end" : 5427 }, 
        {"sofa" : 12,  "begin" : 5428,  "end" : 5429 }, 
        {"sofa" : 12,  "begin" : 5429,  "end" : 5430 }, 
        {"sofa" : 12,  "begin" : 5430,  "end" : 5435 }, 
        {"sofa" : 12,  "begin" : 5436,  "end" : 5445 }, 
        {"sofa" : 12,  "begin" : 5445,  "end" : 5446 }, 
        {"sofa" : 12,  "begin" : 5447,  "end" : 5451 }, 
        {"sofa" : 12,  "begin" : 5452,  "end" : 5459 }, 
        {"sofa" : 12,  "begin" : 5460,  "end" : 5464 }, 
        {"sofa" : 12,  "begin" : 5465,  "end" : 5468 }, 
        {"sofa" : 12,  "begin" : 5469,  "end" : 5475 }, 
        {"sofa" : 12,  "begin" : 5476,  "end" : 5480 }, 
        {"sofa" : 12,  "begin" : 5481,  "end" : 5493 }, 
        {"sofa" : 12,  "begin" : 5494,  "end" : 5502 }, 
        {"sofa" : 12,  "begin" : 5503,  "end" : 5512 }, 
        {"sofa" : 12,  "begin" : 5513,  "end" : 5523 }, 
        {"sofa" : 12,  "begin" : 5524,  "end" : 5530 }, 
        {"sofa" : 12,  "begin" : 5531,  "end" : 5534 }, 
        {"sofa" : 12,  "begin" : 5535,  "end" : 5545 }, 
        {"sofa" : 12,  "begin" : 5546,  "end" : 5557 }, 
        {"sofa" : 12,  "begin" : 5557,  "end" : 5558 }, 
        {"sofa" : 12,  "begin" : 5559,  "end" : 5566 }, 
        {"sofa" : 12,  "begin" : 5567,  "end" : 5578 }, 
        {"sofa" : 12,  "begin" : 5579,  "end" : 5581 }, 
        {"sofa" : 12,  "begin" : 5582,  "end" : 5594 }, 
        {"sofa" : 12,  "begin" : 5595,  "end" : 5598 }, 
        {"sofa" : 12,  "begin" : 5599,  "end" : 5608 }, 
        {"sofa" : 12,  "begin" : 5609,  "end" : 5612 }, 
        {"sofa" : 12,  "begin" : 5613,  "end" : 5618 }, 
        {"sofa" : 12,  "begin" : 5619,  "end" : 5626 }, 
        {"sofa" : 12,  "begin" : 5626,  "end" : 5627 }, 
        {"sofa" : 12,  "begin" : 5628,  "end" : 5632 }, 
        {"sofa" : 12,  "begin" : 5632,  "end" : 5633 }, 
        {"sofa" : 12,  "begin" : 5633,  "end" : 5634 }, 
        {"sofa" : 12,  "begin" : 5635,  "end" : 5641 }, 
        {"sofa" : 12,  "begin" : 5642,  "end" : 5644 }, 
        {"sofa" : 12,  "begin" : 5645,  "end" : 5649 }, 
        {"sofa" : 12,  "begin" : 5650,  "end" : 5654 }, 
        {"sofa" : 12,  "begin" : 5655,  "end" : 5661 }, 
        {"sofa" : 12,  "begin" : 5662,  "end" : 5670 }, 
        {"sofa" : 12,  "begin" : 5671,  "end" : 5673 }, 
        {"sofa" : 12,  "begin" : 5674,  "end" : 5677 }, 
        {"sofa" : 12,  "begin" : 5678,  "end" : 5684 }, 
        {"sofa" : 12,  "begin" : 5685,  "end" : 5689 }, 
        {"sofa" : 12,  "begin" : 5690,  "end" : 5694 }, 
        {"sofa" : 12,  "begin" : 5695,  "end" : 5701 }, 
        {"sofa" : 12,  "begin" : 5702,  "end" : 5707 }, 
        {"sofa" : 12,  "begin" : 5707,  "end" : 5708 }, 
        {"sofa" : 12,  "begin" : 5710,  "end" : 5719 }, 
        {"sofa" : 12,  "begin" : 5719,  "end" : 5720 }, 
        {"sofa" : 12,  "begin" : 5721,  "end" : 5727 }, 
        {"sofa" : 12,  "begin" : 5728,  "end" : 5736 }, 
        {"sofa" : 12,  "begin" : 5737,  "end" : 5739 }, 
        {"sofa" : 12,  "begin" : 5740,  "end" : 5743 }, 
        {"sofa" : 12,  "begin" : 5744,  "end" : 5749 }, 
        {"sofa" : 12,  "begin" : 5750,  "end" : 5756 }, 
        {"sofa" : 12,  "begin" : 5757,  "end" : 5759 }, 
        {"sofa" : 12,  "begin" : 5760,  "end" : 5763 }, 
        {"sofa" : 12,  "begin" : 5764,  "end" : 5766 }, 
        {"sofa" : 12,  "begin" : 5767,  "end" : 5770 }, 
        {"sofa" : 12,  "begin" : 5771,  "end" : 5775 }, 
        {"sofa" : 12,  "begin" : 5776,  "end" : 5783 }, 
        {"sofa" : 12,  "begin" : 5784,  "end" : 5789 }, 
        {"sofa" : 12,  "begin" : 5790,  "end" : 5795 }, 
        {"sofa" : 12,  "begin" : 5796,  "end" : 5797 }, 
        {"sofa" : 12,  "begin" : 5798,  "end" : 5807 }, 
        {"sofa" : 12,  "begin" : 5807,  "end" : 5808 }, 
        {"sofa" : 12,  "begin" : 5809,  "end" : 5811 }, 
        {"sofa" : 12,  "begin" : 5812,  "end" : 5815 }, 
        {"sofa" : 12,  "begin" : 5816,  "end" : 5820 }, 
        {"sofa" : 12,  "begin" : 5821,  "end" : 5824 }, 
        {"sofa" : 12,  "begin" : 5825,  "end" : 5826 }, 
        {"sofa" : 12,  "begin" : 5827,  "end" : 5832 }, 
        {"sofa" : 12,  "begin" : 5833,  "end" : 5838 }, 
        {"sofa" : 12,  "begin" : 5839,  "end" : 5846 }, 
        {"sofa" : 12,  "begin" : 5847,  "end" : 5849 }, 
        {"sofa" : 12,  "begin" : 5850,  "end" : 5854 }, 
        {"sofa" : 12,  "begin" : 5855,  "end" : 5859 }, 
        {"sofa" : 12,  "begin" : 5860,  "end" : 5862 }, 
        {"sofa" : 12,  "begin" : 5863,  "end" : 5873 }, 
        {"sofa" : 12,  "begin" : 5874,  "end" : 5875 }, 
        {"sofa" : 12,  "begin" : 5875,  "end" : 5881 }, 
        {"sofa" : 12,  "begin" : 5882,  "end" : 5884 }, 
        {"sofa" : 12,  "begin" : 5884,  "end" : 5885 }, 
        {"sofa" : 12,  "begin" : 5885,  "end" : 5886 }, 
        {"sofa" : 12,  "begin" : 5887,  "end" : 5893 }, 
        {"sofa" : 12,  "begin" : 5894,  "end" : 5905 }, 
        {"sofa" : 12,  "begin" : 5905,  "end" : 5906 }, 
        {"sofa" : 12,  "begin" : 5906,  "end" : 5907 }, 
        {"sofa" : 12,  "begin" : 5908,  "end" : 5913 }, 
        {"sofa" : 12,  "begin" : 5914,  "end" : 5917 }, 
        {"sofa" : 12,  "begin" : 5918,  "end" : 5925 }, 
        {"sofa" : 12,  "begin" : 5925,  "end" : 5926 }, 
        {"sofa" : 12,  "begin" : 5928,  "end" : 5931 }, 
        {"sofa" : 12,  "begin" : 5932,  "end" : 5934 }, 
        {"sofa" : 12,  "begin" : 5935,  "end" : 5937 }, 
        {"sofa" : 12,  "begin" : 5937,  "end" : 5938 }, 
        {"sofa" : 12,  "begin" : 5939,  "end" : 5946 }, 
        {"sofa" : 12,  "begin" : 5946,  "end" : 5947 }, 
        {"sofa" : 12,  "begin" : 5948,  "end" : 5952 }, 
        {"sofa" : 12,  "begin" : 5953,  "end" : 5960 }, 
        {"sofa" : 12,  "begin" : 5961,  "end" : 5966 }, 
        {"sofa" : 12,  "begin" : 5966,  "end" : 5967 }, 
        {"sofa" : 12,  "begin" : 5968,  "end" : 5970 }, 
        {"sofa" : 12,  "begin" : 5971,  "end" : 5976 }, 
        {"sofa" : 12,  "begin" : 5977,  "end" : 5980 }, 
        {"sofa" : 12,  "begin" : 5981,  "end" : 5988 }, 
        {"sofa" : 12,  "begin" : 5989,  "end" : 5991 }, 
        {"sofa" : 12,  "begin" : 5991,  "end" : 5992 }, 
        {"sofa" : 12,  "begin" : 5994,  "end" : 5999 }, 
        {"sofa" : 12,  "begin" : 6000,  "end" : 6002 }, 
        {"sofa" : 12,  "begin" : 6003,  "end" : 6005 }, 
        {"sofa" : 12,  "begin" : 6006,  "end" : 6010 }, 
        {"sofa" : 12,  "begin" : 6011,  "end" : 6016 }, 
        {"sofa" : 12,  "begin" : 6017,  "end" : 6019 }, 
        {"sofa" : 12,  "begin" : 6020,  "end" : 6027 }, 
        {"sofa" : 12,  "begin" : 6028,  "end" : 6037 }, 
        {"sofa" : 12,  "begin" : 6038,  "end" : 6044 }, 
        {"sofa" : 12,  "begin" : 6045,  "end" : 6046 }, 
        {"sofa" : 12,  "begin" : 6047,  "end" : 6050 }, 
        {"sofa" : 12,  "begin" : 6051,  "end" : 6054 }, 
        {"sofa" : 12,  "begin" : 6055,  "end" : 6066 }, 
        {"sofa" : 12,  "begin" : 6067,  "end" : 6072 }, 
        {"sofa" : 12,  "begin" : 6073,  "end" : 6076 }, 
        {"sofa" : 12,  "begin" : 6077,  "end" : 6092 }, 
        {"sofa" : 12,  "begin" : 6093,  "end" : 6098 }, 
        {"sofa" : 12,  "begin" : 6098,  "end" : 6099 }, 
        {"sofa" : 12,  "begin" : 6100,  "end" : 6105 }, 
        {"sofa" : 12,  "begin" : 6106,  "end" : 6109 }, 
        {"sofa" : 12,  "begin" : 6110,  "end" : 6116 }, 
        {"sofa" : 12,  "begin" : 6117,  "end" : 6119 }, 
        {"sofa" : 12,  "begin" : 6120,  "end" : 6123 }, 
        {"sofa" : 12,  "begin" : 6124,  "end" : 6129 }, 
        {"sofa" : 12,  "begin" : 6130,  "end" : 6132 }, 
        {"sofa" : 12,  "begin" : 6133,  "end" : 6138 }, 
        {"sofa" : 12,  "begin" : 6139,  "end" : 6141 }, 
        {"sofa" : 12,  "begin" : 6142,  "end" : 6153 }, 
        {"sofa" : 12,  "begin" : 6154,  "end" : 6159 }, 
        {"sofa" : 12,  "begin" : 6160,  "end" : 6164 }, 
        {"sofa" : 12,  "begin" : 6165,  "end" : 6169 }, 
        {"sofa" : 12,  "begin" : 6170,  "end" : 6172 }, 
        {"sofa" : 12,  "begin" : 6173,  "end" : 6179 }, 
        {"sofa" : 12,  "begin" : 6180,  "end" : 6182 }, 
        {"sofa" : 12,  "begin" : 6183,  "end" : 6186 }, 
        {"sofa" : 12,  "begin" : 6187,  "end" : 6193 }, 
        {"sofa" : 12,  "begin" : 6194,  "end" : 6202 }, 
        {"sofa" : 12,  "begin" : 6203,  "end" : 6205 }, 
        {"sofa" : 12,  "begin" : 6206,  "end" : 6211 }, 
        {"sofa" : 12,  "begin" : 6212,  "end" : 6214 }, 
        {"sofa" : 12,  "begin" : 6215,  "end" : 6218 }, 
        {"sofa" : 12,  "begin" : 6219,  "end" : 6224 }, 
        {"sofa" : 12,  "begin" : 6225,  "end" : 6231 }, 
        {"sofa" : 12,  "begin" : 6232,  "end" : 6237 }, 
        {"sofa" : 12,  "begin" : 6237,  "end" : 6238 }, 
        {"sofa" : 12,  "begin" : 6240,  "end" : 6242 }, 
        {"sofa" : 12,  "begin" : 6243,  "end" : 6246 }, 
        {"sofa" : 12,  "begin" : 6247,  "end" : 6251 }, 
        {"sofa" : 12,  "begin" : 6252,  "end" : 6256 }, 
        {"sofa" : 12,  "begin" : 6256,  "end" : 6257 }, 
        {"sofa" : 12,  "begin" : 6258,  "end" : 6263 }, 
        {"sofa" : 12,  "begin" : 6264,  "end" : 6267 }, 
        {"sofa" : 12,  "begin" : 6268,  "end" : 6272 }, 
        {"sofa" : 12,  "begin" : 6273,  "end" : 6275 }, 
        {"sofa" : 12,  "begin" : 6276,  "end" : 6281 }, 
        {"sofa" : 12,  "begin" : 6282,  "end" : 6285 }, 
        {"sofa" : 12,  "begin" : 6286,  "end" : 6291 }, 
        {"sofa" : 12,  "begin" : 6292,  "end" : 6294 }, 
        {"sofa" : 12,  "begin" : 6295,  "end" : 6303 }, 
        {"sofa" : 12,  "begin" : 6304,  "end" : 6307 }, 
        {"sofa" : 12,  "begin" : 6308,  "end" : 6310 }, 
        {"sofa" : 12,  "begin" : 6311,  "end" : 6316 }, 
        {"sofa" : 12,  "begin" : 6317,  "end" : 6321 }, 
        {"sofa" : 12,  "begin" : 6322,  "end" : 6325 }, 
        {"sofa" : 12,  "begin" : 6326,  "end" : 6331 }, 
        {"sofa" : 12,  "begin" : 6331,  "end" : 6332 }, 
        {"sofa" : 12,  "begin" : 6333,  "end" : 6335 }, 
        {"sofa" : 12,  "begin" : 6335,  "end" : 6336 }, 
        {"sofa" : 12,  "begin" : 6336,  "end" : 6337 }, 
        {"sofa" : 12,  "begin" : 6338,  "end" : 6343 }, 
        {"sofa" : 12,  "begin" : 6344,  "end" : 6348 }, 
        {"sofa" : 12,  "begin" : 6349,  "end" : 6359 }, 
        {"sofa" : 12,  "begin" : 6360,  "end" : 6362 }, 
        {"sofa" : 12,  "begin" : 6363,  "end" : 6364 }, 
        {"sofa" : 12,  "begin" : 6365,  "end" : 6374 }, 
        {"sofa" : 12,  "begin" : 6374,  "end" : 6375 }, 
        {"sofa" : 12,  "begin" : 6376,  "end" : 6377 }, 
        {"sofa" : 12,  "begin" : 6378,  "end" : 6381 }, 
        {"sofa" : 12,  "begin" : 6381,  "end" : 6382 }, 
        {"sofa" : 12,  "begin" : 6382,  "end" : 6383 }, 
        {"sofa" : 12,  "begin" : 6384,  "end" : 6388 }, 
        {"sofa" : 12,  "begin" : 6389,  "end" : 6392 }, 
        {"sofa" : 12,  "begin" : 6392,  "end" : 6393 }, 
        {"sofa" : 12,  "begin" : 6394,  "end" : 6401 }, 
        {"sofa" : 12,  "begin" : 6401,  "end" : 6402 }, 
        {"sofa" : 12,  "begin" : 6404,  "end" : 6409 }, 
        {"sofa" : 12,  "begin" : 6410,  "end" : 6418 }, 
        {"sofa" : 12,  "begin" : 6419,  "end" : 6421 }, 
        {"sofa" : 12,  "begin" : 6422,  "end" : 6423 }, 
        {"sofa" : 12,  "begin" : 6424,  "end" : 6433 }, 
        {"sofa" : 12,  "begin" : 6434,  "end" : 6441 }, 
        {"sofa" : 12,  "begin" : 6442,  "end" : 6451 }, 
        {"sofa" : 12,  "begin" : 6451,  "end" : 6452 }, 
        {"sofa" : 12,  "begin" : 6454,  "end" : 6463 }, 
        {"sofa" : 12,  "begin" : 6463,  "end" : 6464 }, 
        {"sofa" : 12,  "begin" : 6464,  "end" : 6477 } ], 
      "Persuasive_Labels" : [
        {"sofa" : 12,  "begin" : 712,  "end" : 1123,  "FabricatingNarrativewithDetails" : "Narrative with Details" }, 
        {"sofa" : 12,  "begin" : 712,  "end" : 1123,  "FabricatingNarrativewithDetails" : "Narrative with details_details not verified" }, 
        {"sofa" : 12,  "begin" : 1248,  "end" : 1341,  "EmotionalAppeals" : "anger" }, 
        {"sofa" : 12,  "begin" : 1248,  "end" : 1341,  "EmotionalAppeals" : "emotional appeals" }, 
        {"sofa" : 12,  "begin" : 1341,  "end" : 1515,  "BiasedReasoningtoMakeaConclusion" : "biased reasoning to make a conclusion" }, 
        {"sofa" : 12,  "begin" : 1341,  "end" : 1515,  "BiasedReasoningtoMakeaConclusion" : "evidence does not support conclusion" }, 
        {"sofa" : 12,  "begin" : 1625,  "end" : 1939,  "UsingAnecdotesandPersonalExperienceasEvidence" : "Using Anecdotes and Personal Experience as Evidence" }, 
        {"sofa" : 12,  "begin" : 1941,  "end" : 1995,  "EmotionalAppeals" : "emotional appeals" }, 
        {"sofa" : 12,  "begin" : 1941,  "end" : 1995,  "EmotionalAppeals" : "anger" }, 
        {"sofa" : 12,  "begin" : 2220,  "end" : 2254,  "PoliticizingHealthIssues" : "politicizing health issues" }, 
        {"sofa" : 12,  "begin" : 2220,  "end" : 2253,  "PoliticizingHealthIssues" : "freedom of choice and agency" }, 
        {"sofa" : 12,  "begin" : 2279,  "end" : 2312,  "EstablishingLegitimacy" : "Establishing Legitimacy" }, 
        {"sofa" : 12,  "begin" : 2279,  "end" : 2312,  "EstablishingLegitimacy" : "surface credibility markers - simply claiming authority or credibility" }, 
        {"sofa" : 12,  "begin" : 2887,  "end" : 2976,  "InappropriateUseofScientificEvidence" : "inappropriate use of scientific and Other evidence" }, 
        {"sofa" : 12,  "begin" : 2978,  "end" : 2999,  "EstablishingLegitimacy" : "Establishing Legitimacy" }, 
        {"sofa" : 12,  "begin" : 2978,  "end" : 2999,  "EstablishingLegitimacy" : "legitimate persuasive techniques: rhetorical question" }, 
        {"sofa" : 12,  "begin" : 3417,  "end" : 3468,  "EstablishingLegitimacy" : "Establishing Legitimacy" }, 
        {"sofa" : 12,  "begin" : 3417,  "end" : 3468,  "EstablishingLegitimacy" : "citing source to establish legitimacy_source not verified" }, 
        {"sofa" : 12,  "begin" : 4000,  "end" : 4014,  "EstablishingLegitimacy" : "Establishing Legitimacy" }, 
        {"sofa" : 12,  "begin" : 4000,  "end" : 4014,  "EstablishingLegitimacy" : "surface credibility markers - simply claiming authority or credibility" }, 
        {"sofa" : 12,  "begin" : 4167,  "end" : 4188,  "EstablishingLegitimacy" : "Establishing Legitimacy" }, 
        {"sofa" : 12,  "begin" : 4167,  "end" : 4188,  "EstablishingLegitimacy" : "surface credibility markers - simply claiming authority or credibility" }, 
        {"sofa" : 12,  "begin" : 4460,  "end" : 4520,  "EstablishingLegitimacy" : "Establishing Legitimacy" }, 
        {"sofa" : 12,  "begin" : 4460,  "end" : 4520,  "EstablishingLegitimacy" : "citing source to establish legitimacy_source not verified" }, 
        {"sofa" : 12,  "begin" : 5153,  "end" : 5387,  "InappropriateUseofScientificEvidence" : "inappropriate use of scientific and Other evidence" }, 
        {"sofa" : 12,  "begin" : 5153,  "end" : 5387,  "InappropriateUseofScientificEvidence" : "lack of citation for evidence" }, 
        {"sofa" : 12,  "begin" : 5153,  "end" : 5179,  "EstablishingLegitimacy" : "Establishing Legitimacy" }, 
        {"sofa" : 12,  "begin" : 5153,  "end" : 5179,  "EstablishingLegitimacy" : "surface credibility markers - simply claiming authority or credibility" }, 
        {"sofa" : 12,  "begin" : 5402,  "end" : 5446,  "EstablishingLegitimacy" : "Establishing Legitimacy" }, 
        {"sofa" : 12,  "begin" : 5402,  "end" : 5446,  "EstablishingLegitimacy" : "citing source to establish legitimacy_source not verified" }, 
        {"sofa" : 12,  "begin" : 5908,  "end" : 6332,  "PoliticizingHealthIssues" : "freedom of choice and agency" }, 
        {"sofa" : 12,  "begin" : 5908,  "end" : 6332,  "PoliticizingHealthIssues" : "politicizing health issues" } ] } }, 
  "_referenced_fss" : {
    "12" : {"_type" : "Sofa",  "sofaNum" : 1,  "sofaID" : "_InitialView",  "mimeType" : "text",  "sofaString" : "﻿snes-02527 Scientific studies demonstrate that the process of adding fluoride to public water reduces the IQ of the individuals in those areas.\r\nSource: https://calgaryherald.com/opinion/columnists/corbella-fluoride-doesnt-belong-in-our-water-supply \r\nFact checking: https://www.snopes.com/fact-check/water-fluoridation-reduces-iq/ \r\nActual content: \r\nCorbella: Fluoride doesn't belong in our water supply\r\nAuthor of the article:\r\nLicia Corbella\r\nPublishing date:\r\nJul 17, 2019  •  July 17, 2019  •  4 minute read  •   Join the conversation\r\n[Image] Calgary City council is again considering fluoride in Calgary's tap water after studies show more cavities in Calgary children. PHOTO BY GAVIN YOUNG /Postmedia\r\nWhen our twin sons were born in 1997, the City of Calgary had been adding one part per million of fluoride to our drinking water, which began in 1991.\r\nBack then, health officials declared that the “science was settled” and I, like many other Calgarians, stupidly and unthinkingly believed their earnest declarations that adding fluoride to our water supply was “a safe and effective way” to battle tooth decay.\r\nTwo years later, those same medical experts let out a collective scientific oops. It was a quiet oops but one nonetheless, and naturally none of those arrogant medical experts was held accountable for their mistake. Calgary decided to decrease the amount of fluoride in our water to 0.7 ppm — a 30 per cent drop. Clearly, the science from just two years earlier wasn’t so settled after all. The experts were wrong by a whopping one-third. That should give all proponents of mass fluoridation pause.\r\nBy then, however, it was too late for my sons, both of whom have evidence of dental fluorosis on their permanent teeth — white chalky-looking spots — which is an indication that their bones have also been weakened as well as their teeth by this so-called safe and effective cavity-preventing additive to our water.\r\nI can feel myself flushing with anger as I write this. Needless to say, my deference to the medical establishment with regard to the safety and effectiveness of fluoride in our water supply was pulled out by the roots and turned on its crown when I realized my children had been harmed by this anti-choice policy. As I’ve written before, I’ve done a lot of research since and if I had the money and the time, I would have sued those medical experts for the damage they inflicted on my kids.\r\nAs a parent, I did everything right when it came to our children’s dental health. My husband and I are very intentional parents. When our kids were young they either drank milk or water. No pop and almost no juice. They ate no junk. We used children’s toothpaste, with lower levels of fluoride, and we monitored their teeth brushing, applying the recommended pea-sized amount of children’s toothpaste to their toothbrushes in the morning and before bed. Nevertheless, those damned spots are proof positive that they received too much fluoride.\r\nHow is that possible? Because unlike most drugs — and yes, fluoride is defined as a drug by the U.S. Food and Drug Administration — where a doctor prescribes the dose and frequency, it’s impossible to know how much fluoride a person is ingesting when it’s added to our water supply. Some people drink a lot of water, others very little. Some people are large, others, like children and babies, are small.\r\nSpeaking of babies and fluoride, in 2006 the American Dental Association recommended that parents not prepare baby formula with fluoridated water, something that the Centers for Disease Control in the U.S. continues to recommend. Even though I tried to mostly nurse, we supplemented with formula made with fluoridated water for our sons. I sure wish I knew about that settled science when my boys were infants, but it came nine years too late.\r\nOne of the main arguments made for fluoridating our water is to prevent cavities in underprivileged children. Some parents, apparently, can’t afford a tube of toothpaste. I just checked, and there are 150 mL tubes of fluoridated toothpaste on sale for 69 cents. Buying bottled water to make powdered formula would cost considerably more, and the science shows that underprivileged women are much more likely to bottle feed their babies than other women.\r\nNext Wednesday at 1 p.m., the City of Calgary’s community and protective services committee will receive a report of new evidence on the merits of fluoridation gathered by the University of Calgary’s O’Brien Institute for Public Health. It’s expected that the report will be submitted sometime this week for public review. Next Wednesday, members of the public will be given an opportunity to speak to the committee on this issue.\r\nThe main reason fluoride was removed from Calgary’s drinking water in 2011 was because council was being asked to upgrade the fluoride-adding equipment at Calgary’s Glenmore and Bearspaw water treatment facilities. That was expected to cost up to $6 million, not including the $750,000 annual operating cost. Thankfully, council voted against continuing the costly practice of medicating our water.\r\nOh, and as for that settled science, numerous reports published since Calgary removed fluoride from our water indicates that too much fluoride is linked to lower IQs in children exposed in utero, cognitive issues, kidney problems, endocrine failure, and the list goes on.\r\nIn February, Dr. William Ghali, of the O’Brien Institute, told council that the debate over fluoridation requires balancing individual rights and collective protections, drawing comparisons to vaccinations and cellphone use while driving. Here’s hoping he does some deeper thinking in his report than that faulty logic.\r\nObviously, adding fluoride to our water supply is not at all like driving while using a cellphone. No one must use a phone while driving or even must be vaccinated (though it’s highly recommended). Those are choices.\r\nAll of us, however, must consume water. We would die without it.\r\nThere is no such thing as Calgary residents having a tap for fluoridated water and non-fluoridated water. Those who choose to not drink or bathe in fluoridated water will have no choice at all should fluoride be added to our water supply again.\r\nOn the flip side, those who want to drink and bathe in fluoride can go crazy with the stuff. It’s cheap when prescribed by a physician. I won’t stop you. Promise.\r\nLicia Corbella is a Postmedia opinion columnist.\r\nlcorbella@postmedia.com\r\n\r\n" } } }