{"_context" : {
    "_types" : {
      "DocumentMetaData" : {
        "_feature_types" : {"sofa" : "_ref" } }, 
      "Persuasive_Labels" : {
        "_feature_types" : {"sofa" : "_ref" } }, 
      "Sentence" : {
        "_feature_types" : {"sofa" : "_ref" } }, 
      "Sofa" : {
        "_feature_types" : {"sofaArray" : "_ref" } }, 
      "TagsetDescription" : {
        "_feature_types" : {"sofa" : "_ref",  "tags" : "_ref" } }, 
      "Token" : {
        "_feature_types" : {"sofa" : "_ref",  "parent" : "_ref",  "lemma" : "_ref",  "stem" : "_ref",  "pos" : "_ref",  "morph" : "_ref",  "form" : "_ref" } }, 
      "DocumentAnnotation" : {
        "_feature_types" : {"sofa" : "_ref" }, 
        "_subtypes" : ["DocumentMetaData" ] }, 
      "Annotation" : {
        "_feature_types" : {"sofa" : "_ref" }, 
        "_subtypes" : ["DocumentAnnotation",  "Persuasive_Labels",  "Sentence",  "TagsetDescription",  "Token" ] }, 
      "AnnotationBase" : {
        "_feature_types" : {"sofa" : "_ref" }, 
        "_subtypes" : ["Annotation" ] }, 
      "TOP" : {
        "_subtypes" : ["AnnotationBase",  "Sofa" ] } } }, 
  "_views" : {
    "_InitialView" : {
      "DocumentMetaData" : [
        {"sofa" : 12,  "end" : 2733,  "language" : "x-unspecified",  "documentTitle" : "165.%20tron-01445%20Beaver%20Butts%20Emit%20Goo%20for%20Vanilla%20Flavoring%20.txt",  "documentId" : "admin",  "documentUri" : "file:/C:/Users/huiyi/.webanno/repository/project/4/document/341/source/admin",  "collectionId" : "file:/C:/Users/huiyi/.webanno/repository/project/4/document/341/source/",  "documentBaseUri" : "file:/C:/Users/huiyi/.webanno/repository/project/4/document/341/source/",  "isLastSegment" : false } ], 
      "TagsetDescription" : [
        {"sofa" : 12,  "layer" : "de.tudarmstadt.ukp.dkpro.core.api.syntax.type.dependency.Dependency",  "name" : "UD Universal Dependencies (v2)",  "input" : false }, 
        {"sofa" : 12,  "layer" : "de.tudarmstadt.ukp.dkpro.core.api.ner.type.NamedEntity",  "name" : "Named Entity tags",  "input" : false }, 
        {"sofa" : 12,  "layer" : "de.tudarmstadt.ukp.dkpro.core.api.transform.type.SofaChangeAnnotation",  "name" : "Operation",  "input" : false }, 
        {"sofa" : 12,  "layer" : "de.tudarmstadt.ukp.dkpro.core.api.lexmorph.type.pos.POS",  "name" : "UD Universal POS tags (v2)",  "input" : false }, 
        {"sofa" : 12,  "layer" : "webanno.custom.Persuasive_Labels",  "name" : "2. Using Anecdotes and Personal Experience as Evidence",  "input" : false } ], 
      "Sentence" : [
        {"sofa" : 12,  "end" : 515 }, 
        {"sofa" : 12,  "begin" : 517,  "end" : 608 }, 
        {"sofa" : 12,  "begin" : 609,  "end" : 617 }, 
        {"sofa" : 12,  "begin" : 618,  "end" : 870 }, 
        {"sofa" : 12,  "begin" : 872,  "end" : 1046 }, 
        {"sofa" : 12,  "begin" : 1048,  "end" : 1083 }, 
        {"sofa" : 12,  "begin" : 1084,  "end" : 1145 }, 
        {"sofa" : 12,  "begin" : 1147,  "end" : 1289 }, 
        {"sofa" : 12,  "begin" : 1290,  "end" : 1435 }, 
        {"sofa" : 12,  "begin" : 1437,  "end" : 1542 }, 
        {"sofa" : 12,  "begin" : 1544,  "end" : 1718 }, 
        {"sofa" : 12,  "begin" : 1720,  "end" : 1847 }, 
        {"sofa" : 12,  "begin" : 1849,  "end" : 1959 }, 
        {"sofa" : 12,  "begin" : 1960,  "end" : 2077 }, 
        {"sofa" : 12,  "begin" : 2078,  "end" : 2116 }, 
        {"sofa" : 12,  "begin" : 2118,  "end" : 2193 }, 
        {"sofa" : 12,  "begin" : 2194,  "end" : 2226 }, 
        {"sofa" : 12,  "begin" : 2227,  "end" : 2246 }, 
        {"sofa" : 12,  "begin" : 2248,  "end" : 2376 }, 
        {"sofa" : 12,  "begin" : 2377,  "end" : 2508 }, 
        {"sofa" : 12,  "begin" : 2510,  "end" : 2565 }, 
        {"sofa" : 12,  "begin" : 2566,  "end" : 2724 }, 
        {"sofa" : 12,  "begin" : 2725,  "end" : 2729 } ], 
      "Token" : [
        {"sofa" : 12,  "end" : 5 }, 
        {"sofa" : 12,  "begin" : 5,  "end" : 6 }, 
        {"sofa" : 12,  "begin" : 6,  "end" : 11 }, 
        {"sofa" : 12,  "begin" : 12,  "end" : 18 }, 
        {"sofa" : 12,  "begin" : 19,  "end" : 24 }, 
        {"sofa" : 12,  "begin" : 25,  "end" : 29 }, 
        {"sofa" : 12,  "begin" : 30,  "end" : 33 }, 
        {"sofa" : 12,  "begin" : 34,  "end" : 37 }, 
        {"sofa" : 12,  "begin" : 38,  "end" : 45 }, 
        {"sofa" : 12,  "begin" : 46,  "end" : 55 }, 
        {"sofa" : 12,  "begin" : 58,  "end" : 64 }, 
        {"sofa" : 12,  "begin" : 64,  "end" : 65 }, 
        {"sofa" : 12,  "begin" : 66,  "end" : 71 }, 
        {"sofa" : 12,  "begin" : 71,  "end" : 72 }, 
        {"sofa" : 12,  "begin" : 72,  "end" : 73 }, 
        {"sofa" : 12,  "begin" : 73,  "end" : 74 }, 
        {"sofa" : 12,  "begin" : 74,  "end" : 100 }, 
        {"sofa" : 12,  "begin" : 100,  "end" : 101 }, 
        {"sofa" : 12,  "begin" : 101,  "end" : 108 }, 
        {"sofa" : 12,  "begin" : 108,  "end" : 109 }, 
        {"sofa" : 12,  "begin" : 109,  "end" : 116 }, 
        {"sofa" : 12,  "begin" : 116,  "end" : 117 }, 
        {"sofa" : 12,  "begin" : 117,  "end" : 150 }, 
        {"sofa" : 12,  "begin" : 153,  "end" : 157 }, 
        {"sofa" : 12,  "begin" : 158,  "end" : 166 }, 
        {"sofa" : 12,  "begin" : 166,  "end" : 167 }, 
        {"sofa" : 12,  "begin" : 168,  "end" : 173 }, 
        {"sofa" : 12,  "begin" : 173,  "end" : 174 }, 
        {"sofa" : 12,  "begin" : 174,  "end" : 175 }, 
        {"sofa" : 12,  "begin" : 175,  "end" : 176 }, 
        {"sofa" : 12,  "begin" : 176,  "end" : 198 }, 
        {"sofa" : 12,  "begin" : 198,  "end" : 199 }, 
        {"sofa" : 12,  "begin" : 199,  "end" : 211 }, 
        {"sofa" : 12,  "begin" : 211,  "end" : 212 }, 
        {"sofa" : 12,  "begin" : 215,  "end" : 221 }, 
        {"sofa" : 12,  "begin" : 222,  "end" : 229 }, 
        {"sofa" : 12,  "begin" : 229,  "end" : 230 }, 
        {"sofa" : 12,  "begin" : 233,  "end" : 239 }, 
        {"sofa" : 12,  "begin" : 240,  "end" : 245 }, 
        {"sofa" : 12,  "begin" : 246,  "end" : 250 }, 
        {"sofa" : 12,  "begin" : 251,  "end" : 254 }, 
        {"sofa" : 12,  "begin" : 255,  "end" : 259 }, 
        {"sofa" : 12,  "begin" : 260,  "end" : 263 }, 
        {"sofa" : 12,  "begin" : 264,  "end" : 271 }, 
        {"sofa" : 12,  "begin" : 272,  "end" : 281 }, 
        {"sofa" : 12,  "begin" : 283,  "end" : 291 }, 
        {"sofa" : 12,  "begin" : 292,  "end" : 311 }, 
        {"sofa" : 12,  "begin" : 313,  "end" : 322 }, 
        {"sofa" : 12,  "begin" : 323,  "end" : 330 }, 
        {"sofa" : 12,  "begin" : 331,  "end" : 332 }, 
        {"sofa" : 12,  "begin" : 332,  "end" : 333 }, 
        {"sofa" : 12,  "begin" : 334,  "end" : 338 }, 
        {"sofa" : 12,  "begin" : 340,  "end" : 341 }, 
        {"sofa" : 12,  "begin" : 342,  "end" : 343 }, 
        {"sofa" : 12,  "begin" : 344,  "end" : 347 }, 
        {"sofa" : 12,  "begin" : 348,  "end" : 352 }, 
        {"sofa" : 12,  "begin" : 354,  "end" : 358 }, 
        {"sofa" : 12,  "begin" : 359,  "end" : 361 }, 
        {"sofa" : 12,  "begin" : 362,  "end" : 366 }, 
        {"sofa" : 12,  "begin" : 367,  "end" : 370 }, 
        {"sofa" : 12,  "begin" : 371,  "end" : 378 }, 
        {"sofa" : 12,  "begin" : 379,  "end" : 385 }, 
        {"sofa" : 12,  "begin" : 386,  "end" : 392 }, 
        {"sofa" : 12,  "begin" : 392,  "end" : 393 }, 
        {"sofa" : 12,  "begin" : 394,  "end" : 399 }, 
        {"sofa" : 12,  "begin" : 400,  "end" : 410 }, 
        {"sofa" : 12,  "begin" : 411,  "end" : 415 }, 
        {"sofa" : 12,  "begin" : 416,  "end" : 419 }, 
        {"sofa" : 12,  "begin" : 420,  "end" : 427 }, 
        {"sofa" : 12,  "begin" : 428,  "end" : 437 }, 
        {"sofa" : 12,  "begin" : 438,  "end" : 440 }, 
        {"sofa" : 12,  "begin" : 441,  "end" : 445 }, 
        {"sofa" : 12,  "begin" : 446,  "end" : 451 }, 
        {"sofa" : 12,  "begin" : 452,  "end" : 457 }, 
        {"sofa" : 12,  "begin" : 458,  "end" : 461 }, 
        {"sofa" : 12,  "begin" : 462,  "end" : 467 }, 
        {"sofa" : 12,  "begin" : 468,  "end" : 473 }, 
        {"sofa" : 12,  "begin" : 474,  "end" : 478 }, 
        {"sofa" : 12,  "begin" : 479,  "end" : 483 }, 
        {"sofa" : 12,  "begin" : 484,  "end" : 487 }, 
        {"sofa" : 12,  "begin" : 488,  "end" : 492 }, 
        {"sofa" : 12,  "begin" : 493,  "end" : 503 }, 
        {"sofa" : 12,  "begin" : 504,  "end" : 506 }, 
        {"sofa" : 12,  "begin" : 507,  "end" : 514 }, 
        {"sofa" : 12,  "begin" : 514,  "end" : 515 }, 
        {"sofa" : 12,  "begin" : 517,  "end" : 523 }, 
        {"sofa" : 12,  "begin" : 524,  "end" : 529 }, 
        {"sofa" : 12,  "begin" : 530,  "end" : 537 }, 
        {"sofa" : 12,  "begin" : 538,  "end" : 539 }, 
        {"sofa" : 12,  "begin" : 540,  "end" : 543 }, 
        {"sofa" : 12,  "begin" : 544,  "end" : 550 }, 
        {"sofa" : 12,  "begin" : 551,  "end" : 560 }, 
        {"sofa" : 12,  "begin" : 560,  "end" : 561 }, 
        {"sofa" : 12,  "begin" : 562,  "end" : 567 }, 
        {"sofa" : 12,  "begin" : 568,  "end" : 571 }, 
        {"sofa" : 12,  "begin" : 572,  "end" : 579 }, 
        {"sofa" : 12,  "begin" : 580,  "end" : 583 }, 
        {"sofa" : 12,  "begin" : 584,  "end" : 586 }, 
        {"sofa" : 12,  "begin" : 587,  "end" : 591 }, 
        {"sofa" : 12,  "begin" : 592,  "end" : 597 }, 
        {"sofa" : 12,  "begin" : 598,  "end" : 607 }, 
        {"sofa" : 12,  "begin" : 607,  "end" : 608 }, 
        {"sofa" : 12,  "begin" : 609,  "end" : 612 }, 
        {"sofa" : 12,  "begin" : 613,  "end" : 616 }, 
        {"sofa" : 12,  "begin" : 616,  "end" : 617 }, 
        {"sofa" : 12,  "begin" : 618,  "end" : 622 }, 
        {"sofa" : 12,  "begin" : 623,  "end" : 626 }, 
        {"sofa" : 12,  "begin" : 627,  "end" : 631 }, 
        {"sofa" : 12,  "begin" : 632,  "end" : 646 }, 
        {"sofa" : 12,  "begin" : 647,  "end" : 652 }, 
        {"sofa" : 12,  "begin" : 653,  "end" : 662 }, 
        {"sofa" : 12,  "begin" : 663,  "end" : 665 }, 
        {"sofa" : 12,  "begin" : 666,  "end" : 667 }, 
        {"sofa" : 12,  "begin" : 668,  "end" : 669 }, 
        {"sofa" : 12,  "begin" : 669,  "end" : 678 }, 
        {"sofa" : 12,  "begin" : 679,  "end" : 687 }, 
        {"sofa" : 12,  "begin" : 688,  "end" : 690 }, 
        {"sofa" : 12,  "begin" : 691,  "end" : 695 }, 
        {"sofa" : 12,  "begin" : 695,  "end" : 696 }, 
        {"sofa" : 12,  "begin" : 697,  "end" : 705 }, 
        {"sofa" : 12,  "begin" : 705,  "end" : 706 }, 
        {"sofa" : 12,  "begin" : 707,  "end" : 710 }, 
        {"sofa" : 12,  "begin" : 711,  "end" : 724 }, 
        {"sofa" : 12,  "begin" : 725,  "end" : 729 }, 
        {"sofa" : 12,  "begin" : 730,  "end" : 734 }, 
        {"sofa" : 12,  "begin" : 735,  "end" : 740 }, 
        {"sofa" : 12,  "begin" : 741,  "end" : 743 }, 
        {"sofa" : 12,  "begin" : 744,  "end" : 755 }, 
        {"sofa" : 12,  "begin" : 756,  "end" : 758 }, 
        {"sofa" : 12,  "begin" : 759,  "end" : 767 }, 
        {"sofa" : 12,  "begin" : 768,  "end" : 771 }, 
        {"sofa" : 12,  "begin" : 772,  "end" : 777 }, 
        {"sofa" : 12,  "begin" : 778,  "end" : 781 }, 
        {"sofa" : 12,  "begin" : 782,  "end" : 784 }, 
        {"sofa" : 12,  "begin" : 785,  "end" : 790 }, 
        {"sofa" : 12,  "begin" : 791,  "end" : 793 }, 
        {"sofa" : 12,  "begin" : 794,  "end" : 799 }, 
        {"sofa" : 12,  "begin" : 799,  "end" : 800 }, 
        {"sofa" : 12,  "begin" : 801,  "end" : 810 }, 
        {"sofa" : 12,  "begin" : 811,  "end" : 813 }, 
        {"sofa" : 12,  "begin" : 814,  "end" : 815 }, 
        {"sofa" : 12,  "begin" : 816,  "end" : 820 }, 
        {"sofa" : 12,  "begin" : 821,  "end" : 826 }, 
        {"sofa" : 12,  "begin" : 827,  "end" : 829 }, 
        {"sofa" : 12,  "begin" : 830,  "end" : 833 }, 
        {"sofa" : 12,  "begin" : 834,  "end" : 847 }, 
        {"sofa" : 12,  "begin" : 848,  "end" : 855 }, 
        {"sofa" : 12,  "begin" : 856,  "end" : 858 }, 
        {"sofa" : 12,  "begin" : 859,  "end" : 869 }, 
        {"sofa" : 12,  "begin" : 869,  "end" : 870 }, 
        {"sofa" : 12,  "begin" : 872,  "end" : 873 }, 
        {"sofa" : 12,  "begin" : 873,  "end" : 874 }, 
        {"sofa" : 12,  "begin" : 875,  "end" : 879 }, 
        {"sofa" : 12,  "begin" : 880,  "end" : 882 }, 
        {"sofa" : 12,  "begin" : 883,  "end" : 886 }, 
        {"sofa" : 12,  "begin" : 887,  "end" : 895 }, 
        {"sofa" : 12,  "begin" : 896,  "end" : 900 }, 
        {"sofa" : 12,  "begin" : 900,  "end" : 901 }, 
        {"sofa" : 12,  "begin" : 901,  "end" : 902 }, 
        {"sofa" : 12,  "begin" : 903,  "end" : 907 }, 
        {"sofa" : 12,  "begin" : 908,  "end" : 914 }, 
        {"sofa" : 12,  "begin" : 915,  "end" : 923 }, 
        {"sofa" : 12,  "begin" : 923,  "end" : 924 }, 
        {"sofa" : 12,  "begin" : 925,  "end" : 926 }, 
        {"sofa" : 12,  "begin" : 927,  "end" : 935 }, 
        {"sofa" : 12,  "begin" : 936,  "end" : 945 }, 
        {"sofa" : 12,  "begin" : 946,  "end" : 948 }, 
        {"sofa" : 12,  "begin" : 949,  "end" : 957 }, 
        {"sofa" : 12,  "begin" : 958,  "end" : 966 }, 
        {"sofa" : 12,  "begin" : 967,  "end" : 977 }, 
        {"sofa" : 12,  "begin" : 977,  "end" : 978 }, 
        {"sofa" : 12,  "begin" : 979,  "end" : 980 }, 
        {"sofa" : 12,  "begin" : 980,  "end" : 983 }, 
        {"sofa" : 12,  "begin" : 984,  "end" : 987 }, 
        {"sofa" : 12,  "begin" : 988,  "end" : 992 }, 
        {"sofa" : 12,  "begin" : 992,  "end" : 993 }, 
        {"sofa" : 12,  "begin" : 994,  "end" : 995 }, 
        {"sofa" : 12,  "begin" : 995,  "end" : 998 }, 
        {"sofa" : 12,  "begin" : 999,  "end" : 1003 }, 
        {"sofa" : 12,  "begin" : 1004,  "end" : 1009 }, 
        {"sofa" : 12,  "begin" : 1009,  "end" : 1010 }, 
        {"sofa" : 12,  "begin" : 1011,  "end" : 1014 }, 
        {"sofa" : 12,  "begin" : 1015,  "end" : 1020 }, 
        {"sofa" : 12,  "begin" : 1021,  "end" : 1025 }, 
        {"sofa" : 12,  "begin" : 1026,  "end" : 1030 }, 
        {"sofa" : 12,  "begin" : 1031,  "end" : 1035 }, 
        {"sofa" : 12,  "begin" : 1036,  "end" : 1039 }, 
        {"sofa" : 12,  "begin" : 1040,  "end" : 1043 }, 
        {"sofa" : 12,  "begin" : 1043,  "end" : 1044 }, 
        {"sofa" : 12,  "begin" : 1044,  "end" : 1045 }, 
        {"sofa" : 12,  "begin" : 1045,  "end" : 1046 }, 
        {"sofa" : 12,  "begin" : 1048,  "end" : 1049 }, 
        {"sofa" : 12,  "begin" : 1049,  "end" : 1055 }, 
        {"sofa" : 12,  "begin" : 1056,  "end" : 1061 }, 
        {"sofa" : 12,  "begin" : 1062,  "end" : 1065 }, 
        {"sofa" : 12,  "begin" : 1066,  "end" : 1070 }, 
        {"sofa" : 12,  "begin" : 1070,  "end" : 1071 }, 
        {"sofa" : 12,  "begin" : 1071,  "end" : 1072 }, 
        {"sofa" : 12,  "begin" : 1073,  "end" : 1076 }, 
        {"sofa" : 12,  "begin" : 1077,  "end" : 1082 }, 
        {"sofa" : 12,  "begin" : 1082,  "end" : 1083 }, 
        {"sofa" : 12,  "begin" : 1084,  "end" : 1085 }, 
        {"sofa" : 12,  "begin" : 1085,  "end" : 1086 }, 
        {"sofa" : 12,  "begin" : 1087,  "end" : 1091 }, 
        {"sofa" : 12,  "begin" : 1092,  "end" : 1096 }, 
        {"sofa" : 12,  "begin" : 1096,  "end" : 1097 }, 
        {"sofa" : 12,  "begin" : 1098,  "end" : 1099 }, 
        {"sofa" : 12,  "begin" : 1099,  "end" : 1101 }, 
        {"sofa" : 12,  "begin" : 1101,  "end" : 1102 }, 
        {"sofa" : 12,  "begin" : 1103,  "end" : 1106 }, 
        {"sofa" : 12,  "begin" : 1107,  "end" : 1111 }, 
        {"sofa" : 12,  "begin" : 1112,  "end" : 1119 }, 
        {"sofa" : 12,  "begin" : 1119,  "end" : 1120 }, 
        {"sofa" : 12,  "begin" : 1121,  "end" : 1123 }, 
        {"sofa" : 12,  "begin" : 1124,  "end" : 1130 }, 
        {"sofa" : 12,  "begin" : 1131,  "end" : 1137 }, 
        {"sofa" : 12,  "begin" : 1138,  "end" : 1142 }, 
        {"sofa" : 12,  "begin" : 1142,  "end" : 1143 }, 
        {"sofa" : 12,  "begin" : 1143,  "end" : 1144 }, 
        {"sofa" : 12,  "begin" : 1144,  "end" : 1145 }, 
        {"sofa" : 12,  "begin" : 1147,  "end" : 1156 }, 
        {"sofa" : 12,  "begin" : 1157,  "end" : 1159 }, 
        {"sofa" : 12,  "begin" : 1160,  "end" : 1161 }, 
        {"sofa" : 12,  "begin" : 1162,  "end" : 1170 }, 
        {"sofa" : 12,  "begin" : 1171,  "end" : 1179 }, 
        {"sofa" : 12,  "begin" : 1180,  "end" : 1184 }, 
        {"sofa" : 12,  "begin" : 1185,  "end" : 1191 }, 
        {"sofa" : 12,  "begin" : 1192,  "end" : 1197 }, 
        {"sofa" : 12,  "begin" : 1198,  "end" : 1202 }, 
        {"sofa" : 12,  "begin" : 1203,  "end" : 1204 }, 
        {"sofa" : 12,  "begin" : 1205,  "end" : 1213 }, 
        {"sofa" : 12,  "begin" : 1214,  "end" : 1220 }, 
        {"sofa" : 12,  "begin" : 1221,  "end" : 1225 }, 
        {"sofa" : 12,  "begin" : 1225,  "end" : 1226 }, 
        {"sofa" : 12,  "begin" : 1227,  "end" : 1232 }, 
        {"sofa" : 12,  "begin" : 1233,  "end" : 1236 }, 
        {"sofa" : 12,  "begin" : 1237,  "end" : 1244 }, 
        {"sofa" : 12,  "begin" : 1245,  "end" : 1252 }, 
        {"sofa" : 12,  "begin" : 1253,  "end" : 1256 }, 
        {"sofa" : 12,  "begin" : 1257,  "end" : 1263 }, 
        {"sofa" : 12,  "begin" : 1264,  "end" : 1267 }, 
        {"sofa" : 12,  "begin" : 1268,  "end" : 1271 }, 
        {"sofa" : 12,  "begin" : 1272,  "end" : 1276 }, 
        {"sofa" : 12,  "begin" : 1277,  "end" : 1279 }, 
        {"sofa" : 12,  "begin" : 1280,  "end" : 1283 }, 
        {"sofa" : 12,  "begin" : 1284,  "end" : 1288 }, 
        {"sofa" : 12,  "begin" : 1288,  "end" : 1289 }, 
        {"sofa" : 12,  "begin" : 1290,  "end" : 1297 }, 
        {"sofa" : 12,  "begin" : 1298,  "end" : 1300 }, 
        {"sofa" : 12,  "begin" : 1301,  "end" : 1304 }, 
        {"sofa" : 12,  "begin" : 1305,  "end" : 1310 }, 
        {"sofa" : 12,  "begin" : 1311,  "end" : 1320 }, 
        {"sofa" : 12,  "begin" : 1321,  "end" : 1323 }, 
        {"sofa" : 12,  "begin" : 1324,  "end" : 1327 }, 
        {"sofa" : 12,  "begin" : 1328,  "end" : 1332 }, 
        {"sofa" : 12,  "begin" : 1333,  "end" : 1339 }, 
        {"sofa" : 12,  "begin" : 1339,  "end" : 1340 }, 
        {"sofa" : 12,  "begin" : 1341,  "end" : 1350 }, 
        {"sofa" : 12,  "begin" : 1351,  "end" : 1353 }, 
        {"sofa" : 12,  "begin" : 1354,  "end" : 1359 }, 
        {"sofa" : 12,  "begin" : 1360,  "end" : 1361 }, 
        {"sofa" : 12,  "begin" : 1362,  "end" : 1373 }, 
        {"sofa" : 12,  "begin" : 1374,  "end" : 1376 }, 
        {"sofa" : 12,  "begin" : 1377,  "end" : 1383 }, 
        {"sofa" : 12,  "begin" : 1384,  "end" : 1389 }, 
        {"sofa" : 12,  "begin" : 1390,  "end" : 1400 }, 
        {"sofa" : 12,  "begin" : 1400,  "end" : 1401 }, 
        {"sofa" : 12,  "begin" : 1402,  "end" : 1406 }, 
        {"sofa" : 12,  "begin" : 1407,  "end" : 1412 }, 
        {"sofa" : 12,  "begin" : 1413,  "end" : 1423 }, 
        {"sofa" : 12,  "begin" : 1423,  "end" : 1424 }, 
        {"sofa" : 12,  "begin" : 1425,  "end" : 1428 }, 
        {"sofa" : 12,  "begin" : 1429,  "end" : 1434 }, 
        {"sofa" : 12,  "begin" : 1434,  "end" : 1435 }, 
        {"sofa" : 12,  "begin" : 1437,  "end" : 1440 }, 
        {"sofa" : 12,  "begin" : 1441,  "end" : 1449 }, 
        {"sofa" : 12,  "begin" : 1449,  "end" : 1450 }, 
        {"sofa" : 12,  "begin" : 1451,  "end" : 1456 }, 
        {"sofa" : 12,  "begin" : 1457,  "end" : 1462 }, 
        {"sofa" : 12,  "begin" : 1463,  "end" : 1465 }, 
        {"sofa" : 12,  "begin" : 1466,  "end" : 1471 }, 
        {"sofa" : 12,  "begin" : 1472,  "end" : 1475 }, 
        {"sofa" : 12,  "begin" : 1476,  "end" : 1487 }, 
        {"sofa" : 12,  "begin" : 1488,  "end" : 1490 }, 
        {"sofa" : 12,  "begin" : 1491,  "end" : 1499 }, 
        {"sofa" : 12,  "begin" : 1499,  "end" : 1500 }, 
        {"sofa" : 12,  "begin" : 1501,  "end" : 1507 }, 
        {"sofa" : 12,  "begin" : 1508,  "end" : 1511 }, 
        {"sofa" : 12,  "begin" : 1512,  "end" : 1517 }, 
        {"sofa" : 12,  "begin" : 1518,  "end" : 1520 }, 
        {"sofa" : 12,  "begin" : 1521,  "end" : 1526 }, 
        {"sofa" : 12,  "begin" : 1526,  "end" : 1527 }, 
        {"sofa" : 12,  "begin" : 1528,  "end" : 1536 }, 
        {"sofa" : 12,  "begin" : 1537,  "end" : 1541 }, 
        {"sofa" : 12,  "begin" : 1541,  "end" : 1542 }, 
        {"sofa" : 12,  "begin" : 1544,  "end" : 1549 }, 
        {"sofa" : 12,  "begin" : 1550,  "end" : 1554 }, 
        {"sofa" : 12,  "begin" : 1555,  "end" : 1559 }, 
        {"sofa" : 12,  "begin" : 1560,  "end" : 1570 }, 
        {"sofa" : 12,  "begin" : 1571,  "end" : 1580 }, 
        {"sofa" : 12,  "begin" : 1581,  "end" : 1583 }, 
        {"sofa" : 12,  "begin" : 1584,  "end" : 1598 }, 
        {"sofa" : 12,  "begin" : 1599,  "end" : 1607 }, 
        {"sofa" : 12,  "begin" : 1608,  "end" : 1610 }, 
        {"sofa" : 12,  "begin" : 1611,  "end" : 1614 }, 
        {"sofa" : 12,  "begin" : 1615,  "end" : 1623 }, 
        {"sofa" : 12,  "begin" : 1624,  "end" : 1632 }, 
        {"sofa" : 12,  "begin" : 1633,  "end" : 1641 }, 
        {"sofa" : 12,  "begin" : 1642,  "end" : 1644 }, 
        {"sofa" : 12,  "begin" : 1645,  "end" : 1646 }, 
        {"sofa" : 12,  "begin" : 1647,  "end" : 1654 }, 
        {"sofa" : 12,  "begin" : 1655,  "end" : 1657 }, 
        {"sofa" : 12,  "begin" : 1658,  "end" : 1661 }, 
        {"sofa" : 12,  "begin" : 1662,  "end" : 1670 }, 
        {"sofa" : 12,  "begin" : 1671,  "end" : 1677 }, 
        {"sofa" : 12,  "begin" : 1678,  "end" : 1682 }, 
        {"sofa" : 12,  "begin" : 1683,  "end" : 1685 }, 
        {"sofa" : 12,  "begin" : 1686,  "end" : 1692 }, 
        {"sofa" : 12,  "begin" : 1693,  "end" : 1696 }, 
        {"sofa" : 12,  "begin" : 1697,  "end" : 1701 }, 
        {"sofa" : 12,  "begin" : 1701,  "end" : 1702 }, 
        {"sofa" : 12,  "begin" : 1703,  "end" : 1711 }, 
        {"sofa" : 12,  "begin" : 1712,  "end" : 1717 }, 
        {"sofa" : 12,  "begin" : 1717,  "end" : 1718 }, 
        {"sofa" : 12,  "begin" : 1720,  "end" : 1727 }, 
        {"sofa" : 12,  "begin" : 1728,  "end" : 1730 }, 
        {"sofa" : 12,  "begin" : 1731,  "end" : 1739 }, 
        {"sofa" : 12,  "begin" : 1740,  "end" : 1744 }, 
        {"sofa" : 12,  "begin" : 1744,  "end" : 1745 }, 
        {"sofa" : 12,  "begin" : 1746,  "end" : 1755 }, 
        {"sofa" : 12,  "begin" : 1756,  "end" : 1759 }, 
        {"sofa" : 12,  "begin" : 1760,  "end" : 1761 }, 
        {"sofa" : 12,  "begin" : 1762,  "end" : 1767 }, 
        {"sofa" : 12,  "begin" : 1767,  "end" : 1768 }, 
        {"sofa" : 12,  "begin" : 1769,  "end" : 1776 }, 
        {"sofa" : 12,  "begin" : 1777,  "end" : 1782 }, 
        {"sofa" : 12,  "begin" : 1782,  "end" : 1783 }, 
        {"sofa" : 12,  "begin" : 1784,  "end" : 1789 }, 
        {"sofa" : 12,  "begin" : 1790,  "end" : 1792 }, 
        {"sofa" : 12,  "begin" : 1793,  "end" : 1796 }, 
        {"sofa" : 12,  "begin" : 1797,  "end" : 1801 }, 
        {"sofa" : 12,  "begin" : 1802,  "end" : 1812 }, 
        {"sofa" : 12,  "begin" : 1813,  "end" : 1817 }, 
        {"sofa" : 12,  "begin" : 1818,  "end" : 1820 }, 
        {"sofa" : 12,  "begin" : 1821,  "end" : 1832 }, 
        {"sofa" : 12,  "begin" : 1833,  "end" : 1835 }, 
        {"sofa" : 12,  "begin" : 1836,  "end" : 1838 }, 
        {"sofa" : 12,  "begin" : 1839,  "end" : 1846 }, 
        {"sofa" : 12,  "begin" : 1846,  "end" : 1847 }, 
        {"sofa" : 12,  "begin" : 1849,  "end" : 1853 }, 
        {"sofa" : 12,  "begin" : 1854,  "end" : 1855 }, 
        {"sofa" : 12,  "begin" : 1856,  "end" : 1859 }, 
        {"sofa" : 12,  "begin" : 1859,  "end" : 1860 }, 
        {"sofa" : 12,  "begin" : 1861,  "end" : 1865 }, 
        {"sofa" : 12,  "begin" : 1866,  "end" : 1867 }, 
        {"sofa" : 12,  "begin" : 1868,  "end" : 1874 }, 
        {"sofa" : 12,  "begin" : 1876,  "end" : 1879 }, 
        {"sofa" : 12,  "begin" : 1880,  "end" : 1887 }, 
        {"sofa" : 12,  "begin" : 1888,  "end" : 1889 }, 
        {"sofa" : 12,  "begin" : 1890,  "end" : 1896 }, 
        {"sofa" : 12,  "begin" : 1897,  "end" : 1899 }, 
        {"sofa" : 12,  "begin" : 1900,  "end" : 1907 }, 
        {"sofa" : 12,  "begin" : 1908,  "end" : 1917 }, 
        {"sofa" : 12,  "begin" : 1918,  "end" : 1921 }, 
        {"sofa" : 12,  "begin" : 1922,  "end" : 1930 }, 
        {"sofa" : 12,  "begin" : 1931,  "end" : 1933 }, 
        {"sofa" : 12,  "begin" : 1934,  "end" : 1938 }, 
        {"sofa" : 12,  "begin" : 1939,  "end" : 1949 }, 
        {"sofa" : 12,  "begin" : 1950,  "end" : 1952 }, 
        {"sofa" : 12,  "begin" : 1953,  "end" : 1958 }, 
        {"sofa" : 12,  "begin" : 1958,  "end" : 1959 }, 
        {"sofa" : 12,  "begin" : 1960,  "end" : 1967 }, 
        {"sofa" : 12,  "begin" : 1968,  "end" : 1972 }, 
        {"sofa" : 12,  "begin" : 1973,  "end" : 1975 }, 
        {"sofa" : 12,  "begin" : 1976,  "end" : 1985 }, 
        {"sofa" : 12,  "begin" : 1986,  "end" : 1990 }, 
        {"sofa" : 12,  "begin" : 1991,  "end" : 1993 }, 
        {"sofa" : 12,  "begin" : 1994,  "end" : 1997 }, 
        {"sofa" : 12,  "begin" : 1998,  "end" : 2004 }, 
        {"sofa" : 12,  "begin" : 2005,  "end" : 2010 }, 
        {"sofa" : 12,  "begin" : 2011,  "end" : 2015 }, 
        {"sofa" : 12,  "begin" : 2016,  "end" : 2018 }, 
        {"sofa" : 12,  "begin" : 2019,  "end" : 2030 }, 
        {"sofa" : 12,  "begin" : 2031,  "end" : 2034 }, 
        {"sofa" : 12,  "begin" : 2035,  "end" : 2041 }, 
        {"sofa" : 12,  "begin" : 2042,  "end" : 2045 }, 
        {"sofa" : 12,  "begin" : 2046,  "end" : 2050 }, 
        {"sofa" : 12,  "begin" : 2051,  "end" : 2052 }, 
        {"sofa" : 12,  "begin" : 2052,  "end" : 2056 }, 
        {"sofa" : 12,  "begin" : 2056,  "end" : 2057 }, 
        {"sofa" : 12,  "begin" : 2058,  "end" : 2061 }, 
        {"sofa" : 12,  "begin" : 2062,  "end" : 2068 }, 
        {"sofa" : 12,  "begin" : 2069,  "end" : 2076 }, 
        {"sofa" : 12,  "begin" : 2076,  "end" : 2077 }, 
        {"sofa" : 12,  "begin" : 2078,  "end" : 2079 }, 
        {"sofa" : 12,  "begin" : 2079,  "end" : 2083 }, 
        {"sofa" : 12,  "begin" : 2084,  "end" : 2089 }, 
        {"sofa" : 12,  "begin" : 2090,  "end" : 2100 }, 
        {"sofa" : 12,  "begin" : 2101,  "end" : 2104 }, 
        {"sofa" : 12,  "begin" : 2105,  "end" : 2109 }, 
        {"sofa" : 12,  "begin" : 2110,  "end" : 2114 }, 
        {"sofa" : 12,  "begin" : 2114,  "end" : 2115 }, 
        {"sofa" : 12,  "begin" : 2115,  "end" : 2116 }, 
        {"sofa" : 12,  "begin" : 2118,  "end" : 2119 }, 
        {"sofa" : 12,  "begin" : 2119,  "end" : 2122 }, 
        {"sofa" : 12,  "begin" : 2123,  "end" : 2126 }, 
        {"sofa" : 12,  "begin" : 2127,  "end" : 2131 }, 
        {"sofa" : 12,  "begin" : 2132,  "end" : 2135 }, 
        {"sofa" : 12,  "begin" : 2136,  "end" : 2140 }, 
        {"sofa" : 12,  "begin" : 2141,  "end" : 2147 }, 
        {"sofa" : 12,  "begin" : 2148,  "end" : 2150 }, 
        {"sofa" : 12,  "begin" : 2151,  "end" : 2154 }, 
        {"sofa" : 12,  "begin" : 2155,  "end" : 2158 }, 
        {"sofa" : 12,  "begin" : 2159,  "end" : 2166 }, 
        {"sofa" : 12,  "begin" : 2167,  "end" : 2170 }, 
        {"sofa" : 12,  "begin" : 2171,  "end" : 2176 }, 
        {"sofa" : 12,  "begin" : 2176,  "end" : 2177 }, 
        {"sofa" : 12,  "begin" : 2177,  "end" : 2178 }, 
        {"sofa" : 12,  "begin" : 2179,  "end" : 2187 }, 
        {"sofa" : 12,  "begin" : 2188,  "end" : 2192 }, 
        {"sofa" : 12,  "begin" : 2192,  "end" : 2193 }, 
        {"sofa" : 12,  "begin" : 2194,  "end" : 2195 }, 
        {"sofa" : 12,  "begin" : 2195,  "end" : 2198 }, 
        {"sofa" : 12,  "begin" : 2199,  "end" : 2202 }, 
        {"sofa" : 12,  "begin" : 2203,  "end" : 2209 }, 
        {"sofa" : 12,  "begin" : 2210,  "end" : 2211 }, 
        {"sofa" : 12,  "begin" : 2211,  "end" : 2220 }, 
        {"sofa" : 12,  "begin" : 2220,  "end" : 2221 }, 
        {"sofa" : 12,  "begin" : 2222,  "end" : 2225 }, 
        {"sofa" : 12,  "begin" : 2225,  "end" : 2226 }, 
        {"sofa" : 12,  "begin" : 2227,  "end" : 2231 }, 
        {"sofa" : 12,  "begin" : 2232,  "end" : 2238 }, 
        {"sofa" : 12,  "begin" : 2239,  "end" : 2244 }, 
        {"sofa" : 12,  "begin" : 2244,  "end" : 2245 }, 
        {"sofa" : 12,  "begin" : 2245,  "end" : 2246 }, 
        {"sofa" : 12,  "begin" : 2248,  "end" : 2251 }, 
        {"sofa" : 12,  "begin" : 2252,  "end" : 2254 }, 
        {"sofa" : 12,  "begin" : 2255,  "end" : 2259 }, 
        {"sofa" : 12,  "begin" : 2260,  "end" : 2274 }, 
        {"sofa" : 12,  "begin" : 2275,  "end" : 2278 }, 
        {"sofa" : 12,  "begin" : 2279,  "end" : 2283 }, 
        {"sofa" : 12,  "begin" : 2284,  "end" : 2291 }, 
        {"sofa" : 12,  "begin" : 2291,  "end" : 2292 }, 
        {"sofa" : 12,  "begin" : 2293,  "end" : 2302 }, 
        {"sofa" : 12,  "begin" : 2303,  "end" : 2314 }, 
        {"sofa" : 12,  "begin" : 2315,  "end" : 2317 }, 
        {"sofa" : 12,  "begin" : 2318,  "end" : 2324 }, 
        {"sofa" : 12,  "begin" : 2325,  "end" : 2335 }, 
        {"sofa" : 12,  "begin" : 2336,  "end" : 2341 }, 
        {"sofa" : 12,  "begin" : 2342,  "end" : 2345 }, 
        {"sofa" : 12,  "begin" : 2346,  "end" : 2352 }, 
        {"sofa" : 12,  "begin" : 2353,  "end" : 2354 }, 
        {"sofa" : 12,  "begin" : 2354,  "end" : 2357 }, 
        {"sofa" : 12,  "begin" : 2358,  "end" : 2367 }, 
        {"sofa" : 12,  "begin" : 2367,  "end" : 2368 }, 
        {"sofa" : 12,  "begin" : 2369,  "end" : 2375 }, 
        {"sofa" : 12,  "begin" : 2375,  "end" : 2376 }, 
        {"sofa" : 12,  "begin" : 2377,  "end" : 2381 }, 
        {"sofa" : 12,  "begin" : 2382,  "end" : 2391 }, 
        {"sofa" : 12,  "begin" : 2392,  "end" : 2400 }, 
        {"sofa" : 12,  "begin" : 2401,  "end" : 2410 }, 
        {"sofa" : 12,  "begin" : 2410,  "end" : 2411 }, 
        {"sofa" : 12,  "begin" : 2412,  "end" : 2421 }, 
        {"sofa" : 12,  "begin" : 2422,  "end" : 2429 }, 
        {"sofa" : 12,  "begin" : 2429,  "end" : 2430 }, 
        {"sofa" : 12,  "begin" : 2431,  "end" : 2434 }, 
        {"sofa" : 12,  "begin" : 2435,  "end" : 2444 }, 
        {"sofa" : 12,  "begin" : 2445,  "end" : 2451 }, 
        {"sofa" : 12,  "begin" : 2451,  "end" : 2452 }, 
        {"sofa" : 12,  "begin" : 2453,  "end" : 2462 }, 
        {"sofa" : 12,  "begin" : 2463,  "end" : 2465 }, 
        {"sofa" : 12,  "begin" : 2466,  "end" : 2476 }, 
        {"sofa" : 12,  "begin" : 2477,  "end" : 2485 }, 
        {"sofa" : 12,  "begin" : 2486,  "end" : 2488 }, 
        {"sofa" : 12,  "begin" : 2489,  "end" : 2495 }, 
        {"sofa" : 12,  "begin" : 2496,  "end" : 2507 }, 
        {"sofa" : 12,  "begin" : 2507,  "end" : 2508 }, 
        {"sofa" : 12,  "begin" : 2510,  "end" : 2515 }, 
        {"sofa" : 12,  "begin" : 2516,  "end" : 2525 }, 
        {"sofa" : 12,  "begin" : 2526,  "end" : 2532 }, 
        {"sofa" : 12,  "begin" : 2533,  "end" : 2540 }, 
        {"sofa" : 12,  "begin" : 2541,  "end" : 2545 }, 
        {"sofa" : 12,  "begin" : 2546,  "end" : 2548 }, 
        {"sofa" : 12,  "begin" : 2549,  "end" : 2559 }, 
        {"sofa" : 12,  "begin" : 2560,  "end" : 2564 }, 
        {"sofa" : 12,  "begin" : 2564,  "end" : 2565 }, 
        {"sofa" : 12,  "begin" : 2566,  "end" : 2573 }, 
        {"sofa" : 12,  "begin" : 2574,  "end" : 2576 }, 
        {"sofa" : 12,  "begin" : 2577,  "end" : 2580 }, 
        {"sofa" : 12,  "begin" : 2581,  "end" : 2584 }, 
        {"sofa" : 12,  "begin" : 2585,  "end" : 2590 }, 
        {"sofa" : 12,  "begin" : 2590,  "end" : 2591 }, 
        {"sofa" : 12,  "begin" : 2592,  "end" : 2594 }, 
        {"sofa" : 12,  "begin" : 2595,  "end" : 2599 }, 
        {"sofa" : 12,  "begin" : 2600,  "end" : 2605 }, 
        {"sofa" : 12,  "begin" : 2605,  "end" : 2606 }, 
        {"sofa" : 12,  "begin" : 2607,  "end" : 2620 }, 
        {"sofa" : 12,  "begin" : 2621,  "end" : 2626 }, 
        {"sofa" : 12,  "begin" : 2627,  "end" : 2631 }, 
        {"sofa" : 12,  "begin" : 2632,  "end" : 2634 }, 
        {"sofa" : 12,  "begin" : 2635,  "end" : 2639 }, 
        {"sofa" : 12,  "begin" : 2640,  "end" : 2649 }, 
        {"sofa" : 12,  "begin" : 2650,  "end" : 2652 }, 
        {"sofa" : 12,  "begin" : 2653,  "end" : 2656 }, 
        {"sofa" : 12,  "begin" : 2657,  "end" : 2667 }, 
        {"sofa" : 12,  "begin" : 2668,  "end" : 2672 }, 
        {"sofa" : 12,  "begin" : 2673,  "end" : 2676 }, 
        {"sofa" : 12,  "begin" : 2677,  "end" : 2680 }, 
        {"sofa" : 12,  "begin" : 2681,  "end" : 2688 }, 
        {"sofa" : 12,  "begin" : 2689,  "end" : 2694 }, 
        {"sofa" : 12,  "begin" : 2695,  "end" : 2697 }, 
        {"sofa" : 12,  "begin" : 2698,  "end" : 2700 }, 
        {"sofa" : 12,  "begin" : 2701,  "end" : 2703 }, 
        {"sofa" : 12,  "begin" : 2704,  "end" : 2705 }, 
        {"sofa" : 12,  "begin" : 2705,  "end" : 2712 }, 
        {"sofa" : 12,  "begin" : 2713,  "end" : 2722 }, 
        {"sofa" : 12,  "begin" : 2722,  "end" : 2723 }, 
        {"sofa" : 12,  "begin" : 2723,  "end" : 2724 }, 
        {"sofa" : 12,  "begin" : 2725,  "end" : 2728 }, 
        {"sofa" : 12,  "begin" : 2728,  "end" : 2729 } ], 
      "Persuasive_Labels" : [
        {"sofa" : 12,  "begin" : 233,  "end" : 281,  "DistinctiveLinguisticFeatures" : "title of article as clickbait" }, 
        {"sofa" : 12,  "begin" : 233,  "end" : 281,  "DistinctiveLinguisticFeatures" : "distinctive linguistic features" }, 
        {"sofa" : 12,  "begin" : 609,  "end" : 652,  "EstablishingLegitimacy" : "Establishing Legitimacy" }, 
        {"sofa" : 12,  "begin" : 609,  "end" : 652,  "EstablishingLegitimacy" : "citing source to establish legitimacy_source verified to be credible" }, 
        {"sofa" : 12,  "begin" : 816,  "end" : 869,  "EstablishingLegitimacy" : "Establishing Legitimacy" }, 
        {"sofa" : 12,  "begin" : 816,  "end" : 869,  "EstablishingLegitimacy" : "citing source to establish legitimacy_source verified to be credible" }, 
        {"sofa" : 12,  "begin" : 903,  "end" : 978,  "EstablishingLegitimacy" : "citing source to establish legitimacy_source not verified" }, 
        {"sofa" : 12,  "begin" : 903,  "end" : 977,  "EstablishingLegitimacy" : "Establishing Legitimacy" } ] } }, 
  "_referenced_fss" : {
    "12" : {"_type" : "Sofa",  "sofaNum" : 1,  "sofaID" : "_InitialView",  "mimeType" : "text",  "sofaString" : "﻿tron-01445 Beaver Butts Emit Goo for Vanilla Flavoring \r\nSource: https://www.nationalgeographic.com/animals/article/beaver-butt-goo-vanilla-flavoring \r\nFact checking: https://www.truthorfiction.com/beaver-butts/ \r\nActual content: \r\nBeaver Butts Emit Goo Used for Vanilla Flavoring\r\nBYMOLLIE BLOUDOFF-INDELICATO\r\nPUBLISHED OCTOBER 1, 2013\r\n• 3 MIN READ\r\nJust in time for holiday cookie season, we've discovered that the vanilla flavoring in your baked goods and candy could come from the anal excretions of beavers.\r\nBeaver butts secrete a goo called castoreum, which the animals use to mark their territory. The U.S. Food and Drug Administration lists castoreum as a \"generally regarded as safe\" additive, and manufacturers have been using it extensively in perfumes and foods for at least 80 years, according to a 2007 study in the International Journal of Toxicology.\r\n\"I lift up the animal's tail,\" said Joanne Crawford, a wildlife ecologist at Southern Illinois University, \"and I'm like, 'Get down there, and stick your nose near its bum.'\"\r\n\"People think I'm nuts,\" she added. \"I tell them, 'Oh, but it's beavers; it smells really good.'\"\r\nCastoreum is a chemical compound that mostly comes from a beaver's castor sacs, which are located between the pelvis and the base of the tail. Because of its close proximity to the anal glands, castoreum is often a combination of castor gland secretions, anal gland secretions, and urine.\r\nThe fragrant, brown slime is about the consistency of molasses, though not quite as thick, Crawford said.\r\nWhile most anal secretions stink-due to odor-producing bacteria in the gut-this chemical compound is a product of the beaver's unique diet of leaves and bark, Crawford added.\r\nInstead of smelling icky, castoreum has a musky, vanilla scent, which is why food scientists like to incorporate it in recipes.\r\nSave a Cow, Milk a Beaver\r\nBut getting a beaver to produce castoreum for purposes of food processing is tough. Foodies bent on acquiring some of the sticky stuff have to anesthetize the animal and then \"milk\" its nether regions. (Read about scientists who milk mice.)\r\n\"You can milk the anal glands so you can extract the fluid,\" Crawford said. \"You can squirt [castoreum] out. It's pretty gross.\"\r\nDue to such unpleasantness for both parties, castoreum consumption is rather small-only about 292 pounds (132 kilograms) yearly. That statistic includes castoreum, castoreum extract, and castoreum liquid, according to Fenaroli's Handbook of Flavor Ingredients.\r\nStill concerned you're chowing down on beaver-bum goop? Because of its FDA label, in some cases, manufacturers don't have to list castoreum on the ingredient list and may instead refer to it as \"natural flavoring.\" Yum.\r\n\r\n" } } }