{"_context" : {
    "_types" : {
      "DocumentMetaData" : {
        "_feature_types" : {"sofa" : "_ref" } }, 
      "Persuasive_Labels" : {
        "_feature_types" : {"sofa" : "_ref" } }, 
      "Sentence" : {
        "_feature_types" : {"sofa" : "_ref" } }, 
      "Sofa" : {
        "_feature_types" : {"sofaArray" : "_ref" } }, 
      "TagsetDescription" : {
        "_feature_types" : {"sofa" : "_ref",  "tags" : "_ref" } }, 
      "Token" : {
        "_feature_types" : {"sofa" : "_ref",  "parent" : "_ref",  "lemma" : "_ref",  "stem" : "_ref",  "pos" : "_ref",  "morph" : "_ref",  "form" : "_ref" } }, 
      "DocumentAnnotation" : {
        "_feature_types" : {"sofa" : "_ref" }, 
        "_subtypes" : ["DocumentMetaData" ] }, 
      "Annotation" : {
        "_feature_types" : {"sofa" : "_ref" }, 
        "_subtypes" : ["DocumentAnnotation",  "Persuasive_Labels",  "Sentence",  "TagsetDescription",  "Token" ] }, 
      "AnnotationBase" : {
        "_feature_types" : {"sofa" : "_ref" }, 
        "_subtypes" : ["Annotation" ] }, 
      "TOP" : {
        "_subtypes" : ["AnnotationBase",  "Sofa" ] } } }, 
  "_views" : {
    "_InitialView" : {
      "DocumentMetaData" : [
        {"sofa" : 12,  "end" : 3923,  "language" : "x-unspecified",  "documentTitle" : "57.%20snes-01547%20Manuka%20honey,%20as%20a%20topical%20treatment,%20is%20better%20than%20all%20known%20antibiotics.txt",  "documentId" : "admin",  "documentUri" : "file:/C:/Users/huiyi/.webanno/repository/project/4/document/227/source/admin",  "collectionId" : "file:/C:/Users/huiyi/.webanno/repository/project/4/document/227/source/",  "documentBaseUri" : "file:/C:/Users/huiyi/.webanno/repository/project/4/document/227/source/",  "isLastSegment" : false } ], 
      "TagsetDescription" : [
        {"sofa" : 12,  "layer" : "de.tudarmstadt.ukp.dkpro.core.api.syntax.type.dependency.Dependency",  "name" : "UD Universal Dependencies (v2)",  "input" : false }, 
        {"sofa" : 12,  "layer" : "de.tudarmstadt.ukp.dkpro.core.api.ner.type.NamedEntity",  "name" : "Named Entity tags",  "input" : false }, 
        {"sofa" : 12,  "layer" : "de.tudarmstadt.ukp.dkpro.core.api.transform.type.SofaChangeAnnotation",  "name" : "Operation",  "input" : false }, 
        {"sofa" : 12,  "layer" : "de.tudarmstadt.ukp.dkpro.core.api.lexmorph.type.pos.POS",  "name" : "UD Universal POS tags (v2)",  "input" : false }, 
        {"sofa" : 12,  "layer" : "webanno.custom.Persuasive_Labels",  "name" : "2. Using Anecdotes and Personal Experience as Evidence",  "input" : false } ], 
      "Sentence" : [
        {"sofa" : 12,  "end" : 87 }, 
        {"sofa" : 12,  "begin" : 90,  "end" : 373 }, 
        {"sofa" : 12,  "begin" : 374,  "end" : 579 }, 
        {"sofa" : 12,  "begin" : 581,  "end" : 760 }, 
        {"sofa" : 12,  "begin" : 762,  "end" : 899 }, 
        {"sofa" : 12,  "begin" : 900,  "end" : 1102 }, 
        {"sofa" : 12,  "begin" : 1104,  "end" : 1138 }, 
        {"sofa" : 12,  "begin" : 1139,  "end" : 1377 }, 
        {"sofa" : 12,  "begin" : 1379,  "end" : 1560 }, 
        {"sofa" : 12,  "begin" : 1561,  "end" : 1678 }, 
        {"sofa" : 12,  "begin" : 1680,  "end" : 1696 }, 
        {"sofa" : 12,  "begin" : 1697,  "end" : 1891 }, 
        {"sofa" : 12,  "begin" : 1893,  "end" : 2079 }, 
        {"sofa" : 12,  "begin" : 2080,  "end" : 2283 }, 
        {"sofa" : 12,  "begin" : 2285,  "end" : 2475 }, 
        {"sofa" : 12,  "begin" : 2476,  "end" : 2548 }, 
        {"sofa" : 12,  "begin" : 2550,  "end" : 2713 }, 
        {"sofa" : 12,  "begin" : 2714,  "end" : 2828 }, 
        {"sofa" : 12,  "begin" : 2829,  "end" : 2958 }, 
        {"sofa" : 12,  "begin" : 2960,  "end" : 3175 }, 
        {"sofa" : 12,  "begin" : 3176,  "end" : 3277 }, 
        {"sofa" : 12,  "begin" : 3278,  "end" : 3509 }, 
        {"sofa" : 12,  "begin" : 3511,  "end" : 3678 }, 
        {"sofa" : 12,  "begin" : 3679,  "end" : 3806 }, 
        {"sofa" : 12,  "begin" : 3807,  "end" : 3919 } ], 
      "Token" : [
        {"sofa" : 12,  "end" : 5 }, 
        {"sofa" : 12,  "begin" : 5,  "end" : 6 }, 
        {"sofa" : 12,  "begin" : 6,  "end" : 11 }, 
        {"sofa" : 12,  "begin" : 12,  "end" : 18 }, 
        {"sofa" : 12,  "begin" : 19,  "end" : 24 }, 
        {"sofa" : 12,  "begin" : 24,  "end" : 25 }, 
        {"sofa" : 12,  "begin" : 26,  "end" : 28 }, 
        {"sofa" : 12,  "begin" : 29,  "end" : 30 }, 
        {"sofa" : 12,  "begin" : 31,  "end" : 38 }, 
        {"sofa" : 12,  "begin" : 39,  "end" : 48 }, 
        {"sofa" : 12,  "begin" : 48,  "end" : 49 }, 
        {"sofa" : 12,  "begin" : 50,  "end" : 52 }, 
        {"sofa" : 12,  "begin" : 53,  "end" : 59 }, 
        {"sofa" : 12,  "begin" : 60,  "end" : 64 }, 
        {"sofa" : 12,  "begin" : 65,  "end" : 68 }, 
        {"sofa" : 12,  "begin" : 69,  "end" : 74 }, 
        {"sofa" : 12,  "begin" : 75,  "end" : 86 }, 
        {"sofa" : 12,  "begin" : 86,  "end" : 87 }, 
        {"sofa" : 12,  "begin" : 90,  "end" : 96 }, 
        {"sofa" : 12,  "begin" : 96,  "end" : 97 }, 
        {"sofa" : 12,  "begin" : 98,  "end" : 103 }, 
        {"sofa" : 12,  "begin" : 103,  "end" : 104 }, 
        {"sofa" : 12,  "begin" : 104,  "end" : 105 }, 
        {"sofa" : 12,  "begin" : 105,  "end" : 106 }, 
        {"sofa" : 12,  "begin" : 106,  "end" : 116 }, 
        {"sofa" : 12,  "begin" : 116,  "end" : 117 }, 
        {"sofa" : 12,  "begin" : 117,  "end" : 122 }, 
        {"sofa" : 12,  "begin" : 122,  "end" : 123 }, 
        {"sofa" : 12,  "begin" : 123,  "end" : 132 }, 
        {"sofa" : 12,  "begin" : 132,  "end" : 133 }, 
        {"sofa" : 12,  "begin" : 133,  "end" : 139 }, 
        {"sofa" : 12,  "begin" : 139,  "end" : 140 }, 
        {"sofa" : 12,  "begin" : 140,  "end" : 148 }, 
        {"sofa" : 12,  "begin" : 151,  "end" : 155 }, 
        {"sofa" : 12,  "begin" : 156,  "end" : 164 }, 
        {"sofa" : 12,  "begin" : 164,  "end" : 165 }, 
        {"sofa" : 12,  "begin" : 166,  "end" : 171 }, 
        {"sofa" : 12,  "begin" : 171,  "end" : 172 }, 
        {"sofa" : 12,  "begin" : 172,  "end" : 173 }, 
        {"sofa" : 12,  "begin" : 173,  "end" : 174 }, 
        {"sofa" : 12,  "begin" : 174,  "end" : 188 }, 
        {"sofa" : 12,  "begin" : 188,  "end" : 189 }, 
        {"sofa" : 12,  "begin" : 189,  "end" : 199 }, 
        {"sofa" : 12,  "begin" : 199,  "end" : 200 }, 
        {"sofa" : 12,  "begin" : 200,  "end" : 249 }, 
        {"sofa" : 12,  "begin" : 249,  "end" : 250 }, 
        {"sofa" : 12,  "begin" : 253,  "end" : 259 }, 
        {"sofa" : 12,  "begin" : 260,  "end" : 267 }, 
        {"sofa" : 12,  "begin" : 267,  "end" : 268 }, 
        {"sofa" : 12,  "begin" : 270,  "end" : 275 }, 
        {"sofa" : 12,  "begin" : 275,  "end" : 276 }, 
        {"sofa" : 12,  "begin" : 277,  "end" : 283 }, 
        {"sofa" : 12,  "begin" : 284,  "end" : 289 }, 
        {"sofa" : 12,  "begin" : 290,  "end" : 295 }, 
        {"sofa" : 12,  "begin" : 296,  "end" : 300 }, 
        {"sofa" : 12,  "begin" : 301,  "end" : 309 }, 
        {"sofa" : 12,  "begin" : 310,  "end" : 314 }, 
        {"sofa" : 12,  "begin" : 315,  "end" : 318 }, 
        {"sofa" : 12,  "begin" : 319,  "end" : 328 }, 
        {"sofa" : 12,  "begin" : 329,  "end" : 340 }, 
        {"sofa" : 12,  "begin" : 342,  "end" : 345 }, 
        {"sofa" : 12,  "begin" : 346,  "end" : 349 }, 
        {"sofa" : 12,  "begin" : 350,  "end" : 355 }, 
        {"sofa" : 12,  "begin" : 356,  "end" : 358 }, 
        {"sofa" : 12,  "begin" : 359,  "end" : 366 }, 
        {"sofa" : 12,  "begin" : 367,  "end" : 372 }, 
        {"sofa" : 12,  "begin" : 372,  "end" : 373 }, 
        {"sofa" : 12,  "begin" : 374,  "end" : 379 }, 
        {"sofa" : 12,  "begin" : 380,  "end" : 383 }, 
        {"sofa" : 12,  "begin" : 384,  "end" : 392 }, 
        {"sofa" : 12,  "begin" : 393,  "end" : 395 }, 
        {"sofa" : 12,  "begin" : 396,  "end" : 399 }, 
        {"sofa" : 12,  "begin" : 399,  "end" : 400 }, 
        {"sofa" : 12,  "begin" : 401,  "end" : 412 }, 
        {"sofa" : 12,  "begin" : 413,  "end" : 418 }, 
        {"sofa" : 12,  "begin" : 419,  "end" : 423 }, 
        {"sofa" : 12,  "begin" : 424,  "end" : 428 }, 
        {"sofa" : 12,  "begin" : 429,  "end" : 444 }, 
        {"sofa" : 12,  "begin" : 445,  "end" : 449 }, 
        {"sofa" : 12,  "begin" : 450,  "end" : 453 }, 
        {"sofa" : 12,  "begin" : 454,  "end" : 463 }, 
        {"sofa" : 12,  "begin" : 463,  "end" : 464 }, 
        {"sofa" : 12,  "begin" : 465,  "end" : 475 }, 
        {"sofa" : 12,  "begin" : 476,  "end" : 487 }, 
        {"sofa" : 12,  "begin" : 488,  "end" : 492 }, 
        {"sofa" : 12,  "begin" : 493,  "end" : 498 }, 
        {"sofa" : 12,  "begin" : 499,  "end" : 502 }, 
        {"sofa" : 12,  "begin" : 503,  "end" : 507 }, 
        {"sofa" : 12,  "begin" : 508,  "end" : 510 }, 
        {"sofa" : 12,  "begin" : 511,  "end" : 516 }, 
        {"sofa" : 12,  "begin" : 516,  "end" : 517 }, 
        {"sofa" : 12,  "begin" : 518,  "end" : 524 }, 
        {"sofa" : 12,  "begin" : 525,  "end" : 531 }, 
        {"sofa" : 12,  "begin" : 532,  "end" : 537 }, 
        {"sofa" : 12,  "begin" : 537,  "end" : 538 }, 
        {"sofa" : 12,  "begin" : 539,  "end" : 541 }, 
        {"sofa" : 12,  "begin" : 542,  "end" : 544 }, 
        {"sofa" : 12,  "begin" : 545,  "end" : 551 }, 
        {"sofa" : 12,  "begin" : 552,  "end" : 556 }, 
        {"sofa" : 12,  "begin" : 557,  "end" : 560 }, 
        {"sofa" : 12,  "begin" : 561,  "end" : 566 }, 
        {"sofa" : 12,  "begin" : 567,  "end" : 578 }, 
        {"sofa" : 12,  "begin" : 578,  "end" : 579 }, 
        {"sofa" : 12,  "begin" : 581,  "end" : 587 }, 
        {"sofa" : 12,  "begin" : 588,  "end" : 593 }, 
        {"sofa" : 12,  "begin" : 594,  "end" : 596 }, 
        {"sofa" : 12,  "begin" : 597,  "end" : 605 }, 
        {"sofa" : 12,  "begin" : 606,  "end" : 608 }, 
        {"sofa" : 12,  "begin" : 609,  "end" : 613 }, 
        {"sofa" : 12,  "begin" : 614,  "end" : 618 }, 
        {"sofa" : 12,  "begin" : 619,  "end" : 625 }, 
        {"sofa" : 12,  "begin" : 626,  "end" : 628 }, 
        {"sofa" : 12,  "begin" : 629,  "end" : 632 }, 
        {"sofa" : 12,  "begin" : 633,  "end" : 639 }, 
        {"sofa" : 12,  "begin" : 640,  "end" : 642 }, 
        {"sofa" : 12,  "begin" : 643,  "end" : 655 }, 
        {"sofa" : 12,  "begin" : 656,  "end" : 665 }, 
        {"sofa" : 12,  "begin" : 665,  "end" : 666 }, 
        {"sofa" : 12,  "begin" : 667,  "end" : 669 }, 
        {"sofa" : 12,  "begin" : 670,  "end" : 673 }, 
        {"sofa" : 12,  "begin" : 674,  "end" : 683 }, 
        {"sofa" : 12,  "begin" : 684,  "end" : 690 }, 
        {"sofa" : 12,  "begin" : 691,  "end" : 695 }, 
        {"sofa" : 12,  "begin" : 695,  "end" : 696 }, 
        {"sofa" : 12,  "begin" : 697,  "end" : 699 }, 
        {"sofa" : 12,  "begin" : 700,  "end" : 704 }, 
        {"sofa" : 12,  "begin" : 705,  "end" : 707 }, 
        {"sofa" : 12,  "begin" : 708,  "end" : 711 }, 
        {"sofa" : 12,  "begin" : 712,  "end" : 717 }, 
        {"sofa" : 12,  "begin" : 717,  "end" : 718 }, 
        {"sofa" : 12,  "begin" : 719,  "end" : 725 }, 
        {"sofa" : 12,  "begin" : 726,  "end" : 728 }, 
        {"sofa" : 12,  "begin" : 729,  "end" : 738 }, 
        {"sofa" : 12,  "begin" : 739,  "end" : 742 }, 
        {"sofa" : 12,  "begin" : 743,  "end" : 746 }, 
        {"sofa" : 12,  "begin" : 747,  "end" : 754 }, 
        {"sofa" : 12,  "begin" : 755,  "end" : 759 }, 
        {"sofa" : 12,  "begin" : 759,  "end" : 760 }, 
        {"sofa" : 12,  "begin" : 762,  "end" : 766 }, 
        {"sofa" : 12,  "begin" : 767,  "end" : 777 }, 
        {"sofa" : 12,  "begin" : 778,  "end" : 782 }, 
        {"sofa" : 12,  "begin" : 783,  "end" : 785 }, 
        {"sofa" : 12,  "begin" : 786,  "end" : 791 }, 
        {"sofa" : 12,  "begin" : 792,  "end" : 795 }, 
        {"sofa" : 12,  "begin" : 796,  "end" : 800 }, 
        {"sofa" : 12,  "begin" : 801,  "end" : 812 }, 
        {"sofa" : 12,  "begin" : 813,  "end" : 818 }, 
        {"sofa" : 12,  "begin" : 819,  "end" : 827 }, 
        {"sofa" : 12,  "begin" : 827,  "end" : 828 }, 
        {"sofa" : 12,  "begin" : 829,  "end" : 832 }, 
        {"sofa" : 12,  "begin" : 833,  "end" : 837 }, 
        {"sofa" : 12,  "begin" : 838,  "end" : 840 }, 
        {"sofa" : 12,  "begin" : 841,  "end" : 844 }, 
        {"sofa" : 12,  "begin" : 845,  "end" : 849 }, 
        {"sofa" : 12,  "begin" : 850,  "end" : 856 }, 
        {"sofa" : 12,  "begin" : 857,  "end" : 859 }, 
        {"sofa" : 12,  "begin" : 860,  "end" : 862 }, 
        {"sofa" : 12,  "begin" : 863,  "end" : 867 }, 
        {"sofa" : 12,  "begin" : 868,  "end" : 872 }, 
        {"sofa" : 12,  "begin" : 873,  "end" : 877 }, 
        {"sofa" : 12,  "begin" : 878,  "end" : 880 }, 
        {"sofa" : 12,  "begin" : 881,  "end" : 886 }, 
        {"sofa" : 12,  "begin" : 887,  "end" : 889 }, 
        {"sofa" : 12,  "begin" : 890,  "end" : 898 }, 
        {"sofa" : 12,  "begin" : 898,  "end" : 899 }, 
        {"sofa" : 12,  "begin" : 900,  "end" : 902 }, 
        {"sofa" : 12,  "begin" : 903,  "end" : 904 }, 
        {"sofa" : 12,  "begin" : 905,  "end" : 910 }, 
        {"sofa" : 12,  "begin" : 911,  "end" : 916 }, 
        {"sofa" : 12,  "begin" : 917,  "end" : 921 }, 
        {"sofa" : 12,  "begin" : 922,  "end" : 924 }, 
        {"sofa" : 12,  "begin" : 925,  "end" : 928 }, 
        {"sofa" : 12,  "begin" : 929,  "end" : 933 }, 
        {"sofa" : 12,  "begin" : 934,  "end" : 940 }, 
        {"sofa" : 12,  "begin" : 941,  "end" : 952 }, 
        {"sofa" : 12,  "begin" : 953,  "end" : 956 }, 
        {"sofa" : 12,  "begin" : 957,  "end" : 964 }, 
        {"sofa" : 12,  "begin" : 965,  "end" : 972 }, 
        {"sofa" : 12,  "begin" : 973,  "end" : 993 }, 
        {"sofa" : 12,  "begin" : 994,  "end" : 1003 }, 
        {"sofa" : 12,  "begin" : 1003,  "end" : 1004 }, 
        {"sofa" : 12,  "begin" : 1005,  "end" : 1011 }, 
        {"sofa" : 12,  "begin" : 1012,  "end" : 1017 }, 
        {"sofa" : 12,  "begin" : 1018,  "end" : 1021 }, 
        {"sofa" : 12,  "begin" : 1022,  "end" : 1026 }, 
        {"sofa" : 12,  "begin" : 1027,  "end" : 1030 }, 
        {"sofa" : 12,  "begin" : 1031,  "end" : 1034 }, 
        {"sofa" : 12,  "begin" : 1035,  "end" : 1037 }, 
        {"sofa" : 12,  "begin" : 1038,  "end" : 1046 }, 
        {"sofa" : 12,  "begin" : 1047,  "end" : 1057 }, 
        {"sofa" : 12,  "begin" : 1058,  "end" : 1064 }, 
        {"sofa" : 12,  "begin" : 1064,  "end" : 1065 }, 
        {"sofa" : 12,  "begin" : 1066,  "end" : 1072 }, 
        {"sofa" : 12,  "begin" : 1073,  "end" : 1082 }, 
        {"sofa" : 12,  "begin" : 1083,  "end" : 1085 }, 
        {"sofa" : 12,  "begin" : 1086,  "end" : 1091 }, 
        {"sofa" : 12,  "begin" : 1092,  "end" : 1101 }, 
        {"sofa" : 12,  "begin" : 1101,  "end" : 1102 }, 
        {"sofa" : 12,  "begin" : 1104,  "end" : 1110 }, 
        {"sofa" : 12,  "begin" : 1111,  "end" : 1116 }, 
        {"sofa" : 12,  "begin" : 1117,  "end" : 1123 }, 
        {"sofa" : 12,  "begin" : 1124,  "end" : 1133 }, 
        {"sofa" : 12,  "begin" : 1135,  "end" : 1137 }, 
        {"sofa" : 12,  "begin" : 1137,  "end" : 1138 }, 
        {"sofa" : 12,  "begin" : 1139,  "end" : 1142 }, 
        {"sofa" : 12,  "begin" : 1143,  "end" : 1149 }, 
        {"sofa" : 12,  "begin" : 1150,  "end" : 1154 }, 
        {"sofa" : 12,  "begin" : 1155,  "end" : 1158 }, 
        {"sofa" : 12,  "begin" : 1159,  "end" : 1169 }, 
        {"sofa" : 12,  "begin" : 1170,  "end" : 1172 }, 
        {"sofa" : 12,  "begin" : 1173,  "end" : 1181 }, 
        {"sofa" : 12,  "begin" : 1182,  "end" : 1188 }, 
        {"sofa" : 12,  "begin" : 1189,  "end" : 1191 }, 
        {"sofa" : 12,  "begin" : 1192,  "end" : 1201 }, 
        {"sofa" : 12,  "begin" : 1202,  "end" : 1205 }, 
        {"sofa" : 12,  "begin" : 1206,  "end" : 1215 }, 
        {"sofa" : 12,  "begin" : 1216,  "end" : 1227 }, 
        {"sofa" : 12,  "begin" : 1228,  "end" : 1233 }, 
        {"sofa" : 12,  "begin" : 1234,  "end" : 1238 }, 
        {"sofa" : 12,  "begin" : 1239,  "end" : 1250 }, 
        {"sofa" : 12,  "begin" : 1251,  "end" : 1254 }, 
        {"sofa" : 12,  "begin" : 1255,  "end" : 1259 }, 
        {"sofa" : 12,  "begin" : 1260,  "end" : 1264 }, 
        {"sofa" : 12,  "begin" : 1265,  "end" : 1270 }, 
        {"sofa" : 12,  "begin" : 1271,  "end" : 1276 }, 
        {"sofa" : 12,  "begin" : 1277,  "end" : 1282 }, 
        {"sofa" : 12,  "begin" : 1282,  "end" : 1283 }, 
        {"sofa" : 12,  "begin" : 1284,  "end" : 1287 }, 
        {"sofa" : 12,  "begin" : 1288,  "end" : 1291 }, 
        {"sofa" : 12,  "begin" : 1292,  "end" : 1300 }, 
        {"sofa" : 12,  "begin" : 1301,  "end" : 1305 }, 
        {"sofa" : 12,  "begin" : 1306,  "end" : 1312 }, 
        {"sofa" : 12,  "begin" : 1313,  "end" : 1320 }, 
        {"sofa" : 12,  "begin" : 1321,  "end" : 1327 }, 
        {"sofa" : 12,  "begin" : 1328,  "end" : 1337 }, 
        {"sofa" : 12,  "begin" : 1338,  "end" : 1340 }, 
        {"sofa" : 12,  "begin" : 1341,  "end" : 1345 }, 
        {"sofa" : 12,  "begin" : 1345,  "end" : 1346 }, 
        {"sofa" : 12,  "begin" : 1347,  "end" : 1353 }, 
        {"sofa" : 12,  "begin" : 1354,  "end" : 1358 }, 
        {"sofa" : 12,  "begin" : 1359,  "end" : 1366 }, 
        {"sofa" : 12,  "begin" : 1367,  "end" : 1371 }, 
        {"sofa" : 12,  "begin" : 1372,  "end" : 1376 }, 
        {"sofa" : 12,  "begin" : 1376,  "end" : 1377 }, 
        {"sofa" : 12,  "begin" : 1379,  "end" : 1382 }, 
        {"sofa" : 12,  "begin" : 1383,  "end" : 1389 }, 
        {"sofa" : 12,  "begin" : 1389,  "end" : 1390 }, 
        {"sofa" : 12,  "begin" : 1391,  "end" : 1400 }, 
        {"sofa" : 12,  "begin" : 1401,  "end" : 1403 }, 
        {"sofa" : 12,  "begin" : 1404,  "end" : 1407 }, 
        {"sofa" : 12,  "begin" : 1408,  "end" : 1416 }, 
        {"sofa" : 12,  "begin" : 1417,  "end" : 1424 }, 
        {"sofa" : 12,  "begin" : 1425,  "end" : 1427 }, 
        {"sofa" : 12,  "begin" : 1428,  "end" : 1436 }, 
        {"sofa" : 12,  "begin" : 1437,  "end" : 1449 }, 
        {"sofa" : 12,  "begin" : 1450,  "end" : 1453 }, 
        {"sofa" : 12,  "begin" : 1454,  "end" : 1464 }, 
        {"sofa" : 12,  "begin" : 1465,  "end" : 1473 }, 
        {"sofa" : 12,  "begin" : 1473,  "end" : 1474 }, 
        {"sofa" : 12,  "begin" : 1475,  "end" : 1482 }, 
        {"sofa" : 12,  "begin" : 1483,  "end" : 1487 }, 
        {"sofa" : 12,  "begin" : 1488,  "end" : 1494 }, 
        {"sofa" : 12,  "begin" : 1495,  "end" : 1500 }, 
        {"sofa" : 12,  "begin" : 1501,  "end" : 1507 }, 
        {"sofa" : 12,  "begin" : 1508,  "end" : 1514 }, 
        {"sofa" : 12,  "begin" : 1515,  "end" : 1520 }, 
        {"sofa" : 12,  "begin" : 1521,  "end" : 1529 }, 
        {"sofa" : 12,  "begin" : 1530,  "end" : 1533 }, 
        {"sofa" : 12,  "begin" : 1534,  "end" : 1542 }, 
        {"sofa" : 12,  "begin" : 1543,  "end" : 1545 }, 
        {"sofa" : 12,  "begin" : 1546,  "end" : 1549 }, 
        {"sofa" : 12,  "begin" : 1550,  "end" : 1556 }, 
        {"sofa" : 12,  "begin" : 1557,  "end" : 1559 }, 
        {"sofa" : 12,  "begin" : 1559,  "end" : 1560 }, 
        {"sofa" : 12,  "begin" : 1561,  "end" : 1567 }, 
        {"sofa" : 12,  "begin" : 1568,  "end" : 1571 }, 
        {"sofa" : 12,  "begin" : 1572,  "end" : 1583 }, 
        {"sofa" : 12,  "begin" : 1584,  "end" : 1593 }, 
        {"sofa" : 12,  "begin" : 1594,  "end" : 1596 }, 
        {"sofa" : 12,  "begin" : 1597,  "end" : 1604 }, 
        {"sofa" : 12,  "begin" : 1605,  "end" : 1611 }, 
        {"sofa" : 12,  "begin" : 1611,  "end" : 1612 }, 
        {"sofa" : 12,  "begin" : 1613,  "end" : 1617 }, 
        {"sofa" : 12,  "begin" : 1618,  "end" : 1620 }, 
        {"sofa" : 12,  "begin" : 1621,  "end" : 1624 }, 
        {"sofa" : 12,  "begin" : 1625,  "end" : 1629 }, 
        {"sofa" : 12,  "begin" : 1630,  "end" : 1636 }, 
        {"sofa" : 12,  "begin" : 1637,  "end" : 1641 }, 
        {"sofa" : 12,  "begin" : 1642,  "end" : 1646 }, 
        {"sofa" : 12,  "begin" : 1647,  "end" : 1649 }, 
        {"sofa" : 12,  "begin" : 1650,  "end" : 1657 }, 
        {"sofa" : 12,  "begin" : 1658,  "end" : 1661 }, 
        {"sofa" : 12,  "begin" : 1662,  "end" : 1667 }, 
        {"sofa" : 12,  "begin" : 1668,  "end" : 1677 }, 
        {"sofa" : 12,  "begin" : 1677,  "end" : 1678 }, 
        {"sofa" : 12,  "begin" : 1680,  "end" : 1689 }, 
        {"sofa" : 12,  "begin" : 1690,  "end" : 1692 }, 
        {"sofa" : 12,  "begin" : 1693,  "end" : 1695 }, 
        {"sofa" : 12,  "begin" : 1695,  "end" : 1696 }, 
        {"sofa" : 12,  "begin" : 1697,  "end" : 1703 }, 
        {"sofa" : 12,  "begin" : 1703,  "end" : 1704 }, 
        {"sofa" : 12,  "begin" : 1705,  "end" : 1710 }, 
        {"sofa" : 12,  "begin" : 1711,  "end" : 1714 }, 
        {"sofa" : 12,  "begin" : 1715,  "end" : 1725 }, 
        {"sofa" : 12,  "begin" : 1726,  "end" : 1735 }, 
        {"sofa" : 12,  "begin" : 1735,  "end" : 1736 }, 
        {"sofa" : 12,  "begin" : 1737,  "end" : 1741 }, 
        {"sofa" : 12,  "begin" : 1742,  "end" : 1755 }, 
        {"sofa" : 12,  "begin" : 1755,  "end" : 1756 }, 
        {"sofa" : 12,  "begin" : 1757,  "end" : 1759 }, 
        {"sofa" : 12,  "begin" : 1760,  "end" : 1763 }, 
        {"sofa" : 12,  "begin" : 1764,  "end" : 1770 }, 
        {"sofa" : 12,  "begin" : 1771,  "end" : 1776 }, 
        {"sofa" : 12,  "begin" : 1777,  "end" : 1781 }, 
        {"sofa" : 12,  "begin" : 1782,  "end" : 1787 }, 
        {"sofa" : 12,  "begin" : 1788,  "end" : 1800 }, 
        {"sofa" : 12,  "begin" : 1801,  "end" : 1808 }, 
        {"sofa" : 12,  "begin" : 1809,  "end" : 1811 }, 
        {"sofa" : 12,  "begin" : 1812,  "end" : 1815 }, 
        {"sofa" : 12,  "begin" : 1816,  "end" : 1824 }, 
        {"sofa" : 12,  "begin" : 1824,  "end" : 1825 }, 
        {"sofa" : 12,  "begin" : 1826,  "end" : 1833 }, 
        {"sofa" : 12,  "begin" : 1834,  "end" : 1838 }, 
        {"sofa" : 12,  "begin" : 1839,  "end" : 1845 }, 
        {"sofa" : 12,  "begin" : 1846,  "end" : 1850 }, 
        {"sofa" : 12,  "begin" : 1851,  "end" : 1854 }, 
        {"sofa" : 12,  "begin" : 1855,  "end" : 1859 }, 
        {"sofa" : 12,  "begin" : 1860,  "end" : 1862 }, 
        {"sofa" : 12,  "begin" : 1863,  "end" : 1868 }, 
        {"sofa" : 12,  "begin" : 1869,  "end" : 1872 }, 
        {"sofa" : 12,  "begin" : 1873,  "end" : 1878 }, 
        {"sofa" : 12,  "begin" : 1879,  "end" : 1881 }, 
        {"sofa" : 12,  "begin" : 1882,  "end" : 1890 }, 
        {"sofa" : 12,  "begin" : 1890,  "end" : 1891 }, 
        {"sofa" : 12,  "begin" : 1893,  "end" : 1897 }, 
        {"sofa" : 12,  "begin" : 1898,  "end" : 1904 }, 
        {"sofa" : 12,  "begin" : 1905,  "end" : 1910 }, 
        {"sofa" : 12,  "begin" : 1911,  "end" : 1914 }, 
        {"sofa" : 12,  "begin" : 1915,  "end" : 1917 }, 
        {"sofa" : 12,  "begin" : 1918,  "end" : 1921 }, 
        {"sofa" : 12,  "begin" : 1922,  "end" : 1925 }, 
        {"sofa" : 12,  "begin" : 1927,  "end" : 1935 }, 
        {"sofa" : 12,  "begin" : 1936,  "end" : 1946 }, 
        {"sofa" : 12,  "begin" : 1947,  "end" : 1957 }, 
        {"sofa" : 12,  "begin" : 1958,  "end" : 1963 }, 
        {"sofa" : 12,  "begin" : 1964,  "end" : 1968 }, 
        {"sofa" : 12,  "begin" : 1969,  "end" : 1980 }, 
        {"sofa" : 12,  "begin" : 1980,  "end" : 1981 }, 
        {"sofa" : 12,  "begin" : 1982,  "end" : 1999 }, 
        {"sofa" : 12,  "begin" : 1999,  "end" : 2000 }, 
        {"sofa" : 12,  "begin" : 2001,  "end" : 2014 }, 
        {"sofa" : 12,  "begin" : 2014,  "end" : 2015 }, 
        {"sofa" : 12,  "begin" : 2016,  "end" : 2025 }, 
        {"sofa" : 12,  "begin" : 2025,  "end" : 2026 }, 
        {"sofa" : 12,  "begin" : 2027,  "end" : 2037 }, 
        {"sofa" : 12,  "begin" : 2038,  "end" : 2041 }, 
        {"sofa" : 12,  "begin" : 2042,  "end" : 2047 }, 
        {"sofa" : 12,  "begin" : 2048,  "end" : 2055 }, 
        {"sofa" : 12,  "begin" : 2055,  "end" : 2056 }, 
        {"sofa" : 12,  "begin" : 2057,  "end" : 2059 }, 
        {"sofa" : 12,  "begin" : 2060,  "end" : 2078 }, 
        {"sofa" : 12,  "begin" : 2078,  "end" : 2079 }, 
        {"sofa" : 12,  "begin" : 2080,  "end" : 2087 }, 
        {"sofa" : 12,  "begin" : 2087,  "end" : 2088 }, 
        {"sofa" : 12,  "begin" : 2089,  "end" : 2093 }, 
        {"sofa" : 12,  "begin" : 2094,  "end" : 2103 }, 
        {"sofa" : 12,  "begin" : 2104,  "end" : 2110 }, 
        {"sofa" : 12,  "begin" : 2111,  "end" : 2116 }, 
        {"sofa" : 12,  "begin" : 2117,  "end" : 2121 }, 
        {"sofa" : 12,  "begin" : 2122,  "end" : 2125 }, 
        {"sofa" : 12,  "begin" : 2126,  "end" : 2130 }, 
        {"sofa" : 12,  "begin" : 2131,  "end" : 2133 }, 
        {"sofa" : 12,  "begin" : 2134,  "end" : 2138 }, 
        {"sofa" : 12,  "begin" : 2139,  "end" : 2142 }, 
        {"sofa" : 12,  "begin" : 2143,  "end" : 2156 }, 
        {"sofa" : 12,  "begin" : 2157,  "end" : 2163 }, 
        {"sofa" : 12,  "begin" : 2164,  "end" : 2173 }, 
        {"sofa" : 12,  "begin" : 2174,  "end" : 2178 }, 
        {"sofa" : 12,  "begin" : 2179,  "end" : 2182 }, 
        {"sofa" : 12,  "begin" : 2183,  "end" : 2191 }, 
        {"sofa" : 12,  "begin" : 2192,  "end" : 2201 }, 
        {"sofa" : 12,  "begin" : 2201,  "end" : 2202 }, 
        {"sofa" : 12,  "begin" : 2203,  "end" : 2207 }, 
        {"sofa" : 12,  "begin" : 2208,  "end" : 2210 }, 
        {"sofa" : 12,  "begin" : 2211,  "end" : 2214 }, 
        {"sofa" : 12,  "begin" : 2215,  "end" : 2231 }, 
        {"sofa" : 12,  "begin" : 2232,  "end" : 2253 }, 
        {"sofa" : 12,  "begin" : 2254,  "end" : 2268 }, 
        {"sofa" : 12,  "begin" : 2269,  "end" : 2275 }, 
        {"sofa" : 12,  "begin" : 2276,  "end" : 2277 }, 
        {"sofa" : 12,  "begin" : 2277,  "end" : 2281 }, 
        {"sofa" : 12,  "begin" : 2281,  "end" : 2282 }, 
        {"sofa" : 12,  "begin" : 2282,  "end" : 2283 }, 
        {"sofa" : 12,  "begin" : 2285,  "end" : 2291 }, 
        {"sofa" : 12,  "begin" : 2292,  "end" : 2297 }, 
        {"sofa" : 12,  "begin" : 2298,  "end" : 2300 }, 
        {"sofa" : 12,  "begin" : 2301,  "end" : 2309 }, 
        {"sofa" : 12,  "begin" : 2310,  "end" : 2313 }, 
        {"sofa" : 12,  "begin" : 2314,  "end" : 2320 }, 
        {"sofa" : 12,  "begin" : 2321,  "end" : 2330 }, 
        {"sofa" : 12,  "begin" : 2331,  "end" : 2334 }, 
        {"sofa" : 12,  "begin" : 2335,  "end" : 2345 }, 
        {"sofa" : 12,  "begin" : 2345,  "end" : 2346 }, 
        {"sofa" : 12,  "begin" : 2347,  "end" : 2351 }, 
        {"sofa" : 12,  "begin" : 2352,  "end" : 2363 }, 
        {"sofa" : 12,  "begin" : 2363,  "end" : 2364 }, 
        {"sofa" : 12,  "begin" : 2365,  "end" : 2372 }, 
        {"sofa" : 12,  "begin" : 2373,  "end" : 2385 }, 
        {"sofa" : 12,  "begin" : 2385,  "end" : 2386 }, 
        {"sofa" : 12,  "begin" : 2387,  "end" : 2395 }, 
        {"sofa" : 12,  "begin" : 2395,  "end" : 2396 }, 
        {"sofa" : 12,  "begin" : 2397,  "end" : 2400 }, 
        {"sofa" : 12,  "begin" : 2401,  "end" : 2410 }, 
        {"sofa" : 12,  "begin" : 2411,  "end" : 2413 }, 
        {"sofa" : 12,  "begin" : 2414,  "end" : 2430 }, 
        {"sofa" : 12,  "begin" : 2431,  "end" : 2439 }, 
        {"sofa" : 12,  "begin" : 2439,  "end" : 2440 }, 
        {"sofa" : 12,  "begin" : 2441,  "end" : 2444 }, 
        {"sofa" : 12,  "begin" : 2445,  "end" : 2448 }, 
        {"sofa" : 12,  "begin" : 2448,  "end" : 2449 }, 
        {"sofa" : 12,  "begin" : 2450,  "end" : 2453 }, 
        {"sofa" : 12,  "begin" : 2454,  "end" : 2457 }, 
        {"sofa" : 12,  "begin" : 2458,  "end" : 2463 }, 
        {"sofa" : 12,  "begin" : 2464,  "end" : 2474 }, 
        {"sofa" : 12,  "begin" : 2474,  "end" : 2475 }, 
        {"sofa" : 12,  "begin" : 2476,  "end" : 2483 }, 
        {"sofa" : 12,  "begin" : 2483,  "end" : 2484 }, 
        {"sofa" : 12,  "begin" : 2485,  "end" : 2487 }, 
        {"sofa" : 12,  "begin" : 2488,  "end" : 2493 }, 
        {"sofa" : 12,  "begin" : 2494,  "end" : 2496 }, 
        {"sofa" : 12,  "begin" : 2497,  "end" : 2501 }, 
        {"sofa" : 12,  "begin" : 2502,  "end" : 2508 }, 
        {"sofa" : 12,  "begin" : 2509,  "end" : 2511 }, 
        {"sofa" : 12,  "begin" : 2512,  "end" : 2520 }, 
        {"sofa" : 12,  "begin" : 2521,  "end" : 2525 }, 
        {"sofa" : 12,  "begin" : 2526,  "end" : 2532 }, 
        {"sofa" : 12,  "begin" : 2533,  "end" : 2536 }, 
        {"sofa" : 12,  "begin" : 2537,  "end" : 2540 }, 
        {"sofa" : 12,  "begin" : 2541,  "end" : 2547 }, 
        {"sofa" : 12,  "begin" : 2547,  "end" : 2548 }, 
        {"sofa" : 12,  "begin" : 2550,  "end" : 2559 }, 
        {"sofa" : 12,  "begin" : 2560,  "end" : 2562 }, 
        {"sofa" : 12,  "begin" : 2563,  "end" : 2566 }, 
        {"sofa" : 12,  "begin" : 2567,  "end" : 2572 }, 
        {"sofa" : 12,  "begin" : 2572,  "end" : 2573 }, 
        {"sofa" : 12,  "begin" : 2574,  "end" : 2583 }, 
        {"sofa" : 12,  "begin" : 2584,  "end" : 2586 }, 
        {"sofa" : 12,  "begin" : 2587,  "end" : 2590 }, 
        {"sofa" : 12,  "begin" : 2591,  "end" : 2601 }, 
        {"sofa" : 12,  "begin" : 2602,  "end" : 2609 }, 
        {"sofa" : 12,  "begin" : 2610,  "end" : 2614 }, 
        {"sofa" : 12,  "begin" : 2615,  "end" : 2616 }, 
        {"sofa" : 12,  "begin" : 2616,  "end" : 2617 }, 
        {"sofa" : 12,  "begin" : 2618,  "end" : 2625 }, 
        {"sofa" : 12,  "begin" : 2626,  "end" : 2632 }, 
        {"sofa" : 12,  "begin" : 2633,  "end" : 2636 }, 
        {"sofa" : 12,  "begin" : 2637,  "end" : 2645 }, 
        {"sofa" : 12,  "begin" : 2646,  "end" : 2647 }, 
        {"sofa" : 12,  "begin" : 2648,  "end" : 2653 }, 
        {"sofa" : 12,  "begin" : 2654,  "end" : 2660 }, 
        {"sofa" : 12,  "begin" : 2661,  "end" : 2667 }, 
        {"sofa" : 12,  "begin" : 2668,  "end" : 2675 }, 
        {"sofa" : 12,  "begin" : 2675,  "end" : 2676 }, 
        {"sofa" : 12,  "begin" : 2677,  "end" : 2680 }, 
        {"sofa" : 12,  "begin" : 2681,  "end" : 2683 }, 
        {"sofa" : 12,  "begin" : 2684,  "end" : 2694 }, 
        {"sofa" : 12,  "begin" : 2695,  "end" : 2705 }, 
        {"sofa" : 12,  "begin" : 2706,  "end" : 2712 }, 
        {"sofa" : 12,  "begin" : 2712,  "end" : 2713 }, 
        {"sofa" : 12,  "begin" : 2714,  "end" : 2718 }, 
        {"sofa" : 12,  "begin" : 2719,  "end" : 2722 }, 
        {"sofa" : 12,  "begin" : 2723,  "end" : 2729 }, 
        {"sofa" : 12,  "begin" : 2730,  "end" : 2733 }, 
        {"sofa" : 12,  "begin" : 2734,  "end" : 2743 }, 
        {"sofa" : 12,  "begin" : 2744,  "end" : 2746 }, 
        {"sofa" : 12,  "begin" : 2747,  "end" : 2752 }, 
        {"sofa" : 12,  "begin" : 2752,  "end" : 2753 }, 
        {"sofa" : 12,  "begin" : 2754,  "end" : 2757 }, 
        {"sofa" : 12,  "begin" : 2758,  "end" : 2767 }, 
        {"sofa" : 12,  "begin" : 2768,  "end" : 2776 }, 
        {"sofa" : 12,  "begin" : 2777,  "end" : 2780 }, 
        {"sofa" : 12,  "begin" : 2781,  "end" : 2790 }, 
        {"sofa" : 12,  "begin" : 2791,  "end" : 2803 }, 
        {"sofa" : 12,  "begin" : 2804,  "end" : 2806 }, 
        {"sofa" : 12,  "begin" : 2807,  "end" : 2810 }, 
        {"sofa" : 12,  "begin" : 2811,  "end" : 2816 }, 
        {"sofa" : 12,  "begin" : 2817,  "end" : 2819 }, 
        {"sofa" : 12,  "begin" : 2820,  "end" : 2827 }, 
        {"sofa" : 12,  "begin" : 2827,  "end" : 2828 }, 
        {"sofa" : 12,  "begin" : 2829,  "end" : 2834 }, 
        {"sofa" : 12,  "begin" : 2835,  "end" : 2837 }, 
        {"sofa" : 12,  "begin" : 2838,  "end" : 2840 }, 
        {"sofa" : 12,  "begin" : 2841,  "end" : 2847 }, 
        {"sofa" : 12,  "begin" : 2848,  "end" : 2852 }, 
        {"sofa" : 12,  "begin" : 2853,  "end" : 2856 }, 
        {"sofa" : 12,  "begin" : 2857,  "end" : 2860 }, 
        {"sofa" : 12,  "begin" : 2860,  "end" : 2861 }, 
        {"sofa" : 12,  "begin" : 2862,  "end" : 2871 }, 
        {"sofa" : 12,  "begin" : 2872,  "end" : 2878 }, 
        {"sofa" : 12,  "begin" : 2879,  "end" : 2881 }, 
        {"sofa" : 12,  "begin" : 2882,  "end" : 2889 }, 
        {"sofa" : 12,  "begin" : 2890,  "end" : 2895 }, 
        {"sofa" : 12,  "begin" : 2896,  "end" : 2900 }, 
        {"sofa" : 12,  "begin" : 2900,  "end" : 2901 }, 
        {"sofa" : 12,  "begin" : 2902,  "end" : 2905 }, 
        {"sofa" : 12,  "begin" : 2906,  "end" : 2911 }, 
        {"sofa" : 12,  "begin" : 2912,  "end" : 2915 }, 
        {"sofa" : 12,  "begin" : 2916,  "end" : 2921 }, 
        {"sofa" : 12,  "begin" : 2922,  "end" : 2926 }, 
        {"sofa" : 12,  "begin" : 2927,  "end" : 2932 }, 
        {"sofa" : 12,  "begin" : 2933,  "end" : 2942 }, 
        {"sofa" : 12,  "begin" : 2943,  "end" : 2945 }, 
        {"sofa" : 12,  "begin" : 2946,  "end" : 2950 }, 
        {"sofa" : 12,  "begin" : 2951,  "end" : 2957 }, 
        {"sofa" : 12,  "begin" : 2957,  "end" : 2958 }, 
        {"sofa" : 12,  "begin" : 2960,  "end" : 2963 }, 
        {"sofa" : 12,  "begin" : 2964,  "end" : 2969 }, 
        {"sofa" : 12,  "begin" : 2970,  "end" : 2975 }, 
        {"sofa" : 12,  "begin" : 2975,  "end" : 2976 }, 
        {"sofa" : 12,  "begin" : 2977,  "end" : 2988 }, 
        {"sofa" : 12,  "begin" : 2989,  "end" : 2997 }, 
        {"sofa" : 12,  "begin" : 2998,  "end" : 3004 }, 
        {"sofa" : 12,  "begin" : 3005,  "end" : 3010 }, 
        {"sofa" : 12,  "begin" : 3011,  "end" : 3013 }, 
        {"sofa" : 12,  "begin" : 3014,  "end" : 3024 }, 
        {"sofa" : 12,  "begin" : 3025,  "end" : 3027 }, 
        {"sofa" : 12,  "begin" : 3028,  "end" : 3030 }, 
        {"sofa" : 12,  "begin" : 3031,  "end" : 3042 }, 
        {"sofa" : 12,  "begin" : 3043,  "end" : 3052 }, 
        {"sofa" : 12,  "begin" : 3053,  "end" : 3056 }, 
        {"sofa" : 12,  "begin" : 3057,  "end" : 3063 }, 
        {"sofa" : 12,  "begin" : 3064,  "end" : 3071 }, 
        {"sofa" : 12,  "begin" : 3072,  "end" : 3074 }, 
        {"sofa" : 12,  "begin" : 3075,  "end" : 3078 }, 
        {"sofa" : 12,  "begin" : 3079,  "end" : 3093 }, 
        {"sofa" : 12,  "begin" : 3094,  "end" : 3107 }, 
        {"sofa" : 12,  "begin" : 3108,  "end" : 3116 }, 
        {"sofa" : 12,  "begin" : 3117,  "end" : 3120 }, 
        {"sofa" : 12,  "begin" : 3121,  "end" : 3124 }, 
        {"sofa" : 12,  "begin" : 3125,  "end" : 3134 }, 
        {"sofa" : 12,  "begin" : 3135,  "end" : 3137 }, 
        {"sofa" : 12,  "begin" : 3138,  "end" : 3146 }, 
        {"sofa" : 12,  "begin" : 3147,  "end" : 3149 }, 
        {"sofa" : 12,  "begin" : 3150,  "end" : 3157 }, 
        {"sofa" : 12,  "begin" : 3158,  "end" : 3168 }, 
        {"sofa" : 12,  "begin" : 3169,  "end" : 3171 }, 
        {"sofa" : 12,  "begin" : 3172,  "end" : 3174 }, 
        {"sofa" : 12,  "begin" : 3174,  "end" : 3175 }, 
        {"sofa" : 12,  "begin" : 3176,  "end" : 3181 }, 
        {"sofa" : 12,  "begin" : 3182,  "end" : 3187 }, 
        {"sofa" : 12,  "begin" : 3188,  "end" : 3197 }, 
        {"sofa" : 12,  "begin" : 3198,  "end" : 3202 }, 
        {"sofa" : 12,  "begin" : 3203,  "end" : 3208 }, 
        {"sofa" : 12,  "begin" : 3209,  "end" : 3214 }, 
        {"sofa" : 12,  "begin" : 3215,  "end" : 3222 }, 
        {"sofa" : 12,  "begin" : 3223,  "end" : 3232 }, 
        {"sofa" : 12,  "begin" : 3233,  "end" : 3241 }, 
        {"sofa" : 12,  "begin" : 3242,  "end" : 3245 }, 
        {"sofa" : 12,  "begin" : 3246,  "end" : 3255 }, 
        {"sofa" : 12,  "begin" : 3256,  "end" : 3267 }, 
        {"sofa" : 12,  "begin" : 3268,  "end" : 3276 }, 
        {"sofa" : 12,  "begin" : 3276,  "end" : 3277 }, 
        {"sofa" : 12,  "begin" : 3278,  "end" : 3289 }, 
        {"sofa" : 12,  "begin" : 3289,  "end" : 3290 }, 
        {"sofa" : 12,  "begin" : 3291,  "end" : 3295 }, 
        {"sofa" : 12,  "begin" : 3296,  "end" : 3304 }, 
        {"sofa" : 12,  "begin" : 3305,  "end" : 3309 }, 
        {"sofa" : 12,  "begin" : 3310,  "end" : 3316 }, 
        {"sofa" : 12,  "begin" : 3317,  "end" : 3322 }, 
        {"sofa" : 12,  "begin" : 3323,  "end" : 3328 }, 
        {"sofa" : 12,  "begin" : 3329,  "end" : 3341 }, 
        {"sofa" : 12,  "begin" : 3342,  "end" : 3344 }, 
        {"sofa" : 12,  "begin" : 3345,  "end" : 3349 }, 
        {"sofa" : 12,  "begin" : 3350,  "end" : 3352 }, 
        {"sofa" : 12,  "begin" : 3353,  "end" : 3357 }, 
        {"sofa" : 12,  "begin" : 3358,  "end" : 3361 }, 
        {"sofa" : 12,  "begin" : 3362,  "end" : 3366 }, 
        {"sofa" : 12,  "begin" : 3367,  "end" : 3370 }, 
        {"sofa" : 12,  "begin" : 3371,  "end" : 3375 }, 
        {"sofa" : 12,  "begin" : 3376,  "end" : 3384 }, 
        {"sofa" : 12,  "begin" : 3385,  "end" : 3387 }, 
        {"sofa" : 12,  "begin" : 3388,  "end" : 3389 }, 
        {"sofa" : 12,  "begin" : 3390,  "end" : 3397 }, 
        {"sofa" : 12,  "begin" : 3398,  "end" : 3403 }, 
        {"sofa" : 12,  "begin" : 3403,  "end" : 3404 }, 
        {"sofa" : 12,  "begin" : 3405,  "end" : 3415 }, 
        {"sofa" : 12,  "begin" : 3416,  "end" : 3419 }, 
        {"sofa" : 12,  "begin" : 3420,  "end" : 3423 }, 
        {"sofa" : 12,  "begin" : 3424,  "end" : 3426 }, 
        {"sofa" : 12,  "begin" : 3427,  "end" : 3431 }, 
        {"sofa" : 12,  "begin" : 3432,  "end" : 3436 }, 
        {"sofa" : 12,  "begin" : 3437,  "end" : 3439 }, 
        {"sofa" : 12,  "begin" : 3440,  "end" : 3445 }, 
        {"sofa" : 12,  "begin" : 3446,  "end" : 3448 }, 
        {"sofa" : 12,  "begin" : 3449,  "end" : 3451 }, 
        {"sofa" : 12,  "begin" : 3452,  "end" : 3461 }, 
        {"sofa" : 12,  "begin" : 3462,  "end" : 3469 }, 
        {"sofa" : 12,  "begin" : 3470,  "end" : 3479 }, 
        {"sofa" : 12,  "begin" : 3480,  "end" : 3483 }, 
        {"sofa" : 12,  "begin" : 3484,  "end" : 3491 }, 
        {"sofa" : 12,  "begin" : 3492,  "end" : 3497 }, 
        {"sofa" : 12,  "begin" : 3498,  "end" : 3508 }, 
        {"sofa" : 12,  "begin" : 3508,  "end" : 3509 }, 
        {"sofa" : 12,  "begin" : 3511,  "end" : 3513 }, 
        {"sofa" : 12,  "begin" : 3514,  "end" : 3520 }, 
        {"sofa" : 12,  "begin" : 3521,  "end" : 3526 }, 
        {"sofa" : 12,  "begin" : 3526,  "end" : 3527 }, 
        {"sofa" : 12,  "begin" : 3528,  "end" : 3532 }, 
        {"sofa" : 12,  "begin" : 3533,  "end" : 3535 }, 
        {"sofa" : 12,  "begin" : 3536,  "end" : 3539 }, 
        {"sofa" : 12,  "begin" : 3540,  "end" : 3550 }, 
        {"sofa" : 12,  "begin" : 3551,  "end" : 3559 }, 
        {"sofa" : 12,  "begin" : 3560,  "end" : 3562 }, 
        {"sofa" : 12,  "begin" : 3563,  "end" : 3569 }, 
        {"sofa" : 12,  "begin" : 3570,  "end" : 3575 }, 
        {"sofa" : 12,  "begin" : 3576,  "end" : 3579 }, 
        {"sofa" : 12,  "begin" : 3580,  "end" : 3586 }, 
        {"sofa" : 12,  "begin" : 3587,  "end" : 3589 }, 
        {"sofa" : 12,  "begin" : 3590,  "end" : 3595 }, 
        {"sofa" : 12,  "begin" : 3596,  "end" : 3602 }, 
        {"sofa" : 12,  "begin" : 3603,  "end" : 3605 }, 
        {"sofa" : 12,  "begin" : 3606,  "end" : 3609 }, 
        {"sofa" : 12,  "begin" : 3610,  "end" : 3615 }, 
        {"sofa" : 12,  "begin" : 3615,  "end" : 3616 }, 
        {"sofa" : 12,  "begin" : 3617,  "end" : 3624 }, 
        {"sofa" : 12,  "begin" : 3625,  "end" : 3627 }, 
        {"sofa" : 12,  "begin" : 3628,  "end" : 3632 }, 
        {"sofa" : 12,  "begin" : 3633,  "end" : 3636 }, 
        {"sofa" : 12,  "begin" : 3637,  "end" : 3639 }, 
        {"sofa" : 12,  "begin" : 3640,  "end" : 3643 }, 
        {"sofa" : 12,  "begin" : 3644,  "end" : 3648 }, 
        {"sofa" : 12,  "begin" : 3649,  "end" : 3656 }, 
        {"sofa" : 12,  "begin" : 3657,  "end" : 3667 }, 
        {"sofa" : 12,  "begin" : 3668,  "end" : 3671 }, 
        {"sofa" : 12,  "begin" : 3672,  "end" : 3677 }, 
        {"sofa" : 12,  "begin" : 3677,  "end" : 3678 }, 
        {"sofa" : 12,  "begin" : 3679,  "end" : 3682 }, 
        {"sofa" : 12,  "begin" : 3683,  "end" : 3687 }, 
        {"sofa" : 12,  "begin" : 3688,  "end" : 3691 }, 
        {"sofa" : 12,  "begin" : 3692,  "end" : 3695 }, 
        {"sofa" : 12,  "begin" : 3696,  "end" : 3707 }, 
        {"sofa" : 12,  "begin" : 3707,  "end" : 3708 }, 
        {"sofa" : 12,  "begin" : 3709,  "end" : 3716 }, 
        {"sofa" : 12,  "begin" : 3716,  "end" : 3717 }, 
        {"sofa" : 12,  "begin" : 3718,  "end" : 3722 }, 
        {"sofa" : 12,  "begin" : 3723,  "end" : 3729 }, 
        {"sofa" : 12,  "begin" : 3730,  "end" : 3739 }, 
        {"sofa" : 12,  "begin" : 3739,  "end" : 3740 }, 
        {"sofa" : 12,  "begin" : 3741,  "end" : 3750 }, 
        {"sofa" : 12,  "begin" : 3751,  "end" : 3753 }, 
        {"sofa" : 12,  "begin" : 3754,  "end" : 3758 }, 
        {"sofa" : 12,  "begin" : 3758,  "end" : 3759 }, 
        {"sofa" : 12,  "begin" : 3760,  "end" : 3767 }, 
        {"sofa" : 12,  "begin" : 3768,  "end" : 3775 }, 
        {"sofa" : 12,  "begin" : 3775,  "end" : 3776 }, 
        {"sofa" : 12,  "begin" : 3777,  "end" : 3785 }, 
        {"sofa" : 12,  "begin" : 3786,  "end" : 3788 }, 
        {"sofa" : 12,  "begin" : 3789,  "end" : 3794 }, 
        {"sofa" : 12,  "begin" : 3795,  "end" : 3798 }, 
        {"sofa" : 12,  "begin" : 3799,  "end" : 3805 }, 
        {"sofa" : 12,  "begin" : 3805,  "end" : 3806 }, 
        {"sofa" : 12,  "begin" : 3807,  "end" : 3809 }, 
        {"sofa" : 12,  "begin" : 3809,  "end" : 3810 }, 
        {"sofa" : 12,  "begin" : 3811,  "end" : 3813 }, 
        {"sofa" : 12,  "begin" : 3814,  "end" : 3817 }, 
        {"sofa" : 12,  "begin" : 3818,  "end" : 3821 }, 
        {"sofa" : 12,  "begin" : 3822,  "end" : 3827 }, 
        {"sofa" : 12,  "begin" : 3828,  "end" : 3830 }, 
        {"sofa" : 12,  "begin" : 3831,  "end" : 3836 }, 
        {"sofa" : 12,  "begin" : 3837,  "end" : 3841 }, 
        {"sofa" : 12,  "begin" : 3842,  "end" : 3847 }, 
        {"sofa" : 12,  "begin" : 3848,  "end" : 3850 }, 
        {"sofa" : 12,  "begin" : 3851,  "end" : 3856 }, 
        {"sofa" : 12,  "begin" : 3857,  "end" : 3859 }, 
        {"sofa" : 12,  "begin" : 3860,  "end" : 3864 }, 
        {"sofa" : 12,  "begin" : 3865,  "end" : 3868 }, 
        {"sofa" : 12,  "begin" : 3869,  "end" : 3877 }, 
        {"sofa" : 12,  "begin" : 3877,  "end" : 3878 }, 
        {"sofa" : 12,  "begin" : 3879,  "end" : 3883 }, 
        {"sofa" : 12,  "begin" : 3884,  "end" : 3888 }, 
        {"sofa" : 12,  "begin" : 3889,  "end" : 3892 }, 
        {"sofa" : 12,  "begin" : 3893,  "end" : 3896 }, 
        {"sofa" : 12,  "begin" : 3897,  "end" : 3903 }, 
        {"sofa" : 12,  "begin" : 3904,  "end" : 3907 }, 
        {"sofa" : 12,  "begin" : 3908,  "end" : 3912 }, 
        {"sofa" : 12,  "begin" : 3913,  "end" : 3918 }, 
        {"sofa" : 12,  "begin" : 3918,  "end" : 3919 } ], 
      "Persuasive_Labels" : [
        {"sofa" : 12,  "begin" : 465,  "end" : 487,  "EstablishingLegitimacy" : "Establishing Legitimacy" }, 
        {"sofa" : 12,  "begin" : 465,  "end" : 487,  "EstablishingLegitimacy" : "surface credibility markers - simply claiming authority or credibility" }, 
        {"sofa" : 12,  "begin" : 539,  "end" : 579,  "RhetoricalTricks" : "exaggeration/absolute language" }, 
        {"sofa" : 12,  "begin" : 539,  "end" : 579,  "RhetoricalTricks" : "rhetorical tricks" }, 
        {"sofa" : 12,  "begin" : 626,  "end" : 665,  "EstablishingLegitimacy" : "surface credibility markers - medical or scientific jargon" }, 
        {"sofa" : 12,  "begin" : 626,  "end" : 665,  "EstablishingLegitimacy" : "Establishing Legitimacy" }, 
        {"sofa" : 12,  "begin" : 829,  "end" : 899,  "RhetoricalTricks" : "rhetorical tricks" }, 
        {"sofa" : 12,  "begin" : 829,  "end" : 899,  "RhetoricalTricks" : "exaggeration/absolute language" }, 
        {"sofa" : 12,  "begin" : 900,  "end" : 1102,  "RhetoricalTricks" : "exaggeration/absolute language" }, 
        {"sofa" : 12,  "begin" : 900,  "end" : 1102,  "RhetoricalTricks" : "rhetorical tricks" }, 
        {"sofa" : 12,  "begin" : 1135,  "end" : 1227,  "EstablishingLegitimacy" : "Establishing Legitimacy" }, 
        {"sofa" : 12,  "begin" : 1135,  "end" : 1227,  "EstablishingLegitimacy" : "citing source to establish legitimacy_source not verified" }, 
        {"sofa" : 12,  "begin" : 1379,  "end" : 1474,  "EstablishingLegitimacy" : "Establishing Legitimacy" }, 
        {"sofa" : 12,  "begin" : 1379,  "end" : 1474,  "EstablishingLegitimacy" : "citing source to establish legitimacy_source verified to be credible" }, 
        {"sofa" : 12,  "begin" : 1475,  "end" : 1560,  "InappropriateUseofScientificEvidence" : "Inappropriate Use of Scientific and Other Evidence - out of context_verified" }, 
        {"sofa" : 12,  "begin" : 1475,  "end" : 1560,  "InappropriateUseofScientificEvidence" : "inappropriate use of scientific and Other evidence" }, 
        {"sofa" : 12,  "begin" : 1705,  "end" : 1891,  "InappropriateUseofScientificEvidence" : "Inappropriate Use of Scientific and Other Evidence - out of context_verified" }, 
        {"sofa" : 12,  "begin" : 1705,  "end" : 1891,  "InappropriateUseofScientificEvidence" : "inappropriate use of scientific and Other evidence" }, 
        {"sofa" : 12,  "begin" : 2080,  "end" : 2283,  "InappropriateUseofScientificEvidence" : "Inappropriate Use of Scientific and Other Evidence - out of context_verified" }, 
        {"sofa" : 12,  "begin" : 2080,  "end" : 2283,  "InappropriateUseofScientificEvidence" : "inappropriate use of scientific and Other evidence" }, 
        {"sofa" : 12,  "begin" : 2550,  "end" : 2616,  "EstablishingLegitimacy" : "Establishing Legitimacy" }, 
        {"sofa" : 12,  "begin" : 2550,  "end" : 2616,  "EstablishingLegitimacy" : "surface credibility markers - simply claiming authority or credibility" }, 
        {"sofa" : 12,  "begin" : 3528,  "end" : 3616,  "RhetoricalTricks" : "rhetorical tricks" }, 
        {"sofa" : 12,  "begin" : 3580,  "end" : 3615,  "RhetoricalTricks" : "exaggeration/absolute language" } ] } }, 
  "_referenced_fss" : {
    "12" : {"_type" : "Sofa",  "sofaNum" : 1,  "sofaID" : "_InitialView",  "mimeType" : "text",  "sofaString" : "﻿snes-01547 Manuka honey, as a topical treatment, is better than all known antibiotics. \r\nSource: https://archive.ph/VghtP#selection-1379.0-1565.252 \r\nFact checking: https://www.snopes.com/fact-check/is-manuka-honey-better-than-all-known-antibiotics/ \r\nActual content:\r\nStudy: Manuka honey kills more bacteria than all available antibiotics\r\nNot all honey is created equal. While the benefits of raw, unprocessed honey have been well-documented over the centuries, Australian researchers have found one type of honey, called Manuka honey, to be better than all known antibiotics.\r\nManuka honey is produced by bees that forage on the nectar of Leptospermum Scoparium, or New Zealand's Manuka bush, as well as tea trees, native to Australia and New Zealand only.\r\nThis remarkable type of honey not only effectively kills bacteria, but none of the bugs killed by it have been able to build up immunity. In a world where many of the last resort antibiotics are failing against antibiotic-resistant superbugs, Manuka honey may hold the key to fighting resistance issues, saving thousands of lives worldwide.\r\nManuka honey fights superbugs\r\nDr. Dee Carter from the University of Sydney's School of Molecular and Microbial Biosciences noted that antibiotics not only have short shelf lives, but the bacteria they attack quickly become resistant as well, making them useless over time.\r\nThe report, published in the European Journal of Clinical Microbiology and Infectious Diseases, claimed that Manuka honey killed almost every bacteria and pathogen it was tested on. Unlike all antibiotics available on today's market, none of the bugs tested were able to survive the honey treatment.\r\nAccording to Dr. Carter, there are particular compounds, like methylglyoxal, in the Manuka honey that cause multi-system failure in the bacteria, killing them before they are able to adapt and build up immunity.\r\nWhat Manuka honey can do for you\r\nManuka's biological properties range from antioxidant, anti-inflammatory, antibacterial, antiviral, antibiotic and wound healing, to immune-stimulatory. However, what separates Manuka honey from the rest is that its antibacterial powers challenge even the toughest superbugs, such as the life-threatening methicillin-resistant Staphylococcus aureus (MRSA).\r\nManuka honey is marketed for cancer treatment and prevention, high cholesterol, chronic inflammation, diabetes, the treatment of gastrointestinal problems, and eye, ear and sinus infections. However, it might be most useful in treating skin wounds and leg ulcers.\r\nAccording to one study, published in the scientific journal Peer J, chronic wounds are becoming a major global health problem, due to antibiotic resistance issues. They are costly and difficult to treat, and bacterial biofilms are important contributors to the delay in healing. There is an urgent need for new, effective agents in topical wound care, and honey has shown some great potential in this regard.\r\nFor their study, researchers reviewed Manuka honey in particular as an alternative treatment for wounds because of its broad-spectrum antibacterial activity and the inability of bacteria to develop resistance to it. Their study indicated that honey might prevent bacterial biofilms and eliminate established biofilms. Furthermore, they reported that Manuka honey could successfully be used to kill all MSSA and MRSA biofilms in a chronic wound, supporting the use of this type of honey as an effective topical treatment for chronic wound infections.\r\nIn recent years, word of the biological benefits of Manuka honey has spread to every corner of the world, turning it into one of the most popular superfoods out there. Its fame and the over-demand, however, have caused shortages, resulting in fake, usually cheaper, products to enter the market. So, if you are going to spend your money on honey to reap its benefits, make sure you are buying the real thing.\r\n\r\n" } } }