{"_context" : {
    "_types" : {
      "DocumentMetaData" : {
        "_feature_types" : {"sofa" : "_ref" } }, 
      "Persuasive_Labels" : {
        "_feature_types" : {"sofa" : "_ref" } }, 
      "Sentence" : {
        "_feature_types" : {"sofa" : "_ref" } }, 
      "Sofa" : {
        "_feature_types" : {"sofaArray" : "_ref" } }, 
      "TagsetDescription" : {
        "_feature_types" : {"sofa" : "_ref",  "tags" : "_ref" } }, 
      "Token" : {
        "_feature_types" : {"sofa" : "_ref",  "parent" : "_ref",  "lemma" : "_ref",  "stem" : "_ref",  "pos" : "_ref",  "morph" : "_ref",  "form" : "_ref" } }, 
      "DocumentAnnotation" : {
        "_feature_types" : {"sofa" : "_ref" }, 
        "_subtypes" : ["DocumentMetaData" ] }, 
      "Annotation" : {
        "_feature_types" : {"sofa" : "_ref" }, 
        "_subtypes" : ["DocumentAnnotation",  "Persuasive_Labels",  "Sentence",  "TagsetDescription",  "Token" ] }, 
      "AnnotationBase" : {
        "_feature_types" : {"sofa" : "_ref" }, 
        "_subtypes" : ["Annotation" ] }, 
      "TOP" : {
        "_subtypes" : ["AnnotationBase",  "Sofa" ] } } }, 
  "_views" : {
    "_InitialView" : {
      "DocumentMetaData" : [
        {"sofa" : 12,  "end" : 4475,  "language" : "x-unspecified",  "documentTitle" : "67.%20snes-00957%20Pepsi%20admitted%20that%20their%20soda%20contains%20cancer-causing%20ingredients.txt",  "documentId" : "admin",  "documentUri" : "file:/C:/Users/huiyi/.webanno/repository/project/4/document/238/source/admin",  "collectionId" : "file:/C:/Users/huiyi/.webanno/repository/project/4/document/238/source/",  "documentBaseUri" : "file:/C:/Users/huiyi/.webanno/repository/project/4/document/238/source/",  "isLastSegment" : false } ], 
      "TagsetDescription" : [
        {"sofa" : 12,  "layer" : "de.tudarmstadt.ukp.dkpro.core.api.syntax.type.dependency.Dependency",  "name" : "UD Universal Dependencies (v2)",  "input" : false }, 
        {"sofa" : 12,  "layer" : "de.tudarmstadt.ukp.dkpro.core.api.ner.type.NamedEntity",  "name" : "Named Entity tags",  "input" : false }, 
        {"sofa" : 12,  "layer" : "de.tudarmstadt.ukp.dkpro.core.api.transform.type.SofaChangeAnnotation",  "name" : "Operation",  "input" : false }, 
        {"sofa" : 12,  "layer" : "de.tudarmstadt.ukp.dkpro.core.api.lexmorph.type.pos.POS",  "name" : "UD Universal POS tags (v2)",  "input" : false }, 
        {"sofa" : 12,  "layer" : "webanno.custom.Persuasive_Labels",  "name" : "2. Using Anecdotes and Personal Experience as Evidence",  "input" : false } ], 
      "Sentence" : [
        {"sofa" : 12,  "end" : 79 }, 
        {"sofa" : 12,  "begin" : 82,  "end" : 334 }, 
        {"sofa" : 12,  "begin" : 336,  "end" : 812 }, 
        {"sofa" : 12,  "begin" : 816,  "end" : 1051 }, 
        {"sofa" : 12,  "begin" : 1055,  "end" : 1180 }, 
        {"sofa" : 12,  "begin" : 1181,  "end" : 1375 }, 
        {"sofa" : 12,  "begin" : 1376,  "end" : 1445 }, 
        {"sofa" : 12,  "begin" : 1449,  "end" : 1578 }, 
        {"sofa" : 12,  "begin" : 1579,  "end" : 1682 }, 
        {"sofa" : 12,  "begin" : 1688,  "end" : 1920 }, 
        {"sofa" : 12,  "begin" : 1924,  "end" : 2168 }, 
        {"sofa" : 12,  "begin" : 2172,  "end" : 2408 }, 
        {"sofa" : 12,  "begin" : 2412,  "end" : 2567 }, 
        {"sofa" : 12,  "begin" : 2571,  "end" : 2720 }, 
        {"sofa" : 12,  "begin" : 2721,  "end" : 2967 }, 
        {"sofa" : 12,  "begin" : 2968,  "end" : 3004 }, 
        {"sofa" : 12,  "begin" : 3008,  "end" : 3117 }, 
        {"sofa" : 12,  "begin" : 3118,  "end" : 3169 }, 
        {"sofa" : 12,  "begin" : 3170,  "end" : 3267 }, 
        {"sofa" : 12,  "begin" : 3268,  "end" : 3288 }, 
        {"sofa" : 12,  "begin" : 3294,  "end" : 3351 }, 
        {"sofa" : 12,  "begin" : 3353,  "end" : 3568 }, 
        {"sofa" : 12,  "begin" : 3569,  "end" : 3719 }, 
        {"sofa" : 12,  "begin" : 3723,  "end" : 3826 }, 
        {"sofa" : 12,  "begin" : 3827,  "end" : 3900 }, 
        {"sofa" : 12,  "begin" : 3901,  "end" : 4100 }, 
        {"sofa" : 12,  "begin" : 4101,  "end" : 4194 }, 
        {"sofa" : 12,  "begin" : 4195,  "end" : 4331 }, 
        {"sofa" : 12,  "begin" : 4335,  "end" : 4473 } ], 
      "Token" : [
        {"sofa" : 12,  "end" : 5 }, 
        {"sofa" : 12,  "begin" : 5,  "end" : 6 }, 
        {"sofa" : 12,  "begin" : 6,  "end" : 11 }, 
        {"sofa" : 12,  "begin" : 12,  "end" : 17 }, 
        {"sofa" : 12,  "begin" : 18,  "end" : 26 }, 
        {"sofa" : 12,  "begin" : 27,  "end" : 31 }, 
        {"sofa" : 12,  "begin" : 32,  "end" : 37 }, 
        {"sofa" : 12,  "begin" : 38,  "end" : 42 }, 
        {"sofa" : 12,  "begin" : 43,  "end" : 51 }, 
        {"sofa" : 12,  "begin" : 52,  "end" : 66 }, 
        {"sofa" : 12,  "begin" : 67,  "end" : 78 }, 
        {"sofa" : 12,  "begin" : 78,  "end" : 79 }, 
        {"sofa" : 12,  "begin" : 82,  "end" : 88 }, 
        {"sofa" : 12,  "begin" : 88,  "end" : 89 }, 
        {"sofa" : 12,  "begin" : 90,  "end" : 95 }, 
        {"sofa" : 12,  "begin" : 95,  "end" : 96 }, 
        {"sofa" : 12,  "begin" : 96,  "end" : 97 }, 
        {"sofa" : 12,  "begin" : 97,  "end" : 98 }, 
        {"sofa" : 12,  "begin" : 98,  "end" : 108 }, 
        {"sofa" : 12,  "begin" : 108,  "end" : 109 }, 
        {"sofa" : 12,  "begin" : 109,  "end" : 114 }, 
        {"sofa" : 12,  "begin" : 117,  "end" : 121 }, 
        {"sofa" : 12,  "begin" : 122,  "end" : 130 }, 
        {"sofa" : 12,  "begin" : 130,  "end" : 131 }, 
        {"sofa" : 12,  "begin" : 132,  "end" : 137 }, 
        {"sofa" : 12,  "begin" : 137,  "end" : 138 }, 
        {"sofa" : 12,  "begin" : 138,  "end" : 139 }, 
        {"sofa" : 12,  "begin" : 139,  "end" : 140 }, 
        {"sofa" : 12,  "begin" : 140,  "end" : 154 }, 
        {"sofa" : 12,  "begin" : 154,  "end" : 155 }, 
        {"sofa" : 12,  "begin" : 155,  "end" : 165 }, 
        {"sofa" : 12,  "begin" : 165,  "end" : 166 }, 
        {"sofa" : 12,  "begin" : 166,  "end" : 194 }, 
        {"sofa" : 12,  "begin" : 194,  "end" : 195 }, 
        {"sofa" : 12,  "begin" : 198,  "end" : 204 }, 
        {"sofa" : 12,  "begin" : 205,  "end" : 212 }, 
        {"sofa" : 12,  "begin" : 212,  "end" : 213 }, 
        {"sofa" : 12,  "begin" : 215,  "end" : 221 }, 
        {"sofa" : 12,  "begin" : 222,  "end" : 224 }, 
        {"sofa" : 12,  "begin" : 225,  "end" : 229 }, 
        {"sofa" : 12,  "begin" : 231,  "end" : 236 }, 
        {"sofa" : 12,  "begin" : 237,  "end" : 243 }, 
        {"sofa" : 12,  "begin" : 244,  "end" : 247 }, 
        {"sofa" : 12,  "begin" : 248,  "end" : 252 }, 
        {"sofa" : 12,  "begin" : 253,  "end" : 261 }, 
        {"sofa" : 12,  "begin" : 262,  "end" : 276 }, 
        {"sofa" : 12,  "begin" : 277,  "end" : 288 }, 
        {"sofa" : 12,  "begin" : 290,  "end" : 298 }, 
        {"sofa" : 12,  "begin" : 298,  "end" : 299 }, 
        {"sofa" : 12,  "begin" : 300,  "end" : 309 }, 
        {"sofa" : 12,  "begin" : 310,  "end" : 312 }, 
        {"sofa" : 12,  "begin" : 312,  "end" : 313 }, 
        {"sofa" : 12,  "begin" : 314,  "end" : 318 }, 
        {"sofa" : 12,  "begin" : 319,  "end" : 321 }, 
        {"sofa" : 12,  "begin" : 321,  "end" : 322 }, 
        {"sofa" : 12,  "begin" : 323,  "end" : 331 }, 
        {"sofa" : 12,  "begin" : 332,  "end" : 333 }, 
        {"sofa" : 12,  "begin" : 333,  "end" : 334 }, 
        {"sofa" : 12,  "begin" : 336,  "end" : 340 }, 
        {"sofa" : 12,  "begin" : 340,  "end" : 341 }, 
        {"sofa" : 12,  "begin" : 342,  "end" : 347 }, 
        {"sofa" : 12,  "begin" : 347,  "end" : 348 }, 
        {"sofa" : 12,  "begin" : 349,  "end" : 360 }, 
        {"sofa" : 12,  "begin" : 360,  "end" : 361 }, 
        {"sofa" : 12,  "begin" : 362,  "end" : 363 }, 
        {"sofa" : 12,  "begin" : 363,  "end" : 364 }, 
        {"sofa" : 12,  "begin" : 364,  "end" : 367 }, 
        {"sofa" : 12,  "begin" : 369,  "end" : 370 }, 
        {"sofa" : 12,  "begin" : 370,  "end" : 381 }, 
        {"sofa" : 12,  "begin" : 381,  "end" : 382 }, 
        {"sofa" : 12,  "begin" : 383,  "end" : 387 }, 
        {"sofa" : 12,  "begin" : 388,  "end" : 391 }, 
        {"sofa" : 12,  "begin" : 392,  "end" : 398 }, 
        {"sofa" : 12,  "begin" : 399,  "end" : 402 }, 
        {"sofa" : 12,  "begin" : 403,  "end" : 416 }, 
        {"sofa" : 12,  "begin" : 417,  "end" : 423 }, 
        {"sofa" : 12,  "begin" : 424,  "end" : 432 }, 
        {"sofa" : 12,  "begin" : 433,  "end" : 437 }, 
        {"sofa" : 12,  "begin" : 438,  "end" : 445 }, 
        {"sofa" : 12,  "begin" : 446,  "end" : 453 }, 
        {"sofa" : 12,  "begin" : 454,  "end" : 458 }, 
        {"sofa" : 12,  "begin" : 459,  "end" : 464 }, 
        {"sofa" : 12,  "begin" : 465,  "end" : 478 }, 
        {"sofa" : 12,  "begin" : 479,  "end" : 486 }, 
        {"sofa" : 12,  "begin" : 487,  "end" : 489 }, 
        {"sofa" : 12,  "begin" : 490,  "end" : 493 }, 
        {"sofa" : 12,  "begin" : 494,  "end" : 502 }, 
        {"sofa" : 12,  "begin" : 503,  "end" : 505 }, 
        {"sofa" : 12,  "begin" : 506,  "end" : 510 }, 
        {"sofa" : 12,  "begin" : 511,  "end" : 517 }, 
        {"sofa" : 12,  "begin" : 518,  "end" : 520 }, 
        {"sofa" : 12,  "begin" : 521,  "end" : 522 }, 
        {"sofa" : 12,  "begin" : 522,  "end" : 523 }, 
        {"sofa" : 12,  "begin" : 523,  "end" : 526 }, 
        {"sofa" : 12,  "begin" : 527,  "end" : 529 }, 
        {"sofa" : 12,  "begin" : 530,  "end" : 533 }, 
        {"sofa" : 12,  "begin" : 534,  "end" : 541 }, 
        {"sofa" : 12,  "begin" : 542,  "end" : 546 }, 
        {"sofa" : 12,  "begin" : 547,  "end" : 553 }, 
        {"sofa" : 12,  "begin" : 554,  "end" : 556 }, 
        {"sofa" : 12,  "begin" : 557,  "end" : 561 }, 
        {"sofa" : 12,  "begin" : 561,  "end" : 562 }, 
        {"sofa" : 12,  "begin" : 563,  "end" : 566 }, 
        {"sofa" : 12,  "begin" : 567,  "end" : 574 }, 
        {"sofa" : 12,  "begin" : 575,  "end" : 581 }, 
        {"sofa" : 12,  "begin" : 582,  "end" : 586 }, 
        {"sofa" : 12,  "begin" : 587,  "end" : 590 }, 
        {"sofa" : 12,  "begin" : 591,  "end" : 599 }, 
        {"sofa" : 12,  "begin" : 600,  "end" : 602 }, 
        {"sofa" : 12,  "begin" : 603,  "end" : 607 }, 
        {"sofa" : 12,  "begin" : 608,  "end" : 616 }, 
        {"sofa" : 12,  "begin" : 617,  "end" : 619 }, 
        {"sofa" : 12,  "begin" : 620,  "end" : 623 }, 
        {"sofa" : 12,  "begin" : 624,  "end" : 633 }, 
        {"sofa" : 12,  "begin" : 634,  "end" : 637 }, 
        {"sofa" : 12,  "begin" : 638,  "end" : 641 }, 
        {"sofa" : 12,  "begin" : 642,  "end" : 646 }, 
        {"sofa" : 12,  "begin" : 647,  "end" : 651 }, 
        {"sofa" : 12,  "begin" : 652,  "end" : 654 }, 
        {"sofa" : 12,  "begin" : 655,  "end" : 658 }, 
        {"sofa" : 12,  "begin" : 659,  "end" : 668 }, 
        {"sofa" : 12,  "begin" : 668,  "end" : 669 }, 
        {"sofa" : 12,  "begin" : 670,  "end" : 671 }, 
        {"sofa" : 12,  "begin" : 671,  "end" : 672 }, 
        {"sofa" : 12,  "begin" : 672,  "end" : 675 }, 
        {"sofa" : 12,  "begin" : 675,  "end" : 676 }, 
        {"sofa" : 12,  "begin" : 677,  "end" : 682 }, 
        {"sofa" : 12,  "begin" : 683,  "end" : 685 }, 
        {"sofa" : 12,  "begin" : 686,  "end" : 691 }, 
        {"sofa" : 12,  "begin" : 692,  "end" : 695 }, 
        {"sofa" : 12,  "begin" : 696,  "end" : 697 }, 
        {"sofa" : 12,  "begin" : 697,  "end" : 698 }, 
        {"sofa" : 12,  "begin" : 698,  "end" : 713 }, 
        {"sofa" : 12,  "begin" : 713,  "end" : 714 }, 
        {"sofa" : 12,  "begin" : 715,  "end" : 717 }, 
        {"sofa" : 12,  "begin" : 718,  "end" : 719 }, 
        {"sofa" : 12,  "begin" : 720,  "end" : 728 }, 
        {"sofa" : 12,  "begin" : 729,  "end" : 733 }, 
        {"sofa" : 12,  "begin" : 734,  "end" : 736 }, 
        {"sofa" : 12,  "begin" : 737,  "end" : 743 }, 
        {"sofa" : 12,  "begin" : 744,  "end" : 746 }, 
        {"sofa" : 12,  "begin" : 747,  "end" : 750 }, 
        {"sofa" : 12,  "begin" : 751,  "end" : 764 }, 
        {"sofa" : 12,  "begin" : 765,  "end" : 767 }, 
        {"sofa" : 12,  "begin" : 768,  "end" : 775 }, 
        {"sofa" : 12,  "begin" : 776,  "end" : 784 }, 
        {"sofa" : 12,  "begin" : 784,  "end" : 785 }, 
        {"sofa" : 12,  "begin" : 786,  "end" : 789 }, 
        {"sofa" : 12,  "begin" : 790,  "end" : 792 }, 
        {"sofa" : 12,  "begin" : 793,  "end" : 794 }, 
        {"sofa" : 12,  "begin" : 795,  "end" : 800 }, 
        {"sofa" : 12,  "begin" : 801,  "end" : 811 }, 
        {"sofa" : 12,  "begin" : 811,  "end" : 812 }, 
        {"sofa" : 12,  "begin" : 816,  "end" : 821 }, 
        {"sofa" : 12,  "begin" : 822,  "end" : 826 }, 
        {"sofa" : 12,  "begin" : 826,  "end" : 827 }, 
        {"sofa" : 12,  "begin" : 828,  "end" : 831 }, 
        {"sofa" : 12,  "begin" : 832,  "end" : 838 }, 
        {"sofa" : 12,  "begin" : 839,  "end" : 844 }, 
        {"sofa" : 12,  "begin" : 845,  "end" : 848 }, 
        {"sofa" : 12,  "begin" : 849,  "end" : 855 }, 
        {"sofa" : 12,  "begin" : 856,  "end" : 863 }, 
        {"sofa" : 12,  "begin" : 864,  "end" : 873 }, 
        {"sofa" : 12,  "begin" : 874,  "end" : 878 }, 
        {"sofa" : 12,  "begin" : 879,  "end" : 889 }, 
        {"sofa" : 12,  "begin" : 890,  "end" : 895 }, 
        {"sofa" : 12,  "begin" : 896,  "end" : 908 }, 
        {"sofa" : 12,  "begin" : 909,  "end" : 911 }, 
        {"sofa" : 12,  "begin" : 912,  "end" : 917 }, 
        {"sofa" : 12,  "begin" : 918,  "end" : 919 }, 
        {"sofa" : 12,  "begin" : 920,  "end" : 926 }, 
        {"sofa" : 12,  "begin" : 927,  "end" : 934 }, 
        {"sofa" : 12,  "begin" : 935,  "end" : 940 }, 
        {"sofa" : 12,  "begin" : 941,  "end" : 943 }, 
        {"sofa" : 12,  "begin" : 944,  "end" : 947 }, 
        {"sofa" : 12,  "begin" : 948,  "end" : 957 }, 
        {"sofa" : 12,  "begin" : 958,  "end" : 962 }, 
        {"sofa" : 12,  "begin" : 963,  "end" : 970 }, 
        {"sofa" : 12,  "begin" : 971,  "end" : 974 }, 
        {"sofa" : 12,  "begin" : 975,  "end" : 985 }, 
        {"sofa" : 12,  "begin" : 985,  "end" : 986 }, 
        {"sofa" : 12,  "begin" : 987,  "end" : 992 }, 
        {"sofa" : 12,  "begin" : 993,  "end" : 1000 }, 
        {"sofa" : 12,  "begin" : 1001,  "end" : 1004 }, 
        {"sofa" : 12,  "begin" : 1005,  "end" : 1009 }, 
        {"sofa" : 12,  "begin" : 1010,  "end" : 1015 }, 
        {"sofa" : 12,  "begin" : 1015,  "end" : 1016 }, 
        {"sofa" : 12,  "begin" : 1017,  "end" : 1020 }, 
        {"sofa" : 12,  "begin" : 1021,  "end" : 1025 }, 
        {"sofa" : 12,  "begin" : 1026,  "end" : 1030 }, 
        {"sofa" : 12,  "begin" : 1031,  "end" : 1036 }, 
        {"sofa" : 12,  "begin" : 1037,  "end" : 1040 }, 
        {"sofa" : 12,  "begin" : 1041,  "end" : 1046 }, 
        {"sofa" : 12,  "begin" : 1047,  "end" : 1050 }, 
        {"sofa" : 12,  "begin" : 1050,  "end" : 1051 }, 
        {"sofa" : 12,  "begin" : 1055,  "end" : 1058 }, 
        {"sofa" : 12,  "begin" : 1058,  "end" : 1059 }, 
        {"sofa" : 12,  "begin" : 1060,  "end" : 1061 }, 
        {"sofa" : 12,  "begin" : 1062,  "end" : 1072 }, 
        {"sofa" : 12,  "begin" : 1073,  "end" : 1075 }, 
        {"sofa" : 12,  "begin" : 1076,  "end" : 1077 }, 
        {"sofa" : 12,  "begin" : 1078,  "end" : 1083 }, 
        {"sofa" : 12,  "begin" : 1084,  "end" : 1090 }, 
        {"sofa" : 12,  "begin" : 1091,  "end" : 1098 }, 
        {"sofa" : 12,  "begin" : 1099,  "end" : 1106 }, 
        {"sofa" : 12,  "begin" : 1107,  "end" : 1112 }, 
        {"sofa" : 12,  "begin" : 1113,  "end" : 1116 }, 
        {"sofa" : 12,  "begin" : 1117,  "end" : 1123 }, 
        {"sofa" : 12,  "begin" : 1124,  "end" : 1135 }, 
        {"sofa" : 12,  "begin" : 1136,  "end" : 1144 }, 
        {"sofa" : 12,  "begin" : 1145,  "end" : 1149 }, 
        {"sofa" : 12,  "begin" : 1150,  "end" : 1151 }, 
        {"sofa" : 12,  "begin" : 1152,  "end" : 1159 }, 
        {"sofa" : 12,  "begin" : 1160,  "end" : 1165 }, 
        {"sofa" : 12,  "begin" : 1166,  "end" : 1168 }, 
        {"sofa" : 12,  "begin" : 1169,  "end" : 1179 }, 
        {"sofa" : 12,  "begin" : 1179,  "end" : 1180 }, 
        {"sofa" : 12,  "begin" : 1181,  "end" : 1183 }, 
        {"sofa" : 12,  "begin" : 1184,  "end" : 1188 }, 
        {"sofa" : 12,  "begin" : 1189,  "end" : 1191 }, 
        {"sofa" : 12,  "begin" : 1192,  "end" : 1195 }, 
        {"sofa" : 12,  "begin" : 1196,  "end" : 1204 }, 
        {"sofa" : 12,  "begin" : 1205,  "end" : 1215 }, 
        {"sofa" : 12,  "begin" : 1215,  "end" : 1216 }, 
        {"sofa" : 12,  "begin" : 1217,  "end" : 1222 }, 
        {"sofa" : 12,  "begin" : 1223,  "end" : 1226 }, 
        {"sofa" : 12,  "begin" : 1227,  "end" : 1233 }, 
        {"sofa" : 12,  "begin" : 1234,  "end" : 1236 }, 
        {"sofa" : 12,  "begin" : 1237,  "end" : 1243 }, 
        {"sofa" : 12,  "begin" : 1244,  "end" : 1247 }, 
        {"sofa" : 12,  "begin" : 1248,  "end" : 1255 }, 
        {"sofa" : 12,  "begin" : 1256,  "end" : 1266 }, 
        {"sofa" : 12,  "begin" : 1267,  "end" : 1268 }, 
        {"sofa" : 12,  "begin" : 1268,  "end" : 1269 }, 
        {"sofa" : 12,  "begin" : 1269,  "end" : 1272 }, 
        {"sofa" : 12,  "begin" : 1273,  "end" : 1279 }, 
        {"sofa" : 12,  "begin" : 1280,  "end" : 1282 }, 
        {"sofa" : 12,  "begin" : 1283,  "end" : 1286 }, 
        {"sofa" : 12,  "begin" : 1287,  "end" : 1293 }, 
        {"sofa" : 12,  "begin" : 1294,  "end" : 1297 }, 
        {"sofa" : 12,  "begin" : 1298,  "end" : 1303 }, 
        {"sofa" : 12,  "begin" : 1304,  "end" : 1307 }, 
        {"sofa" : 12,  "begin" : 1308,  "end" : 1315 }, 
        {"sofa" : 12,  "begin" : 1316,  "end" : 1318 }, 
        {"sofa" : 12,  "begin" : 1319,  "end" : 1327 }, 
        {"sofa" : 12,  "begin" : 1328,  "end" : 1332 }, 
        {"sofa" : 12,  "begin" : 1333,  "end" : 1336 }, 
        {"sofa" : 12,  "begin" : 1337,  "end" : 1342 }, 
        {"sofa" : 12,  "begin" : 1343,  "end" : 1350 }, 
        {"sofa" : 12,  "begin" : 1351,  "end" : 1354 }, 
        {"sofa" : 12,  "begin" : 1355,  "end" : 1359 }, 
        {"sofa" : 12,  "begin" : 1360,  "end" : 1366 }, 
        {"sofa" : 12,  "begin" : 1367,  "end" : 1370 }, 
        {"sofa" : 12,  "begin" : 1371,  "end" : 1374 }, 
        {"sofa" : 12,  "begin" : 1374,  "end" : 1375 }, 
        {"sofa" : 12,  "begin" : 1376,  "end" : 1380 }, 
        {"sofa" : 12,  "begin" : 1381,  "end" : 1385 }, 
        {"sofa" : 12,  "begin" : 1386,  "end" : 1390 }, 
        {"sofa" : 12,  "begin" : 1391,  "end" : 1393 }, 
        {"sofa" : 12,  "begin" : 1394,  "end" : 1402 }, 
        {"sofa" : 12,  "begin" : 1403,  "end" : 1405 }, 
        {"sofa" : 12,  "begin" : 1406,  "end" : 1410 }, 
        {"sofa" : 12,  "begin" : 1411,  "end" : 1414 }, 
        {"sofa" : 12,  "begin" : 1415,  "end" : 1419 }, 
        {"sofa" : 12,  "begin" : 1420,  "end" : 1425 }, 
        {"sofa" : 12,  "begin" : 1426,  "end" : 1434 }, 
        {"sofa" : 12,  "begin" : 1435,  "end" : 1444 }, 
        {"sofa" : 12,  "begin" : 1444,  "end" : 1445 }, 
        {"sofa" : 12,  "begin" : 1449,  "end" : 1452 }, 
        {"sofa" : 12,  "begin" : 1453,  "end" : 1457 }, 
        {"sofa" : 12,  "begin" : 1458,  "end" : 1463 }, 
        {"sofa" : 12,  "begin" : 1464,  "end" : 1469 }, 
        {"sofa" : 12,  "begin" : 1470,  "end" : 1474 }, 
        {"sofa" : 12,  "begin" : 1475,  "end" : 1481 }, 
        {"sofa" : 12,  "begin" : 1482,  "end" : 1484 }, 
        {"sofa" : 12,  "begin" : 1485,  "end" : 1490 }, 
        {"sofa" : 12,  "begin" : 1491,  "end" : 1499 }, 
        {"sofa" : 12,  "begin" : 1500,  "end" : 1502 }, 
        {"sofa" : 12,  "begin" : 1503,  "end" : 1504 }, 
        {"sofa" : 12,  "begin" : 1505,  "end" : 1514 }, 
        {"sofa" : 12,  "begin" : 1515,  "end" : 1522 }, 
        {"sofa" : 12,  "begin" : 1523,  "end" : 1527 }, 
        {"sofa" : 12,  "begin" : 1528,  "end" : 1531 }, 
        {"sofa" : 12,  "begin" : 1532,  "end" : 1539 }, 
        {"sofa" : 12,  "begin" : 1540,  "end" : 1542 }, 
        {"sofa" : 12,  "begin" : 1543,  "end" : 1544 }, 
        {"sofa" : 12,  "begin" : 1545,  "end" : 1555 }, 
        {"sofa" : 12,  "begin" : 1556,  "end" : 1561 }, 
        {"sofa" : 12,  "begin" : 1562,  "end" : 1567 }, 
        {"sofa" : 12,  "begin" : 1568,  "end" : 1572 }, 
        {"sofa" : 12,  "begin" : 1573,  "end" : 1577 }, 
        {"sofa" : 12,  "begin" : 1577,  "end" : 1578 }, 
        {"sofa" : 12,  "begin" : 1579,  "end" : 1582 }, 
        {"sofa" : 12,  "begin" : 1583,  "end" : 1586 }, 
        {"sofa" : 12,  "begin" : 1587,  "end" : 1597 }, 
        {"sofa" : 12,  "begin" : 1597,  "end" : 1598 }, 
        {"sofa" : 12,  "begin" : 1599,  "end" : 1606 }, 
        {"sofa" : 12,  "begin" : 1606,  "end" : 1607 }, 
        {"sofa" : 12,  "begin" : 1608,  "end" : 1615 }, 
        {"sofa" : 12,  "begin" : 1616,  "end" : 1619 }, 
        {"sofa" : 12,  "begin" : 1620,  "end" : 1625 }, 
        {"sofa" : 12,  "begin" : 1626,  "end" : 1628 }, 
        {"sofa" : 12,  "begin" : 1629,  "end" : 1634 }, 
        {"sofa" : 12,  "begin" : 1635,  "end" : 1643 }, 
        {"sofa" : 12,  "begin" : 1644,  "end" : 1648 }, 
        {"sofa" : 12,  "begin" : 1649,  "end" : 1659 }, 
        {"sofa" : 12,  "begin" : 1660,  "end" : 1662 }, 
        {"sofa" : 12,  "begin" : 1663,  "end" : 1666 }, 
        {"sofa" : 12,  "begin" : 1667,  "end" : 1673 }, 
        {"sofa" : 12,  "begin" : 1674,  "end" : 1681 }, 
        {"sofa" : 12,  "begin" : 1681,  "end" : 1682 }, 
        {"sofa" : 12,  "begin" : 1688,  "end" : 1693 }, 
        {"sofa" : 12,  "begin" : 1694,  "end" : 1700 }, 
        {"sofa" : 12,  "begin" : 1701,  "end" : 1703 }, 
        {"sofa" : 12,  "begin" : 1704,  "end" : 1708 }, 
        {"sofa" : 12,  "begin" : 1709,  "end" : 1718 }, 
        {"sofa" : 12,  "begin" : 1719,  "end" : 1723 }, 
        {"sofa" : 12,  "begin" : 1724,  "end" : 1727 }, 
        {"sofa" : 12,  "begin" : 1728,  "end" : 1734 }, 
        {"sofa" : 12,  "begin" : 1735,  "end" : 1742 }, 
        {"sofa" : 12,  "begin" : 1743,  "end" : 1748 }, 
        {"sofa" : 12,  "begin" : 1749,  "end" : 1760 }, 
        {"sofa" : 12,  "begin" : 1762,  "end" : 1765 }, 
        {"sofa" : 12,  "begin" : 1766,  "end" : 1773 }, 
        {"sofa" : 12,  "begin" : 1774,  "end" : 1781 }, 
        {"sofa" : 12,  "begin" : 1782,  "end" : 1787 }, 
        {"sofa" : 12,  "begin" : 1788,  "end" : 1790 }, 
        {"sofa" : 12,  "begin" : 1791,  "end" : 1798 }, 
        {"sofa" : 12,  "begin" : 1799,  "end" : 1801 }, 
        {"sofa" : 12,  "begin" : 1802,  "end" : 1806 }, 
        {"sofa" : 12,  "begin" : 1807,  "end" : 1813 }, 
        {"sofa" : 12,  "begin" : 1814,  "end" : 1818 }, 
        {"sofa" : 12,  "begin" : 1819,  "end" : 1822 }, 
        {"sofa" : 12,  "begin" : 1823,  "end" : 1832 }, 
        {"sofa" : 12,  "begin" : 1833,  "end" : 1840 }, 
        {"sofa" : 12,  "begin" : 1841,  "end" : 1842 }, 
        {"sofa" : 12,  "begin" : 1842,  "end" : 1843 }, 
        {"sofa" : 12,  "begin" : 1843,  "end" : 1846 }, 
        {"sofa" : 12,  "begin" : 1846,  "end" : 1847 }, 
        {"sofa" : 12,  "begin" : 1848,  "end" : 1853 }, 
        {"sofa" : 12,  "begin" : 1854,  "end" : 1864 }, 
        {"sofa" : 12,  "begin" : 1865,  "end" : 1868 }, 
        {"sofa" : 12,  "begin" : 1869,  "end" : 1879 }, 
        {"sofa" : 12,  "begin" : 1880,  "end" : 1890 }, 
        {"sofa" : 12,  "begin" : 1891,  "end" : 1893 }, 
        {"sofa" : 12,  "begin" : 1894,  "end" : 1895 }, 
        {"sofa" : 12,  "begin" : 1896,  "end" : 1910 }, 
        {"sofa" : 12,  "begin" : 1911,  "end" : 1919 }, 
        {"sofa" : 12,  "begin" : 1919,  "end" : 1920 }, 
        {"sofa" : 12,  "begin" : 1924,  "end" : 1925 }, 
        {"sofa" : 12,  "begin" : 1926,  "end" : 1930 }, 
        {"sofa" : 12,  "begin" : 1931,  "end" : 1939 }, 
        {"sofa" : 12,  "begin" : 1940,  "end" : 1947 }, 
        {"sofa" : 12,  "begin" : 1948,  "end" : 1952 }, 
        {"sofa" : 12,  "begin" : 1953,  "end" : 1959 }, 
        {"sofa" : 12,  "begin" : 1960,  "end" : 1964 }, 
        {"sofa" : 12,  "begin" : 1965,  "end" : 1968 }, 
        {"sofa" : 12,  "begin" : 1969,  "end" : 1970 }, 
        {"sofa" : 12,  "begin" : 1970,  "end" : 1971 }, 
        {"sofa" : 12,  "begin" : 1971,  "end" : 1974 }, 
        {"sofa" : 12,  "begin" : 1975,  "end" : 1977 }, 
        {"sofa" : 12,  "begin" : 1978,  "end" : 1983 }, 
        {"sofa" : 12,  "begin" : 1984,  "end" : 1992 }, 
        {"sofa" : 12,  "begin" : 1993,  "end" : 1996 }, 
        {"sofa" : 12,  "begin" : 1997,  "end" : 2006 }, 
        {"sofa" : 12,  "begin" : 2007,  "end" : 2012 }, 
        {"sofa" : 12,  "begin" : 2013,  "end" : 2015 }, 
        {"sofa" : 12,  "begin" : 2016,  "end" : 2018 }, 
        {"sofa" : 12,  "begin" : 2019,  "end" : 2029 }, 
        {"sofa" : 12,  "begin" : 2030,  "end" : 2033 }, 
        {"sofa" : 12,  "begin" : 2034,  "end" : 2040 }, 
        {"sofa" : 12,  "begin" : 2041,  "end" : 2043 }, 
        {"sofa" : 12,  "begin" : 2044,  "end" : 2047 }, 
        {"sofa" : 12,  "begin" : 2047,  "end" : 2048 }, 
        {"sofa" : 12,  "begin" : 2049,  "end" : 2054 }, 
        {"sofa" : 12,  "begin" : 2055,  "end" : 2060 }, 
        {"sofa" : 12,  "begin" : 2061,  "end" : 2065 }, 
        {"sofa" : 12,  "begin" : 2066,  "end" : 2070 }, 
        {"sofa" : 12,  "begin" : 2071,  "end" : 2075 }, 
        {"sofa" : 12,  "begin" : 2076,  "end" : 2080 }, 
        {"sofa" : 12,  "begin" : 2081,  "end" : 2083 }, 
        {"sofa" : 12,  "begin" : 2084,  "end" : 2093 }, 
        {"sofa" : 12,  "begin" : 2094,  "end" : 2096 }, 
        {"sofa" : 12,  "begin" : 2097,  "end" : 2103 }, 
        {"sofa" : 12,  "begin" : 2104,  "end" : 2107 }, 
        {"sofa" : 12,  "begin" : 2108,  "end" : 2111 }, 
        {"sofa" : 12,  "begin" : 2112,  "end" : 2120 }, 
        {"sofa" : 12,  "begin" : 2121,  "end" : 2131 }, 
        {"sofa" : 12,  "begin" : 2132,  "end" : 2140 }, 
        {"sofa" : 12,  "begin" : 2141,  "end" : 2143 }, 
        {"sofa" : 12,  "begin" : 2144,  "end" : 2147 }, 
        {"sofa" : 12,  "begin" : 2148,  "end" : 2153 }, 
        {"sofa" : 12,  "begin" : 2154,  "end" : 2156 }, 
        {"sofa" : 12,  "begin" : 2157,  "end" : 2167 }, 
        {"sofa" : 12,  "begin" : 2167,  "end" : 2168 }, 
        {"sofa" : 12,  "begin" : 2172,  "end" : 2174 }, 
        {"sofa" : 12,  "begin" : 2175,  "end" : 2185 }, 
        {"sofa" : 12,  "begin" : 2185,  "end" : 2186 }, 
        {"sofa" : 12,  "begin" : 2187,  "end" : 2191 }, 
        {"sofa" : 12,  "begin" : 2192,  "end" : 2200 }, 
        {"sofa" : 12,  "begin" : 2201,  "end" : 2213 }, 
        {"sofa" : 12,  "begin" : 2214,  "end" : 2225 }, 
        {"sofa" : 12,  "begin" : 2226,  "end" : 2228 }, 
        {"sofa" : 12,  "begin" : 2228,  "end" : 2229 }, 
        {"sofa" : 12,  "begin" : 2230,  "end" : 2235 }, 
        {"sofa" : 12,  "begin" : 2236,  "end" : 2239 }, 
        {"sofa" : 12,  "begin" : 2240,  "end" : 2244 }, 
        {"sofa" : 12,  "begin" : 2245,  "end" : 2247 }, 
        {"sofa" : 12,  "begin" : 2248,  "end" : 2253 }, 
        {"sofa" : 12,  "begin" : 2254,  "end" : 2259 }, 
        {"sofa" : 12,  "begin" : 2260,  "end" : 2264 }, 
        {"sofa" : 12,  "begin" : 2264,  "end" : 2265 }, 
        {"sofa" : 12,  "begin" : 2266,  "end" : 2269 }, 
        {"sofa" : 12,  "begin" : 2270,  "end" : 2278 }, 
        {"sofa" : 12,  "begin" : 2279,  "end" : 2292 }, 
        {"sofa" : 12,  "begin" : 2293,  "end" : 2295 }, 
        {"sofa" : 12,  "begin" : 2296,  "end" : 2303 }, 
        {"sofa" : 12,  "begin" : 2304,  "end" : 2313 }, 
        {"sofa" : 12,  "begin" : 2314,  "end" : 2318 }, 
        {"sofa" : 12,  "begin" : 2319,  "end" : 2324 }, 
        {"sofa" : 12,  "begin" : 2325,  "end" : 2333 }, 
        {"sofa" : 12,  "begin" : 2334,  "end" : 2338 }, 
        {"sofa" : 12,  "begin" : 2339,  "end" : 2344 }, 
        {"sofa" : 12,  "begin" : 2345,  "end" : 2353 }, 
        {"sofa" : 12,  "begin" : 2354,  "end" : 2358 }, 
        {"sofa" : 12,  "begin" : 2359,  "end" : 2365 }, 
        {"sofa" : 12,  "begin" : 2366,  "end" : 2370 }, 
        {"sofa" : 12,  "begin" : 2371,  "end" : 2373 }, 
        {"sofa" : 12,  "begin" : 2374,  "end" : 2379 }, 
        {"sofa" : 12,  "begin" : 2380,  "end" : 2382 }, 
        {"sofa" : 12,  "begin" : 2383,  "end" : 2397 }, 
        {"sofa" : 12,  "begin" : 2398,  "end" : 2407 }, 
        {"sofa" : 12,  "begin" : 2407,  "end" : 2408 }, 
        {"sofa" : 12,  "begin" : 2412,  "end" : 2415 }, 
        {"sofa" : 12,  "begin" : 2416,  "end" : 2423 }, 
        {"sofa" : 12,  "begin" : 2424,  "end" : 2430 }, 
        {"sofa" : 12,  "begin" : 2431,  "end" : 2433 }, 
        {"sofa" : 12,  "begin" : 2434,  "end" : 2447 }, 
        {"sofa" : 12,  "begin" : 2448,  "end" : 2454 }, 
        {"sofa" : 12,  "begin" : 2455,  "end" : 2461 }, 
        {"sofa" : 12,  "begin" : 2462,  "end" : 2472 }, 
        {"sofa" : 12,  "begin" : 2473,  "end" : 2476 }, 
        {"sofa" : 12,  "begin" : 2477,  "end" : 2480 }, 
        {"sofa" : 12,  "begin" : 2481,  "end" : 2487 }, 
        {"sofa" : 12,  "begin" : 2488,  "end" : 2490 }, 
        {"sofa" : 12,  "begin" : 2491,  "end" : 2493 }, 
        {"sofa" : 12,  "begin" : 2494,  "end" : 2504 }, 
        {"sofa" : 12,  "begin" : 2505,  "end" : 2512 }, 
        {"sofa" : 12,  "begin" : 2513,  "end" : 2517 }, 
        {"sofa" : 12,  "begin" : 2518,  "end" : 2523 }, 
        {"sofa" : 12,  "begin" : 2524,  "end" : 2531 }, 
        {"sofa" : 12,  "begin" : 2532,  "end" : 2533 }, 
        {"sofa" : 12,  "begin" : 2534,  "end" : 2538 }, 
        {"sofa" : 12,  "begin" : 2539,  "end" : 2541 }, 
        {"sofa" : 12,  "begin" : 2542,  "end" : 2548 }, 
        {"sofa" : 12,  "begin" : 2549,  "end" : 2551 }, 
        {"sofa" : 12,  "begin" : 2552,  "end" : 2555 }, 
        {"sofa" : 12,  "begin" : 2556,  "end" : 2558 }, 
        {"sofa" : 12,  "begin" : 2559,  "end" : 2566 }, 
        {"sofa" : 12,  "begin" : 2566,  "end" : 2567 }, 
        {"sofa" : 12,  "begin" : 2571,  "end" : 2577 }, 
        {"sofa" : 12,  "begin" : 2578,  "end" : 2579 }, 
        {"sofa" : 12,  "begin" : 2580,  "end" : 2584 }, 
        {"sofa" : 12,  "begin" : 2585,  "end" : 2591 }, 
        {"sofa" : 12,  "begin" : 2592,  "end" : 2595 }, 
        {"sofa" : 12,  "begin" : 2596,  "end" : 2607 }, 
        {"sofa" : 12,  "begin" : 2608,  "end" : 2612 }, 
        {"sofa" : 12,  "begin" : 2613,  "end" : 2621 }, 
        {"sofa" : 12,  "begin" : 2622,  "end" : 2628 }, 
        {"sofa" : 12,  "begin" : 2628,  "end" : 2629 }, 
        {"sofa" : 12,  "begin" : 2630,  "end" : 2638 }, 
        {"sofa" : 12,  "begin" : 2639,  "end" : 2646 }, 
        {"sofa" : 12,  "begin" : 2647,  "end" : 2651 }, 
        {"sofa" : 12,  "begin" : 2652,  "end" : 2656 }, 
        {"sofa" : 12,  "begin" : 2657,  "end" : 2664 }, 
        {"sofa" : 12,  "begin" : 2665,  "end" : 2673 }, 
        {"sofa" : 12,  "begin" : 2674,  "end" : 2676 }, 
        {"sofa" : 12,  "begin" : 2677,  "end" : 2680 }, 
        {"sofa" : 12,  "begin" : 2681,  "end" : 2688 }, 
        {"sofa" : 12,  "begin" : 2689,  "end" : 2693 }, 
        {"sofa" : 12,  "begin" : 2694,  "end" : 2700 }, 
        {"sofa" : 12,  "begin" : 2701,  "end" : 2705 }, 
        {"sofa" : 12,  "begin" : 2706,  "end" : 2710 }, 
        {"sofa" : 12,  "begin" : 2711,  "end" : 2719 }, 
        {"sofa" : 12,  "begin" : 2719,  "end" : 2720 }, 
        {"sofa" : 12,  "begin" : 2721,  "end" : 2723 }, 
        {"sofa" : 12,  "begin" : 2724,  "end" : 2727 }, 
        {"sofa" : 12,  "begin" : 2728,  "end" : 2732 }, 
        {"sofa" : 12,  "begin" : 2732,  "end" : 2733 }, 
        {"sofa" : 12,  "begin" : 2734,  "end" : 2739 }, 
        {"sofa" : 12,  "begin" : 2740,  "end" : 2745 }, 
        {"sofa" : 12,  "begin" : 2746,  "end" : 2748 }, 
        {"sofa" : 12,  "begin" : 2749,  "end" : 2752 }, 
        {"sofa" : 12,  "begin" : 2753,  "end" : 2757 }, 
        {"sofa" : 12,  "begin" : 2758,  "end" : 2765 }, 
        {"sofa" : 12,  "begin" : 2766,  "end" : 2770 }, 
        {"sofa" : 12,  "begin" : 2771,  "end" : 2773 }, 
        {"sofa" : 12,  "begin" : 2774,  "end" : 2780 }, 
        {"sofa" : 12,  "begin" : 2781,  "end" : 2783 }, 
        {"sofa" : 12,  "begin" : 2784,  "end" : 2792 }, 
        {"sofa" : 12,  "begin" : 2793,  "end" : 2796 }, 
        {"sofa" : 12,  "begin" : 2797,  "end" : 2800 }, 
        {"sofa" : 12,  "begin" : 2801,  "end" : 2807 }, 
        {"sofa" : 12,  "begin" : 2808,  "end" : 2812 }, 
        {"sofa" : 12,  "begin" : 2813,  "end" : 2821 }, 
        {"sofa" : 12,  "begin" : 2822,  "end" : 2825 }, 
        {"sofa" : 12,  "begin" : 2826,  "end" : 2829 }, 
        {"sofa" : 12,  "begin" : 2829,  "end" : 2830 }, 
        {"sofa" : 12,  "begin" : 2831,  "end" : 2834 }, 
        {"sofa" : 12,  "begin" : 2835,  "end" : 2839 }, 
        {"sofa" : 12,  "begin" : 2840,  "end" : 2843 }, 
        {"sofa" : 12,  "begin" : 2844,  "end" : 2851 }, 
        {"sofa" : 12,  "begin" : 2852,  "end" : 2858 }, 
        {"sofa" : 12,  "begin" : 2859,  "end" : 2861 }, 
        {"sofa" : 12,  "begin" : 2862,  "end" : 2866 }, 
        {"sofa" : 12,  "begin" : 2867,  "end" : 2871 }, 
        {"sofa" : 12,  "begin" : 2872,  "end" : 2876 }, 
        {"sofa" : 12,  "begin" : 2877,  "end" : 2880 }, 
        {"sofa" : 12,  "begin" : 2881,  "end" : 2889 }, 
        {"sofa" : 12,  "begin" : 2890,  "end" : 2897 }, 
        {"sofa" : 12,  "begin" : 2898,  "end" : 2903 }, 
        {"sofa" : 12,  "begin" : 2904,  "end" : 2906 }, 
        {"sofa" : 12,  "begin" : 2907,  "end" : 2911 }, 
        {"sofa" : 12,  "begin" : 2912,  "end" : 2916 }, 
        {"sofa" : 12,  "begin" : 2917,  "end" : 2918 }, 
        {"sofa" : 12,  "begin" : 2919,  "end" : 2922 }, 
        {"sofa" : 12,  "begin" : 2922,  "end" : 2923 }, 
        {"sofa" : 12,  "begin" : 2924,  "end" : 2929 }, 
        {"sofa" : 12,  "begin" : 2930,  "end" : 2933 }, 
        {"sofa" : 12,  "begin" : 2934,  "end" : 2936 }, 
        {"sofa" : 12,  "begin" : 2937,  "end" : 2941 }, 
        {"sofa" : 12,  "begin" : 2942,  "end" : 2944 }, 
        {"sofa" : 12,  "begin" : 2945,  "end" : 2950 }, 
        {"sofa" : 12,  "begin" : 2951,  "end" : 2952 }, 
        {"sofa" : 12,  "begin" : 2953,  "end" : 2960 }, 
        {"sofa" : 12,  "begin" : 2961,  "end" : 2963 }, 
        {"sofa" : 12,  "begin" : 2964,  "end" : 2966 }, 
        {"sofa" : 12,  "begin" : 2966,  "end" : 2967 }, 
        {"sofa" : 12,  "begin" : 2968,  "end" : 2976 }, 
        {"sofa" : 12,  "begin" : 2977,  "end" : 2984 }, 
        {"sofa" : 12,  "begin" : 2985,  "end" : 2994 }, 
        {"sofa" : 12,  "begin" : 2994,  "end" : 2995 }, 
        {"sofa" : 12,  "begin" : 2996,  "end" : 3003 }, 
        {"sofa" : 12,  "begin" : 3003,  "end" : 3004 }, 
        {"sofa" : 12,  "begin" : 3008,  "end" : 3009 }, 
        {"sofa" : 12,  "begin" : 3009,  "end" : 3011 }, 
        {"sofa" : 12,  "begin" : 3012,  "end" : 3018 }, 
        {"sofa" : 12,  "begin" : 3019,  "end" : 3022 }, 
        {"sofa" : 12,  "begin" : 3023,  "end" : 3027 }, 
        {"sofa" : 12,  "begin" : 3028,  "end" : 3037 }, 
        {"sofa" : 12,  "begin" : 3038,  "end" : 3043 }, 
        {"sofa" : 12,  "begin" : 3044,  "end" : 3048 }, 
        {"sofa" : 12,  "begin" : 3049,  "end" : 3054 }, 
        {"sofa" : 12,  "begin" : 3055,  "end" : 3061 }, 
        {"sofa" : 12,  "begin" : 3062,  "end" : 3067 }, 
        {"sofa" : 12,  "begin" : 3068,  "end" : 3077 }, 
        {"sofa" : 12,  "begin" : 3078,  "end" : 3080 }, 
        {"sofa" : 12,  "begin" : 3081,  "end" : 3085 }, 
        {"sofa" : 12,  "begin" : 3086,  "end" : 3087 }, 
        {"sofa" : 12,  "begin" : 3088,  "end" : 3097 }, 
        {"sofa" : 12,  "begin" : 3098,  "end" : 3108 }, 
        {"sofa" : 12,  "begin" : 3109,  "end" : 3111 }, 
        {"sofa" : 12,  "begin" : 3112,  "end" : 3116 }, 
        {"sofa" : 12,  "begin" : 3116,  "end" : 3117 }, 
        {"sofa" : 12,  "begin" : 3118,  "end" : 3121 }, 
        {"sofa" : 12,  "begin" : 3122,  "end" : 3124 }, 
        {"sofa" : 12,  "begin" : 3125,  "end" : 3130 }, 
        {"sofa" : 12,  "begin" : 3131,  "end" : 3136 }, 
        {"sofa" : 12,  "begin" : 3137,  "end" : 3138 }, 
        {"sofa" : 12,  "begin" : 3138,  "end" : 3139 }, 
        {"sofa" : 12,  "begin" : 3139,  "end" : 3142 }, 
        {"sofa" : 12,  "begin" : 3143,  "end" : 3149 }, 
        {"sofa" : 12,  "begin" : 3150,  "end" : 3152 }, 
        {"sofa" : 12,  "begin" : 3153,  "end" : 3155 }, 
        {"sofa" : 12,  "begin" : 3156,  "end" : 3161 }, 
        {"sofa" : 12,  "begin" : 3162,  "end" : 3164 }, 
        {"sofa" : 12,  "begin" : 3165,  "end" : 3168 }, 
        {"sofa" : 12,  "begin" : 3168,  "end" : 3169 }, 
        {"sofa" : 12,  "begin" : 3170,  "end" : 3173 }, 
        {"sofa" : 12,  "begin" : 3174,  "end" : 3179 }, 
        {"sofa" : 12,  "begin" : 3180,  "end" : 3182 }, 
        {"sofa" : 12,  "begin" : 3183,  "end" : 3187 }, 
        {"sofa" : 12,  "begin" : 3188,  "end" : 3195 }, 
        {"sofa" : 12,  "begin" : 3196,  "end" : 3200 }, 
        {"sofa" : 12,  "begin" : 3201,  "end" : 3205 }, 
        {"sofa" : 12,  "begin" : 3206,  "end" : 3208 }, 
        {"sofa" : 12,  "begin" : 3209,  "end" : 3211 }, 
        {"sofa" : 12,  "begin" : 3212,  "end" : 3220 }, 
        {"sofa" : 12,  "begin" : 3221,  "end" : 3223 }, 
        {"sofa" : 12,  "begin" : 3224,  "end" : 3227 }, 
        {"sofa" : 12,  "begin" : 3228,  "end" : 3230 }, 
        {"sofa" : 12,  "begin" : 3231,  "end" : 3235 }, 
        {"sofa" : 12,  "begin" : 3236,  "end" : 3241 }, 
        {"sofa" : 12,  "begin" : 3242,  "end" : 3248 }, 
        {"sofa" : 12,  "begin" : 3248,  "end" : 3249 }, 
        {"sofa" : 12,  "begin" : 3249,  "end" : 3250 }, 
        {"sofa" : 12,  "begin" : 3251,  "end" : 3263 }, 
        {"sofa" : 12,  "begin" : 3264,  "end" : 3266 }, 
        {"sofa" : 12,  "begin" : 3266,  "end" : 3267 }, 
        {"sofa" : 12,  "begin" : 3268,  "end" : 3275 }, 
        {"sofa" : 12,  "begin" : 3276,  "end" : 3282 }, 
        {"sofa" : 12,  "begin" : 3283,  "end" : 3287 }, 
        {"sofa" : 12,  "begin" : 3287,  "end" : 3288 }, 
        {"sofa" : 12,  "begin" : 3294,  "end" : 3296 }, 
        {"sofa" : 12,  "begin" : 3297,  "end" : 3305 }, 
        {"sofa" : 12,  "begin" : 3306,  "end" : 3310 }, 
        {"sofa" : 12,  "begin" : 3311,  "end" : 3317 }, 
        {"sofa" : 12,  "begin" : 3318,  "end" : 3323 }, 
        {"sofa" : 12,  "begin" : 3324,  "end" : 3331 }, 
        {"sofa" : 12,  "begin" : 3332,  "end" : 3338 }, 
        {"sofa" : 12,  "begin" : 3339,  "end" : 3342 }, 
        {"sofa" : 12,  "begin" : 3343,  "end" : 3350 }, 
        {"sofa" : 12,  "begin" : 3350,  "end" : 3351 }, 
        {"sofa" : 12,  "begin" : 3353,  "end" : 3355 }, 
        {"sofa" : 12,  "begin" : 3356,  "end" : 3362 }, 
        {"sofa" : 12,  "begin" : 3363,  "end" : 3367 }, 
        {"sofa" : 12,  "begin" : 3368,  "end" : 3371 }, 
        {"sofa" : 12,  "begin" : 3372,  "end" : 3376 }, 
        {"sofa" : 12,  "begin" : 3377,  "end" : 3382 }, 
        {"sofa" : 12,  "begin" : 3383,  "end" : 3386 }, 
        {"sofa" : 12,  "begin" : 3387,  "end" : 3393 }, 
        {"sofa" : 12,  "begin" : 3394,  "end" : 3396 }, 
        {"sofa" : 12,  "begin" : 3397,  "end" : 3403 }, 
        {"sofa" : 12,  "begin" : 3404,  "end" : 3414 }, 
        {"sofa" : 12,  "begin" : 3415,  "end" : 3428 }, 
        {"sofa" : 12,  "begin" : 3429,  "end" : 3431 }, 
        {"sofa" : 12,  "begin" : 3432,  "end" : 3434 }, 
        {"sofa" : 12,  "begin" : 3435,  "end" : 3445 }, 
        {"sofa" : 12,  "begin" : 3446,  "end" : 3450 }, 
        {"sofa" : 12,  "begin" : 3451,  "end" : 3457 }, 
        {"sofa" : 12,  "begin" : 3458,  "end" : 3464 }, 
        {"sofa" : 12,  "begin" : 3465,  "end" : 3467 }, 
        {"sofa" : 12,  "begin" : 3468,  "end" : 3473 }, 
        {"sofa" : 12,  "begin" : 3474,  "end" : 3479 }, 
        {"sofa" : 12,  "begin" : 3480,  "end" : 3484 }, 
        {"sofa" : 12,  "begin" : 3484,  "end" : 3485 }, 
        {"sofa" : 12,  "begin" : 3486,  "end" : 3489 }, 
        {"sofa" : 12,  "begin" : 3490,  "end" : 3499 }, 
        {"sofa" : 12,  "begin" : 3500,  "end" : 3504 }, 
        {"sofa" : 12,  "begin" : 3505,  "end" : 3508 }, 
        {"sofa" : 12,  "begin" : 3509,  "end" : 3514 }, 
        {"sofa" : 12,  "begin" : 3515,  "end" : 3517 }, 
        {"sofa" : 12,  "begin" : 3518,  "end" : 3520 }, 
        {"sofa" : 12,  "begin" : 3521,  "end" : 3526 }, 
        {"sofa" : 12,  "begin" : 3527,  "end" : 3529 }, 
        {"sofa" : 12,  "begin" : 3530,  "end" : 3534 }, 
        {"sofa" : 12,  "begin" : 3535,  "end" : 3539 }, 
        {"sofa" : 12,  "begin" : 3540,  "end" : 3543 }, 
        {"sofa" : 12,  "begin" : 3544,  "end" : 3551 }, 
        {"sofa" : 12,  "begin" : 3552,  "end" : 3554 }, 
        {"sofa" : 12,  "begin" : 3555,  "end" : 3560 }, 
        {"sofa" : 12,  "begin" : 3561,  "end" : 3567 }, 
        {"sofa" : 12,  "begin" : 3567,  "end" : 3568 }, 
        {"sofa" : 12,  "begin" : 3569,  "end" : 3572 }, 
        {"sofa" : 12,  "begin" : 3573,  "end" : 3583 }, 
        {"sofa" : 12,  "begin" : 3584,  "end" : 3586 }, 
        {"sofa" : 12,  "begin" : 3587,  "end" : 3592 }, 
        {"sofa" : 12,  "begin" : 3593,  "end" : 3597 }, 
        {"sofa" : 12,  "begin" : 3598,  "end" : 3602 }, 
        {"sofa" : 12,  "begin" : 3603,  "end" : 3612 }, 
        {"sofa" : 12,  "begin" : 3613,  "end" : 3619 }, 
        {"sofa" : 12,  "begin" : 3620,  "end" : 3622 }, 
        {"sofa" : 12,  "begin" : 3623,  "end" : 3633 }, 
        {"sofa" : 12,  "begin" : 3634,  "end" : 3637 }, 
        {"sofa" : 12,  "begin" : 3638,  "end" : 3645 }, 
        {"sofa" : 12,  "begin" : 3646,  "end" : 3652 }, 
        {"sofa" : 12,  "begin" : 3653,  "end" : 3655 }, 
        {"sofa" : 12,  "begin" : 3656,  "end" : 3665 }, 
        {"sofa" : 12,  "begin" : 3666,  "end" : 3668 }, 
        {"sofa" : 12,  "begin" : 3669,  "end" : 3673 }, 
        {"sofa" : 12,  "begin" : 3674,  "end" : 3678 }, 
        {"sofa" : 12,  "begin" : 3679,  "end" : 3690 }, 
        {"sofa" : 12,  "begin" : 3691,  "end" : 3696 }, 
        {"sofa" : 12,  "begin" : 3697,  "end" : 3701 }, 
        {"sofa" : 12,  "begin" : 3702,  "end" : 3710 }, 
        {"sofa" : 12,  "begin" : 3711,  "end" : 3718 }, 
        {"sofa" : 12,  "begin" : 3718,  "end" : 3719 }, 
        {"sofa" : 12,  "begin" : 3723,  "end" : 3726 }, 
        {"sofa" : 12,  "begin" : 3727,  "end" : 3741 }, 
        {"sofa" : 12,  "begin" : 3742,  "end" : 3749 }, 
        {"sofa" : 12,  "begin" : 3750,  "end" : 3758 }, 
        {"sofa" : 12,  "begin" : 3759,  "end" : 3761 }, 
        {"sofa" : 12,  "begin" : 3762,  "end" : 3767 }, 
        {"sofa" : 12,  "begin" : 3768,  "end" : 3770 }, 
        {"sofa" : 12,  "begin" : 3771,  "end" : 3774 }, 
        {"sofa" : 12,  "begin" : 3775,  "end" : 3778 }, 
        {"sofa" : 12,  "begin" : 3779,  "end" : 3783 }, 
        {"sofa" : 12,  "begin" : 3784,  "end" : 3790 }, 
        {"sofa" : 12,  "begin" : 3791,  "end" : 3800 }, 
        {"sofa" : 12,  "begin" : 3801,  "end" : 3807 }, 
        {"sofa" : 12,  "begin" : 3808,  "end" : 3813 }, 
        {"sofa" : 12,  "begin" : 3814,  "end" : 3819 }, 
        {"sofa" : 12,  "begin" : 3820,  "end" : 3822 }, 
        {"sofa" : 12,  "begin" : 3823,  "end" : 3825 }, 
        {"sofa" : 12,  "begin" : 3825,  "end" : 3826 }, 
        {"sofa" : 12,  "begin" : 3827,  "end" : 3831 }, 
        {"sofa" : 12,  "begin" : 3832,  "end" : 3838 }, 
        {"sofa" : 12,  "begin" : 3839,  "end" : 3842 }, 
        {"sofa" : 12,  "begin" : 3843,  "end" : 3847 }, 
        {"sofa" : 12,  "begin" : 3848,  "end" : 3856 }, 
        {"sofa" : 12,  "begin" : 3857,  "end" : 3859 }, 
        {"sofa" : 12,  "begin" : 3860,  "end" : 3862 }, 
        {"sofa" : 12,  "begin" : 3863,  "end" : 3869 }, 
        {"sofa" : 12,  "begin" : 3870,  "end" : 3873 }, 
        {"sofa" : 12,  "begin" : 3874,  "end" : 3882 }, 
        {"sofa" : 12,  "begin" : 3883,  "end" : 3890 }, 
        {"sofa" : 12,  "begin" : 3891,  "end" : 3899 }, 
        {"sofa" : 12,  "begin" : 3899,  "end" : 3900 }, 
        {"sofa" : 12,  "begin" : 3901,  "end" : 3902 }, 
        {"sofa" : 12,  "begin" : 3903,  "end" : 3907 }, 
        {"sofa" : 12,  "begin" : 3908,  "end" : 3913 }, 
        {"sofa" : 12,  "begin" : 3914,  "end" : 3919 }, 
        {"sofa" : 12,  "begin" : 3920,  "end" : 3924 }, 
        {"sofa" : 12,  "begin" : 3925,  "end" : 3931 }, 
        {"sofa" : 12,  "begin" : 3932,  "end" : 3935 }, 
        {"sofa" : 12,  "begin" : 3936,  "end" : 3944 }, 
        {"sofa" : 12,  "begin" : 3945,  "end" : 3948 }, 
        {"sofa" : 12,  "begin" : 3949,  "end" : 3955 }, 
        {"sofa" : 12,  "begin" : 3956,  "end" : 3961 }, 
        {"sofa" : 12,  "begin" : 3962,  "end" : 3966 }, 
        {"sofa" : 12,  "begin" : 3967,  "end" : 3969 }, 
        {"sofa" : 12,  "begin" : 3970,  "end" : 3971 }, 
        {"sofa" : 12,  "begin" : 3972,  "end" : 3976 }, 
        {"sofa" : 12,  "begin" : 3977,  "end" : 3982 }, 
        {"sofa" : 12,  "begin" : 3983,  "end" : 3986 }, 
        {"sofa" : 12,  "begin" : 3987,  "end" : 3990 }, 
        {"sofa" : 12,  "begin" : 3991,  "end" : 3992 }, 
        {"sofa" : 12,  "begin" : 3993,  "end" : 3995 }, 
        {"sofa" : 12,  "begin" : 3996,  "end" : 4003 }, 
        {"sofa" : 12,  "begin" : 4004,  "end" : 4010 }, 
        {"sofa" : 12,  "begin" : 4011,  "end" : 4021 }, 
        {"sofa" : 12,  "begin" : 4022,  "end" : 4024 }, 
        {"sofa" : 12,  "begin" : 4025,  "end" : 4030 }, 
        {"sofa" : 12,  "begin" : 4031,  "end" : 4041 }, 
        {"sofa" : 12,  "begin" : 4042,  "end" : 4044 }, 
        {"sofa" : 12,  "begin" : 4045,  "end" : 4055 }, 
        {"sofa" : 12,  "begin" : 4056,  "end" : 4060 }, 
        {"sofa" : 12,  "begin" : 4061,  "end" : 4066 }, 
        {"sofa" : 12,  "begin" : 4067,  "end" : 4070 }, 
        {"sofa" : 12,  "begin" : 4071,  "end" : 4074 }, 
        {"sofa" : 12,  "begin" : 4075,  "end" : 4078 }, 
        {"sofa" : 12,  "begin" : 4079,  "end" : 4084 }, 
        {"sofa" : 12,  "begin" : 4085,  "end" : 4089 }, 
        {"sofa" : 12,  "begin" : 4090,  "end" : 4099 }, 
        {"sofa" : 12,  "begin" : 4099,  "end" : 4100 }, 
        {"sofa" : 12,  "begin" : 4101,  "end" : 4109 }, 
        {"sofa" : 12,  "begin" : 4109,  "end" : 4110 }, 
        {"sofa" : 12,  "begin" : 4111,  "end" : 4119 }, 
        {"sofa" : 12,  "begin" : 4120,  "end" : 4124 }, 
        {"sofa" : 12,  "begin" : 4125,  "end" : 4128 }, 
        {"sofa" : 12,  "begin" : 4129,  "end" : 4133 }, 
        {"sofa" : 12,  "begin" : 4134,  "end" : 4138 }, 
        {"sofa" : 12,  "begin" : 4139,  "end" : 4142 }, 
        {"sofa" : 12,  "begin" : 4143,  "end" : 4147 }, 
        {"sofa" : 12,  "begin" : 4148,  "end" : 4150 }, 
        {"sofa" : 12,  "begin" : 4151,  "end" : 4153 }, 
        {"sofa" : 12,  "begin" : 4154,  "end" : 4155 }, 
        {"sofa" : 12,  "begin" : 4156,  "end" : 4161 }, 
        {"sofa" : 12,  "begin" : 4162,  "end" : 4164 }, 
        {"sofa" : 12,  "begin" : 4165,  "end" : 4167 }, 
        {"sofa" : 12,  "begin" : 4168,  "end" : 4174 }, 
        {"sofa" : 12,  "begin" : 4175,  "end" : 4177 }, 
        {"sofa" : 12,  "begin" : 4178,  "end" : 4183 }, 
        {"sofa" : 12,  "begin" : 4184,  "end" : 4188 }, 
        {"sofa" : 12,  "begin" : 4189,  "end" : 4193 }, 
        {"sofa" : 12,  "begin" : 4193,  "end" : 4194 }, 
        {"sofa" : 12,  "begin" : 4195,  "end" : 4199 }, 
        {"sofa" : 12,  "begin" : 4200,  "end" : 4205 }, 
        {"sofa" : 12,  "begin" : 4206,  "end" : 4210 }, 
        {"sofa" : 12,  "begin" : 4211,  "end" : 4218 }, 
        {"sofa" : 12,  "begin" : 4219,  "end" : 4223 }, 
        {"sofa" : 12,  "begin" : 4224,  "end" : 4232 }, 
        {"sofa" : 12,  "begin" : 4233,  "end" : 4236 }, 
        {"sofa" : 12,  "begin" : 4237,  "end" : 4240 }, 
        {"sofa" : 12,  "begin" : 4241,  "end" : 4246 }, 
        {"sofa" : 12,  "begin" : 4247,  "end" : 4251 }, 
        {"sofa" : 12,  "begin" : 4252,  "end" : 4254 }, 
        {"sofa" : 12,  "begin" : 4255,  "end" : 4262 }, 
        {"sofa" : 12,  "begin" : 4263,  "end" : 4266 }, 
        {"sofa" : 12,  "begin" : 4267,  "end" : 4273 }, 
        {"sofa" : 12,  "begin" : 4274,  "end" : 4276 }, 
        {"sofa" : 12,  "begin" : 4277,  "end" : 4280 }, 
        {"sofa" : 12,  "begin" : 4281,  "end" : 4285 }, 
        {"sofa" : 12,  "begin" : 4286,  "end" : 4291 }, 
        {"sofa" : 12,  "begin" : 4292,  "end" : 4298 }, 
        {"sofa" : 12,  "begin" : 4299,  "end" : 4301 }, 
        {"sofa" : 12,  "begin" : 4302,  "end" : 4308 }, 
        {"sofa" : 12,  "begin" : 4309,  "end" : 4311 }, 
        {"sofa" : 12,  "begin" : 4312,  "end" : 4315 }, 
        {"sofa" : 12,  "begin" : 4316,  "end" : 4321 }, 
        {"sofa" : 12,  "begin" : 4322,  "end" : 4325 }, 
        {"sofa" : 12,  "begin" : 4326,  "end" : 4330 }, 
        {"sofa" : 12,  "begin" : 4330,  "end" : 4331 }, 
        {"sofa" : 12,  "begin" : 4335,  "end" : 4342 }, 
        {"sofa" : 12,  "begin" : 4343,  "end" : 4350 }, 
        {"sofa" : 12,  "begin" : 4350,  "end" : 4351 }, 
        {"sofa" : 12,  "begin" : 4355,  "end" : 4370 }, 
        {"sofa" : 12,  "begin" : 4374,  "end" : 4380 }, 
        {"sofa" : 12,  "begin" : 4380,  "end" : 4381 }, 
        {"sofa" : 12,  "begin" : 4381,  "end" : 4384 }, 
        {"sofa" : 12,  "begin" : 4388,  "end" : 4404 }, 
        {"sofa" : 12,  "begin" : 4408,  "end" : 4427 }, 
        {"sofa" : 12,  "begin" : 4431,  "end" : 4446 }, 
        {"sofa" : 12,  "begin" : 4450,  "end" : 4473 } ], 
      "Persuasive_Labels" : [
        {"sofa" : 12,  "begin" : 231,  "end" : 288,  "DistinctiveLinguisticFeatures" : "title of article as clickbait" }, 
        {"sofa" : 12,  "begin" : 231,  "end" : 288,  "DistinctiveLinguisticFeatures" : "distinctive linguistic features" }, 
        {"sofa" : 12,  "begin" : 388,  "end" : 423,  "EstablishingLegitimacy" : "Establishing Legitimacy" }, 
        {"sofa" : 12,  "begin" : 388,  "end" : 423,  "EstablishingLegitimacy" : "citing source to establish legitimacy_source verified to be credible" }, 
        {"sofa" : 12,  "begin" : 670,  "end" : 812,  "InappropriateUseofScientificEvidence" : "Inappropriate Use of Scientific and Other Evidence - out of context_verified" }, 
        {"sofa" : 12,  "begin" : 670,  "end" : 812,  "InappropriateUseofScientificEvidence" : "inappropriate use of scientific and Other evidence" }, 
        {"sofa" : 12,  "begin" : 2571,  "end" : 2629,  "EstablishingLegitimacy" : "Establishing Legitimacy" }, 
        {"sofa" : 12,  "begin" : 2571,  "end" : 2629,  "EstablishingLegitimacy" : "citing source to establish legitimacy_source not verified" }, 
        {"sofa" : 12,  "begin" : 3251,  "end" : 3288,  "EstablishingLegitimacy" : "Establishing Legitimacy" }, 
        {"sofa" : 12,  "begin" : 3251,  "end" : 3288,  "EstablishingLegitimacy" : "citing source to establish legitimacy_source not verified" }, 
        {"sofa" : 12,  "begin" : 3294,  "end" : 3351,  "EstablishingLegitimacy" : "Establishing Legitimacy" }, 
        {"sofa" : 12,  "begin" : 3294,  "end" : 3351,  "EstablishingLegitimacy" : "legitimate persuasive techniques: rhetorical question" }, 
        {"sofa" : 12,  "begin" : 3723,  "end" : 3826,  "EmotionalAppeals" : "emotional appeals" }, 
        {"sofa" : 12,  "begin" : 3727,  "end" : 3741,  "EmotionalAppeals" : "fear" }, 
        {"sofa" : 12,  "begin" : 3901,  "end" : 3913,  "EstablishingLegitimacy" : "Establishing Legitimacy" }, 
        {"sofa" : 12,  "begin" : 3901,  "end" : 3913,  "EstablishingLegitimacy" : "surface credibility markers - simply claiming authority or credibility" }, 
        {"sofa" : 12,  "begin" : 4335,  "end" : 4473,  "EstablishingLegitimacy" : "Establishing Legitimacy" }, 
        {"sofa" : 12,  "begin" : 4335,  "end" : 4473,  "EstablishingLegitimacy" : "citing source to establish legitimacy_source not verified" } ] } }, 
  "_referenced_fss" : {
    "12" : {"_type" : "Sofa",  "sofaNum" : 1,  "sofaID" : "_InitialView",  "mimeType" : "text",  "sofaString" : "﻿snes-00957 Pepsi admitted that their soda contains cancer-causing ingredients. \r\nSource: https://archive.ph/HuJDw \r\nFact checking: https://www.snopes.com/fact-check/pepsi-ingredients-regulation/ \r\nActual content:\r\nBottom of Form\r\nPepsi admits its soda contains cancer-causing ingredients\r\nThursday, September 15, 2016 by: Isabelle Z.\r\nTags: Pepsi, carcinogens, 4-Mel\r\n(NaturalNews) When the Center for Environmental Health released test results showing that Pepsi intentionally covered up the presence of high levels of 4-Mel in its popular soft drinks in 2013, the company denied both the presence of this chemical in its beverages and the fact that it was dangerous. 4-Mel, which is short for 4-Methylimidazole, is a compound that is formed in the manufacturing of caramel coloring, and is a known carcinogen.\r\n\r\nSince then, the drinks maker has fought against complying with California state requirements to place a cancer warning label on the beverages that contain the ingredient, which include not only Pepsi, but also Diet Pepsi and Pepsi One.\r\n\r\nNow, a settlement in a class action lawsuit against Pepsi has gained preliminary approval from a federal judge in California. As part of the proposed settlement, Pepsi has agreed to ensure its caramel coloring's 4-Mel levels do not exceed 100 parts per billion in products that are being shipped for sale within the U.S. They will also be required to test the soda using specific protocols.\r\n\r\nThe soft drink giant also agreed to these measures in a different lawsuit that was settled in a California state court last year. The new settlement, however, expands the reach of these measures from California to the entire country.\r\n\r\n\r\nPepsi failed to warn consumers that its drinks contain known carcinogens\r\nThe lawsuit accused Pepsi of failing to warn people that its beverages contain 4-Mel, which California has officially recognized as a cancer-causing chemical.\r\n\r\nA 2014 Consumer Reports test showed that the 4-Mel in Pepsi exceeded the permitted level of 29 micrograms per bottle or can, which would mean that they were in violation of common law and consumer protection statutes in the state of California.\r\n\r\nIn particular, this violates California's Proposition 65, which has been in place since 1985, and requires manufacturers to provide consumers with clear warnings when their products will expose them to toxic or cancer-causing chemicals.\r\n\r\nThe state's Office of Environmental Health Hazard Assessment set the cutoff at 29 micrograms because that level creates a risk of cancer of one in 100,000.\r\n\r\nCiting a 2013 Mintel and Leatherhead Food Research report, Consumer Reports said that caramel coloring is the world's most widely used food coloring. At the time, Pepsi tried to say that because Prop 65 refers to exposure per day rather than exposure per can, and that the average amount of diet soda that its drinkers consume daily is less than a can, there was no need to place a warning on it. Consumer Reports disagreed, however.\r\n\r\n\"No matter how much consumers drink they don't expect their beverages to have a potential carcinogen in them. And we don't think 4-MeI should be in foods at all. Our tests of Coke samples show that it is possible to get to much lower levels,\" toxicologist Dr. Urvashi Rangan said.\r\n\r\n\r\nIs drinking soda really worth risking cancer and obesity?\r\nIt simply does not make sense for people to expose themselves unnecessarily to an ingredient that merely serves to color their food, and consumers have the right to be aware of what they are putting in their bodies. The popularity of books like Food Forensics serves to illustrate the growing desire by Americans to know what ingredients their food products contain.\r\n\r\nThe cancer-causing caramel coloring in Pepsi is not the only reason consumers should steer clear of it. Soft drinks are also believed to be behind the nation's obesity epidemic. A UCLA study found that adults who consumed one sugary drink such as a soda every day had a 27 percent higher likelihood of being classified as overweight than those who did not drink such beverages. Moreover, drinking just one soda each day adds up to a total of 39 pounds of sugar each year! That means that regular soda drinkers can cut their risk of obesity and cancer in one fell swoop simply by giving up the habit for good.\r\n\r\nSources include:\r\n\r\nWakingTimes.com\r\n\r\nLaw360.com\r\n\r\nNorCalRecord.com\r\n\r\nConsumerReports.org\r\n\r\nNaturalNews.com\r\n\r\nScience.NaturalNews.com\r\n" } } }