{"_context" : {
    "_types" : {
      "DocumentMetaData" : {
        "_feature_types" : {"sofa" : "_ref" } }, 
      "Persuasive_Labels" : {
        "_feature_types" : {"sofa" : "_ref" } }, 
      "Sentence" : {
        "_feature_types" : {"sofa" : "_ref" } }, 
      "Sofa" : {
        "_feature_types" : {"sofaArray" : "_ref" } }, 
      "TagsetDescription" : {
        "_feature_types" : {"sofa" : "_ref",  "tags" : "_ref" } }, 
      "Token" : {
        "_feature_types" : {"sofa" : "_ref",  "parent" : "_ref",  "lemma" : "_ref",  "stem" : "_ref",  "pos" : "_ref",  "morph" : "_ref",  "form" : "_ref" } }, 
      "DocumentAnnotation" : {
        "_feature_types" : {"sofa" : "_ref" }, 
        "_subtypes" : ["DocumentMetaData" ] }, 
      "Annotation" : {
        "_feature_types" : {"sofa" : "_ref" }, 
        "_subtypes" : ["DocumentAnnotation",  "Persuasive_Labels",  "Sentence",  "TagsetDescription",  "Token" ] }, 
      "AnnotationBase" : {
        "_feature_types" : {"sofa" : "_ref" }, 
        "_subtypes" : ["Annotation" ] }, 
      "TOP" : {
        "_subtypes" : ["AnnotationBase",  "Sofa" ] } } }, 
  "_views" : {
    "_InitialView" : {
      "DocumentMetaData" : [
        {"sofa" : 12,  "end" : 2320,  "language" : "x-unspecified",  "documentTitle" : "40.%20snes-00862%20Jean%20Hilliard%20made%20a%20full%20recovery%20after%20she%20was%20found%20frozen%20in%20sub-zero%20temperatures.txt",  "documentId" : "admin",  "documentUri" : "file:/C:/Users/huiyi/.webanno/repository/project/4/document/209/source/admin",  "collectionId" : "file:/C:/Users/huiyi/.webanno/repository/project/4/document/209/source/",  "documentBaseUri" : "file:/C:/Users/huiyi/.webanno/repository/project/4/document/209/source/",  "isLastSegment" : false } ], 
      "TagsetDescription" : [
        {"sofa" : 12,  "layer" : "de.tudarmstadt.ukp.dkpro.core.api.syntax.type.dependency.Dependency",  "name" : "UD Universal Dependencies (v2)",  "input" : false }, 
        {"sofa" : 12,  "layer" : "de.tudarmstadt.ukp.dkpro.core.api.ner.type.NamedEntity",  "name" : "Named Entity tags",  "input" : false }, 
        {"sofa" : 12,  "layer" : "de.tudarmstadt.ukp.dkpro.core.api.transform.type.SofaChangeAnnotation",  "name" : "Operation",  "input" : false }, 
        {"sofa" : 12,  "layer" : "de.tudarmstadt.ukp.dkpro.core.api.lexmorph.type.pos.POS",  "name" : "UD Universal POS tags (v2)",  "input" : false }, 
        {"sofa" : 12,  "layer" : "webanno.custom.Persuasive_Labels",  "name" : "2. Using Anecdotes and Personal Experience as Evidence",  "input" : false } ], 
      "Sentence" : [
        {"sofa" : 12,  "end" : 99 }, 
        {"sofa" : 12,  "begin" : 101,  "end" : 514 }, 
        {"sofa" : 12,  "begin" : 515,  "end" : 564 }, 
        {"sofa" : 12,  "begin" : 566,  "end" : 620 }, 
        {"sofa" : 12,  "begin" : 621,  "end" : 661 }, 
        {"sofa" : 12,  "begin" : 662,  "end" : 722 }, 
        {"sofa" : 12,  "begin" : 723,  "end" : 757 }, 
        {"sofa" : 12,  "begin" : 758,  "end" : 775 }, 
        {"sofa" : 12,  "begin" : 777,  "end" : 871 }, 
        {"sofa" : 12,  "begin" : 872,  "end" : 979 }, 
        {"sofa" : 12,  "begin" : 980,  "end" : 1037 }, 
        {"sofa" : 12,  "begin" : 1038,  "end" : 1110 }, 
        {"sofa" : 12,  "begin" : 1111,  "end" : 1222 }, 
        {"sofa" : 12,  "begin" : 1223,  "end" : 1235 }, 
        {"sofa" : 12,  "begin" : 1236,  "end" : 1324 }, 
        {"sofa" : 12,  "begin" : 1326,  "end" : 1416 }, 
        {"sofa" : 12,  "begin" : 1417,  "end" : 1544 }, 
        {"sofa" : 12,  "begin" : 1546,  "end" : 1686 }, 
        {"sofa" : 12,  "begin" : 1688,  "end" : 1691 }, 
        {"sofa" : 12,  "begin" : 1692,  "end" : 1762 }, 
        {"sofa" : 12,  "begin" : 1763,  "end" : 1793 }, 
        {"sofa" : 12,  "begin" : 1794,  "end" : 1883 }, 
        {"sofa" : 12,  "begin" : 1885,  "end" : 2006 }, 
        {"sofa" : 12,  "begin" : 2007,  "end" : 2028 }, 
        {"sofa" : 12,  "begin" : 2029,  "end" : 2042 }, 
        {"sofa" : 12,  "begin" : 2044,  "end" : 2127 }, 
        {"sofa" : 12,  "begin" : 2128,  "end" : 2237 }, 
        {"sofa" : 12,  "begin" : 2238,  "end" : 2316 } ], 
      "Token" : [
        {"sofa" : 12,  "end" : 5 }, 
        {"sofa" : 12,  "begin" : 5,  "end" : 6 }, 
        {"sofa" : 12,  "begin" : 6,  "end" : 11 }, 
        {"sofa" : 12,  "begin" : 12,  "end" : 16 }, 
        {"sofa" : 12,  "begin" : 17,  "end" : 25 }, 
        {"sofa" : 12,  "begin" : 26,  "end" : 30 }, 
        {"sofa" : 12,  "begin" : 31,  "end" : 32 }, 
        {"sofa" : 12,  "begin" : 33,  "end" : 37 }, 
        {"sofa" : 12,  "begin" : 38,  "end" : 46 }, 
        {"sofa" : 12,  "begin" : 47,  "end" : 52 }, 
        {"sofa" : 12,  "begin" : 53,  "end" : 56 }, 
        {"sofa" : 12,  "begin" : 57,  "end" : 60 }, 
        {"sofa" : 12,  "begin" : 61,  "end" : 66 }, 
        {"sofa" : 12,  "begin" : 67,  "end" : 73 }, 
        {"sofa" : 12,  "begin" : 74,  "end" : 76 }, 
        {"sofa" : 12,  "begin" : 77,  "end" : 85 }, 
        {"sofa" : 12,  "begin" : 86,  "end" : 98 }, 
        {"sofa" : 12,  "begin" : 98,  "end" : 99 }, 
        {"sofa" : 12,  "begin" : 101,  "end" : 107 }, 
        {"sofa" : 12,  "begin" : 107,  "end" : 108 }, 
        {"sofa" : 12,  "begin" : 109,  "end" : 114 }, 
        {"sofa" : 12,  "begin" : 114,  "end" : 115 }, 
        {"sofa" : 12,  "begin" : 115,  "end" : 116 }, 
        {"sofa" : 12,  "begin" : 116,  "end" : 117 }, 
        {"sofa" : 12,  "begin" : 117,  "end" : 132 }, 
        {"sofa" : 12,  "begin" : 132,  "end" : 133 }, 
        {"sofa" : 12,  "begin" : 133,  "end" : 137 }, 
        {"sofa" : 12,  "begin" : 137,  "end" : 138 }, 
        {"sofa" : 12,  "begin" : 138,  "end" : 140 }, 
        {"sofa" : 12,  "begin" : 140,  "end" : 141 }, 
        {"sofa" : 12,  "begin" : 141,  "end" : 143 }, 
        {"sofa" : 12,  "begin" : 143,  "end" : 144 }, 
        {"sofa" : 12,  "begin" : 144,  "end" : 146 }, 
        {"sofa" : 12,  "begin" : 146,  "end" : 147 }, 
        {"sofa" : 12,  "begin" : 147,  "end" : 202 }, 
        {"sofa" : 12,  "begin" : 205,  "end" : 209 }, 
        {"sofa" : 12,  "begin" : 210,  "end" : 218 }, 
        {"sofa" : 12,  "begin" : 218,  "end" : 219 }, 
        {"sofa" : 12,  "begin" : 220,  "end" : 225 }, 
        {"sofa" : 12,  "begin" : 225,  "end" : 226 }, 
        {"sofa" : 12,  "begin" : 226,  "end" : 227 }, 
        {"sofa" : 12,  "begin" : 227,  "end" : 228 }, 
        {"sofa" : 12,  "begin" : 228,  "end" : 242 }, 
        {"sofa" : 12,  "begin" : 242,  "end" : 243 }, 
        {"sofa" : 12,  "begin" : 243,  "end" : 253 }, 
        {"sofa" : 12,  "begin" : 253,  "end" : 254 }, 
        {"sofa" : 12,  "begin" : 254,  "end" : 268 }, 
        {"sofa" : 12,  "begin" : 268,  "end" : 269 }, 
        {"sofa" : 12,  "begin" : 273,  "end" : 279 }, 
        {"sofa" : 12,  "begin" : 280,  "end" : 287 }, 
        {"sofa" : 12,  "begin" : 287,  "end" : 288 }, 
        {"sofa" : 12,  "begin" : 291,  "end" : 297 }, 
        {"sofa" : 12,  "begin" : 298,  "end" : 307 }, 
        {"sofa" : 12,  "begin" : 308,  "end" : 316 }, 
        {"sofa" : 12,  "begin" : 317,  "end" : 322 }, 
        {"sofa" : 12,  "begin" : 323,  "end" : 328 }, 
        {"sofa" : 12,  "begin" : 329,  "end" : 330 }, 
        {"sofa" : 12,  "begin" : 330,  "end" : 336 }, 
        {"sofa" : 12,  "begin" : 337,  "end" : 342 }, 
        {"sofa" : 12,  "begin" : 342,  "end" : 343 }, 
        {"sofa" : 12,  "begin" : 345,  "end" : 349 }, 
        {"sofa" : 12,  "begin" : 350,  "end" : 358 }, 
        {"sofa" : 12,  "begin" : 359,  "end" : 362 }, 
        {"sofa" : 12,  "begin" : 363,  "end" : 372 }, 
        {"sofa" : 12,  "begin" : 373,  "end" : 379 }, 
        {"sofa" : 12,  "begin" : 380,  "end" : 385 }, 
        {"sofa" : 12,  "begin" : 385,  "end" : 386 }, 
        {"sofa" : 12,  "begin" : 387,  "end" : 388 }, 
        {"sofa" : 12,  "begin" : 388,  "end" : 389 }, 
        {"sofa" : 12,  "begin" : 389,  "end" : 393 }, 
        {"sofa" : 12,  "begin" : 394,  "end" : 395 }, 
        {"sofa" : 12,  "begin" : 396,  "end" : 401 }, 
        {"sofa" : 12,  "begin" : 402,  "end" : 404 }, 
        {"sofa" : 12,  "begin" : 405,  "end" : 409 }, 
        {"sofa" : 12,  "begin" : 410,  "end" : 413 }, 
        {"sofa" : 12,  "begin" : 414,  "end" : 416 }, 
        {"sofa" : 12,  "begin" : 417,  "end" : 418 }, 
        {"sofa" : 12,  "begin" : 419,  "end" : 423 }, 
        {"sofa" : 12,  "begin" : 424,  "end" : 430 }, 
        {"sofa" : 12,  "begin" : 430,  "end" : 431 }, 
        {"sofa" : 12,  "begin" : 431,  "end" : 432 }, 
        {"sofa" : 12,  "begin" : 432,  "end" : 433 }, 
        {"sofa" : 12,  "begin" : 434,  "end" : 438 }, 
        {"sofa" : 12,  "begin" : 439,  "end" : 440 }, 
        {"sofa" : 12,  "begin" : 441,  "end" : 447 }, 
        {"sofa" : 12,  "begin" : 448,  "end" : 453 }, 
        {"sofa" : 12,  "begin" : 454,  "end" : 457 }, 
        {"sofa" : 12,  "begin" : 458,  "end" : 460 }, 
        {"sofa" : 12,  "begin" : 461,  "end" : 464 }, 
        {"sofa" : 12,  "begin" : 465,  "end" : 469 }, 
        {"sofa" : 12,  "begin" : 470,  "end" : 475 }, 
        {"sofa" : 12,  "begin" : 476,  "end" : 477 }, 
        {"sofa" : 12,  "begin" : 478,  "end" : 483 }, 
        {"sofa" : 12,  "begin" : 484,  "end" : 486 }, 
        {"sofa" : 12,  "begin" : 487,  "end" : 489 }, 
        {"sofa" : 12,  "begin" : 489,  "end" : 490 }, 
        {"sofa" : 12,  "begin" : 490,  "end" : 500 }, 
        {"sofa" : 12,  "begin" : 501,  "end" : 513 }, 
        {"sofa" : 12,  "begin" : 513,  "end" : 514 }, 
        {"sofa" : 12,  "begin" : 515,  "end" : 518 }, 
        {"sofa" : 12,  "begin" : 519,  "end" : 522 }, 
        {"sofa" : 12,  "begin" : 523,  "end" : 525 }, 
        {"sofa" : 12,  "begin" : 525,  "end" : 526 }, 
        {"sofa" : 12,  "begin" : 526,  "end" : 534 }, 
        {"sofa" : 12,  "begin" : 535,  "end" : 538 }, 
        {"sofa" : 12,  "begin" : 539,  "end" : 543 }, 
        {"sofa" : 12,  "begin" : 544,  "end" : 546 }, 
        {"sofa" : 12,  "begin" : 547,  "end" : 554 }, 
        {"sofa" : 12,  "begin" : 555,  "end" : 563 }, 
        {"sofa" : 12,  "begin" : 563,  "end" : 564 }, 
        {"sofa" : 12,  "begin" : 566,  "end" : 567 }, 
        {"sofa" : 12,  "begin" : 567,  "end" : 568 }, 
        {"sofa" : 12,  "begin" : 568,  "end" : 570 }, 
        {"sofa" : 12,  "begin" : 571,  "end" : 576 }, 
        {"sofa" : 12,  "begin" : 576,  "end" : 577 }, 
        {"sofa" : 12,  "begin" : 578,  "end" : 579 }, 
        {"sofa" : 12,  "begin" : 580,  "end" : 585 }, 
        {"sofa" : 12,  "begin" : 586,  "end" : 590 }, 
        {"sofa" : 12,  "begin" : 591,  "end" : 592 }, 
        {"sofa" : 12,  "begin" : 593,  "end" : 599 }, 
        {"sofa" : 12,  "begin" : 600,  "end" : 602 }, 
        {"sofa" : 12,  "begin" : 603,  "end" : 607 }, 
        {"sofa" : 12,  "begin" : 607,  "end" : 608 }, 
        {"sofa" : 12,  "begin" : 608,  "end" : 609 }, 
        {"sofa" : 12,  "begin" : 609,  "end" : 610 }, 
        {"sofa" : 12,  "begin" : 611,  "end" : 614 }, 
        {"sofa" : 12,  "begin" : 615,  "end" : 619 }, 
        {"sofa" : 12,  "begin" : 619,  "end" : 620 }, 
        {"sofa" : 12,  "begin" : 621,  "end" : 622 }, 
        {"sofa" : 12,  "begin" : 622,  "end" : 623 }, 
        {"sofa" : 12,  "begin" : 623,  "end" : 624 }, 
        {"sofa" : 12,  "begin" : 625,  "end" : 630 }, 
        {"sofa" : 12,  "begin" : 631,  "end" : 638 }, 
        {"sofa" : 12,  "begin" : 639,  "end" : 642 }, 
        {"sofa" : 12,  "begin" : 643,  "end" : 648 }, 
        {"sofa" : 12,  "begin" : 649,  "end" : 654 }, 
        {"sofa" : 12,  "begin" : 654,  "end" : 655 }, 
        {"sofa" : 12,  "begin" : 655,  "end" : 656 }, 
        {"sofa" : 12,  "begin" : 656,  "end" : 657 }, 
        {"sofa" : 12,  "begin" : 658,  "end" : 660 }, 
        {"sofa" : 12,  "begin" : 660,  "end" : 661 }, 
        {"sofa" : 12,  "begin" : 662,  "end" : 668 }, 
        {"sofa" : 12,  "begin" : 669,  "end" : 675 }, 
        {"sofa" : 12,  "begin" : 675,  "end" : 676 }, 
        {"sofa" : 12,  "begin" : 677,  "end" : 680 }, 
        {"sofa" : 12,  "begin" : 681,  "end" : 687 }, 
        {"sofa" : 12,  "begin" : 688,  "end" : 693 }, 
        {"sofa" : 12,  "begin" : 694,  "end" : 697 }, 
        {"sofa" : 12,  "begin" : 698,  "end" : 703 }, 
        {"sofa" : 12,  "begin" : 704,  "end" : 709 }, 
        {"sofa" : 12,  "begin" : 709,  "end" : 710 }, 
        {"sofa" : 12,  "begin" : 711,  "end" : 715 }, 
        {"sofa" : 12,  "begin" : 716,  "end" : 721 }, 
        {"sofa" : 12,  "begin" : 721,  "end" : 722 }, 
        {"sofa" : 12,  "begin" : 723,  "end" : 724 }, 
        {"sofa" : 12,  "begin" : 724,  "end" : 725 }, 
        {"sofa" : 12,  "begin" : 725,  "end" : 728 }, 
        {"sofa" : 12,  "begin" : 729,  "end" : 732 }, 
        {"sofa" : 12,  "begin" : 733,  "end" : 739 }, 
        {"sofa" : 12,  "begin" : 740,  "end" : 745 }, 
        {"sofa" : 12,  "begin" : 745,  "end" : 746 }, 
        {"sofa" : 12,  "begin" : 747,  "end" : 756 }, 
        {"sofa" : 12,  "begin" : 756,  "end" : 757 }, 
        {"sofa" : 12,  "begin" : 758,  "end" : 762 }, 
        {"sofa" : 12,  "begin" : 763,  "end" : 764 }, 
        {"sofa" : 12,  "begin" : 765,  "end" : 772 }, 
        {"sofa" : 12,  "begin" : 772,  "end" : 773 }, 
        {"sofa" : 12,  "begin" : 773,  "end" : 774 }, 
        {"sofa" : 12,  "begin" : 774,  "end" : 775 }, 
        {"sofa" : 12,  "begin" : 777,  "end" : 781 }, 
        {"sofa" : 12,  "begin" : 782,  "end" : 790 }, 
        {"sofa" : 12,  "begin" : 791,  "end" : 794 }, 
        {"sofa" : 12,  "begin" : 795,  "end" : 801 }, 
        {"sofa" : 12,  "begin" : 802,  "end" : 807 }, 
        {"sofa" : 12,  "begin" : 808,  "end" : 809 }, 
        {"sofa" : 12,  "begin" : 810,  "end" : 818 }, 
        {"sofa" : 12,  "begin" : 819,  "end" : 829 }, 
        {"sofa" : 12,  "begin" : 830,  "end" : 838 }, 
        {"sofa" : 12,  "begin" : 839,  "end" : 841 }, 
        {"sofa" : 12,  "begin" : 842,  "end" : 847 }, 
        {"sofa" : 12,  "begin" : 848,  "end" : 860 }, 
        {"sofa" : 12,  "begin" : 861,  "end" : 870 }, 
        {"sofa" : 12,  "begin" : 870,  "end" : 871 }, 
        {"sofa" : 12,  "begin" : 872,  "end" : 876 }, 
        {"sofa" : 12,  "begin" : 877,  "end" : 880 }, 
        {"sofa" : 12,  "begin" : 881,  "end" : 888 }, 
        {"sofa" : 12,  "begin" : 889,  "end" : 891 }, 
        {"sofa" : 12,  "begin" : 892,  "end" : 895 }, 
        {"sofa" : 12,  "begin" : 896,  "end" : 903 }, 
        {"sofa" : 12,  "begin" : 903,  "end" : 904 }, 
        {"sofa" : 12,  "begin" : 905,  "end" : 909 }, 
        {"sofa" : 12,  "begin" : 909,  "end" : 910 }, 
        {"sofa" : 12,  "begin" : 910,  "end" : 911 }, 
        {"sofa" : 12,  "begin" : 912,  "end" : 920 }, 
        {"sofa" : 12,  "begin" : 920,  "end" : 921 }, 
        {"sofa" : 12,  "begin" : 922,  "end" : 925 }, 
        {"sofa" : 12,  "begin" : 926,  "end" : 930 }, 
        {"sofa" : 12,  "begin" : 931,  "end" : 934 }, 
        {"sofa" : 12,  "begin" : 935,  "end" : 938 }, 
        {"sofa" : 12,  "begin" : 939,  "end" : 943 }, 
        {"sofa" : 12,  "begin" : 944,  "end" : 946 }, 
        {"sofa" : 12,  "begin" : 947,  "end" : 953 }, 
        {"sofa" : 12,  "begin" : 954,  "end" : 958 }, 
        {"sofa" : 12,  "begin" : 959,  "end" : 960 }, 
        {"sofa" : 12,  "begin" : 961,  "end" : 971 }, 
        {"sofa" : 12,  "begin" : 972,  "end" : 978 }, 
        {"sofa" : 12,  "begin" : 978,  "end" : 979 }, 
        {"sofa" : 12,  "begin" : 980,  "end" : 983 }, 
        {"sofa" : 12,  "begin" : 984,  "end" : 995 }, 
        {"sofa" : 12,  "begin" : 996,  "end" : 999 }, 
        {"sofa" : 12,  "begin" : 1000,  "end" : 1003 }, 
        {"sofa" : 12,  "begin" : 1004,  "end" : 1007 }, 
        {"sofa" : 12,  "begin" : 1008,  "end" : 1010 }, 
        {"sofa" : 12,  "begin" : 1011,  "end" : 1019 }, 
        {"sofa" : 12,  "begin" : 1020,  "end" : 1022 }, 
        {"sofa" : 12,  "begin" : 1023,  "end" : 1024 }, 
        {"sofa" : 12,  "begin" : 1025,  "end" : 1036 }, 
        {"sofa" : 12,  "begin" : 1036,  "end" : 1037 }, 
        {"sofa" : 12,  "begin" : 1038,  "end" : 1041 }, 
        {"sofa" : 12,  "begin" : 1042,  "end" : 1046 }, 
        {"sofa" : 12,  "begin" : 1047,  "end" : 1050 }, 
        {"sofa" : 12,  "begin" : 1051,  "end" : 1056 }, 
        {"sofa" : 12,  "begin" : 1057,  "end" : 1060 }, 
        {"sofa" : 12,  "begin" : 1061,  "end" : 1064 }, 
        {"sofa" : 12,  "begin" : 1065,  "end" : 1069 }, 
        {"sofa" : 12,  "begin" : 1070,  "end" : 1074 }, 
        {"sofa" : 12,  "begin" : 1075,  "end" : 1080 }, 
        {"sofa" : 12,  "begin" : 1081,  "end" : 1084 }, 
        {"sofa" : 12,  "begin" : 1085,  "end" : 1088 }, 
        {"sofa" : 12,  "begin" : 1089,  "end" : 1092 }, 
        {"sofa" : 12,  "begin" : 1093,  "end" : 1100 }, 
        {"sofa" : 12,  "begin" : 1101,  "end" : 1103 }, 
        {"sofa" : 12,  "begin" : 1104,  "end" : 1109 }, 
        {"sofa" : 12,  "begin" : 1109,  "end" : 1110 }, 
        {"sofa" : 12,  "begin" : 1111,  "end" : 1118 }, 
        {"sofa" : 12,  "begin" : 1119,  "end" : 1122 }, 
        {"sofa" : 12,  "begin" : 1123,  "end" : 1130 }, 
        {"sofa" : 12,  "begin" : 1132,  "end" : 1133 }, 
        {"sofa" : 12,  "begin" : 1133,  "end" : 1134 }, 
        {"sofa" : 12,  "begin" : 1134,  "end" : 1137 }, 
        {"sofa" : 12,  "begin" : 1138,  "end" : 1146 }, 
        {"sofa" : 12,  "begin" : 1147,  "end" : 1153 }, 
        {"sofa" : 12,  "begin" : 1154,  "end" : 1160 }, 
        {"sofa" : 12,  "begin" : 1161,  "end" : 1166 }, 
        {"sofa" : 12,  "begin" : 1167,  "end" : 1170 }, 
        {"sofa" : 12,  "begin" : 1171,  "end" : 1173 }, 
        {"sofa" : 12,  "begin" : 1174,  "end" : 1179 }, 
        {"sofa" : 12,  "begin" : 1180,  "end" : 1185 }, 
        {"sofa" : 12,  "begin" : 1186,  "end" : 1191 }, 
        {"sofa" : 12,  "begin" : 1192,  "end" : 1195 }, 
        {"sofa" : 12,  "begin" : 1196,  "end" : 1203 }, 
        {"sofa" : 12,  "begin" : 1204,  "end" : 1211 }, 
        {"sofa" : 12,  "begin" : 1212,  "end" : 1215 }, 
        {"sofa" : 12,  "begin" : 1215,  "end" : 1216 }, 
        {"sofa" : 12,  "begin" : 1216,  "end" : 1217 }, 
        {"sofa" : 12,  "begin" : 1217,  "end" : 1218 }, 
        {"sofa" : 12,  "begin" : 1219,  "end" : 1221 }, 
        {"sofa" : 12,  "begin" : 1221,  "end" : 1222 }, 
        {"sofa" : 12,  "begin" : 1223,  "end" : 1229 }, 
        {"sofa" : 12,  "begin" : 1230,  "end" : 1234 }, 
        {"sofa" : 12,  "begin" : 1234,  "end" : 1235 }, 
        {"sofa" : 12,  "begin" : 1236,  "end" : 1237 }, 
        {"sofa" : 12,  "begin" : 1237,  "end" : 1238 }, 
        {"sofa" : 12,  "begin" : 1238,  "end" : 1241 }, 
        {"sofa" : 12,  "begin" : 1242,  "end" : 1246 }, 
        {"sofa" : 12,  "begin" : 1247,  "end" : 1250 }, 
        {"sofa" : 12,  "begin" : 1251,  "end" : 1255 }, 
        {"sofa" : 12,  "begin" : 1255,  "end" : 1256 }, 
        {"sofa" : 12,  "begin" : 1257,  "end" : 1267 }, 
        {"sofa" : 12,  "begin" : 1268,  "end" : 1273 }, 
        {"sofa" : 12,  "begin" : 1273,  "end" : 1274 }, 
        {"sofa" : 12,  "begin" : 1275,  "end" : 1279 }, 
        {"sofa" : 12,  "begin" : 1280,  "end" : 1284 }, 
        {"sofa" : 12,  "begin" : 1285,  "end" : 1286 }, 
        {"sofa" : 12,  "begin" : 1287,  "end" : 1292 }, 
        {"sofa" : 12,  "begin" : 1293,  "end" : 1295 }, 
        {"sofa" : 12,  "begin" : 1296,  "end" : 1300 }, 
        {"sofa" : 12,  "begin" : 1301,  "end" : 1304 }, 
        {"sofa" : 12,  "begin" : 1305,  "end" : 1307 }, 
        {"sofa" : 12,  "begin" : 1308,  "end" : 1309 }, 
        {"sofa" : 12,  "begin" : 1310,  "end" : 1314 }, 
        {"sofa" : 12,  "begin" : 1315,  "end" : 1321 }, 
        {"sofa" : 12,  "begin" : 1321,  "end" : 1322 }, 
        {"sofa" : 12,  "begin" : 1322,  "end" : 1323 }, 
        {"sofa" : 12,  "begin" : 1323,  "end" : 1324 }, 
        {"sofa" : 12,  "begin" : 1326,  "end" : 1329 }, 
        {"sofa" : 12,  "begin" : 1330,  "end" : 1336 }, 
        {"sofa" : 12,  "begin" : 1337,  "end" : 1342 }, 
        {"sofa" : 12,  "begin" : 1343,  "end" : 1347 }, 
        {"sofa" : 12,  "begin" : 1348,  "end" : 1351 }, 
        {"sofa" : 12,  "begin" : 1351,  "end" : 1352 }, 
        {"sofa" : 12,  "begin" : 1353,  "end" : 1355 }, 
        {"sofa" : 12,  "begin" : 1356,  "end" : 1358 }, 
        {"sofa" : 12,  "begin" : 1359,  "end" : 1362 }, 
        {"sofa" : 12,  "begin" : 1363,  "end" : 1366 }, 
        {"sofa" : 12,  "begin" : 1367,  "end" : 1376 }, 
        {"sofa" : 12,  "begin" : 1377,  "end" : 1379 }, 
        {"sofa" : 12,  "begin" : 1380,  "end" : 1383 }, 
        {"sofa" : 12,  "begin" : 1384,  "end" : 1391 }, 
        {"sofa" : 12,  "begin" : 1391,  "end" : 1392 }, 
        {"sofa" : 12,  "begin" : 1393,  "end" : 1397 }, 
        {"sofa" : 12,  "begin" : 1398,  "end" : 1402 }, 
        {"sofa" : 12,  "begin" : 1403,  "end" : 1409 }, 
        {"sofa" : 12,  "begin" : 1409,  "end" : 1410 }, 
        {"sofa" : 12,  "begin" : 1411,  "end" : 1415 }, 
        {"sofa" : 12,  "begin" : 1415,  "end" : 1416 }, 
        {"sofa" : 12,  "begin" : 1417,  "end" : 1420 }, 
        {"sofa" : 12,  "begin" : 1421,  "end" : 1427 }, 
        {"sofa" : 12,  "begin" : 1428,  "end" : 1431 }, 
        {"sofa" : 12,  "begin" : 1432,  "end" : 1439 }, 
        {"sofa" : 12,  "begin" : 1440,  "end" : 1443 }, 
        {"sofa" : 12,  "begin" : 1444,  "end" : 1447 }, 
        {"sofa" : 12,  "begin" : 1448,  "end" : 1452 }, 
        {"sofa" : 12,  "begin" : 1453,  "end" : 1455 }, 
        {"sofa" : 12,  "begin" : 1456,  "end" : 1459 }, 
        {"sofa" : 12,  "begin" : 1460,  "end" : 1464 }, 
        {"sofa" : 12,  "begin" : 1465,  "end" : 1467 }, 
        {"sofa" : 12,  "begin" : 1468,  "end" : 1471 }, 
        {"sofa" : 12,  "begin" : 1472,  "end" : 1477 }, 
        {"sofa" : 12,  "begin" : 1478,  "end" : 1483 }, 
        {"sofa" : 12,  "begin" : 1484,  "end" : 1490 }, 
        {"sofa" : 12,  "begin" : 1491,  "end" : 1502 }, 
        {"sofa" : 12,  "begin" : 1503,  "end" : 1506 }, 
        {"sofa" : 12,  "begin" : 1507,  "end" : 1514 }, 
        {"sofa" : 12,  "begin" : 1515,  "end" : 1517 }, 
        {"sofa" : 12,  "begin" : 1518,  "end" : 1521 }, 
        {"sofa" : 12,  "begin" : 1522,  "end" : 1527 }, 
        {"sofa" : 12,  "begin" : 1527,  "end" : 1528 }, 
        {"sofa" : 12,  "begin" : 1529,  "end" : 1535 }, 
        {"sofa" : 12,  "begin" : 1536,  "end" : 1543 }, 
        {"sofa" : 12,  "begin" : 1543,  "end" : 1544 }, 
        {"sofa" : 12,  "begin" : 1546,  "end" : 1550 }, 
        {"sofa" : 12,  "begin" : 1551,  "end" : 1553 }, 
        {"sofa" : 12,  "begin" : 1554,  "end" : 1561 }, 
        {"sofa" : 12,  "begin" : 1562,  "end" : 1567 }, 
        {"sofa" : 12,  "begin" : 1567,  "end" : 1568 }, 
        {"sofa" : 12,  "begin" : 1569,  "end" : 1570 }, 
        {"sofa" : 12,  "begin" : 1571,  "end" : 1575 }, 
        {"sofa" : 12,  "begin" : 1576,  "end" : 1579 }, 
        {"sofa" : 12,  "begin" : 1580,  "end" : 1587 }, 
        {"sofa" : 12,  "begin" : 1587,  "end" : 1588 }, 
        {"sofa" : 12,  "begin" : 1589,  "end" : 1592 }, 
        {"sofa" : 12,  "begin" : 1593,  "end" : 1598 }, 
        {"sofa" : 12,  "begin" : 1599,  "end" : 1606 }, 
        {"sofa" : 12,  "begin" : 1607,  "end" : 1609 }, 
        {"sofa" : 12,  "begin" : 1610,  "end" : 1615 }, 
        {"sofa" : 12,  "begin" : 1616,  "end" : 1624 }, 
        {"sofa" : 12,  "begin" : 1625,  "end" : 1629 }, 
        {"sofa" : 12,  "begin" : 1630,  "end" : 1633 }, 
        {"sofa" : 12,  "begin" : 1634,  "end" : 1639 }, 
        {"sofa" : 12,  "begin" : 1640,  "end" : 1644 }, 
        {"sofa" : 12,  "begin" : 1645,  "end" : 1648 }, 
        {"sofa" : 12,  "begin" : 1649,  "end" : 1658 }, 
        {"sofa" : 12,  "begin" : 1659,  "end" : 1663 }, 
        {"sofa" : 12,  "begin" : 1664,  "end" : 1666 }, 
        {"sofa" : 12,  "begin" : 1667,  "end" : 1671 }, 
        {"sofa" : 12,  "begin" : 1672,  "end" : 1676 }, 
        {"sofa" : 12,  "begin" : 1677,  "end" : 1680 }, 
        {"sofa" : 12,  "begin" : 1681,  "end" : 1685 }, 
        {"sofa" : 12,  "begin" : 1685,  "end" : 1686 }, 
        {"sofa" : 12,  "begin" : 1688,  "end" : 1690 }, 
        {"sofa" : 12,  "begin" : 1690,  "end" : 1691 }, 
        {"sofa" : 12,  "begin" : 1692,  "end" : 1698 }, 
        {"sofa" : 12,  "begin" : 1699,  "end" : 1704 }, 
        {"sofa" : 12,  "begin" : 1705,  "end" : 1708 }, 
        {"sofa" : 12,  "begin" : 1709,  "end" : 1711 }, 
        {"sofa" : 12,  "begin" : 1712,  "end" : 1718 }, 
        {"sofa" : 12,  "begin" : 1719,  "end" : 1722 }, 
        {"sofa" : 12,  "begin" : 1723,  "end" : 1726 }, 
        {"sofa" : 12,  "begin" : 1727,  "end" : 1731 }, 
        {"sofa" : 12,  "begin" : 1732,  "end" : 1734 }, 
        {"sofa" : 12,  "begin" : 1735,  "end" : 1736 }, 
        {"sofa" : 12,  "begin" : 1737,  "end" : 1744 }, 
        {"sofa" : 12,  "begin" : 1745,  "end" : 1748 }, 
        {"sofa" : 12,  "begin" : 1749,  "end" : 1753 }, 
        {"sofa" : 12,  "begin" : 1754,  "end" : 1761 }, 
        {"sofa" : 12,  "begin" : 1761,  "end" : 1762 }, 
        {"sofa" : 12,  "begin" : 1763,  "end" : 1766 }, 
        {"sofa" : 12,  "begin" : 1767,  "end" : 1771 }, 
        {"sofa" : 12,  "begin" : 1772,  "end" : 1775 }, 
        {"sofa" : 12,  "begin" : 1776,  "end" : 1778 }, 
        {"sofa" : 12,  "begin" : 1779,  "end" : 1784 }, 
        {"sofa" : 12,  "begin" : 1785,  "end" : 1789 }, 
        {"sofa" : 12,  "begin" : 1790,  "end" : 1792 }, 
        {"sofa" : 12,  "begin" : 1792,  "end" : 1793 }, 
        {"sofa" : 12,  "begin" : 1794,  "end" : 1800 }, 
        {"sofa" : 12,  "begin" : 1801,  "end" : 1807 }, 
        {"sofa" : 12,  "begin" : 1808,  "end" : 1811 }, 
        {"sofa" : 12,  "begin" : 1812,  "end" : 1813 }, 
        {"sofa" : 12,  "begin" : 1813,  "end" : 1814 }, 
        {"sofa" : 12,  "begin" : 1814,  "end" : 1824 }, 
        {"sofa" : 12,  "begin" : 1824,  "end" : 1825 }, 
        {"sofa" : 12,  "begin" : 1825,  "end" : 1826 }, 
        {"sofa" : 12,  "begin" : 1827,  "end" : 1829 }, 
        {"sofa" : 12,  "begin" : 1830,  "end" : 1833 }, 
        {"sofa" : 12,  "begin" : 1834,  "end" : 1838 }, 
        {"sofa" : 12,  "begin" : 1839,  "end" : 1843 }, 
        {"sofa" : 12,  "begin" : 1844,  "end" : 1846 }, 
        {"sofa" : 12,  "begin" : 1847,  "end" : 1850 }, 
        {"sofa" : 12,  "begin" : 1851,  "end" : 1854 }, 
        {"sofa" : 12,  "begin" : 1855,  "end" : 1858 }, 
        {"sofa" : 12,  "begin" : 1859,  "end" : 1865 }, 
        {"sofa" : 12,  "begin" : 1866,  "end" : 1869 }, 
        {"sofa" : 12,  "begin" : 1870,  "end" : 1873 }, 
        {"sofa" : 12,  "begin" : 1874,  "end" : 1882 }, 
        {"sofa" : 12,  "begin" : 1882,  "end" : 1883 }, 
        {"sofa" : 12,  "begin" : 1885,  "end" : 1892 }, 
        {"sofa" : 12,  "begin" : 1893,  "end" : 1897 }, 
        {"sofa" : 12,  "begin" : 1898,  "end" : 1904 }, 
        {"sofa" : 12,  "begin" : 1905,  "end" : 1907 }, 
        {"sofa" : 12,  "begin" : 1908,  "end" : 1912 }, 
        {"sofa" : 12,  "begin" : 1913,  "end" : 1916 }, 
        {"sofa" : 12,  "begin" : 1917,  "end" : 1928 }, 
        {"sofa" : 12,  "begin" : 1929,  "end" : 1937 }, 
        {"sofa" : 12,  "begin" : 1938,  "end" : 1945 }, 
        {"sofa" : 12,  "begin" : 1946,  "end" : 1947 }, 
        {"sofa" : 12,  "begin" : 1947,  "end" : 1948 }, 
        {"sofa" : 12,  "begin" : 1948,  "end" : 1951 }, 
        {"sofa" : 12,  "begin" : 1952,  "end" : 1955 }, 
        {"sofa" : 12,  "begin" : 1956,  "end" : 1962 }, 
        {"sofa" : 12,  "begin" : 1963,  "end" : 1966 }, 
        {"sofa" : 12,  "begin" : 1967,  "end" : 1972 }, 
        {"sofa" : 12,  "begin" : 1973,  "end" : 1975 }, 
        {"sofa" : 12,  "begin" : 1976,  "end" : 1985 }, 
        {"sofa" : 12,  "begin" : 1986,  "end" : 1989 }, 
        {"sofa" : 12,  "begin" : 1990,  "end" : 1994 }, 
        {"sofa" : 12,  "begin" : 1994,  "end" : 1995 }, 
        {"sofa" : 12,  "begin" : 1995,  "end" : 1996 }, 
        {"sofa" : 12,  "begin" : 1996,  "end" : 1997 }, 
        {"sofa" : 12,  "begin" : 1998,  "end" : 2002 }, 
        {"sofa" : 12,  "begin" : 2003,  "end" : 2005 }, 
        {"sofa" : 12,  "begin" : 2005,  "end" : 2006 }, 
        {"sofa" : 12,  "begin" : 2007,  "end" : 2015 }, 
        {"sofa" : 12,  "begin" : 2016,  "end" : 2023 }, 
        {"sofa" : 12,  "begin" : 2023,  "end" : 2024 }, 
        {"sofa" : 12,  "begin" : 2025,  "end" : 2027 }, 
        {"sofa" : 12,  "begin" : 2027,  "end" : 2028 }, 
        {"sofa" : 12,  "begin" : 2029,  "end" : 2034 }, 
        {"sofa" : 12,  "begin" : 2035,  "end" : 2041 }, 
        {"sofa" : 12,  "begin" : 2041,  "end" : 2042 }, 
        {"sofa" : 12,  "begin" : 2044,  "end" : 2047 }, 
        {"sofa" : 12,  "begin" : 2048,  "end" : 2053 }, 
        {"sofa" : 12,  "begin" : 2053,  "end" : 2054 }, 
        {"sofa" : 12,  "begin" : 2055,  "end" : 2061 }, 
        {"sofa" : 12,  "begin" : 2062,  "end" : 2073 }, 
        {"sofa" : 12,  "begin" : 2074,  "end" : 2081 }, 
        {"sofa" : 12,  "begin" : 2082,  "end" : 2085 }, 
        {"sofa" : 12,  "begin" : 2086,  "end" : 2092 }, 
        {"sofa" : 12,  "begin" : 2093,  "end" : 2097 }, 
        {"sofa" : 12,  "begin" : 2097,  "end" : 2098 }, 
        {"sofa" : 12,  "begin" : 2099,  "end" : 2102 }, 
        {"sofa" : 12,  "begin" : 2103,  "end" : 2108 }, 
        {"sofa" : 12,  "begin" : 2109,  "end" : 2111 }, 
        {"sofa" : 12,  "begin" : 2112,  "end" : 2117 }, 
        {"sofa" : 12,  "begin" : 2118,  "end" : 2119 }, 
        {"sofa" : 12,  "begin" : 2120,  "end" : 2126 }, 
        {"sofa" : 12,  "begin" : 2126,  "end" : 2127 }, 
        {"sofa" : 12,  "begin" : 2128,  "end" : 2131 }, 
        {"sofa" : 12,  "begin" : 2132,  "end" : 2135 }, 
        {"sofa" : 12,  "begin" : 2136,  "end" : 2147 }, 
        {"sofa" : 12,  "begin" : 2148,  "end" : 2151 }, 
        {"sofa" : 12,  "begin" : 2152,  "end" : 2155 }, 
        {"sofa" : 12,  "begin" : 2156,  "end" : 2159 }, 
        {"sofa" : 12,  "begin" : 2160,  "end" : 2163 }, 
        {"sofa" : 12,  "begin" : 2164,  "end" : 2165 }, 
        {"sofa" : 12,  "begin" : 2166,  "end" : 2177 }, 
        {"sofa" : 12,  "begin" : 2177,  "end" : 2178 }, 
        {"sofa" : 12,  "begin" : 2179,  "end" : 2183 }, 
        {"sofa" : 12,  "begin" : 2184,  "end" : 2185 }, 
        {"sofa" : 12,  "begin" : 2186,  "end" : 2189 }, 
        {"sofa" : 12,  "begin" : 2190,  "end" : 2197 }, 
        {"sofa" : 12,  "begin" : 2198,  "end" : 2200 }, 
        {"sofa" : 12,  "begin" : 2201,  "end" : 2203 }, 
        {"sofa" : 12,  "begin" : 2204,  "end" : 2211 }, 
        {"sofa" : 12,  "begin" : 2211,  "end" : 2212 }, 
        {"sofa" : 12,  "begin" : 2213,  "end" : 2215 }, 
        {"sofa" : 12,  "begin" : 2216,  "end" : 2223 }, 
        {"sofa" : 12,  "begin" : 2224,  "end" : 2229 }, 
        {"sofa" : 12,  "begin" : 2230,  "end" : 2236 }, 
        {"sofa" : 12,  "begin" : 2236,  "end" : 2237 }, 
        {"sofa" : 12,  "begin" : 2238,  "end" : 2241 }, 
        {"sofa" : 12,  "begin" : 2242,  "end" : 2244 }, 
        {"sofa" : 12,  "begin" : 2245,  "end" : 2252 }, 
        {"sofa" : 12,  "begin" : 2253,  "end" : 2258 }, 
        {"sofa" : 12,  "begin" : 2258,  "end" : 2259 }, 
        {"sofa" : 12,  "begin" : 2260,  "end" : 2267 }, 
        {"sofa" : 12,  "begin" : 2268,  "end" : 2270 }, 
        {"sofa" : 12,  "begin" : 2271,  "end" : 2273 }, 
        {"sofa" : 12,  "begin" : 2274,  "end" : 2282 }, 
        {"sofa" : 12,  "begin" : 2283,  "end" : 2290 }, 
        {"sofa" : 12,  "begin" : 2291,  "end" : 2294 }, 
        {"sofa" : 12,  "begin" : 2294,  "end" : 2295 }, 
        {"sofa" : 12,  "begin" : 2296,  "end" : 2299 }, 
        {"sofa" : 12,  "begin" : 2300,  "end" : 2305 }, 
        {"sofa" : 12,  "begin" : 2306,  "end" : 2308 }, 
        {"sofa" : 12,  "begin" : 2309,  "end" : 2315 }, 
        {"sofa" : 12,  "begin" : 2315,  "end" : 2316 } ], 
      "Persuasive_Labels" : [
        {"sofa" : 12,  "begin" : 291,  "end" : 343,  "DistinctiveLinguisticFeatures" : "uppercase words" }, 
        {"sofa" : 12,  "begin" : 291,  "end" : 343,  "DistinctiveLinguisticFeatures" : "distinctive linguistic features" }, 
        {"sofa" : 12,  "begin" : 658,  "end" : 722,  "EstablishingLegitimacy" : "Establishing Legitimacy" }, 
        {"sofa" : 12,  "begin" : 658,  "end" : 722,  "EstablishingLegitimacy" : "citing source to establish legitimacy_source not verified" }, 
        {"sofa" : 12,  "begin" : 777,  "end" : 1110,  "FabricatingNarrativewithDetails" : "Narrative with details_details verified to be true" }, 
        {"sofa" : 12,  "begin" : 777,  "end" : 1110,  "FabricatingNarrativewithDetails" : "Narrative with Details" }, 
        {"sofa" : 12,  "begin" : 1326,  "end" : 2316,  "FabricatingNarrativewithDetails" : "Narrative with details_details verified to be true" }, 
        {"sofa" : 12,  "begin" : 1326,  "end" : 2316,  "FabricatingNarrativewithDetails" : "Narrative with Details" } ] } }, 
  "_referenced_fss" : {
    "12" : {"_type" : "Sofa",  "sofaNum" : 1,  "sofaID" : "_InitialView",  "mimeType" : "text",  "sofaString" : "﻿snes-00862 Jean Hilliard made a full recovery after she was found frozen in sub-zero temperatures.\r\nSource: https://www.nytimes.com/1981/01/03/us/dakota-teen-ager-recovers-after-being-frozen-stiff.html \r\nFact checking: https://www.snopes.com/fact-check/miracle-on-ice/ \r\n Actual content: \r\nDAKOTA TEEN-AGER RECOVERS AFTER BEING 'FROZEN STIFF'\r\nJean Hilliard was literally frozen stiff, ''like a piece of meat out of a deep freeze,'' when a friend found her in the snow after a night of 22-below-zero temperatures. But the 19-year-old has made an unusual recovery.\r\n''At worst, I might lose a couple of toes,'' she says. ''I can't explain why she's alive,'' Dr. George Sather, who helped treat the young woman, said today. ''She was frozen stiff, literally. It's a miracle.''\r\nMiss Hilliard was frozen after a midnight automobile accident in rural northwestern Minnesota. When she arrived at the Fosston, Minn., hospital, her skin was too hard to pierce with a hypodermic needle. Her temperature was too low to register on a thermometer. Her face was ashen and her eyes were solid and did not respond to light. Thawing Out Process\r\n''The reaction didn't appear until two or three hours after she started thawing out,'' Dr. Sather said. ''The body was cold, completely solid, just like a piece of meat out of a deep freeze.''\r\nHer ordeal began late Dec. 20 as she was returning to her parents' home near Lengby, Minn. The family car skidded off the road on the edge of the White Earth Indian Reservation and stalled in the windy, frigid weather.\r\nClad in western boots, a coat and mittens, she began walking to Wally Nelson's home two miles away and collapsed only 15 feet from his door.\r\nMr. Nelson found her as walked out the door at 7 o'clock the next morning. Her body was so stiff that Mr. Nelson loaded her ''diagonally'' in the back seat of his car and headed for the hospital.\r\nDoctors were unable to give her intravenous feedings because ''she was frozen too solid to penetrate the skin,'' said Dr. Sather's brother, Dr. Edgar Sather.\r\nHer pulse, hardly registering through her frozen skin, was about 12 beats a minute. And her temperature was too low for a thermometer, with a low reading of 88 degrees, 10 degrees below normal. But in several hours, wrapped in an electric heating pad, she began to revive.\r\n\r\n" } } }