{"_context" : {
    "_types" : {
      "DocumentMetaData" : {
        "_feature_types" : {"sofa" : "_ref" } }, 
      "Persuasive_Labels" : {
        "_feature_types" : {"sofa" : "_ref" } }, 
      "Sentence" : {
        "_feature_types" : {"sofa" : "_ref" } }, 
      "Sofa" : {
        "_feature_types" : {"sofaArray" : "_ref" } }, 
      "TagsetDescription" : {
        "_feature_types" : {"sofa" : "_ref",  "tags" : "_ref" } }, 
      "Token" : {
        "_feature_types" : {"sofa" : "_ref",  "parent" : "_ref",  "lemma" : "_ref",  "stem" : "_ref",  "pos" : "_ref",  "morph" : "_ref",  "form" : "_ref" } }, 
      "DocumentAnnotation" : {
        "_feature_types" : {"sofa" : "_ref" }, 
        "_subtypes" : ["DocumentMetaData" ] }, 
      "Annotation" : {
        "_feature_types" : {"sofa" : "_ref" }, 
        "_subtypes" : ["DocumentAnnotation",  "Persuasive_Labels",  "Sentence",  "TagsetDescription",  "Token" ] }, 
      "AnnotationBase" : {
        "_feature_types" : {"sofa" : "_ref" }, 
        "_subtypes" : ["Annotation" ] }, 
      "TOP" : {
        "_subtypes" : ["AnnotationBase",  "Sofa" ] } } }, 
  "_views" : {
    "_InitialView" : {
      "DocumentMetaData" : [
        {"sofa" : 12,  "end" : 388,  "language" : "x-unspecified",  "documentTitle" : "93.%20snes-01191%20Is%20Gabapentin%20the%20Newest%20Prescription%20Drug%20Killer.txt",  "documentId" : "admin",  "documentUri" : "file:/C:/Users/huiyi/.webanno/repository/project/4/document/269/source/admin",  "collectionId" : "file:/C:/Users/huiyi/.webanno/repository/project/4/document/269/source/",  "documentBaseUri" : "file:/C:/Users/huiyi/.webanno/repository/project/4/document/269/source/",  "isLastSegment" : false } ], 
      "TagsetDescription" : [
        {"sofa" : 12,  "layer" : "de.tudarmstadt.ukp.dkpro.core.api.syntax.type.dependency.Dependency",  "name" : "UD Universal Dependencies (v2)",  "input" : false }, 
        {"sofa" : 12,  "layer" : "de.tudarmstadt.ukp.dkpro.core.api.ner.type.NamedEntity",  "name" : "Named Entity tags",  "input" : false }, 
        {"sofa" : 12,  "layer" : "de.tudarmstadt.ukp.dkpro.core.api.transform.type.SofaChangeAnnotation",  "name" : "Operation",  "input" : false }, 
        {"sofa" : 12,  "layer" : "de.tudarmstadt.ukp.dkpro.core.api.lexmorph.type.pos.POS",  "name" : "UD Universal POS tags (v2)",  "input" : false }, 
        {"sofa" : 12,  "layer" : "webanno.custom.Persuasive_Labels",  "name" : "2. Using Anecdotes and Personal Experience as Evidence",  "input" : false } ], 
      "Sentence" : [
        {"sofa" : 12,  "end" : 62 }, 
        {"sofa" : 12,  "begin" : 64,  "end" : 339 }, 
        {"sofa" : 12,  "begin" : 340,  "end" : 364 }, 
        {"sofa" : 12,  "begin" : 365,  "end" : 385 } ], 
      "Token" : [
        {"sofa" : 12,  "end" : 5 }, 
        {"sofa" : 12,  "begin" : 5,  "end" : 6 }, 
        {"sofa" : 12,  "begin" : 6,  "end" : 11 }, 
        {"sofa" : 12,  "begin" : 12,  "end" : 14 }, 
        {"sofa" : 12,  "begin" : 15,  "end" : 25 }, 
        {"sofa" : 12,  "begin" : 26,  "end" : 29 }, 
        {"sofa" : 12,  "begin" : 30,  "end" : 36 }, 
        {"sofa" : 12,  "begin" : 37,  "end" : 49 }, 
        {"sofa" : 12,  "begin" : 50,  "end" : 54 }, 
        {"sofa" : 12,  "begin" : 55,  "end" : 61 }, 
        {"sofa" : 12,  "begin" : 61,  "end" : 62 }, 
        {"sofa" : 12,  "begin" : 64,  "end" : 70 }, 
        {"sofa" : 12,  "begin" : 70,  "end" : 71 }, 
        {"sofa" : 12,  "begin" : 72,  "end" : 77 }, 
        {"sofa" : 12,  "begin" : 77,  "end" : 78 }, 
        {"sofa" : 12,  "begin" : 78,  "end" : 79 }, 
        {"sofa" : 12,  "begin" : 79,  "end" : 80 }, 
        {"sofa" : 12,  "begin" : 80,  "end" : 90 }, 
        {"sofa" : 12,  "begin" : 90,  "end" : 91 }, 
        {"sofa" : 12,  "begin" : 91,  "end" : 96 }, 
        {"sofa" : 12,  "begin" : 99,  "end" : 103 }, 
        {"sofa" : 12,  "begin" : 104,  "end" : 112 }, 
        {"sofa" : 12,  "begin" : 112,  "end" : 113 }, 
        {"sofa" : 12,  "begin" : 114,  "end" : 119 }, 
        {"sofa" : 12,  "begin" : 119,  "end" : 120 }, 
        {"sofa" : 12,  "begin" : 120,  "end" : 121 }, 
        {"sofa" : 12,  "begin" : 121,  "end" : 122 }, 
        {"sofa" : 12,  "begin" : 122,  "end" : 136 }, 
        {"sofa" : 12,  "begin" : 136,  "end" : 137 }, 
        {"sofa" : 12,  "begin" : 137,  "end" : 147 }, 
        {"sofa" : 12,  "begin" : 147,  "end" : 148 }, 
        {"sofa" : 12,  "begin" : 148,  "end" : 190 }, 
        {"sofa" : 12,  "begin" : 190,  "end" : 191 }, 
        {"sofa" : 12,  "begin" : 194,  "end" : 200 }, 
        {"sofa" : 12,  "begin" : 201,  "end" : 208 }, 
        {"sofa" : 12,  "begin" : 208,  "end" : 209 }, 
        {"sofa" : 12,  "begin" : 212,  "end" : 220 }, 
        {"sofa" : 12,  "begin" : 221,  "end" : 225 }, 
        {"sofa" : 12,  "begin" : 225,  "end" : 226 }, 
        {"sofa" : 12,  "begin" : 231,  "end" : 236 }, 
        {"sofa" : 12,  "begin" : 237,  "end" : 252 }, 
        {"sofa" : 12,  "begin" : 252,  "end" : 253 }, 
        {"sofa" : 12,  "begin" : 258,  "end" : 265 }, 
        {"sofa" : 12,  "begin" : 266,  "end" : 267 }, 
        {"sofa" : 12,  "begin" : 268,  "end" : 274 }, 
        {"sofa" : 12,  "begin" : 275,  "end" : 281 }, 
        {"sofa" : 12,  "begin" : 282,  "end" : 294 }, 
        {"sofa" : 12,  "begin" : 295,  "end" : 299 }, 
        {"sofa" : 12,  "begin" : 300,  "end" : 306 }, 
        {"sofa" : 12,  "begin" : 307,  "end" : 317 }, 
        {"sofa" : 12,  "begin" : 318,  "end" : 320 }, 
        {"sofa" : 12,  "begin" : 321,  "end" : 328 }, 
        {"sofa" : 12,  "begin" : 329,  "end" : 338 }, 
        {"sofa" : 12,  "begin" : 338,  "end" : 339 }, 
        {"sofa" : 12,  "begin" : 340,  "end" : 342 }, 
        {"sofa" : 12,  "begin" : 343,  "end" : 345 }, 
        {"sofa" : 12,  "begin" : 346,  "end" : 351 }, 
        {"sofa" : 12,  "begin" : 352,  "end" : 356 }, 
        {"sofa" : 12,  "begin" : 357,  "end" : 363 }, 
        {"sofa" : 12,  "begin" : 363,  "end" : 364 }, 
        {"sofa" : 12,  "begin" : 365,  "end" : 368 }, 
        {"sofa" : 12,  "begin" : 369,  "end" : 371 }, 
        {"sofa" : 12,  "begin" : 372,  "end" : 374 }, 
        {"sofa" : 12,  "begin" : 375,  "end" : 379 }, 
        {"sofa" : 12,  "begin" : 380,  "end" : 384 }, 
        {"sofa" : 12,  "begin" : 384,  "end" : 385 } ], 
      "Persuasive_Labels" : [
        {"sofa" : 12,  "begin" : 258,  "end" : 385,  "DistinctiveLinguisticFeatures" : "uppercase words" }, 
        {"sofa" : 12,  "begin" : 258,  "end" : 385,  "DistinctiveLinguisticFeatures" : "distinctive linguistic features" }, 
        {"sofa" : 12,  "begin" : 258,  "end" : 339,  "EmotionalAppeals" : "emotional appeals" }, 
        {"sofa" : 12,  "begin" : 258,  "end" : 339,  "EmotionalAppeals" : "fear" }, 
        {"sofa" : 12,  "begin" : 258,  "end" : 265,  "EmotionalAppeals" : "anxiety" }, 
        {"sofa" : 12,  "begin" : 295,  "end" : 317,  "EstablishingLegitimacy" : "surface credibility markers - medical or scientific jargon" }, 
        {"sofa" : 12,  "begin" : 295,  "end" : 317,  "EstablishingLegitimacy" : "Establishing Legitimacy" }, 
        {"sofa" : 12,  "begin" : 340,  "end" : 364,  "RhetoricalTricks" : "exaggeration/absolute language" }, 
        {"sofa" : 12,  "begin" : 340,  "end" : 364,  "RhetoricalTricks" : "rhetorical tricks" } ] } }, 
  "_referenced_fss" : {
    "12" : {"_type" : "Sofa",  "sofaNum" : 1,  "sofaID" : "_InitialView",  "mimeType" : "text",  "sofaString" : "﻿snes-01191 Is Gabapentin the Newest Prescription Drug Killer?\r\nSource: https://archive.ph/ujmsz \r\nFact checking: https://www.snopes.com/fact-check/gabapentin-newest-prescription-drug-killer/ \r\nActual content: \r\nFacebook post: \r\n\r\nDonna McFarland-Steed: \r\n\r\nWARNING - NEWEST KILLER PRESCRIPTION DRUG CALLED GABAPENTIN IS KILLING THOUSANDS. IT IS WORSE THAN OPIODS. SAY NO TO THIS DRUG. \r\n" } } }