{"_context" : {
    "_types" : {
      "DocumentMetaData" : {
        "_feature_types" : {"sofa" : "_ref" } }, 
      "Persuasive_Labels" : {
        "_feature_types" : {"sofa" : "_ref" } }, 
      "Sentence" : {
        "_feature_types" : {"sofa" : "_ref" } }, 
      "Sofa" : {
        "_feature_types" : {"sofaArray" : "_ref" } }, 
      "TagsetDescription" : {
        "_feature_types" : {"sofa" : "_ref",  "tags" : "_ref" } }, 
      "Token" : {
        "_feature_types" : {"sofa" : "_ref",  "parent" : "_ref",  "lemma" : "_ref",  "stem" : "_ref",  "pos" : "_ref",  "morph" : "_ref",  "form" : "_ref" } }, 
      "DocumentAnnotation" : {
        "_feature_types" : {"sofa" : "_ref" }, 
        "_subtypes" : ["DocumentMetaData" ] }, 
      "Annotation" : {
        "_feature_types" : {"sofa" : "_ref" }, 
        "_subtypes" : ["DocumentAnnotation",  "Persuasive_Labels",  "Sentence",  "TagsetDescription",  "Token" ] }, 
      "AnnotationBase" : {
        "_feature_types" : {"sofa" : "_ref" }, 
        "_subtypes" : ["Annotation" ] }, 
      "TOP" : {
        "_subtypes" : ["AnnotationBase",  "Sofa" ] } } }, 
  "_views" : {
    "_InitialView" : {
      "DocumentMetaData" : [
        {"sofa" : 12,  "end" : 763,  "language" : "x-unspecified",  "documentTitle" : "169.%20snes-00278%20Eating%20bananas%20and%20eggs%20together%20can%20poison%20you,%20causing%20instant%20death.txt",  "documentId" : "admin",  "documentUri" : "file:/C:/Users/huiyi/.webanno/repository/project/4/document/339/source/admin",  "collectionId" : "file:/C:/Users/huiyi/.webanno/repository/project/4/document/339/source/",  "documentBaseUri" : "file:/C:/Users/huiyi/.webanno/repository/project/4/document/339/source/",  "isLastSegment" : false } ], 
      "TagsetDescription" : [
        {"sofa" : 12,  "layer" : "de.tudarmstadt.ukp.dkpro.core.api.syntax.type.dependency.Dependency",  "name" : "UD Universal Dependencies (v2)",  "input" : false }, 
        {"sofa" : 12,  "layer" : "de.tudarmstadt.ukp.dkpro.core.api.ner.type.NamedEntity",  "name" : "Named Entity tags",  "input" : false }, 
        {"sofa" : 12,  "layer" : "de.tudarmstadt.ukp.dkpro.core.api.transform.type.SofaChangeAnnotation",  "name" : "Operation",  "input" : false }, 
        {"sofa" : 12,  "layer" : "de.tudarmstadt.ukp.dkpro.core.api.lexmorph.type.pos.POS",  "name" : "UD Universal POS tags (v2)",  "input" : false }, 
        {"sofa" : 12,  "layer" : "webanno.custom.Persuasive_Labels",  "name" : "2. Using Anecdotes and Personal Experience as Evidence",  "input" : false } ], 
      "Sentence" : [
        {"sofa" : 12,  "end" : 83 }, 
        {"sofa" : 12,  "begin" : 85,  "end" : 316 }, 
        {"sofa" : 12,  "begin" : 317,  "end" : 392 }, 
        {"sofa" : 12,  "begin" : 395,  "end" : 561 }, 
        {"sofa" : 12,  "begin" : 564,  "end" : 635 }, 
        {"sofa" : 12,  "begin" : 636,  "end" : 673 }, 
        {"sofa" : 12,  "begin" : 675,  "end" : 761 } ], 
      "Token" : [
        {"sofa" : 12,  "end" : 5 }, 
        {"sofa" : 12,  "begin" : 5,  "end" : 6 }, 
        {"sofa" : 12,  "begin" : 6,  "end" : 11 }, 
        {"sofa" : 12,  "begin" : 12,  "end" : 18 }, 
        {"sofa" : 12,  "begin" : 19,  "end" : 26 }, 
        {"sofa" : 12,  "begin" : 27,  "end" : 30 }, 
        {"sofa" : 12,  "begin" : 31,  "end" : 35 }, 
        {"sofa" : 12,  "begin" : 36,  "end" : 44 }, 
        {"sofa" : 12,  "begin" : 45,  "end" : 48 }, 
        {"sofa" : 12,  "begin" : 49,  "end" : 55 }, 
        {"sofa" : 12,  "begin" : 56,  "end" : 59 }, 
        {"sofa" : 12,  "begin" : 59,  "end" : 60 }, 
        {"sofa" : 12,  "begin" : 61,  "end" : 68 }, 
        {"sofa" : 12,  "begin" : 69,  "end" : 76 }, 
        {"sofa" : 12,  "begin" : 77,  "end" : 82 }, 
        {"sofa" : 12,  "begin" : 82,  "end" : 83 }, 
        {"sofa" : 12,  "begin" : 85,  "end" : 91 }, 
        {"sofa" : 12,  "begin" : 91,  "end" : 92 }, 
        {"sofa" : 12,  "begin" : 93,  "end" : 98 }, 
        {"sofa" : 12,  "begin" : 98,  "end" : 99 }, 
        {"sofa" : 12,  "begin" : 99,  "end" : 100 }, 
        {"sofa" : 12,  "begin" : 100,  "end" : 101 }, 
        {"sofa" : 12,  "begin" : 101,  "end" : 115 }, 
        {"sofa" : 12,  "begin" : 115,  "end" : 116 }, 
        {"sofa" : 12,  "begin" : 116,  "end" : 126 }, 
        {"sofa" : 12,  "begin" : 126,  "end" : 127 }, 
        {"sofa" : 12,  "begin" : 127,  "end" : 144 }, 
        {"sofa" : 12,  "begin" : 144,  "end" : 145 }, 
        {"sofa" : 12,  "begin" : 148,  "end" : 152 }, 
        {"sofa" : 12,  "begin" : 153,  "end" : 161 }, 
        {"sofa" : 12,  "begin" : 161,  "end" : 162 }, 
        {"sofa" : 12,  "begin" : 163,  "end" : 168 }, 
        {"sofa" : 12,  "begin" : 168,  "end" : 169 }, 
        {"sofa" : 12,  "begin" : 169,  "end" : 170 }, 
        {"sofa" : 12,  "begin" : 170,  "end" : 171 }, 
        {"sofa" : 12,  "begin" : 171,  "end" : 185 }, 
        {"sofa" : 12,  "begin" : 185,  "end" : 186 }, 
        {"sofa" : 12,  "begin" : 186,  "end" : 196 }, 
        {"sofa" : 12,  "begin" : 196,  "end" : 197 }, 
        {"sofa" : 12,  "begin" : 197,  "end" : 214 }, 
        {"sofa" : 12,  "begin" : 214,  "end" : 215 }, 
        {"sofa" : 12,  "begin" : 219,  "end" : 225 }, 
        {"sofa" : 12,  "begin" : 226,  "end" : 233 }, 
        {"sofa" : 12,  "begin" : 233,  "end" : 234 }, 
        {"sofa" : 12,  "begin" : 237,  "end" : 246 }, 
        {"sofa" : 12,  "begin" : 247,  "end" : 251 }, 
        {"sofa" : 12,  "begin" : 253,  "end" : 258 }, 
        {"sofa" : 12,  "begin" : 259,  "end" : 261 }, 
        {"sofa" : 12,  "begin" : 262,  "end" : 263 }, 
        {"sofa" : 12,  "begin" : 264,  "end" : 269 }, 
        {"sofa" : 12,  "begin" : 270,  "end" : 273 }, 
        {"sofa" : 12,  "begin" : 274,  "end" : 279 }, 
        {"sofa" : 12,  "begin" : 280,  "end" : 289 }, 
        {"sofa" : 12,  "begin" : 290,  "end" : 293 }, 
        {"sofa" : 12,  "begin" : 294,  "end" : 297 }, 
        {"sofa" : 12,  "begin" : 298,  "end" : 302 }, 
        {"sofa" : 12,  "begin" : 303,  "end" : 308 }, 
        {"sofa" : 12,  "begin" : 309,  "end" : 315 }, 
        {"sofa" : 12,  "begin" : 315,  "end" : 316 }, 
        {"sofa" : 12,  "begin" : 317,  "end" : 322 }, 
        {"sofa" : 12,  "begin" : 323,  "end" : 332 }, 
        {"sofa" : 12,  "begin" : 333,  "end" : 336 }, 
        {"sofa" : 12,  "begin" : 337,  "end" : 340 }, 
        {"sofa" : 12,  "begin" : 341,  "end" : 345 }, 
        {"sofa" : 12,  "begin" : 346,  "end" : 351 }, 
        {"sofa" : 12,  "begin" : 352,  "end" : 358 }, 
        {"sofa" : 12,  "begin" : 359,  "end" : 370 }, 
        {"sofa" : 12,  "begin" : 370,  "end" : 371 }, 
        {"sofa" : 12,  "begin" : 372,  "end" : 374 }, 
        {"sofa" : 12,  "begin" : 375,  "end" : 379 }, 
        {"sofa" : 12,  "begin" : 380,  "end" : 382 }, 
        {"sofa" : 12,  "begin" : 383,  "end" : 386 }, 
        {"sofa" : 12,  "begin" : 387,  "end" : 391 }, 
        {"sofa" : 12,  "begin" : 391,  "end" : 392 }, 
        {"sofa" : 12,  "begin" : 395,  "end" : 400 }, 
        {"sofa" : 12,  "begin" : 401,  "end" : 412 }, 
        {"sofa" : 12,  "begin" : 413,  "end" : 416 }, 
        {"sofa" : 12,  "begin" : 417,  "end" : 422 }, 
        {"sofa" : 12,  "begin" : 423,  "end" : 425 }, 
        {"sofa" : 12,  "begin" : 426,  "end" : 429 }, 
        {"sofa" : 12,  "begin" : 430,  "end" : 435 }, 
        {"sofa" : 12,  "begin" : 435,  "end" : 436 }, 
        {"sofa" : 12,  "begin" : 437,  "end" : 441 }, 
        {"sofa" : 12,  "begin" : 442,  "end" : 452 }, 
        {"sofa" : 12,  "begin" : 453,  "end" : 457 }, 
        {"sofa" : 12,  "begin" : 458,  "end" : 461 }, 
        {"sofa" : 12,  "begin" : 462,  "end" : 469 }, 
        {"sofa" : 12,  "begin" : 470,  "end" : 472 }, 
        {"sofa" : 12,  "begin" : 473,  "end" : 476 }, 
        {"sofa" : 12,  "begin" : 477,  "end" : 480 }, 
        {"sofa" : 12,  "begin" : 481,  "end" : 484 }, 
        {"sofa" : 12,  "begin" : 485,  "end" : 488 }, 
        {"sofa" : 12,  "begin" : 489,  "end" : 494 }, 
        {"sofa" : 12,  "begin" : 495,  "end" : 501 }, 
        {"sofa" : 12,  "begin" : 502,  "end" : 504 }, 
        {"sofa" : 12,  "begin" : 505,  "end" : 508 }, 
        {"sofa" : 12,  "begin" : 509,  "end" : 516 }, 
        {"sofa" : 12,  "begin" : 517,  "end" : 522 }, 
        {"sofa" : 12,  "begin" : 523,  "end" : 527 }, 
        {"sofa" : 12,  "begin" : 528,  "end" : 529 }, 
        {"sofa" : 12,  "begin" : 530,  "end" : 536 }, 
        {"sofa" : 12,  "begin" : 537,  "end" : 541 }, 
        {"sofa" : 12,  "begin" : 542,  "end" : 547 }, 
        {"sofa" : 12,  "begin" : 548,  "end" : 550 }, 
        {"sofa" : 12,  "begin" : 551,  "end" : 554 }, 
        {"sofa" : 12,  "begin" : 555,  "end" : 560 }, 
        {"sofa" : 12,  "begin" : 560,  "end" : 561 }, 
        {"sofa" : 12,  "begin" : 564,  "end" : 567 }, 
        {"sofa" : 12,  "begin" : 568,  "end" : 572 }, 
        {"sofa" : 12,  "begin" : 573,  "end" : 579 }, 
        {"sofa" : 12,  "begin" : 580,  "end" : 582 }, 
        {"sofa" : 12,  "begin" : 583,  "end" : 586 }, 
        {"sofa" : 12,  "begin" : 587,  "end" : 590 }, 
        {"sofa" : 12,  "begin" : 591,  "end" : 594 }, 
        {"sofa" : 12,  "begin" : 595,  "end" : 598 }, 
        {"sofa" : 12,  "begin" : 599,  "end" : 603 }, 
        {"sofa" : 12,  "begin" : 604,  "end" : 609 }, 
        {"sofa" : 12,  "begin" : 610,  "end" : 616 }, 
        {"sofa" : 12,  "begin" : 616,  "end" : 617 }, 
        {"sofa" : 12,  "begin" : 618,  "end" : 620 }, 
        {"sofa" : 12,  "begin" : 621,  "end" : 626 }, 
        {"sofa" : 12,  "begin" : 627,  "end" : 630 }, 
        {"sofa" : 12,  "begin" : 631,  "end" : 634 }, 
        {"sofa" : 12,  "begin" : 634,  "end" : 635 }, 
        {"sofa" : 12,  "begin" : 636,  "end" : 638 }, 
        {"sofa" : 12,  "begin" : 639,  "end" : 642 }, 
        {"sofa" : 12,  "begin" : 643,  "end" : 647 }, 
        {"sofa" : 12,  "begin" : 648,  "end" : 650 }, 
        {"sofa" : 12,  "begin" : 651,  "end" : 654 }, 
        {"sofa" : 12,  "begin" : 655,  "end" : 663 }, 
        {"sofa" : 12,  "begin" : 663,  "end" : 664 }, 
        {"sofa" : 12,  "begin" : 665,  "end" : 670 }, 
        {"sofa" : 12,  "begin" : 670,  "end" : 671 }, 
        {"sofa" : 12,  "begin" : 671,  "end" : 672 }, 
        {"sofa" : 12,  "begin" : 672,  "end" : 673 }, 
        {"sofa" : 12,  "begin" : 675,  "end" : 679 }, 
        {"sofa" : 12,  "begin" : 680,  "end" : 683 }, 
        {"sofa" : 12,  "begin" : 684,  "end" : 687 }, 
        {"sofa" : 12,  "begin" : 688,  "end" : 694 }, 
        {"sofa" : 12,  "begin" : 695,  "end" : 698 }, 
        {"sofa" : 12,  "begin" : 699,  "end" : 702 }, 
        {"sofa" : 12,  "begin" : 703,  "end" : 708 }, 
        {"sofa" : 12,  "begin" : 709,  "end" : 711 }, 
        {"sofa" : 12,  "begin" : 712,  "end" : 717 }, 
        {"sofa" : 12,  "begin" : 718,  "end" : 722 }, 
        {"sofa" : 12,  "begin" : 723,  "end" : 730 }, 
        {"sofa" : 12,  "begin" : 731,  "end" : 735 }, 
        {"sofa" : 12,  "begin" : 736,  "end" : 740 }, 
        {"sofa" : 12,  "begin" : 741,  "end" : 743 }, 
        {"sofa" : 12,  "begin" : 744,  "end" : 747 }, 
        {"sofa" : 12,  "begin" : 748,  "end" : 754 }, 
        {"sofa" : 12,  "begin" : 755,  "end" : 758 }, 
        {"sofa" : 12,  "begin" : 758,  "end" : 759 }, 
        {"sofa" : 12,  "begin" : 759,  "end" : 760 }, 
        {"sofa" : 12,  "begin" : 760,  "end" : 761 } ], 
      "Persuasive_Labels" : [
        {"sofa" : 12,  "begin" : 237,  "end" : 251,  "EmotionalAppeals" : "emotional appeals" }, 
        {"sofa" : 12,  "begin" : 237,  "end" : 251,  "EmotionalAppeals" : "anxiety" }, 
        {"sofa" : 12,  "begin" : 253,  "end" : 561,  "FabricatingNarrativewithDetails" : "Narrative with Details" }, 
        {"sofa" : 12,  "begin" : 253,  "end" : 561,  "FabricatingNarrativewithDetails" : "Narrative with details_verified to be false" }, 
        {"sofa" : 12,  "begin" : 395,  "end" : 435,  "EstablishingLegitimacy" : "Establishing Legitimacy" }, 
        {"sofa" : 12,  "begin" : 395,  "end" : 435,  "EstablishingLegitimacy" : "surface credibility markers - simply claiming authority or credibility" }, 
        {"sofa" : 12,  "begin" : 636,  "end" : 673,  "EstablishingLegitimacy" : "Establishing Legitimacy" }, 
        {"sofa" : 12,  "begin" : 636,  "end" : 673,  "EstablishingLegitimacy" : "Call to action" }, 
        {"sofa" : 12,  "begin" : 670,  "end" : 673,  "DistinctiveLinguisticFeatures" : "distinctive linguistic features" }, 
        {"sofa" : 12,  "begin" : 670,  "end" : 673,  "DistinctiveLinguisticFeatures" : "ellipses, exaggerated/excessive usage of punctuation marks" }, 
        {"sofa" : 12,  "begin" : 758,  "end" : 761,  "DistinctiveLinguisticFeatures" : "distinctive linguistic features" }, 
        {"sofa" : 12,  "begin" : 758,  "end" : 761,  "DistinctiveLinguisticFeatures" : "ellipses, exaggerated/excessive usage of punctuation marks" } ] } }, 
  "_referenced_fss" : {
    "12" : {"_type" : "Sofa",  "sofaNum" : 1,  "sofaID" : "_InitialView",  "mimeType" : "text",  "sofaString" : "﻿snes-00278 Eating bananas and eggs together can poison you, causing instant death.\r\nSource: https://www.snopes.com/fact-check/eating-egg-banana/ \r\nFact checking: https://www.snopes.com/fact-check/eating-egg-banana/ \r\n Actual content: \r\nEmergency News\r\nDeath of a young man after consuming egg and then sweet banana. After consuming egg and then sweet banana immediately, he died on the spot. \r\nAfter researching the cause of his death, they discovered that the mixture of the egg and the sweet banana in the stomach turns into a poison that kills on the field. \r\nFor this reason do not eat the egg with sweet banana; it kills the net. Do not keep it for yourself, share...\r\nOnly the bad people are not going to share this because they want to see others die...\r\n" } } }