{"_context" : {
    "_types" : {
      "DocumentMetaData" : {
        "_feature_types" : {"sofa" : "_ref" } }, 
      "Persuasive_Labels" : {
        "_feature_types" : {"sofa" : "_ref" } }, 
      "Sentence" : {
        "_feature_types" : {"sofa" : "_ref" } }, 
      "Sofa" : {
        "_feature_types" : {"sofaArray" : "_ref" } }, 
      "TagsetDescription" : {
        "_feature_types" : {"sofa" : "_ref",  "tags" : "_ref" } }, 
      "Token" : {
        "_feature_types" : {"sofa" : "_ref",  "parent" : "_ref",  "lemma" : "_ref",  "stem" : "_ref",  "pos" : "_ref",  "morph" : "_ref",  "form" : "_ref" } }, 
      "DocumentAnnotation" : {
        "_feature_types" : {"sofa" : "_ref" }, 
        "_subtypes" : ["DocumentMetaData" ] }, 
      "Annotation" : {
        "_feature_types" : {"sofa" : "_ref" }, 
        "_subtypes" : ["DocumentAnnotation",  "Persuasive_Labels",  "Sentence",  "TagsetDescription",  "Token" ] }, 
      "AnnotationBase" : {
        "_feature_types" : {"sofa" : "_ref" }, 
        "_subtypes" : ["Annotation" ] }, 
      "TOP" : {
        "_subtypes" : ["AnnotationBase",  "Sofa" ] } } }, 
  "_views" : {
    "_InitialView" : {
      "DocumentMetaData" : [
        {"sofa" : 12,  "end" : 3025,  "language" : "x-unspecified",  "documentTitle" : "184.%20tron-01405%20Chinese%20Firm%20Purchased%20Smithfield%20Farms%20.txt",  "documentId" : "admin",  "documentUri" : "file:/C:/Users/huiyi/.webanno/repository/project/4/document/529/source/admin",  "collectionId" : "file:/C:/Users/huiyi/.webanno/repository/project/4/document/529/source/",  "documentBaseUri" : "file:/C:/Users/huiyi/.webanno/repository/project/4/document/529/source/",  "isLastSegment" : false } ], 
      "TagsetDescription" : [
        {"sofa" : 12,  "layer" : "de.tudarmstadt.ukp.dkpro.core.api.syntax.type.dependency.Dependency",  "name" : "UD Universal Dependencies (v2)",  "input" : false }, 
        {"sofa" : 12,  "layer" : "de.tudarmstadt.ukp.dkpro.core.api.ner.type.NamedEntity",  "name" : "Named Entity tags",  "input" : false }, 
        {"sofa" : 12,  "layer" : "de.tudarmstadt.ukp.dkpro.core.api.transform.type.SofaChangeAnnotation",  "name" : "Operation",  "input" : false }, 
        {"sofa" : 12,  "layer" : "de.tudarmstadt.ukp.dkpro.core.api.lexmorph.type.pos.POS",  "name" : "UD Universal POS tags (v2)",  "input" : false }, 
        {"sofa" : 12,  "layer" : "webanno.custom.Persuasive_Labels",  "name" : "2. Using Anecdotes and Personal Experience as Evidence",  "input" : false } ], 
      "Sentence" : [
        {"sofa" : 12,  "end" : 479 }, 
        {"sofa" : 12,  "begin" : 480,  "end" : 523 }, 
        {"sofa" : 12,  "begin" : 525,  "end" : 696 }, 
        {"sofa" : 12,  "begin" : 698,  "end" : 804 }, 
        {"sofa" : 12,  "begin" : 805,  "end" : 904 }, 
        {"sofa" : 12,  "begin" : 906,  "end" : 1053 }, 
        {"sofa" : 12,  "begin" : 1054,  "end" : 1185 }, 
        {"sofa" : 12,  "begin" : 1187,  "end" : 1258 }, 
        {"sofa" : 12,  "begin" : 1260,  "end" : 1422 }, 
        {"sofa" : 12,  "begin" : 1423,  "end" : 1713 }, 
        {"sofa" : 12,  "begin" : 1715,  "end" : 1980 }, 
        {"sofa" : 12,  "begin" : 1982,  "end" : 2103 }, 
        {"sofa" : 12,  "begin" : 2104,  "end" : 2189 }, 
        {"sofa" : 12,  "begin" : 2191,  "end" : 2304 }, 
        {"sofa" : 12,  "begin" : 2305,  "end" : 2470 }, 
        {"sofa" : 12,  "begin" : 2472,  "end" : 2582 }, 
        {"sofa" : 12,  "begin" : 2583,  "end" : 2680 }, 
        {"sofa" : 12,  "begin" : 2681,  "end" : 2786 }, 
        {"sofa" : 12,  "begin" : 2788,  "end" : 2919 }, 
        {"sofa" : 12,  "begin" : 2920,  "end" : 3021 } ], 
      "Token" : [
        {"sofa" : 12,  "end" : 5 }, 
        {"sofa" : 12,  "begin" : 5,  "end" : 6 }, 
        {"sofa" : 12,  "begin" : 6,  "end" : 11 }, 
        {"sofa" : 12,  "begin" : 12,  "end" : 19 }, 
        {"sofa" : 12,  "begin" : 20,  "end" : 24 }, 
        {"sofa" : 12,  "begin" : 25,  "end" : 34 }, 
        {"sofa" : 12,  "begin" : 35,  "end" : 45 }, 
        {"sofa" : 12,  "begin" : 46,  "end" : 51 }, 
        {"sofa" : 12,  "begin" : 54,  "end" : 60 }, 
        {"sofa" : 12,  "begin" : 60,  "end" : 61 }, 
        {"sofa" : 12,  "begin" : 62,  "end" : 67 }, 
        {"sofa" : 12,  "begin" : 67,  "end" : 68 }, 
        {"sofa" : 12,  "begin" : 68,  "end" : 69 }, 
        {"sofa" : 12,  "begin" : 69,  "end" : 70 }, 
        {"sofa" : 12,  "begin" : 70,  "end" : 81 }, 
        {"sofa" : 12,  "begin" : 81,  "end" : 82 }, 
        {"sofa" : 12,  "begin" : 82,  "end" : 90 }, 
        {"sofa" : 12,  "begin" : 90,  "end" : 91 }, 
        {"sofa" : 12,  "begin" : 91,  "end" : 101 }, 
        {"sofa" : 12,  "begin" : 101,  "end" : 102 }, 
        {"sofa" : 12,  "begin" : 102,  "end" : 106 }, 
        {"sofa" : 12,  "begin" : 106,  "end" : 107 }, 
        {"sofa" : 12,  "begin" : 107,  "end" : 109 }, 
        {"sofa" : 12,  "begin" : 109,  "end" : 110 }, 
        {"sofa" : 12,  "begin" : 110,  "end" : 112 }, 
        {"sofa" : 12,  "begin" : 112,  "end" : 113 }, 
        {"sofa" : 12,  "begin" : 113,  "end" : 122 }, 
        {"sofa" : 12,  "begin" : 122,  "end" : 123 }, 
        {"sofa" : 12,  "begin" : 123,  "end" : 170 }, 
        {"sofa" : 12,  "begin" : 170,  "end" : 171 }, 
        {"sofa" : 12,  "begin" : 171,  "end" : 172 }, 
        {"sofa" : 12,  "begin" : 172,  "end" : 173 }, 
        {"sofa" : 12,  "begin" : 173,  "end" : 175 }, 
        {"sofa" : 12,  "begin" : 175,  "end" : 176 }, 
        {"sofa" : 12,  "begin" : 176,  "end" : 183 }, 
        {"sofa" : 12,  "begin" : 186,  "end" : 190 }, 
        {"sofa" : 12,  "begin" : 191,  "end" : 199 }, 
        {"sofa" : 12,  "begin" : 199,  "end" : 200 }, 
        {"sofa" : 12,  "begin" : 201,  "end" : 206 }, 
        {"sofa" : 12,  "begin" : 206,  "end" : 207 }, 
        {"sofa" : 12,  "begin" : 207,  "end" : 208 }, 
        {"sofa" : 12,  "begin" : 208,  "end" : 209 }, 
        {"sofa" : 12,  "begin" : 209,  "end" : 231 }, 
        {"sofa" : 12,  "begin" : 231,  "end" : 232 }, 
        {"sofa" : 12,  "begin" : 232,  "end" : 254 }, 
        {"sofa" : 12,  "begin" : 254,  "end" : 255 }, 
        {"sofa" : 12,  "begin" : 258,  "end" : 264 }, 
        {"sofa" : 12,  "begin" : 265,  "end" : 272 }, 
        {"sofa" : 12,  "begin" : 272,  "end" : 273 }, 
        {"sofa" : 12,  "begin" : 276,  "end" : 279 }, 
        {"sofa" : 12,  "begin" : 280,  "end" : 286 }, 
        {"sofa" : 12,  "begin" : 287,  "end" : 289 }, 
        {"sofa" : 12,  "begin" : 290,  "end" : 300 }, 
        {"sofa" : 12,  "begin" : 301,  "end" : 304 }, 
        {"sofa" : 12,  "begin" : 304,  "end" : 305 }, 
        {"sofa" : 12,  "begin" : 306,  "end" : 308 }, 
        {"sofa" : 12,  "begin" : 309,  "end" : 313 }, 
        {"sofa" : 12,  "begin" : 314,  "end" : 316 }, 
        {"sofa" : 12,  "begin" : 317,  "end" : 326 }, 
        {"sofa" : 12,  "begin" : 327,  "end" : 335 }, 
        {"sofa" : 12,  "begin" : 336,  "end" : 341 }, 
        {"sofa" : 12,  "begin" : 342,  "end" : 345 }, 
        {"sofa" : 12,  "begin" : 346,  "end" : 353 }, 
        {"sofa" : 12,  "begin" : 353,  "end" : 354 }, 
        {"sofa" : 12,  "begin" : 355,  "end" : 358 }, 
        {"sofa" : 12,  "begin" : 359,  "end" : 366 }, 
        {"sofa" : 12,  "begin" : 367,  "end" : 370 }, 
        {"sofa" : 12,  "begin" : 371,  "end" : 379 }, 
        {"sofa" : 12,  "begin" : 380,  "end" : 386 }, 
        {"sofa" : 12,  "begin" : 387,  "end" : 394 }, 
        {"sofa" : 12,  "begin" : 395,  "end" : 397 }, 
        {"sofa" : 12,  "begin" : 398,  "end" : 405 }, 
        {"sofa" : 12,  "begin" : 406,  "end" : 415 }, 
        {"sofa" : 12,  "begin" : 416,  "end" : 429 }, 
        {"sofa" : 12,  "begin" : 430,  "end" : 438 }, 
        {"sofa" : 12,  "begin" : 439,  "end" : 446 }, 
        {"sofa" : 12,  "begin" : 447,  "end" : 450 }, 
        {"sofa" : 12,  "begin" : 451,  "end" : 456 }, 
        {"sofa" : 12,  "begin" : 457,  "end" : 462 }, 
        {"sofa" : 12,  "begin" : 463,  "end" : 470 }, 
        {"sofa" : 12,  "begin" : 471,  "end" : 473 }, 
        {"sofa" : 12,  "begin" : 474,  "end" : 478 }, 
        {"sofa" : 12,  "begin" : 478,  "end" : 479 }, 
        {"sofa" : 12,  "begin" : 480,  "end" : 483 }, 
        {"sofa" : 12,  "begin" : 484,  "end" : 488 }, 
        {"sofa" : 12,  "begin" : 489,  "end" : 493 }, 
        {"sofa" : 12,  "begin" : 494,  "end" : 502 }, 
        {"sofa" : 12,  "begin" : 503,  "end" : 505 }, 
        {"sofa" : 12,  "begin" : 506,  "end" : 514 }, 
        {"sofa" : 12,  "begin" : 515,  "end" : 517 }, 
        {"sofa" : 12,  "begin" : 518,  "end" : 522 }, 
        {"sofa" : 12,  "begin" : 522,  "end" : 523 }, 
        {"sofa" : 12,  "begin" : 525,  "end" : 528 }, 
        {"sofa" : 12,  "begin" : 529,  "end" : 537 }, 
        {"sofa" : 12,  "begin" : 538,  "end" : 544 }, 
        {"sofa" : 12,  "begin" : 545,  "end" : 555 }, 
        {"sofa" : 12,  "begin" : 556,  "end" : 561 }, 
        {"sofa" : 12,  "begin" : 562,  "end" : 564 }, 
        {"sofa" : 12,  "begin" : 565,  "end" : 569 }, 
        {"sofa" : 12,  "begin" : 570,  "end" : 577 }, 
        {"sofa" : 12,  "begin" : 578,  "end" : 579 }, 
        {"sofa" : 12,  "begin" : 580,  "end" : 581 }, 
        {"sofa" : 12,  "begin" : 582,  "end" : 588 }, 
        {"sofa" : 12,  "begin" : 589,  "end" : 593 }, 
        {"sofa" : 12,  "begin" : 594,  "end" : 599 }, 
        {"sofa" : 12,  "begin" : 600,  "end" : 604 }, 
        {"sofa" : 12,  "begin" : 605,  "end" : 608 }, 
        {"sofa" : 12,  "begin" : 609,  "end" : 617 }, 
        {"sofa" : 12,  "begin" : 618,  "end" : 619 }, 
        {"sofa" : 12,  "begin" : 619,  "end" : 622 }, 
        {"sofa" : 12,  "begin" : 623,  "end" : 630 }, 
        {"sofa" : 12,  "begin" : 631,  "end" : 638 }, 
        {"sofa" : 12,  "begin" : 639,  "end" : 647 }, 
        {"sofa" : 12,  "begin" : 648,  "end" : 650 }, 
        {"sofa" : 12,  "begin" : 651,  "end" : 652 }, 
        {"sofa" : 12,  "begin" : 653,  "end" : 656 }, 
        {"sofa" : 12,  "begin" : 656,  "end" : 657 }, 
        {"sofa" : 12,  "begin" : 658,  "end" : 665 }, 
        {"sofa" : 12,  "begin" : 665,  "end" : 666 }, 
        {"sofa" : 12,  "begin" : 666,  "end" : 667 }, 
        {"sofa" : 12,  "begin" : 668,  "end" : 677 }, 
        {"sofa" : 12,  "begin" : 678,  "end" : 680 }, 
        {"sofa" : 12,  "begin" : 681,  "end" : 690 }, 
        {"sofa" : 12,  "begin" : 691,  "end" : 695 }, 
        {"sofa" : 12,  "begin" : 695,  "end" : 696 }, 
        {"sofa" : 12,  "begin" : 698,  "end" : 700 }, 
        {"sofa" : 12,  "begin" : 701,  "end" : 709 }, 
        {"sofa" : 12,  "begin" : 710,  "end" : 712 }, 
        {"sofa" : 12,  "begin" : 713,  "end" : 723 }, 
        {"sofa" : 12,  "begin" : 723,  "end" : 724 }, 
        {"sofa" : 12,  "begin" : 725,  "end" : 728 }, 
        {"sofa" : 12,  "begin" : 729,  "end" : 738 }, 
        {"sofa" : 12,  "begin" : 739,  "end" : 745 }, 
        {"sofa" : 12,  "begin" : 746,  "end" : 753 }, 
        {"sofa" : 12,  "begin" : 754,  "end" : 760 }, 
        {"sofa" : 12,  "begin" : 760,  "end" : 761 }, 
        {"sofa" : 12,  "begin" : 762,  "end" : 769 }, 
        {"sofa" : 12,  "begin" : 769,  "end" : 770 }, 
        {"sofa" : 12,  "begin" : 771,  "end" : 779 }, 
        {"sofa" : 12,  "begin" : 779,  "end" : 780 }, 
        {"sofa" : 12,  "begin" : 781,  "end" : 791 }, 
        {"sofa" : 12,  "begin" : 791,  "end" : 792 }, 
        {"sofa" : 12,  "begin" : 793,  "end" : 796 }, 
        {"sofa" : 12,  "begin" : 797,  "end" : 803 }, 
        {"sofa" : 12,  "begin" : 803,  "end" : 804 }, 
        {"sofa" : 12,  "begin" : 805,  "end" : 808 }, 
        {"sofa" : 12,  "begin" : 809,  "end" : 818 }, 
        {"sofa" : 12,  "begin" : 819,  "end" : 824 }, 
        {"sofa" : 12,  "begin" : 825,  "end" : 832 }, 
        {"sofa" : 12,  "begin" : 833,  "end" : 837 }, 
        {"sofa" : 12,  "begin" : 838,  "end" : 840 }, 
        {"sofa" : 12,  "begin" : 841,  "end" : 845 }, 
        {"sofa" : 12,  "begin" : 845,  "end" : 846 }, 
        {"sofa" : 12,  "begin" : 847,  "end" : 851 }, 
        {"sofa" : 12,  "begin" : 852,  "end" : 855 }, 
        {"sofa" : 12,  "begin" : 856,  "end" : 861 }, 
        {"sofa" : 12,  "begin" : 862,  "end" : 868 }, 
        {"sofa" : 12,  "begin" : 869,  "end" : 875 }, 
        {"sofa" : 12,  "begin" : 876,  "end" : 877 }, 
        {"sofa" : 12,  "begin" : 878,  "end" : 885 }, 
        {"sofa" : 12,  "begin" : 886,  "end" : 891 }, 
        {"sofa" : 12,  "begin" : 892,  "end" : 894 }, 
        {"sofa" : 12,  "begin" : 895,  "end" : 903 }, 
        {"sofa" : 12,  "begin" : 903,  "end" : 904 }, 
        {"sofa" : 12,  "begin" : 906,  "end" : 911 }, 
        {"sofa" : 12,  "begin" : 912,  "end" : 914 }, 
        {"sofa" : 12,  "begin" : 915,  "end" : 918 }, 
        {"sofa" : 12,  "begin" : 919,  "end" : 927 }, 
        {"sofa" : 12,  "begin" : 928,  "end" : 933 }, 
        {"sofa" : 12,  "begin" : 934,  "end" : 946 }, 
        {"sofa" : 12,  "begin" : 947,  "end" : 952 }, 
        {"sofa" : 12,  "begin" : 953,  "end" : 955 }, 
        {"sofa" : 12,  "begin" : 956,  "end" : 959 }, 
        {"sofa" : 12,  "begin" : 960,  "end" : 961 }, 
        {"sofa" : 12,  "begin" : 962,  "end" : 967 }, 
        {"sofa" : 12,  "begin" : 968,  "end" : 969 }, 
        {"sofa" : 12,  "begin" : 970,  "end" : 971 }, 
        {"sofa" : 12,  "begin" : 972,  "end" : 979 }, 
        {"sofa" : 12,  "begin" : 980,  "end" : 982 }, 
        {"sofa" : 12,  "begin" : 983,  "end" : 987 }, 
        {"sofa" : 12,  "begin" : 988,  "end" : 992 }, 
        {"sofa" : 12,  "begin" : 993,  "end" : 995 }, 
        {"sofa" : 12,  "begin" : 996,  "end" : 1003 }, 
        {"sofa" : 12,  "begin" : 1004,  "end" : 1008 }, 
        {"sofa" : 12,  "begin" : 1009,  "end" : 1012 }, 
        {"sofa" : 12,  "begin" : 1013,  "end" : 1022 }, 
        {"sofa" : 12,  "begin" : 1023,  "end" : 1030 }, 
        {"sofa" : 12,  "begin" : 1031,  "end" : 1036 }, 
        {"sofa" : 12,  "begin" : 1037,  "end" : 1042 }, 
        {"sofa" : 12,  "begin" : 1043,  "end" : 1052 }, 
        {"sofa" : 12,  "begin" : 1052,  "end" : 1053 }, 
        {"sofa" : 12,  "begin" : 1054,  "end" : 1057 }, 
        {"sofa" : 12,  "begin" : 1058,  "end" : 1062 }, 
        {"sofa" : 12,  "begin" : 1063,  "end" : 1069 }, 
        {"sofa" : 12,  "begin" : 1070,  "end" : 1077 }, 
        {"sofa" : 12,  "begin" : 1077,  "end" : 1078 }, 
        {"sofa" : 12,  "begin" : 1079,  "end" : 1084 }, 
        {"sofa" : 12,  "begin" : 1085,  "end" : 1090 }, 
        {"sofa" : 12,  "begin" : 1091,  "end" : 1099 }, 
        {"sofa" : 12,  "begin" : 1100,  "end" : 1103 }, 
        {"sofa" : 12,  "begin" : 1104,  "end" : 1108 }, 
        {"sofa" : 12,  "begin" : 1108,  "end" : 1109 }, 
        {"sofa" : 12,  "begin" : 1110,  "end" : 1114 }, 
        {"sofa" : 12,  "begin" : 1115,  "end" : 1118 }, 
        {"sofa" : 12,  "begin" : 1119,  "end" : 1128 }, 
        {"sofa" : 12,  "begin" : 1129,  "end" : 1135 }, 
        {"sofa" : 12,  "begin" : 1136,  "end" : 1140 }, 
        {"sofa" : 12,  "begin" : 1141,  "end" : 1148 }, 
        {"sofa" : 12,  "begin" : 1149,  "end" : 1155 }, 
        {"sofa" : 12,  "begin" : 1156,  "end" : 1159 }, 
        {"sofa" : 12,  "begin" : 1160,  "end" : 1167 }, 
        {"sofa" : 12,  "begin" : 1168,  "end" : 1174 }, 
        {"sofa" : 12,  "begin" : 1175,  "end" : 1184 }, 
        {"sofa" : 12,  "begin" : 1184,  "end" : 1185 }, 
        {"sofa" : 12,  "begin" : 1187,  "end" : 1190 }, 
        {"sofa" : 12,  "begin" : 1191,  "end" : 1195 }, 
        {"sofa" : 12,  "begin" : 1196,  "end" : 1200 }, 
        {"sofa" : 12,  "begin" : 1201,  "end" : 1208 }, 
        {"sofa" : 12,  "begin" : 1209,  "end" : 1217 }, 
        {"sofa" : 12,  "begin" : 1218,  "end" : 1222 }, 
        {"sofa" : 12,  "begin" : 1223,  "end" : 1226 }, 
        {"sofa" : 12,  "begin" : 1226,  "end" : 1227 }, 
        {"sofa" : 12,  "begin" : 1228,  "end" : 1238 }, 
        {"sofa" : 12,  "begin" : 1239,  "end" : 1245 }, 
        {"sofa" : 12,  "begin" : 1246,  "end" : 1248 }, 
        {"sofa" : 12,  "begin" : 1249,  "end" : 1251 }, 
        {"sofa" : 12,  "begin" : 1252,  "end" : 1257 }, 
        {"sofa" : 12,  "begin" : 1257,  "end" : 1258 }, 
        {"sofa" : 12,  "begin" : 1260,  "end" : 1261 }, 
        {"sofa" : 12,  "begin" : 1261,  "end" : 1265 }, 
        {"sofa" : 12,  "begin" : 1266,  "end" : 1268 }, 
        {"sofa" : 12,  "begin" : 1269,  "end" : 1270 }, 
        {"sofa" : 12,  "begin" : 1271,  "end" : 1276 }, 
        {"sofa" : 12,  "begin" : 1277,  "end" : 1288 }, 
        {"sofa" : 12,  "begin" : 1289,  "end" : 1292 }, 
        {"sofa" : 12,  "begin" : 1293,  "end" : 1296 }, 
        {"sofa" : 12,  "begin" : 1297,  "end" : 1307 }, 
        {"sofa" : 12,  "begin" : 1308,  "end" : 1320 }, 
        {"sofa" : 12,  "begin" : 1320,  "end" : 1321 }, 
        {"sofa" : 12,  "begin" : 1322,  "end" : 1324 }, 
        {"sofa" : 12,  "begin" : 1325,  "end" : 1329 }, 
        {"sofa" : 12,  "begin" : 1330,  "end" : 1332 }, 
        {"sofa" : 12,  "begin" : 1333,  "end" : 1336 }, 
        {"sofa" : 12,  "begin" : 1337,  "end" : 1345 }, 
        {"sofa" : 12,  "begin" : 1346,  "end" : 1353 }, 
        {"sofa" : 12,  "begin" : 1354,  "end" : 1357 }, 
        {"sofa" : 12,  "begin" : 1358,  "end" : 1361 }, 
        {"sofa" : 12,  "begin" : 1361,  "end" : 1362 }, 
        {"sofa" : 12,  "begin" : 1363,  "end" : 1374 }, 
        {"sofa" : 12,  "begin" : 1374,  "end" : 1375 }, 
        {"sofa" : 12,  "begin" : 1375,  "end" : 1376 }, 
        {"sofa" : 12,  "begin" : 1377,  "end" : 1387 }, 
        {"sofa" : 12,  "begin" : 1388,  "end" : 1397 }, 
        {"sofa" : 12,  "begin" : 1398,  "end" : 1401 }, 
        {"sofa" : 12,  "begin" : 1402,  "end" : 1405 }, 
        {"sofa" : 12,  "begin" : 1406,  "end" : 1411 }, 
        {"sofa" : 12,  "begin" : 1412,  "end" : 1416 }, 
        {"sofa" : 12,  "begin" : 1417,  "end" : 1421 }, 
        {"sofa" : 12,  "begin" : 1421,  "end" : 1422 }, 
        {"sofa" : 12,  "begin" : 1423,  "end" : 1424 }, 
        {"sofa" : 12,  "begin" : 1424,  "end" : 1426 }, 
        {"sofa" : 12,  "begin" : 1427,  "end" : 1431 }, 
        {"sofa" : 12,  "begin" : 1432,  "end" : 1443 }, 
        {"sofa" : 12,  "begin" : 1444,  "end" : 1454 }, 
        {"sofa" : 12,  "begin" : 1455,  "end" : 1457 }, 
        {"sofa" : 12,  "begin" : 1458,  "end" : 1461 }, 
        {"sofa" : 12,  "begin" : 1462,  "end" : 1469 }, 
        {"sofa" : 12,  "begin" : 1470,  "end" : 1477 }, 
        {"sofa" : 12,  "begin" : 1478,  "end" : 1481 }, 
        {"sofa" : 12,  "begin" : 1482,  "end" : 1486 }, 
        {"sofa" : 12,  "begin" : 1487,  "end" : 1494 }, 
        {"sofa" : 12,  "begin" : 1495,  "end" : 1505 }, 
        {"sofa" : 12,  "begin" : 1506,  "end" : 1516 }, 
        {"sofa" : 12,  "begin" : 1517,  "end" : 1521 }, 
        {"sofa" : 12,  "begin" : 1522,  "end" : 1531 }, 
        {"sofa" : 12,  "begin" : 1532,  "end" : 1535 }, 
        {"sofa" : 12,  "begin" : 1536,  "end" : 1539 }, 
        {"sofa" : 12,  "begin" : 1540,  "end" : 1548 }, 
        {"sofa" : 12,  "begin" : 1548,  "end" : 1549 }, 
        {"sofa" : 12,  "begin" : 1550,  "end" : 1553 }, 
        {"sofa" : 12,  "begin" : 1554,  "end" : 1557 }, 
        {"sofa" : 12,  "begin" : 1558,  "end" : 1565 }, 
        {"sofa" : 12,  "begin" : 1566,  "end" : 1570 }, 
        {"sofa" : 12,  "begin" : 1571,  "end" : 1580 }, 
        {"sofa" : 12,  "begin" : 1581,  "end" : 1591 }, 
        {"sofa" : 12,  "begin" : 1592,  "end" : 1595 }, 
        {"sofa" : 12,  "begin" : 1596,  "end" : 1609 }, 
        {"sofa" : 12,  "begin" : 1610,  "end" : 1620 }, 
        {"sofa" : 12,  "begin" : 1620,  "end" : 1621 }, 
        {"sofa" : 12,  "begin" : 1622,  "end" : 1625 }, 
        {"sofa" : 12,  "begin" : 1626,  "end" : 1637 }, 
        {"sofa" : 12,  "begin" : 1638,  "end" : 1642 }, 
        {"sofa" : 12,  "begin" : 1643,  "end" : 1649 }, 
        {"sofa" : 12,  "begin" : 1650,  "end" : 1659 }, 
        {"sofa" : 12,  "begin" : 1660,  "end" : 1663 }, 
        {"sofa" : 12,  "begin" : 1664,  "end" : 1667 }, 
        {"sofa" : 12,  "begin" : 1668,  "end" : 1674 }, 
        {"sofa" : 12,  "begin" : 1675,  "end" : 1687 }, 
        {"sofa" : 12,  "begin" : 1688,  "end" : 1691 }, 
        {"sofa" : 12,  "begin" : 1692,  "end" : 1701 }, 
        {"sofa" : 12,  "begin" : 1702,  "end" : 1711 }, 
        {"sofa" : 12,  "begin" : 1711,  "end" : 1712 }, 
        {"sofa" : 12,  "begin" : 1712,  "end" : 1713 }, 
        {"sofa" : 12,  "begin" : 1715,  "end" : 1724 }, 
        {"sofa" : 12,  "begin" : 1725,  "end" : 1738 }, 
        {"sofa" : 12,  "begin" : 1739,  "end" : 1741 }, 
        {"sofa" : 12,  "begin" : 1742,  "end" : 1745 }, 
        {"sofa" : 12,  "begin" : 1746,  "end" : 1754 }, 
        {"sofa" : 12,  "begin" : 1755,  "end" : 1760 }, 
        {"sofa" : 12,  "begin" : 1761,  "end" : 1763 }, 
        {"sofa" : 12,  "begin" : 1764,  "end" : 1769 }, 
        {"sofa" : 12,  "begin" : 1770,  "end" : 1779 }, 
        {"sofa" : 12,  "begin" : 1780,  "end" : 1790 }, 
        {"sofa" : 12,  "begin" : 1791,  "end" : 1792 }, 
        {"sofa" : 12,  "begin" : 1793,  "end" : 1804 }, 
        {"sofa" : 12,  "begin" : 1805,  "end" : 1807 }, 
        {"sofa" : 12,  "begin" : 1807,  "end" : 1808 }, 
        {"sofa" : 12,  "begin" : 1809,  "end" : 1810 }, 
        {"sofa" : 12,  "begin" : 1811,  "end" : 1812 }, 
        {"sofa" : 12,  "begin" : 1812,  "end" : 1819 }, 
        {"sofa" : 12,  "begin" : 1820,  "end" : 1827 }, 
        {"sofa" : 12,  "begin" : 1828,  "end" : 1832 }, 
        {"sofa" : 12,  "begin" : 1833,  "end" : 1843 }, 
        {"sofa" : 12,  "begin" : 1844,  "end" : 1854 }, 
        {"sofa" : 12,  "begin" : 1855,  "end" : 1858 }, 
        {"sofa" : 12,  "begin" : 1859,  "end" : 1866 }, 
        {"sofa" : 12,  "begin" : 1867,  "end" : 1874 }, 
        {"sofa" : 12,  "begin" : 1875,  "end" : 1883 }, 
        {"sofa" : 12,  "begin" : 1884,  "end" : 1890 }, 
        {"sofa" : 12,  "begin" : 1891,  "end" : 1895 }, 
        {"sofa" : 12,  "begin" : 1896,  "end" : 1904 }, 
        {"sofa" : 12,  "begin" : 1905,  "end" : 1912 }, 
        {"sofa" : 12,  "begin" : 1913,  "end" : 1915 }, 
        {"sofa" : 12,  "begin" : 1916,  "end" : 1924 }, 
        {"sofa" : 12,  "begin" : 1925,  "end" : 1927 }, 
        {"sofa" : 12,  "begin" : 1928,  "end" : 1934 }, 
        {"sofa" : 12,  "begin" : 1935,  "end" : 1949 }, 
        {"sofa" : 12,  "begin" : 1949,  "end" : 1950 }, 
        {"sofa" : 12,  "begin" : 1950,  "end" : 1951 }, 
        {"sofa" : 12,  "begin" : 1952,  "end" : 1961 }, 
        {"sofa" : 12,  "begin" : 1962,  "end" : 1964 }, 
        {"sofa" : 12,  "begin" : 1965,  "end" : 1966 }, 
        {"sofa" : 12,  "begin" : 1967,  "end" : 1971 }, 
        {"sofa" : 12,  "begin" : 1972,  "end" : 1979 }, 
        {"sofa" : 12,  "begin" : 1979,  "end" : 1980 }, 
        {"sofa" : 12,  "begin" : 1982,  "end" : 1983 }, 
        {"sofa" : 12,  "begin" : 1983,  "end" : 1988 }, 
        {"sofa" : 12,  "begin" : 1989,  "end" : 1991 }, 
        {"sofa" : 12,  "begin" : 1992,  "end" : 1995 }, 
        {"sofa" : 12,  "begin" : 1996,  "end" : 2003 }, 
        {"sofa" : 12,  "begin" : 2004,  "end" : 2011 }, 
        {"sofa" : 12,  "begin" : 2012,  "end" : 2020 }, 
        {"sofa" : 12,  "begin" : 2021,  "end" : 2024 }, 
        {"sofa" : 12,  "begin" : 2025,  "end" : 2033 }, 
        {"sofa" : 12,  "begin" : 2034,  "end" : 2036 }, 
        {"sofa" : 12,  "begin" : 2037,  "end" : 2041 }, 
        {"sofa" : 12,  "begin" : 2042,  "end" : 2045 }, 
        {"sofa" : 12,  "begin" : 2046,  "end" : 2049 }, 
        {"sofa" : 12,  "begin" : 2050,  "end" : 2063 }, 
        {"sofa" : 12,  "begin" : 2064,  "end" : 2070 }, 
        {"sofa" : 12,  "begin" : 2071,  "end" : 2074 }, 
        {"sofa" : 12,  "begin" : 2075,  "end" : 2078 }, 
        {"sofa" : 12,  "begin" : 2078,  "end" : 2079 }, 
        {"sofa" : 12,  "begin" : 2080,  "end" : 2084 }, 
        {"sofa" : 12,  "begin" : 2084,  "end" : 2085 }, 
        {"sofa" : 12,  "begin" : 2085,  "end" : 2086 }, 
        {"sofa" : 12,  "begin" : 2087,  "end" : 2094 }, 
        {"sofa" : 12,  "begin" : 2095,  "end" : 2102 }, 
        {"sofa" : 12,  "begin" : 2102,  "end" : 2103 }, 
        {"sofa" : 12,  "begin" : 2104,  "end" : 2105 }, 
        {"sofa" : 12,  "begin" : 2105,  "end" : 2107 }, 
        {"sofa" : 12,  "begin" : 2108,  "end" : 2114 }, 
        {"sofa" : 12,  "begin" : 2115,  "end" : 2121 }, 
        {"sofa" : 12,  "begin" : 2121,  "end" : 2122 }, 
        {"sofa" : 12,  "begin" : 2123,  "end" : 2124 }, 
        {"sofa" : 12,  "begin" : 2125,  "end" : 2131 }, 
        {"sofa" : 12,  "begin" : 2132,  "end" : 2134 }, 
        {"sofa" : 12,  "begin" : 2135,  "end" : 2139 }, 
        {"sofa" : 12,  "begin" : 2140,  "end" : 2146 }, 
        {"sofa" : 12,  "begin" : 2147,  "end" : 2155 }, 
        {"sofa" : 12,  "begin" : 2156,  "end" : 2160 }, 
        {"sofa" : 12,  "begin" : 2161,  "end" : 2167 }, 
        {"sofa" : 12,  "begin" : 2168,  "end" : 2176 }, 
        {"sofa" : 12,  "begin" : 2177,  "end" : 2187 }, 
        {"sofa" : 12,  "begin" : 2187,  "end" : 2188 }, 
        {"sofa" : 12,  "begin" : 2188,  "end" : 2189 }, 
        {"sofa" : 12,  "begin" : 2191,  "end" : 2203 }, 
        {"sofa" : 12,  "begin" : 2204,  "end" : 2216 }, 
        {"sofa" : 12,  "begin" : 2217,  "end" : 2221 }, 
        {"sofa" : 12,  "begin" : 2222,  "end" : 2228 }, 
        {"sofa" : 12,  "begin" : 2229,  "end" : 2231 }, 
        {"sofa" : 12,  "begin" : 2232,  "end" : 2240 }, 
        {"sofa" : 12,  "begin" : 2240,  "end" : 2241 }, 
        {"sofa" : 12,  "begin" : 2242,  "end" : 2251 }, 
        {"sofa" : 12,  "begin" : 2252,  "end" : 2254 }, 
        {"sofa" : 12,  "begin" : 2255,  "end" : 2256 }, 
        {"sofa" : 12,  "begin" : 2257,  "end" : 2262 }, 
        {"sofa" : 12,  "begin" : 2263,  "end" : 2270 }, 
        {"sofa" : 12,  "begin" : 2271,  "end" : 2281 }, 
        {"sofa" : 12,  "begin" : 2282,  "end" : 2285 }, 
        {"sofa" : 12,  "begin" : 2286,  "end" : 2290 }, 
        {"sofa" : 12,  "begin" : 2291,  "end" : 2295 }, 
        {"sofa" : 12,  "begin" : 2296,  "end" : 2303 }, 
        {"sofa" : 12,  "begin" : 2303,  "end" : 2304 }, 
        {"sofa" : 12,  "begin" : 2305,  "end" : 2308 }, 
        {"sofa" : 12,  "begin" : 2309,  "end" : 2318 }, 
        {"sofa" : 12,  "begin" : 2319,  "end" : 2323 }, 
        {"sofa" : 12,  "begin" : 2324,  "end" : 2328 }, 
        {"sofa" : 12,  "begin" : 2329,  "end" : 2333 }, 
        {"sofa" : 12,  "begin" : 2334,  "end" : 2342 }, 
        {"sofa" : 12,  "begin" : 2343,  "end" : 2347 }, 
        {"sofa" : 12,  "begin" : 2348,  "end" : 2351 }, 
        {"sofa" : 12,  "begin" : 2352,  "end" : 2357 }, 
        {"sofa" : 12,  "begin" : 2358,  "end" : 2361 }, 
        {"sofa" : 12,  "begin" : 2362,  "end" : 2372 }, 
        {"sofa" : 12,  "begin" : 2373,  "end" : 2383 }, 
        {"sofa" : 12,  "begin" : 2383,  "end" : 2384 }, 
        {"sofa" : 12,  "begin" : 2385,  "end" : 2388 }, 
        {"sofa" : 12,  "begin" : 2389,  "end" : 2393 }, 
        {"sofa" : 12,  "begin" : 2394,  "end" : 2399 }, 
        {"sofa" : 12,  "begin" : 2400,  "end" : 2403 }, 
        {"sofa" : 12,  "begin" : 2404,  "end" : 2412 }, 
        {"sofa" : 12,  "begin" : 2413,  "end" : 2423 }, 
        {"sofa" : 12,  "begin" : 2424,  "end" : 2425 }, 
        {"sofa" : 12,  "begin" : 2426,  "end" : 2429 }, 
        {"sofa" : 12,  "begin" : 2430,  "end" : 2433 }, 
        {"sofa" : 12,  "begin" : 2434,  "end" : 2442 }, 
        {"sofa" : 12,  "begin" : 2443,  "end" : 2453 }, 
        {"sofa" : 12,  "begin" : 2454,  "end" : 2458 }, 
        {"sofa" : 12,  "begin" : 2459,  "end" : 2460 }, 
        {"sofa" : 12,  "begin" : 2461,  "end" : 2463 }, 
        {"sofa" : 12,  "begin" : 2464,  "end" : 2469 }, 
        {"sofa" : 12,  "begin" : 2469,  "end" : 2470 }, 
        {"sofa" : 12,  "begin" : 2472,  "end" : 2475 }, 
        {"sofa" : 12,  "begin" : 2476,  "end" : 2484 }, 
        {"sofa" : 12,  "begin" : 2485,  "end" : 2490 }, 
        {"sofa" : 12,  "begin" : 2491,  "end" : 2498 }, 
        {"sofa" : 12,  "begin" : 2499,  "end" : 2507 }, 
        {"sofa" : 12,  "begin" : 2508,  "end" : 2510 }, 
        {"sofa" : 12,  "begin" : 2511,  "end" : 2519 }, 
        {"sofa" : 12,  "begin" : 2520,  "end" : 2532 }, 
        {"sofa" : 12,  "begin" : 2533,  "end" : 2540 }, 
        {"sofa" : 12,  "begin" : 2541,  "end" : 2546 }, 
        {"sofa" : 12,  "begin" : 2547,  "end" : 2550 }, 
        {"sofa" : 12,  "begin" : 2551,  "end" : 2559 }, 
        {"sofa" : 12,  "begin" : 2560,  "end" : 2564 }, 
        {"sofa" : 12,  "begin" : 2565,  "end" : 2568 }, 
        {"sofa" : 12,  "begin" : 2569,  "end" : 2573 }, 
        {"sofa" : 12,  "begin" : 2574,  "end" : 2581 }, 
        {"sofa" : 12,  "begin" : 2581,  "end" : 2582 }, 
        {"sofa" : 12,  "begin" : 2583,  "end" : 2586 }, 
        {"sofa" : 12,  "begin" : 2587,  "end" : 2592 }, 
        {"sofa" : 12,  "begin" : 2593,  "end" : 2596 }, 
        {"sofa" : 12,  "begin" : 2597,  "end" : 2601 }, 
        {"sofa" : 12,  "begin" : 2602,  "end" : 2609 }, 
        {"sofa" : 12,  "begin" : 2610,  "end" : 2615 }, 
        {"sofa" : 12,  "begin" : 2616,  "end" : 2624 }, 
        {"sofa" : 12,  "begin" : 2625,  "end" : 2627 }, 
        {"sofa" : 12,  "begin" : 2628,  "end" : 2632 }, 
        {"sofa" : 12,  "begin" : 2633,  "end" : 2635 }, 
        {"sofa" : 12,  "begin" : 2636,  "end" : 2642 }, 
        {"sofa" : 12,  "begin" : 2643,  "end" : 2648 }, 
        {"sofa" : 12,  "begin" : 2648,  "end" : 2649 }, 
        {"sofa" : 12,  "begin" : 2650,  "end" : 2657 }, 
        {"sofa" : 12,  "begin" : 2658,  "end" : 2663 }, 
        {"sofa" : 12,  "begin" : 2664,  "end" : 2670 }, 
        {"sofa" : 12,  "begin" : 2671,  "end" : 2675 }, 
        {"sofa" : 12,  "begin" : 2676,  "end" : 2679 }, 
        {"sofa" : 12,  "begin" : 2679,  "end" : 2680 }, 
        {"sofa" : 12,  "begin" : 2681,  "end" : 2684 }, 
        {"sofa" : 12,  "begin" : 2685,  "end" : 2694 }, 
        {"sofa" : 12,  "begin" : 2695,  "end" : 2700 }, 
        {"sofa" : 12,  "begin" : 2701,  "end" : 2702 }, 
        {"sofa" : 12,  "begin" : 2702,  "end" : 2705 }, 
        {"sofa" : 12,  "begin" : 2706,  "end" : 2709 }, 
        {"sofa" : 12,  "begin" : 2710,  "end" : 2714 }, 
        {"sofa" : 12,  "begin" : 2715,  "end" : 2718 }, 
        {"sofa" : 12,  "begin" : 2719,  "end" : 2726 }, 
        {"sofa" : 12,  "begin" : 2727,  "end" : 2734 }, 
        {"sofa" : 12,  "begin" : 2735,  "end" : 2742 }, 
        {"sofa" : 12,  "begin" : 2742,  "end" : 2743 }, 
        {"sofa" : 12,  "begin" : 2743,  "end" : 2744 }, 
        {"sofa" : 12,  "begin" : 2745,  "end" : 2747 }, 
        {"sofa" : 12,  "begin" : 2748,  "end" : 2754 }, 
        {"sofa" : 12,  "begin" : 2755,  "end" : 2762 }, 
        {"sofa" : 12,  "begin" : 2763,  "end" : 2767 }, 
        {"sofa" : 12,  "begin" : 2768,  "end" : 2776 }, 
        {"sofa" : 12,  "begin" : 2777,  "end" : 2785 }, 
        {"sofa" : 12,  "begin" : 2785,  "end" : 2786 }, 
        {"sofa" : 12,  "begin" : 2788,  "end" : 2797 }, 
        {"sofa" : 12,  "begin" : 2798,  "end" : 2802 }, 
        {"sofa" : 12,  "begin" : 2803,  "end" : 2807 }, 
        {"sofa" : 12,  "begin" : 2808,  "end" : 2815 }, 
        {"sofa" : 12,  "begin" : 2816,  "end" : 2823 }, 
        {"sofa" : 12,  "begin" : 2824,  "end" : 2828 }, 
        {"sofa" : 12,  "begin" : 2829,  "end" : 2834 }, 
        {"sofa" : 12,  "begin" : 2834,  "end" : 2835 }, 
        {"sofa" : 12,  "begin" : 2836,  "end" : 2840 }, 
        {"sofa" : 12,  "begin" : 2841,  "end" : 2843 }, 
        {"sofa" : 12,  "begin" : 2844,  "end" : 2853 }, 
        {"sofa" : 12,  "begin" : 2854,  "end" : 2864 }, 
        {"sofa" : 12,  "begin" : 2865,  "end" : 2869 }, 
        {"sofa" : 12,  "begin" : 2870,  "end" : 2877 }, 
        {"sofa" : 12,  "begin" : 2878,  "end" : 2880 }, 
        {"sofa" : 12,  "begin" : 2881,  "end" : 2893 }, 
        {"sofa" : 12,  "begin" : 2894,  "end" : 2901 }, 
        {"sofa" : 12,  "begin" : 2902,  "end" : 2904 }, 
        {"sofa" : 12,  "begin" : 2905,  "end" : 2910 }, 
        {"sofa" : 12,  "begin" : 2911,  "end" : 2913 }, 
        {"sofa" : 12,  "begin" : 2914,  "end" : 2918 }, 
        {"sofa" : 12,  "begin" : 2918,  "end" : 2919 }, 
        {"sofa" : 12,  "begin" : 2920,  "end" : 2924 }, 
        {"sofa" : 12,  "begin" : 2925,  "end" : 2928 }, 
        {"sofa" : 12,  "begin" : 2929,  "end" : 2936 }, 
        {"sofa" : 12,  "begin" : 2937,  "end" : 2943 }, 
        {"sofa" : 12,  "begin" : 2944,  "end" : 2949 }, 
        {"sofa" : 12,  "begin" : 2950,  "end" : 2952 }, 
        {"sofa" : 12,  "begin" : 2953,  "end" : 2956 }, 
        {"sofa" : 12,  "begin" : 2957,  "end" : 2961 }, 
        {"sofa" : 12,  "begin" : 2962,  "end" : 2964 }, 
        {"sofa" : 12,  "begin" : 2965,  "end" : 2968 }, 
        {"sofa" : 12,  "begin" : 2969,  "end" : 2976 }, 
        {"sofa" : 12,  "begin" : 2977,  "end" : 2984 }, 
        {"sofa" : 12,  "begin" : 2984,  "end" : 2985 }, 
        {"sofa" : 12,  "begin" : 2986,  "end" : 2989 }, 
        {"sofa" : 12,  "begin" : 2990,  "end" : 2993 }, 
        {"sofa" : 12,  "begin" : 2994,  "end" : 2998 }, 
        {"sofa" : 12,  "begin" : 2999,  "end" : 3002 }, 
        {"sofa" : 12,  "begin" : 3003,  "end" : 3008 }, 
        {"sofa" : 12,  "begin" : 3009,  "end" : 3011 }, 
        {"sofa" : 12,  "begin" : 3012,  "end" : 3020 }, 
        {"sofa" : 12,  "begin" : 3020,  "end" : 3021 } ], 
      "Persuasive_Labels" : [
        {"sofa" : 12,  "begin" : 668,  "end" : 696,  "EstablishingLegitimacy" : "Establishing Legitimacy" }, 
        {"sofa" : 12,  "begin" : 668,  "end" : 696,  "EstablishingLegitimacy" : "citing source to establish legitimacy_source not verified" }, 
        {"sofa" : 12,  "begin" : 1054,  "end" : 1109,  "EstablishingLegitimacy" : "Establishing Legitimacy" }, 
        {"sofa" : 12,  "begin" : 1054,  "end" : 1109,  "EstablishingLegitimacy" : "citing source to establish legitimacy_source not verified" }, 
        {"sofa" : 12,  "begin" : 1377,  "end" : 1422,  "EstablishingLegitimacy" : "Establishing Legitimacy" }, 
        {"sofa" : 12,  "begin" : 1377,  "end" : 1422,  "EstablishingLegitimacy" : "citing source to establish legitimacy_source not verified" }, 
        {"sofa" : 12,  "begin" : 2087,  "end" : 2103,  "EstablishingLegitimacy" : "Establishing Legitimacy" }, 
        {"sofa" : 12,  "begin" : 2087,  "end" : 2103,  "EstablishingLegitimacy" : "citing source to establish legitimacy_source not verified" }, 
        {"sofa" : 12,  "begin" : 2745,  "end" : 2786,  "EstablishingLegitimacy" : "Establishing Legitimacy" }, 
        {"sofa" : 12,  "begin" : 2745,  "end" : 2786,  "EstablishingLegitimacy" : "citing source to establish legitimacy_source not verified" } ] } }, 
  "_referenced_fss" : {
    "12" : {"_type" : "Sofa",  "sofaNum" : 1,  "sofaID" : "_InitialView",  "mimeType" : "text",  "sofaString" : "﻿tron-01405 Chinese Firm Purchased Smithfield Farms \r\nSource: https://www.npr.org/sections/thetwo-way/2013/05/29/187029237/smithfield-foods-to-be-sold-to-chinese-firm-for-4-72-billion \r\nFact checking: https://www.truthorfiction.com/smithfield-farms-china/ \r\nActual content: \r\nThe makers of Smithfield Ham, an icon on America's culinary scene for decades, are selling the publicly traded company to China's Shuanghui International Holdings Limited for about $4.72 billion in cash. The deal also includes an exchange of debt.\r\nThe purchase values Smithfield Foods at $7.1 billion - a figure that would make the purchase \"the largest Chinese takeover of a U.S. company,\" according to Bloomberg News.\r\nIn addition to Smithfield, the company's brands include Armour, Eckrich, Gwaltney, Kretschmar, and others. The company's roots stretch back to 1936, when the Luter family opened a packing plant in Virginia.\r\nTerms of the purchase value Smithfield's stock at $34 a share - a premium of more than 30 percent over the company's closing share price yesterday. The Wall Street Journal, which first reported the sale, says the company's shares rose sharply before the markets opened Wednesday.\r\nThe deal will require approval from U.S. regulators before it is final.\r\n\"This is a great transaction for all Smithfield stakeholders, as well as for American farmers and U.S. agriculture,\" Smithfield president and CEO Larry Pope said. \"We have established Smithfield as the world's leading and most trusted vertically integrated pork processor and hog producer, and are excited that Shuanghui recognizes our best-in-class operations, our outstanding food safety practices and our 46,000 hard-working and dedicated employees.\"\r\nShuanghui International is the majority owner of Henan Shuanghui Investment & Development Co. - \"China's largest meat processing enterprise and China's largest publicly traded meat products company as measured by market capitalization,\" according to a news release.\r\n\"China is the world's biggest producer and consumer of pork and the third-largest market for U.S. pork,\" Reuters reports. \"In recent months, a series of food safety scandals have dented consumer confidence.\"\r\nSmithfield's headquarters will remain in Virginia, according to a press release announcing the deal this morning. The companies also said that Shuangui will not close any Smithfield facilities, and will leave all employee agreements - and the existing management team - in place.\r\nThe purchase would further solidify an economic relationship between China and Virginia that has been growing. The state has sent several trade missions to Asia in recent years, helping China become what Gov. Bob McDonnell calls \"far and away our largest trading partner,\" as member station WAMU recently reported.\r\nMcDonnell made that comment earlier this month, when he announced Virginia's $638 million of agricultural exports to China in 2012. Pork and poultry placed third on the list of the state's exports; the top spot was taken by soybeans.\r\n\r\n" } } }