{"_context" : {
    "_types" : {
      "DocumentMetaData" : {
        "_feature_types" : {"sofa" : "_ref" } }, 
      "Persuasive_Labels" : {
        "_feature_types" : {"sofa" : "_ref" } }, 
      "Sentence" : {
        "_feature_types" : {"sofa" : "_ref" } }, 
      "Sofa" : {
        "_feature_types" : {"sofaArray" : "_ref" } }, 
      "TagsetDescription" : {
        "_feature_types" : {"sofa" : "_ref",  "tags" : "_ref" } }, 
      "Token" : {
        "_feature_types" : {"sofa" : "_ref",  "parent" : "_ref",  "lemma" : "_ref",  "stem" : "_ref",  "pos" : "_ref",  "morph" : "_ref",  "form" : "_ref" } }, 
      "DocumentAnnotation" : {
        "_feature_types" : {"sofa" : "_ref" }, 
        "_subtypes" : ["DocumentMetaData" ] }, 
      "Annotation" : {
        "_feature_types" : {"sofa" : "_ref" }, 
        "_subtypes" : ["DocumentAnnotation",  "Persuasive_Labels",  "Sentence",  "TagsetDescription",  "Token" ] }, 
      "AnnotationBase" : {
        "_feature_types" : {"sofa" : "_ref" }, 
        "_subtypes" : ["Annotation" ] }, 
      "TOP" : {
        "_subtypes" : ["AnnotationBase",  "Sofa" ] } } }, 
  "_views" : {
    "_InitialView" : {
      "DocumentMetaData" : [
        {"sofa" : 12,  "end" : 1844,  "language" : "x-unspecified",  "documentTitle" : "135.%20tron-01811%20Texas%20Girl%20Impregnated%20by%20Flu%20Shot%20.txt",  "documentId" : "admin",  "documentUri" : "file:/C:/Users/huiyi/.webanno/repository/project/4/document/292/source/admin",  "collectionId" : "file:/C:/Users/huiyi/.webanno/repository/project/4/document/292/source/",  "documentBaseUri" : "file:/C:/Users/huiyi/.webanno/repository/project/4/document/292/source/",  "isLastSegment" : false } ], 
      "TagsetDescription" : [
        {"sofa" : 12,  "layer" : "de.tudarmstadt.ukp.dkpro.core.api.syntax.type.dependency.Dependency",  "name" : "UD Universal Dependencies (v2)",  "input" : false }, 
        {"sofa" : 12,  "layer" : "de.tudarmstadt.ukp.dkpro.core.api.ner.type.NamedEntity",  "name" : "Named Entity tags",  "input" : false }, 
        {"sofa" : 12,  "layer" : "de.tudarmstadt.ukp.dkpro.core.api.transform.type.SofaChangeAnnotation",  "name" : "Operation",  "input" : false }, 
        {"sofa" : 12,  "layer" : "de.tudarmstadt.ukp.dkpro.core.api.lexmorph.type.pos.POS",  "name" : "UD Universal POS tags (v2)",  "input" : false }, 
        {"sofa" : 12,  "layer" : "webanno.custom.Persuasive_Labels",  "name" : "2. Using Anecdotes and Personal Experience as Evidence",  "input" : false } ], 
      "Sentence" : [
        {"sofa" : 12,  "end" : 134 }, 
        {"sofa" : 12,  "begin" : 134,  "end" : 661 }, 
        {"sofa" : 12,  "begin" : 663,  "end" : 849 }, 
        {"sofa" : 12,  "begin" : 851,  "end" : 891 }, 
        {"sofa" : 12,  "begin" : 892,  "end" : 990 }, 
        {"sofa" : 12,  "begin" : 991,  "end" : 1066 }, 
        {"sofa" : 12,  "begin" : 1067,  "end" : 1228 }, 
        {"sofa" : 12,  "begin" : 1230,  "end" : 1284 }, 
        {"sofa" : 12,  "begin" : 1285,  "end" : 1577 }, 
        {"sofa" : 12,  "begin" : 1578,  "end" : 1647 }, 
        {"sofa" : 12,  "begin" : 1648,  "end" : 1840 } ], 
      "Token" : [
        {"sofa" : 12,  "end" : 5 }, 
        {"sofa" : 12,  "begin" : 5,  "end" : 6 }, 
        {"sofa" : 12,  "begin" : 6,  "end" : 11 }, 
        {"sofa" : 12,  "begin" : 12,  "end" : 17 }, 
        {"sofa" : 12,  "begin" : 18,  "end" : 22 }, 
        {"sofa" : 12,  "begin" : 23,  "end" : 34 }, 
        {"sofa" : 12,  "begin" : 35,  "end" : 37 }, 
        {"sofa" : 12,  "begin" : 38,  "end" : 41 }, 
        {"sofa" : 12,  "begin" : 42,  "end" : 46 }, 
        {"sofa" : 12,  "begin" : 49,  "end" : 55 }, 
        {"sofa" : 12,  "begin" : 56,  "end" : 61 }, 
        {"sofa" : 12,  "begin" : 61,  "end" : 62 }, 
        {"sofa" : 12,  "begin" : 62,  "end" : 63 }, 
        {"sofa" : 12,  "begin" : 63,  "end" : 64 }, 
        {"sofa" : 12,  "begin" : 64,  "end" : 77 }, 
        {"sofa" : 12,  "begin" : 77,  "end" : 78 }, 
        {"sofa" : 12,  "begin" : 78,  "end" : 83 }, 
        {"sofa" : 12,  "begin" : 83,  "end" : 84 }, 
        {"sofa" : 12,  "begin" : 84,  "end" : 86 }, 
        {"sofa" : 12,  "begin" : 86,  "end" : 87 }, 
        {"sofa" : 12,  "begin" : 87,  "end" : 132 }, 
        {"sofa" : 12,  "begin" : 132,  "end" : 133 }, 
        {"sofa" : 12,  "begin" : 133,  "end" : 134 }, 
        {"sofa" : 12,  "begin" : 134,  "end" : 140 }, 
        {"sofa" : 12,  "begin" : 140,  "end" : 141 }, 
        {"sofa" : 12,  "begin" : 141,  "end" : 202 }, 
        {"sofa" : 12,  "begin" : 205,  "end" : 209 }, 
        {"sofa" : 12,  "begin" : 210,  "end" : 218 }, 
        {"sofa" : 12,  "begin" : 219,  "end" : 224 }, 
        {"sofa" : 12,  "begin" : 224,  "end" : 225 }, 
        {"sofa" : 12,  "begin" : 225,  "end" : 226 }, 
        {"sofa" : 12,  "begin" : 226,  "end" : 227 }, 
        {"sofa" : 12,  "begin" : 227,  "end" : 249 }, 
        {"sofa" : 12,  "begin" : 249,  "end" : 250 }, 
        {"sofa" : 12,  "begin" : 250,  "end" : 284 }, 
        {"sofa" : 12,  "begin" : 284,  "end" : 285 }, 
        {"sofa" : 12,  "begin" : 288,  "end" : 294 }, 
        {"sofa" : 12,  "begin" : 295,  "end" : 302 }, 
        {"sofa" : 12,  "begin" : 302,  "end" : 303 }, 
        {"sofa" : 12,  "begin" : 306,  "end" : 311 }, 
        {"sofa" : 12,  "begin" : 311,  "end" : 312 }, 
        {"sofa" : 12,  "begin" : 313,  "end" : 315 }, 
        {"sofa" : 12,  "begin" : 315,  "end" : 316 }, 
        {"sofa" : 12,  "begin" : 316,  "end" : 320 }, 
        {"sofa" : 12,  "begin" : 321,  "end" : 324 }, 
        {"sofa" : 12,  "begin" : 325,  "end" : 331 }, 
        {"sofa" : 12,  "begin" : 332,  "end" : 337 }, 
        {"sofa" : 12,  "begin" : 338,  "end" : 346 }, 
        {"sofa" : 12,  "begin" : 347,  "end" : 352 }, 
        {"sofa" : 12,  "begin" : 353,  "end" : 356 }, 
        {"sofa" : 12,  "begin" : 357,  "end" : 361 }, 
        {"sofa" : 12,  "begin" : 363,  "end" : 366 }, 
        {"sofa" : 12,  "begin" : 367,  "end" : 373 }, 
        {"sofa" : 12,  "begin" : 373,  "end" : 374 }, 
        {"sofa" : 12,  "begin" : 375,  "end" : 377 }, 
        {"sofa" : 12,  "begin" : 378,  "end" : 379 }, 
        {"sofa" : 12,  "begin" : 380,  "end" : 381 }, 
        {"sofa" : 12,  "begin" : 382,  "end" : 384 }, 
        {"sofa" : 12,  "begin" : 384,  "end" : 385 }, 
        {"sofa" : 12,  "begin" : 385,  "end" : 389 }, 
        {"sofa" : 12,  "begin" : 390,  "end" : 393 }, 
        {"sofa" : 12,  "begin" : 394,  "end" : 404 }, 
        {"sofa" : 12,  "begin" : 405,  "end" : 408 }, 
        {"sofa" : 12,  "begin" : 409,  "end" : 417 }, 
        {"sofa" : 12,  "begin" : 418,  "end" : 425 }, 
        {"sofa" : 12,  "begin" : 426,  "end" : 439 }, 
        {"sofa" : 12,  "begin" : 440,  "end" : 445 }, 
        {"sofa" : 12,  "begin" : 446,  "end" : 447 }, 
        {"sofa" : 12,  "begin" : 448,  "end" : 451 }, 
        {"sofa" : 12,  "begin" : 452,  "end" : 456 }, 
        {"sofa" : 12,  "begin" : 457,  "end" : 466 }, 
        {"sofa" : 12,  "begin" : 467,  "end" : 471 }, 
        {"sofa" : 12,  "begin" : 472,  "end" : 475 }, 
        {"sofa" : 12,  "begin" : 476,  "end" : 481 }, 
        {"sofa" : 12,  "begin" : 482,  "end" : 486 }, 
        {"sofa" : 12,  "begin" : 487,  "end" : 495 }, 
        {"sofa" : 12,  "begin" : 496,  "end" : 499 }, 
        {"sofa" : 12,  "begin" : 500,  "end" : 503 }, 
        {"sofa" : 12,  "begin" : 504,  "end" : 508 }, 
        {"sofa" : 12,  "begin" : 509,  "end" : 515 }, 
        {"sofa" : 12,  "begin" : 516,  "end" : 522 }, 
        {"sofa" : 12,  "begin" : 522,  "end" : 523 }, 
        {"sofa" : 12,  "begin" : 524,  "end" : 529 }, 
        {"sofa" : 12,  "begin" : 530,  "end" : 533 }, 
        {"sofa" : 12,  "begin" : 534,  "end" : 540 }, 
        {"sofa" : 12,  "begin" : 541,  "end" : 547 }, 
        {"sofa" : 12,  "begin" : 548,  "end" : 555 }, 
        {"sofa" : 12,  "begin" : 556,  "end" : 564 }, 
        {"sofa" : 12,  "begin" : 565,  "end" : 570 }, 
        {"sofa" : 12,  "begin" : 571,  "end" : 576 }, 
        {"sofa" : 12,  "begin" : 577,  "end" : 580 }, 
        {"sofa" : 12,  "begin" : 581,  "end" : 584 }, 
        {"sofa" : 12,  "begin" : 585,  "end" : 589 }, 
        {"sofa" : 12,  "begin" : 590,  "end" : 601 }, 
        {"sofa" : 12,  "begin" : 602,  "end" : 604 }, 
        {"sofa" : 12,  "begin" : 605,  "end" : 608 }, 
        {"sofa" : 12,  "begin" : 609,  "end" : 616 }, 
        {"sofa" : 12,  "begin" : 616,  "end" : 617 }, 
        {"sofa" : 12,  "begin" : 618,  "end" : 625 }, 
        {"sofa" : 12,  "begin" : 626,  "end" : 629 }, 
        {"sofa" : 12,  "begin" : 630,  "end" : 635 }, 
        {"sofa" : 12,  "begin" : 636,  "end" : 641 }, 
        {"sofa" : 12,  "begin" : 642,  "end" : 650 }, 
        {"sofa" : 12,  "begin" : 651,  "end" : 655 }, 
        {"sofa" : 12,  "begin" : 656,  "end" : 660 }, 
        {"sofa" : 12,  "begin" : 660,  "end" : 661 }, 
        {"sofa" : 12,  "begin" : 663,  "end" : 668 }, 
        {"sofa" : 12,  "begin" : 669,  "end" : 677 }, 
        {"sofa" : 12,  "begin" : 678,  "end" : 687 }, 
        {"sofa" : 12,  "begin" : 688,  "end" : 695 }, 
        {"sofa" : 12,  "begin" : 696,  "end" : 701 }, 
        {"sofa" : 12,  "begin" : 701,  "end" : 702 }, 
        {"sofa" : 12,  "begin" : 703,  "end" : 706 }, 
        {"sofa" : 12,  "begin" : 707,  "end" : 717 }, 
        {"sofa" : 12,  "begin" : 718,  "end" : 724 }, 
        {"sofa" : 12,  "begin" : 725,  "end" : 732 }, 
        {"sofa" : 12,  "begin" : 733,  "end" : 736 }, 
        {"sofa" : 12,  "begin" : 737,  "end" : 742 }, 
        {"sofa" : 12,  "begin" : 743,  "end" : 745 }, 
        {"sofa" : 12,  "begin" : 746,  "end" : 749 }, 
        {"sofa" : 12,  "begin" : 750,  "end" : 755 }, 
        {"sofa" : 12,  "begin" : 756,  "end" : 762 }, 
        {"sofa" : 12,  "begin" : 763,  "end" : 769 }, 
        {"sofa" : 12,  "begin" : 770,  "end" : 772 }, 
        {"sofa" : 12,  "begin" : 773,  "end" : 778 }, 
        {"sofa" : 12,  "begin" : 779,  "end" : 784 }, 
        {"sofa" : 12,  "begin" : 785,  "end" : 792 }, 
        {"sofa" : 12,  "begin" : 793,  "end" : 799 }, 
        {"sofa" : 12,  "begin" : 800,  "end" : 805 }, 
        {"sofa" : 12,  "begin" : 806,  "end" : 809 }, 
        {"sofa" : 12,  "begin" : 810,  "end" : 813 }, 
        {"sofa" : 12,  "begin" : 814,  "end" : 819 }, 
        {"sofa" : 12,  "begin" : 820,  "end" : 822 }, 
        {"sofa" : 12,  "begin" : 823,  "end" : 825 }, 
        {"sofa" : 12,  "begin" : 826,  "end" : 834 }, 
        {"sofa" : 12,  "begin" : 835,  "end" : 842 }, 
        {"sofa" : 12,  "begin" : 843,  "end" : 848 }, 
        {"sofa" : 12,  "begin" : 848,  "end" : 849 }, 
        {"sofa" : 12,  "begin" : 851,  "end" : 852 }, 
        {"sofa" : 12,  "begin" : 852,  "end" : 855 }, 
        {"sofa" : 12,  "begin" : 856,  "end" : 859 }, 
        {"sofa" : 12,  "begin" : 860,  "end" : 862 }, 
        {"sofa" : 12,  "begin" : 863,  "end" : 872 }, 
        {"sofa" : 12,  "begin" : 873,  "end" : 879 }, 
        {"sofa" : 12,  "begin" : 880,  "end" : 890 }, 
        {"sofa" : 12,  "begin" : 890,  "end" : 891 }, 
        {"sofa" : 12,  "begin" : 892,  "end" : 897 }, 
        {"sofa" : 12,  "begin" : 898,  "end" : 899 }, 
        {"sofa" : 12,  "begin" : 900,  "end" : 903 }, 
        {"sofa" : 12,  "begin" : 904,  "end" : 908 }, 
        {"sofa" : 12,  "begin" : 909,  "end" : 912 }, 
        {"sofa" : 12,  "begin" : 913,  "end" : 919 }, 
        {"sofa" : 12,  "begin" : 920,  "end" : 924 }, 
        {"sofa" : 12,  "begin" : 925,  "end" : 931 }, 
        {"sofa" : 12,  "begin" : 931,  "end" : 932 }, 
        {"sofa" : 12,  "begin" : 933,  "end" : 936 }, 
        {"sofa" : 12,  "begin" : 937,  "end" : 940 }, 
        {"sofa" : 12,  "begin" : 941,  "end" : 944 }, 
        {"sofa" : 12,  "begin" : 945,  "end" : 948 }, 
        {"sofa" : 12,  "begin" : 949,  "end" : 957 }, 
        {"sofa" : 12,  "begin" : 958,  "end" : 960 }, 
        {"sofa" : 12,  "begin" : 961,  "end" : 962 }, 
        {"sofa" : 12,  "begin" : 963,  "end" : 968 }, 
        {"sofa" : 12,  "begin" : 968,  "end" : 969 }, 
        {"sofa" : 12,  "begin" : 970,  "end" : 978 }, 
        {"sofa" : 12,  "begin" : 979,  "end" : 982 }, 
        {"sofa" : 12,  "begin" : 983,  "end" : 989 }, 
        {"sofa" : 12,  "begin" : 989,  "end" : 990 }, 
        {"sofa" : 12,  "begin" : 991,  "end" : 992 }, 
        {"sofa" : 12,  "begin" : 992,  "end" : 994 }, 
        {"sofa" : 12,  "begin" : 995,  "end" : 999 }, 
        {"sofa" : 12,  "begin" : 1000,  "end" : 1001 }, 
        {"sofa" : 12,  "begin" : 1002,  "end" : 1006 }, 
        {"sofa" : 12,  "begin" : 1007,  "end" : 1010 }, 
        {"sofa" : 12,  "begin" : 1011,  "end" : 1016 }, 
        {"sofa" : 12,  "begin" : 1017,  "end" : 1023 }, 
        {"sofa" : 12,  "begin" : 1024,  "end" : 1027 }, 
        {"sofa" : 12,  "begin" : 1028,  "end" : 1032 }, 
        {"sofa" : 12,  "begin" : 1033,  "end" : 1039 }, 
        {"sofa" : 12,  "begin" : 1039,  "end" : 1040 }, 
        {"sofa" : 12,  "begin" : 1041,  "end" : 1044 }, 
        {"sofa" : 12,  "begin" : 1045,  "end" : 1048 }, 
        {"sofa" : 12,  "begin" : 1049,  "end" : 1055 }, 
        {"sofa" : 12,  "begin" : 1056,  "end" : 1065 }, 
        {"sofa" : 12,  "begin" : 1065,  "end" : 1066 }, 
        {"sofa" : 12,  "begin" : 1067,  "end" : 1070 }, 
        {"sofa" : 12,  "begin" : 1071,  "end" : 1076 }, 
        {"sofa" : 12,  "begin" : 1077,  "end" : 1082 }, 
        {"sofa" : 12,  "begin" : 1083,  "end" : 1085 }, 
        {"sofa" : 12,  "begin" : 1086,  "end" : 1091 }, 
        {"sofa" : 12,  "begin" : 1092,  "end" : 1095 }, 
        {"sofa" : 12,  "begin" : 1096,  "end" : 1098 }, 
        {"sofa" : 12,  "begin" : 1099,  "end" : 1101 }, 
        {"sofa" : 12,  "begin" : 1101,  "end" : 1102 }, 
        {"sofa" : 12,  "begin" : 1103,  "end" : 1108 }, 
        {"sofa" : 12,  "begin" : 1109,  "end" : 1119 }, 
        {"sofa" : 12,  "begin" : 1120,  "end" : 1122 }, 
        {"sofa" : 12,  "begin" : 1123,  "end" : 1127 }, 
        {"sofa" : 12,  "begin" : 1128,  "end" : 1130 }, 
        {"sofa" : 12,  "begin" : 1131,  "end" : 1134 }, 
        {"sofa" : 12,  "begin" : 1135,  "end" : 1137 }, 
        {"sofa" : 12,  "begin" : 1138,  "end" : 1144 }, 
        {"sofa" : 12,  "begin" : 1145,  "end" : 1148 }, 
        {"sofa" : 12,  "begin" : 1149,  "end" : 1157 }, 
        {"sofa" : 12,  "begin" : 1158,  "end" : 1161 }, 
        {"sofa" : 12,  "begin" : 1162,  "end" : 1165 }, 
        {"sofa" : 12,  "begin" : 1166,  "end" : 1174 }, 
        {"sofa" : 12,  "begin" : 1174,  "end" : 1175 }, 
        {"sofa" : 12,  "begin" : 1176,  "end" : 1179 }, 
        {"sofa" : 12,  "begin" : 1180,  "end" : 1184 }, 
        {"sofa" : 12,  "begin" : 1185,  "end" : 1190 }, 
        {"sofa" : 12,  "begin" : 1191,  "end" : 1200 }, 
        {"sofa" : 12,  "begin" : 1200,  "end" : 1201 }, 
        {"sofa" : 12,  "begin" : 1202,  "end" : 1209 }, 
        {"sofa" : 12,  "begin" : 1210,  "end" : 1215 }, 
        {"sofa" : 12,  "begin" : 1216,  "end" : 1221 }, 
        {"sofa" : 12,  "begin" : 1222,  "end" : 1227 }, 
        {"sofa" : 12,  "begin" : 1227,  "end" : 1228 }, 
        {"sofa" : 12,  "begin" : 1230,  "end" : 1231 }, 
        {"sofa" : 12,  "begin" : 1231,  "end" : 1234 }, 
        {"sofa" : 12,  "begin" : 1235,  "end" : 1238 }, 
        {"sofa" : 12,  "begin" : 1239,  "end" : 1242 }, 
        {"sofa" : 12,  "begin" : 1243,  "end" : 1246 }, 
        {"sofa" : 12,  "begin" : 1247,  "end" : 1254 }, 
        {"sofa" : 12,  "begin" : 1255,  "end" : 1263 }, 
        {"sofa" : 12,  "begin" : 1264,  "end" : 1266 }, 
        {"sofa" : 12,  "begin" : 1267,  "end" : 1268 }, 
        {"sofa" : 12,  "begin" : 1269,  "end" : 1277 }, 
        {"sofa" : 12,  "begin" : 1278,  "end" : 1283 }, 
        {"sofa" : 12,  "begin" : 1283,  "end" : 1284 }, 
        {"sofa" : 12,  "begin" : 1285,  "end" : 1289 }, 
        {"sofa" : 12,  "begin" : 1290,  "end" : 1293 }, 
        {"sofa" : 12,  "begin" : 1294,  "end" : 1297 }, 
        {"sofa" : 12,  "begin" : 1298,  "end" : 1303 }, 
        {"sofa" : 12,  "begin" : 1304,  "end" : 1308 }, 
        {"sofa" : 12,  "begin" : 1309,  "end" : 1310 }, 
        {"sofa" : 12,  "begin" : 1311,  "end" : 1316 }, 
        {"sofa" : 12,  "begin" : 1317,  "end" : 1322 }, 
        {"sofa" : 12,  "begin" : 1323,  "end" : 1328 }, 
        {"sofa" : 12,  "begin" : 1329,  "end" : 1337 }, 
        {"sofa" : 12,  "begin" : 1338,  "end" : 1345 }, 
        {"sofa" : 12,  "begin" : 1346,  "end" : 1349 }, 
        {"sofa" : 12,  "begin" : 1350,  "end" : 1357 }, 
        {"sofa" : 12,  "begin" : 1358,  "end" : 1360 }, 
        {"sofa" : 12,  "begin" : 1361,  "end" : 1364 }, 
        {"sofa" : 12,  "begin" : 1365,  "end" : 1372 }, 
        {"sofa" : 12,  "begin" : 1372,  "end" : 1373 }, 
        {"sofa" : 12,  "begin" : 1374,  "end" : 1377 }, 
        {"sofa" : 12,  "begin" : 1378,  "end" : 1381 }, 
        {"sofa" : 12,  "begin" : 1382,  "end" : 1386 }, 
        {"sofa" : 12,  "begin" : 1387,  "end" : 1393 }, 
        {"sofa" : 12,  "begin" : 1394,  "end" : 1401 }, 
        {"sofa" : 12,  "begin" : 1402,  "end" : 1406 }, 
        {"sofa" : 12,  "begin" : 1407,  "end" : 1410 }, 
        {"sofa" : 12,  "begin" : 1411,  "end" : 1415 }, 
        {"sofa" : 12,  "begin" : 1416,  "end" : 1419 }, 
        {"sofa" : 12,  "begin" : 1420,  "end" : 1423 }, 
        {"sofa" : 12,  "begin" : 1424,  "end" : 1429 }, 
        {"sofa" : 12,  "begin" : 1430,  "end" : 1433 }, 
        {"sofa" : 12,  "begin" : 1434,  "end" : 1440 }, 
        {"sofa" : 12,  "begin" : 1441,  "end" : 1450 }, 
        {"sofa" : 12,  "begin" : 1451,  "end" : 1455 }, 
        {"sofa" : 12,  "begin" : 1456,  "end" : 1457 }, 
        {"sofa" : 12,  "begin" : 1458,  "end" : 1461 }, 
        {"sofa" : 12,  "begin" : 1461,  "end" : 1462 }, 
        {"sofa" : 12,  "begin" : 1463,  "end" : 1466 }, 
        {"sofa" : 12,  "begin" : 1467,  "end" : 1470 }, 
        {"sofa" : 12,  "begin" : 1471,  "end" : 1476 }, 
        {"sofa" : 12,  "begin" : 1477,  "end" : 1479 }, 
        {"sofa" : 12,  "begin" : 1480,  "end" : 1482 }, 
        {"sofa" : 12,  "begin" : 1483,  "end" : 1488 }, 
        {"sofa" : 12,  "begin" : 1489,  "end" : 1492 }, 
        {"sofa" : 12,  "begin" : 1493,  "end" : 1498 }, 
        {"sofa" : 12,  "begin" : 1498,  "end" : 1499 }, 
        {"sofa" : 12,  "begin" : 1500,  "end" : 1505 }, 
        {"sofa" : 12,  "begin" : 1506,  "end" : 1507 }, 
        {"sofa" : 12,  "begin" : 1508,  "end" : 1518 }, 
        {"sofa" : 12,  "begin" : 1519,  "end" : 1522 }, 
        {"sofa" : 12,  "begin" : 1522,  "end" : 1523 }, 
        {"sofa" : 12,  "begin" : 1524,  "end" : 1527 }, 
        {"sofa" : 12,  "begin" : 1528,  "end" : 1530 }, 
        {"sofa" : 12,  "begin" : 1531,  "end" : 1533 }, 
        {"sofa" : 12,  "begin" : 1534,  "end" : 1539 }, 
        {"sofa" : 12,  "begin" : 1540,  "end" : 1548 }, 
        {"sofa" : 12,  "begin" : 1548,  "end" : 1549 }, 
        {"sofa" : 12,  "begin" : 1550,  "end" : 1553 }, 
        {"sofa" : 12,  "begin" : 1554,  "end" : 1559 }, 
        {"sofa" : 12,  "begin" : 1560,  "end" : 1563 }, 
        {"sofa" : 12,  "begin" : 1564,  "end" : 1569 }, 
        {"sofa" : 12,  "begin" : 1570,  "end" : 1576 }, 
        {"sofa" : 12,  "begin" : 1576,  "end" : 1577 }, 
        {"sofa" : 12,  "begin" : 1578,  "end" : 1580 }, 
        {"sofa" : 12,  "begin" : 1581,  "end" : 1583 }, 
        {"sofa" : 12,  "begin" : 1584,  "end" : 1594 }, 
        {"sofa" : 12,  "begin" : 1595,  "end" : 1598 }, 
        {"sofa" : 12,  "begin" : 1599,  "end" : 1602 }, 
        {"sofa" : 12,  "begin" : 1603,  "end" : 1607 }, 
        {"sofa" : 12,  "begin" : 1608,  "end" : 1619 }, 
        {"sofa" : 12,  "begin" : 1620,  "end" : 1622 }, 
        {"sofa" : 12,  "begin" : 1623,  "end" : 1627 }, 
        {"sofa" : 12,  "begin" : 1628,  "end" : 1633 }, 
        {"sofa" : 12,  "begin" : 1633,  "end" : 1634 }, 
        {"sofa" : 12,  "begin" : 1635,  "end" : 1638 }, 
        {"sofa" : 12,  "begin" : 1639,  "end" : 1646 }, 
        {"sofa" : 12,  "begin" : 1646,  "end" : 1647 }, 
        {"sofa" : 12,  "begin" : 1648,  "end" : 1649 }, 
        {"sofa" : 12,  "begin" : 1649,  "end" : 1651 }, 
        {"sofa" : 12,  "begin" : 1652,  "end" : 1654 }, 
        {"sofa" : 12,  "begin" : 1655,  "end" : 1657 }, 
        {"sofa" : 12,  "begin" : 1658,  "end" : 1663 }, 
        {"sofa" : 12,  "begin" : 1664,  "end" : 1666 }, 
        {"sofa" : 12,  "begin" : 1667,  "end" : 1675 }, 
        {"sofa" : 12,  "begin" : 1675,  "end" : 1676 }, 
        {"sofa" : 12,  "begin" : 1677,  "end" : 1678 }, 
        {"sofa" : 12,  "begin" : 1679,  "end" : 1683 }, 
        {"sofa" : 12,  "begin" : 1684,  "end" : 1689 }, 
        {"sofa" : 12,  "begin" : 1690,  "end" : 1695 }, 
        {"sofa" : 12,  "begin" : 1696,  "end" : 1700 }, 
        {"sofa" : 12,  "begin" : 1701,  "end" : 1703 }, 
        {"sofa" : 12,  "begin" : 1704,  "end" : 1708 }, 
        {"sofa" : 12,  "begin" : 1709,  "end" : 1710 }, 
        {"sofa" : 12,  "begin" : 1711,  "end" : 1716 }, 
        {"sofa" : 12,  "begin" : 1717,  "end" : 1719 }, 
        {"sofa" : 12,  "begin" : 1720,  "end" : 1727 }, 
        {"sofa" : 12,  "begin" : 1728,  "end" : 1733 }, 
        {"sofa" : 12,  "begin" : 1734,  "end" : 1745 }, 
        {"sofa" : 12,  "begin" : 1746,  "end" : 1748 }, 
        {"sofa" : 12,  "begin" : 1749,  "end" : 1750 }, 
        {"sofa" : 12,  "begin" : 1751,  "end" : 1758 }, 
        {"sofa" : 12,  "begin" : 1758,  "end" : 1759 }, 
        {"sofa" : 12,  "begin" : 1760,  "end" : 1763 }, 
        {"sofa" : 12,  "begin" : 1764,  "end" : 1765 }, 
        {"sofa" : 12,  "begin" : 1766,  "end" : 1769 }, 
        {"sofa" : 12,  "begin" : 1770,  "end" : 1774 }, 
        {"sofa" : 12,  "begin" : 1775,  "end" : 1783 }, 
        {"sofa" : 12,  "begin" : 1784,  "end" : 1787 }, 
        {"sofa" : 12,  "begin" : 1788,  "end" : 1793 }, 
        {"sofa" : 12,  "begin" : 1794,  "end" : 1797 }, 
        {"sofa" : 12,  "begin" : 1798,  "end" : 1800 }, 
        {"sofa" : 12,  "begin" : 1801,  "end" : 1803 }, 
        {"sofa" : 12,  "begin" : 1804,  "end" : 1808 }, 
        {"sofa" : 12,  "begin" : 1809,  "end" : 1815 }, 
        {"sofa" : 12,  "begin" : 1816,  "end" : 1820 }, 
        {"sofa" : 12,  "begin" : 1821,  "end" : 1825 }, 
        {"sofa" : 12,  "begin" : 1826,  "end" : 1832 }, 
        {"sofa" : 12,  "begin" : 1833,  "end" : 1838 }, 
        {"sofa" : 12,  "begin" : 1838,  "end" : 1839 }, 
        {"sofa" : 12,  "begin" : 1839,  "end" : 1840 } ], 
      "Persuasive_Labels" : [
        {"sofa" : 12,  "begin" : 380,  "end" : 849,  "FabricatingNarrativewithDetails" : "Narrative with details_verified to be false" }, 
        {"sofa" : 12,  "begin" : 380,  "end" : 849,  "FabricatingNarrativewithDetails" : "Narrative with Details" }, 
        {"sofa" : 12,  "begin" : 1285,  "end" : 1634,  "BiasedReasoningtoMakeaConclusion" : "biased reasoning to make a conclusion" }, 
        {"sofa" : 12,  "begin" : 1285,  "end" : 1634,  "BiasedReasoningtoMakeaConclusion" : "evidence does not support conclusion" }, 
        {"sofa" : 12,  "begin" : 1760,  "end" : 1783,  "EstablishingLegitimacy" : "Establishing Legitimacy" }, 
        {"sofa" : 12,  "begin" : 1760,  "end" : 1783,  "EstablishingLegitimacy" : "surface credibility markers - simply claiming authority or credibility" } ] } }, 
  "_referenced_fss" : {
    "12" : {"_type" : "Sofa",  "sofaNum" : 1,  "sofaID" : "_InitialView",  "mimeType" : "text",  "sofaString" : "﻿tron-01811 Texas Girl Impregnated by Flu Shot \r\nSource https://imjussayin.co/texas-14-year-old-virgin-falls-pregnant-after-flu-shot/?fbclid=IwAR0WZbRQAta5y0zh9oes0WrMaS3muXGWUNDBTmHj1my3mDtJVNbxQonnrik \r\nFact checking https://www.truthorfiction.com/texas-girl-impregnated-by-flu-shot/ \r\nActual content: \r\nTexas: 14-Year Old Virgin Falls Pregnant After Flu Shot\r\nSan Angelo, TX | A 14-year old schoolgirl has suffered serious complications after a flu shot allegedly left the young girl terribly ill and with severe cramps, until the family doctor finally realized weeks later she had been impregnated by the vaccine, reports the Forth Worth Telegram this week.\r\nAfter symptoms persisted several weeks, the distressed mother brought her child to the Whole Womans Health of Forth Worth medical clinic where she was found to be pregnant moments later.\r\n\"She was in excellent health beforehand. After a few days she became very unwell, she had all the symptoms of a fever\" explains her mother. \"It took a good few weeks before she felt better, but the nausea continued. She would throw up every day or so, until eventually we went to see Dr Hersch who realized she was pregnant\" she told local reporters, visibly still under shock.\r\n\"She had all the typical symptoms of a pregnant woman. It's not the first time a young woman falls pregnant without the consent of her parents, but the girl seemed sincere when she said she had never had sexual relations with a boy, and she urged me to check her hymen, which I eventually did, and to my utter surprise, the hymen was fully intact. It is impossible she has been impregnated by male sperm\" she assures. \"In my 26 years of practice, I have never heard once of such a thing as someone being impregnated by a vaccine, but I did some research and found out it is more common than most people think\".\r\n\r\n" } } }