{"_context" : {
    "_types" : {
      "DocumentMetaData" : {
        "_feature_types" : {"sofa" : "_ref" } }, 
      "Persuasive_Labels" : {
        "_feature_types" : {"sofa" : "_ref" } }, 
      "Sentence" : {
        "_feature_types" : {"sofa" : "_ref" } }, 
      "Sofa" : {
        "_feature_types" : {"sofaArray" : "_ref" } }, 
      "TagsetDescription" : {
        "_feature_types" : {"sofa" : "_ref",  "tags" : "_ref" } }, 
      "Token" : {
        "_feature_types" : {"sofa" : "_ref",  "parent" : "_ref",  "lemma" : "_ref",  "stem" : "_ref",  "pos" : "_ref",  "morph" : "_ref",  "form" : "_ref" } }, 
      "DocumentAnnotation" : {
        "_feature_types" : {"sofa" : "_ref" }, 
        "_subtypes" : ["DocumentMetaData" ] }, 
      "Annotation" : {
        "_feature_types" : {"sofa" : "_ref" }, 
        "_subtypes" : ["DocumentAnnotation",  "Persuasive_Labels",  "Sentence",  "TagsetDescription",  "Token" ] }, 
      "AnnotationBase" : {
        "_feature_types" : {"sofa" : "_ref" }, 
        "_subtypes" : ["Annotation" ] }, 
      "TOP" : {
        "_subtypes" : ["AnnotationBase",  "Sofa" ] } } }, 
  "_views" : {
    "_InitialView" : {
      "DocumentMetaData" : [
        {"sofa" : 12,  "end" : 3070,  "language" : "x-unspecified",  "documentTitle" : "74.%20snes-04766%20Dryer%20sheets%20permeated%20with%20fabric%20softener%20contain%20at%20least%20seven%20dangerous%20toxic%20chemicals.txt",  "documentId" : "admin",  "documentUri" : "file:/C:/Users/huiyi/.webanno/repository/project/4/document/249/source/admin",  "collectionId" : "file:/C:/Users/huiyi/.webanno/repository/project/4/document/249/source/",  "documentBaseUri" : "file:/C:/Users/huiyi/.webanno/repository/project/4/document/249/source/",  "isLastSegment" : false } ], 
      "TagsetDescription" : [
        {"sofa" : 12,  "layer" : "de.tudarmstadt.ukp.dkpro.core.api.syntax.type.dependency.Dependency",  "name" : "UD Universal Dependencies (v2)",  "input" : false }, 
        {"sofa" : 12,  "layer" : "de.tudarmstadt.ukp.dkpro.core.api.ner.type.NamedEntity",  "name" : "Named Entity tags",  "input" : false }, 
        {"sofa" : 12,  "layer" : "de.tudarmstadt.ukp.dkpro.core.api.transform.type.SofaChangeAnnotation",  "name" : "Operation",  "input" : false }, 
        {"sofa" : 12,  "layer" : "de.tudarmstadt.ukp.dkpro.core.api.lexmorph.type.pos.POS",  "name" : "UD Universal POS tags (v2)",  "input" : false }, 
        {"sofa" : 12,  "layer" : "webanno.custom.Persuasive_Labels",  "name" : "2. Using Anecdotes and Personal Experience as Evidence",  "input" : false } ], 
      "Sentence" : [
        {"sofa" : 12,  "end" : 105 }, 
        {"sofa" : 12,  "begin" : 108,  "end" : 571 }, 
        {"sofa" : 12,  "begin" : 572,  "end" : 669 }, 
        {"sofa" : 12,  "begin" : 671,  "end" : 925 }, 
        {"sofa" : 12,  "begin" : 926,  "end" : 978 }, 
        {"sofa" : 12,  "begin" : 979,  "end" : 1052 }, 
        {"sofa" : 12,  "begin" : 1053,  "end" : 1109 }, 
        {"sofa" : 12,  "begin" : 1110,  "end" : 1261 }, 
        {"sofa" : 12,  "begin" : 1262,  "end" : 1440 }, 
        {"sofa" : 12,  "begin" : 1441,  "end" : 1613 }, 
        {"sofa" : 12,  "begin" : 1614,  "end" : 1658 }, 
        {"sofa" : 12,  "begin" : 1660,  "end" : 1681 }, 
        {"sofa" : 12,  "begin" : 1682,  "end" : 1894 }, 
        {"sofa" : 12,  "begin" : 1896,  "end" : 2041 }, 
        {"sofa" : 12,  "begin" : 2043,  "end" : 2118 }, 
        {"sofa" : 12,  "begin" : 2120,  "end" : 2302 }, 
        {"sofa" : 12,  "begin" : 2304,  "end" : 2355 }, 
        {"sofa" : 12,  "begin" : 2356,  "end" : 2383 }, 
        {"sofa" : 12,  "begin" : 2384,  "end" : 2498 }, 
        {"sofa" : 12,  "begin" : 2500,  "end" : 2619 }, 
        {"sofa" : 12,  "begin" : 2621,  "end" : 2694 }, 
        {"sofa" : 12,  "begin" : 2696,  "end" : 2821 }, 
        {"sofa" : 12,  "begin" : 2823,  "end" : 2951 }, 
        {"sofa" : 12,  "begin" : 2953,  "end" : 2964 }, 
        {"sofa" : 12,  "begin" : 2966,  "end" : 3066 } ], 
      "Token" : [
        {"sofa" : 12,  "end" : 5 }, 
        {"sofa" : 12,  "begin" : 5,  "end" : 6 }, 
        {"sofa" : 12,  "begin" : 6,  "end" : 11 }, 
        {"sofa" : 12,  "begin" : 12,  "end" : 17 }, 
        {"sofa" : 12,  "begin" : 18,  "end" : 24 }, 
        {"sofa" : 12,  "begin" : 25,  "end" : 34 }, 
        {"sofa" : 12,  "begin" : 35,  "end" : 39 }, 
        {"sofa" : 12,  "begin" : 40,  "end" : 46 }, 
        {"sofa" : 12,  "begin" : 47,  "end" : 55 }, 
        {"sofa" : 12,  "begin" : 56,  "end" : 63 }, 
        {"sofa" : 12,  "begin" : 64,  "end" : 66 }, 
        {"sofa" : 12,  "begin" : 67,  "end" : 72 }, 
        {"sofa" : 12,  "begin" : 73,  "end" : 78 }, 
        {"sofa" : 12,  "begin" : 79,  "end" : 88 }, 
        {"sofa" : 12,  "begin" : 89,  "end" : 94 }, 
        {"sofa" : 12,  "begin" : 95,  "end" : 104 }, 
        {"sofa" : 12,  "begin" : 104,  "end" : 105 }, 
        {"sofa" : 12,  "begin" : 108,  "end" : 114 }, 
        {"sofa" : 12,  "begin" : 114,  "end" : 115 }, 
        {"sofa" : 12,  "begin" : 116,  "end" : 121 }, 
        {"sofa" : 12,  "begin" : 121,  "end" : 122 }, 
        {"sofa" : 12,  "begin" : 122,  "end" : 123 }, 
        {"sofa" : 12,  "begin" : 123,  "end" : 124 }, 
        {"sofa" : 12,  "begin" : 124,  "end" : 134 }, 
        {"sofa" : 12,  "begin" : 134,  "end" : 135 }, 
        {"sofa" : 12,  "begin" : 135,  "end" : 140 }, 
        {"sofa" : 12,  "begin" : 140,  "end" : 141 }, 
        {"sofa" : 12,  "begin" : 141,  "end" : 150 }, 
        {"sofa" : 12,  "begin" : 150,  "end" : 151 }, 
        {"sofa" : 12,  "begin" : 151,  "end" : 156 }, 
        {"sofa" : 12,  "begin" : 156,  "end" : 157 }, 
        {"sofa" : 12,  "begin" : 157,  "end" : 165 }, 
        {"sofa" : 12,  "begin" : 168,  "end" : 172 }, 
        {"sofa" : 12,  "begin" : 173,  "end" : 181 }, 
        {"sofa" : 12,  "begin" : 181,  "end" : 182 }, 
        {"sofa" : 12,  "begin" : 183,  "end" : 188 }, 
        {"sofa" : 12,  "begin" : 188,  "end" : 189 }, 
        {"sofa" : 12,  "begin" : 189,  "end" : 190 }, 
        {"sofa" : 12,  "begin" : 190,  "end" : 191 }, 
        {"sofa" : 12,  "begin" : 191,  "end" : 205 }, 
        {"sofa" : 12,  "begin" : 205,  "end" : 206 }, 
        {"sofa" : 12,  "begin" : 206,  "end" : 216 }, 
        {"sofa" : 12,  "begin" : 216,  "end" : 217 }, 
        {"sofa" : 12,  "begin" : 217,  "end" : 253 }, 
        {"sofa" : 12,  "begin" : 253,  "end" : 254 }, 
        {"sofa" : 12,  "begin" : 257,  "end" : 263 }, 
        {"sofa" : 12,  "begin" : 264,  "end" : 271 }, 
        {"sofa" : 12,  "begin" : 271,  "end" : 272 }, 
        {"sofa" : 12,  "begin" : 274,  "end" : 279 }, 
        {"sofa" : 12,  "begin" : 280,  "end" : 286 }, 
        {"sofa" : 12,  "begin" : 287,  "end" : 292 }, 
        {"sofa" : 12,  "begin" : 293,  "end" : 300 }, 
        {"sofa" : 12,  "begin" : 301,  "end" : 310 }, 
        {"sofa" : 12,  "begin" : 310,  "end" : 311 }, 
        {"sofa" : 12,  "begin" : 312,  "end" : 325 }, 
        {"sofa" : 12,  "begin" : 325,  "end" : 326 }, 
        {"sofa" : 12,  "begin" : 327,  "end" : 338 }, 
        {"sofa" : 12,  "begin" : 339,  "end" : 347 }, 
        {"sofa" : 12,  "begin" : 347,  "end" : 348 }, 
        {"sofa" : 12,  "begin" : 349,  "end" : 352 }, 
        {"sofa" : 12,  "begin" : 353,  "end" : 357 }, 
        {"sofa" : 12,  "begin" : 358,  "end" : 364 }, 
        {"sofa" : 12,  "begin" : 366,  "end" : 371 }, 
        {"sofa" : 12,  "begin" : 372,  "end" : 374 }, 
        {"sofa" : 12,  "begin" : 374,  "end" : 375 }, 
        {"sofa" : 12,  "begin" : 376,  "end" : 380 }, 
        {"sofa" : 12,  "begin" : 381,  "end" : 383 }, 
        {"sofa" : 12,  "begin" : 384,  "end" : 389 }, 
        {"sofa" : 12,  "begin" : 391,  "end" : 395 }, 
        {"sofa" : 12,  "begin" : 396,  "end" : 406 }, 
        {"sofa" : 12,  "begin" : 407,  "end" : 412 }, 
        {"sofa" : 12,  "begin" : 413,  "end" : 419 }, 
        {"sofa" : 12,  "begin" : 420,  "end" : 423 }, 
        {"sofa" : 12,  "begin" : 424,  "end" : 430 }, 
        {"sofa" : 12,  "begin" : 431,  "end" : 435 }, 
        {"sofa" : 12,  "begin" : 436,  "end" : 439 }, 
        {"sofa" : 12,  "begin" : 440,  "end" : 445 }, 
        {"sofa" : 12,  "begin" : 446,  "end" : 448 }, 
        {"sofa" : 12,  "begin" : 449,  "end" : 454 }, 
        {"sofa" : 12,  "begin" : 455,  "end" : 464 }, 
        {"sofa" : 12,  "begin" : 465,  "end" : 474 }, 
        {"sofa" : 12,  "begin" : 475,  "end" : 481 }, 
        {"sofa" : 12,  "begin" : 482,  "end" : 489 }, 
        {"sofa" : 12,  "begin" : 489,  "end" : 490 }, 
        {"sofa" : 12,  "begin" : 491,  "end" : 497 }, 
        {"sofa" : 12,  "begin" : 498,  "end" : 505 }, 
        {"sofa" : 12,  "begin" : 505,  "end" : 506 }, 
        {"sofa" : 12,  "begin" : 507,  "end" : 517 }, 
        {"sofa" : 12,  "begin" : 518,  "end" : 521 }, 
        {"sofa" : 12,  "begin" : 522,  "end" : 530 }, 
        {"sofa" : 12,  "begin" : 530,  "end" : 531 }, 
        {"sofa" : 12,  "begin" : 532,  "end" : 536 }, 
        {"sofa" : 12,  "begin" : 537,  "end" : 539 }, 
        {"sofa" : 12,  "begin" : 540,  "end" : 545 }, 
        {"sofa" : 12,  "begin" : 546,  "end" : 549 }, 
        {"sofa" : 12,  "begin" : 550,  "end" : 554 }, 
        {"sofa" : 12,  "begin" : 555,  "end" : 558 }, 
        {"sofa" : 12,  "begin" : 559,  "end" : 563 }, 
        {"sofa" : 12,  "begin" : 564,  "end" : 570 }, 
        {"sofa" : 12,  "begin" : 570,  "end" : 571 }, 
        {"sofa" : 12,  "begin" : 572,  "end" : 574 }, 
        {"sofa" : 12,  "begin" : 575,  "end" : 583 }, 
        {"sofa" : 12,  "begin" : 584,  "end" : 586 }, 
        {"sofa" : 12,  "begin" : 587,  "end" : 590 }, 
        {"sofa" : 12,  "begin" : 591,  "end" : 594 }, 
        {"sofa" : 12,  "begin" : 595,  "end" : 604 }, 
        {"sofa" : 12,  "begin" : 605,  "end" : 609 }, 
        {"sofa" : 12,  "begin" : 610,  "end" : 613 }, 
        {"sofa" : 12,  "begin" : 614,  "end" : 616 }, 
        {"sofa" : 12,  "begin" : 617,  "end" : 619 }, 
        {"sofa" : 12,  "begin" : 620,  "end" : 624 }, 
        {"sofa" : 12,  "begin" : 625,  "end" : 629 }, 
        {"sofa" : 12,  "begin" : 629,  "end" : 630 }, 
        {"sofa" : 12,  "begin" : 631,  "end" : 635 }, 
        {"sofa" : 12,  "begin" : 636,  "end" : 642 }, 
        {"sofa" : 12,  "begin" : 642,  "end" : 643 }, 
        {"sofa" : 12,  "begin" : 644,  "end" : 647 }, 
        {"sofa" : 12,  "begin" : 648,  "end" : 653 }, 
        {"sofa" : 12,  "begin" : 654,  "end" : 657 }, 
        {"sofa" : 12,  "begin" : 658,  "end" : 662 }, 
        {"sofa" : 12,  "begin" : 663,  "end" : 668 }, 
        {"sofa" : 12,  "begin" : 668,  "end" : 669 }, 
        {"sofa" : 12,  "begin" : 671,  "end" : 676 }, 
        {"sofa" : 12,  "begin" : 677,  "end" : 683 }, 
        {"sofa" : 12,  "begin" : 684,  "end" : 686 }, 
        {"sofa" : 12,  "begin" : 687,  "end" : 695 }, 
        {"sofa" : 12,  "begin" : 696,  "end" : 698 }, 
        {"sofa" : 12,  "begin" : 699,  "end" : 704 }, 
        {"sofa" : 12,  "begin" : 705,  "end" : 712 }, 
        {"sofa" : 12,  "begin" : 713,  "end" : 717 }, 
        {"sofa" : 12,  "begin" : 718,  "end" : 727 }, 
        {"sofa" : 12,  "begin" : 728,  "end" : 740 }, 
        {"sofa" : 12,  "begin" : 741,  "end" : 748 }, 
        {"sofa" : 12,  "begin" : 749,  "end" : 752 }, 
        {"sofa" : 12,  "begin" : 753,  "end" : 758 }, 
        {"sofa" : 12,  "begin" : 759,  "end" : 764 }, 
        {"sofa" : 12,  "begin" : 764,  "end" : 765 }, 
        {"sofa" : 12,  "begin" : 767,  "end" : 768 }, 
        {"sofa" : 12,  "begin" : 769,  "end" : 775 }, 
        {"sofa" : 12,  "begin" : 776,  "end" : 783 }, 
        {"sofa" : 12,  "begin" : 784,  "end" : 786 }, 
        {"sofa" : 12,  "begin" : 787,  "end" : 792 }, 
        {"sofa" : 12,  "begin" : 793,  "end" : 798 }, 
        {"sofa" : 12,  "begin" : 799,  "end" : 805 }, 
        {"sofa" : 12,  "begin" : 807,  "end" : 817 }, 
        {"sofa" : 12,  "begin" : 818,  "end" : 828 }, 
        {"sofa" : 12,  "begin" : 830,  "end" : 834 }, 
        {"sofa" : 12,  "begin" : 835,  "end" : 841 }, 
        {"sofa" : 12,  "begin" : 842,  "end" : 845 }, 
        {"sofa" : 12,  "begin" : 846,  "end" : 851 }, 
        {"sofa" : 12,  "begin" : 852,  "end" : 858 }, 
        {"sofa" : 12,  "begin" : 858,  "end" : 859 }, 
        {"sofa" : 12,  "begin" : 860,  "end" : 864 }, 
        {"sofa" : 12,  "begin" : 865,  "end" : 868 }, 
        {"sofa" : 12,  "begin" : 869,  "end" : 876 }, 
        {"sofa" : 12,  "begin" : 877,  "end" : 882 }, 
        {"sofa" : 12,  "begin" : 883,  "end" : 889 }, 
        {"sofa" : 12,  "begin" : 890,  "end" : 894 }, 
        {"sofa" : 12,  "begin" : 896,  "end" : 906 }, 
        {"sofa" : 12,  "begin" : 907,  "end" : 915 }, 
        {"sofa" : 12,  "begin" : 916,  "end" : 924 }, 
        {"sofa" : 12,  "begin" : 924,  "end" : 925 }, 
        {"sofa" : 12,  "begin" : 926,  "end" : 931 }, 
        {"sofa" : 12,  "begin" : 932,  "end" : 941 }, 
        {"sofa" : 12,  "begin" : 942,  "end" : 950 }, 
        {"sofa" : 12,  "begin" : 951,  "end" : 954 }, 
        {"sofa" : 12,  "begin" : 955,  "end" : 961 }, 
        {"sofa" : 12,  "begin" : 962,  "end" : 967 }, 
        {"sofa" : 12,  "begin" : 968,  "end" : 977 }, 
        {"sofa" : 12,  "begin" : 977,  "end" : 978 }, 
        {"sofa" : 12,  "begin" : 979,  "end" : 983 }, 
        {"sofa" : 12,  "begin" : 984,  "end" : 987 }, 
        {"sofa" : 12,  "begin" : 988,  "end" : 993 }, 
        {"sofa" : 12,  "begin" : 994,  "end" : 1005 }, 
        {"sofa" : 12,  "begin" : 1006,  "end" : 1010 }, 
        {"sofa" : 12,  "begin" : 1011,  "end" : 1016 }, 
        {"sofa" : 12,  "begin" : 1017,  "end" : 1022 }, 
        {"sofa" : 12,  "begin" : 1023,  "end" : 1029 }, 
        {"sofa" : 12,  "begin" : 1030,  "end" : 1033 }, 
        {"sofa" : 12,  "begin" : 1034,  "end" : 1040 }, 
        {"sofa" : 12,  "begin" : 1041,  "end" : 1043 }, 
        {"sofa" : 12,  "begin" : 1044,  "end" : 1051 }, 
        {"sofa" : 12,  "begin" : 1051,  "end" : 1052 }, 
        {"sofa" : 12,  "begin" : 1053,  "end" : 1054 }, 
        {"sofa" : 12,  "begin" : 1054,  "end" : 1059 }, 
        {"sofa" : 12,  "begin" : 1059,  "end" : 1060 }, 
        {"sofa" : 12,  "begin" : 1062,  "end" : 1064 }, 
        {"sofa" : 12,  "begin" : 1065,  "end" : 1066 }, 
        {"sofa" : 12,  "begin" : 1067,  "end" : 1073 }, 
        {"sofa" : 12,  "begin" : 1074,  "end" : 1079 }, 
        {"sofa" : 12,  "begin" : 1080,  "end" : 1089 }, 
        {"sofa" : 12,  "begin" : 1090,  "end" : 1092 }, 
        {"sofa" : 12,  "begin" : 1093,  "end" : 1095 }, 
        {"sofa" : 12,  "begin" : 1096,  "end" : 1105 }, 
        {"sofa" : 12,  "begin" : 1106,  "end" : 1108 }, 
        {"sofa" : 12,  "begin" : 1108,  "end" : 1109 }, 
        {"sofa" : 12,  "begin" : 1110,  "end" : 1114 }, 
        {"sofa" : 12,  "begin" : 1115,  "end" : 1125 }, 
        {"sofa" : 12,  "begin" : 1125,  "end" : 1126 }, 
        {"sofa" : 12,  "begin" : 1127,  "end" : 1128 }, 
        {"sofa" : 12,  "begin" : 1129,  "end" : 1137 }, 
        {"sofa" : 12,  "begin" : 1138,  "end" : 1142 }, 
        {"sofa" : 12,  "begin" : 1143,  "end" : 1152 }, 
        {"sofa" : 12,  "begin" : 1153,  "end" : 1154 }, 
        {"sofa" : 12,  "begin" : 1155,  "end" : 1160 }, 
        {"sofa" : 12,  "begin" : 1161,  "end" : 1166 }, 
        {"sofa" : 12,  "begin" : 1167,  "end" : 1169 }, 
        {"sofa" : 12,  "begin" : 1170,  "end" : 1180 }, 
        {"sofa" : 12,  "begin" : 1181,  "end" : 1184 }, 
        {"sofa" : 12,  "begin" : 1185,  "end" : 1192 }, 
        {"sofa" : 12,  "begin" : 1193,  "end" : 1195 }, 
        {"sofa" : 12,  "begin" : 1196,  "end" : 1206 }, 
        {"sofa" : 12,  "begin" : 1207,  "end" : 1209 }, 
        {"sofa" : 12,  "begin" : 1210,  "end" : 1217 }, 
        {"sofa" : 12,  "begin" : 1218,  "end" : 1226 }, 
        {"sofa" : 12,  "begin" : 1227,  "end" : 1228 }, 
        {"sofa" : 12,  "begin" : 1228,  "end" : 1232 }, 
        {"sofa" : 12,  "begin" : 1233,  "end" : 1242 }, 
        {"sofa" : 12,  "begin" : 1243,  "end" : 1246 }, 
        {"sofa" : 12,  "begin" : 1247,  "end" : 1252 }, 
        {"sofa" : 12,  "begin" : 1253,  "end" : 1259 }, 
        {"sofa" : 12,  "begin" : 1259,  "end" : 1260 }, 
        {"sofa" : 12,  "begin" : 1260,  "end" : 1261 }, 
        {"sofa" : 12,  "begin" : 1262,  "end" : 1265 }, 
        {"sofa" : 12,  "begin" : 1266,  "end" : 1274 }, 
        {"sofa" : 12,  "begin" : 1275,  "end" : 1285 }, 
        {"sofa" : 12,  "begin" : 1287,  "end" : 1291 }, 
        {"sofa" : 12,  "begin" : 1292,  "end" : 1296 }, 
        {"sofa" : 12,  "begin" : 1297,  "end" : 1299 }, 
        {"sofa" : 12,  "begin" : 1300,  "end" : 1304 }, 
        {"sofa" : 12,  "begin" : 1305,  "end" : 1312 }, 
        {"sofa" : 12,  "begin" : 1313,  "end" : 1317 }, 
        {"sofa" : 12,  "begin" : 1318,  "end" : 1323 }, 
        {"sofa" : 12,  "begin" : 1324,  "end" : 1329 }, 
        {"sofa" : 12,  "begin" : 1329,  "end" : 1330 }, 
        {"sofa" : 12,  "begin" : 1331,  "end" : 1335 }, 
        {"sofa" : 12,  "begin" : 1336,  "end" : 1343 }, 
        {"sofa" : 12,  "begin" : 1344,  "end" : 1358 }, 
        {"sofa" : 12,  "begin" : 1359,  "end" : 1361 }, 
        {"sofa" : 12,  "begin" : 1362,  "end" : 1374 }, 
        {"sofa" : 12,  "begin" : 1374,  "end" : 1375 }, 
        {"sofa" : 12,  "begin" : 1376,  "end" : 1383 }, 
        {"sofa" : 12,  "begin" : 1383,  "end" : 1384 }, 
        {"sofa" : 12,  "begin" : 1385,  "end" : 1388 }, 
        {"sofa" : 12,  "begin" : 1389,  "end" : 1396 }, 
        {"sofa" : 12,  "begin" : 1397,  "end" : 1398 }, 
        {"sofa" : 12,  "begin" : 1398,  "end" : 1401 }, 
        {"sofa" : 12,  "begin" : 1402,  "end" : 1404 }, 
        {"sofa" : 12,  "begin" : 1405,  "end" : 1410 }, 
        {"sofa" : 12,  "begin" : 1411,  "end" : 1414 }, 
        {"sofa" : 12,  "begin" : 1415,  "end" : 1425 }, 
        {"sofa" : 12,  "begin" : 1426,  "end" : 1438 }, 
        {"sofa" : 12,  "begin" : 1438,  "end" : 1439 }, 
        {"sofa" : 12,  "begin" : 1439,  "end" : 1440 }, 
        {"sofa" : 12,  "begin" : 1441,  "end" : 1443 }, 
        {"sofa" : 12,  "begin" : 1444,  "end" : 1447 }, 
        {"sofa" : 12,  "begin" : 1448,  "end" : 1450 }, 
        {"sofa" : 12,  "begin" : 1451,  "end" : 1453 }, 
        {"sofa" : 12,  "begin" : 1454,  "end" : 1461 }, 
        {"sofa" : 12,  "begin" : 1461,  "end" : 1462 }, 
        {"sofa" : 12,  "begin" : 1463,  "end" : 1466 }, 
        {"sofa" : 12,  "begin" : 1467,  "end" : 1469 }, 
        {"sofa" : 12,  "begin" : 1470,  "end" : 1473 }, 
        {"sofa" : 12,  "begin" : 1474,  "end" : 1486 }, 
        {"sofa" : 12,  "begin" : 1487,  "end" : 1492 }, 
        {"sofa" : 12,  "begin" : 1492,  "end" : 1493 }, 
        {"sofa" : 12,  "begin" : 1494,  "end" : 1506 }, 
        {"sofa" : 12,  "begin" : 1506,  "end" : 1507 }, 
        {"sofa" : 12,  "begin" : 1508,  "end" : 1511 }, 
        {"sofa" : 12,  "begin" : 1512,  "end" : 1521 }, 
        {"sofa" : 12,  "begin" : 1522,  "end" : 1526 }, 
        {"sofa" : 12,  "begin" : 1527,  "end" : 1532 }, 
        {"sofa" : 12,  "begin" : 1533,  "end" : 1542 }, 
        {"sofa" : 12,  "begin" : 1543,  "end" : 1545 }, 
        {"sofa" : 12,  "begin" : 1546,  "end" : 1548 }, 
        {"sofa" : 12,  "begin" : 1549,  "end" : 1554 }, 
        {"sofa" : 12,  "begin" : 1555,  "end" : 1567 }, 
        {"sofa" : 12,  "begin" : 1568,  "end" : 1577 }, 
        {"sofa" : 12,  "begin" : 1578,  "end" : 1582 }, 
        {"sofa" : 12,  "begin" : 1583,  "end" : 1594 }, 
        {"sofa" : 12,  "begin" : 1595,  "end" : 1597 }, 
        {"sofa" : 12,  "begin" : 1598,  "end" : 1601 }, 
        {"sofa" : 12,  "begin" : 1602,  "end" : 1607 }, 
        {"sofa" : 12,  "begin" : 1608,  "end" : 1612 }, 
        {"sofa" : 12,  "begin" : 1612,  "end" : 1613 }, 
        {"sofa" : 12,  "begin" : 1614,  "end" : 1618 }, 
        {"sofa" : 12,  "begin" : 1619,  "end" : 1621 }, 
        {"sofa" : 12,  "begin" : 1622,  "end" : 1623 }, 
        {"sofa" : 12,  "begin" : 1624,  "end" : 1629 }, 
        {"sofa" : 12,  "begin" : 1630,  "end" : 1638 }, 
        {"sofa" : 12,  "begin" : 1639,  "end" : 1641 }, 
        {"sofa" : 12,  "begin" : 1642,  "end" : 1647 }, 
        {"sofa" : 12,  "begin" : 1648,  "end" : 1657 }, 
        {"sofa" : 12,  "begin" : 1657,  "end" : 1658 }, 
        {"sofa" : 12,  "begin" : 1660,  "end" : 1669 }, 
        {"sofa" : 12,  "begin" : 1670,  "end" : 1672 }, 
        {"sofa" : 12,  "begin" : 1673,  "end" : 1676 }, 
        {"sofa" : 12,  "begin" : 1677,  "end" : 1680 }, 
        {"sofa" : 12,  "begin" : 1680,  "end" : 1681 }, 
        {"sofa" : 12,  "begin" : 1682,  "end" : 1695 }, 
        {"sofa" : 12,  "begin" : 1696,  "end" : 1706 }, 
        {"sofa" : 12,  "begin" : 1707,  "end" : 1713 }, 
        {"sofa" : 12,  "begin" : 1714,  "end" : 1715 }, 
        {"sofa" : 12,  "begin" : 1715,  "end" : 1718 }, 
        {"sofa" : 12,  "begin" : 1718,  "end" : 1719 }, 
        {"sofa" : 12,  "begin" : 1720,  "end" : 1723 }, 
        {"sofa" : 12,  "begin" : 1724,  "end" : 1742 }, 
        {"sofa" : 12,  "begin" : 1743,  "end" : 1751 }, 
        {"sofa" : 12,  "begin" : 1752,  "end" : 1758 }, 
        {"sofa" : 12,  "begin" : 1759,  "end" : 1763 }, 
        {"sofa" : 12,  "begin" : 1764,  "end" : 1770 }, 
        {"sofa" : 12,  "begin" : 1771,  "end" : 1772 }, 
        {"sofa" : 12,  "begin" : 1772,  "end" : 1776 }, 
        {"sofa" : 12,  "begin" : 1776,  "end" : 1777 }, 
        {"sofa" : 12,  "begin" : 1778,  "end" : 1782 }, 
        {"sofa" : 12,  "begin" : 1783,  "end" : 1786 }, 
        {"sofa" : 12,  "begin" : 1787,  "end" : 1792 }, 
        {"sofa" : 12,  "begin" : 1792,  "end" : 1793 }, 
        {"sofa" : 12,  "begin" : 1794,  "end" : 1797 }, 
        {"sofa" : 12,  "begin" : 1798,  "end" : 1807 }, 
        {"sofa" : 12,  "begin" : 1808,  "end" : 1810 }, 
        {"sofa" : 12,  "begin" : 1811,  "end" : 1812 }, 
        {"sofa" : 12,  "begin" : 1813,  "end" : 1817 }, 
        {"sofa" : 12,  "begin" : 1818,  "end" : 1820 }, 
        {"sofa" : 12,  "begin" : 1821,  "end" : 1830 }, 
        {"sofa" : 12,  "begin" : 1831,  "end" : 1833 }, 
        {"sofa" : 12,  "begin" : 1834,  "end" : 1840 }, 
        {"sofa" : 12,  "begin" : 1841,  "end" : 1849 }, 
        {"sofa" : 12,  "begin" : 1850,  "end" : 1858 }, 
        {"sofa" : 12,  "begin" : 1858,  "end" : 1859 }, 
        {"sofa" : 12,  "begin" : 1860,  "end" : 1864 }, 
        {"sofa" : 12,  "begin" : 1865,  "end" : 1867 }, 
        {"sofa" : 12,  "begin" : 1868,  "end" : 1876 }, 
        {"sofa" : 12,  "begin" : 1877,  "end" : 1889 }, 
        {"sofa" : 12,  "begin" : 1889,  "end" : 1890 }, 
        {"sofa" : 12,  "begin" : 1892,  "end" : 1893 }, 
        {"sofa" : 12,  "begin" : 1893,  "end" : 1894 }, 
        {"sofa" : 12,  "begin" : 1896,  "end" : 1916 }, 
        {"sofa" : 12,  "begin" : 1917,  "end" : 1925 }, 
        {"sofa" : 12,  "begin" : 1926,  "end" : 1929 }, 
        {"sofa" : 12,  "begin" : 1930,  "end" : 1934 }, 
        {"sofa" : 12,  "begin" : 1935,  "end" : 1941 }, 
        {"sofa" : 12,  "begin" : 1942,  "end" : 1944 }, 
        {"sofa" : 12,  "begin" : 1945,  "end" : 1954 }, 
        {"sofa" : 12,  "begin" : 1955,  "end" : 1957 }, 
        {"sofa" : 12,  "begin" : 1958,  "end" : 1961 }, 
        {"sofa" : 12,  "begin" : 1962,  "end" : 1967 }, 
        {"sofa" : 12,  "begin" : 1968,  "end" : 1971 }, 
        {"sofa" : 12,  "begin" : 1972,  "end" : 1979 }, 
        {"sofa" : 12,  "begin" : 1980,  "end" : 1986 }, 
        {"sofa" : 12,  "begin" : 1986,  "end" : 1987 }, 
        {"sofa" : 12,  "begin" : 1988,  "end" : 1992 }, 
        {"sofa" : 12,  "begin" : 1993,  "end" : 1995 }, 
        {"sofa" : 12,  "begin" : 1996,  "end" : 2002 }, 
        {"sofa" : 12,  "begin" : 2003,  "end" : 2010 }, 
        {"sofa" : 12,  "begin" : 2010,  "end" : 2011 }, 
        {"sofa" : 12,  "begin" : 2012,  "end" : 2022 }, 
        {"sofa" : 12,  "begin" : 2022,  "end" : 2023 }, 
        {"sofa" : 12,  "begin" : 2024,  "end" : 2027 }, 
        {"sofa" : 12,  "begin" : 2028,  "end" : 2037 }, 
        {"sofa" : 12,  "begin" : 2039,  "end" : 2040 }, 
        {"sofa" : 12,  "begin" : 2040,  "end" : 2041 }, 
        {"sofa" : 12,  "begin" : 2043,  "end" : 2049 }, 
        {"sofa" : 12,  "begin" : 2050,  "end" : 2064 }, 
        {"sofa" : 12,  "begin" : 2065,  "end" : 2072 }, 
        {"sofa" : 12,  "begin" : 2073,  "end" : 2076 }, 
        {"sofa" : 12,  "begin" : 2077,  "end" : 2081 }, 
        {"sofa" : 12,  "begin" : 2082,  "end" : 2088 }, 
        {"sofa" : 12,  "begin" : 2089,  "end" : 2091 }, 
        {"sofa" : 12,  "begin" : 2092,  "end" : 2098 }, 
        {"sofa" : 12,  "begin" : 2099,  "end" : 2101 }, 
        {"sofa" : 12,  "begin" : 2102,  "end" : 2105 }, 
        {"sofa" : 12,  "begin" : 2106,  "end" : 2114 }, 
        {"sofa" : 12,  "begin" : 2116,  "end" : 2117 }, 
        {"sofa" : 12,  "begin" : 2117,  "end" : 2118 }, 
        {"sofa" : 12,  "begin" : 2120,  "end" : 2126 }, 
        {"sofa" : 12,  "begin" : 2127,  "end" : 2139 }, 
        {"sofa" : 12,  "begin" : 2140,  "end" : 2145 }, 
        {"sofa" : 12,  "begin" : 2146,  "end" : 2157 }, 
        {"sofa" : 12,  "begin" : 2158,  "end" : 2163 }, 
        {"sofa" : 12,  "begin" : 2164,  "end" : 2172 }, 
        {"sofa" : 12,  "begin" : 2173,  "end" : 2176 }, 
        {"sofa" : 12,  "begin" : 2177,  "end" : 2182 }, 
        {"sofa" : 12,  "begin" : 2183,  "end" : 2190 }, 
        {"sofa" : 12,  "begin" : 2191,  "end" : 2198 }, 
        {"sofa" : 12,  "begin" : 2199,  "end" : 2205 }, 
        {"sofa" : 12,  "begin" : 2206,  "end" : 2207 }, 
        {"sofa" : 12,  "begin" : 2207,  "end" : 2210 }, 
        {"sofa" : 12,  "begin" : 2210,  "end" : 2211 }, 
        {"sofa" : 12,  "begin" : 2212,  "end" : 2221 }, 
        {"sofa" : 12,  "begin" : 2221,  "end" : 2222 }, 
        {"sofa" : 12,  "begin" : 2223,  "end" : 2231 }, 
        {"sofa" : 12,  "begin" : 2231,  "end" : 2232 }, 
        {"sofa" : 12,  "begin" : 2233,  "end" : 2239 }, 
        {"sofa" : 12,  "begin" : 2239,  "end" : 2240 }, 
        {"sofa" : 12,  "begin" : 2241,  "end" : 2249 }, 
        {"sofa" : 12,  "begin" : 2249,  "end" : 2250 }, 
        {"sofa" : 12,  "begin" : 2251,  "end" : 2260 }, 
        {"sofa" : 12,  "begin" : 2261,  "end" : 2264 }, 
        {"sofa" : 12,  "begin" : 2265,  "end" : 2273 }, 
        {"sofa" : 12,  "begin" : 2274,  "end" : 2279 }, 
        {"sofa" : 12,  "begin" : 2280,  "end" : 2282 }, 
        {"sofa" : 12,  "begin" : 2283,  "end" : 2288 }, 
        {"sofa" : 12,  "begin" : 2289,  "end" : 2297 }, 
        {"sofa" : 12,  "begin" : 2297,  "end" : 2298 }, 
        {"sofa" : 12,  "begin" : 2300,  "end" : 2301 }, 
        {"sofa" : 12,  "begin" : 2301,  "end" : 2302 }, 
        {"sofa" : 12,  "begin" : 2304,  "end" : 2325 }, 
        {"sofa" : 12,  "begin" : 2325,  "end" : 2326 }, 
        {"sofa" : 12,  "begin" : 2327,  "end" : 2337 }, 
        {"sofa" : 12,  "begin" : 2338,  "end" : 2341 }, 
        {"sofa" : 12,  "begin" : 2342,  "end" : 2354 }, 
        {"sofa" : 12,  "begin" : 2354,  "end" : 2355 }, 
        {"sofa" : 12,  "begin" : 2356,  "end" : 2362 }, 
        {"sofa" : 12,  "begin" : 2363,  "end" : 2368 }, 
        {"sofa" : 12,  "begin" : 2369,  "end" : 2371 }, 
        {"sofa" : 12,  "begin" : 2372,  "end" : 2376 }, 
        {"sofa" : 12,  "begin" : 2377,  "end" : 2382 }, 
        {"sofa" : 12,  "begin" : 2382,  "end" : 2383 }, 
        {"sofa" : 12,  "begin" : 2384,  "end" : 2392 }, 
        {"sofa" : 12,  "begin" : 2393,  "end" : 2396 }, 
        {"sofa" : 12,  "begin" : 2397,  "end" : 2403 }, 
        {"sofa" : 12,  "begin" : 2404,  "end" : 2407 }, 
        {"sofa" : 12,  "begin" : 2408,  "end" : 2413 }, 
        {"sofa" : 12,  "begin" : 2414,  "end" : 2418 }, 
        {"sofa" : 12,  "begin" : 2419,  "end" : 2421 }, 
        {"sofa" : 12,  "begin" : 2422,  "end" : 2435 }, 
        {"sofa" : 12,  "begin" : 2435,  "end" : 2436 }, 
        {"sofa" : 12,  "begin" : 2437,  "end" : 2443 }, 
        {"sofa" : 12,  "begin" : 2443,  "end" : 2444 }, 
        {"sofa" : 12,  "begin" : 2445,  "end" : 2453 }, 
        {"sofa" : 12,  "begin" : 2453,  "end" : 2454 }, 
        {"sofa" : 12,  "begin" : 2455,  "end" : 2463 }, 
        {"sofa" : 12,  "begin" : 2463,  "end" : 2464 }, 
        {"sofa" : 12,  "begin" : 2465,  "end" : 2468 }, 
        {"sofa" : 12,  "begin" : 2468,  "end" : 2469 }, 
        {"sofa" : 12,  "begin" : 2469,  "end" : 2471 }, 
        {"sofa" : 12,  "begin" : 2472,  "end" : 2481 }, 
        {"sofa" : 12,  "begin" : 2481,  "end" : 2482 }, 
        {"sofa" : 12,  "begin" : 2483,  "end" : 2493 }, 
        {"sofa" : 12,  "begin" : 2493,  "end" : 2494 }, 
        {"sofa" : 12,  "begin" : 2496,  "end" : 2497 }, 
        {"sofa" : 12,  "begin" : 2497,  "end" : 2498 }, 
        {"sofa" : 12,  "begin" : 2500,  "end" : 2507 }, 
        {"sofa" : 12,  "begin" : 2507,  "end" : 2508 }, 
        {"sofa" : 12,  "begin" : 2509,  "end" : 2516 }, 
        {"sofa" : 12,  "begin" : 2517,  "end" : 2523 }, 
        {"sofa" : 12,  "begin" : 2524,  "end" : 2532 }, 
        {"sofa" : 12,  "begin" : 2533,  "end" : 2543 }, 
        {"sofa" : 12,  "begin" : 2544,  "end" : 2549 }, 
        {"sofa" : 12,  "begin" : 2550,  "end" : 2552 }, 
        {"sofa" : 12,  "begin" : 2553,  "end" : 2555 }, 
        {"sofa" : 12,  "begin" : 2556,  "end" : 2559 }, 
        {"sofa" : 12,  "begin" : 2560,  "end" : 2565 }, 
        {"sofa" : 12,  "begin" : 2566,  "end" : 2575 }, 
        {"sofa" : 12,  "begin" : 2576,  "end" : 2581 }, 
        {"sofa" : 12,  "begin" : 2582,  "end" : 2586 }, 
        {"sofa" : 12,  "begin" : 2587,  "end" : 2590 }, 
        {"sofa" : 12,  "begin" : 2591,  "end" : 2597 }, 
        {"sofa" : 12,  "begin" : 2598,  "end" : 2600 }, 
        {"sofa" : 12,  "begin" : 2601,  "end" : 2604 }, 
        {"sofa" : 12,  "begin" : 2605,  "end" : 2614 }, 
        {"sofa" : 12,  "begin" : 2614,  "end" : 2615 }, 
        {"sofa" : 12,  "begin" : 2617,  "end" : 2618 }, 
        {"sofa" : 12,  "begin" : 2618,  "end" : 2619 }, 
        {"sofa" : 12,  "begin" : 2621,  "end" : 2626 }, 
        {"sofa" : 12,  "begin" : 2627,  "end" : 2641 }, 
        {"sofa" : 12,  "begin" : 2642,  "end" : 2651 }, 
        {"sofa" : 12,  "begin" : 2652,  "end" : 2655 }, 
        {"sofa" : 12,  "begin" : 2656,  "end" : 2658 }, 
        {"sofa" : 12,  "begin" : 2659,  "end" : 2661 }, 
        {"sofa" : 12,  "begin" : 2662,  "end" : 2665 }, 
        {"sofa" : 12,  "begin" : 2666,  "end" : 2669 }, 
        {"sofa" : 12,  "begin" : 2670,  "end" : 2679 }, 
        {"sofa" : 12,  "begin" : 2680,  "end" : 2685 }, 
        {"sofa" : 12,  "begin" : 2686,  "end" : 2690 }, 
        {"sofa" : 12,  "begin" : 2692,  "end" : 2693 }, 
        {"sofa" : 12,  "begin" : 2693,  "end" : 2694 }, 
        {"sofa" : 12,  "begin" : 2696,  "end" : 2707 }, 
        {"sofa" : 12,  "begin" : 2708,  "end" : 2715 }, 
        {"sofa" : 12,  "begin" : 2715,  "end" : 2716 }, 
        {"sofa" : 12,  "begin" : 2717,  "end" : 2721 }, 
        {"sofa" : 12,  "begin" : 2722,  "end" : 2730 }, 
        {"sofa" : 12,  "begin" : 2731,  "end" : 2737 }, 
        {"sofa" : 12,  "begin" : 2738,  "end" : 2742 }, 
        {"sofa" : 12,  "begin" : 2743,  "end" : 2745 }, 
        {"sofa" : 12,  "begin" : 2746,  "end" : 2752 }, 
        {"sofa" : 12,  "begin" : 2753,  "end" : 2765 }, 
        {"sofa" : 12,  "begin" : 2765,  "end" : 2766 }, 
        {"sofa" : 12,  "begin" : 2767,  "end" : 2774 }, 
        {"sofa" : 12,  "begin" : 2775,  "end" : 2781 }, 
        {"sofa" : 12,  "begin" : 2782,  "end" : 2785 }, 
        {"sofa" : 12,  "begin" : 2786,  "end" : 2791 }, 
        {"sofa" : 12,  "begin" : 2792,  "end" : 2801 }, 
        {"sofa" : 12,  "begin" : 2801,  "end" : 2802 }, 
        {"sofa" : 12,  "begin" : 2803,  "end" : 2806 }, 
        {"sofa" : 12,  "begin" : 2807,  "end" : 2817 }, 
        {"sofa" : 12,  "begin" : 2819,  "end" : 2820 }, 
        {"sofa" : 12,  "begin" : 2820,  "end" : 2821 }, 
        {"sofa" : 12,  "begin" : 2823,  "end" : 2837 }, 
        {"sofa" : 12,  "begin" : 2838,  "end" : 2847 }, 
        {"sofa" : 12,  "begin" : 2847,  "end" : 2848 }, 
        {"sofa" : 12,  "begin" : 2849,  "end" : 2855 }, 
        {"sofa" : 12,  "begin" : 2855,  "end" : 2856 }, 
        {"sofa" : 12,  "begin" : 2857,  "end" : 2866 }, 
        {"sofa" : 12,  "begin" : 2866,  "end" : 2867 }, 
        {"sofa" : 12,  "begin" : 2868,  "end" : 2875 }, 
        {"sofa" : 12,  "begin" : 2875,  "end" : 2876 }, 
        {"sofa" : 12,  "begin" : 2877,  "end" : 2887 }, 
        {"sofa" : 12,  "begin" : 2887,  "end" : 2888 }, 
        {"sofa" : 12,  "begin" : 2889,  "end" : 2892 }, 
        {"sofa" : 12,  "begin" : 2893,  "end" : 2903 }, 
        {"sofa" : 12,  "begin" : 2906,  "end" : 2912 }, 
        {"sofa" : 12,  "begin" : 2913,  "end" : 2916 }, 
        {"sofa" : 12,  "begin" : 2917,  "end" : 2928 }, 
        {"sofa" : 12,  "begin" : 2929,  "end" : 2931 }, 
        {"sofa" : 12,  "begin" : 2932,  "end" : 2937 }, 
        {"sofa" : 12,  "begin" : 2938,  "end" : 2943 }, 
        {"sofa" : 12,  "begin" : 2944,  "end" : 2950 }, 
        {"sofa" : 12,  "begin" : 2950,  "end" : 2951 }, 
        {"sofa" : 12,  "begin" : 2953,  "end" : 2957 }, 
        {"sofa" : 12,  "begin" : 2958,  "end" : 2963 }, 
        {"sofa" : 12,  "begin" : 2963,  "end" : 2964 }, 
        {"sofa" : 12,  "begin" : 2966,  "end" : 2970 }, 
        {"sofa" : 12,  "begin" : 2971,  "end" : 2974 }, 
        {"sofa" : 12,  "begin" : 2975,  "end" : 2979 }, 
        {"sofa" : 12,  "begin" : 2980,  "end" : 2987 }, 
        {"sofa" : 12,  "begin" : 2989,  "end" : 2992 }, 
        {"sofa" : 12,  "begin" : 2993,  "end" : 2996 }, 
        {"sofa" : 12,  "begin" : 2997,  "end" : 3006 }, 
        {"sofa" : 12,  "begin" : 3007,  "end" : 3009 }, 
        {"sofa" : 12,  "begin" : 3010,  "end" : 3017 }, 
        {"sofa" : 12,  "begin" : 3018,  "end" : 3021 }, 
        {"sofa" : 12,  "begin" : 3022,  "end" : 3024 }, 
        {"sofa" : 12,  "begin" : 3025,  "end" : 3031 }, 
        {"sofa" : 12,  "begin" : 3032,  "end" : 3037 }, 
        {"sofa" : 12,  "begin" : 3038,  "end" : 3041 }, 
        {"sofa" : 12,  "begin" : 3042,  "end" : 3050 }, 
        {"sofa" : 12,  "begin" : 3050,  "end" : 3051 }, 
        {"sofa" : 12,  "begin" : 3052,  "end" : 3058 }, 
        {"sofa" : 12,  "begin" : 3059,  "end" : 3066 } ], 
      "Persuasive_Labels" : [
        {"sofa" : 12,  "begin" : 274,  "end" : 364,  "DistinctiveLinguisticFeatures" : "title of article as clickbait" }, 
        {"sofa" : 12,  "begin" : 274,  "end" : 364,  "DistinctiveLinguisticFeatures" : "distinctive linguistic features" }, 
        {"sofa" : 12,  "begin" : 274,  "end" : 364,  "HighlightingUncertaintyandRisk" : "Highlighting Uncertainty and Risk" }, 
        {"sofa" : 12,  "begin" : 631,  "end" : 669,  "EmotionalAppeals" : "emotional appeals" }, 
        {"sofa" : 12,  "begin" : 631,  "end" : 669,  "EmotionalAppeals" : "fear" }, 
        {"sofa" : 12,  "begin" : 671,  "end" : 765,  "EmotionalAppeals" : "emotional appeals" }, 
        {"sofa" : 12,  "begin" : 753,  "end" : 765,  "EmotionalAppeals" : "fear" }, 
        {"sofa" : 12,  "begin" : 926,  "end" : 1052,  "EmotionalAppeals" : "emotional appeals" }, 
        {"sofa" : 12,  "begin" : 926,  "end" : 1052,  "EmotionalAppeals" : "fear" }, 
        {"sofa" : 12,  "begin" : 1062,  "end" : 1126,  "EstablishingLegitimacy" : "citing source to establish legitimacy_source verified to be credible" }, 
        {"sofa" : 12,  "begin" : 1127,  "end" : 1613,  "InappropriateUseofScientificEvidence" : "Inappropriate Use of Scientific and Other Evidence - out of context_verified" }, 
        {"sofa" : 12,  "begin" : 1127,  "end" : 1613,  "InappropriateUseofScientificEvidence" : "inappropriate use of scientific and Other evidence" }, 
        {"sofa" : 12,  "begin" : 1660,  "end" : 1777,  "EstablishingLegitimacy" : "Establishing Legitimacy" }, 
        {"sofa" : 12,  "begin" : 1660,  "end" : 1777,  "EstablishingLegitimacy" : "citing source to establish legitimacy_source not verified" }, 
        {"sofa" : 12,  "begin" : 1896,  "end" : 2355,  "HighlightingUncertaintyandRisk" : "Highlighting Uncertainty and Risk" }, 
        {"sofa" : 12,  "begin" : 2356,  "end" : 2383,  "EmotionalAppeals" : "emotional appeals" }, 
        {"sofa" : 12,  "begin" : 2356,  "end" : 2383,  "EmotionalAppeals" : "fear" }, 
        {"sofa" : 12,  "begin" : 2384,  "end" : 2903,  "HighlightingUncertaintyandRisk" : "Highlighting Uncertainty and Risk" }, 
        {"sofa" : 12,  "begin" : 2906,  "end" : 2951,  "EstablishingLegitimacy" : "Establishing Legitimacy" }, 
        {"sofa" : 12,  "begin" : 2906,  "end" : 2951,  "EstablishingLegitimacy" : "legitimate persuasive techniques: rhetorical question" }, 
        {"sofa" : 12,  "begin" : 2966,  "end" : 3066,  "EstablishingLegitimacy" : "Establishing Legitimacy" }, 
        {"sofa" : 12,  "begin" : 2975,  "end" : 2987,  "EstablishingLegitimacy" : "surface credibility markers - words associated with nature or healthiness" } ] } }, 
  "_referenced_fss" : {
    "12" : {"_type" : "Sofa",  "sofaNum" : 1,  "sofaID" : "_InitialView",  "mimeType" : "text",  "sofaString" : "﻿snes-04766 Dryer sheets permeated with fabric softener contain at least seven dangerous toxic chemicals. \r\nSource: https://archive.ph/aGPdv#selection-981.0-1013.161 \r\nFact checking: https://www.snopes.com/fact-check/dryer-sheets-full-of-toxic-chemicals/ \r\nActual content:\r\nDryer sheets cause hormone imbalance, neurotoxicity, respiratory problems, and even cancer\r\nApril 11, 2016 By Admin\r\nMost commercial dryer sheets are loaded with all sorts of toxic chemicals including Benzyl Acetate, Benzyl Alcohol, Chloroform and Linalool; none of which are good for your health. In addition to all the chemicals that end up on your skin, when heated, the fumes are also toxic.  These toxins go straight to their brain's most sensitive neurological centers and wreck havoc.\r\n5 Killer Reasons to Ditch Dryer Sheets\r\nArtificial Fragrances\r\nWhen people use dryer sheets, they are coating their cloths with  artificial chemical perfumes. These fragrance chemical are really toxic chemicals. They are known carcinogens that cause liver damage and cancer in mammals. (study)\r\nIn a recent study performed by UW professor Dr. Anne Steinemann, a research team conducted a small study to understand the effects of fragrances in laundry products (both detergent and dryer sheets). The resultsd discovered  more than 25 VOCs emitted from dryer vents, with highest concentrations of acetaldehyde, acetone, and ethanol (two of which are considered carcinogenic). To put it in context, one of the carcinogenic VOC's, acetaldehyde, had emissions that would represent 3% of total acetaldehyde emissions from automobiles in the study area. This is a major omission of toxic chemicals.\r\nAccording to the U.S. Environmental Protection Agency (EPA) and industry-generated Material Safety Data Sheets (MSDS) from the 1990s, the following is a list of chemicals in fabric softener products, most in untested combinations.\r\n1.  Alpha-Terpineol-This chemical has been linked to disorders of the brain and nervous system, loss of muscle control, depression, and headaches\r\n2.  Benzyl acetate-Benzyl acetate has been linked to cancer of the pancreas\r\n3.  Benzyl alcohol-This upper respiratory tract irritant can cause central nervous system (CNS) disorders, headache, nausea, vomiting, dizziness and dramatic drops in blood pressure.\r\n4.  Chloroform-Neurotoxic, anesthetic and carcinogenic. Really toxic to your brain. Inhaling its vapors may cause loss of consciousness, nausea, headache, vomiting, and/or dizziness, drowsiness.\r\n5.  Ethanol- Another fabric softener ingredient which is on the EPA's Hazardous Waste list and linked to CNS disorders.\r\n6.  Ethyl Acetate-causes headaches and is on the EPA Hazardous Waste list\r\n7.  Linalool-in studies, this chemical caused loss of muscle coordination, nervous system and brain disorders, and depression\r\n8.  Pentane-causes headaches, nausea, dizziness, fatigue, drowsiness, and depression\r\n What's the alternative to toxic dryer sheets?  Wool balls.  They are 100% natural  and are effective at getting rid of static cling and wrinkles, soften clothes\r\n\r\n" } } }