{"_context" : {
    "_types" : {
      "DocumentMetaData" : {
        "_feature_types" : {"sofa" : "_ref" } }, 
      "Persuasive_Labels" : {
        "_feature_types" : {"sofa" : "_ref" } }, 
      "Sentence" : {
        "_feature_types" : {"sofa" : "_ref" } }, 
      "Sofa" : {
        "_feature_types" : {"sofaArray" : "_ref" } }, 
      "TagsetDescription" : {
        "_feature_types" : {"sofa" : "_ref",  "tags" : "_ref" } }, 
      "Token" : {
        "_feature_types" : {"sofa" : "_ref",  "parent" : "_ref",  "lemma" : "_ref",  "stem" : "_ref",  "pos" : "_ref",  "morph" : "_ref",  "form" : "_ref" } }, 
      "DocumentAnnotation" : {
        "_feature_types" : {"sofa" : "_ref" }, 
        "_subtypes" : ["DocumentMetaData" ] }, 
      "Annotation" : {
        "_feature_types" : {"sofa" : "_ref" }, 
        "_subtypes" : ["DocumentAnnotation",  "Persuasive_Labels",  "Sentence",  "TagsetDescription",  "Token" ] }, 
      "AnnotationBase" : {
        "_feature_types" : {"sofa" : "_ref" }, 
        "_subtypes" : ["Annotation" ] }, 
      "TOP" : {
        "_subtypes" : ["AnnotationBase",  "Sofa" ] } } }, 
  "_views" : {
    "_InitialView" : {
      "DocumentMetaData" : [
        {"sofa" : 12,  "end" : 511,  "language" : "x-unspecified",  "documentTitle" : "219.%20snes-02821%20Over-the-counter%20painkiller%20paracetamol%20is%20contaminated%20with%20the%20Machupo%20virus%20and%20should%20be%20avoided.txt",  "documentId" : "admin",  "documentUri" : "file:/C:/Users/huiyi/.webanno/repository/project/4/document/606/source/admin",  "collectionId" : "file:/C:/Users/huiyi/.webanno/repository/project/4/document/606/source/",  "documentBaseUri" : "file:/C:/Users/huiyi/.webanno/repository/project/4/document/606/source/",  "isLastSegment" : false } ], 
      "TagsetDescription" : [
        {"sofa" : 12,  "layer" : "de.tudarmstadt.ukp.dkpro.core.api.syntax.type.dependency.Dependency",  "name" : "UD Universal Dependencies (v2)",  "input" : false }, 
        {"sofa" : 12,  "layer" : "de.tudarmstadt.ukp.dkpro.core.api.ner.type.NamedEntity",  "name" : "Named Entity tags",  "input" : false }, 
        {"sofa" : 12,  "layer" : "de.tudarmstadt.ukp.dkpro.core.api.transform.type.SofaChangeAnnotation",  "name" : "Operation",  "input" : false }, 
        {"sofa" : 12,  "layer" : "de.tudarmstadt.ukp.dkpro.core.api.lexmorph.type.pos.POS",  "name" : "UD Universal POS tags (v2)",  "input" : false }, 
        {"sofa" : 12,  "layer" : "webanno.custom.Persuasive_Labels",  "name" : "2. Using Anecdotes and Personal Experience as Evidence",  "input" : false } ], 
      "Sentence" : [
        {"sofa" : 12,  "end" : 113 }, 
        {"sofa" : 12,  "begin" : 115,  "end" : 337 }, 
        {"sofa" : 12,  "begin" : 338,  "end" : 509 } ], 
      "Token" : [
        {"sofa" : 12,  "end" : 5 }, 
        {"sofa" : 12,  "begin" : 5,  "end" : 6 }, 
        {"sofa" : 12,  "begin" : 6,  "end" : 11 }, 
        {"sofa" : 12,  "begin" : 12,  "end" : 28 }, 
        {"sofa" : 12,  "begin" : 29,  "end" : 39 }, 
        {"sofa" : 12,  "begin" : 40,  "end" : 51 }, 
        {"sofa" : 12,  "begin" : 52,  "end" : 54 }, 
        {"sofa" : 12,  "begin" : 55,  "end" : 67 }, 
        {"sofa" : 12,  "begin" : 68,  "end" : 72 }, 
        {"sofa" : 12,  "begin" : 73,  "end" : 76 }, 
        {"sofa" : 12,  "begin" : 77,  "end" : 84 }, 
        {"sofa" : 12,  "begin" : 85,  "end" : 90 }, 
        {"sofa" : 12,  "begin" : 91,  "end" : 94 }, 
        {"sofa" : 12,  "begin" : 95,  "end" : 101 }, 
        {"sofa" : 12,  "begin" : 102,  "end" : 104 }, 
        {"sofa" : 12,  "begin" : 105,  "end" : 112 }, 
        {"sofa" : 12,  "begin" : 112,  "end" : 113 }, 
        {"sofa" : 12,  "begin" : 115,  "end" : 121 }, 
        {"sofa" : 12,  "begin" : 121,  "end" : 122 }, 
        {"sofa" : 12,  "begin" : 123,  "end" : 128 }, 
        {"sofa" : 12,  "begin" : 128,  "end" : 129 }, 
        {"sofa" : 12,  "begin" : 129,  "end" : 130 }, 
        {"sofa" : 12,  "begin" : 130,  "end" : 131 }, 
        {"sofa" : 12,  "begin" : 131,  "end" : 145 }, 
        {"sofa" : 12,  "begin" : 145,  "end" : 146 }, 
        {"sofa" : 12,  "begin" : 146,  "end" : 156 }, 
        {"sofa" : 12,  "begin" : 156,  "end" : 157 }, 
        {"sofa" : 12,  "begin" : 157,  "end" : 176 }, 
        {"sofa" : 12,  "begin" : 176,  "end" : 177 }, 
        {"sofa" : 12,  "begin" : 180,  "end" : 184 }, 
        {"sofa" : 12,  "begin" : 185,  "end" : 193 }, 
        {"sofa" : 12,  "begin" : 193,  "end" : 194 }, 
        {"sofa" : 12,  "begin" : 195,  "end" : 200 }, 
        {"sofa" : 12,  "begin" : 200,  "end" : 201 }, 
        {"sofa" : 12,  "begin" : 201,  "end" : 202 }, 
        {"sofa" : 12,  "begin" : 202,  "end" : 203 }, 
        {"sofa" : 12,  "begin" : 203,  "end" : 217 }, 
        {"sofa" : 12,  "begin" : 217,  "end" : 218 }, 
        {"sofa" : 12,  "begin" : 218,  "end" : 228 }, 
        {"sofa" : 12,  "begin" : 228,  "end" : 229 }, 
        {"sofa" : 12,  "begin" : 229,  "end" : 248 }, 
        {"sofa" : 12,  "begin" : 248,  "end" : 249 }, 
        {"sofa" : 12,  "begin" : 253,  "end" : 259 }, 
        {"sofa" : 12,  "begin" : 260,  "end" : 267 }, 
        {"sofa" : 12,  "begin" : 267,  "end" : 268 }, 
        {"sofa" : 12,  "begin" : 271,  "end" : 273 }, 
        {"sofa" : 12,  "begin" : 274,  "end" : 281 }, 
        {"sofa" : 12,  "begin" : 282,  "end" : 285 }, 
        {"sofa" : 12,  "begin" : 286,  "end" : 288 }, 
        {"sofa" : 12,  "begin" : 289,  "end" : 293 }, 
        {"sofa" : 12,  "begin" : 294,  "end" : 297 }, 
        {"sofa" : 12,  "begin" : 298,  "end" : 309 }, 
        {"sofa" : 12,  "begin" : 310,  "end" : 314 }, 
        {"sofa" : 12,  "begin" : 315,  "end" : 320 }, 
        {"sofa" : 12,  "begin" : 321,  "end" : 328 }, 
        {"sofa" : 12,  "begin" : 329,  "end" : 330 }, 
        {"sofa" : 12,  "begin" : 331,  "end" : 332 }, 
        {"sofa" : 12,  "begin" : 333,  "end" : 336 }, 
        {"sofa" : 12,  "begin" : 336,  "end" : 337 }, 
        {"sofa" : 12,  "begin" : 338,  "end" : 340 }, 
        {"sofa" : 12,  "begin" : 341,  "end" : 343 }, 
        {"sofa" : 12,  "begin" : 344,  "end" : 345 }, 
        {"sofa" : 12,  "begin" : 346,  "end" : 349 }, 
        {"sofa" : 12,  "begin" : 349,  "end" : 350 }, 
        {"sofa" : 12,  "begin" : 351,  "end" : 355 }, 
        {"sofa" : 12,  "begin" : 356,  "end" : 361 }, 
        {"sofa" : 12,  "begin" : 362,  "end" : 365 }, 
        {"sofa" : 12,  "begin" : 366,  "end" : 371 }, 
        {"sofa" : 12,  "begin" : 372,  "end" : 383 }, 
        {"sofa" : 12,  "begin" : 383,  "end" : 384 }, 
        {"sofa" : 12,  "begin" : 385,  "end" : 392 }, 
        {"sofa" : 12,  "begin" : 393,  "end" : 398 }, 
        {"sofa" : 12,  "begin" : 399,  "end" : 401 }, 
        {"sofa" : 12,  "begin" : 402,  "end" : 409 }, 
        {"sofa" : 12,  "begin" : 410,  "end" : 411 }, 
        {"sofa" : 12,  "begin" : 411,  "end" : 418 }, 
        {"sofa" : 12,  "begin" : 418,  "end" : 419 }, 
        {"sofa" : 12,  "begin" : 420,  "end" : 425 }, 
        {"sofa" : 12,  "begin" : 425,  "end" : 426 }, 
        {"sofa" : 12,  "begin" : 427,  "end" : 437 }, 
        {"sofa" : 12,  "begin" : 438,  "end" : 441 }, 
        {"sofa" : 12,  "begin" : 442,  "end" : 444 }, 
        {"sofa" : 12,  "begin" : 445,  "end" : 448 }, 
        {"sofa" : 12,  "begin" : 449,  "end" : 453 }, 
        {"sofa" : 12,  "begin" : 454,  "end" : 463 }, 
        {"sofa" : 12,  "begin" : 464,  "end" : 471 }, 
        {"sofa" : 12,  "begin" : 472,  "end" : 474 }, 
        {"sofa" : 12,  "begin" : 475,  "end" : 478 }, 
        {"sofa" : 12,  "begin" : 479,  "end" : 484 }, 
        {"sofa" : 12,  "begin" : 485,  "end" : 489 }, 
        {"sofa" : 12,  "begin" : 490,  "end" : 494 }, 
        {"sofa" : 12,  "begin" : 495,  "end" : 504 }, 
        {"sofa" : 12,  "begin" : 505,  "end" : 509 } ], 
      "Persuasive_Labels" : [
        {"sofa" : 12,  "begin" : 385,  "end" : 392,  "EstablishingLegitimacy" : "Establishing Legitimacy" }, 
        {"sofa" : 12,  "begin" : 385,  "end" : 392,  "EstablishingLegitimacy" : "surface credibility markers - simply claiming authority or credibility" }, 
        {"sofa" : 12,  "begin" : 427,  "end" : 509,  "HighlightingUncertaintyandRisk" : "Highlighting Uncertainty and Risk" }, 
        {"sofa" : 12,  "begin" : 438,  "end" : 484,  "RhetoricalTricks" : "exaggeration/absolute language" }, 
        {"sofa" : 12,  "begin" : 438,  "end" : 484,  "RhetoricalTricks" : "rhetorical tricks" } ] } }, 
  "_referenced_fss" : {
    "12" : {"_type" : "Sofa",  "sofaNum" : 1,  "sofaID" : "_InitialView",  "mimeType" : "text",  "sofaString" : "﻿snes-02821 Over-the-counter painkiller paracetamol is contaminated with the Machupo virus and should be avoided.\r\nSource: https://www.snopes.com/fact-check/paracetamol-warning/ \r\nFact checking: https://www.snopes.com/fact-check/paracetamol-warning/  \r\nActual content: \r\nBe careful not to take the paracetamol that comes written P / 500. It is a new, very white and shiny paracetamol, doctors prove to contain \"Machupo\" virus, considered one of the most dangerous viruses in the world with high mortality rate\r\n" } } }