{"_context" : {
    "_types" : {
      "DocumentMetaData" : {
        "_feature_types" : {"sofa" : "_ref" } }, 
      "Persuasive_Labels" : {
        "_feature_types" : {"sofa" : "_ref" } }, 
      "Sentence" : {
        "_feature_types" : {"sofa" : "_ref" } }, 
      "Sofa" : {
        "_feature_types" : {"sofaArray" : "_ref" } }, 
      "TagsetDescription" : {
        "_feature_types" : {"sofa" : "_ref",  "tags" : "_ref" } }, 
      "Token" : {
        "_feature_types" : {"sofa" : "_ref",  "parent" : "_ref",  "lemma" : "_ref",  "stem" : "_ref",  "pos" : "_ref",  "morph" : "_ref",  "form" : "_ref" } }, 
      "DocumentAnnotation" : {
        "_feature_types" : {"sofa" : "_ref" }, 
        "_subtypes" : ["DocumentMetaData" ] }, 
      "Annotation" : {
        "_feature_types" : {"sofa" : "_ref" }, 
        "_subtypes" : ["DocumentAnnotation",  "Persuasive_Labels",  "Sentence",  "TagsetDescription",  "Token" ] }, 
      "AnnotationBase" : {
        "_feature_types" : {"sofa" : "_ref" }, 
        "_subtypes" : ["Annotation" ] }, 
      "TOP" : {
        "_subtypes" : ["AnnotationBase",  "Sofa" ] } } }, 
  "_views" : {
    "_InitialView" : {
      "DocumentMetaData" : [
        {"sofa" : 12,  "end" : 3062,  "language" : "x-unspecified",  "documentTitle" : "63.%20snes-01953%20An%20Australian%20teen%20was%20taken%20to%20hospital%20with%20blood%20pouring%20from%20his%20feet%20after%20sea%20lice%20attacked%20him%20.txt",  "documentId" : "admin",  "documentUri" : "file:/C:/Users/huiyi/.webanno/repository/project/4/document/234/source/admin",  "collectionId" : "file:/C:/Users/huiyi/.webanno/repository/project/4/document/234/source/",  "documentBaseUri" : "file:/C:/Users/huiyi/.webanno/repository/project/4/document/234/source/",  "isLastSegment" : false } ], 
      "TagsetDescription" : [
        {"sofa" : 12,  "layer" : "de.tudarmstadt.ukp.dkpro.core.api.syntax.type.dependency.Dependency",  "name" : "UD Universal Dependencies (v2)",  "input" : false }, 
        {"sofa" : 12,  "layer" : "de.tudarmstadt.ukp.dkpro.core.api.ner.type.NamedEntity",  "name" : "Named Entity tags",  "input" : false }, 
        {"sofa" : 12,  "layer" : "de.tudarmstadt.ukp.dkpro.core.api.transform.type.SofaChangeAnnotation",  "name" : "Operation",  "input" : false }, 
        {"sofa" : 12,  "layer" : "de.tudarmstadt.ukp.dkpro.core.api.lexmorph.type.pos.POS",  "name" : "UD Universal POS tags (v2)",  "input" : false }, 
        {"sofa" : 12,  "layer" : "webanno.custom.Persuasive_Labels",  "name" : "2. Using Anecdotes and Personal Experience as Evidence",  "input" : false } ], 
      "Sentence" : [
        {"sofa" : 12,  "end" : 173 }, 
        {"sofa" : 12,  "begin" : 175,  "end" : 583 }, 
        {"sofa" : 12,  "begin" : 585,  "end" : 741 }, 
        {"sofa" : 12,  "begin" : 743,  "end" : 856 }, 
        {"sofa" : 12,  "begin" : 858,  "end" : 990 }, 
        {"sofa" : 12,  "begin" : 992,  "end" : 1475 }, 
        {"sofa" : 12,  "begin" : 1478,  "end" : 1586 }, 
        {"sofa" : 12,  "begin" : 1588,  "end" : 1770 }, 
        {"sofa" : 12,  "begin" : 1772,  "end" : 1858 }, 
        {"sofa" : 12,  "begin" : 1860,  "end" : 1878 }, 
        {"sofa" : 12,  "begin" : 1881,  "end" : 1973 }, 
        {"sofa" : 12,  "begin" : 1975,  "end" : 2484 }, 
        {"sofa" : 12,  "begin" : 2486,  "end" : 2567 }, 
        {"sofa" : 12,  "begin" : 2569,  "end" : 2632 }, 
        {"sofa" : 12,  "begin" : 2635,  "end" : 2774 }, 
        {"sofa" : 12,  "begin" : 2776,  "end" : 2826 }, 
        {"sofa" : 12,  "begin" : 2829,  "end" : 2966 }, 
        {"sofa" : 12,  "begin" : 2969,  "end" : 3058 } ], 
      "Token" : [
        {"sofa" : 12,  "end" : 5 }, 
        {"sofa" : 12,  "begin" : 5,  "end" : 6 }, 
        {"sofa" : 12,  "begin" : 6,  "end" : 11 }, 
        {"sofa" : 12,  "begin" : 12,  "end" : 14 }, 
        {"sofa" : 12,  "begin" : 15,  "end" : 25 }, 
        {"sofa" : 12,  "begin" : 26,  "end" : 30 }, 
        {"sofa" : 12,  "begin" : 31,  "end" : 34 }, 
        {"sofa" : 12,  "begin" : 35,  "end" : 40 }, 
        {"sofa" : 12,  "begin" : 41,  "end" : 43 }, 
        {"sofa" : 12,  "begin" : 44,  "end" : 52 }, 
        {"sofa" : 12,  "begin" : 53,  "end" : 57 }, 
        {"sofa" : 12,  "begin" : 58,  "end" : 63 }, 
        {"sofa" : 12,  "begin" : 64,  "end" : 71 }, 
        {"sofa" : 12,  "begin" : 72,  "end" : 76 }, 
        {"sofa" : 12,  "begin" : 77,  "end" : 80 }, 
        {"sofa" : 12,  "begin" : 81,  "end" : 85 }, 
        {"sofa" : 12,  "begin" : 86,  "end" : 91 }, 
        {"sofa" : 12,  "begin" : 92,  "end" : 95 }, 
        {"sofa" : 12,  "begin" : 96,  "end" : 100 }, 
        {"sofa" : 12,  "begin" : 101,  "end" : 109 }, 
        {"sofa" : 12,  "begin" : 110,  "end" : 113 }, 
        {"sofa" : 12,  "begin" : 114,  "end" : 119 }, 
        {"sofa" : 12,  "begin" : 120,  "end" : 122 }, 
        {"sofa" : 12,  "begin" : 123,  "end" : 129 }, 
        {"sofa" : 12,  "begin" : 130,  "end" : 133 }, 
        {"sofa" : 12,  "begin" : 134,  "end" : 138 }, 
        {"sofa" : 12,  "begin" : 139,  "end" : 141 }, 
        {"sofa" : 12,  "begin" : 142,  "end" : 145 }, 
        {"sofa" : 12,  "begin" : 146,  "end" : 151 }, 
        {"sofa" : 12,  "begin" : 152,  "end" : 154 }, 
        {"sofa" : 12,  "begin" : 155,  "end" : 156 }, 
        {"sofa" : 12,  "begin" : 157,  "end" : 166 }, 
        {"sofa" : 12,  "begin" : 167,  "end" : 172 }, 
        {"sofa" : 12,  "begin" : 172,  "end" : 173 }, 
        {"sofa" : 12,  "begin" : 175,  "end" : 181 }, 
        {"sofa" : 12,  "begin" : 181,  "end" : 182 }, 
        {"sofa" : 12,  "begin" : 183,  "end" : 187 }, 
        {"sofa" : 12,  "begin" : 187,  "end" : 188 }, 
        {"sofa" : 12,  "begin" : 188,  "end" : 189 }, 
        {"sofa" : 12,  "begin" : 189,  "end" : 190 }, 
        {"sofa" : 12,  "begin" : 190,  "end" : 200 }, 
        {"sofa" : 12,  "begin" : 200,  "end" : 201 }, 
        {"sofa" : 12,  "begin" : 201,  "end" : 206 }, 
        {"sofa" : 12,  "begin" : 209,  "end" : 213 }, 
        {"sofa" : 12,  "begin" : 214,  "end" : 222 }, 
        {"sofa" : 12,  "begin" : 222,  "end" : 223 }, 
        {"sofa" : 12,  "begin" : 224,  "end" : 229 }, 
        {"sofa" : 12,  "begin" : 229,  "end" : 230 }, 
        {"sofa" : 12,  "begin" : 230,  "end" : 231 }, 
        {"sofa" : 12,  "begin" : 231,  "end" : 232 }, 
        {"sofa" : 12,  "begin" : 232,  "end" : 246 }, 
        {"sofa" : 12,  "begin" : 246,  "end" : 247 }, 
        {"sofa" : 12,  "begin" : 247,  "end" : 257 }, 
        {"sofa" : 12,  "begin" : 257,  "end" : 258 }, 
        {"sofa" : 12,  "begin" : 258,  "end" : 287 }, 
        {"sofa" : 12,  "begin" : 287,  "end" : 288 }, 
        {"sofa" : 12,  "begin" : 291,  "end" : 297 }, 
        {"sofa" : 12,  "begin" : 298,  "end" : 305 }, 
        {"sofa" : 12,  "begin" : 305,  "end" : 306 }, 
        {"sofa" : 12,  "begin" : 308,  "end" : 312 }, 
        {"sofa" : 12,  "begin" : 313,  "end" : 319 }, 
        {"sofa" : 12,  "begin" : 320,  "end" : 322 }, 
        {"sofa" : 12,  "begin" : 323,  "end" : 331 }, 
        {"sofa" : 12,  "begin" : 332,  "end" : 336 }, 
        {"sofa" : 12,  "begin" : 337,  "end" : 342 }, 
        {"sofa" : 12,  "begin" : 343,  "end" : 350 }, 
        {"sofa" : 12,  "begin" : 351,  "end" : 355 }, 
        {"sofa" : 12,  "begin" : 356,  "end" : 359 }, 
        {"sofa" : 12,  "begin" : 360,  "end" : 364 }, 
        {"sofa" : 12,  "begin" : 365,  "end" : 370 }, 
        {"sofa" : 12,  "begin" : 371,  "end" : 383 }, 
        {"sofa" : 12,  "begin" : 384,  "end" : 387 }, 
        {"sofa" : 12,  "begin" : 388,  "end" : 392 }, 
        {"sofa" : 12,  "begin" : 393,  "end" : 401 }, 
        {"sofa" : 12,  "begin" : 402,  "end" : 405 }, 
        {"sofa" : 12,  "begin" : 406,  "end" : 408 }, 
        {"sofa" : 12,  "begin" : 409,  "end" : 411 }, 
        {"sofa" : 12,  "begin" : 412,  "end" : 416 }, 
        {"sofa" : 12,  "begin" : 417,  "end" : 419 }, 
        {"sofa" : 12,  "begin" : 420,  "end" : 421 }, 
        {"sofa" : 12,  "begin" : 422,  "end" : 431 }, 
        {"sofa" : 12,  "begin" : 432,  "end" : 437 }, 
        {"sofa" : 12,  "begin" : 439,  "end" : 440 }, 
        {"sofa" : 12,  "begin" : 441,  "end" : 450 }, 
        {"sofa" : 12,  "begin" : 451,  "end" : 459 }, 
        {"sofa" : 12,  "begin" : 460,  "end" : 463 }, 
        {"sofa" : 12,  "begin" : 464,  "end" : 468 }, 
        {"sofa" : 12,  "begin" : 469,  "end" : 473 }, 
        {"sofa" : 12,  "begin" : 474,  "end" : 478 }, 
        {"sofa" : 12,  "begin" : 479,  "end" : 485 }, 
        {"sofa" : 12,  "begin" : 486,  "end" : 488 }, 
        {"sofa" : 12,  "begin" : 489,  "end" : 493 }, 
        {"sofa" : 12,  "begin" : 494,  "end" : 499 }, 
        {"sofa" : 12,  "begin" : 500,  "end" : 502 }, 
        {"sofa" : 12,  "begin" : 503,  "end" : 506 }, 
        {"sofa" : 12,  "begin" : 507,  "end" : 511 }, 
        {"sofa" : 12,  "begin" : 512,  "end" : 515 }, 
        {"sofa" : 12,  "begin" : 516,  "end" : 520 }, 
        {"sofa" : 12,  "begin" : 521,  "end" : 525 }, 
        {"sofa" : 12,  "begin" : 526,  "end" : 534 }, 
        {"sofa" : 12,  "begin" : 535,  "end" : 539 }, 
        {"sofa" : 12,  "begin" : 540,  "end" : 548 }, 
        {"sofa" : 12,  "begin" : 548,  "end" : 549 }, 
        {"sofa" : 12,  "begin" : 550,  "end" : 555 }, 
        {"sofa" : 12,  "begin" : 556,  "end" : 562 }, 
        {"sofa" : 12,  "begin" : 563,  "end" : 569 }, 
        {"sofa" : 12,  "begin" : 570,  "end" : 572 }, 
        {"sofa" : 12,  "begin" : 573,  "end" : 576 }, 
        {"sofa" : 12,  "begin" : 577,  "end" : 582 }, 
        {"sofa" : 12,  "begin" : 582,  "end" : 583 }, 
        {"sofa" : 12,  "begin" : 585,  "end" : 588 }, 
        {"sofa" : 12,  "begin" : 589,  "end" : 596 }, 
        {"sofa" : 12,  "begin" : 596,  "end" : 597 }, 
        {"sofa" : 12,  "begin" : 598,  "end" : 600 }, 
        {"sofa" : 12,  "begin" : 600,  "end" : 601 }, 
        {"sofa" : 12,  "begin" : 602,  "end" : 605 }, 
        {"sofa" : 12,  "begin" : 606,  "end" : 613 }, 
        {"sofa" : 12,  "begin" : 614,  "end" : 617 }, 
        {"sofa" : 12,  "begin" : 618,  "end" : 622 }, 
        {"sofa" : 12,  "begin" : 623,  "end" : 625 }, 
        {"sofa" : 12,  "begin" : 626,  "end" : 629 }, 
        {"sofa" : 12,  "begin" : 630,  "end" : 635 }, 
        {"sofa" : 12,  "begin" : 636,  "end" : 638 }, 
        {"sofa" : 12,  "begin" : 639,  "end" : 644 }, 
        {"sofa" : 12,  "begin" : 645,  "end" : 651 }, 
        {"sofa" : 12,  "begin" : 652,  "end" : 657 }, 
        {"sofa" : 12,  "begin" : 658,  "end" : 660 }, 
        {"sofa" : 12,  "begin" : 661,  "end" : 669 }, 
        {"sofa" : 12,  "begin" : 669,  "end" : 670 }, 
        {"sofa" : 12,  "begin" : 671,  "end" : 680 }, 
        {"sofa" : 12,  "begin" : 680,  "end" : 681 }, 
        {"sofa" : 12,  "begin" : 682,  "end" : 684 }, 
        {"sofa" : 12,  "begin" : 685,  "end" : 693 }, 
        {"sofa" : 12,  "begin" : 694,  "end" : 701 }, 
        {"sofa" : 12,  "begin" : 702,  "end" : 706 }, 
        {"sofa" : 12,  "begin" : 707,  "end" : 709 }, 
        {"sofa" : 12,  "begin" : 710,  "end" : 714 }, 
        {"sofa" : 12,  "begin" : 715,  "end" : 717 }, 
        {"sofa" : 12,  "begin" : 718,  "end" : 722 }, 
        {"sofa" : 12,  "begin" : 723,  "end" : 726 }, 
        {"sofa" : 12,  "begin" : 727,  "end" : 731 }, 
        {"sofa" : 12,  "begin" : 732,  "end" : 740 }, 
        {"sofa" : 12,  "begin" : 740,  "end" : 741 }, 
        {"sofa" : 12,  "begin" : 743,  "end" : 745 }, 
        {"sofa" : 12,  "begin" : 746,  "end" : 750 }, 
        {"sofa" : 12,  "begin" : 751,  "end" : 758 }, 
        {"sofa" : 12,  "begin" : 759,  "end" : 764 }, 
        {"sofa" : 12,  "begin" : 765,  "end" : 767 }, 
        {"sofa" : 12,  "begin" : 768,  "end" : 776 }, 
        {"sofa" : 12,  "begin" : 777,  "end" : 779 }, 
        {"sofa" : 12,  "begin" : 780,  "end" : 783 }, 
        {"sofa" : 12,  "begin" : 784,  "end" : 791 }, 
        {"sofa" : 12,  "begin" : 792,  "end" : 795 }, 
        {"sofa" : 12,  "begin" : 796,  "end" : 800 }, 
        {"sofa" : 12,  "begin" : 801,  "end" : 805 }, 
        {"sofa" : 12,  "begin" : 806,  "end" : 810 }, 
        {"sofa" : 12,  "begin" : 811,  "end" : 815 }, 
        {"sofa" : 12,  "begin" : 816,  "end" : 823 }, 
        {"sofa" : 12,  "begin" : 824,  "end" : 832 }, 
        {"sofa" : 12,  "begin" : 833,  "end" : 836 }, 
        {"sofa" : 12,  "begin" : 837,  "end" : 840 }, 
        {"sofa" : 12,  "begin" : 841,  "end" : 846 }, 
        {"sofa" : 12,  "begin" : 847,  "end" : 850 }, 
        {"sofa" : 12,  "begin" : 851,  "end" : 855 }, 
        {"sofa" : 12,  "begin" : 855,  "end" : 856 }, 
        {"sofa" : 12,  "begin" : 858,  "end" : 861 }, 
        {"sofa" : 12,  "begin" : 862,  "end" : 867 }, 
        {"sofa" : 12,  "begin" : 868,  "end" : 874 }, 
        {"sofa" : 12,  "begin" : 875,  "end" : 878 }, 
        {"sofa" : 12,  "begin" : 879,  "end" : 881 }, 
        {"sofa" : 12,  "begin" : 882,  "end" : 885 }, 
        {"sofa" : 12,  "begin" : 886,  "end" : 891 }, 
        {"sofa" : 12,  "begin" : 892,  "end" : 897 }, 
        {"sofa" : 12,  "begin" : 898,  "end" : 900 }, 
        {"sofa" : 12,  "begin" : 901,  "end" : 908 }, 
        {"sofa" : 12,  "begin" : 909,  "end" : 914 }, 
        {"sofa" : 12,  "begin" : 914,  "end" : 915 }, 
        {"sofa" : 12,  "begin" : 916,  "end" : 918 }, 
        {"sofa" : 12,  "begin" : 919,  "end" : 924 }, 
        {"sofa" : 12,  "begin" : 925,  "end" : 928 }, 
        {"sofa" : 12,  "begin" : 929,  "end" : 933 }, 
        {"sofa" : 12,  "begin" : 934,  "end" : 938 }, 
        {"sofa" : 12,  "begin" : 939,  "end" : 946 }, 
        {"sofa" : 12,  "begin" : 947,  "end" : 949 }, 
        {"sofa" : 12,  "begin" : 950,  "end" : 954 }, 
        {"sofa" : 12,  "begin" : 955,  "end" : 960 }, 
        {"sofa" : 12,  "begin" : 961,  "end" : 966 }, 
        {"sofa" : 12,  "begin" : 967,  "end" : 971 }, 
        {"sofa" : 12,  "begin" : 972,  "end" : 978 }, 
        {"sofa" : 12,  "begin" : 979,  "end" : 983 }, 
        {"sofa" : 12,  "begin" : 984,  "end" : 989 }, 
        {"sofa" : 12,  "begin" : 989,  "end" : 990 }, 
        {"sofa" : 12,  "begin" : 992,  "end" : 993 }, 
        {"sofa" : 12,  "begin" : 993,  "end" : 998 }, 
        {"sofa" : 12,  "begin" : 998,  "end" : 999 }, 
        {"sofa" : 12,  "begin" : 1002,  "end" : 1007 }, 
        {"sofa" : 12,  "begin" : 1008,  "end" : 1015 }, 
        {"sofa" : 12,  "begin" : 1015,  "end" : 1016 }, 
        {"sofa" : 12,  "begin" : 1017,  "end" : 1018 }, 
        {"sofa" : 12,  "begin" : 1018,  "end" : 1021 }, 
        {"sofa" : 12,  "begin" : 1022,  "end" : 1029 }, 
        {"sofa" : 12,  "begin" : 1029,  "end" : 1030 }, 
        {"sofa" : 12,  "begin" : 1031,  "end" : 1033 }, 
        {"sofa" : 12,  "begin" : 1033,  "end" : 1034 }, 
        {"sofa" : 12,  "begin" : 1035,  "end" : 1042 }, 
        {"sofa" : 12,  "begin" : 1043,  "end" : 1047 }, 
        {"sofa" : 12,  "begin" : 1048,  "end" : 1051 }, 
        {"sofa" : 12,  "begin" : 1052,  "end" : 1057 }, 
        {"sofa" : 12,  "begin" : 1058,  "end" : 1063 }, 
        {"sofa" : 12,  "begin" : 1064,  "end" : 1066 }, 
        {"sofa" : 12,  "begin" : 1067,  "end" : 1070 }, 
        {"sofa" : 12,  "begin" : 1071,  "end" : 1075 }, 
        {"sofa" : 12,  "begin" : 1076,  "end" : 1083 }, 
        {"sofa" : 12,  "begin" : 1084,  "end" : 1087 }, 
        {"sofa" : 12,  "begin" : 1088,  "end" : 1092 }, 
        {"sofa" : 12,  "begin" : 1093,  "end" : 1095 }, 
        {"sofa" : 12,  "begin" : 1096,  "end" : 1100 }, 
        {"sofa" : 12,  "begin" : 1101,  "end" : 1107 }, 
        {"sofa" : 12,  "begin" : 1108,  "end" : 1110 }, 
        {"sofa" : 12,  "begin" : 1111,  "end" : 1115 }, 
        {"sofa" : 12,  "begin" : 1116,  "end" : 1121 }, 
        {"sofa" : 12,  "begin" : 1122,  "end" : 1126 }, 
        {"sofa" : 12,  "begin" : 1127,  "end" : 1132 }, 
        {"sofa" : 12,  "begin" : 1133,  "end" : 1136 }, 
        {"sofa" : 12,  "begin" : 1137,  "end" : 1141 }, 
        {"sofa" : 12,  "begin" : 1142,  "end" : 1150 }, 
        {"sofa" : 12,  "begin" : 1150,  "end" : 1151 }, 
        {"sofa" : 12,  "begin" : 1154,  "end" : 1155 }, 
        {"sofa" : 12,  "begin" : 1155,  "end" : 1160 }, 
        {"sofa" : 12,  "begin" : 1160,  "end" : 1161 }, 
        {"sofa" : 12,  "begin" : 1164,  "end" : 1169 }, 
        {"sofa" : 12,  "begin" : 1170,  "end" : 1177 }, 
        {"sofa" : 12,  "begin" : 1178,  "end" : 1179 }, 
        {"sofa" : 12,  "begin" : 1179,  "end" : 1187 }, 
        {"sofa" : 12,  "begin" : 1187,  "end" : 1188 }, 
        {"sofa" : 12,  "begin" : 1189,  "end" : 1192 }, 
        {"sofa" : 12,  "begin" : 1193,  "end" : 1196 }, 
        {"sofa" : 12,  "begin" : 1197,  "end" : 1204 }, 
        {"sofa" : 12,  "begin" : 1205,  "end" : 1207 }, 
        {"sofa" : 12,  "begin" : 1208,  "end" : 1215 }, 
        {"sofa" : 12,  "begin" : 1216,  "end" : 1221 }, 
        {"sofa" : 12,  "begin" : 1222,  "end" : 1224 }, 
        {"sofa" : 12,  "begin" : 1225,  "end" : 1228 }, 
        {"sofa" : 12,  "begin" : 1229,  "end" : 1238 }, 
        {"sofa" : 12,  "begin" : 1239,  "end" : 1243 }, 
        {"sofa" : 12,  "begin" : 1244,  "end" : 1247 }, 
        {"sofa" : 12,  "begin" : 1248,  "end" : 1255 }, 
        {"sofa" : 12,  "begin" : 1255,  "end" : 1256 }, 
        {"sofa" : 12,  "begin" : 1257,  "end" : 1260 }, 
        {"sofa" : 12,  "begin" : 1261,  "end" : 1266 }, 
        {"sofa" : 12,  "begin" : 1267,  "end" : 1270 }, 
        {"sofa" : 12,  "begin" : 1271,  "end" : 1275 }, 
        {"sofa" : 12,  "begin" : 1276,  "end" : 1279 }, 
        {"sofa" : 12,  "begin" : 1280,  "end" : 1288 }, 
        {"sofa" : 12,  "begin" : 1288,  "end" : 1289 }, 
        {"sofa" : 12,  "begin" : 1292,  "end" : 1293 }, 
        {"sofa" : 12,  "begin" : 1293,  "end" : 1298 }, 
        {"sofa" : 12,  "begin" : 1298,  "end" : 1299 }, 
        {"sofa" : 12,  "begin" : 1302,  "end" : 1307 }, 
        {"sofa" : 12,  "begin" : 1308,  "end" : 1315 }, 
        {"sofa" : 12,  "begin" : 1315,  "end" : 1316 }, 
        {"sofa" : 12,  "begin" : 1317,  "end" : 1319 }, 
        {"sofa" : 12,  "begin" : 1320,  "end" : 1322 }, 
        {"sofa" : 12,  "begin" : 1323,  "end" : 1331 }, 
        {"sofa" : 12,  "begin" : 1332,  "end" : 1335 }, 
        {"sofa" : 12,  "begin" : 1336,  "end" : 1339 }, 
        {"sofa" : 12,  "begin" : 1340,  "end" : 1346 }, 
        {"sofa" : 12,  "begin" : 1347,  "end" : 1349 }, 
        {"sofa" : 12,  "begin" : 1350,  "end" : 1353 }, 
        {"sofa" : 12,  "begin" : 1354,  "end" : 1365 }, 
        {"sofa" : 12,  "begin" : 1366,  "end" : 1371 }, 
        {"sofa" : 12,  "begin" : 1372,  "end" : 1374 }, 
        {"sofa" : 12,  "begin" : 1375,  "end" : 1378 }, 
        {"sofa" : 12,  "begin" : 1379,  "end" : 1383 }, 
        {"sofa" : 12,  "begin" : 1384,  "end" : 1387 }, 
        {"sofa" : 12,  "begin" : 1388,  "end" : 1392 }, 
        {"sofa" : 12,  "begin" : 1393,  "end" : 1394 }, 
        {"sofa" : 12,  "begin" : 1394,  "end" : 1402 }, 
        {"sofa" : 12,  "begin" : 1402,  "end" : 1403 }, 
        {"sofa" : 12,  "begin" : 1407,  "end" : 1408 }, 
        {"sofa" : 12,  "begin" : 1408,  "end" : 1410 }, 
        {"sofa" : 12,  "begin" : 1411,  "end" : 1416 }, 
        {"sofa" : 12,  "begin" : 1417,  "end" : 1425 }, 
        {"sofa" : 12,  "begin" : 1426,  "end" : 1429 }, 
        {"sofa" : 12,  "begin" : 1430,  "end" : 1434 }, 
        {"sofa" : 12,  "begin" : 1435,  "end" : 1436 }, 
        {"sofa" : 12,  "begin" : 1437,  "end" : 1441 }, 
        {"sofa" : 12,  "begin" : 1442,  "end" : 1446 }, 
        {"sofa" : 12,  "begin" : 1447,  "end" : 1454 }, 
        {"sofa" : 12,  "begin" : 1455,  "end" : 1457 }, 
        {"sofa" : 12,  "begin" : 1458,  "end" : 1459 }, 
        {"sofa" : 12,  "begin" : 1460,  "end" : 1464 }, 
        {"sofa" : 12,  "begin" : 1464,  "end" : 1465 }, 
        {"sofa" : 12,  "begin" : 1465,  "end" : 1466 }, 
        {"sofa" : 12,  "begin" : 1467,  "end" : 1469 }, 
        {"sofa" : 12,  "begin" : 1470,  "end" : 1474 }, 
        {"sofa" : 12,  "begin" : 1474,  "end" : 1475 }, 
        {"sofa" : 12,  "begin" : 1478,  "end" : 1479 }, 
        {"sofa" : 12,  "begin" : 1479,  "end" : 1482 }, 
        {"sofa" : 12,  "begin" : 1483,  "end" : 1484 }, 
        {"sofa" : 12,  "begin" : 1485,  "end" : 1493 }, 
        {"sofa" : 12,  "begin" : 1494,  "end" : 1498 }, 
        {"sofa" : 12,  "begin" : 1499,  "end" : 1507 }, 
        {"sofa" : 12,  "begin" : 1508,  "end" : 1512 }, 
        {"sofa" : 12,  "begin" : 1513,  "end" : 1517 }, 
        {"sofa" : 12,  "begin" : 1518,  "end" : 1520 }, 
        {"sofa" : 12,  "begin" : 1520,  "end" : 1521 }, 
        {"sofa" : 12,  "begin" : 1522,  "end" : 1529 }, 
        {"sofa" : 12,  "begin" : 1530,  "end" : 1532 }, 
        {"sofa" : 12,  "begin" : 1533,  "end" : 1536 }, 
        {"sofa" : 12,  "begin" : 1537,  "end" : 1543 }, 
        {"sofa" : 12,  "begin" : 1544,  "end" : 1555 }, 
        {"sofa" : 12,  "begin" : 1556,  "end" : 1560 }, 
        {"sofa" : 12,  "begin" : 1561,  "end" : 1563 }, 
        {"sofa" : 12,  "begin" : 1564,  "end" : 1569 }, 
        {"sofa" : 12,  "begin" : 1570,  "end" : 1575 }, 
        {"sofa" : 12,  "begin" : 1576,  "end" : 1579 }, 
        {"sofa" : 12,  "begin" : 1580,  "end" : 1584 }, 
        {"sofa" : 12,  "begin" : 1584,  "end" : 1585 }, 
        {"sofa" : 12,  "begin" : 1585,  "end" : 1586 }, 
        {"sofa" : 12,  "begin" : 1588,  "end" : 1593 }, 
        {"sofa" : 12,  "begin" : 1594,  "end" : 1602 }, 
        {"sofa" : 12,  "begin" : 1603,  "end" : 1605 }, 
        {"sofa" : 12,  "begin" : 1606,  "end" : 1610 }, 
        {"sofa" : 12,  "begin" : 1611,  "end" : 1614 }, 
        {"sofa" : 12,  "begin" : 1615,  "end" : 1623 }, 
        {"sofa" : 12,  "begin" : 1624,  "end" : 1628 }, 
        {"sofa" : 12,  "begin" : 1629,  "end" : 1641 }, 
        {"sofa" : 12,  "begin" : 1641,  "end" : 1642 }, 
        {"sofa" : 12,  "begin" : 1643,  "end" : 1646 }, 
        {"sofa" : 12,  "begin" : 1647,  "end" : 1655 }, 
        {"sofa" : 12,  "begin" : 1656,  "end" : 1661 }, 
        {"sofa" : 12,  "begin" : 1662,  "end" : 1665 }, 
        {"sofa" : 12,  "begin" : 1666,  "end" : 1673 }, 
        {"sofa" : 12,  "begin" : 1674,  "end" : 1676 }, 
        {"sofa" : 12,  "begin" : 1677,  "end" : 1680 }, 
        {"sofa" : 12,  "begin" : 1681,  "end" : 1690 }, 
        {"sofa" : 12,  "begin" : 1691,  "end" : 1700 }, 
        {"sofa" : 12,  "begin" : 1700,  "end" : 1701 }, 
        {"sofa" : 12,  "begin" : 1702,  "end" : 1707 }, 
        {"sofa" : 12,  "begin" : 1708,  "end" : 1715 }, 
        {"sofa" : 12,  "begin" : 1716,  "end" : 1720 }, 
        {"sofa" : 12,  "begin" : 1721,  "end" : 1726 }, 
        {"sofa" : 12,  "begin" : 1727,  "end" : 1730 }, 
        {"sofa" : 12,  "begin" : 1731,  "end" : 1737 }, 
        {"sofa" : 12,  "begin" : 1738,  "end" : 1740 }, 
        {"sofa" : 12,  "begin" : 1741,  "end" : 1745 }, 
        {"sofa" : 12,  "begin" : 1746,  "end" : 1749 }, 
        {"sofa" : 12,  "begin" : 1750,  "end" : 1755 }, 
        {"sofa" : 12,  "begin" : 1756,  "end" : 1760 }, 
        {"sofa" : 12,  "begin" : 1761,  "end" : 1769 }, 
        {"sofa" : 12,  "begin" : 1769,  "end" : 1770 }, 
        {"sofa" : 12,  "begin" : 1772,  "end" : 1775 }, 
        {"sofa" : 12,  "begin" : 1776,  "end" : 1781 }, 
        {"sofa" : 12,  "begin" : 1782,  "end" : 1789 }, 
        {"sofa" : 12,  "begin" : 1790,  "end" : 1793 }, 
        {"sofa" : 12,  "begin" : 1794,  "end" : 1799 }, 
        {"sofa" : 12,  "begin" : 1800,  "end" : 1805 }, 
        {"sofa" : 12,  "begin" : 1806,  "end" : 1808 }, 
        {"sofa" : 12,  "begin" : 1809,  "end" : 1813 }, 
        {"sofa" : 12,  "begin" : 1814,  "end" : 1817 }, 
        {"sofa" : 12,  "begin" : 1818,  "end" : 1822 }, 
        {"sofa" : 12,  "begin" : 1822,  "end" : 1823 }, 
        {"sofa" : 12,  "begin" : 1824,  "end" : 1827 }, 
        {"sofa" : 12,  "begin" : 1828,  "end" : 1830 }, 
        {"sofa" : 12,  "begin" : 1831,  "end" : 1834 }, 
        {"sofa" : 12,  "begin" : 1835,  "end" : 1837 }, 
        {"sofa" : 12,  "begin" : 1838,  "end" : 1842 }, 
        {"sofa" : 12,  "begin" : 1843,  "end" : 1847 }, 
        {"sofa" : 12,  "begin" : 1848,  "end" : 1849 }, 
        {"sofa" : 12,  "begin" : 1850,  "end" : 1851 }, 
        {"sofa" : 12,  "begin" : 1851,  "end" : 1856 }, 
        {"sofa" : 12,  "begin" : 1856,  "end" : 1857 }, 
        {"sofa" : 12,  "begin" : 1857,  "end" : 1858 }, 
        {"sofa" : 12,  "begin" : 1860,  "end" : 1864 }, 
        {"sofa" : 12,  "begin" : 1865,  "end" : 1868 }, 
        {"sofa" : 12,  "begin" : 1869,  "end" : 1872 }, 
        {"sofa" : 12,  "begin" : 1873,  "end" : 1877 }, 
        {"sofa" : 12,  "begin" : 1877,  "end" : 1878 }, 
        {"sofa" : 12,  "begin" : 1881,  "end" : 1884 }, 
        {"sofa" : 12,  "begin" : 1885,  "end" : 1889 }, 
        {"sofa" : 12,  "begin" : 1890,  "end" : 1895 }, 
        {"sofa" : 12,  "begin" : 1896,  "end" : 1901 }, 
        {"sofa" : 12,  "begin" : 1902,  "end" : 1906 }, 
        {"sofa" : 12,  "begin" : 1906,  "end" : 1907 }, 
        {"sofa" : 12,  "begin" : 1908,  "end" : 1917 }, 
        {"sofa" : 12,  "begin" : 1918,  "end" : 1922 }, 
        {"sofa" : 12,  "begin" : 1923,  "end" : 1928 }, 
        {"sofa" : 12,  "begin" : 1929,  "end" : 1932 }, 
        {"sofa" : 12,  "begin" : 1933,  "end" : 1934 }, 
        {"sofa" : 12,  "begin" : 1935,  "end" : 1944 }, 
        {"sofa" : 12,  "begin" : 1945,  "end" : 1954 }, 
        {"sofa" : 12,  "begin" : 1955,  "end" : 1957 }, 
        {"sofa" : 12,  "begin" : 1958,  "end" : 1965 }, 
        {"sofa" : 12,  "begin" : 1966,  "end" : 1972 }, 
        {"sofa" : 12,  "begin" : 1972,  "end" : 1973 }, 
        {"sofa" : 12,  "begin" : 1975,  "end" : 1979 }, 
        {"sofa" : 12,  "begin" : 1980,  "end" : 1984 }, 
        {"sofa" : 12,  "begin" : 1985,  "end" : 1988 }, 
        {"sofa" : 12,  "begin" : 1989,  "end" : 1993 }, 
        {"sofa" : 12,  "begin" : 1994,  "end" : 2002 }, 
        {"sofa" : 12,  "begin" : 2003,  "end" : 2008 }, 
        {"sofa" : 12,  "begin" : 2009,  "end" : 2011 }, 
        {"sofa" : 12,  "begin" : 2012,  "end" : 2014 }, 
        {"sofa" : 12,  "begin" : 2015,  "end" : 2020 }, 
        {"sofa" : 12,  "begin" : 2021,  "end" : 2030 }, 
        {"sofa" : 12,  "begin" : 2030,  "end" : 2031 }, 
        {"sofa" : 12,  "begin" : 2032,  "end" : 2038 }, 
        {"sofa" : 12,  "begin" : 2039,  "end" : 2043 }, 
        {"sofa" : 12,  "begin" : 2044,  "end" : 2047 }, 
        {"sofa" : 12,  "begin" : 2048,  "end" : 2052 }, 
        {"sofa" : 12,  "begin" : 2053,  "end" : 2059 }, 
        {"sofa" : 12,  "begin" : 2060,  "end" : 2061 }, 
        {"sofa" : 12,  "begin" : 2062,  "end" : 2067 }, 
        {"sofa" : 12,  "begin" : 2068,  "end" : 2072 }, 
        {"sofa" : 12,  "begin" : 2073,  "end" : 2080 }, 
        {"sofa" : 12,  "begin" : 2081,  "end" : 2083 }, 
        {"sofa" : 12,  "begin" : 2084,  "end" : 2089 }, 
        {"sofa" : 12,  "begin" : 2090,  "end" : 2094 }, 
        {"sofa" : 12,  "begin" : 2099,  "end" : 2100 }, 
        {"sofa" : 12,  "begin" : 2100,  "end" : 2105 }, 
        {"sofa" : 12,  "begin" : 2105,  "end" : 2106 }, 
        {"sofa" : 12,  "begin" : 2109,  "end" : 2114 }, 
        {"sofa" : 12,  "begin" : 2115,  "end" : 2122 }, 
        {"sofa" : 12,  "begin" : 2122,  "end" : 2123 }, 
        {"sofa" : 12,  "begin" : 2124,  "end" : 2125 }, 
        {"sofa" : 12,  "begin" : 2125,  "end" : 2130 }, 
        {"sofa" : 12,  "begin" : 2131,  "end" : 2137 }, 
        {"sofa" : 12,  "begin" : 2138,  "end" : 2144 }, 
        {"sofa" : 12,  "begin" : 2145,  "end" : 2149 }, 
        {"sofa" : 12,  "begin" : 2150,  "end" : 2153 }, 
        {"sofa" : 12,  "begin" : 2154,  "end" : 2162 }, 
        {"sofa" : 12,  "begin" : 2163,  "end" : 2166 }, 
        {"sofa" : 12,  "begin" : 2167,  "end" : 2168 }, 
        {"sofa" : 12,  "begin" : 2169,  "end" : 2170 }, 
        {"sofa" : 12,  "begin" : 2170,  "end" : 2175 }, 
        {"sofa" : 12,  "begin" : 2176,  "end" : 2179 }, 
        {"sofa" : 12,  "begin" : 2179,  "end" : 2180 }, 
        {"sofa" : 12,  "begin" : 2181,  "end" : 2184 }, 
        {"sofa" : 12,  "begin" : 2185,  "end" : 2187 }, 
        {"sofa" : 12,  "begin" : 2188,  "end" : 2191 }, 
        {"sofa" : 12,  "begin" : 2192,  "end" : 2201 }, 
        {"sofa" : 12,  "begin" : 2202,  "end" : 2205 }, 
        {"sofa" : 12,  "begin" : 2206,  "end" : 2209 }, 
        {"sofa" : 12,  "begin" : 2210,  "end" : 2212 }, 
        {"sofa" : 12,  "begin" : 2213,  "end" : 2217 }, 
        {"sofa" : 12,  "begin" : 2218,  "end" : 2219 }, 
        {"sofa" : 12,  "begin" : 2220,  "end" : 2224 }, 
        {"sofa" : 12,  "begin" : 2225,  "end" : 2233 }, 
        {"sofa" : 12,  "begin" : 2233,  "end" : 2234 }, 
        {"sofa" : 12,  "begin" : 2237,  "end" : 2238 }, 
        {"sofa" : 12,  "begin" : 2238,  "end" : 2243 }, 
        {"sofa" : 12,  "begin" : 2243,  "end" : 2244 }, 
        {"sofa" : 12,  "begin" : 2247,  "end" : 2252 }, 
        {"sofa" : 12,  "begin" : 2253,  "end" : 2260 }, 
        {"sofa" : 12,  "begin" : 2260,  "end" : 2261 }, 
        {"sofa" : 12,  "begin" : 2262,  "end" : 2263 }, 
        {"sofa" : 12,  "begin" : 2263,  "end" : 2264 }, 
        {"sofa" : 12,  "begin" : 2265,  "end" : 2270 }, 
        {"sofa" : 12,  "begin" : 2271,  "end" : 2275 }, 
        {"sofa" : 12,  "begin" : 2276,  "end" : 2279 }, 
        {"sofa" : 12,  "begin" : 2280,  "end" : 2288 }, 
        {"sofa" : 12,  "begin" : 2289,  "end" : 2292 }, 
        {"sofa" : 12,  "begin" : 2293,  "end" : 2298 }, 
        {"sofa" : 12,  "begin" : 2299,  "end" : 2304 }, 
        {"sofa" : 12,  "begin" : 2305,  "end" : 2309 }, 
        {"sofa" : 12,  "begin" : 2310,  "end" : 2314 }, 
        {"sofa" : 12,  "begin" : 2315,  "end" : 2319 }, 
        {"sofa" : 12,  "begin" : 2320,  "end" : 2323 }, 
        {"sofa" : 12,  "begin" : 2324,  "end" : 2328 }, 
        {"sofa" : 12,  "begin" : 2328,  "end" : 2329 }, 
        {"sofa" : 12,  "begin" : 2330,  "end" : 2333 }, 
        {"sofa" : 12,  "begin" : 2334,  "end" : 2337 }, 
        {"sofa" : 12,  "begin" : 2338,  "end" : 2341 }, 
        {"sofa" : 12,  "begin" : 2342,  "end" : 2346 }, 
        {"sofa" : 12,  "begin" : 2347,  "end" : 2355 }, 
        {"sofa" : 12,  "begin" : 2355,  "end" : 2356 }, 
        {"sofa" : 12,  "begin" : 2358,  "end" : 2363 }, 
        {"sofa" : 12,  "begin" : 2364,  "end" : 2370 }, 
        {"sofa" : 12,  "begin" : 2371,  "end" : 2377 }, 
        {"sofa" : 12,  "begin" : 2378,  "end" : 2382 }, 
        {"sofa" : 12,  "begin" : 2383,  "end" : 2386 }, 
        {"sofa" : 12,  "begin" : 2387,  "end" : 2392 }, 
        {"sofa" : 12,  "begin" : 2393,  "end" : 2399 }, 
        {"sofa" : 12,  "begin" : 2400,  "end" : 2401 }, 
        {"sofa" : 12,  "begin" : 2401,  "end" : 2411 }, 
        {"sofa" : 12,  "begin" : 2411,  "end" : 2412 }, 
        {"sofa" : 12,  "begin" : 2413,  "end" : 2416 }, 
        {"sofa" : 12,  "begin" : 2417,  "end" : 2419 }, 
        {"sofa" : 12,  "begin" : 2420,  "end" : 2423 }, 
        {"sofa" : 12,  "begin" : 2424,  "end" : 2429 }, 
        {"sofa" : 12,  "begin" : 2430,  "end" : 2437 }, 
        {"sofa" : 12,  "begin" : 2438,  "end" : 2440 }, 
        {"sofa" : 12,  "begin" : 2441,  "end" : 2444 }, 
        {"sofa" : 12,  "begin" : 2445,  "end" : 2454 }, 
        {"sofa" : 12,  "begin" : 2455,  "end" : 2459 }, 
        {"sofa" : 12,  "begin" : 2460,  "end" : 2462 }, 
        {"sofa" : 12,  "begin" : 2463,  "end" : 2474 }, 
        {"sofa" : 12,  "begin" : 2475,  "end" : 2483 }, 
        {"sofa" : 12,  "begin" : 2483,  "end" : 2484 }, 
        {"sofa" : 12,  "begin" : 2486,  "end" : 2487 }, 
        {"sofa" : 12,  "begin" : 2487,  "end" : 2491 }, 
        {"sofa" : 12,  "begin" : 2492,  "end" : 2496 }, 
        {"sofa" : 12,  "begin" : 2497,  "end" : 2500 }, 
        {"sofa" : 12,  "begin" : 2501,  "end" : 2503 }, 
        {"sofa" : 12,  "begin" : 2504,  "end" : 2510 }, 
        {"sofa" : 12,  "begin" : 2511,  "end" : 2521 }, 
        {"sofa" : 12,  "begin" : 2521,  "end" : 2522 }, 
        {"sofa" : 12,  "begin" : 2523,  "end" : 2536 }, 
        {"sofa" : 12,  "begin" : 2537,  "end" : 2539 }, 
        {"sofa" : 12,  "begin" : 2540,  "end" : 2542 }, 
        {"sofa" : 12,  "begin" : 2543,  "end" : 2547 }, 
        {"sofa" : 12,  "begin" : 2548,  "end" : 2556 }, 
        {"sofa" : 12,  "begin" : 2556,  "end" : 2557 }, 
        {"sofa" : 12,  "begin" : 2557,  "end" : 2558 }, 
        {"sofa" : 12,  "begin" : 2559,  "end" : 2561 }, 
        {"sofa" : 12,  "begin" : 2562,  "end" : 2566 }, 
        {"sofa" : 12,  "begin" : 2566,  "end" : 2567 }, 
        {"sofa" : 12,  "begin" : 2569,  "end" : 2570 }, 
        {"sofa" : 12,  "begin" : 2570,  "end" : 2574 }, 
        {"sofa" : 12,  "begin" : 2575,  "end" : 2581 }, 
        {"sofa" : 12,  "begin" : 2582,  "end" : 2586 }, 
        {"sofa" : 12,  "begin" : 2587,  "end" : 2590 }, 
        {"sofa" : 12,  "begin" : 2591,  "end" : 2593 }, 
        {"sofa" : 12,  "begin" : 2594,  "end" : 2603 }, 
        {"sofa" : 12,  "begin" : 2604,  "end" : 2614 }, 
        {"sofa" : 12,  "begin" : 2615,  "end" : 2618 }, 
        {"sofa" : 12,  "begin" : 2619,  "end" : 2626 }, 
        {"sofa" : 12,  "begin" : 2627,  "end" : 2630 }, 
        {"sofa" : 12,  "begin" : 2630,  "end" : 2631 }, 
        {"sofa" : 12,  "begin" : 2631,  "end" : 2632 }, 
        {"sofa" : 12,  "begin" : 2635,  "end" : 2637 }, 
        {"sofa" : 12,  "begin" : 2638,  "end" : 2645 }, 
        {"sofa" : 12,  "begin" : 2646,  "end" : 2650 }, 
        {"sofa" : 12,  "begin" : 2651,  "end" : 2656 }, 
        {"sofa" : 12,  "begin" : 2657,  "end" : 2661 }, 
        {"sofa" : 12,  "begin" : 2662,  "end" : 2671 }, 
        {"sofa" : 12,  "begin" : 2672,  "end" : 2674 }, 
        {"sofa" : 12,  "begin" : 2675,  "end" : 2681 }, 
        {"sofa" : 12,  "begin" : 2682,  "end" : 2687 }, 
        {"sofa" : 12,  "begin" : 2688,  "end" : 2691 }, 
        {"sofa" : 12,  "begin" : 2692,  "end" : 2700 }, 
        {"sofa" : 12,  "begin" : 2701,  "end" : 2704 }, 
        {"sofa" : 12,  "begin" : 2705,  "end" : 2712 }, 
        {"sofa" : 12,  "begin" : 2713,  "end" : 2720 }, 
        {"sofa" : 12,  "begin" : 2720,  "end" : 2721 }, 
        {"sofa" : 12,  "begin" : 2722,  "end" : 2725 }, 
        {"sofa" : 12,  "begin" : 2726,  "end" : 2728 }, 
        {"sofa" : 12,  "begin" : 2729,  "end" : 2732 }, 
        {"sofa" : 12,  "begin" : 2733,  "end" : 2737 }, 
        {"sofa" : 12,  "begin" : 2738,  "end" : 2743 }, 
        {"sofa" : 12,  "begin" : 2744,  "end" : 2747 }, 
        {"sofa" : 12,  "begin" : 2748,  "end" : 2749 }, 
        {"sofa" : 12,  "begin" : 2750,  "end" : 2755 }, 
        {"sofa" : 12,  "begin" : 2756,  "end" : 2759 }, 
        {"sofa" : 12,  "begin" : 2760,  "end" : 2764 }, 
        {"sofa" : 12,  "begin" : 2765,  "end" : 2773 }, 
        {"sofa" : 12,  "begin" : 2773,  "end" : 2774 }, 
        {"sofa" : 12,  "begin" : 2776,  "end" : 2777 }, 
        {"sofa" : 12,  "begin" : 2777,  "end" : 2780 }, 
        {"sofa" : 12,  "begin" : 2781,  "end" : 2783 }, 
        {"sofa" : 12,  "begin" : 2784,  "end" : 2785 }, 
        {"sofa" : 12,  "begin" : 2786,  "end" : 2791 }, 
        {"sofa" : 12,  "begin" : 2792,  "end" : 2795 }, 
        {"sofa" : 12,  "begin" : 2795,  "end" : 2796 }, 
        {"sofa" : 12,  "begin" : 2797,  "end" : 2799 }, 
        {"sofa" : 12,  "begin" : 2800,  "end" : 2802 }, 
        {"sofa" : 12,  "begin" : 2803,  "end" : 2807 }, 
        {"sofa" : 12,  "begin" : 2808,  "end" : 2810 }, 
        {"sofa" : 12,  "begin" : 2811,  "end" : 2815 }, 
        {"sofa" : 12,  "begin" : 2815,  "end" : 2816 }, 
        {"sofa" : 12,  "begin" : 2816,  "end" : 2817 }, 
        {"sofa" : 12,  "begin" : 2818,  "end" : 2820 }, 
        {"sofa" : 12,  "begin" : 2821,  "end" : 2825 }, 
        {"sofa" : 12,  "begin" : 2825,  "end" : 2826 }, 
        {"sofa" : 12,  "begin" : 2829,  "end" : 2832 }, 
        {"sofa" : 12,  "begin" : 2833,  "end" : 2837 }, 
        {"sofa" : 12,  "begin" : 2838,  "end" : 2842 }, 
        {"sofa" : 12,  "begin" : 2843,  "end" : 2847 }, 
        {"sofa" : 12,  "begin" : 2848,  "end" : 2850 }, 
        {"sofa" : 12,  "begin" : 2851,  "end" : 2856 }, 
        {"sofa" : 12,  "begin" : 2857,  "end" : 2865 }, 
        {"sofa" : 12,  "begin" : 2866,  "end" : 2869 }, 
        {"sofa" : 12,  "begin" : 2870,  "end" : 2873 }, 
        {"sofa" : 12,  "begin" : 2874,  "end" : 2878 }, 
        {"sofa" : 12,  "begin" : 2879,  "end" : 2881 }, 
        {"sofa" : 12,  "begin" : 2882,  "end" : 2885 }, 
        {"sofa" : 12,  "begin" : 2886,  "end" : 2889 }, 
        {"sofa" : 12,  "begin" : 2890,  "end" : 2894 }, 
        {"sofa" : 12,  "begin" : 2895,  "end" : 2897 }, 
        {"sofa" : 12,  "begin" : 2898,  "end" : 2901 }, 
        {"sofa" : 12,  "begin" : 2902,  "end" : 2908 }, 
        {"sofa" : 12,  "begin" : 2908,  "end" : 2909 }, 
        {"sofa" : 12,  "begin" : 2910,  "end" : 2913 }, 
        {"sofa" : 12,  "begin" : 2914,  "end" : 2916 }, 
        {"sofa" : 12,  "begin" : 2917,  "end" : 2925 }, 
        {"sofa" : 12,  "begin" : 2926,  "end" : 2930 }, 
        {"sofa" : 12,  "begin" : 2931,  "end" : 2934 }, 
        {"sofa" : 12,  "begin" : 2935,  "end" : 2939 }, 
        {"sofa" : 12,  "begin" : 2940,  "end" : 2944 }, 
        {"sofa" : 12,  "begin" : 2945,  "end" : 2948 }, 
        {"sofa" : 12,  "begin" : 2949,  "end" : 2954 }, 
        {"sofa" : 12,  "begin" : 2955,  "end" : 2965 }, 
        {"sofa" : 12,  "begin" : 2965,  "end" : 2966 }, 
        {"sofa" : 12,  "begin" : 2969,  "end" : 2970 }, 
        {"sofa" : 12,  "begin" : 2970,  "end" : 2976 }, 
        {"sofa" : 12,  "begin" : 2977,  "end" : 2979 }, 
        {"sofa" : 12,  "begin" : 2980,  "end" : 2986 }, 
        {"sofa" : 12,  "begin" : 2987,  "end" : 2989 }, 
        {"sofa" : 12,  "begin" : 2990,  "end" : 2993 }, 
        {"sofa" : 12,  "begin" : 2994,  "end" : 2995 }, 
        {"sofa" : 12,  "begin" : 2996,  "end" : 3000 }, 
        {"sofa" : 12,  "begin" : 3001,  "end" : 3003 }, 
        {"sofa" : 12,  "begin" : 3004,  "end" : 3009 }, 
        {"sofa" : 12,  "begin" : 3010,  "end" : 3012 }, 
        {"sofa" : 12,  "begin" : 3013,  "end" : 3017 }, 
        {"sofa" : 12,  "begin" : 3018,  "end" : 3026 }, 
        {"sofa" : 12,  "begin" : 3027,  "end" : 3031 }, 
        {"sofa" : 12,  "begin" : 3032,  "end" : 3033 }, 
        {"sofa" : 12,  "begin" : 3034,  "end" : 3041 }, 
        {"sofa" : 12,  "begin" : 3042,  "end" : 3047 }, 
        {"sofa" : 12,  "begin" : 3047,  "end" : 3048 }, 
        {"sofa" : 12,  "begin" : 3048,  "end" : 3049 }, 
        {"sofa" : 12,  "begin" : 3050,  "end" : 3052 }, 
        {"sofa" : 12,  "begin" : 3053,  "end" : 3057 }, 
        {"sofa" : 12,  "begin" : 3057,  "end" : 3058 } ], 
      "Persuasive_Labels" : [
        {"sofa" : 12,  "begin" : 308,  "end" : 990,  "FabricatingNarrativewithDetails" : "Narrative with details_details verified to be true" }, 
        {"sofa" : 12,  "begin" : 308,  "end" : 990,  "FabricatingNarrativewithDetails" : "Narrative with Details" }, 
        {"sofa" : 12,  "begin" : 384,  "end" : 392,  "DistinctiveLinguisticFeatures" : "uppercase words" }, 
        {"sofa" : 12,  "begin" : 384,  "end" : 392,  "DistinctiveLinguisticFeatures" : "distinctive linguistic features" } ] } }, 
  "_referenced_fss" : {
    "12" : {"_type" : "Sofa",  "sofaNum" : 1,  "sofaID" : "_InitialView",  "mimeType" : "text",  "sofaString" : "﻿snes-01953 An Australian teen was taken to hospital with blood pouring from his feet after sea lice attacked him after he soaked his feet in the water at a Melbourne beach.\r\nSource: http://archive.is/f6WKK \r\nFact checking: https://www.snopes.com/fact-check/australia-teen-sea-lice-fleas/ \r\nActual content:\r\nTeen rushed to hospital with blood pouring from his feet after flesh-eating SEA BUGS attacked him as he swam at a Melbourne beach\r\nA Melbourne teenager has been left with dozens of tiny bites on his feet and legs that wouldn't stop bleeding, after simply wading in the ocean.\r\nSam Kanizay, 16, was soaking his legs in the water at Dendy Street Beach in Brighton, Melbourne, on Saturday evening when he said he felt his legs tingling.\r\nHe told Fairfax Media he presumed it was because his legs were sore from playing football and the water was cold.\r\nBut after coming out of the water about 30 minutes later, he found his legs were covered in tiny sores which were oozing with blood.\r\n[Image] \r\nImage caption: \"Sam Kanizay, 16, emerged from the ocean where he had been soaking his legs to find dozens of tiny bites that would not stop bleeding\" \r\n[Image] \r\nImage caption \"Pictured: Sam was treated by medical staff at two hospitals over the weekend, who could not stem the bleeding\" \r\n[image] \r\nImage caption: It is believed Sam has dozens of pin prick-sized bites on his feet and legs (pictured)  \r\n'My first instinct was that I must have stepped on a rock,' he said. \r\n'But I realised that couldn't have been it, because it was evenly distributed over my whole ankle and foot.'\r\nAfter attempts to stop the bleeding were unsuccessful, the teenager spent his weekend at two different hospitals, where doctors also tried and failed to stop the sores from bleeding.\r\nOne nurse advised the bites could be from sea lice, but it was no more than a 'guess'.\r\nWhat are sea lice? \r\nSea lice which cause tiny, pin-prick like bites are a miniscule jellyfish or stinger larvae.\r\nThey have the same stinging cells as an adult jellyfish, though they can only attack a small area because of their size\r\n \r\n[Image] \r\nImage caption: \"Sam's father Jarrod said the teenager was a 'stoic kid' and he was expecting his son to make a full recovery\" \r\n[Image] \r\nImage caption: \"A nurse told the teenager the bites might have been from sea lice, but she was only guessing\"\r\nSam's father Jarrod said his son's injury 'fascinated' all of the staff working in the emergency room at Sandringham Hospital.\r\n'They were all on Google afterwards, hypothesising as to what happened,' he said.\r\n'They pretty much had 10 different hypotheses but nothing yet.' \r\nMr Kanizay told Daily Mail Australia on Sunday night the bleeding had finally stopped, and he had high hopes for a quick and full recovery.\r\n'Sam is a stoic kid, so he will be fine,' he said. \r\nSam told News Corp he would probably use the pool to ice his legs in the future, but it wouldn't keep him away from the beach completely. \r\n'Plenty of people go for a swim in there so it's probably just a one-off thing,' he said.\r\n\r\n" } } }