{"_context" : {
    "_types" : {
      "DocumentMetaData" : {
        "_feature_types" : {"sofa" : "_ref" } }, 
      "Persuasive_Labels" : {
        "_feature_types" : {"sofa" : "_ref" } }, 
      "Sentence" : {
        "_feature_types" : {"sofa" : "_ref" } }, 
      "Sofa" : {
        "_feature_types" : {"sofaArray" : "_ref" } }, 
      "TagsetDescription" : {
        "_feature_types" : {"sofa" : "_ref",  "tags" : "_ref" } }, 
      "Token" : {
        "_feature_types" : {"sofa" : "_ref",  "parent" : "_ref",  "lemma" : "_ref",  "stem" : "_ref",  "pos" : "_ref",  "morph" : "_ref",  "form" : "_ref" } }, 
      "DocumentAnnotation" : {
        "_feature_types" : {"sofa" : "_ref" }, 
        "_subtypes" : ["DocumentMetaData" ] }, 
      "Annotation" : {
        "_feature_types" : {"sofa" : "_ref" }, 
        "_subtypes" : ["DocumentAnnotation",  "Persuasive_Labels",  "Sentence",  "TagsetDescription",  "Token" ] }, 
      "AnnotationBase" : {
        "_feature_types" : {"sofa" : "_ref" }, 
        "_subtypes" : ["Annotation" ] }, 
      "TOP" : {
        "_subtypes" : ["AnnotationBase",  "Sofa" ] } } }, 
  "_views" : {
    "_InitialView" : {
      "DocumentMetaData" : [
        {"sofa" : 12,  "end" : 4213,  "language" : "x-unspecified",  "documentTitle" : "152.%20tron-01833%20Dr.%20David%20Hager%20nominated%20for%20FDA%20panel%20.txt",  "documentId" : "admin",  "documentUri" : "file:/C:/Users/huiyi/.webanno/repository/project/4/document/575/source/admin",  "collectionId" : "file:/C:/Users/huiyi/.webanno/repository/project/4/document/575/source/",  "documentBaseUri" : "file:/C:/Users/huiyi/.webanno/repository/project/4/document/575/source/",  "isLastSegment" : false } ], 
      "TagsetDescription" : [
        {"sofa" : 12,  "layer" : "de.tudarmstadt.ukp.dkpro.core.api.syntax.type.dependency.Dependency",  "name" : "UD Universal Dependencies (v2)",  "input" : false }, 
        {"sofa" : 12,  "layer" : "de.tudarmstadt.ukp.dkpro.core.api.ner.type.NamedEntity",  "name" : "Named Entity tags",  "input" : false }, 
        {"sofa" : 12,  "layer" : "de.tudarmstadt.ukp.dkpro.core.api.transform.type.SofaChangeAnnotation",  "name" : "Operation",  "input" : false }, 
        {"sofa" : 12,  "layer" : "de.tudarmstadt.ukp.dkpro.core.api.lexmorph.type.pos.POS",  "name" : "UD Universal POS tags (v2)",  "input" : false }, 
        {"sofa" : 12,  "layer" : "webanno.custom.Persuasive_Labels",  "name" : "2. Using Anecdotes and Personal Experience as Evidence",  "input" : false } ], 
      "Sentence" : [
        {"sofa" : 12,  "end" : 15 }, 
        {"sofa" : 12,  "begin" : 16,  "end" : 325 }, 
        {"sofa" : 12,  "begin" : 327,  "end" : 378 }, 
        {"sofa" : 12,  "begin" : 379,  "end" : 381 }, 
        {"sofa" : 12,  "begin" : 382,  "end" : 492 }, 
        {"sofa" : 12,  "begin" : 493,  "end" : 585 }, 
        {"sofa" : 12,  "begin" : 586,  "end" : 685 }, 
        {"sofa" : 12,  "begin" : 686,  "end" : 740 }, 
        {"sofa" : 12,  "begin" : 744,  "end" : 1087 }, 
        {"sofa" : 12,  "begin" : 1088,  "end" : 1091 }, 
        {"sofa" : 12,  "begin" : 1092,  "end" : 1207 }, 
        {"sofa" : 12,  "begin" : 1211,  "end" : 1214 }, 
        {"sofa" : 12,  "begin" : 1215,  "end" : 1339 }, 
        {"sofa" : 12,  "begin" : 1340,  "end" : 1420 }, 
        {"sofa" : 12,  "begin" : 1421,  "end" : 1519 }, 
        {"sofa" : 12,  "begin" : 1520,  "end" : 1535 }, 
        {"sofa" : 12,  "begin" : 1536,  "end" : 1716 }, 
        {"sofa" : 12,  "begin" : 1717,  "end" : 1869 }, 
        {"sofa" : 12,  "begin" : 1870,  "end" : 1991 }, 
        {"sofa" : 12,  "begin" : 1995,  "end" : 2036 }, 
        {"sofa" : 12,  "begin" : 2037,  "end" : 2174 }, 
        {"sofa" : 12,  "begin" : 2175,  "end" : 2353 }, 
        {"sofa" : 12,  "begin" : 2357,  "end" : 2716 }, 
        {"sofa" : 12,  "begin" : 2717,  "end" : 2862 }, 
        {"sofa" : 12,  "begin" : 2866,  "end" : 3017 }, 
        {"sofa" : 12,  "begin" : 3018,  "end" : 3043 }, 
        {"sofa" : 12,  "begin" : 3044,  "end" : 3204 }, 
        {"sofa" : 12,  "begin" : 3205,  "end" : 3376 }, 
        {"sofa" : 12,  "begin" : 3377,  "end" : 3468 }, 
        {"sofa" : 12,  "begin" : 3469,  "end" : 3593 }, 
        {"sofa" : 12,  "begin" : 3594,  "end" : 3625 }, 
        {"sofa" : 12,  "begin" : 3629,  "end" : 3645 }, 
        {"sofa" : 12,  "begin" : 3647,  "end" : 3649 }, 
        {"sofa" : 12,  "begin" : 3650,  "end" : 3718 }, 
        {"sofa" : 12,  "begin" : 3719,  "end" : 3836 }, 
        {"sofa" : 12,  "begin" : 3840,  "end" : 3996 }, 
        {"sofa" : 12,  "begin" : 3997,  "end" : 4059 }, 
        {"sofa" : 12,  "begin" : 4060,  "end" : 4105 }, 
        {"sofa" : 12,  "begin" : 4106,  "end" : 4211 } ], 
      "Token" : [
        {"sofa" : 12,  "end" : 5 }, 
        {"sofa" : 12,  "begin" : 5,  "end" : 6 }, 
        {"sofa" : 12,  "begin" : 6,  "end" : 11 }, 
        {"sofa" : 12,  "begin" : 12,  "end" : 14 }, 
        {"sofa" : 12,  "begin" : 14,  "end" : 15 }, 
        {"sofa" : 12,  "begin" : 16,  "end" : 21 }, 
        {"sofa" : 12,  "begin" : 22,  "end" : 27 }, 
        {"sofa" : 12,  "begin" : 28,  "end" : 37 }, 
        {"sofa" : 12,  "begin" : 38,  "end" : 41 }, 
        {"sofa" : 12,  "begin" : 42,  "end" : 45 }, 
        {"sofa" : 12,  "begin" : 46,  "end" : 51 }, 
        {"sofa" : 12,  "begin" : 54,  "end" : 60 }, 
        {"sofa" : 12,  "begin" : 61,  "end" : 66 }, 
        {"sofa" : 12,  "begin" : 66,  "end" : 67 }, 
        {"sofa" : 12,  "begin" : 67,  "end" : 68 }, 
        {"sofa" : 12,  "begin" : 68,  "end" : 69 }, 
        {"sofa" : 12,  "begin" : 69,  "end" : 83 }, 
        {"sofa" : 12,  "begin" : 83,  "end" : 84 }, 
        {"sofa" : 12,  "begin" : 84,  "end" : 94 }, 
        {"sofa" : 12,  "begin" : 94,  "end" : 95 }, 
        {"sofa" : 12,  "begin" : 95,  "end" : 108 }, 
        {"sofa" : 12,  "begin" : 108,  "end" : 109 }, 
        {"sofa" : 12,  "begin" : 112,  "end" : 116 }, 
        {"sofa" : 12,  "begin" : 117,  "end" : 125 }, 
        {"sofa" : 12,  "begin" : 125,  "end" : 126 }, 
        {"sofa" : 12,  "begin" : 127,  "end" : 132 }, 
        {"sofa" : 12,  "begin" : 132,  "end" : 133 }, 
        {"sofa" : 12,  "begin" : 133,  "end" : 134 }, 
        {"sofa" : 12,  "begin" : 134,  "end" : 135 }, 
        {"sofa" : 12,  "begin" : 135,  "end" : 157 }, 
        {"sofa" : 12,  "begin" : 157,  "end" : 158 }, 
        {"sofa" : 12,  "begin" : 158,  "end" : 163 }, 
        {"sofa" : 12,  "begin" : 163,  "end" : 164 }, 
        {"sofa" : 12,  "begin" : 167,  "end" : 173 }, 
        {"sofa" : 12,  "begin" : 174,  "end" : 181 }, 
        {"sofa" : 12,  "begin" : 181,  "end" : 182 }, 
        {"sofa" : 12,  "begin" : 185,  "end" : 194 }, 
        {"sofa" : 12,  "begin" : 195,  "end" : 196 }, 
        {"sofa" : 12,  "begin" : 197,  "end" : 204 }, 
        {"sofa" : 12,  "begin" : 205,  "end" : 211 }, 
        {"sofa" : 12,  "begin" : 212,  "end" : 217 }, 
        {"sofa" : 12,  "begin" : 219,  "end" : 226 }, 
        {"sofa" : 12,  "begin" : 227,  "end" : 233 }, 
        {"sofa" : 12,  "begin" : 234,  "end" : 239 }, 
        {"sofa" : 12,  "begin" : 240,  "end" : 242 }, 
        {"sofa" : 12,  "begin" : 243,  "end" : 247 }, 
        {"sofa" : 12,  "begin" : 248,  "end" : 250 }, 
        {"sofa" : 12,  "begin" : 251,  "end" : 254 }, 
        {"sofa" : 12,  "begin" : 255,  "end" : 260 }, 
        {"sofa" : 12,  "begin" : 261,  "end" : 263 }, 
        {"sofa" : 12,  "begin" : 264,  "end" : 271 }, 
        {"sofa" : 12,  "begin" : 272,  "end" : 284 }, 
        {"sofa" : 12,  "begin" : 285,  "end" : 291 }, 
        {"sofa" : 12,  "begin" : 291,  "end" : 292 }, 
        {"sofa" : 12,  "begin" : 293,  "end" : 299 }, 
        {"sofa" : 12,  "begin" : 300,  "end" : 308 }, 
        {"sofa" : 12,  "begin" : 309,  "end" : 312 }, 
        {"sofa" : 12,  "begin" : 313,  "end" : 322 }, 
        {"sofa" : 12,  "begin" : 322,  "end" : 323 }, 
        {"sofa" : 12,  "begin" : 323,  "end" : 324 }, 
        {"sofa" : 12,  "begin" : 324,  "end" : 325 }, 
        {"sofa" : 12,  "begin" : 327,  "end" : 336 }, 
        {"sofa" : 12,  "begin" : 337,  "end" : 341 }, 
        {"sofa" : 12,  "begin" : 342,  "end" : 345 }, 
        {"sofa" : 12,  "begin" : 346,  "end" : 355 }, 
        {"sofa" : 12,  "begin" : 356,  "end" : 359 }, 
        {"sofa" : 12,  "begin" : 360,  "end" : 364 }, 
        {"sofa" : 12,  "begin" : 365,  "end" : 367 }, 
        {"sofa" : 12,  "begin" : 368,  "end" : 374 }, 
        {"sofa" : 12,  "begin" : 375,  "end" : 377 }, 
        {"sofa" : 12,  "begin" : 377,  "end" : 378 }, 
        {"sofa" : 12,  "begin" : 379,  "end" : 380 }, 
        {"sofa" : 12,  "begin" : 380,  "end" : 381 }, 
        {"sofa" : 12,  "begin" : 382,  "end" : 387 }, 
        {"sofa" : 12,  "begin" : 388,  "end" : 393 }, 
        {"sofa" : 12,  "begin" : 394,  "end" : 396 }, 
        {"sofa" : 12,  "begin" : 397,  "end" : 401 }, 
        {"sofa" : 12,  "begin" : 402,  "end" : 404 }, 
        {"sofa" : 12,  "begin" : 405,  "end" : 408 }, 
        {"sofa" : 12,  "begin" : 409,  "end" : 413 }, 
        {"sofa" : 12,  "begin" : 414,  "end" : 417 }, 
        {"sofa" : 12,  "begin" : 418,  "end" : 422 }, 
        {"sofa" : 12,  "begin" : 424,  "end" : 440 }, 
        {"sofa" : 12,  "begin" : 441,  "end" : 442 }, 
        {"sofa" : 12,  "begin" : 442,  "end" : 445 }, 
        {"sofa" : 12,  "begin" : 445,  "end" : 446 }, 
        {"sofa" : 12,  "begin" : 447,  "end" : 459 }, 
        {"sofa" : 12,  "begin" : 460,  "end" : 466 }, 
        {"sofa" : 12,  "begin" : 467,  "end" : 472 }, 
        {"sofa" : 12,  "begin" : 473,  "end" : 481 }, 
        {"sofa" : 12,  "begin" : 482,  "end" : 491 }, 
        {"sofa" : 12,  "begin" : 491,  "end" : 492 }, 
        {"sofa" : 12,  "begin" : 493,  "end" : 496 }, 
        {"sofa" : 12,  "begin" : 497,  "end" : 506 }, 
        {"sofa" : 12,  "begin" : 507,  "end" : 510 }, 
        {"sofa" : 12,  "begin" : 511,  "end" : 514 }, 
        {"sofa" : 12,  "begin" : 515,  "end" : 518 }, 
        {"sofa" : 12,  "begin" : 519,  "end" : 522 }, 
        {"sofa" : 12,  "begin" : 523,  "end" : 527 }, 
        {"sofa" : 12,  "begin" : 528,  "end" : 532 }, 
        {"sofa" : 12,  "begin" : 533,  "end" : 536 }, 
        {"sofa" : 12,  "begin" : 537,  "end" : 542 }, 
        {"sofa" : 12,  "begin" : 542,  "end" : 543 }, 
        {"sofa" : 12,  "begin" : 544,  "end" : 550 }, 
        {"sofa" : 12,  "begin" : 551,  "end" : 556 }, 
        {"sofa" : 12,  "begin" : 557,  "end" : 561 }, 
        {"sofa" : 12,  "begin" : 562,  "end" : 565 }, 
        {"sofa" : 12,  "begin" : 566,  "end" : 573 }, 
        {"sofa" : 12,  "begin" : 574,  "end" : 577 }, 
        {"sofa" : 12,  "begin" : 578,  "end" : 584 }, 
        {"sofa" : 12,  "begin" : 584,  "end" : 585 }, 
        {"sofa" : 12,  "begin" : 586,  "end" : 588 }, 
        {"sofa" : 12,  "begin" : 589,  "end" : 590 }, 
        {"sofa" : 12,  "begin" : 591,  "end" : 597 }, 
        {"sofa" : 12,  "begin" : 597,  "end" : 598 }, 
        {"sofa" : 12,  "begin" : 599,  "end" : 602 }, 
        {"sofa" : 12,  "begin" : 603,  "end" : 607 }, 
        {"sofa" : 12,  "begin" : 608,  "end" : 622 }, 
        {"sofa" : 12,  "begin" : 623,  "end" : 625 }, 
        {"sofa" : 12,  "begin" : 626,  "end" : 632 }, 
        {"sofa" : 12,  "begin" : 634,  "end" : 638 }, 
        {"sofa" : 12,  "begin" : 639,  "end" : 646 }, 
        {"sofa" : 12,  "begin" : 647,  "end" : 650 }, 
        {"sofa" : 12,  "begin" : 651,  "end" : 657 }, 
        {"sofa" : 12,  "begin" : 658,  "end" : 667 }, 
        {"sofa" : 12,  "begin" : 668,  "end" : 672 }, 
        {"sofa" : 12,  "begin" : 673,  "end" : 676 }, 
        {"sofa" : 12,  "begin" : 677,  "end" : 684 }, 
        {"sofa" : 12,  "begin" : 684,  "end" : 685 }, 
        {"sofa" : 12,  "begin" : 686,  "end" : 690 }, 
        {"sofa" : 12,  "begin" : 691,  "end" : 699 }, 
        {"sofa" : 12,  "begin" : 700,  "end" : 704 }, 
        {"sofa" : 12,  "begin" : 705,  "end" : 708 }, 
        {"sofa" : 12,  "begin" : 709,  "end" : 716 }, 
        {"sofa" : 12,  "begin" : 717,  "end" : 730 }, 
        {"sofa" : 12,  "begin" : 731,  "end" : 739 }, 
        {"sofa" : 12,  "begin" : 739,  "end" : 740 }, 
        {"sofa" : 12,  "begin" : 744,  "end" : 747 }, 
        {"sofa" : 12,  "begin" : 748,  "end" : 753 }, 
        {"sofa" : 12,  "begin" : 754,  "end" : 766 }, 
        {"sofa" : 12,  "begin" : 767,  "end" : 773 }, 
        {"sofa" : 12,  "begin" : 774,  "end" : 779 }, 
        {"sofa" : 12,  "begin" : 780,  "end" : 788 }, 
        {"sofa" : 12,  "begin" : 789,  "end" : 798 }, 
        {"sofa" : 12,  "begin" : 799,  "end" : 804 }, 
        {"sofa" : 12,  "begin" : 805,  "end" : 812 }, 
        {"sofa" : 12,  "begin" : 813,  "end" : 822 }, 
        {"sofa" : 12,  "begin" : 823,  "end" : 825 }, 
        {"sofa" : 12,  "begin" : 826,  "end" : 833 }, 
        {"sofa" : 12,  "begin" : 834,  "end" : 842 }, 
        {"sofa" : 12,  "begin" : 843,  "end" : 845 }, 
        {"sofa" : 12,  "begin" : 846,  "end" : 851 }, 
        {"sofa" : 12,  "begin" : 852,  "end" : 856 }, 
        {"sofa" : 12,  "begin" : 857,  "end" : 859 }, 
        {"sofa" : 12,  "begin" : 860,  "end" : 863 }, 
        {"sofa" : 12,  "begin" : 864,  "end" : 872 }, 
        {"sofa" : 12,  "begin" : 873,  "end" : 875 }, 
        {"sofa" : 12,  "begin" : 876,  "end" : 886 }, 
        {"sofa" : 12,  "begin" : 886,  "end" : 887 }, 
        {"sofa" : 12,  "begin" : 888,  "end" : 898 }, 
        {"sofa" : 12,  "begin" : 899,  "end" : 902 }, 
        {"sofa" : 12,  "begin" : 903,  "end" : 910 }, 
        {"sofa" : 12,  "begin" : 911,  "end" : 922 }, 
        {"sofa" : 12,  "begin" : 922,  "end" : 923 }, 
        {"sofa" : 12,  "begin" : 924,  "end" : 933 }, 
        {"sofa" : 12,  "begin" : 934,  "end" : 941 }, 
        {"sofa" : 12,  "begin" : 942,  "end" : 949 }, 
        {"sofa" : 12,  "begin" : 949,  "end" : 950 }, 
        {"sofa" : 12,  "begin" : 952,  "end" : 965 }, 
        {"sofa" : 12,  "begin" : 965,  "end" : 966 }, 
        {"sofa" : 12,  "begin" : 967,  "end" : 976 }, 
        {"sofa" : 12,  "begin" : 977,  "end" : 980 }, 
        {"sofa" : 12,  "begin" : 981,  "end" : 992 }, 
        {"sofa" : 12,  "begin" : 992,  "end" : 993 }, 
        {"sofa" : 12,  "begin" : 994,  "end" : 997 }, 
        {"sofa" : 12,  "begin" : 998,  "end" : 1005 }, 
        {"sofa" : 12,  "begin" : 1006,  "end" : 1018 }, 
        {"sofa" : 12,  "begin" : 1019,  "end" : 1021 }, 
        {"sofa" : 12,  "begin" : 1022,  "end" : 1030 }, 
        {"sofa" : 12,  "begin" : 1031,  "end" : 1041 }, 
        {"sofa" : 12,  "begin" : 1042,  "end" : 1045 }, 
        {"sofa" : 12,  "begin" : 1046,  "end" : 1059 }, 
        {"sofa" : 12,  "begin" : 1061,  "end" : 1064 }, 
        {"sofa" : 12,  "begin" : 1065,  "end" : 1074 }, 
        {"sofa" : 12,  "begin" : 1075,  "end" : 1086 }, 
        {"sofa" : 12,  "begin" : 1086,  "end" : 1087 }, 
        {"sofa" : 12,  "begin" : 1088,  "end" : 1090 }, 
        {"sofa" : 12,  "begin" : 1090,  "end" : 1091 }, 
        {"sofa" : 12,  "begin" : 1092,  "end" : 1099 }, 
        {"sofa" : 12,  "begin" : 1100,  "end" : 1105 }, 
        {"sofa" : 12,  "begin" : 1106,  "end" : 1108 }, 
        {"sofa" : 12,  "begin" : 1109,  "end" : 1121 }, 
        {"sofa" : 12,  "begin" : 1122,  "end" : 1128 }, 
        {"sofa" : 12,  "begin" : 1129,  "end" : 1133 }, 
        {"sofa" : 12,  "begin" : 1134,  "end" : 1137 }, 
        {"sofa" : 12,  "begin" : 1138,  "end" : 1141 }, 
        {"sofa" : 12,  "begin" : 1142,  "end" : 1149 }, 
        {"sofa" : 12,  "begin" : 1150,  "end" : 1153 }, 
        {"sofa" : 12,  "begin" : 1154,  "end" : 1164 }, 
        {"sofa" : 12,  "begin" : 1165,  "end" : 1168 }, 
        {"sofa" : 12,  "begin" : 1169,  "end" : 1170 }, 
        {"sofa" : 12,  "begin" : 1171,  "end" : 1178 }, 
        {"sofa" : 12,  "begin" : 1179,  "end" : 1182 }, 
        {"sofa" : 12,  "begin" : 1183,  "end" : 1195 }, 
        {"sofa" : 12,  "begin" : 1196,  "end" : 1206 }, 
        {"sofa" : 12,  "begin" : 1206,  "end" : 1207 }, 
        {"sofa" : 12,  "begin" : 1211,  "end" : 1213 }, 
        {"sofa" : 12,  "begin" : 1213,  "end" : 1214 }, 
        {"sofa" : 12,  "begin" : 1215,  "end" : 1220 }, 
        {"sofa" : 12,  "begin" : 1221,  "end" : 1223 }, 
        {"sofa" : 12,  "begin" : 1224,  "end" : 1225 }, 
        {"sofa" : 12,  "begin" : 1226,  "end" : 1236 }, 
        {"sofa" : 12,  "begin" : 1237,  "end" : 1239 }, 
        {"sofa" : 12,  "begin" : 1239,  "end" : 1240 }, 
        {"sofa" : 12,  "begin" : 1240,  "end" : 1243 }, 
        {"sofa" : 12,  "begin" : 1244,  "end" : 1247 }, 
        {"sofa" : 12,  "begin" : 1248,  "end" : 1257 }, 
        {"sofa" : 12,  "begin" : 1258,  "end" : 1265 }, 
        {"sofa" : 12,  "begin" : 1266,  "end" : 1268 }, 
        {"sofa" : 12,  "begin" : 1269,  "end" : 1270 }, 
        {"sofa" : 12,  "begin" : 1270,  "end" : 1278 }, 
        {"sofa" : 12,  "begin" : 1278,  "end" : 1279 }, 
        {"sofa" : 12,  "begin" : 1280,  "end" : 1283 }, 
        {"sofa" : 12,  "begin" : 1284,  "end" : 1291 }, 
        {"sofa" : 12,  "begin" : 1292,  "end" : 1294 }, 
        {"sofa" : 12,  "begin" : 1295,  "end" : 1304 }, 
        {"sofa" : 12,  "begin" : 1305,  "end" : 1319 }, 
        {"sofa" : 12,  "begin" : 1320,  "end" : 1322 }, 
        {"sofa" : 12,  "begin" : 1323,  "end" : 1332 }, 
        {"sofa" : 12,  "begin" : 1333,  "end" : 1338 }, 
        {"sofa" : 12,  "begin" : 1338,  "end" : 1339 }, 
        {"sofa" : 12,  "begin" : 1340,  "end" : 1345 }, 
        {"sofa" : 12,  "begin" : 1346,  "end" : 1348 }, 
        {"sofa" : 12,  "begin" : 1349,  "end" : 1352 }, 
        {"sofa" : 12,  "begin" : 1353,  "end" : 1359 }, 
        {"sofa" : 12,  "begin" : 1360,  "end" : 1362 }, 
        {"sofa" : 12,  "begin" : 1363,  "end" : 1364 }, 
        {"sofa" : 12,  "begin" : 1364,  "end" : 1366 }, 
        {"sofa" : 12,  "begin" : 1367,  "end" : 1372 }, 
        {"sofa" : 12,  "begin" : 1373,  "end" : 1378 }, 
        {"sofa" : 12,  "begin" : 1379,  "end" : 1382 }, 
        {"sofa" : 12,  "begin" : 1383,  "end" : 1388 }, 
        {"sofa" : 12,  "begin" : 1388,  "end" : 1389 }, 
        {"sofa" : 12,  "begin" : 1390,  "end" : 1399 }, 
        {"sofa" : 12,  "begin" : 1400,  "end" : 1405 }, 
        {"sofa" : 12,  "begin" : 1406,  "end" : 1410 }, 
        {"sofa" : 12,  "begin" : 1411,  "end" : 1414 }, 
        {"sofa" : 12,  "begin" : 1415,  "end" : 1418 }, 
        {"sofa" : 12,  "begin" : 1418,  "end" : 1419 }, 
        {"sofa" : 12,  "begin" : 1419,  "end" : 1420 }, 
        {"sofa" : 12,  "begin" : 1421,  "end" : 1424 }, 
        {"sofa" : 12,  "begin" : 1425,  "end" : 1429 }, 
        {"sofa" : 12,  "begin" : 1430,  "end" : 1436 }, 
        {"sofa" : 12,  "begin" : 1437,  "end" : 1445 }, 
        {"sofa" : 12,  "begin" : 1446,  "end" : 1454 }, 
        {"sofa" : 12,  "begin" : 1455,  "end" : 1457 }, 
        {"sofa" : 12,  "begin" : 1458,  "end" : 1464 }, 
        {"sofa" : 12,  "begin" : 1465,  "end" : 1472 }, 
        {"sofa" : 12,  "begin" : 1473,  "end" : 1478 }, 
        {"sofa" : 12,  "begin" : 1479,  "end" : 1483 }, 
        {"sofa" : 12,  "begin" : 1484,  "end" : 1488 }, 
        {"sofa" : 12,  "begin" : 1489,  "end" : 1496 }, 
        {"sofa" : 12,  "begin" : 1497,  "end" : 1501 }, 
        {"sofa" : 12,  "begin" : 1502,  "end" : 1509 }, 
        {"sofa" : 12,  "begin" : 1510,  "end" : 1518 }, 
        {"sofa" : 12,  "begin" : 1518,  "end" : 1519 }, 
        {"sofa" : 12,  "begin" : 1520,  "end" : 1522 }, 
        {"sofa" : 12,  "begin" : 1523,  "end" : 1526 }, 
        {"sofa" : 12,  "begin" : 1527,  "end" : 1531 }, 
        {"sofa" : 12,  "begin" : 1532,  "end" : 1534 }, 
        {"sofa" : 12,  "begin" : 1534,  "end" : 1535 }, 
        {"sofa" : 12,  "begin" : 1536,  "end" : 1541 }, 
        {"sofa" : 12,  "begin" : 1542,  "end" : 1547 }, 
        {"sofa" : 12,  "begin" : 1548,  "end" : 1552 }, 
        {"sofa" : 12,  "begin" : 1553,  "end" : 1556 }, 
        {"sofa" : 12,  "begin" : 1557,  "end" : 1561 }, 
        {"sofa" : 12,  "begin" : 1561,  "end" : 1562 }, 
        {"sofa" : 12,  "begin" : 1563,  "end" : 1571 }, 
        {"sofa" : 12,  "begin" : 1572,  "end" : 1573 }, 
        {"sofa" : 12,  "begin" : 1573,  "end" : 1579 }, 
        {"sofa" : 12,  "begin" : 1580,  "end" : 1583 }, 
        {"sofa" : 12,  "begin" : 1584,  "end" : 1587 }, 
        {"sofa" : 12,  "begin" : 1588,  "end" : 1595 }, 
        {"sofa" : 12,  "begin" : 1596,  "end" : 1600 }, 
        {"sofa" : 12,  "begin" : 1600,  "end" : 1601 }, 
        {"sofa" : 12,  "begin" : 1601,  "end" : 1602 }, 
        {"sofa" : 12,  "begin" : 1603,  "end" : 1605 }, 
        {"sofa" : 12,  "begin" : 1606,  "end" : 1614 }, 
        {"sofa" : 12,  "begin" : 1615,  "end" : 1619 }, 
        {"sofa" : 12,  "begin" : 1620,  "end" : 1625 }, 
        {"sofa" : 12,  "begin" : 1626,  "end" : 1629 }, 
        {"sofa" : 12,  "begin" : 1630,  "end" : 1636 }, 
        {"sofa" : 12,  "begin" : 1637,  "end" : 1641 }, 
        {"sofa" : 12,  "begin" : 1642,  "end" : 1654 }, 
        {"sofa" : 12,  "begin" : 1655,  "end" : 1663 }, 
        {"sofa" : 12,  "begin" : 1664,  "end" : 1670 }, 
        {"sofa" : 12,  "begin" : 1671,  "end" : 1675 }, 
        {"sofa" : 12,  "begin" : 1676,  "end" : 1680 }, 
        {"sofa" : 12,  "begin" : 1681,  "end" : 1685 }, 
        {"sofa" : 12,  "begin" : 1686,  "end" : 1693 }, 
        {"sofa" : 12,  "begin" : 1694,  "end" : 1697 }, 
        {"sofa" : 12,  "begin" : 1698,  "end" : 1703 }, 
        {"sofa" : 12,  "begin" : 1704,  "end" : 1707 }, 
        {"sofa" : 12,  "begin" : 1708,  "end" : 1715 }, 
        {"sofa" : 12,  "begin" : 1715,  "end" : 1716 }, 
        {"sofa" : 12,  "begin" : 1717,  "end" : 1719 }, 
        {"sofa" : 12,  "begin" : 1720,  "end" : 1722 }, 
        {"sofa" : 12,  "begin" : 1723,  "end" : 1729 }, 
        {"sofa" : 12,  "begin" : 1730,  "end" : 1733 }, 
        {"sofa" : 12,  "begin" : 1734,  "end" : 1746 }, 
        {"sofa" : 12,  "begin" : 1747,  "end" : 1753 }, 
        {"sofa" : 12,  "begin" : 1754,  "end" : 1756 }, 
        {"sofa" : 12,  "begin" : 1757,  "end" : 1758 }, 
        {"sofa" : 12,  "begin" : 1758,  "end" : 1761 }, 
        {"sofa" : 12,  "begin" : 1762,  "end" : 1774 }, 
        {"sofa" : 12,  "begin" : 1775,  "end" : 1785 }, 
        {"sofa" : 12,  "begin" : 1785,  "end" : 1786 }, 
        {"sofa" : 12,  "begin" : 1787,  "end" : 1788 }, 
        {"sofa" : 12,  "begin" : 1789,  "end" : 1798 }, 
        {"sofa" : 12,  "begin" : 1799,  "end" : 1808 }, 
        {"sofa" : 12,  "begin" : 1809,  "end" : 1811 }, 
        {"sofa" : 12,  "begin" : 1812,  "end" : 1821 }, 
        {"sofa" : 12,  "begin" : 1821,  "end" : 1822 }, 
        {"sofa" : 12,  "begin" : 1823,  "end" : 1835 }, 
        {"sofa" : 12,  "begin" : 1836,  "end" : 1848 }, 
        {"sofa" : 12,  "begin" : 1849,  "end" : 1852 }, 
        {"sofa" : 12,  "begin" : 1853,  "end" : 1856 }, 
        {"sofa" : 12,  "begin" : 1857,  "end" : 1863 }, 
        {"sofa" : 12,  "begin" : 1863,  "end" : 1864 }, 
        {"sofa" : 12,  "begin" : 1864,  "end" : 1865 }, 
        {"sofa" : 12,  "begin" : 1866,  "end" : 1868 }, 
        {"sofa" : 12,  "begin" : 1868,  "end" : 1869 }, 
        {"sofa" : 12,  "begin" : 1870,  "end" : 1875 }, 
        {"sofa" : 12,  "begin" : 1876,  "end" : 1883 }, 
        {"sofa" : 12,  "begin" : 1884,  "end" : 1886 }, 
        {"sofa" : 12,  "begin" : 1887,  "end" : 1891 }, 
        {"sofa" : 12,  "begin" : 1892,  "end" : 1900 }, 
        {"sofa" : 12,  "begin" : 1901,  "end" : 1904 }, 
        {"sofa" : 12,  "begin" : 1905,  "end" : 1914 }, 
        {"sofa" : 12,  "begin" : 1915,  "end" : 1925 }, 
        {"sofa" : 12,  "begin" : 1926,  "end" : 1935 }, 
        {"sofa" : 12,  "begin" : 1936,  "end" : 1940 }, 
        {"sofa" : 12,  "begin" : 1941,  "end" : 1944 }, 
        {"sofa" : 12,  "begin" : 1945,  "end" : 1951 }, 
        {"sofa" : 12,  "begin" : 1952,  "end" : 1957 }, 
        {"sofa" : 12,  "begin" : 1958,  "end" : 1965 }, 
        {"sofa" : 12,  "begin" : 1966,  "end" : 1970 }, 
        {"sofa" : 12,  "begin" : 1971,  "end" : 1973 }, 
        {"sofa" : 12,  "begin" : 1974,  "end" : 1976 }, 
        {"sofa" : 12,  "begin" : 1977,  "end" : 1990 }, 
        {"sofa" : 12,  "begin" : 1990,  "end" : 1991 }, 
        {"sofa" : 12,  "begin" : 1995,  "end" : 2002 }, 
        {"sofa" : 12,  "begin" : 2003,  "end" : 2010 }, 
        {"sofa" : 12,  "begin" : 2011,  "end" : 2013 }, 
        {"sofa" : 12,  "begin" : 2014,  "end" : 2025 }, 
        {"sofa" : 12,  "begin" : 2026,  "end" : 2035 }, 
        {"sofa" : 12,  "begin" : 2035,  "end" : 2036 }, 
        {"sofa" : 12,  "begin" : 2037,  "end" : 2039 }, 
        {"sofa" : 12,  "begin" : 2040,  "end" : 2043 }, 
        {"sofa" : 12,  "begin" : 2044,  "end" : 2046 }, 
        {"sofa" : 12,  "begin" : 2047,  "end" : 2053 }, 
        {"sofa" : 12,  "begin" : 2054,  "end" : 2062 }, 
        {"sofa" : 12,  "begin" : 2063,  "end" : 2065 }, 
        {"sofa" : 12,  "begin" : 2066,  "end" : 2074 }, 
        {"sofa" : 12,  "begin" : 2075,  "end" : 2083 }, 
        {"sofa" : 12,  "begin" : 2084,  "end" : 2087 }, 
        {"sofa" : 12,  "begin" : 2088,  "end" : 2100 }, 
        {"sofa" : 12,  "begin" : 2102,  "end" : 2103 }, 
        {"sofa" : 12,  "begin" : 2103,  "end" : 2111 }, 
        {"sofa" : 12,  "begin" : 2112,  "end" : 2117 }, 
        {"sofa" : 12,  "begin" : 2118,  "end" : 2120 }, 
        {"sofa" : 12,  "begin" : 2121,  "end" : 2123 }, 
        {"sofa" : 12,  "begin" : 2123,  "end" : 2124 }, 
        {"sofa" : 12,  "begin" : 2124,  "end" : 2127 }, 
        {"sofa" : 12,  "begin" : 2127,  "end" : 2128 }, 
        {"sofa" : 12,  "begin" : 2129,  "end" : 2131 }, 
        {"sofa" : 12,  "begin" : 2132,  "end" : 2133 }, 
        {"sofa" : 12,  "begin" : 2134,  "end" : 2138 }, 
        {"sofa" : 12,  "begin" : 2139,  "end" : 2142 }, 
        {"sofa" : 12,  "begin" : 2143,  "end" : 2148 }, 
        {"sofa" : 12,  "begin" : 2149,  "end" : 2153 }, 
        {"sofa" : 12,  "begin" : 2154,  "end" : 2156 }, 
        {"sofa" : 12,  "begin" : 2157,  "end" : 2164 }, 
        {"sofa" : 12,  "begin" : 2165,  "end" : 2173 }, 
        {"sofa" : 12,  "begin" : 2173,  "end" : 2174 }, 
        {"sofa" : 12,  "begin" : 2175,  "end" : 2180 }, 
        {"sofa" : 12,  "begin" : 2181,  "end" : 2189 }, 
        {"sofa" : 12,  "begin" : 2190,  "end" : 2198 }, 
        {"sofa" : 12,  "begin" : 2199,  "end" : 2202 }, 
        {"sofa" : 12,  "begin" : 2203,  "end" : 2212 }, 
        {"sofa" : 12,  "begin" : 2213,  "end" : 2220 }, 
        {"sofa" : 12,  "begin" : 2221,  "end" : 2232 }, 
        {"sofa" : 12,  "begin" : 2233,  "end" : 2235 }, 
        {"sofa" : 12,  "begin" : 2236,  "end" : 2237 }, 
        {"sofa" : 12,  "begin" : 2238,  "end" : 2239 }, 
        {"sofa" : 12,  "begin" : 2239,  "end" : 2248 }, 
        {"sofa" : 12,  "begin" : 2249,  "end" : 2257 }, 
        {"sofa" : 12,  "begin" : 2257,  "end" : 2258 }, 
        {"sofa" : 12,  "begin" : 2259,  "end" : 2264 }, 
        {"sofa" : 12,  "begin" : 2265,  "end" : 2270 }, 
        {"sofa" : 12,  "begin" : 2271,  "end" : 2275 }, 
        {"sofa" : 12,  "begin" : 2276,  "end" : 2279 }, 
        {"sofa" : 12,  "begin" : 2280,  "end" : 2283 }, 
        {"sofa" : 12,  "begin" : 2284,  "end" : 2286 }, 
        {"sofa" : 12,  "begin" : 2287,  "end" : 2293 }, 
        {"sofa" : 12,  "begin" : 2294,  "end" : 2297 }, 
        {"sofa" : 12,  "begin" : 2298,  "end" : 2306 }, 
        {"sofa" : 12,  "begin" : 2307,  "end" : 2309 }, 
        {"sofa" : 12,  "begin" : 2310,  "end" : 2322 }, 
        {"sofa" : 12,  "begin" : 2323,  "end" : 2325 }, 
        {"sofa" : 12,  "begin" : 2326,  "end" : 2329 }, 
        {"sofa" : 12,  "begin" : 2330,  "end" : 2334 }, 
        {"sofa" : 12,  "begin" : 2335,  "end" : 2337 }, 
        {"sofa" : 12,  "begin" : 2338,  "end" : 2345 }, 
        {"sofa" : 12,  "begin" : 2346,  "end" : 2352 }, 
        {"sofa" : 12,  "begin" : 2352,  "end" : 2353 }, 
        {"sofa" : 12,  "begin" : 2357,  "end" : 2364 }, 
        {"sofa" : 12,  "begin" : 2365,  "end" : 2371 }, 
        {"sofa" : 12,  "begin" : 2372,  "end" : 2374 }, 
        {"sofa" : 12,  "begin" : 2375,  "end" : 2383 }, 
        {"sofa" : 12,  "begin" : 2384,  "end" : 2398 }, 
        {"sofa" : 12,  "begin" : 2399,  "end" : 2407 }, 
        {"sofa" : 12,  "begin" : 2408,  "end" : 2410 }, 
        {"sofa" : 12,  "begin" : 2411,  "end" : 2420 }, 
        {"sofa" : 12,  "begin" : 2421,  "end" : 2428 }, 
        {"sofa" : 12,  "begin" : 2429,  "end" : 2435 }, 
        {"sofa" : 12,  "begin" : 2436,  "end" : 2440 }, 
        {"sofa" : 12,  "begin" : 2441,  "end" : 2451 }, 
        {"sofa" : 12,  "begin" : 2452,  "end" : 2457 }, 
        {"sofa" : 12,  "begin" : 2458,  "end" : 2463 }, 
        {"sofa" : 12,  "begin" : 2465,  "end" : 2469 }, 
        {"sofa" : 12,  "begin" : 2470,  "end" : 2473 }, 
        {"sofa" : 12,  "begin" : 2474,  "end" : 2485 }, 
        {"sofa" : 12,  "begin" : 2486,  "end" : 2488 }, 
        {"sofa" : 12,  "begin" : 2489,  "end" : 2501 }, 
        {"sofa" : 12,  "begin" : 2502,  "end" : 2504 }, 
        {"sofa" : 12,  "begin" : 2505,  "end" : 2506 }, 
        {"sofa" : 12,  "begin" : 2507,  "end" : 2516 }, 
        {"sofa" : 12,  "begin" : 2517,  "end" : 2520 }, 
        {"sofa" : 12,  "begin" : 2521,  "end" : 2529 }, 
        {"sofa" : 12,  "begin" : 2530,  "end" : 2537 }, 
        {"sofa" : 12,  "begin" : 2538,  "end" : 2548 }, 
        {"sofa" : 12,  "begin" : 2549,  "end" : 2567 }, 
        {"sofa" : 12,  "begin" : 2569,  "end" : 2578 }, 
        {"sofa" : 12,  "begin" : 2579,  "end" : 2584 }, 
        {"sofa" : 12,  "begin" : 2584,  "end" : 2585 }, 
        {"sofa" : 12,  "begin" : 2586,  "end" : 2595 }, 
        {"sofa" : 12,  "begin" : 2596,  "end" : 2602 }, 
        {"sofa" : 12,  "begin" : 2603,  "end" : 2609 }, 
        {"sofa" : 12,  "begin" : 2609,  "end" : 2610 }, 
        {"sofa" : 12,  "begin" : 2611,  "end" : 2618 }, 
        {"sofa" : 12,  "begin" : 2619,  "end" : 2625 }, 
        {"sofa" : 12,  "begin" : 2625,  "end" : 2626 }, 
        {"sofa" : 12,  "begin" : 2627,  "end" : 2634 }, 
        {"sofa" : 12,  "begin" : 2635,  "end" : 2642 }, 
        {"sofa" : 12,  "begin" : 2643,  "end" : 2649 }, 
        {"sofa" : 12,  "begin" : 2649,  "end" : 2650 }, 
        {"sofa" : 12,  "begin" : 2651,  "end" : 2660 }, 
        {"sofa" : 12,  "begin" : 2661,  "end" : 2671 }, 
        {"sofa" : 12,  "begin" : 2671,  "end" : 2672 }, 
        {"sofa" : 12,  "begin" : 2674,  "end" : 2681 }, 
        {"sofa" : 12,  "begin" : 2682,  "end" : 2692 }, 
        {"sofa" : 12,  "begin" : 2693,  "end" : 2696 }, 
        {"sofa" : 12,  "begin" : 2697,  "end" : 2706 }, 
        {"sofa" : 12,  "begin" : 2707,  "end" : 2715 }, 
        {"sofa" : 12,  "begin" : 2715,  "end" : 2716 }, 
        {"sofa" : 12,  "begin" : 2717,  "end" : 2722 }, 
        {"sofa" : 12,  "begin" : 2723,  "end" : 2727 }, 
        {"sofa" : 12,  "begin" : 2728,  "end" : 2730 }, 
        {"sofa" : 12,  "begin" : 2731,  "end" : 2734 }, 
        {"sofa" : 12,  "begin" : 2735,  "end" : 2738 }, 
        {"sofa" : 12,  "begin" : 2739,  "end" : 2741 }, 
        {"sofa" : 12,  "begin" : 2742,  "end" : 2748 }, 
        {"sofa" : 12,  "begin" : 2749,  "end" : 2754 }, 
        {"sofa" : 12,  "begin" : 2755,  "end" : 2761 }, 
        {"sofa" : 12,  "begin" : 2762,  "end" : 2764 }, 
        {"sofa" : 12,  "begin" : 2765,  "end" : 2769 }, 
        {"sofa" : 12,  "begin" : 2770,  "end" : 2773 }, 
        {"sofa" : 12,  "begin" : 2775,  "end" : 2784 }, 
        {"sofa" : 12,  "begin" : 2785,  "end" : 2790 }, 
        {"sofa" : 12,  "begin" : 2791,  "end" : 2794 }, 
        {"sofa" : 12,  "begin" : 2795,  "end" : 2807 }, 
        {"sofa" : 12,  "begin" : 2808,  "end" : 2814 }, 
        {"sofa" : 12,  "begin" : 2815,  "end" : 2819 }, 
        {"sofa" : 12,  "begin" : 2820,  "end" : 2829 }, 
        {"sofa" : 12,  "begin" : 2830,  "end" : 2838 }, 
        {"sofa" : 12,  "begin" : 2839,  "end" : 2843 }, 
        {"sofa" : 12,  "begin" : 2844,  "end" : 2851 }, 
        {"sofa" : 12,  "begin" : 2852,  "end" : 2861 }, 
        {"sofa" : 12,  "begin" : 2861,  "end" : 2862 }, 
        {"sofa" : 12,  "begin" : 2866,  "end" : 2869 }, 
        {"sofa" : 12,  "begin" : 2870,  "end" : 2874 }, 
        {"sofa" : 12,  "begin" : 2875,  "end" : 2880 }, 
        {"sofa" : 12,  "begin" : 2880,  "end" : 2881 }, 
        {"sofa" : 12,  "begin" : 2882,  "end" : 2886 }, 
        {"sofa" : 12,  "begin" : 2887,  "end" : 2889 }, 
        {"sofa" : 12,  "begin" : 2890,  "end" : 2895 }, 
        {"sofa" : 12,  "begin" : 2896,  "end" : 2900 }, 
        {"sofa" : 12,  "begin" : 2901,  "end" : 2908 }, 
        {"sofa" : 12,  "begin" : 2909,  "end" : 2914 }, 
        {"sofa" : 12,  "begin" : 2915,  "end" : 2917 }, 
        {"sofa" : 12,  "begin" : 2918,  "end" : 2926 }, 
        {"sofa" : 12,  "begin" : 2927,  "end" : 2930 }, 
        {"sofa" : 12,  "begin" : 2931,  "end" : 2936 }, 
        {"sofa" : 12,  "begin" : 2937,  "end" : 2947 }, 
        {"sofa" : 12,  "begin" : 2948,  "end" : 2957 }, 
        {"sofa" : 12,  "begin" : 2958,  "end" : 2961 }, 
        {"sofa" : 12,  "begin" : 2962,  "end" : 2968 }, 
        {"sofa" : 12,  "begin" : 2968,  "end" : 2969 }, 
        {"sofa" : 12,  "begin" : 2971,  "end" : 2980 }, 
        {"sofa" : 12,  "begin" : 2981,  "end" : 2984 }, 
        {"sofa" : 12,  "begin" : 2985,  "end" : 2987 }, 
        {"sofa" : 12,  "begin" : 2988,  "end" : 2989 }, 
        {"sofa" : 12,  "begin" : 2990,  "end" : 3006 }, 
        {"sofa" : 12,  "begin" : 3007,  "end" : 3016 }, 
        {"sofa" : 12,  "begin" : 3016,  "end" : 3017 }, 
        {"sofa" : 12,  "begin" : 3018,  "end" : 3020 }, 
        {"sofa" : 12,  "begin" : 3021,  "end" : 3024 }, 
        {"sofa" : 12,  "begin" : 3025,  "end" : 3034 }, 
        {"sofa" : 12,  "begin" : 3035,  "end" : 3039 }, 
        {"sofa" : 12,  "begin" : 3040,  "end" : 3042 }, 
        {"sofa" : 12,  "begin" : 3042,  "end" : 3043 }, 
        {"sofa" : 12,  "begin" : 3044,  "end" : 3051 }, 
        {"sofa" : 12,  "begin" : 3052,  "end" : 3058 }, 
        {"sofa" : 12,  "begin" : 3059,  "end" : 3068 }, 
        {"sofa" : 12,  "begin" : 3069,  "end" : 3076 }, 
        {"sofa" : 12,  "begin" : 3077,  "end" : 3080 }, 
        {"sofa" : 12,  "begin" : 3081,  "end" : 3086 }, 
        {"sofa" : 12,  "begin" : 3087,  "end" : 3090 }, 
        {"sofa" : 12,  "begin" : 3091,  "end" : 3101 }, 
        {"sofa" : 12,  "begin" : 3102,  "end" : 3104 }, 
        {"sofa" : 12,  "begin" : 3105,  "end" : 3117 }, 
        {"sofa" : 12,  "begin" : 3118,  "end" : 3122 }, 
        {"sofa" : 12,  "begin" : 3123,  "end" : 3126 }, 
        {"sofa" : 12,  "begin" : 3127,  "end" : 3136 }, 
        {"sofa" : 12,  "begin" : 3137,  "end" : 3139 }, 
        {"sofa" : 12,  "begin" : 3140,  "end" : 3147 }, 
        {"sofa" : 12,  "begin" : 3148,  "end" : 3155 }, 
        {"sofa" : 12,  "begin" : 3156,  "end" : 3161 }, 
        {"sofa" : 12,  "begin" : 3162,  "end" : 3164 }, 
        {"sofa" : 12,  "begin" : 3165,  "end" : 3167 }, 
        {"sofa" : 12,  "begin" : 3168,  "end" : 3176 }, 
        {"sofa" : 12,  "begin" : 3177,  "end" : 3180 }, 
        {"sofa" : 12,  "begin" : 3181,  "end" : 3188 }, 
        {"sofa" : 12,  "begin" : 3189,  "end" : 3196 }, 
        {"sofa" : 12,  "begin" : 3197,  "end" : 3203 }, 
        {"sofa" : 12,  "begin" : 3203,  "end" : 3204 }, 
        {"sofa" : 12,  "begin" : 3205,  "end" : 3212 }, 
        {"sofa" : 12,  "begin" : 3213,  "end" : 3218 }, 
        {"sofa" : 12,  "begin" : 3219,  "end" : 3225 }, 
        {"sofa" : 12,  "begin" : 3226,  "end" : 3228 }, 
        {"sofa" : 12,  "begin" : 3229,  "end" : 3234 }, 
        {"sofa" : 12,  "begin" : 3235,  "end" : 3244 }, 
        {"sofa" : 12,  "begin" : 3245,  "end" : 3252 }, 
        {"sofa" : 12,  "begin" : 3253,  "end" : 3255 }, 
        {"sofa" : 12,  "begin" : 3256,  "end" : 3261 }, 
        {"sofa" : 12,  "begin" : 3262,  "end" : 3265 }, 
        {"sofa" : 12,  "begin" : 3266,  "end" : 3273 }, 
        {"sofa" : 12,  "begin" : 3274,  "end" : 3289 }, 
        {"sofa" : 12,  "begin" : 3290,  "end" : 3295 }, 
        {"sofa" : 12,  "begin" : 3296,  "end" : 3299 }, 
        {"sofa" : 12,  "begin" : 3300,  "end" : 3301 }, 
        {"sofa" : 12,  "begin" : 3302,  "end" : 3311 }, 
        {"sofa" : 12,  "begin" : 3312,  "end" : 3315 }, 
        {"sofa" : 12,  "begin" : 3316,  "end" : 3329 }, 
        {"sofa" : 12,  "begin" : 3330,  "end" : 3339 }, 
        {"sofa" : 12,  "begin" : 3340,  "end" : 3342 }, 
        {"sofa" : 12,  "begin" : 3343,  "end" : 3348 }, 
        {"sofa" : 12,  "begin" : 3349,  "end" : 3351 }, 
        {"sofa" : 12,  "begin" : 3352,  "end" : 3357 }, 
        {"sofa" : 12,  "begin" : 3358,  "end" : 3360 }, 
        {"sofa" : 12,  "begin" : 3361,  "end" : 3365 }, 
        {"sofa" : 12,  "begin" : 3366,  "end" : 3375 }, 
        {"sofa" : 12,  "begin" : 3375,  "end" : 3376 }, 
        {"sofa" : 12,  "begin" : 3377,  "end" : 3385 }, 
        {"sofa" : 12,  "begin" : 3386,  "end" : 3390 }, 
        {"sofa" : 12,  "begin" : 3391,  "end" : 3397 }, 
        {"sofa" : 12,  "begin" : 3398,  "end" : 3404 }, 
        {"sofa" : 12,  "begin" : 3405,  "end" : 3408 }, 
        {"sofa" : 12,  "begin" : 3409,  "end" : 3417 }, 
        {"sofa" : 12,  "begin" : 3418,  "end" : 3422 }, 
        {"sofa" : 12,  "begin" : 3423,  "end" : 3426 }, 
        {"sofa" : 12,  "begin" : 3427,  "end" : 3429 }, 
        {"sofa" : 12,  "begin" : 3430,  "end" : 3434 }, 
        {"sofa" : 12,  "begin" : 3435,  "end" : 3442 }, 
        {"sofa" : 12,  "begin" : 3443,  "end" : 3445 }, 
        {"sofa" : 12,  "begin" : 3446,  "end" : 3458 }, 
        {"sofa" : 12,  "begin" : 3459,  "end" : 3467 }, 
        {"sofa" : 12,  "begin" : 3467,  "end" : 3468 }, 
        {"sofa" : 12,  "begin" : 3469,  "end" : 3476 }, 
        {"sofa" : 12,  "begin" : 3477,  "end" : 3479 }, 
        {"sofa" : 12,  "begin" : 3480,  "end" : 3484 }, 
        {"sofa" : 12,  "begin" : 3485,  "end" : 3494 }, 
        {"sofa" : 12,  "begin" : 3495,  "end" : 3500 }, 
        {"sofa" : 12,  "begin" : 3501,  "end" : 3507 }, 
        {"sofa" : 12,  "begin" : 3508,  "end" : 3510 }, 
        {"sofa" : 12,  "begin" : 3511,  "end" : 3520 }, 
        {"sofa" : 12,  "begin" : 3521,  "end" : 3523 }, 
        {"sofa" : 12,  "begin" : 3524,  "end" : 3527 }, 
        {"sofa" : 12,  "begin" : 3528,  "end" : 3533 }, 
        {"sofa" : 12,  "begin" : 3534,  "end" : 3536 }, 
        {"sofa" : 12,  "begin" : 3537,  "end" : 3544 }, 
        {"sofa" : 12,  "begin" : 3545,  "end" : 3548 }, 
        {"sofa" : 12,  "begin" : 3549,  "end" : 3557 }, 
        {"sofa" : 12,  "begin" : 3557,  "end" : 3558 }, 
        {"sofa" : 12,  "begin" : 3559,  "end" : 3565 }, 
        {"sofa" : 12,  "begin" : 3566,  "end" : 3570 }, 
        {"sofa" : 12,  "begin" : 3571,  "end" : 3579 }, 
        {"sofa" : 12,  "begin" : 3580,  "end" : 3583 }, 
        {"sofa" : 12,  "begin" : 3584,  "end" : 3592 }, 
        {"sofa" : 12,  "begin" : 3592,  "end" : 3593 }, 
        {"sofa" : 12,  "begin" : 3594,  "end" : 3602 }, 
        {"sofa" : 12,  "begin" : 3603,  "end" : 3608 }, 
        {"sofa" : 12,  "begin" : 3609,  "end" : 3616 }, 
        {"sofa" : 12,  "begin" : 3617,  "end" : 3619 }, 
        {"sofa" : 12,  "begin" : 3620,  "end" : 3624 }, 
        {"sofa" : 12,  "begin" : 3624,  "end" : 3625 }, 
        {"sofa" : 12,  "begin" : 3629,  "end" : 3633 }, 
        {"sofa" : 12,  "begin" : 3634,  "end" : 3637 }, 
        {"sofa" : 12,  "begin" : 3638,  "end" : 3641 }, 
        {"sofa" : 12,  "begin" : 3642,  "end" : 3644 }, 
        {"sofa" : 12,  "begin" : 3644,  "end" : 3645 }, 
        {"sofa" : 12,  "begin" : 3647,  "end" : 3648 }, 
        {"sofa" : 12,  "begin" : 3648,  "end" : 3649 }, 
        {"sofa" : 12,  "begin" : 3650,  "end" : 3654 }, 
        {"sofa" : 12,  "begin" : 3655,  "end" : 3659 }, 
        {"sofa" : 12,  "begin" : 3660,  "end" : 3662 }, 
        {"sofa" : 12,  "begin" : 3663,  "end" : 3668 }, 
        {"sofa" : 12,  "begin" : 3669,  "end" : 3675 }, 
        {"sofa" : 12,  "begin" : 3676,  "end" : 3679 }, 
        {"sofa" : 12,  "begin" : 3680,  "end" : 3682 }, 
        {"sofa" : 12,  "begin" : 3683,  "end" : 3692 }, 
        {"sofa" : 12,  "begin" : 3693,  "end" : 3698 }, 
        {"sofa" : 12,  "begin" : 3699,  "end" : 3706 }, 
        {"sofa" : 12,  "begin" : 3707,  "end" : 3713 }, 
        {"sofa" : 12,  "begin" : 3713,  "end" : 3714 }, 
        {"sofa" : 12,  "begin" : 3716,  "end" : 3717 }, 
        {"sofa" : 12,  "begin" : 3717,  "end" : 3718 }, 
        {"sofa" : 12,  "begin" : 3719,  "end" : 3725 }, 
        {"sofa" : 12,  "begin" : 3726,  "end" : 3729 }, 
        {"sofa" : 12,  "begin" : 3730,  "end" : 3739 }, 
        {"sofa" : 12,  "begin" : 3740,  "end" : 3742 }, 
        {"sofa" : 12,  "begin" : 3743,  "end" : 3747 }, 
        {"sofa" : 12,  "begin" : 3748,  "end" : 3751 }, 
        {"sofa" : 12,  "begin" : 3752,  "end" : 3754 }, 
        {"sofa" : 12,  "begin" : 3755,  "end" : 3765 }, 
        {"sofa" : 12,  "begin" : 3766,  "end" : 3769 }, 
        {"sofa" : 12,  "begin" : 3770,  "end" : 3775 }, 
        {"sofa" : 12,  "begin" : 3776,  "end" : 3781 }, 
        {"sofa" : 12,  "begin" : 3782,  "end" : 3785 }, 
        {"sofa" : 12,  "begin" : 3786,  "end" : 3790 }, 
        {"sofa" : 12,  "begin" : 3791,  "end" : 3795 }, 
        {"sofa" : 12,  "begin" : 3796,  "end" : 3798 }, 
        {"sofa" : 12,  "begin" : 3799,  "end" : 3801 }, 
        {"sofa" : 12,  "begin" : 3802,  "end" : 3809 }, 
        {"sofa" : 12,  "begin" : 3810,  "end" : 3822 }, 
        {"sofa" : 12,  "begin" : 3823,  "end" : 3825 }, 
        {"sofa" : 12,  "begin" : 3826,  "end" : 3829 }, 
        {"sofa" : 12,  "begin" : 3830,  "end" : 3835 }, 
        {"sofa" : 12,  "begin" : 3835,  "end" : 3836 }, 
        {"sofa" : 12,  "begin" : 3840,  "end" : 3846 }, 
        {"sofa" : 12,  "begin" : 3847,  "end" : 3852 }, 
        {"sofa" : 12,  "begin" : 3853,  "end" : 3862 }, 
        {"sofa" : 12,  "begin" : 3863,  "end" : 3867 }, 
        {"sofa" : 12,  "begin" : 3868,  "end" : 3870 }, 
        {"sofa" : 12,  "begin" : 3871,  "end" : 3880 }, 
        {"sofa" : 12,  "begin" : 3880,  "end" : 3881 }, 
        {"sofa" : 12,  "begin" : 3881,  "end" : 3895 }, 
        {"sofa" : 12,  "begin" : 3896,  "end" : 3898 }, 
        {"sofa" : 12,  "begin" : 3899,  "end" : 3903 }, 
        {"sofa" : 12,  "begin" : 3904,  "end" : 3907 }, 
        {"sofa" : 12,  "begin" : 3908,  "end" : 3913 }, 
        {"sofa" : 12,  "begin" : 3914,  "end" : 3919 }, 
        {"sofa" : 12,  "begin" : 3920,  "end" : 3922 }, 
        {"sofa" : 12,  "begin" : 3923,  "end" : 3924 }, 
        {"sofa" : 12,  "begin" : 3924,  "end" : 3927 }, 
        {"sofa" : 12,  "begin" : 3927,  "end" : 3928 }, 
        {"sofa" : 12,  "begin" : 3929,  "end" : 3932 }, 
        {"sofa" : 12,  "begin" : 3932,  "end" : 3933 }, 
        {"sofa" : 12,  "begin" : 3933,  "end" : 3937 }, 
        {"sofa" : 12,  "begin" : 3938,  "end" : 3940 }, 
        {"sofa" : 12,  "begin" : 3941,  "end" : 3942 }, 
        {"sofa" : 12,  "begin" : 3942,  "end" : 3945 }, 
        {"sofa" : 12,  "begin" : 3945,  "end" : 3946 }, 
        {"sofa" : 12,  "begin" : 3947,  "end" : 3950 }, 
        {"sofa" : 12,  "begin" : 3950,  "end" : 3951 }, 
        {"sofa" : 12,  "begin" : 3951,  "end" : 3955 }, 
        {"sofa" : 12,  "begin" : 3956,  "end" : 3959 }, 
        {"sofa" : 12,  "begin" : 3960,  "end" : 3963 }, 
        {"sofa" : 12,  "begin" : 3964,  "end" : 3965 }, 
        {"sofa" : 12,  "begin" : 3965,  "end" : 3966 }, 
        {"sofa" : 12,  "begin" : 3967,  "end" : 3973 }, 
        {"sofa" : 12,  "begin" : 3974,  "end" : 3977 }, 
        {"sofa" : 12,  "begin" : 3978,  "end" : 3989 }, 
        {"sofa" : 12,  "begin" : 3990,  "end" : 3992 }, 
        {"sofa" : 12,  "begin" : 3993,  "end" : 3995 }, 
        {"sofa" : 12,  "begin" : 3995,  "end" : 3996 }, 
        {"sofa" : 12,  "begin" : 3997,  "end" : 4002 }, 
        {"sofa" : 12,  "begin" : 4003,  "end" : 4005 }, 
        {"sofa" : 12,  "begin" : 4006,  "end" : 4009 }, 
        {"sofa" : 12,  "begin" : 4010,  "end" : 4013 }, 
        {"sofa" : 12,  "begin" : 4014,  "end" : 4026 }, 
        {"sofa" : 12,  "begin" : 4027,  "end" : 4033 }, 
        {"sofa" : 12,  "begin" : 4034,  "end" : 4039 }, 
        {"sofa" : 12,  "begin" : 4040,  "end" : 4048 }, 
        {"sofa" : 12,  "begin" : 4049,  "end" : 4058 }, 
        {"sofa" : 12,  "begin" : 4058,  "end" : 4059 }, 
        {"sofa" : 12,  "begin" : 4060,  "end" : 4066 }, 
        {"sofa" : 12,  "begin" : 4067,  "end" : 4075 }, 
        {"sofa" : 12,  "begin" : 4076,  "end" : 4079 }, 
        {"sofa" : 12,  "begin" : 4080,  "end" : 4088 }, 
        {"sofa" : 12,  "begin" : 4089,  "end" : 4091 }, 
        {"sofa" : 12,  "begin" : 4092,  "end" : 4104 }, 
        {"sofa" : 12,  "begin" : 4104,  "end" : 4105 }, 
        {"sofa" : 12,  "begin" : 4106,  "end" : 4111 }, 
        {"sofa" : 12,  "begin" : 4112,  "end" : 4115 }, 
        {"sofa" : 12,  "begin" : 4116,  "end" : 4119 }, 
        {"sofa" : 12,  "begin" : 4120,  "end" : 4122 }, 
        {"sofa" : 12,  "begin" : 4123,  "end" : 4130 }, 
        {"sofa" : 12,  "begin" : 4131,  "end" : 4132 }, 
        {"sofa" : 12,  "begin" : 4133,  "end" : 4142 }, 
        {"sofa" : 12,  "begin" : 4143,  "end" : 4149 }, 
        {"sofa" : 12,  "begin" : 4150,  "end" : 4152 }, 
        {"sofa" : 12,  "begin" : 4153,  "end" : 4166 }, 
        {"sofa" : 12,  "begin" : 4167,  "end" : 4170 }, 
        {"sofa" : 12,  "begin" : 4171,  "end" : 4180 }, 
        {"sofa" : 12,  "begin" : 4181,  "end" : 4190 }, 
        {"sofa" : 12,  "begin" : 4191,  "end" : 4194 }, 
        {"sofa" : 12,  "begin" : 4195,  "end" : 4202 }, 
        {"sofa" : 12,  "begin" : 4203,  "end" : 4209 }, 
        {"sofa" : 12,  "begin" : 4209,  "end" : 4210 }, 
        {"sofa" : 12,  "begin" : 4210,  "end" : 4211 } ], 
      "Persuasive_Labels" : [
        {"sofa" : 12,  "begin" : 322,  "end" : 325,  "DistinctiveLinguisticFeatures" : "distinctive linguistic features" }, 
        {"sofa" : 12,  "begin" : 322,  "end" : 325,  "DistinctiveLinguisticFeatures" : "ellipses, exaggerated/excessive usage of punctuation marks" }, 
        {"sofa" : 12,  "begin" : 327,  "end" : 685,  "FabricatingNarrativewithDetails" : "Narrative with details_details verified to be true" }, 
        {"sofa" : 12,  "begin" : 327,  "end" : 685,  "FabricatingNarrativewithDetails" : "Narrative with Details" }, 
        {"sofa" : 12,  "begin" : 3629,  "end" : 3836,  "DistinctiveLinguisticFeatures" : "distinctive linguistic features" }, 
        {"sofa" : 12,  "begin" : 3629,  "end" : 3836,  "DistinctiveLinguisticFeatures" : "uppercase words" }, 
        {"sofa" : 12,  "begin" : 3629,  "end" : 3645,  "EstablishingLegitimacy" : "Establishing Legitimacy" }, 
        {"sofa" : 12,  "begin" : 3629,  "end" : 3645,  "EstablishingLegitimacy" : "legitimate persuasive techniques: rhetorical question" } ] } }, 
  "_referenced_fss" : {
    "12" : {"_type" : "Sofa",  "sofaNum" : 1,  "sofaID" : "_InitialView",  "mimeType" : "text",  "sofaString" : "﻿tron-01833 Dr. David Hager nominated for FDA panel \r\nSource https://www.snopes.com/fact-check/w-david-hager/ \r\nFact checking: https://www.truthorfiction.com/hager/ \r\nActual content: \r\nImportant - Women's Health Issue\r\nWhether you're Right or Left on the issue of women's reproductive rights, please consider the following...\r\nPresident Bush has announced his plan to select Dr. W. David Hager to head up the Food and Drug\r\nAdministration's (FDA) Reproductive Health Drugs Advisory Committee. The committee has not met for more than two years, during which time its charter has lapsed. As a result, the Bush Administration is tasked\r\nwith filling all eleven positions with new members. This position does not require Congressional approval.\r\n\r\nThe FDA's Reproductive Health Drugs Advisory Committee makes crucial decisions on matters relating to drugs used in the practice of obstetrics, gynecology and related specialties, including hormone therapy,\r\ncontraception, treatment for infertility, and medical alternatives to surgical procedures for sterilization\r\nand pregnancy termination. Dr. Hager's views of reproductive health care are far outside the mainstream and a setback for reproductive technology.\r\n\r\nDr. Hager is a practicing OB/GYN who describes himself as \"pro-life\" and refuses to prescribe contraceptives to unmarried women. Hager is the author of \"As Jesus Cared for Women: Restoring Women Then and Now.\" The book blends biblical accounts of Christ healing women with case studies from Hager's practice. In the book Dr. Hager wrote with his wife, entitled \"Stress and the Woman's Body,\" he suggests that women who suffer from premenstrual syndrome should seek help from reading the bible and praying. As an editor and contributing author of \"The Reproduction Revolution: A Christian Appraisal of Sexuality, Reproductive Technologies and the Family,\" Dr. Hager appears to have endorsed the medically inaccurate assertion that the common birth control pill is an abortifacient.\r\n\r\nHagar's mission is religiously motivated. He has an ardent interest in revoking approval for mifepristone\r\n(formerly known as RU-486) as a safe and early form of medical abortion. Hagar recently assisted the Christian Medical Association in a \"citizen's petition\" which calls upon the FDA to revoke its approval of mifepristone in the name of women's health.\r\n\r\nHager's desire to overturn mifepristone's approval on religious grounds rather than scientific merit would\r\nhalt the development of mifepristone as a treatment for numerous medical conditions disproportionately\r\naffecting women, including breast cancer, uterine cancer, uterine fibroid tumors, psychotic depression,\r\nbipolar depression and Cushing's syndrome. Women rely on the FDA to ensure their access to safe and\r\neffective drugs for reproductive health care including products that prevent pregnancy.\r\n\r\nFor some women, such as those with certain types of diabetes and those undergoing treatment for cancer,\r\npregnancy can be a life-threatening condition. We are concerned that Dr. Hager's strong religious beliefs may color his assessment of technologies that are necessary to protect women's lives or to preserve and promote women's health. Hager's track record of using religious beliefs to guide his medical decision-making makes him a dangerous and inappropriate candidate to serve as chair of this committee. Critical drug public policy and research must not be held hostage by antiabortion politics. Members of this important panel should be appointed on the basis of science and medicine, rather than politics and religion. American women deserve no less.\r\n\r\nWHAT CAN YOU DO?\r\n1. SEND THIS TO EVERY PERSON WHO IS CONCERNED ABOUT WOMEN'S RIGHTS.\r\n2. OPPOSE THE PLACEMENT OF THIS MAN BY CONTACTING THE WHITE HOUSE AND TELL THEM HE IS TOTALLY UNACCEPTABLE ON ANY LEVEL.\r\n\r\nPlease email President Bush at president@whitehouse.gov or call the White House at (202) 456-1111 or (202) 456-1414 and say \"I oppose the appointment of Dr. Hager to the FDA Reproductive Health Drugs Advisory Committee. Mixing religion and medicine is unacceptable. Using the FDA to promote a political agenda is inappropriate and seriously threatens all women's health.\"\r\n" } } }