{"_context" : {
    "_types" : {
      "DocumentMetaData" : {
        "_feature_types" : {"sofa" : "_ref" } }, 
      "Persuasive_Labels" : {
        "_feature_types" : {"sofa" : "_ref" } }, 
      "Sentence" : {
        "_feature_types" : {"sofa" : "_ref" } }, 
      "Sofa" : {
        "_feature_types" : {"sofaArray" : "_ref" } }, 
      "TagsetDescription" : {
        "_feature_types" : {"sofa" : "_ref",  "tags" : "_ref" } }, 
      "Token" : {
        "_feature_types" : {"sofa" : "_ref",  "parent" : "_ref",  "lemma" : "_ref",  "stem" : "_ref",  "pos" : "_ref",  "morph" : "_ref",  "form" : "_ref" } }, 
      "DocumentAnnotation" : {
        "_feature_types" : {"sofa" : "_ref" }, 
        "_subtypes" : ["DocumentMetaData" ] }, 
      "Annotation" : {
        "_feature_types" : {"sofa" : "_ref" }, 
        "_subtypes" : ["DocumentAnnotation",  "Persuasive_Labels",  "Sentence",  "TagsetDescription",  "Token" ] }, 
      "AnnotationBase" : {
        "_feature_types" : {"sofa" : "_ref" }, 
        "_subtypes" : ["Annotation" ] }, 
      "TOP" : {
        "_subtypes" : ["AnnotationBase",  "Sofa" ] } } }, 
  "_views" : {
    "_InitialView" : {
      "DocumentMetaData" : [
        {"sofa" : 12,  "end" : 7251,  "language" : "x-unspecified",  "documentTitle" : "191.%20tron-01437%20FDA%20Warning%20on%20Chicken%20Jerky%20Treats%20For%20Dogs%20From%20China%20.txt",  "documentId" : "admin",  "documentUri" : "file:/C:/Users/huiyi/.webanno/repository/project/4/document/547/source/admin",  "collectionId" : "file:/C:/Users/huiyi/.webanno/repository/project/4/document/547/source/",  "documentBaseUri" : "file:/C:/Users/huiyi/.webanno/repository/project/4/document/547/source/",  "isLastSegment" : false } ], 
      "TagsetDescription" : [
        {"sofa" : 12,  "layer" : "de.tudarmstadt.ukp.dkpro.core.api.syntax.type.dependency.Dependency",  "name" : "UD Universal Dependencies (v2)",  "input" : false }, 
        {"sofa" : 12,  "layer" : "de.tudarmstadt.ukp.dkpro.core.api.ner.type.NamedEntity",  "name" : "Named Entity tags",  "input" : false }, 
        {"sofa" : 12,  "layer" : "de.tudarmstadt.ukp.dkpro.core.api.transform.type.SofaChangeAnnotation",  "name" : "Operation",  "input" : false }, 
        {"sofa" : 12,  "layer" : "de.tudarmstadt.ukp.dkpro.core.api.lexmorph.type.pos.POS",  "name" : "UD Universal POS tags (v2)",  "input" : false }, 
        {"sofa" : 12,  "layer" : "webanno.custom.Persuasive_Labels",  "name" : "2. Using Anecdotes and Personal Experience as Evidence",  "input" : false } ], 
      "Sentence" : [
        {"sofa" : 12,  "end" : 502 }, 
        {"sofa" : 12,  "begin" : 503,  "end" : 662 }, 
        {"sofa" : 12,  "begin" : 664,  "end" : 793 }, 
        {"sofa" : 12,  "begin" : 794,  "end" : 827 }, 
        {"sofa" : 12,  "begin" : 828,  "end" : 947 }, 
        {"sofa" : 12,  "begin" : 948,  "end" : 1030 }, 
        {"sofa" : 12,  "begin" : 1032,  "end" : 1128 }, 
        {"sofa" : 12,  "begin" : 1130,  "end" : 1207 }, 
        {"sofa" : 12,  "begin" : 1208,  "end" : 1391 }, 
        {"sofa" : 12,  "begin" : 1393,  "end" : 1581 }, 
        {"sofa" : 12,  "begin" : 1583,  "end" : 1634 }, 
        {"sofa" : 12,  "begin" : 1635,  "end" : 1776 }, 
        {"sofa" : 12,  "begin" : 1777,  "end" : 1835 }, 
        {"sofa" : 12,  "begin" : 1837,  "end" : 1927 }, 
        {"sofa" : 12,  "begin" : 1931,  "end" : 2048 }, 
        {"sofa" : 12,  "begin" : 2049,  "end" : 2158 }, 
        {"sofa" : 12,  "begin" : 2159,  "end" : 2206 }, 
        {"sofa" : 12,  "begin" : 2208,  "end" : 2286 }, 
        {"sofa" : 12,  "begin" : 2288,  "end" : 2375 }, 
        {"sofa" : 12,  "begin" : 2377,  "end" : 2456 }, 
        {"sofa" : 12,  "begin" : 2457,  "end" : 2495 }, 
        {"sofa" : 12,  "begin" : 2497,  "end" : 2612 }, 
        {"sofa" : 12,  "begin" : 2614,  "end" : 3006 }, 
        {"sofa" : 12,  "begin" : 3007,  "end" : 3059 }, 
        {"sofa" : 12,  "begin" : 3061,  "end" : 3227 }, 
        {"sofa" : 12,  "begin" : 3228,  "end" : 3338 }, 
        {"sofa" : 12,  "begin" : 3339,  "end" : 3487 }, 
        {"sofa" : 12,  "begin" : 3488,  "end" : 3623 }, 
        {"sofa" : 12,  "begin" : 3627,  "end" : 3847 }, 
        {"sofa" : 12,  "begin" : 3849,  "end" : 3906 }, 
        {"sofa" : 12,  "begin" : 3907,  "end" : 4015 }, 
        {"sofa" : 12,  "begin" : 4017,  "end" : 4085 }, 
        {"sofa" : 12,  "begin" : 4086,  "end" : 4173 }, 
        {"sofa" : 12,  "begin" : 4174,  "end" : 4228 }, 
        {"sofa" : 12,  "begin" : 4229,  "end" : 4319 }, 
        {"sofa" : 12,  "begin" : 4320,  "end" : 4471 }, 
        {"sofa" : 12,  "begin" : 4473,  "end" : 4594 }, 
        {"sofa" : 12,  "begin" : 4596,  "end" : 4633 }, 
        {"sofa" : 12,  "begin" : 4634,  "end" : 4689 }, 
        {"sofa" : 12,  "begin" : 4691,  "end" : 4718 }, 
        {"sofa" : 12,  "begin" : 4719,  "end" : 4782 }, 
        {"sofa" : 12,  "begin" : 4784,  "end" : 4907 }, 
        {"sofa" : 12,  "begin" : 4908,  "end" : 5067 }, 
        {"sofa" : 12,  "begin" : 5068,  "end" : 5071 }, 
        {"sofa" : 12,  "begin" : 5072,  "end" : 5149 }, 
        {"sofa" : 12,  "begin" : 5151,  "end" : 5180 }, 
        {"sofa" : 12,  "begin" : 5181,  "end" : 5356 }, 
        {"sofa" : 12,  "begin" : 5358,  "end" : 5420 }, 
        {"sofa" : 12,  "begin" : 5421,  "end" : 5470 }, 
        {"sofa" : 12,  "begin" : 5471,  "end" : 5539 }, 
        {"sofa" : 12,  "begin" : 5540,  "end" : 5653 }, 
        {"sofa" : 12,  "begin" : 5655,  "end" : 5723 }, 
        {"sofa" : 12,  "begin" : 5724,  "end" : 5859 }, 
        {"sofa" : 12,  "begin" : 5861,  "end" : 5938 }, 
        {"sofa" : 12,  "begin" : 5939,  "end" : 6046 }, 
        {"sofa" : 12,  "begin" : 6048,  "end" : 6163 }, 
        {"sofa" : 12,  "begin" : 6165,  "end" : 6222 }, 
        {"sofa" : 12,  "begin" : 6223,  "end" : 6297 }, 
        {"sofa" : 12,  "begin" : 6298,  "end" : 6444 }, 
        {"sofa" : 12,  "begin" : 6445,  "end" : 6522 }, 
        {"sofa" : 12,  "begin" : 6524,  "end" : 6561 }, 
        {"sofa" : 12,  "begin" : 6563,  "end" : 6626 }, 
        {"sofa" : 12,  "begin" : 6627,  "end" : 6720 }, 
        {"sofa" : 12,  "begin" : 6722,  "end" : 6791 }, 
        {"sofa" : 12,  "begin" : 6793,  "end" : 6884 }, 
        {"sofa" : 12,  "begin" : 6885,  "end" : 6944 }, 
        {"sofa" : 12,  "begin" : 6945,  "end" : 7038 }, 
        {"sofa" : 12,  "begin" : 7039,  "end" : 7115 }, 
        {"sofa" : 12,  "begin" : 7116,  "end" : 7249 } ], 
      "Token" : [
        {"sofa" : 12,  "end" : 5 }, 
        {"sofa" : 12,  "begin" : 5,  "end" : 6 }, 
        {"sofa" : 12,  "begin" : 6,  "end" : 11 }, 
        {"sofa" : 12,  "begin" : 12,  "end" : 15 }, 
        {"sofa" : 12,  "begin" : 16,  "end" : 23 }, 
        {"sofa" : 12,  "begin" : 24,  "end" : 26 }, 
        {"sofa" : 12,  "begin" : 27,  "end" : 34 }, 
        {"sofa" : 12,  "begin" : 35,  "end" : 40 }, 
        {"sofa" : 12,  "begin" : 41,  "end" : 47 }, 
        {"sofa" : 12,  "begin" : 48,  "end" : 51 }, 
        {"sofa" : 12,  "begin" : 52,  "end" : 56 }, 
        {"sofa" : 12,  "begin" : 57,  "end" : 61 }, 
        {"sofa" : 12,  "begin" : 62,  "end" : 67 }, 
        {"sofa" : 12,  "begin" : 70,  "end" : 76 }, 
        {"sofa" : 12,  "begin" : 76,  "end" : 77 }, 
        {"sofa" : 12,  "begin" : 78,  "end" : 83 }, 
        {"sofa" : 12,  "begin" : 83,  "end" : 84 }, 
        {"sofa" : 12,  "begin" : 84,  "end" : 85 }, 
        {"sofa" : 12,  "begin" : 85,  "end" : 86 }, 
        {"sofa" : 12,  "begin" : 86,  "end" : 101 }, 
        {"sofa" : 12,  "begin" : 101,  "end" : 102 }, 
        {"sofa" : 12,  "begin" : 102,  "end" : 110 }, 
        {"sofa" : 12,  "begin" : 110,  "end" : 111 }, 
        {"sofa" : 12,  "begin" : 111,  "end" : 115 }, 
        {"sofa" : 12,  "begin" : 115,  "end" : 116 }, 
        {"sofa" : 12,  "begin" : 116,  "end" : 177 }, 
        {"sofa" : 12,  "begin" : 177,  "end" : 178 }, 
        {"sofa" : 12,  "begin" : 181,  "end" : 185 }, 
        {"sofa" : 12,  "begin" : 186,  "end" : 194 }, 
        {"sofa" : 12,  "begin" : 194,  "end" : 195 }, 
        {"sofa" : 12,  "begin" : 196,  "end" : 201 }, 
        {"sofa" : 12,  "begin" : 201,  "end" : 202 }, 
        {"sofa" : 12,  "begin" : 202,  "end" : 203 }, 
        {"sofa" : 12,  "begin" : 203,  "end" : 204 }, 
        {"sofa" : 12,  "begin" : 204,  "end" : 226 }, 
        {"sofa" : 12,  "begin" : 226,  "end" : 227 }, 
        {"sofa" : 12,  "begin" : 227,  "end" : 247 }, 
        {"sofa" : 12,  "begin" : 247,  "end" : 248 }, 
        {"sofa" : 12,  "begin" : 250,  "end" : 256 }, 
        {"sofa" : 12,  "begin" : 257,  "end" : 264 }, 
        {"sofa" : 12,  "begin" : 264,  "end" : 265 }, 
        {"sofa" : 12,  "begin" : 268,  "end" : 273 }, 
        {"sofa" : 12,  "begin" : 274,  "end" : 278 }, 
        {"sofa" : 12,  "begin" : 281,  "end" : 284 }, 
        {"sofa" : 12,  "begin" : 285,  "end" : 297 }, 
        {"sofa" : 12,  "begin" : 298,  "end" : 304 }, 
        {"sofa" : 12,  "begin" : 305,  "end" : 307 }, 
        {"sofa" : 12,  "begin" : 308,  "end" : 315 }, 
        {"sofa" : 12,  "begin" : 316,  "end" : 321 }, 
        {"sofa" : 12,  "begin" : 322,  "end" : 328 }, 
        {"sofa" : 12,  "begin" : 329,  "end" : 333 }, 
        {"sofa" : 12,  "begin" : 334,  "end" : 336 }, 
        {"sofa" : 12,  "begin" : 337,  "end" : 342 }, 
        {"sofa" : 12,  "begin" : 344,  "end" : 350 }, 
        {"sofa" : 12,  "begin" : 351,  "end" : 352 }, 
        {"sofa" : 12,  "begin" : 352,  "end" : 356 }, 
        {"sofa" : 12,  "begin" : 356,  "end" : 357 }, 
        {"sofa" : 12,  "begin" : 358,  "end" : 361 }, 
        {"sofa" : 12,  "begin" : 362,  "end" : 368 }, 
        {"sofa" : 12,  "begin" : 369,  "end" : 375 }, 
        {"sofa" : 12,  "begin" : 376,  "end" : 379 }, 
        {"sofa" : 12,  "begin" : 380,  "end" : 387 }, 
        {"sofa" : 12,  "begin" : 388,  "end" : 391 }, 
        {"sofa" : 12,  "begin" : 392,  "end" : 398 }, 
        {"sofa" : 12,  "begin" : 399,  "end" : 402 }, 
        {"sofa" : 12,  "begin" : 403,  "end" : 413 }, 
        {"sofa" : 12,  "begin" : 414,  "end" : 421 }, 
        {"sofa" : 12,  "begin" : 422,  "end" : 429 }, 
        {"sofa" : 12,  "begin" : 430,  "end" : 435 }, 
        {"sofa" : 12,  "begin" : 436,  "end" : 442 }, 
        {"sofa" : 12,  "begin" : 443,  "end" : 447 }, 
        {"sofa" : 12,  "begin" : 448,  "end" : 451 }, 
        {"sofa" : 12,  "begin" : 452,  "end" : 456 }, 
        {"sofa" : 12,  "begin" : 457,  "end" : 459 }, 
        {"sofa" : 12,  "begin" : 460,  "end" : 465 }, 
        {"sofa" : 12,  "begin" : 466,  "end" : 469 }, 
        {"sofa" : 12,  "begin" : 470,  "end" : 477 }, 
        {"sofa" : 12,  "begin" : 478,  "end" : 487 }, 
        {"sofa" : 12,  "begin" : 488,  "end" : 490 }, 
        {"sofa" : 12,  "begin" : 491,  "end" : 496 }, 
        {"sofa" : 12,  "begin" : 497,  "end" : 501 }, 
        {"sofa" : 12,  "begin" : 501,  "end" : 502 }, 
        {"sofa" : 12,  "begin" : 503,  "end" : 506 }, 
        {"sofa" : 12,  "begin" : 507,  "end" : 511 }, 
        {"sofa" : 12,  "begin" : 512,  "end" : 515 }, 
        {"sofa" : 12,  "begin" : 516,  "end" : 520 }, 
        {"sofa" : 12,  "begin" : 521,  "end" : 535 }, 
        {"sofa" : 12,  "begin" : 535,  "end" : 536 }, 
        {"sofa" : 12,  "begin" : 537,  "end" : 540 }, 
        {"sofa" : 12,  "begin" : 540,  "end" : 541 }, 
        {"sofa" : 12,  "begin" : 542,  "end" : 545 }, 
        {"sofa" : 12,  "begin" : 546,  "end" : 552 }, 
        {"sofa" : 12,  "begin" : 553,  "end" : 561 }, 
        {"sofa" : 12,  "begin" : 562,  "end" : 564 }, 
        {"sofa" : 12,  "begin" : 565,  "end" : 575 }, 
        {"sofa" : 12,  "begin" : 576,  "end" : 581 }, 
        {"sofa" : 12,  "begin" : 582,  "end" : 585 }, 
        {"sofa" : 12,  "begin" : 586,  "end" : 593 }, 
        {"sofa" : 12,  "begin" : 594,  "end" : 600 }, 
        {"sofa" : 12,  "begin" : 601,  "end" : 604 }, 
        {"sofa" : 12,  "begin" : 605,  "end" : 608 }, 
        {"sofa" : 12,  "begin" : 609,  "end" : 615 }, 
        {"sofa" : 12,  "begin" : 616,  "end" : 624 }, 
        {"sofa" : 12,  "begin" : 624,  "end" : 625 }, 
        {"sofa" : 12,  "begin" : 626,  "end" : 629 }, 
        {"sofa" : 12,  "begin" : 630,  "end" : 632 }, 
        {"sofa" : 12,  "begin" : 633,  "end" : 636 }, 
        {"sofa" : 12,  "begin" : 637,  "end" : 642 }, 
        {"sofa" : 12,  "begin" : 643,  "end" : 646 }, 
        {"sofa" : 12,  "begin" : 647,  "end" : 651 }, 
        {"sofa" : 12,  "begin" : 652,  "end" : 654 }, 
        {"sofa" : 12,  "begin" : 655,  "end" : 661 }, 
        {"sofa" : 12,  "begin" : 661,  "end" : 662 }, 
        {"sofa" : 12,  "begin" : 664,  "end" : 671 }, 
        {"sofa" : 12,  "begin" : 672,  "end" : 679 }, 
        {"sofa" : 12,  "begin" : 680,  "end" : 682 }, 
        {"sofa" : 12,  "begin" : 683,  "end" : 691 }, 
        {"sofa" : 12,  "begin" : 691,  "end" : 692 }, 
        {"sofa" : 12,  "begin" : 693,  "end" : 697 }, 
        {"sofa" : 12,  "begin" : 698,  "end" : 704 }, 
        {"sofa" : 12,  "begin" : 705,  "end" : 712 }, 
        {"sofa" : 12,  "begin" : 713,  "end" : 718 }, 
        {"sofa" : 12,  "begin" : 719,  "end" : 725 }, 
        {"sofa" : 12,  "begin" : 726,  "end" : 730 }, 
        {"sofa" : 12,  "begin" : 731,  "end" : 733 }, 
        {"sofa" : 12,  "begin" : 734,  "end" : 739 }, 
        {"sofa" : 12,  "begin" : 740,  "end" : 743 }, 
        {"sofa" : 12,  "begin" : 744,  "end" : 747 }, 
        {"sofa" : 12,  "begin" : 748,  "end" : 753 }, 
        {"sofa" : 12,  "begin" : 754,  "end" : 756 }, 
        {"sofa" : 12,  "begin" : 757,  "end" : 760 }, 
        {"sofa" : 12,  "begin" : 761,  "end" : 764 }, 
        {"sofa" : 12,  "begin" : 764,  "end" : 765 }, 
        {"sofa" : 12,  "begin" : 766,  "end" : 773 }, 
        {"sofa" : 12,  "begin" : 773,  "end" : 774 }, 
        {"sofa" : 12,  "begin" : 775,  "end" : 776 }, 
        {"sofa" : 12,  "begin" : 777,  "end" : 779 }, 
        {"sofa" : 12,  "begin" : 779,  "end" : 780 }, 
        {"sofa" : 12,  "begin" : 780,  "end" : 788 }, 
        {"sofa" : 12,  "begin" : 789,  "end" : 792 }, 
        {"sofa" : 12,  "begin" : 792,  "end" : 793 }, 
        {"sofa" : 12,  "begin" : 794,  "end" : 801 }, 
        {"sofa" : 12,  "begin" : 802,  "end" : 806 }, 
        {"sofa" : 12,  "begin" : 807,  "end" : 811 }, 
        {"sofa" : 12,  "begin" : 812,  "end" : 818 }, 
        {"sofa" : 12,  "begin" : 819,  "end" : 826 }, 
        {"sofa" : 12,  "begin" : 826,  "end" : 827 }, 
        {"sofa" : 12,  "begin" : 828,  "end" : 832 }, 
        {"sofa" : 12,  "begin" : 833,  "end" : 836 }, 
        {"sofa" : 12,  "begin" : 837,  "end" : 840 }, 
        {"sofa" : 12,  "begin" : 841,  "end" : 842 }, 
        {"sofa" : 12,  "begin" : 843,  "end" : 846 }, 
        {"sofa" : 12,  "begin" : 847,  "end" : 852 }, 
        {"sofa" : 12,  "begin" : 853,  "end" : 858 }, 
        {"sofa" : 12,  "begin" : 859,  "end" : 864 }, 
        {"sofa" : 12,  "begin" : 864,  "end" : 865 }, 
        {"sofa" : 12,  "begin" : 866,  "end" : 871 }, 
        {"sofa" : 12,  "begin" : 871,  "end" : 872 }, 
        {"sofa" : 12,  "begin" : 873,  "end" : 876 }, 
        {"sofa" : 12,  "begin" : 877,  "end" : 880 }, 
        {"sofa" : 12,  "begin" : 881,  "end" : 886 }, 
        {"sofa" : 12,  "begin" : 887,  "end" : 894 }, 
        {"sofa" : 12,  "begin" : 895,  "end" : 901 }, 
        {"sofa" : 12,  "begin" : 902,  "end" : 908 }, 
        {"sofa" : 12,  "begin" : 909,  "end" : 917 }, 
        {"sofa" : 12,  "begin" : 917,  "end" : 918 }, 
        {"sofa" : 12,  "begin" : 919,  "end" : 926 }, 
        {"sofa" : 12,  "begin" : 927,  "end" : 931 }, 
        {"sofa" : 12,  "begin" : 932,  "end" : 935 }, 
        {"sofa" : 12,  "begin" : 936,  "end" : 946 }, 
        {"sofa" : 12,  "begin" : 946,  "end" : 947 }, 
        {"sofa" : 12,  "begin" : 948,  "end" : 955 }, 
        {"sofa" : 12,  "begin" : 956,  "end" : 961 }, 
        {"sofa" : 12,  "begin" : 962,  "end" : 968 }, 
        {"sofa" : 12,  "begin" : 969,  "end" : 973 }, 
        {"sofa" : 12,  "begin" : 974,  "end" : 976 }, 
        {"sofa" : 12,  "begin" : 977,  "end" : 982 }, 
        {"sofa" : 12,  "begin" : 983,  "end" : 987 }, 
        {"sofa" : 12,  "begin" : 988,  "end" : 991 }, 
        {"sofa" : 12,  "begin" : 992,  "end" : 996 }, 
        {"sofa" : 12,  "begin" : 997,  "end" : 1002 }, 
        {"sofa" : 12,  "begin" : 1003,  "end" : 1006 }, 
        {"sofa" : 12,  "begin" : 1007,  "end" : 1010 }, 
        {"sofa" : 12,  "begin" : 1011,  "end" : 1015 }, 
        {"sofa" : 12,  "begin" : 1016,  "end" : 1019 }, 
        {"sofa" : 12,  "begin" : 1020,  "end" : 1022 }, 
        {"sofa" : 12,  "begin" : 1023,  "end" : 1029 }, 
        {"sofa" : 12,  "begin" : 1029,  "end" : 1030 }, 
        {"sofa" : 12,  "begin" : 1032,  "end" : 1033 }, 
        {"sofa" : 12,  "begin" : 1033,  "end" : 1034 }, 
        {"sofa" : 12,  "begin" : 1035,  "end" : 1038 }, 
        {"sofa" : 12,  "begin" : 1039,  "end" : 1046 }, 
        {"sofa" : 12,  "begin" : 1047,  "end" : 1049 }, 
        {"sofa" : 12,  "begin" : 1050,  "end" : 1053 }, 
        {"sofa" : 12,  "begin" : 1054,  "end" : 1062 }, 
        {"sofa" : 12,  "begin" : 1063,  "end" : 1066 }, 
        {"sofa" : 12,  "begin" : 1067,  "end" : 1068 }, 
        {"sofa" : 12,  "begin" : 1069,  "end" : 1072 }, 
        {"sofa" : 12,  "begin" : 1073,  "end" : 1076 }, 
        {"sofa" : 12,  "begin" : 1077,  "end" : 1084 }, 
        {"sofa" : 12,  "begin" : 1085,  "end" : 1087 }, 
        {"sofa" : 12,  "begin" : 1088,  "end" : 1091 }, 
        {"sofa" : 12,  "begin" : 1092,  "end" : 1099 }, 
        {"sofa" : 12,  "begin" : 1100,  "end" : 1105 }, 
        {"sofa" : 12,  "begin" : 1106,  "end" : 1112 }, 
        {"sofa" : 12,  "begin" : 1112,  "end" : 1113 }, 
        {"sofa" : 12,  "begin" : 1113,  "end" : 1114 }, 
        {"sofa" : 12,  "begin" : 1115,  "end" : 1122 }, 
        {"sofa" : 12,  "begin" : 1123,  "end" : 1127 }, 
        {"sofa" : 12,  "begin" : 1127,  "end" : 1128 }, 
        {"sofa" : 12,  "begin" : 1130,  "end" : 1133 }, 
        {"sofa" : 12,  "begin" : 1135,  "end" : 1138 }, 
        {"sofa" : 12,  "begin" : 1138,  "end" : 1139 }, 
        {"sofa" : 12,  "begin" : 1140,  "end" : 1143 }, 
        {"sofa" : 12,  "begin" : 1144,  "end" : 1150 }, 
        {"sofa" : 12,  "begin" : 1151,  "end" : 1152 }, 
        {"sofa" : 12,  "begin" : 1153,  "end" : 1161 }, 
        {"sofa" : 12,  "begin" : 1162,  "end" : 1171 }, 
        {"sofa" : 12,  "begin" : 1172,  "end" : 1179 }, 
        {"sofa" : 12,  "begin" : 1180,  "end" : 1185 }, 
        {"sofa" : 12,  "begin" : 1186,  "end" : 1192 }, 
        {"sofa" : 12,  "begin" : 1193,  "end" : 1197 }, 
        {"sofa" : 12,  "begin" : 1198,  "end" : 1200 }, 
        {"sofa" : 12,  "begin" : 1201,  "end" : 1206 }, 
        {"sofa" : 12,  "begin" : 1206,  "end" : 1207 }, 
        {"sofa" : 12,  "begin" : 1208,  "end" : 1210 }, 
        {"sofa" : 12,  "begin" : 1211,  "end" : 1219 }, 
        {"sofa" : 12,  "begin" : 1220,  "end" : 1224 }, 
        {"sofa" : 12,  "begin" : 1224,  "end" : 1225 }, 
        {"sofa" : 12,  "begin" : 1226,  "end" : 1229 }, 
        {"sofa" : 12,  "begin" : 1230,  "end" : 1233 }, 
        {"sofa" : 12,  "begin" : 1234,  "end" : 1241 }, 
        {"sofa" : 12,  "begin" : 1242,  "end" : 1248 }, 
        {"sofa" : 12,  "begin" : 1249,  "end" : 1253 }, 
        {"sofa" : 12,  "begin" : 1254,  "end" : 1257 }, 
        {"sofa" : 12,  "begin" : 1258,  "end" : 1264 }, 
        {"sofa" : 12,  "begin" : 1265,  "end" : 1268 }, 
        {"sofa" : 12,  "begin" : 1269,  "end" : 1271 }, 
        {"sofa" : 12,  "begin" : 1272,  "end" : 1280 }, 
        {"sofa" : 12,  "begin" : 1281,  "end" : 1283 }, 
        {"sofa" : 12,  "begin" : 1284,  "end" : 1287 }, 
        {"sofa" : 12,  "begin" : 1288,  "end" : 1294 }, 
        {"sofa" : 12,  "begin" : 1295,  "end" : 1297 }, 
        {"sofa" : 12,  "begin" : 1298,  "end" : 1308 }, 
        {"sofa" : 12,  "begin" : 1309,  "end" : 1313 }, 
        {"sofa" : 12,  "begin" : 1314,  "end" : 1322 }, 
        {"sofa" : 12,  "begin" : 1323,  "end" : 1325 }, 
        {"sofa" : 12,  "begin" : 1326,  "end" : 1329 }, 
        {"sofa" : 12,  "begin" : 1330,  "end" : 1339 }, 
        {"sofa" : 12,  "begin" : 1339,  "end" : 1340 }, 
        {"sofa" : 12,  "begin" : 1341,  "end" : 1344 }, 
        {"sofa" : 12,  "begin" : 1345,  "end" : 1348 }, 
        {"sofa" : 12,  "begin" : 1349,  "end" : 1354 }, 
        {"sofa" : 12,  "begin" : 1355,  "end" : 1357 }, 
        {"sofa" : 12,  "begin" : 1358,  "end" : 1365 }, 
        {"sofa" : 12,  "begin" : 1366,  "end" : 1374 }, 
        {"sofa" : 12,  "begin" : 1375,  "end" : 1381 }, 
        {"sofa" : 12,  "begin" : 1382,  "end" : 1390 }, 
        {"sofa" : 12,  "begin" : 1390,  "end" : 1391 }, 
        {"sofa" : 12,  "begin" : 1393,  "end" : 1394 }, 
        {"sofa" : 12,  "begin" : 1394,  "end" : 1395 }, 
        {"sofa" : 12,  "begin" : 1396,  "end" : 1400 }, 
        {"sofa" : 12,  "begin" : 1401,  "end" : 1404 }, 
        {"sofa" : 12,  "begin" : 1405,  "end" : 1412 }, 
        {"sofa" : 12,  "begin" : 1413,  "end" : 1416 }, 
        {"sofa" : 12,  "begin" : 1417,  "end" : 1420 }, 
        {"sofa" : 12,  "begin" : 1421,  "end" : 1424 }, 
        {"sofa" : 12,  "begin" : 1425,  "end" : 1429 }, 
        {"sofa" : 12,  "begin" : 1430,  "end" : 1431 }, 
        {"sofa" : 12,  "begin" : 1432,  "end" : 1438 }, 
        {"sofa" : 12,  "begin" : 1439,  "end" : 1441 }, 
        {"sofa" : 12,  "begin" : 1442,  "end" : 1445 }, 
        {"sofa" : 12,  "begin" : 1446,  "end" : 1449 }, 
        {"sofa" : 12,  "begin" : 1449,  "end" : 1450 }, 
        {"sofa" : 12,  "begin" : 1451,  "end" : 1453 }, 
        {"sofa" : 12,  "begin" : 1454,  "end" : 1458 }, 
        {"sofa" : 12,  "begin" : 1459,  "end" : 1461 }, 
        {"sofa" : 12,  "begin" : 1462,  "end" : 1465 }, 
        {"sofa" : 12,  "begin" : 1466,  "end" : 1478 }, 
        {"sofa" : 12,  "begin" : 1479,  "end" : 1482 }, 
        {"sofa" : 12,  "begin" : 1483,  "end" : 1494 }, 
        {"sofa" : 12,  "begin" : 1495,  "end" : 1497 }, 
        {"sofa" : 12,  "begin" : 1498,  "end" : 1503 }, 
        {"sofa" : 12,  "begin" : 1504,  "end" : 1512 }, 
        {"sofa" : 12,  "begin" : 1512,  "end" : 1513 }, 
        {"sofa" : 12,  "begin" : 1514,  "end" : 1517 }, 
        {"sofa" : 12,  "begin" : 1518,  "end" : 1523 }, 
        {"sofa" : 12,  "begin" : 1524,  "end" : 1527 }, 
        {"sofa" : 12,  "begin" : 1528,  "end" : 1531 }, 
        {"sofa" : 12,  "begin" : 1532,  "end" : 1536 }, 
        {"sofa" : 12,  "begin" : 1537,  "end" : 1539 }, 
        {"sofa" : 12,  "begin" : 1540,  "end" : 1543 }, 
        {"sofa" : 12,  "begin" : 1544,  "end" : 1545 }, 
        {"sofa" : 12,  "begin" : 1545,  "end" : 1549 }, 
        {"sofa" : 12,  "begin" : 1550,  "end" : 1552 }, 
        {"sofa" : 12,  "begin" : 1553,  "end" : 1558 }, 
        {"sofa" : 12,  "begin" : 1558,  "end" : 1559 }, 
        {"sofa" : 12,  "begin" : 1559,  "end" : 1560 }, 
        {"sofa" : 12,  "begin" : 1560,  "end" : 1561 }, 
        {"sofa" : 12,  "begin" : 1562,  "end" : 1569 }, 
        {"sofa" : 12,  "begin" : 1570,  "end" : 1580 }, 
        {"sofa" : 12,  "begin" : 1580,  "end" : 1581 }, 
        {"sofa" : 12,  "begin" : 1583,  "end" : 1585 }, 
        {"sofa" : 12,  "begin" : 1586,  "end" : 1589 }, 
        {"sofa" : 12,  "begin" : 1590,  "end" : 1591 }, 
        {"sofa" : 12,  "begin" : 1592,  "end" : 1595 }, 
        {"sofa" : 12,  "begin" : 1596,  "end" : 1598 }, 
        {"sofa" : 12,  "begin" : 1599,  "end" : 1605 }, 
        {"sofa" : 12,  "begin" : 1605,  "end" : 1606 }, 
        {"sofa" : 12,  "begin" : 1607,  "end" : 1612 }, 
        {"sofa" : 12,  "begin" : 1613,  "end" : 1620 }, 
        {"sofa" : 12,  "begin" : 1621,  "end" : 1626 }, 
        {"sofa" : 12,  "begin" : 1627,  "end" : 1633 }, 
        {"sofa" : 12,  "begin" : 1633,  "end" : 1634 }, 
        {"sofa" : 12,  "begin" : 1635,  "end" : 1642 }, 
        {"sofa" : 12,  "begin" : 1643,  "end" : 1646 }, 
        {"sofa" : 12,  "begin" : 1647,  "end" : 1651 }, 
        {"sofa" : 12,  "begin" : 1652,  "end" : 1654 }, 
        {"sofa" : 12,  "begin" : 1655,  "end" : 1658 }, 
        {"sofa" : 12,  "begin" : 1659,  "end" : 1664 }, 
        {"sofa" : 12,  "begin" : 1665,  "end" : 1667 }, 
        {"sofa" : 12,  "begin" : 1668,  "end" : 1671 }, 
        {"sofa" : 12,  "begin" : 1672,  "end" : 1675 }, 
        {"sofa" : 12,  "begin" : 1676,  "end" : 1678 }, 
        {"sofa" : 12,  "begin" : 1679,  "end" : 1683 }, 
        {"sofa" : 12,  "begin" : 1684,  "end" : 1687 }, 
        {"sofa" : 12,  "begin" : 1688,  "end" : 1691 }, 
        {"sofa" : 12,  "begin" : 1692,  "end" : 1695 }, 
        {"sofa" : 12,  "begin" : 1696,  "end" : 1701 }, 
        {"sofa" : 12,  "begin" : 1702,  "end" : 1711 }, 
        {"sofa" : 12,  "begin" : 1711,  "end" : 1712 }, 
        {"sofa" : 12,  "begin" : 1713,  "end" : 1716 }, 
        {"sofa" : 12,  "begin" : 1717,  "end" : 1720 }, 
        {"sofa" : 12,  "begin" : 1721,  "end" : 1728 }, 
        {"sofa" : 12,  "begin" : 1729,  "end" : 1734 }, 
        {"sofa" : 12,  "begin" : 1735,  "end" : 1738 }, 
        {"sofa" : 12,  "begin" : 1739,  "end" : 1743 }, 
        {"sofa" : 12,  "begin" : 1744,  "end" : 1748 }, 
        {"sofa" : 12,  "begin" : 1749,  "end" : 1754 }, 
        {"sofa" : 12,  "begin" : 1755,  "end" : 1764 }, 
        {"sofa" : 12,  "begin" : 1765,  "end" : 1767 }, 
        {"sofa" : 12,  "begin" : 1768,  "end" : 1775 }, 
        {"sofa" : 12,  "begin" : 1775,  "end" : 1776 }, 
        {"sofa" : 12,  "begin" : 1777,  "end" : 1784 }, 
        {"sofa" : 12,  "begin" : 1785,  "end" : 1794 }, 
        {"sofa" : 12,  "begin" : 1795,  "end" : 1801 }, 
        {"sofa" : 12,  "begin" : 1802,  "end" : 1808 }, 
        {"sofa" : 12,  "begin" : 1808,  "end" : 1809 }, 
        {"sofa" : 12,  "begin" : 1810,  "end" : 1813 }, 
        {"sofa" : 12,  "begin" : 1814,  "end" : 1820 }, 
        {"sofa" : 12,  "begin" : 1821,  "end" : 1823 }, 
        {"sofa" : 12,  "begin" : 1824,  "end" : 1827 }, 
        {"sofa" : 12,  "begin" : 1828,  "end" : 1834 }, 
        {"sofa" : 12,  "begin" : 1834,  "end" : 1835 }, 
        {"sofa" : 12,  "begin" : 1837,  "end" : 1838 }, 
        {"sofa" : 12,  "begin" : 1838,  "end" : 1841 }, 
        {"sofa" : 12,  "begin" : 1842,  "end" : 1846 }, 
        {"sofa" : 12,  "begin" : 1847,  "end" : 1849 }, 
        {"sofa" : 12,  "begin" : 1850,  "end" : 1854 }, 
        {"sofa" : 12,  "begin" : 1855,  "end" : 1860 }, 
        {"sofa" : 12,  "begin" : 1861,  "end" : 1865 }, 
        {"sofa" : 12,  "begin" : 1866,  "end" : 1867 }, 
        {"sofa" : 12,  "begin" : 1868,  "end" : 1876 }, 
        {"sofa" : 12,  "begin" : 1877,  "end" : 1884 }, 
        {"sofa" : 12,  "begin" : 1885,  "end" : 1888 }, 
        {"sofa" : 12,  "begin" : 1889,  "end" : 1891 }, 
        {"sofa" : 12,  "begin" : 1892,  "end" : 1895 }, 
        {"sofa" : 12,  "begin" : 1896,  "end" : 1901 }, 
        {"sofa" : 12,  "begin" : 1902,  "end" : 1906 }, 
        {"sofa" : 12,  "begin" : 1907,  "end" : 1911 }, 
        {"sofa" : 12,  "begin" : 1911,  "end" : 1912 }, 
        {"sofa" : 12,  "begin" : 1912,  "end" : 1913 }, 
        {"sofa" : 12,  "begin" : 1914,  "end" : 1921 }, 
        {"sofa" : 12,  "begin" : 1922,  "end" : 1926 }, 
        {"sofa" : 12,  "begin" : 1926,  "end" : 1927 }, 
        {"sofa" : 12,  "begin" : 1931,  "end" : 1936 }, 
        {"sofa" : 12,  "begin" : 1937,  "end" : 1941 }, 
        {"sofa" : 12,  "begin" : 1941,  "end" : 1942 }, 
        {"sofa" : 12,  "begin" : 1943,  "end" : 1950 }, 
        {"sofa" : 12,  "begin" : 1951,  "end" : 1954 }, 
        {"sofa" : 12,  "begin" : 1955,  "end" : 1959 }, 
        {"sofa" : 12,  "begin" : 1960,  "end" : 1962 }, 
        {"sofa" : 12,  "begin" : 1963,  "end" : 1964 }, 
        {"sofa" : 12,  "begin" : 1965,  "end" : 1972 }, 
        {"sofa" : 12,  "begin" : 1973,  "end" : 1975 }, 
        {"sofa" : 12,  "begin" : 1976,  "end" : 1985 }, 
        {"sofa" : 12,  "begin" : 1986,  "end" : 1989 }, 
        {"sofa" : 12,  "begin" : 1990,  "end" : 1997 }, 
        {"sofa" : 12,  "begin" : 1998,  "end" : 2001 }, 
        {"sofa" : 12,  "begin" : 2002,  "end" : 2006 }, 
        {"sofa" : 12,  "begin" : 2007,  "end" : 2010 }, 
        {"sofa" : 12,  "begin" : 2011,  "end" : 2014 }, 
        {"sofa" : 12,  "begin" : 2015,  "end" : 2018 }, 
        {"sofa" : 12,  "begin" : 2019,  "end" : 2022 }, 
        {"sofa" : 12,  "begin" : 2023,  "end" : 2028 }, 
        {"sofa" : 12,  "begin" : 2029,  "end" : 2035 }, 
        {"sofa" : 12,  "begin" : 2036,  "end" : 2047 }, 
        {"sofa" : 12,  "begin" : 2047,  "end" : 2048 }, 
        {"sofa" : 12,  "begin" : 2049,  "end" : 2052 }, 
        {"sofa" : 12,  "begin" : 2053,  "end" : 2057 }, 
        {"sofa" : 12,  "begin" : 2058,  "end" : 2061 }, 
        {"sofa" : 12,  "begin" : 2062,  "end" : 2067 }, 
        {"sofa" : 12,  "begin" : 2068,  "end" : 2070 }, 
        {"sofa" : 12,  "begin" : 2071,  "end" : 2076 }, 
        {"sofa" : 12,  "begin" : 2077,  "end" : 2087 }, 
        {"sofa" : 12,  "begin" : 2088,  "end" : 2096 }, 
        {"sofa" : 12,  "begin" : 2097,  "end" : 2100 }, 
        {"sofa" : 12,  "begin" : 2101,  "end" : 2107 }, 
        {"sofa" : 12,  "begin" : 2108,  "end" : 2115 }, 
        {"sofa" : 12,  "begin" : 2116,  "end" : 2123 }, 
        {"sofa" : 12,  "begin" : 2124,  "end" : 2129 }, 
        {"sofa" : 12,  "begin" : 2129,  "end" : 2130 }, 
        {"sofa" : 12,  "begin" : 2131,  "end" : 2134 }, 
        {"sofa" : 12,  "begin" : 2135,  "end" : 2149 }, 
        {"sofa" : 12,  "begin" : 2150,  "end" : 2152 }, 
        {"sofa" : 12,  "begin" : 2153,  "end" : 2157 }, 
        {"sofa" : 12,  "begin" : 2157,  "end" : 2158 }, 
        {"sofa" : 12,  "begin" : 2159,  "end" : 2164 }, 
        {"sofa" : 12,  "begin" : 2165,  "end" : 2168 }, 
        {"sofa" : 12,  "begin" : 2169,  "end" : 2174 }, 
        {"sofa" : 12,  "begin" : 2175,  "end" : 2180 }, 
        {"sofa" : 12,  "begin" : 2181,  "end" : 2183 }, 
        {"sofa" : 12,  "begin" : 2184,  "end" : 2187 }, 
        {"sofa" : 12,  "begin" : 2188,  "end" : 2193 }, 
        {"sofa" : 12,  "begin" : 2194,  "end" : 2196 }, 
        {"sofa" : 12,  "begin" : 2197,  "end" : 2205 }, 
        {"sofa" : 12,  "begin" : 2205,  "end" : 2206 }, 
        {"sofa" : 12,  "begin" : 2208,  "end" : 2210 }, 
        {"sofa" : 12,  "begin" : 2211,  "end" : 2214 }, 
        {"sofa" : 12,  "begin" : 2215,  "end" : 2218 }, 
        {"sofa" : 12,  "begin" : 2219,  "end" : 2229 }, 
        {"sofa" : 12,  "begin" : 2230,  "end" : 2240 }, 
        {"sofa" : 12,  "begin" : 2241,  "end" : 2245 }, 
        {"sofa" : 12,  "begin" : 2246,  "end" : 2250 }, 
        {"sofa" : 12,  "begin" : 2251,  "end" : 2256 }, 
        {"sofa" : 12,  "begin" : 2257,  "end" : 2265 }, 
        {"sofa" : 12,  "begin" : 2266,  "end" : 2270 }, 
        {"sofa" : 12,  "begin" : 2271,  "end" : 2274 }, 
        {"sofa" : 12,  "begin" : 2275,  "end" : 2285 }, 
        {"sofa" : 12,  "begin" : 2285,  "end" : 2286 }, 
        {"sofa" : 12,  "begin" : 2288,  "end" : 2289 }, 
        {"sofa" : 12,  "begin" : 2289,  "end" : 2291 }, 
        {"sofa" : 12,  "begin" : 2292,  "end" : 2294 }, 
        {"sofa" : 12,  "begin" : 2295,  "end" : 2299 }, 
        {"sofa" : 12,  "begin" : 2299,  "end" : 2300 }, 
        {"sofa" : 12,  "begin" : 2301,  "end" : 2307 }, 
        {"sofa" : 12,  "begin" : 2308,  "end" : 2315 }, 
        {"sofa" : 12,  "begin" : 2316,  "end" : 2320 }, 
        {"sofa" : 12,  "begin" : 2321,  "end" : 2324 }, 
        {"sofa" : 12,  "begin" : 2325,  "end" : 2330 }, 
        {"sofa" : 12,  "begin" : 2331,  "end" : 2333 }, 
        {"sofa" : 12,  "begin" : 2334,  "end" : 2337 }, 
        {"sofa" : 12,  "begin" : 2338,  "end" : 2345 }, 
        {"sofa" : 12,  "begin" : 2346,  "end" : 2353 }, 
        {"sofa" : 12,  "begin" : 2354,  "end" : 2358 }, 
        {"sofa" : 12,  "begin" : 2358,  "end" : 2359 }, 
        {"sofa" : 12,  "begin" : 2359,  "end" : 2360 }, 
        {"sofa" : 12,  "begin" : 2361,  "end" : 2369 }, 
        {"sofa" : 12,  "begin" : 2370,  "end" : 2374 }, 
        {"sofa" : 12,  "begin" : 2374,  "end" : 2375 }, 
        {"sofa" : 12,  "begin" : 2377,  "end" : 2380 }, 
        {"sofa" : 12,  "begin" : 2381,  "end" : 2389 }, 
        {"sofa" : 12,  "begin" : 2390,  "end" : 2397 }, 
        {"sofa" : 12,  "begin" : 2397,  "end" : 2398 }, 
        {"sofa" : 12,  "begin" : 2399,  "end" : 2403 }, 
        {"sofa" : 12,  "begin" : 2404,  "end" : 2412 }, 
        {"sofa" : 12,  "begin" : 2413,  "end" : 2416 }, 
        {"sofa" : 12,  "begin" : 2417,  "end" : 2418 }, 
        {"sofa" : 12,  "begin" : 2419,  "end" : 2420 }, 
        {"sofa" : 12,  "begin" : 2420,  "end" : 2421 }, 
        {"sofa" : 12,  "begin" : 2421,  "end" : 2429 }, 
        {"sofa" : 12,  "begin" : 2430,  "end" : 2433 }, 
        {"sofa" : 12,  "begin" : 2434,  "end" : 2441 }, 
        {"sofa" : 12,  "begin" : 2442,  "end" : 2447 }, 
        {"sofa" : 12,  "begin" : 2448,  "end" : 2455 }, 
        {"sofa" : 12,  "begin" : 2455,  "end" : 2456 }, 
        {"sofa" : 12,  "begin" : 2457,  "end" : 2464 }, 
        {"sofa" : 12,  "begin" : 2465,  "end" : 2469 }, 
        {"sofa" : 12,  "begin" : 2470,  "end" : 2474 }, 
        {"sofa" : 12,  "begin" : 2475,  "end" : 2479 }, 
        {"sofa" : 12,  "begin" : 2480,  "end" : 2486 }, 
        {"sofa" : 12,  "begin" : 2487,  "end" : 2494 }, 
        {"sofa" : 12,  "begin" : 2494,  "end" : 2495 }, 
        {"sofa" : 12,  "begin" : 2497,  "end" : 2498 }, 
        {"sofa" : 12,  "begin" : 2498,  "end" : 2500 }, 
        {"sofa" : 12,  "begin" : 2501,  "end" : 2504 }, 
        {"sofa" : 12,  "begin" : 2505,  "end" : 2514 }, 
        {"sofa" : 12,  "begin" : 2514,  "end" : 2515 }, 
        {"sofa" : 12,  "begin" : 2516,  "end" : 2518 }, 
        {"sofa" : 12,  "begin" : 2519,  "end" : 2525 }, 
        {"sofa" : 12,  "begin" : 2526,  "end" : 2529 }, 
        {"sofa" : 12,  "begin" : 2529,  "end" : 2530 }, 
        {"sofa" : 12,  "begin" : 2531,  "end" : 2533 }, 
        {"sofa" : 12,  "begin" : 2534,  "end" : 2540 }, 
        {"sofa" : 12,  "begin" : 2541,  "end" : 2550 }, 
        {"sofa" : 12,  "begin" : 2550,  "end" : 2551 }, 
        {"sofa" : 12,  "begin" : 2552,  "end" : 2555 }, 
        {"sofa" : 12,  "begin" : 2556,  "end" : 2558 }, 
        {"sofa" : 12,  "begin" : 2559,  "end" : 2562 }, 
        {"sofa" : 12,  "begin" : 2563,  "end" : 2571 }, 
        {"sofa" : 12,  "begin" : 2572,  "end" : 2575 }, 
        {"sofa" : 12,  "begin" : 2576,  "end" : 2585 }, 
        {"sofa" : 12,  "begin" : 2586,  "end" : 2587 }, 
        {"sofa" : 12,  "begin" : 2588,  "end" : 2591 }, 
        {"sofa" : 12,  "begin" : 2591,  "end" : 2592 }, 
        {"sofa" : 12,  "begin" : 2592,  "end" : 2593 }, 
        {"sofa" : 12,  "begin" : 2594,  "end" : 2602 }, 
        {"sofa" : 12,  "begin" : 2603,  "end" : 2611 }, 
        {"sofa" : 12,  "begin" : 2611,  "end" : 2612 }, 
        {"sofa" : 12,  "begin" : 2614,  "end" : 2617 }, 
        {"sofa" : 12,  "begin" : 2618,  "end" : 2624 }, 
        {"sofa" : 12,  "begin" : 2625,  "end" : 2628 }, 
        {"sofa" : 12,  "begin" : 2629,  "end" : 2632 }, 
        {"sofa" : 12,  "begin" : 2633,  "end" : 2639 }, 
        {"sofa" : 12,  "begin" : 2640,  "end" : 2643 }, 
        {"sofa" : 12,  "begin" : 2644,  "end" : 2654 }, 
        {"sofa" : 12,  "begin" : 2655,  "end" : 2662 }, 
        {"sofa" : 12,  "begin" : 2663,  "end" : 2670 }, 
        {"sofa" : 12,  "begin" : 2671,  "end" : 2676 }, 
        {"sofa" : 12,  "begin" : 2677,  "end" : 2683 }, 
        {"sofa" : 12,  "begin" : 2684,  "end" : 2688 }, 
        {"sofa" : 12,  "begin" : 2689,  "end" : 2691 }, 
        {"sofa" : 12,  "begin" : 2692,  "end" : 2697 }, 
        {"sofa" : 12,  "begin" : 2698,  "end" : 2701 }, 
        {"sofa" : 12,  "begin" : 2702,  "end" : 2709 }, 
        {"sofa" : 12,  "begin" : 2710,  "end" : 2712 }, 
        {"sofa" : 12,  "begin" : 2713,  "end" : 2718 }, 
        {"sofa" : 12,  "begin" : 2719,  "end" : 2723 }, 
        {"sofa" : 12,  "begin" : 2724,  "end" : 2730 }, 
        {"sofa" : 12,  "begin" : 2731,  "end" : 2736 }, 
        {"sofa" : 12,  "begin" : 2737,  "end" : 2745 }, 
        {"sofa" : 12,  "begin" : 2745,  "end" : 2746 }, 
        {"sofa" : 12,  "begin" : 2748,  "end" : 2749 }, 
        {"sofa" : 12,  "begin" : 2749,  "end" : 2750 }, 
        {"sofa" : 12,  "begin" : 2751,  "end" : 2760 }, 
        {"sofa" : 12,  "begin" : 2761,  "end" : 2769 }, 
        {"sofa" : 12,  "begin" : 2771,  "end" : 2772 }, 
        {"sofa" : 12,  "begin" : 2772,  "end" : 2773 }, 
        {"sofa" : 12,  "begin" : 2774,  "end" : 2783 }, 
        {"sofa" : 12,  "begin" : 2784,  "end" : 2792 }, 
        {"sofa" : 12,  "begin" : 2794,  "end" : 2795 }, 
        {"sofa" : 12,  "begin" : 2795,  "end" : 2796 }, 
        {"sofa" : 12,  "begin" : 2797,  "end" : 2805 }, 
        {"sofa" : 12,  "begin" : 2807,  "end" : 2808 }, 
        {"sofa" : 12,  "begin" : 2808,  "end" : 2809 }, 
        {"sofa" : 12,  "begin" : 2810,  "end" : 2818 }, 
        {"sofa" : 12,  "begin" : 2819,  "end" : 2820 }, 
        {"sofa" : 12,  "begin" : 2821,  "end" : 2830 }, 
        {"sofa" : 12,  "begin" : 2831,  "end" : 2835 }, 
        {"sofa" : 12,  "begin" : 2836,  "end" : 2841 }, 
        {"sofa" : 12,  "begin" : 2843,  "end" : 2844 }, 
        {"sofa" : 12,  "begin" : 2844,  "end" : 2845 }, 
        {"sofa" : 12,  "begin" : 2846,  "end" : 2855 }, 
        {"sofa" : 12,  "begin" : 2856,  "end" : 2861 }, 
        {"sofa" : 12,  "begin" : 2862,  "end" : 2873 }, 
        {"sofa" : 12,  "begin" : 2875,  "end" : 2876 }, 
        {"sofa" : 12,  "begin" : 2876,  "end" : 2877 }, 
        {"sofa" : 12,  "begin" : 2878,  "end" : 2887 }, 
        {"sofa" : 12,  "begin" : 2888,  "end" : 2897 }, 
        {"sofa" : 12,  "begin" : 2899,  "end" : 2900 }, 
        {"sofa" : 12,  "begin" : 2900,  "end" : 2901 }, 
        {"sofa" : 12,  "begin" : 2902,  "end" : 2908 }, 
        {"sofa" : 12,  "begin" : 2909,  "end" : 2917 }, 
        {"sofa" : 12,  "begin" : 2917,  "end" : 2918 }, 
        {"sofa" : 12,  "begin" : 2919,  "end" : 2928 }, 
        {"sofa" : 12,  "begin" : 2929,  "end" : 2941 }, 
        {"sofa" : 12,  "begin" : 2942,  "end" : 2950 }, 
        {"sofa" : 12,  "begin" : 2952,  "end" : 2953 }, 
        {"sofa" : 12,  "begin" : 2953,  "end" : 2956 }, 
        {"sofa" : 12,  "begin" : 2957,  "end" : 2967 }, 
        {"sofa" : 12,  "begin" : 2968,  "end" : 2975 }, 
        {"sofa" : 12,  "begin" : 2975,  "end" : 2976 }, 
        {"sofa" : 12,  "begin" : 2977,  "end" : 2978 }, 
        {"sofa" : 12,  "begin" : 2979,  "end" : 2983 }, 
        {"sofa" : 12,  "begin" : 2983,  "end" : 2984 }, 
        {"sofa" : 12,  "begin" : 2985,  "end" : 2987 }, 
        {"sofa" : 12,  "begin" : 2988,  "end" : 2992 }, 
        {"sofa" : 12,  "begin" : 2993,  "end" : 2997 }, 
        {"sofa" : 12,  "begin" : 2998,  "end" : 3000 }, 
        {"sofa" : 12,  "begin" : 3001,  "end" : 3005 }, 
        {"sofa" : 12,  "begin" : 3005,  "end" : 3006 }, 
        {"sofa" : 12,  "begin" : 3007,  "end" : 3008 }, 
        {"sofa" : 12,  "begin" : 3009,  "end" : 3012 }, 
        {"sofa" : 12,  "begin" : 3013,  "end" : 3016 }, 
        {"sofa" : 12,  "begin" : 3017,  "end" : 3020 }, 
        {"sofa" : 12,  "begin" : 3021,  "end" : 3026 }, 
        {"sofa" : 12,  "begin" : 3027,  "end" : 3031 }, 
        {"sofa" : 12,  "begin" : 3032,  "end" : 3038 }, 
        {"sofa" : 12,  "begin" : 3039,  "end" : 3042 }, 
        {"sofa" : 12,  "begin" : 3042,  "end" : 3043 }, 
        {"sofa" : 12,  "begin" : 3043,  "end" : 3044 }, 
        {"sofa" : 12,  "begin" : 3045,  "end" : 3053 }, 
        {"sofa" : 12,  "begin" : 3054,  "end" : 3058 }, 
        {"sofa" : 12,  "begin" : 3058,  "end" : 3059 }, 
        {"sofa" : 12,  "begin" : 3061,  "end" : 3064 }, 
        {"sofa" : 12,  "begin" : 3065,  "end" : 3068 }, 
        {"sofa" : 12,  "begin" : 3069,  "end" : 3075 }, 
        {"sofa" : 12,  "begin" : 3076,  "end" : 3079 }, 
        {"sofa" : 12,  "begin" : 3080,  "end" : 3085 }, 
        {"sofa" : 12,  "begin" : 3086,  "end" : 3093 }, 
        {"sofa" : 12,  "begin" : 3094,  "end" : 3099 }, 
        {"sofa" : 12,  "begin" : 3100,  "end" : 3103 }, 
        {"sofa" : 12,  "begin" : 3104,  "end" : 3110 }, 
        {"sofa" : 12,  "begin" : 3111,  "end" : 3113 }, 
        {"sofa" : 12,  "begin" : 3114,  "end" : 3118 }, 
        {"sofa" : 12,  "begin" : 3118,  "end" : 3119 }, 
        {"sofa" : 12,  "begin" : 3120,  "end" : 3127 }, 
        {"sofa" : 12,  "begin" : 3128,  "end" : 3135 }, 
        {"sofa" : 12,  "begin" : 3136,  "end" : 3139 }, 
        {"sofa" : 12,  "begin" : 3140,  "end" : 3146 }, 
        {"sofa" : 12,  "begin" : 3147,  "end" : 3149 }, 
        {"sofa" : 12,  "begin" : 3150,  "end" : 3154 }, 
        {"sofa" : 12,  "begin" : 3154,  "end" : 3155 }, 
        {"sofa" : 12,  "begin" : 3156,  "end" : 3159 }, 
        {"sofa" : 12,  "begin" : 3160,  "end" : 3164 }, 
        {"sofa" : 12,  "begin" : 3165,  "end" : 3170 }, 
        {"sofa" : 12,  "begin" : 3171,  "end" : 3173 }, 
        {"sofa" : 12,  "begin" : 3174,  "end" : 3178 }, 
        {"sofa" : 12,  "begin" : 3179,  "end" : 3184 }, 
        {"sofa" : 12,  "begin" : 3185,  "end" : 3188 }, 
        {"sofa" : 12,  "begin" : 3189,  "end" : 3192 }, 
        {"sofa" : 12,  "begin" : 3193,  "end" : 3196 }, 
        {"sofa" : 12,  "begin" : 3197,  "end" : 3200 }, 
        {"sofa" : 12,  "begin" : 3201,  "end" : 3207 }, 
        {"sofa" : 12,  "begin" : 3208,  "end" : 3210 }, 
        {"sofa" : 12,  "begin" : 3211,  "end" : 3221 }, 
        {"sofa" : 12,  "begin" : 3222,  "end" : 3226 }, 
        {"sofa" : 12,  "begin" : 3226,  "end" : 3227 }, 
        {"sofa" : 12,  "begin" : 3228,  "end" : 3231 }, 
        {"sofa" : 12,  "begin" : 3232,  "end" : 3238 }, 
        {"sofa" : 12,  "begin" : 3239,  "end" : 3246 }, 
        {"sofa" : 12,  "begin" : 3247,  "end" : 3252 }, 
        {"sofa" : 12,  "begin" : 3253,  "end" : 3262 }, 
        {"sofa" : 12,  "begin" : 3263,  "end" : 3270 }, 
        {"sofa" : 12,  "begin" : 3271,  "end" : 3273 }, 
        {"sofa" : 12,  "begin" : 3274,  "end" : 3277 }, 
        {"sofa" : 12,  "begin" : 3278,  "end" : 3284 }, 
        {"sofa" : 12,  "begin" : 3285,  "end" : 3288 }, 
        {"sofa" : 12,  "begin" : 3289,  "end" : 3296 }, 
        {"sofa" : 12,  "begin" : 3297,  "end" : 3304 }, 
        {"sofa" : 12,  "begin" : 3305,  "end" : 3307 }, 
        {"sofa" : 12,  "begin" : 3308,  "end" : 3312 }, 
        {"sofa" : 12,  "begin" : 3313,  "end" : 3317 }, 
        {"sofa" : 12,  "begin" : 3318,  "end" : 3323 }, 
        {"sofa" : 12,  "begin" : 3324,  "end" : 3329 }, 
        {"sofa" : 12,  "begin" : 3330,  "end" : 3337 }, 
        {"sofa" : 12,  "begin" : 3337,  "end" : 3338 }, 
        {"sofa" : 12,  "begin" : 3339,  "end" : 3341 }, 
        {"sofa" : 12,  "begin" : 3342,  "end" : 3345 }, 
        {"sofa" : 12,  "begin" : 3346,  "end" : 3352 }, 
        {"sofa" : 12,  "begin" : 3353,  "end" : 3359 }, 
        {"sofa" : 12,  "begin" : 3360,  "end" : 3362 }, 
        {"sofa" : 12,  "begin" : 3363,  "end" : 3368 }, 
        {"sofa" : 12,  "begin" : 3369,  "end" : 3371 }, 
        {"sofa" : 12,  "begin" : 3372,  "end" : 3376 }, 
        {"sofa" : 12,  "begin" : 3376,  "end" : 3377 }, 
        {"sofa" : 12,  "begin" : 3378,  "end" : 3381 }, 
        {"sofa" : 12,  "begin" : 3382,  "end" : 3385 }, 
        {"sofa" : 12,  "begin" : 3386,  "end" : 3392 }, 
        {"sofa" : 12,  "begin" : 3392,  "end" : 3393 }, 
        {"sofa" : 12,  "begin" : 3394,  "end" : 3395 }, 
        {"sofa" : 12,  "begin" : 3395,  "end" : 3397 }, 
        {"sofa" : 12,  "begin" : 3398,  "end" : 3406 }, 
        {"sofa" : 12,  "begin" : 3407,  "end" : 3415 }, 
        {"sofa" : 12,  "begin" : 3416,  "end" : 3420 }, 
        {"sofa" : 12,  "begin" : 3421,  "end" : 3425 }, 
        {"sofa" : 12,  "begin" : 3426,  "end" : 3434 }, 
        {"sofa" : 12,  "begin" : 3435,  "end" : 3442 }, 
        {"sofa" : 12,  "begin" : 3443,  "end" : 3444 }, 
        {"sofa" : 12,  "begin" : 3445,  "end" : 3455 }, 
        {"sofa" : 12,  "begin" : 3456,  "end" : 3461 }, 
        {"sofa" : 12,  "begin" : 3462,  "end" : 3465 }, 
        {"sofa" : 12,  "begin" : 3466,  "end" : 3469 }, 
        {"sofa" : 12,  "begin" : 3470,  "end" : 3474 }, 
        {"sofa" : 12,  "begin" : 3475,  "end" : 3485 }, 
        {"sofa" : 12,  "begin" : 3485,  "end" : 3486 }, 
        {"sofa" : 12,  "begin" : 3486,  "end" : 3487 }, 
        {"sofa" : 12,  "begin" : 3488,  "end" : 3491 }, 
        {"sofa" : 12,  "begin" : 3492,  "end" : 3495 }, 
        {"sofa" : 12,  "begin" : 3496,  "end" : 3504 }, 
        {"sofa" : 12,  "begin" : 3505,  "end" : 3509 }, 
        {"sofa" : 12,  "begin" : 3510,  "end" : 3515 }, 
        {"sofa" : 12,  "begin" : 3516,  "end" : 3519 }, 
        {"sofa" : 12,  "begin" : 3520,  "end" : 3533 }, 
        {"sofa" : 12,  "begin" : 3534,  "end" : 3536 }, 
        {"sofa" : 12,  "begin" : 3537,  "end" : 3542 }, 
        {"sofa" : 12,  "begin" : 3543,  "end" : 3553 }, 
        {"sofa" : 12,  "begin" : 3554,  "end" : 3557 }, 
        {"sofa" : 12,  "begin" : 3558,  "end" : 3571 }, 
        {"sofa" : 12,  "begin" : 3572,  "end" : 3578 }, 
        {"sofa" : 12,  "begin" : 3579,  "end" : 3582 }, 
        {"sofa" : 12,  "begin" : 3583,  "end" : 3589 }, 
        {"sofa" : 12,  "begin" : 3590,  "end" : 3592 }, 
        {"sofa" : 12,  "begin" : 3593,  "end" : 3597 }, 
        {"sofa" : 12,  "begin" : 3598,  "end" : 3601 }, 
        {"sofa" : 12,  "begin" : 3602,  "end" : 3607 }, 
        {"sofa" : 12,  "begin" : 3608,  "end" : 3610 }, 
        {"sofa" : 12,  "begin" : 3611,  "end" : 3614 }, 
        {"sofa" : 12,  "begin" : 3615,  "end" : 3622 }, 
        {"sofa" : 12,  "begin" : 3622,  "end" : 3623 }, 
        {"sofa" : 12,  "begin" : 3627,  "end" : 3634 }, 
        {"sofa" : 12,  "begin" : 3634,  "end" : 3635 }, 
        {"sofa" : 12,  "begin" : 3636,  "end" : 3639 }, 
        {"sofa" : 12,  "begin" : 3640,  "end" : 3649 }, 
        {"sofa" : 12,  "begin" : 3650,  "end" : 3653 }, 
        {"sofa" : 12,  "begin" : 3654,  "end" : 3661 }, 
        {"sofa" : 12,  "begin" : 3662,  "end" : 3671 }, 
        {"sofa" : 12,  "begin" : 3672,  "end" : 3679 }, 
        {"sofa" : 12,  "begin" : 3680,  "end" : 3685 }, 
        {"sofa" : 12,  "begin" : 3686,  "end" : 3692 }, 
        {"sofa" : 12,  "begin" : 3693,  "end" : 3697 }, 
        {"sofa" : 12,  "begin" : 3698,  "end" : 3703 }, 
        {"sofa" : 12,  "begin" : 3705,  "end" : 3708 }, 
        {"sofa" : 12,  "begin" : 3709,  "end" : 3715 }, 
        {"sofa" : 12,  "begin" : 3716,  "end" : 3718 }, 
        {"sofa" : 12,  "begin" : 3719,  "end" : 3724 }, 
        {"sofa" : 12,  "begin" : 3725,  "end" : 3733 }, 
        {"sofa" : 12,  "begin" : 3734,  "end" : 3737 }, 
        {"sofa" : 12,  "begin" : 3738,  "end" : 3741 }, 
        {"sofa" : 12,  "begin" : 3742,  "end" : 3745 }, 
        {"sofa" : 12,  "begin" : 3746,  "end" : 3752 }, 
        {"sofa" : 12,  "begin" : 3753,  "end" : 3755 }, 
        {"sofa" : 12,  "begin" : 3756,  "end" : 3760 }, 
        {"sofa" : 12,  "begin" : 3761,  "end" : 3763 }, 
        {"sofa" : 12,  "begin" : 3764,  "end" : 3769 }, 
        {"sofa" : 12,  "begin" : 3770,  "end" : 3777 }, 
        {"sofa" : 12,  "begin" : 3778,  "end" : 3786 }, 
        {"sofa" : 12,  "begin" : 3787,  "end" : 3790 }, 
        {"sofa" : 12,  "begin" : 3791,  "end" : 3796 }, 
        {"sofa" : 12,  "begin" : 3797,  "end" : 3799 }, 
        {"sofa" : 12,  "begin" : 3800,  "end" : 3802 }, 
        {"sofa" : 12,  "begin" : 3803,  "end" : 3807 }, 
        {"sofa" : 12,  "begin" : 3808,  "end" : 3815 }, 
        {"sofa" : 12,  "begin" : 3816,  "end" : 3819 }, 
        {"sofa" : 12,  "begin" : 3820,  "end" : 3829 }, 
        {"sofa" : 12,  "begin" : 3830,  "end" : 3833 }, 
        {"sofa" : 12,  "begin" : 3834,  "end" : 3839 }, 
        {"sofa" : 12,  "begin" : 3840,  "end" : 3846 }, 
        {"sofa" : 12,  "begin" : 3846,  "end" : 3847 }, 
        {"sofa" : 12,  "begin" : 3849,  "end" : 3850 }, 
        {"sofa" : 12,  "begin" : 3850,  "end" : 3852 }, 
        {"sofa" : 12,  "begin" : 3853,  "end" : 3857 }, 
        {"sofa" : 12,  "begin" : 3858,  "end" : 3860 }, 
        {"sofa" : 12,  "begin" : 3861,  "end" : 3870 }, 
        {"sofa" : 12,  "begin" : 3871,  "end" : 3878 }, 
        {"sofa" : 12,  "begin" : 3879,  "end" : 3888 }, 
        {"sofa" : 12,  "begin" : 3889,  "end" : 3896 }, 
        {"sofa" : 12,  "begin" : 3897,  "end" : 3899 }, 
        {"sofa" : 12,  "begin" : 3900,  "end" : 3905 }, 
        {"sofa" : 12,  "begin" : 3905,  "end" : 3906 }, 
        {"sofa" : 12,  "begin" : 3907,  "end" : 3909 }, 
        {"sofa" : 12,  "begin" : 3910,  "end" : 3914 }, 
        {"sofa" : 12,  "begin" : 3915,  "end" : 3921 }, 
        {"sofa" : 12,  "begin" : 3922,  "end" : 3924 }, 
        {"sofa" : 12,  "begin" : 3925,  "end" : 3929 }, 
        {"sofa" : 12,  "begin" : 3930,  "end" : 3933 }, 
        {"sofa" : 12,  "begin" : 3934,  "end" : 3936 }, 
        {"sofa" : 12,  "begin" : 3937,  "end" : 3945 }, 
        {"sofa" : 12,  "begin" : 3946,  "end" : 3948 }, 
        {"sofa" : 12,  "begin" : 3949,  "end" : 3953 }, 
        {"sofa" : 12,  "begin" : 3954,  "end" : 3956 }, 
        {"sofa" : 12,  "begin" : 3957,  "end" : 3961 }, 
        {"sofa" : 12,  "begin" : 3961,  "end" : 3962 }, 
        {"sofa" : 12,  "begin" : 3963,  "end" : 3967 }, 
        {"sofa" : 12,  "begin" : 3968,  "end" : 3973 }, 
        {"sofa" : 12,  "begin" : 3974,  "end" : 3980 }, 
        {"sofa" : 12,  "begin" : 3980,  "end" : 3981 }, 
        {"sofa" : 12,  "begin" : 3982,  "end" : 3983 }, 
        {"sofa" : 12,  "begin" : 3984,  "end" : 3996 }, 
        {"sofa" : 12,  "begin" : 3997,  "end" : 4000 }, 
        {"sofa" : 12,  "begin" : 4001,  "end" : 4007 }, 
        {"sofa" : 12,  "begin" : 4008,  "end" : 4014 }, 
        {"sofa" : 12,  "begin" : 4014,  "end" : 4015 }, 
        {"sofa" : 12,  "begin" : 4017,  "end" : 4024 }, 
        {"sofa" : 12,  "begin" : 4025,  "end" : 4030 }, 
        {"sofa" : 12,  "begin" : 4031,  "end" : 4033 }, 
        {"sofa" : 12,  "begin" : 4034,  "end" : 4036 }, 
        {"sofa" : 12,  "begin" : 4037,  "end" : 4043 }, 
        {"sofa" : 12,  "begin" : 4043,  "end" : 4044 }, 
        {"sofa" : 12,  "begin" : 4045,  "end" : 4050 }, 
        {"sofa" : 12,  "begin" : 4051,  "end" : 4057 }, 
        {"sofa" : 12,  "begin" : 4058,  "end" : 4061 }, 
        {"sofa" : 12,  "begin" : 4062,  "end" : 4067 }, 
        {"sofa" : 12,  "begin" : 4068,  "end" : 4070 }, 
        {"sofa" : 12,  "begin" : 4071,  "end" : 4076 }, 
        {"sofa" : 12,  "begin" : 4077,  "end" : 4084 }, 
        {"sofa" : 12,  "begin" : 4084,  "end" : 4085 }, 
        {"sofa" : 12,  "begin" : 4086,  "end" : 4090 }, 
        {"sofa" : 12,  "begin" : 4091,  "end" : 4096 }, 
        {"sofa" : 12,  "begin" : 4097,  "end" : 4104 }, 
        {"sofa" : 12,  "begin" : 4105,  "end" : 4110 }, 
        {"sofa" : 12,  "begin" : 4111,  "end" : 4117 }, 
        {"sofa" : 12,  "begin" : 4118,  "end" : 4122 }, 
        {"sofa" : 12,  "begin" : 4123,  "end" : 4125 }, 
        {"sofa" : 12,  "begin" : 4126,  "end" : 4131 }, 
        {"sofa" : 12,  "begin" : 4132,  "end" : 4135 }, 
        {"sofa" : 12,  "begin" : 4136,  "end" : 4140 }, 
        {"sofa" : 12,  "begin" : 4141,  "end" : 4143 }, 
        {"sofa" : 12,  "begin" : 4144,  "end" : 4149 }, 
        {"sofa" : 12,  "begin" : 4149,  "end" : 4150 }, 
        {"sofa" : 12,  "begin" : 4151,  "end" : 4159 }, 
        {"sofa" : 12,  "begin" : 4159,  "end" : 4160 }, 
        {"sofa" : 12,  "begin" : 4161,  "end" : 4164 }, 
        {"sofa" : 12,  "begin" : 4165,  "end" : 4172 }, 
        {"sofa" : 12,  "begin" : 4172,  "end" : 4173 }, 
        {"sofa" : 12,  "begin" : 4174,  "end" : 4179 }, 
        {"sofa" : 12,  "begin" : 4180,  "end" : 4185 }, 
        {"sofa" : 12,  "begin" : 4186,  "end" : 4189 }, 
        {"sofa" : 12,  "begin" : 4190,  "end" : 4196 }, 
        {"sofa" : 12,  "begin" : 4197,  "end" : 4202 }, 
        {"sofa" : 12,  "begin" : 4203,  "end" : 4209 }, 
        {"sofa" : 12,  "begin" : 4210,  "end" : 4214 }, 
        {"sofa" : 12,  "begin" : 4215,  "end" : 4217 }, 
        {"sofa" : 12,  "begin" : 4218,  "end" : 4221 }, 
        {"sofa" : 12,  "begin" : 4222,  "end" : 4227 }, 
        {"sofa" : 12,  "begin" : 4227,  "end" : 4228 }, 
        {"sofa" : 12,  "begin" : 4229,  "end" : 4234 }, 
        {"sofa" : 12,  "begin" : 4234,  "end" : 4235 }, 
        {"sofa" : 12,  "begin" : 4236,  "end" : 4244 }, 
        {"sofa" : 12,  "begin" : 4245,  "end" : 4248 }, 
        {"sofa" : 12,  "begin" : 4249,  "end" : 4256 }, 
        {"sofa" : 12,  "begin" : 4257,  "end" : 4260 }, 
        {"sofa" : 12,  "begin" : 4261,  "end" : 4264 }, 
        {"sofa" : 12,  "begin" : 4265,  "end" : 4269 }, 
        {"sofa" : 12,  "begin" : 4270,  "end" : 4273 }, 
        {"sofa" : 12,  "begin" : 4274,  "end" : 4279 }, 
        {"sofa" : 12,  "begin" : 4280,  "end" : 4282 }, 
        {"sofa" : 12,  "begin" : 4283,  "end" : 4286 }, 
        {"sofa" : 12,  "begin" : 4287,  "end" : 4296 }, 
        {"sofa" : 12,  "begin" : 4297,  "end" : 4300 }, 
        {"sofa" : 12,  "begin" : 4301,  "end" : 4304 }, 
        {"sofa" : 12,  "begin" : 4305,  "end" : 4315 }, 
        {"sofa" : 12,  "begin" : 4316,  "end" : 4318 }, 
        {"sofa" : 12,  "begin" : 4318,  "end" : 4319 }, 
        {"sofa" : 12,  "begin" : 4320,  "end" : 4324 }, 
        {"sofa" : 12,  "begin" : 4325,  "end" : 4327 }, 
        {"sofa" : 12,  "begin" : 4328,  "end" : 4331 }, 
        {"sofa" : 12,  "begin" : 4332,  "end" : 4341 }, 
        {"sofa" : 12,  "begin" : 4342,  "end" : 4347 }, 
        {"sofa" : 12,  "begin" : 4348,  "end" : 4351 }, 
        {"sofa" : 12,  "begin" : 4352,  "end" : 4356 }, 
        {"sofa" : 12,  "begin" : 4357,  "end" : 4359 }, 
        {"sofa" : 12,  "begin" : 4360,  "end" : 4361 }, 
        {"sofa" : 12,  "begin" : 4362,  "end" : 4368 }, 
        {"sofa" : 12,  "begin" : 4369,  "end" : 4379 }, 
        {"sofa" : 12,  "begin" : 4380,  "end" : 4387 }, 
        {"sofa" : 12,  "begin" : 4388,  "end" : 4391 }, 
        {"sofa" : 12,  "begin" : 4392,  "end" : 4398 }, 
        {"sofa" : 12,  "begin" : 4399,  "end" : 4402 }, 
        {"sofa" : 12,  "begin" : 4403,  "end" : 4406 }, 
        {"sofa" : 12,  "begin" : 4407,  "end" : 4416 }, 
        {"sofa" : 12,  "begin" : 4417,  "end" : 4419 }, 
        {"sofa" : 12,  "begin" : 4420,  "end" : 4423 }, 
        {"sofa" : 12,  "begin" : 4424,  "end" : 4430 }, 
        {"sofa" : 12,  "begin" : 4431,  "end" : 4435 }, 
        {"sofa" : 12,  "begin" : 4436,  "end" : 4443 }, 
        {"sofa" : 12,  "begin" : 4444,  "end" : 4451 }, 
        {"sofa" : 12,  "begin" : 4452,  "end" : 4459 }, 
        {"sofa" : 12,  "begin" : 4460,  "end" : 4463 }, 
        {"sofa" : 12,  "begin" : 4464,  "end" : 4470 }, 
        {"sofa" : 12,  "begin" : 4470,  "end" : 4471 }, 
        {"sofa" : 12,  "begin" : 4473,  "end" : 4480 }, 
        {"sofa" : 12,  "begin" : 4481,  "end" : 4484 }, 
        {"sofa" : 12,  "begin" : 4485,  "end" : 4489 }, 
        {"sofa" : 12,  "begin" : 4490,  "end" : 4492 }, 
        {"sofa" : 12,  "begin" : 4493,  "end" : 4494 }, 
        {"sofa" : 12,  "begin" : 4495,  "end" : 4501 }, 
        {"sofa" : 12,  "begin" : 4501,  "end" : 4502 }, 
        {"sofa" : 12,  "begin" : 4503,  "end" : 4507 }, 
        {"sofa" : 12,  "begin" : 4508,  "end" : 4521 }, 
        {"sofa" : 12,  "begin" : 4522,  "end" : 4525 }, 
        {"sofa" : 12,  "begin" : 4526,  "end" : 4533 }, 
        {"sofa" : 12,  "begin" : 4534,  "end" : 4537 }, 
        {"sofa" : 12,  "begin" : 4538,  "end" : 4544 }, 
        {"sofa" : 12,  "begin" : 4545,  "end" : 4549 }, 
        {"sofa" : 12,  "begin" : 4550,  "end" : 4554 }, 
        {"sofa" : 12,  "begin" : 4555,  "end" : 4558 }, 
        {"sofa" : 12,  "begin" : 4559,  "end" : 4566 }, 
        {"sofa" : 12,  "begin" : 4567,  "end" : 4572 }, 
        {"sofa" : 12,  "begin" : 4573,  "end" : 4579 }, 
        {"sofa" : 12,  "begin" : 4580,  "end" : 4584 }, 
        {"sofa" : 12,  "begin" : 4585,  "end" : 4587 }, 
        {"sofa" : 12,  "begin" : 4588,  "end" : 4593 }, 
        {"sofa" : 12,  "begin" : 4593,  "end" : 4594 }, 
        {"sofa" : 12,  "begin" : 4596,  "end" : 4597 }, 
        {"sofa" : 12,  "begin" : 4597,  "end" : 4599 }, 
        {"sofa" : 12,  "begin" : 4600,  "end" : 4603 }, 
        {"sofa" : 12,  "begin" : 4604,  "end" : 4608 }, 
        {"sofa" : 12,  "begin" : 4609,  "end" : 4610 }, 
        {"sofa" : 12,  "begin" : 4611,  "end" : 4614 }, 
        {"sofa" : 12,  "begin" : 4615,  "end" : 4617 }, 
        {"sofa" : 12,  "begin" : 4618,  "end" : 4622 }, 
        {"sofa" : 12,  "begin" : 4623,  "end" : 4631 }, 
        {"sofa" : 12,  "begin" : 4631,  "end" : 4632 }, 
        {"sofa" : 12,  "begin" : 4632,  "end" : 4633 }, 
        {"sofa" : 12,  "begin" : 4634,  "end" : 4639 }, 
        {"sofa" : 12,  "begin" : 4640,  "end" : 4641 }, 
        {"sofa" : 12,  "begin" : 4642,  "end" : 4644 }, 
        {"sofa" : 12,  "begin" : 4645,  "end" : 4649 }, 
        {"sofa" : 12,  "begin" : 4650,  "end" : 4654 }, 
        {"sofa" : 12,  "begin" : 4655,  "end" : 4663 }, 
        {"sofa" : 12,  "begin" : 4664,  "end" : 4676 }, 
        {"sofa" : 12,  "begin" : 4677,  "end" : 4681 }, 
        {"sofa" : 12,  "begin" : 4682,  "end" : 4688 }, 
        {"sofa" : 12,  "begin" : 4688,  "end" : 4689 }, 
        {"sofa" : 12,  "begin" : 4691,  "end" : 4692 }, 
        {"sofa" : 12,  "begin" : 4692,  "end" : 4697 }, 
        {"sofa" : 12,  "begin" : 4698,  "end" : 4700 }, 
        {"sofa" : 12,  "begin" : 4701,  "end" : 4704 }, 
        {"sofa" : 12,  "begin" : 4704,  "end" : 4705 }, 
        {"sofa" : 12,  "begin" : 4705,  "end" : 4706 }, 
        {"sofa" : 12,  "begin" : 4707,  "end" : 4714 }, 
        {"sofa" : 12,  "begin" : 4715,  "end" : 4717 }, 
        {"sofa" : 12,  "begin" : 4717,  "end" : 4718 }, 
        {"sofa" : 12,  "begin" : 4719,  "end" : 4726 }, 
        {"sofa" : 12,  "begin" : 4727,  "end" : 4733 }, 
        {"sofa" : 12,  "begin" : 4734,  "end" : 4735 }, 
        {"sofa" : 12,  "begin" : 4736,  "end" : 4748 }, 
        {"sofa" : 12,  "begin" : 4749,  "end" : 4753 }, 
        {"sofa" : 12,  "begin" : 4754,  "end" : 4759 }, 
        {"sofa" : 12,  "begin" : 4760,  "end" : 4765 }, 
        {"sofa" : 12,  "begin" : 4766,  "end" : 4772 }, 
        {"sofa" : 12,  "begin" : 4773,  "end" : 4781 }, 
        {"sofa" : 12,  "begin" : 4781,  "end" : 4782 }, 
        {"sofa" : 12,  "begin" : 4784,  "end" : 4790 }, 
        {"sofa" : 12,  "begin" : 4791,  "end" : 4795 }, 
        {"sofa" : 12,  "begin" : 4796,  "end" : 4801 }, 
        {"sofa" : 12,  "begin" : 4802,  "end" : 4809 }, 
        {"sofa" : 12,  "begin" : 4810,  "end" : 4813 }, 
        {"sofa" : 12,  "begin" : 4814,  "end" : 4818 }, 
        {"sofa" : 12,  "begin" : 4819,  "end" : 4823 }, 
        {"sofa" : 12,  "begin" : 4824,  "end" : 4827 }, 
        {"sofa" : 12,  "begin" : 4828,  "end" : 4832 }, 
        {"sofa" : 12,  "begin" : 4833,  "end" : 4837 }, 
        {"sofa" : 12,  "begin" : 4838,  "end" : 4845 }, 
        {"sofa" : 12,  "begin" : 4846,  "end" : 4848 }, 
        {"sofa" : 12,  "begin" : 4849,  "end" : 4856 }, 
        {"sofa" : 12,  "begin" : 4857,  "end" : 4862 }, 
        {"sofa" : 12,  "begin" : 4863,  "end" : 4869 }, 
        {"sofa" : 12,  "begin" : 4870,  "end" : 4874 }, 
        {"sofa" : 12,  "begin" : 4875,  "end" : 4877 }, 
        {"sofa" : 12,  "begin" : 4878,  "end" : 4883 }, 
        {"sofa" : 12,  "begin" : 4883,  "end" : 4884 }, 
        {"sofa" : 12,  "begin" : 4885,  "end" : 4888 }, 
        {"sofa" : 12,  "begin" : 4889,  "end" : 4892 }, 
        {"sofa" : 12,  "begin" : 4893,  "end" : 4898 }, 
        {"sofa" : 12,  "begin" : 4899,  "end" : 4901 }, 
        {"sofa" : 12,  "begin" : 4902,  "end" : 4906 }, 
        {"sofa" : 12,  "begin" : 4906,  "end" : 4907 }, 
        {"sofa" : 12,  "begin" : 4908,  "end" : 4912 }, 
        {"sofa" : 12,  "begin" : 4913,  "end" : 4920 }, 
        {"sofa" : 12,  "begin" : 4921,  "end" : 4925 }, 
        {"sofa" : 12,  "begin" : 4926,  "end" : 4931 }, 
        {"sofa" : 12,  "begin" : 4932,  "end" : 4933 }, 
        {"sofa" : 12,  "begin" : 4934,  "end" : 4939 }, 
        {"sofa" : 12,  "begin" : 4940,  "end" : 4945 }, 
        {"sofa" : 12,  "begin" : 4946,  "end" : 4951 }, 
        {"sofa" : 12,  "begin" : 4952,  "end" : 4958 }, 
        {"sofa" : 12,  "begin" : 4959,  "end" : 4968 }, 
        {"sofa" : 12,  "begin" : 4969,  "end" : 4972 }, 
        {"sofa" : 12,  "begin" : 4973,  "end" : 4980 }, 
        {"sofa" : 12,  "begin" : 4980,  "end" : 4981 }, 
        {"sofa" : 12,  "begin" : 4982,  "end" : 4986 }, 
        {"sofa" : 12,  "begin" : 4987,  "end" : 4991 }, 
        {"sofa" : 12,  "begin" : 4992,  "end" : 4995 }, 
        {"sofa" : 12,  "begin" : 4996,  "end" : 4999 }, 
        {"sofa" : 12,  "begin" : 5000,  "end" : 5003 }, 
        {"sofa" : 12,  "begin" : 5004,  "end" : 5009 }, 
        {"sofa" : 12,  "begin" : 5010,  "end" : 5013 }, 
        {"sofa" : 12,  "begin" : 5014,  "end" : 5021 }, 
        {"sofa" : 12,  "begin" : 5022,  "end" : 5026 }, 
        {"sofa" : 12,  "begin" : 5027,  "end" : 5031 }, 
        {"sofa" : 12,  "begin" : 5032,  "end" : 5038 }, 
        {"sofa" : 12,  "begin" : 5039,  "end" : 5044 }, 
        {"sofa" : 12,  "begin" : 5045,  "end" : 5050 }, 
        {"sofa" : 12,  "begin" : 5051,  "end" : 5054 }, 
        {"sofa" : 12,  "begin" : 5055,  "end" : 5058 }, 
        {"sofa" : 12,  "begin" : 5059,  "end" : 5066 }, 
        {"sofa" : 12,  "begin" : 5066,  "end" : 5067 }, 
        {"sofa" : 12,  "begin" : 5068,  "end" : 5070 }, 
        {"sofa" : 12,  "begin" : 5070,  "end" : 5071 }, 
        {"sofa" : 12,  "begin" : 5072,  "end" : 5078 }, 
        {"sofa" : 12,  "begin" : 5079,  "end" : 5084 }, 
        {"sofa" : 12,  "begin" : 5085,  "end" : 5088 }, 
        {"sofa" : 12,  "begin" : 5089,  "end" : 5095 }, 
        {"sofa" : 12,  "begin" : 5096,  "end" : 5100 }, 
        {"sofa" : 12,  "begin" : 5101,  "end" : 5107 }, 
        {"sofa" : 12,  "begin" : 5108,  "end" : 5116 }, 
        {"sofa" : 12,  "begin" : 5117,  "end" : 5120 }, 
        {"sofa" : 12,  "begin" : 5121,  "end" : 5128 }, 
        {"sofa" : 12,  "begin" : 5129,  "end" : 5131 }, 
        {"sofa" : 12,  "begin" : 5132,  "end" : 5136 }, 
        {"sofa" : 12,  "begin" : 5137,  "end" : 5143 }, 
        {"sofa" : 12,  "begin" : 5144,  "end" : 5148 }, 
        {"sofa" : 12,  "begin" : 5148,  "end" : 5149 }, 
        {"sofa" : 12,  "begin" : 5151,  "end" : 5152 }, 
        {"sofa" : 12,  "begin" : 5152,  "end" : 5156 }, 
        {"sofa" : 12,  "begin" : 5157,  "end" : 5168 }, 
        {"sofa" : 12,  "begin" : 5168,  "end" : 5169 }, 
        {"sofa" : 12,  "begin" : 5170,  "end" : 5179 }, 
        {"sofa" : 12,  "begin" : 5179,  "end" : 5180 }, 
        {"sofa" : 12,  "begin" : 5181,  "end" : 5183 }, 
        {"sofa" : 12,  "begin" : 5184,  "end" : 5187 }, 
        {"sofa" : 12,  "begin" : 5188,  "end" : 5191 }, 
        {"sofa" : 12,  "begin" : 5192,  "end" : 5197 }, 
        {"sofa" : 12,  "begin" : 5198,  "end" : 5201 }, 
        {"sofa" : 12,  "begin" : 5202,  "end" : 5206 }, 
        {"sofa" : 12,  "begin" : 5207,  "end" : 5213 }, 
        {"sofa" : 12,  "begin" : 5214,  "end" : 5219 }, 
        {"sofa" : 12,  "begin" : 5220,  "end" : 5222 }, 
        {"sofa" : 12,  "begin" : 5223,  "end" : 5226 }, 
        {"sofa" : 12,  "begin" : 5227,  "end" : 5233 }, 
        {"sofa" : 12,  "begin" : 5234,  "end" : 5237 }, 
        {"sofa" : 12,  "begin" : 5238,  "end" : 5246 }, 
        {"sofa" : 12,  "begin" : 5246,  "end" : 5247 }, 
        {"sofa" : 12,  "begin" : 5248,  "end" : 5251 }, 
        {"sofa" : 12,  "begin" : 5252,  "end" : 5254 }, 
        {"sofa" : 12,  "begin" : 5255,  "end" : 5258 }, 
        {"sofa" : 12,  "begin" : 5259,  "end" : 5267 }, 
        {"sofa" : 12,  "begin" : 5268,  "end" : 5270 }, 
        {"sofa" : 12,  "begin" : 5271,  "end" : 5274 }, 
        {"sofa" : 12,  "begin" : 5275,  "end" : 5280 }, 
        {"sofa" : 12,  "begin" : 5281,  "end" : 5286 }, 
        {"sofa" : 12,  "begin" : 5287,  "end" : 5289 }, 
        {"sofa" : 12,  "begin" : 5290,  "end" : 5295 }, 
        {"sofa" : 12,  "begin" : 5295,  "end" : 5296 }, 
        {"sofa" : 12,  "begin" : 5296,  "end" : 5297 }, 
        {"sofa" : 12,  "begin" : 5297,  "end" : 5298 }, 
        {"sofa" : 12,  "begin" : 5299,  "end" : 5304 }, 
        {"sofa" : 12,  "begin" : 5305,  "end" : 5312 }, 
        {"sofa" : 12,  "begin" : 5313,  "end" : 5318 }, 
        {"sofa" : 12,  "begin" : 5319,  "end" : 5325 }, 
        {"sofa" : 12,  "begin" : 5326,  "end" : 5336 }, 
        {"sofa" : 12,  "begin" : 5336,  "end" : 5337 }, 
        {"sofa" : 12,  "begin" : 5337,  "end" : 5338 }, 
        {"sofa" : 12,  "begin" : 5339,  "end" : 5345 }, 
        {"sofa" : 12,  "begin" : 5346,  "end" : 5350 }, 
        {"sofa" : 12,  "begin" : 5351,  "end" : 5355 }, 
        {"sofa" : 12,  "begin" : 5355,  "end" : 5356 }, 
        {"sofa" : 12,  "begin" : 5358,  "end" : 5363 }, 
        {"sofa" : 12,  "begin" : 5364,  "end" : 5366 }, 
        {"sofa" : 12,  "begin" : 5367,  "end" : 5369 }, 
        {"sofa" : 12,  "begin" : 5370,  "end" : 5381 }, 
        {"sofa" : 12,  "begin" : 5382,  "end" : 5384 }, 
        {"sofa" : 12,  "begin" : 5385,  "end" : 5392 }, 
        {"sofa" : 12,  "begin" : 5393,  "end" : 5398 }, 
        {"sofa" : 12,  "begin" : 5399,  "end" : 5405 }, 
        {"sofa" : 12,  "begin" : 5406,  "end" : 5410 }, 
        {"sofa" : 12,  "begin" : 5411,  "end" : 5413 }, 
        {"sofa" : 12,  "begin" : 5414,  "end" : 5419 }, 
        {"sofa" : 12,  "begin" : 5419,  "end" : 5420 }, 
        {"sofa" : 12,  "begin" : 5421,  "end" : 5426 }, 
        {"sofa" : 12,  "begin" : 5427,  "end" : 5430 }, 
        {"sofa" : 12,  "begin" : 5431,  "end" : 5438 }, 
        {"sofa" : 12,  "begin" : 5439,  "end" : 5444 }, 
        {"sofa" : 12,  "begin" : 5445,  "end" : 5451 }, 
        {"sofa" : 12,  "begin" : 5452,  "end" : 5456 }, 
        {"sofa" : 12,  "begin" : 5457,  "end" : 5459 }, 
        {"sofa" : 12,  "begin" : 5460,  "end" : 5463 }, 
        {"sofa" : 12,  "begin" : 5464,  "end" : 5469 }, 
        {"sofa" : 12,  "begin" : 5469,  "end" : 5470 }, 
        {"sofa" : 12,  "begin" : 5471,  "end" : 5473 }, 
        {"sofa" : 12,  "begin" : 5474,  "end" : 5478 }, 
        {"sofa" : 12,  "begin" : 5478,  "end" : 5479 }, 
        {"sofa" : 12,  "begin" : 5480,  "end" : 5485 }, 
        {"sofa" : 12,  "begin" : 5486,  "end" : 5488 }, 
        {"sofa" : 12,  "begin" : 5489,  "end" : 5490 }, 
        {"sofa" : 12,  "begin" : 5491,  "end" : 5496 }, 
        {"sofa" : 12,  "begin" : 5497,  "end" : 5499 }, 
        {"sofa" : 12,  "begin" : 5500,  "end" : 5506 }, 
        {"sofa" : 12,  "begin" : 5507,  "end" : 5511 }, 
        {"sofa" : 12,  "begin" : 5512,  "end" : 5517 }, 
        {"sofa" : 12,  "begin" : 5518,  "end" : 5525 }, 
        {"sofa" : 12,  "begin" : 5526,  "end" : 5531 }, 
        {"sofa" : 12,  "begin" : 5532,  "end" : 5538 }, 
        {"sofa" : 12,  "begin" : 5538,  "end" : 5539 }, 
        {"sofa" : 12,  "begin" : 5540,  "end" : 5545 }, 
        {"sofa" : 12,  "begin" : 5546,  "end" : 5556 }, 
        {"sofa" : 12,  "begin" : 5557,  "end" : 5562 }, 
        {"sofa" : 12,  "begin" : 5563,  "end" : 5571 }, 
        {"sofa" : 12,  "begin" : 5572,  "end" : 5576 }, 
        {"sofa" : 12,  "begin" : 5577,  "end" : 5582 }, 
        {"sofa" : 12,  "begin" : 5583,  "end" : 5585 }, 
        {"sofa" : 12,  "begin" : 5586,  "end" : 5590 }, 
        {"sofa" : 12,  "begin" : 5591,  "end" : 5593 }, 
        {"sofa" : 12,  "begin" : 5594,  "end" : 5599 }, 
        {"sofa" : 12,  "begin" : 5600,  "end" : 5609 }, 
        {"sofa" : 12,  "begin" : 5610,  "end" : 5614 }, 
        {"sofa" : 12,  "begin" : 5615,  "end" : 5621 }, 
        {"sofa" : 12,  "begin" : 5621,  "end" : 5622 }, 
        {"sofa" : 12,  "begin" : 5623,  "end" : 5629 }, 
        {"sofa" : 12,  "begin" : 5629,  "end" : 5630 }, 
        {"sofa" : 12,  "begin" : 5631,  "end" : 5636 }, 
        {"sofa" : 12,  "begin" : 5636,  "end" : 5637 }, 
        {"sofa" : 12,  "begin" : 5638,  "end" : 5641 }, 
        {"sofa" : 12,  "begin" : 5642,  "end" : 5647 }, 
        {"sofa" : 12,  "begin" : 5648,  "end" : 5652 }, 
        {"sofa" : 12,  "begin" : 5652,  "end" : 5653 }, 
        {"sofa" : 12,  "begin" : 5655,  "end" : 5656 }, 
        {"sofa" : 12,  "begin" : 5656,  "end" : 5658 }, 
        {"sofa" : 12,  "begin" : 5659,  "end" : 5662 }, 
        {"sofa" : 12,  "begin" : 5663,  "end" : 5668 }, 
        {"sofa" : 12,  "begin" : 5668,  "end" : 5669 }, 
        {"sofa" : 12,  "begin" : 5670,  "end" : 5675 }, 
        {"sofa" : 12,  "begin" : 5676,  "end" : 5681 }, 
        {"sofa" : 12,  "begin" : 5682,  "end" : 5693 }, 
        {"sofa" : 12,  "begin" : 5693,  "end" : 5694 }, 
        {"sofa" : 12,  "begin" : 5695,  "end" : 5700 }, 
        {"sofa" : 12,  "begin" : 5700,  "end" : 5701 }, 
        {"sofa" : 12,  "begin" : 5702,  "end" : 5707 }, 
        {"sofa" : 12,  "begin" : 5708,  "end" : 5713 }, 
        {"sofa" : 12,  "begin" : 5714,  "end" : 5722 }, 
        {"sofa" : 12,  "begin" : 5722,  "end" : 5723 }, 
        {"sofa" : 12,  "begin" : 5724,  "end" : 5734 }, 
        {"sofa" : 12,  "begin" : 5735,  "end" : 5737 }, 
        {"sofa" : 12,  "begin" : 5738,  "end" : 5741 }, 
        {"sofa" : 12,  "begin" : 5742,  "end" : 5744 }, 
        {"sofa" : 12,  "begin" : 5745,  "end" : 5750 }, 
        {"sofa" : 12,  "begin" : 5751,  "end" : 5753 }, 
        {"sofa" : 12,  "begin" : 5754,  "end" : 5759 }, 
        {"sofa" : 12,  "begin" : 5760,  "end" : 5764 }, 
        {"sofa" : 12,  "begin" : 5765,  "end" : 5768 }, 
        {"sofa" : 12,  "begin" : 5769,  "end" : 5778 }, 
        {"sofa" : 12,  "begin" : 5779,  "end" : 5785 }, 
        {"sofa" : 12,  "begin" : 5786,  "end" : 5788 }, 
        {"sofa" : 12,  "begin" : 5789,  "end" : 5799 }, 
        {"sofa" : 12,  "begin" : 5800,  "end" : 5806 }, 
        {"sofa" : 12,  "begin" : 5806,  "end" : 5807 }, 
        {"sofa" : 12,  "begin" : 5807,  "end" : 5808 }, 
        {"sofa" : 12,  "begin" : 5809,  "end" : 5813 }, 
        {"sofa" : 12,  "begin" : 5814,  "end" : 5821 }, 
        {"sofa" : 12,  "begin" : 5822,  "end" : 5827 }, 
        {"sofa" : 12,  "begin" : 5827,  "end" : 5828 }, 
        {"sofa" : 12,  "begin" : 5829,  "end" : 5838 }, 
        {"sofa" : 12,  "begin" : 5839,  "end" : 5841 }, 
        {"sofa" : 12,  "begin" : 5842,  "end" : 5847 }, 
        {"sofa" : 12,  "begin" : 5848,  "end" : 5858 }, 
        {"sofa" : 12,  "begin" : 5858,  "end" : 5859 }, 
        {"sofa" : 12,  "begin" : 5861,  "end" : 5869 }, 
        {"sofa" : 12,  "begin" : 5870,  "end" : 5874 }, 
        {"sofa" : 12,  "begin" : 5875,  "end" : 5881 }, 
        {"sofa" : 12,  "begin" : 5882,  "end" : 5883 }, 
        {"sofa" : 12,  "begin" : 5884,  "end" : 5888 }, 
        {"sofa" : 12,  "begin" : 5889,  "end" : 5896 }, 
        {"sofa" : 12,  "begin" : 5897,  "end" : 5899 }, 
        {"sofa" : 12,  "begin" : 5900,  "end" : 5903 }, 
        {"sofa" : 12,  "begin" : 5904,  "end" : 5910 }, 
        {"sofa" : 12,  "begin" : 5911,  "end" : 5914 }, 
        {"sofa" : 12,  "begin" : 5915,  "end" : 5924 }, 
        {"sofa" : 12,  "begin" : 5925,  "end" : 5927 }, 
        {"sofa" : 12,  "begin" : 5928,  "end" : 5931 }, 
        {"sofa" : 12,  "begin" : 5932,  "end" : 5937 }, 
        {"sofa" : 12,  "begin" : 5937,  "end" : 5938 }, 
        {"sofa" : 12,  "begin" : 5939,  "end" : 5944 }, 
        {"sofa" : 12,  "begin" : 5945,  "end" : 5949 }, 
        {"sofa" : 12,  "begin" : 5950,  "end" : 5953 }, 
        {"sofa" : 12,  "begin" : 5954,  "end" : 5960 }, 
        {"sofa" : 12,  "begin" : 5961,  "end" : 5964 }, 
        {"sofa" : 12,  "begin" : 5965,  "end" : 5974 }, 
        {"sofa" : 12,  "begin" : 5975,  "end" : 5978 }, 
        {"sofa" : 12,  "begin" : 5979,  "end" : 5983 }, 
        {"sofa" : 12,  "begin" : 5984,  "end" : 5986 }, 
        {"sofa" : 12,  "begin" : 5987,  "end" : 5990 }, 
        {"sofa" : 12,  "begin" : 5991,  "end" : 5994 }, 
        {"sofa" : 12,  "begin" : 5995,  "end" : 5998 }, 
        {"sofa" : 12,  "begin" : 5999,  "end" : 6003 }, 
        {"sofa" : 12,  "begin" : 6004,  "end" : 6006 }, 
        {"sofa" : 12,  "begin" : 6007,  "end" : 6010 }, 
        {"sofa" : 12,  "begin" : 6011,  "end" : 6019 }, 
        {"sofa" : 12,  "begin" : 6020,  "end" : 6030 }, 
        {"sofa" : 12,  "begin" : 6031,  "end" : 6033 }, 
        {"sofa" : 12,  "begin" : 6034,  "end" : 6045 }, 
        {"sofa" : 12,  "begin" : 6045,  "end" : 6046 }, 
        {"sofa" : 12,  "begin" : 6048,  "end" : 6049 }, 
        {"sofa" : 12,  "begin" : 6049,  "end" : 6051 }, 
        {"sofa" : 12,  "begin" : 6052,  "end" : 6055 }, 
        {"sofa" : 12,  "begin" : 6056,  "end" : 6062 }, 
        {"sofa" : 12,  "begin" : 6063,  "end" : 6069 }, 
        {"sofa" : 12,  "begin" : 6070,  "end" : 6072 }, 
        {"sofa" : 12,  "begin" : 6073,  "end" : 6074 }, 
        {"sofa" : 12,  "begin" : 6075,  "end" : 6080 }, 
        {"sofa" : 12,  "begin" : 6080,  "end" : 6081 }, 
        {"sofa" : 12,  "begin" : 6082,  "end" : 6086 }, 
        {"sofa" : 12,  "begin" : 6087,  "end" : 6092 }, 
        {"sofa" : 12,  "begin" : 6093,  "end" : 6098 }, 
        {"sofa" : 12,  "begin" : 6099,  "end" : 6103 }, 
        {"sofa" : 12,  "begin" : 6104,  "end" : 6110 }, 
        {"sofa" : 12,  "begin" : 6111,  "end" : 6115 }, 
        {"sofa" : 12,  "begin" : 6116,  "end" : 6119 }, 
        {"sofa" : 12,  "begin" : 6120,  "end" : 6124 }, 
        {"sofa" : 12,  "begin" : 6124,  "end" : 6125 }, 
        {"sofa" : 12,  "begin" : 6126,  "end" : 6130 }, 
        {"sofa" : 12,  "begin" : 6131,  "end" : 6133 }, 
        {"sofa" : 12,  "begin" : 6134,  "end" : 6144 }, 
        {"sofa" : 12,  "begin" : 6144,  "end" : 6145 }, 
        {"sofa" : 12,  "begin" : 6145,  "end" : 6146 }, 
        {"sofa" : 12,  "begin" : 6147,  "end" : 6152 }, 
        {"sofa" : 12,  "begin" : 6153,  "end" : 6157 }, 
        {"sofa" : 12,  "begin" : 6158,  "end" : 6162 }, 
        {"sofa" : 12,  "begin" : 6162,  "end" : 6163 }, 
        {"sofa" : 12,  "begin" : 6165,  "end" : 6169 }, 
        {"sofa" : 12,  "begin" : 6170,  "end" : 6178 }, 
        {"sofa" : 12,  "begin" : 6179,  "end" : 6184 }, 
        {"sofa" : 12,  "begin" : 6185,  "end" : 6190 }, 
        {"sofa" : 12,  "begin" : 6191,  "end" : 6194 }, 
        {"sofa" : 12,  "begin" : 6195,  "end" : 6197 }, 
        {"sofa" : 12,  "begin" : 6198,  "end" : 6206 }, 
        {"sofa" : 12,  "begin" : 6207,  "end" : 6211 }, 
        {"sofa" : 12,  "begin" : 6212,  "end" : 6221 }, 
        {"sofa" : 12,  "begin" : 6221,  "end" : 6222 }, 
        {"sofa" : 12,  "begin" : 6223,  "end" : 6227 }, 
        {"sofa" : 12,  "begin" : 6228,  "end" : 6231 }, 
        {"sofa" : 12,  "begin" : 6232,  "end" : 6238 }, 
        {"sofa" : 12,  "begin" : 6239,  "end" : 6243 }, 
        {"sofa" : 12,  "begin" : 6244,  "end" : 6246 }, 
        {"sofa" : 12,  "begin" : 6247,  "end" : 6250 }, 
        {"sofa" : 12,  "begin" : 6251,  "end" : 6256 }, 
        {"sofa" : 12,  "begin" : 6256,  "end" : 6257 }, 
        {"sofa" : 12,  "begin" : 6258,  "end" : 6261 }, 
        {"sofa" : 12,  "begin" : 6262,  "end" : 6268 }, 
        {"sofa" : 12,  "begin" : 6269,  "end" : 6274 }, 
        {"sofa" : 12,  "begin" : 6275,  "end" : 6281 }, 
        {"sofa" : 12,  "begin" : 6282,  "end" : 6286 }, 
        {"sofa" : 12,  "begin" : 6287,  "end" : 6296 }, 
        {"sofa" : 12,  "begin" : 6296,  "end" : 6297 }, 
        {"sofa" : 12,  "begin" : 6298,  "end" : 6301 }, 
        {"sofa" : 12,  "begin" : 6302,  "end" : 6308 }, 
        {"sofa" : 12,  "begin" : 6309,  "end" : 6315 }, 
        {"sofa" : 12,  "begin" : 6316,  "end" : 6320 }, 
        {"sofa" : 12,  "begin" : 6321,  "end" : 6325 }, 
        {"sofa" : 12,  "begin" : 6326,  "end" : 6328 }, 
        {"sofa" : 12,  "begin" : 6329,  "end" : 6332 }, 
        {"sofa" : 12,  "begin" : 6333,  "end" : 6338 }, 
        {"sofa" : 12,  "begin" : 6339,  "end" : 6343 }, 
        {"sofa" : 12,  "begin" : 6344,  "end" : 6345 }, 
        {"sofa" : 12,  "begin" : 6345,  "end" : 6357 }, 
        {"sofa" : 12,  "begin" : 6358,  "end" : 6361 }, 
        {"sofa" : 12,  "begin" : 6361,  "end" : 6362 }, 
        {"sofa" : 12,  "begin" : 6363,  "end" : 6365 }, 
        {"sofa" : 12,  "begin" : 6366,  "end" : 6367 }, 
        {"sofa" : 12,  "begin" : 6367,  "end" : 6378 }, 
        {"sofa" : 12,  "begin" : 6379,  "end" : 6381 }, 
        {"sofa" : 12,  "begin" : 6381,  "end" : 6382 }, 
        {"sofa" : 12,  "begin" : 6383,  "end" : 6385 }, 
        {"sofa" : 12,  "begin" : 6386,  "end" : 6394 }, 
        {"sofa" : 12,  "begin" : 6395,  "end" : 6402 }, 
        {"sofa" : 12,  "begin" : 6403,  "end" : 6406 }, 
        {"sofa" : 12,  "begin" : 6407,  "end" : 6414 }, 
        {"sofa" : 12,  "begin" : 6415,  "end" : 6420 }, 
        {"sofa" : 12,  "begin" : 6421,  "end" : 6426 }, 
        {"sofa" : 12,  "begin" : 6427,  "end" : 6429 }, 
        {"sofa" : 12,  "begin" : 6430,  "end" : 6434 }, 
        {"sofa" : 12,  "begin" : 6435,  "end" : 6437 }, 
        {"sofa" : 12,  "begin" : 6438,  "end" : 6443 }, 
        {"sofa" : 12,  "begin" : 6443,  "end" : 6444 }, 
        {"sofa" : 12,  "begin" : 6445,  "end" : 6448 }, 
        {"sofa" : 12,  "begin" : 6449,  "end" : 6453 }, 
        {"sofa" : 12,  "begin" : 6454,  "end" : 6456 }, 
        {"sofa" : 12,  "begin" : 6457,  "end" : 6462 }, 
        {"sofa" : 12,  "begin" : 6463,  "end" : 6466 }, 
        {"sofa" : 12,  "begin" : 6467,  "end" : 6473 }, 
        {"sofa" : 12,  "begin" : 6474,  "end" : 6477 }, 
        {"sofa" : 12,  "begin" : 6478,  "end" : 6487 }, 
        {"sofa" : 12,  "begin" : 6488,  "end" : 6490 }, 
        {"sofa" : 12,  "begin" : 6491,  "end" : 6495 }, 
        {"sofa" : 12,  "begin" : 6496,  "end" : 6499 }, 
        {"sofa" : 12,  "begin" : 6500,  "end" : 6501 }, 
        {"sofa" : 12,  "begin" : 6501,  "end" : 6505 }, 
        {"sofa" : 12,  "begin" : 6506,  "end" : 6508 }, 
        {"sofa" : 12,  "begin" : 6509,  "end" : 6514 }, 
        {"sofa" : 12,  "begin" : 6514,  "end" : 6515 }, 
        {"sofa" : 12,  "begin" : 6516,  "end" : 6521 }, 
        {"sofa" : 12,  "begin" : 6521,  "end" : 6522 }, 
        {"sofa" : 12,  "begin" : 6524,  "end" : 6525 }, 
        {"sofa" : 12,  "begin" : 6525,  "end" : 6526 }, 
        {"sofa" : 12,  "begin" : 6527,  "end" : 6530 }, 
        {"sofa" : 12,  "begin" : 6531,  "end" : 6533 }, 
        {"sofa" : 12,  "begin" : 6534,  "end" : 6538 }, 
        {"sofa" : 12,  "begin" : 6539,  "end" : 6545 }, 
        {"sofa" : 12,  "begin" : 6545,  "end" : 6546 }, 
        {"sofa" : 12,  "begin" : 6546,  "end" : 6547 }, 
        {"sofa" : 12,  "begin" : 6548,  "end" : 6555 }, 
        {"sofa" : 12,  "begin" : 6556,  "end" : 6560 }, 
        {"sofa" : 12,  "begin" : 6560,  "end" : 6561 }, 
        {"sofa" : 12,  "begin" : 6563,  "end" : 6572 }, 
        {"sofa" : 12,  "begin" : 6573,  "end" : 6577 }, 
        {"sofa" : 12,  "begin" : 6578,  "end" : 6581 }, 
        {"sofa" : 12,  "begin" : 6582,  "end" : 6586 }, 
        {"sofa" : 12,  "begin" : 6587,  "end" : 6590 }, 
        {"sofa" : 12,  "begin" : 6591,  "end" : 6598 }, 
        {"sofa" : 12,  "begin" : 6599,  "end" : 6606 }, 
        {"sofa" : 12,  "begin" : 6607,  "end" : 6610 }, 
        {"sofa" : 12,  "begin" : 6611,  "end" : 6616 }, 
        {"sofa" : 12,  "begin" : 6617,  "end" : 6625 }, 
        {"sofa" : 12,  "begin" : 6625,  "end" : 6626 }, 
        {"sofa" : 12,  "begin" : 6627,  "end" : 6630 }, 
        {"sofa" : 12,  "begin" : 6631,  "end" : 6635 }, 
        {"sofa" : 12,  "begin" : 6636,  "end" : 6639 }, 
        {"sofa" : 12,  "begin" : 6640,  "end" : 6644 }, 
        {"sofa" : 12,  "begin" : 6645,  "end" : 6652 }, 
        {"sofa" : 12,  "begin" : 6653,  "end" : 6657 }, 
        {"sofa" : 12,  "begin" : 6658,  "end" : 6660 }, 
        {"sofa" : 12,  "begin" : 6661,  "end" : 6665 }, 
        {"sofa" : 12,  "begin" : 6666,  "end" : 6670 }, 
        {"sofa" : 12,  "begin" : 6671,  "end" : 6675 }, 
        {"sofa" : 12,  "begin" : 6676,  "end" : 6681 }, 
        {"sofa" : 12,  "begin" : 6682,  "end" : 6685 }, 
        {"sofa" : 12,  "begin" : 6686,  "end" : 6692 }, 
        {"sofa" : 12,  "begin" : 6693,  "end" : 6696 }, 
        {"sofa" : 12,  "begin" : 6697,  "end" : 6705 }, 
        {"sofa" : 12,  "begin" : 6706,  "end" : 6708 }, 
        {"sofa" : 12,  "begin" : 6709,  "end" : 6713 }, 
        {"sofa" : 12,  "begin" : 6714,  "end" : 6719 }, 
        {"sofa" : 12,  "begin" : 6719,  "end" : 6720 }, 
        {"sofa" : 12,  "begin" : 6722,  "end" : 6723 }, 
        {"sofa" : 12,  "begin" : 6723,  "end" : 6725 }, 
        {"sofa" : 12,  "begin" : 6726,  "end" : 6731 }, 
        {"sofa" : 12,  "begin" : 6732,  "end" : 6736 }, 
        {"sofa" : 12,  "begin" : 6737,  "end" : 6744 }, 
        {"sofa" : 12,  "begin" : 6745,  "end" : 6748 }, 
        {"sofa" : 12,  "begin" : 6749,  "end" : 6751 }, 
        {"sofa" : 12,  "begin" : 6752,  "end" : 6755 }, 
        {"sofa" : 12,  "begin" : 6756,  "end" : 6760 }, 
        {"sofa" : 12,  "begin" : 6761,  "end" : 6768 }, 
        {"sofa" : 12,  "begin" : 6769,  "end" : 6774 }, 
        {"sofa" : 12,  "begin" : 6774,  "end" : 6775 }, 
        {"sofa" : 12,  "begin" : 6775,  "end" : 6776 }, 
        {"sofa" : 12,  "begin" : 6777,  "end" : 6785 }, 
        {"sofa" : 12,  "begin" : 6786,  "end" : 6790 }, 
        {"sofa" : 12,  "begin" : 6790,  "end" : 6791 }, 
        {"sofa" : 12,  "begin" : 6793,  "end" : 6801 }, 
        {"sofa" : 12,  "begin" : 6802,  "end" : 6809 }, 
        {"sofa" : 12,  "begin" : 6810,  "end" : 6812 }, 
        {"sofa" : 12,  "begin" : 6813,  "end" : 6819 }, 
        {"sofa" : 12,  "begin" : 6820,  "end" : 6828 }, 
        {"sofa" : 12,  "begin" : 6829,  "end" : 6835 }, 
        {"sofa" : 12,  "begin" : 6836,  "end" : 6842 }, 
        {"sofa" : 12,  "begin" : 6843,  "end" : 6849 }, 
        {"sofa" : 12,  "begin" : 6850,  "end" : 6852 }, 
        {"sofa" : 12,  "begin" : 6853,  "end" : 6857 }, 
        {"sofa" : 12,  "begin" : 6858,  "end" : 6862 }, 
        {"sofa" : 12,  "begin" : 6863,  "end" : 6869 }, 
        {"sofa" : 12,  "begin" : 6870,  "end" : 6874 }, 
        {"sofa" : 12,  "begin" : 6875,  "end" : 6877 }, 
        {"sofa" : 12,  "begin" : 6878,  "end" : 6883 }, 
        {"sofa" : 12,  "begin" : 6883,  "end" : 6884 }, 
        {"sofa" : 12,  "begin" : 6885,  "end" : 6887 }, 
        {"sofa" : 12,  "begin" : 6888,  "end" : 6891 }, 
        {"sofa" : 12,  "begin" : 6892,  "end" : 6895 }, 
        {"sofa" : 12,  "begin" : 6896,  "end" : 6904 }, 
        {"sofa" : 12,  "begin" : 6905,  "end" : 6908 }, 
        {"sofa" : 12,  "begin" : 6909,  "end" : 6915 }, 
        {"sofa" : 12,  "begin" : 6916,  "end" : 6920 }, 
        {"sofa" : 12,  "begin" : 6921,  "end" : 6925 }, 
        {"sofa" : 12,  "begin" : 6926,  "end" : 6932 }, 
        {"sofa" : 12,  "begin" : 6933,  "end" : 6943 }, 
        {"sofa" : 12,  "begin" : 6943,  "end" : 6944 }, 
        {"sofa" : 12,  "begin" : 6945,  "end" : 6950 }, 
        {"sofa" : 12,  "begin" : 6951,  "end" : 6955 }, 
        {"sofa" : 12,  "begin" : 6956,  "end" : 6962 }, 
        {"sofa" : 12,  "begin" : 6963,  "end" : 6964 }, 
        {"sofa" : 12,  "begin" : 6965,  "end" : 6973 }, 
        {"sofa" : 12,  "begin" : 6974,  "end" : 6979 }, 
        {"sofa" : 12,  "begin" : 6980,  "end" : 6986 }, 
        {"sofa" : 12,  "begin" : 6987,  "end" : 6988 }, 
        {"sofa" : 12,  "begin" : 6988,  "end" : 6994 }, 
        {"sofa" : 12,  "begin" : 6995,  "end" : 7002 }, 
        {"sofa" : 12,  "begin" : 7003,  "end" : 7010 }, 
        {"sofa" : 12,  "begin" : 7011,  "end" : 7014 }, 
        {"sofa" : 12,  "begin" : 7015,  "end" : 7021 }, 
        {"sofa" : 12,  "begin" : 7022,  "end" : 7026 }, 
        {"sofa" : 12,  "begin" : 7027,  "end" : 7029 }, 
        {"sofa" : 12,  "begin" : 7030,  "end" : 7035 }, 
        {"sofa" : 12,  "begin" : 7035,  "end" : 7036 }, 
        {"sofa" : 12,  "begin" : 7036,  "end" : 7037 }, 
        {"sofa" : 12,  "begin" : 7037,  "end" : 7038 }, 
        {"sofa" : 12,  "begin" : 7039,  "end" : 7042 }, 
        {"sofa" : 12,  "begin" : 7043,  "end" : 7048 }, 
        {"sofa" : 12,  "begin" : 7049,  "end" : 7052 }, 
        {"sofa" : 12,  "begin" : 7053,  "end" : 7057 }, 
        {"sofa" : 12,  "begin" : 7058,  "end" : 7063 }, 
        {"sofa" : 12,  "begin" : 7064,  "end" : 7071 }, 
        {"sofa" : 12,  "begin" : 7072,  "end" : 7075 }, 
        {"sofa" : 12,  "begin" : 7076,  "end" : 7083 }, 
        {"sofa" : 12,  "begin" : 7084,  "end" : 7085 }, 
        {"sofa" : 12,  "begin" : 7086,  "end" : 7091 }, 
        {"sofa" : 12,  "begin" : 7092,  "end" : 7094 }, 
        {"sofa" : 12,  "begin" : 7095,  "end" : 7098 }, 
        {"sofa" : 12,  "begin" : 7099,  "end" : 7102 }, 
        {"sofa" : 12,  "begin" : 7103,  "end" : 7110 }, 
        {"sofa" : 12,  "begin" : 7111,  "end" : 7114 }, 
        {"sofa" : 12,  "begin" : 7114,  "end" : 7115 }, 
        {"sofa" : 12,  "begin" : 7116,  "end" : 7120 }, 
        {"sofa" : 12,  "begin" : 7121,  "end" : 7126 }, 
        {"sofa" : 12,  "begin" : 7127,  "end" : 7131 }, 
        {"sofa" : 12,  "begin" : 7132,  "end" : 7135 }, 
        {"sofa" : 12,  "begin" : 7136,  "end" : 7139 }, 
        {"sofa" : 12,  "begin" : 7140,  "end" : 7145 }, 
        {"sofa" : 12,  "begin" : 7146,  "end" : 7149 }, 
        {"sofa" : 12,  "begin" : 7150,  "end" : 7156 }, 
        {"sofa" : 12,  "begin" : 7157,  "end" : 7162 }, 
        {"sofa" : 12,  "begin" : 7163,  "end" : 7166 }, 
        {"sofa" : 12,  "begin" : 7167,  "end" : 7170 }, 
        {"sofa" : 12,  "begin" : 7171,  "end" : 7175 }, 
        {"sofa" : 12,  "begin" : 7176,  "end" : 7180 }, 
        {"sofa" : 12,  "begin" : 7181,  "end" : 7188 }, 
        {"sofa" : 12,  "begin" : 7189,  "end" : 7194 }, 
        {"sofa" : 12,  "begin" : 7195,  "end" : 7201 }, 
        {"sofa" : 12,  "begin" : 7202,  "end" : 7206 }, 
        {"sofa" : 12,  "begin" : 7207,  "end" : 7209 }, 
        {"sofa" : 12,  "begin" : 7210,  "end" : 7215 }, 
        {"sofa" : 12,  "begin" : 7216,  "end" : 7218 }, 
        {"sofa" : 12,  "begin" : 7219,  "end" : 7223 }, 
        {"sofa" : 12,  "begin" : 7224,  "end" : 7225 }, 
        {"sofa" : 12,  "begin" : 7226,  "end" : 7235 }, 
        {"sofa" : 12,  "begin" : 7236,  "end" : 7240 }, 
        {"sofa" : 12,  "begin" : 7241,  "end" : 7244 }, 
        {"sofa" : 12,  "begin" : 7245,  "end" : 7248 }, 
        {"sofa" : 12,  "begin" : 7248,  "end" : 7249 } ], 
      "Persuasive_Labels" : [
        {"sofa" : 12,  "begin" : 503,  "end" : 541,  "EstablishingLegitimacy" : "Establishing Legitimacy" }, 
        {"sofa" : 12,  "begin" : 503,  "end" : 541,  "EstablishingLegitimacy" : "citing source to establish legitimacy_source verified to be credible" }, 
        {"sofa" : 12,  "begin" : 664,  "end" : 1030,  "FabricatingNarrativewithDetails" : "Narrative with Details" }, 
        {"sofa" : 12,  "begin" : 664,  "end" : 1030,  "FabricatingNarrativewithDetails" : "Narrative with details_details not verified" }, 
        {"sofa" : 12,  "begin" : 1635,  "end" : 2158,  "FabricatingNarrativewithDetails" : "Narrative with Details" }, 
        {"sofa" : 12,  "begin" : 1635,  "end" : 2158,  "FabricatingNarrativewithDetails" : "Narrative with details_details not verified" }, 
        {"sofa" : 12,  "begin" : 2497,  "end" : 2950,  "HighlightingUncertaintyandRisk" : "Highlighting Uncertainty and Risk" }, 
        {"sofa" : 12,  "begin" : 3963,  "end" : 4015,  "EstablishingLegitimacy" : "Establishing Legitimacy" }, 
        {"sofa" : 12,  "begin" : 3963,  "end" : 4015,  "EstablishingLegitimacy" : "citing source to establish legitimacy_source not verified" }, 
        {"sofa" : 12,  "begin" : 4707,  "end" : 4782,  "EstablishingLegitimacy" : "Establishing Legitimacy" }, 
        {"sofa" : 12,  "begin" : 4707,  "end" : 4782,  "EstablishingLegitimacy" : "citing source to establish legitimacy_source not verified" } ] } }, 
  "_referenced_fss" : {
    "12" : {"_type" : "Sofa",  "sofaNum" : 1,  "sofaID" : "_InitialView",  "mimeType" : "text",  "sofaString" : "﻿tron-01437 FDA Warning on Chicken Jerky Treats For Dogs From China \r\nSource: https://www.cbsnews.com/colorado/news/fda-investigates-safety-of-chicken-jerky-treats-made-in-china/ \r\nFact checking: https://www.truthorfiction.com/chicken-jerky-treats/\r\nActual content: \r\nLOCAL NEWS \r\nFDA Investigates Safety Of Chicken Jerky Treats Made In China\r\nDENVER (CBS4) Dog owners across the country are making the connection between chicken jerky treats that are made in China and serious illnesses in their dogs. The Food and Drug Administration, FDA, has gotten hundreds of complaints about the popular treats and has issued warnings, but so far there has been no recall.\r\nCandace Thaxton of Westlake, Ohio blames chicken jerky treats made in China for the death of her dog, Chansey, a 10-year-old pug. Chansey went into kidney failure. When she got a new mixed breed puppy, Penny, and the puppy started having kidney problems, Thaxton made the connection. Chicken jerky treats made in China were the only thing the two dogs had in common.\r\n\"I was sitting at the computer and I saw the warning on the chicken jerky treats,\" Thaxton said.\r\nThe  FDA, has issued 3 warnings regarding chicken jerky treats made in China. In November 2011, the FDA warning stated that the agency saw an increase in the number of complaints it's received of dog illnesses, and the signs of illness included kidney problems.\r\n\"I went and grabbed the bag and when I looked at the bag, it said it was manufactured and distributed in South Carolina, but under the bar code it had 'Made In China',\" Thaxton remembered.\r\nIt was a bag of Waggin' Train Chicken Jerky Treats. Thaxton was able to get Penny to the vet in time and she has since recovered, but the medical bills for both dogs total thousands of dollars. Thaxton contacted Nestle Purina, the makers of the treats.\r\n\"She told me that there were a thousand reasons why my pug could have died,\" Thaxton said.\r\n\r\nSince then, Thaxton has been on a crusade to publicize the problem and hold the FDA and the treat makers accountable. She told her story to local television stations and called Senator Sherrod Brown, her representative in Ohio. Brown has since taken up the cause in Congress.\r\nIt was the television appearance that help Terry Safranek make the connection.\r\n\"Oh my gosh, that's exactly when and where my dog started getting sick,\" Safranek said.\r\nThe Brooklyn Heights, Ohio resident had a 9-year-old fox terrier named Sampson. Sampson also died from kidney failure.\r\n\"He was lethargic, he seemed sad, he seemed depressed, and he was drinking and urinating a lot,\" Safranek recalled.\r\nDog owners who are making the connection between chicken jerky treats made in China and illness in their dogs report these symptoms:\r\n-- Decreased appetite\r\n-- Decreased activity\r\n-- Vomiting\r\n-- Diarrhea - sometimes with blood\r\n-- Increased water consumption\r\n-- Increased urination\r\n-- Kidney problems, including Fanconi-like syndrome\r\n\"I'm devastated because, I know, it came from my hand. I fed him the treat that killed him,\" Safranek said.\r\nThe FDA issued its first warning about the treats in 2007, another warning was issued in 2008, and then again in 2011 after the FDA saw the number of complaints rise. The agency reports doing extensive testing of the treats and finding nothing in them that would cause illness. In its latest update in March of 2012, the FDA states, \"no specific products have been recalled because a definitive cause has not been determined\". The FDA confirms that there are investigators in China inspecting the manufacturing plants and trying to find the cause of the problem.\r\n\r\nRELATED: FDA Questions and Answers Regarding Chicken Jerky Treats from China\r\nThe makers of these products all say the safety of pets is their highest priority and there is no link between the illnesses and their treats.\r\n\"We have an extensive quality assurance process in place. We have looked at this and we continue to look at this, said Keith Schopp, a spokesperson for Nestle Purina.\r\nBecause there is no recall, these treats are still on store shelves. CBS4 found chicken jerky treats made in China for sale at Petco, PetSmart, and Walmart. Whole Foods and Costco carry treats made in the U.S.A. Petco, PetSmart and Walmart all say they are aware of the situation and are monitoring it. Each of the retailers sites the lack of a direct connection between the treats and the illnesses as the reason they haven't stopped selling the treats.\r\nDespite the lack of a recall, many veterinarians are warning dog owners away from the chicken jerky treats made in China.\r\n\"If you have a bag in your cupboard?\" asked 4 On Your Side Consumer Investigator Jodi Brooks.\r\n\"Throw it out,\" replied Dr. Shannon Jordan a veterinarian with Wheat Ridge Animal Hospital.\r\nJordan says she's treated one case that may have been related to chicken jerky treats made in China, but she can't be sure. CBS4 checked with about a dozen other local animal hospitals and clinics, most have not had any cases and several said they hadn't heard about the FDA warning. Dr. Jordan warns dog owners that kidney problems are nothing to play around with.\r\n\"It's progressive, typically. So you may start off with simple signs of not eating and vomiting, and it may progress to the point where we can't... those kidneys can't repair themselves,\" Jordan told CBS4.\r\nThere is an alternative to chicken jerky treats made in China. There are chicken jerky treats made in the U.S.A. In fact, there is a plant in Denver that makes chicken jerky treats. Kasel Industries makes Nature's Deli which is sold by major retailers like Costco, Target, Petco, and Sam's Club.\r\n\"We use fresh, human grade ingredients, fresh, human grade products. Everything we buy we bring in fresh from the slaughter houses or processing plants,\" said Raymond Kasel, president of Kasel Industries.\r\nNature's Deli offers a wide variety of dog treats all processed in the U.S.A. Kasel says his plants are inspected not only by the FDA but also by the Colorado Department of Agriculture.\r\n\"We are always scored as a human, food grade plant even though it's for pets, it's no difference,\" Kasel told CBS4.\r\nBold American flags stand out on Nature's Deli packaging. Most dog treats made in the U.S.A. are making their labels more prominent. Pet owners should know that if the label says \"Manufactured for\" or \"Distributed by\" an American company the product could still be made in China. You need to check the entire bag carefully to find the \"Made in China\" label.\r\n\"I fed my dogs poison,\" Thaxton said.\r\nKnowledge came too late for Candace Thaxton and Terry Safranek. Now they are both working hard to make sure that other pet owners are educated on this issue.\r\n\"We don't want another dog to die from chicken jerky,\" Safranek said.\r\nSafranek started an online petition urging Nestle Purina to pull it's treats made in China. So far the petition has gotten more than 60,000 signatures. She's also joined a facebook group called \"Animal Parents Against Pet Treats Made in China!\". The group has some 4,000 members and created a flyer to get the message out. Both women urge any pet owner who thinks their dog got sick from chicken jerky treats made in China to file a complaint with the FDA.\r\n" } } }