{"_context" : {
    "_types" : {
      "DocumentMetaData" : {
        "_feature_types" : {"sofa" : "_ref" } }, 
      "Persuasive_Labels" : {
        "_feature_types" : {"sofa" : "_ref" } }, 
      "Sentence" : {
        "_feature_types" : {"sofa" : "_ref" } }, 
      "Sofa" : {
        "_feature_types" : {"sofaArray" : "_ref" } }, 
      "TagsetDescription" : {
        "_feature_types" : {"sofa" : "_ref",  "tags" : "_ref" } }, 
      "Token" : {
        "_feature_types" : {"sofa" : "_ref",  "parent" : "_ref",  "lemma" : "_ref",  "stem" : "_ref",  "pos" : "_ref",  "morph" : "_ref",  "form" : "_ref" } }, 
      "DocumentAnnotation" : {
        "_feature_types" : {"sofa" : "_ref" }, 
        "_subtypes" : ["DocumentMetaData" ] }, 
      "Annotation" : {
        "_feature_types" : {"sofa" : "_ref" }, 
        "_subtypes" : ["DocumentAnnotation",  "Persuasive_Labels",  "Sentence",  "TagsetDescription",  "Token" ] }, 
      "AnnotationBase" : {
        "_feature_types" : {"sofa" : "_ref" }, 
        "_subtypes" : ["Annotation" ] }, 
      "TOP" : {
        "_subtypes" : ["AnnotationBase",  "Sofa" ] } } }, 
  "_views" : {
    "_InitialView" : {
      "DocumentMetaData" : [
        {"sofa" : 12,  "end" : 6900,  "language" : "x-unspecified",  "documentTitle" : "26.%20snes-04304%20A%2012-year-old%20Wisconsin%20girl%20in%20died%20as%20a%20result%20of%20receiving%20the%20Gardasil%20HPV%20vaccine.txt",  "documentId" : "admin",  "documentUri" : "file:/C:/Users/huiyi/.webanno/repository/project/4/document/194/source/admin",  "collectionId" : "file:/C:/Users/huiyi/.webanno/repository/project/4/document/194/source/",  "documentBaseUri" : "file:/C:/Users/huiyi/.webanno/repository/project/4/document/194/source/",  "isLastSegment" : false } ], 
      "TagsetDescription" : [
        {"sofa" : 12,  "layer" : "de.tudarmstadt.ukp.dkpro.core.api.syntax.type.dependency.Dependency",  "name" : "UD Universal Dependencies (v2)",  "input" : false }, 
        {"sofa" : 12,  "layer" : "de.tudarmstadt.ukp.dkpro.core.api.ner.type.NamedEntity",  "name" : "Named Entity tags",  "input" : false }, 
        {"sofa" : 12,  "layer" : "de.tudarmstadt.ukp.dkpro.core.api.transform.type.SofaChangeAnnotation",  "name" : "Operation",  "input" : false }, 
        {"sofa" : 12,  "layer" : "de.tudarmstadt.ukp.dkpro.core.api.lexmorph.type.pos.POS",  "name" : "UD Universal POS tags (v2)",  "input" : false }, 
        {"sofa" : 12,  "layer" : "webanno.custom.Persuasive_Labels",  "name" : "2. Using Anecdotes and Personal Experience as Evidence",  "input" : false } ], 
      "Sentence" : [
        {"sofa" : 12,  "end" : 573 }, 
        {"sofa" : 12,  "begin" : 574,  "end" : 609 }, 
        {"sofa" : 12,  "begin" : 611,  "end" : 614 }, 
        {"sofa" : 12,  "begin" : 615,  "end" : 864 }, 
        {"sofa" : 12,  "begin" : 866,  "end" : 1012 }, 
        {"sofa" : 12,  "begin" : 1013,  "end" : 1081 }, 
        {"sofa" : 12,  "begin" : 1082,  "end" : 1161 }, 
        {"sofa" : 12,  "begin" : 1162,  "end" : 1248 }, 
        {"sofa" : 12,  "begin" : 1249,  "end" : 1460 }, 
        {"sofa" : 12,  "begin" : 1462,  "end" : 1779 }, 
        {"sofa" : 12,  "begin" : 1780,  "end" : 1913 }, 
        {"sofa" : 12,  "begin" : 1915,  "end" : 2100 }, 
        {"sofa" : 12,  "begin" : 2101,  "end" : 2403 }, 
        {"sofa" : 12,  "begin" : 2404,  "end" : 2483 }, 
        {"sofa" : 12,  "begin" : 2485,  "end" : 2678 }, 
        {"sofa" : 12,  "begin" : 2679,  "end" : 2740 }, 
        {"sofa" : 12,  "begin" : 2741,  "end" : 2935 }, 
        {"sofa" : 12,  "begin" : 2935,  "end" : 2936 }, 
        {"sofa" : 12,  "begin" : 2938,  "end" : 3078 }, 
        {"sofa" : 12,  "begin" : 3079,  "end" : 3105 }, 
        {"sofa" : 12,  "begin" : 3106,  "end" : 3404 }, 
        {"sofa" : 12,  "begin" : 3406,  "end" : 3770 }, 
        {"sofa" : 12,  "begin" : 3771,  "end" : 3997 }, 
        {"sofa" : 12,  "begin" : 3998,  "end" : 4082 }, 
        {"sofa" : 12,  "begin" : 4083,  "end" : 4105 }, 
        {"sofa" : 12,  "begin" : 4106,  "end" : 4238 }, 
        {"sofa" : 12,  "begin" : 4239,  "end" : 4408 }, 
        {"sofa" : 12,  "begin" : 4409,  "end" : 4476 }, 
        {"sofa" : 12,  "begin" : 4477,  "end" : 4485 }, 
        {"sofa" : 12,  "begin" : 4486,  "end" : 4605 }, 
        {"sofa" : 12,  "begin" : 4606,  "end" : 4633 }, 
        {"sofa" : 12,  "begin" : 4634,  "end" : 4642 }, 
        {"sofa" : 12,  "begin" : 4643,  "end" : 4712 }, 
        {"sofa" : 12,  "begin" : 4714,  "end" : 4717 }, 
        {"sofa" : 12,  "begin" : 4718,  "end" : 5006 }, 
        {"sofa" : 12,  "begin" : 5007,  "end" : 5094 }, 
        {"sofa" : 12,  "begin" : 5095,  "end" : 5148 }, 
        {"sofa" : 12,  "begin" : 5151,  "end" : 5153 }, 
        {"sofa" : 12,  "begin" : 5154,  "end" : 5462 }, 
        {"sofa" : 12,  "begin" : 5463,  "end" : 5665 }, 
        {"sofa" : 12,  "begin" : 5666,  "end" : 5780 }, 
        {"sofa" : 12,  "begin" : 5782,  "end" : 6016 }, 
        {"sofa" : 12,  "begin" : 6017,  "end" : 6248 }, 
        {"sofa" : 12,  "begin" : 6249,  "end" : 6260 }, 
        {"sofa" : 12,  "begin" : 6261,  "end" : 6353 }, 
        {"sofa" : 12,  "begin" : 6355,  "end" : 6376 }, 
        {"sofa" : 12,  "begin" : 6378,  "end" : 6591 }, 
        {"sofa" : 12,  "begin" : 6592,  "end" : 6781 }, 
        {"sofa" : 12,  "begin" : 6782,  "end" : 6804 }, 
        {"sofa" : 12,  "begin" : 6806,  "end" : 6896 } ], 
      "Token" : [
        {"sofa" : 12,  "end" : 5 }, 
        {"sofa" : 12,  "begin" : 5,  "end" : 6 }, 
        {"sofa" : 12,  "begin" : 6,  "end" : 11 }, 
        {"sofa" : 12,  "begin" : 12,  "end" : 13 }, 
        {"sofa" : 12,  "begin" : 14,  "end" : 16 }, 
        {"sofa" : 12,  "begin" : 16,  "end" : 17 }, 
        {"sofa" : 12,  "begin" : 17,  "end" : 25 }, 
        {"sofa" : 12,  "begin" : 26,  "end" : 35 }, 
        {"sofa" : 12,  "begin" : 36,  "end" : 40 }, 
        {"sofa" : 12,  "begin" : 41,  "end" : 43 }, 
        {"sofa" : 12,  "begin" : 44,  "end" : 48 }, 
        {"sofa" : 12,  "begin" : 49,  "end" : 51 }, 
        {"sofa" : 12,  "begin" : 52,  "end" : 53 }, 
        {"sofa" : 12,  "begin" : 54,  "end" : 60 }, 
        {"sofa" : 12,  "begin" : 61,  "end" : 63 }, 
        {"sofa" : 12,  "begin" : 64,  "end" : 73 }, 
        {"sofa" : 12,  "begin" : 74,  "end" : 77 }, 
        {"sofa" : 12,  "begin" : 78,  "end" : 86 }, 
        {"sofa" : 12,  "begin" : 87,  "end" : 90 }, 
        {"sofa" : 12,  "begin" : 91,  "end" : 98 }, 
        {"sofa" : 12,  "begin" : 100,  "end" : 106 }, 
        {"sofa" : 12,  "begin" : 106,  "end" : 107 }, 
        {"sofa" : 12,  "begin" : 108,  "end" : 113 }, 
        {"sofa" : 12,  "begin" : 113,  "end" : 114 }, 
        {"sofa" : 12,  "begin" : 114,  "end" : 115 }, 
        {"sofa" : 12,  "begin" : 115,  "end" : 116 }, 
        {"sofa" : 12,  "begin" : 116,  "end" : 136 }, 
        {"sofa" : 12,  "begin" : 136,  "end" : 137 }, 
        {"sofa" : 12,  "begin" : 137,  "end" : 141 }, 
        {"sofa" : 12,  "begin" : 141,  "end" : 142 }, 
        {"sofa" : 12,  "begin" : 142,  "end" : 177 }, 
        {"sofa" : 12,  "begin" : 177,  "end" : 178 }, 
        {"sofa" : 12,  "begin" : 181,  "end" : 185 }, 
        {"sofa" : 12,  "begin" : 186,  "end" : 194 }, 
        {"sofa" : 12,  "begin" : 194,  "end" : 195 }, 
        {"sofa" : 12,  "begin" : 196,  "end" : 201 }, 
        {"sofa" : 12,  "begin" : 201,  "end" : 202 }, 
        {"sofa" : 12,  "begin" : 202,  "end" : 203 }, 
        {"sofa" : 12,  "begin" : 203,  "end" : 204 }, 
        {"sofa" : 12,  "begin" : 204,  "end" : 218 }, 
        {"sofa" : 12,  "begin" : 218,  "end" : 219 }, 
        {"sofa" : 12,  "begin" : 219,  "end" : 229 }, 
        {"sofa" : 12,  "begin" : 229,  "end" : 230 }, 
        {"sofa" : 12,  "begin" : 230,  "end" : 260 }, 
        {"sofa" : 12,  "begin" : 260,  "end" : 261 }, 
        {"sofa" : 12,  "begin" : 264,  "end" : 270 }, 
        {"sofa" : 12,  "begin" : 271,  "end" : 278 }, 
        {"sofa" : 12,  "begin" : 279,  "end" : 280 }, 
        {"sofa" : 12,  "begin" : 283,  "end" : 291 }, 
        {"sofa" : 12,  "begin" : 292,  "end" : 299 }, 
        {"sofa" : 12,  "begin" : 299,  "end" : 300 }, 
        {"sofa" : 12,  "begin" : 301,  "end" : 304 }, 
        {"sofa" : 12,  "begin" : 305,  "end" : 309 }, 
        {"sofa" : 12,  "begin" : 310,  "end" : 314 }, 
        {"sofa" : 12,  "begin" : 315,  "end" : 319 }, 
        {"sofa" : 12,  "begin" : 321,  "end" : 327 }, 
        {"sofa" : 12,  "begin" : 328,  "end" : 334 }, 
        {"sofa" : 12,  "begin" : 335,  "end" : 339 }, 
        {"sofa" : 12,  "begin" : 340,  "end" : 346 }, 
        {"sofa" : 12,  "begin" : 347,  "end" : 355 }, 
        {"sofa" : 12,  "begin" : 357,  "end" : 360 }, 
        {"sofa" : 12,  "begin" : 361,  "end" : 367 }, 
        {"sofa" : 12,  "begin" : 368,  "end" : 373 }, 
        {"sofa" : 12,  "begin" : 374,  "end" : 376 }, 
        {"sofa" : 12,  "begin" : 377,  "end" : 378 }, 
        {"sofa" : 12,  "begin" : 379,  "end" : 381 }, 
        {"sofa" : 12,  "begin" : 381,  "end" : 382 }, 
        {"sofa" : 12,  "begin" : 382,  "end" : 390 }, 
        {"sofa" : 12,  "begin" : 391,  "end" : 395 }, 
        {"sofa" : 12,  "begin" : 396,  "end" : 398 }, 
        {"sofa" : 12,  "begin" : 399,  "end" : 407 }, 
        {"sofa" : 12,  "begin" : 407,  "end" : 408 }, 
        {"sofa" : 12,  "begin" : 409,  "end" : 418 }, 
        {"sofa" : 12,  "begin" : 418,  "end" : 419 }, 
        {"sofa" : 12,  "begin" : 420,  "end" : 424 }, 
        {"sofa" : 12,  "begin" : 425,  "end" : 430 }, 
        {"sofa" : 12,  "begin" : 431,  "end" : 436 }, 
        {"sofa" : 12,  "begin" : 437,  "end" : 446 }, 
        {"sofa" : 12,  "begin" : 447,  "end" : 450 }, 
        {"sofa" : 12,  "begin" : 451,  "end" : 454 }, 
        {"sofa" : 12,  "begin" : 455,  "end" : 463 }, 
        {"sofa" : 12,  "begin" : 464,  "end" : 471 }, 
        {"sofa" : 12,  "begin" : 472,  "end" : 475 }, 
        {"sofa" : 12,  "begin" : 476,  "end" : 483 }, 
        {"sofa" : 12,  "begin" : 484,  "end" : 487 }, 
        {"sofa" : 12,  "begin" : 488,  "end" : 494 }, 
        {"sofa" : 12,  "begin" : 495,  "end" : 501 }, 
        {"sofa" : 12,  "begin" : 501,  "end" : 502 }, 
        {"sofa" : 12,  "begin" : 503,  "end" : 506 }, 
        {"sofa" : 12,  "begin" : 507,  "end" : 511 }, 
        {"sofa" : 12,  "begin" : 512,  "end" : 517 }, 
        {"sofa" : 12,  "begin" : 518,  "end" : 523 }, 
        {"sofa" : 12,  "begin" : 524,  "end" : 527 }, 
        {"sofa" : 12,  "begin" : 528,  "end" : 534 }, 
        {"sofa" : 12,  "begin" : 535,  "end" : 544 }, 
        {"sofa" : 12,  "begin" : 545,  "end" : 547 }, 
        {"sofa" : 12,  "begin" : 548,  "end" : 550 }, 
        {"sofa" : 12,  "begin" : 551,  "end" : 554 }, 
        {"sofa" : 12,  "begin" : 555,  "end" : 559 }, 
        {"sofa" : 12,  "begin" : 560,  "end" : 565 }, 
        {"sofa" : 12,  "begin" : 566,  "end" : 572 }, 
        {"sofa" : 12,  "begin" : 572,  "end" : 573 }, 
        {"sofa" : 12,  "begin" : 574,  "end" : 578 }, 
        {"sofa" : 12,  "begin" : 579,  "end" : 581 }, 
        {"sofa" : 12,  "begin" : 582,  "end" : 583 }, 
        {"sofa" : 12,  "begin" : 584,  "end" : 590 }, 
        {"sofa" : 12,  "begin" : 591,  "end" : 595 }, 
        {"sofa" : 12,  "begin" : 596,  "end" : 600 }, 
        {"sofa" : 12,  "begin" : 601,  "end" : 603 }, 
        {"sofa" : 12,  "begin" : 604,  "end" : 608 }, 
        {"sofa" : 12,  "begin" : 608,  "end" : 609 }, 
        {"sofa" : 12,  "begin" : 611,  "end" : 613 }, 
        {"sofa" : 12,  "begin" : 613,  "end" : 614 }, 
        {"sofa" : 12,  "begin" : 615,  "end" : 623 }, 
        {"sofa" : 12,  "begin" : 624,  "end" : 629 }, 
        {"sofa" : 12,  "begin" : 630,  "end" : 632 }, 
        {"sofa" : 12,  "begin" : 633,  "end" : 636 }, 
        {"sofa" : 12,  "begin" : 637,  "end" : 642 }, 
        {"sofa" : 12,  "begin" : 643,  "end" : 649 }, 
        {"sofa" : 12,  "begin" : 650,  "end" : 660 }, 
        {"sofa" : 12,  "begin" : 661,  "end" : 664 }, 
        {"sofa" : 12,  "begin" : 665,  "end" : 676 }, 
        {"sofa" : 12,  "begin" : 677,  "end" : 679 }, 
        {"sofa" : 12,  "begin" : 680,  "end" : 684 }, 
        {"sofa" : 12,  "begin" : 685,  "end" : 688 }, 
        {"sofa" : 12,  "begin" : 689,  "end" : 697 }, 
        {"sofa" : 12,  "begin" : 698,  "end" : 701 }, 
        {"sofa" : 12,  "begin" : 702,  "end" : 707 }, 
        {"sofa" : 12,  "begin" : 707,  "end" : 708 }, 
        {"sofa" : 12,  "begin" : 709,  "end" : 714 }, 
        {"sofa" : 12,  "begin" : 715,  "end" : 717 }, 
        {"sofa" : 12,  "begin" : 718,  "end" : 725 }, 
        {"sofa" : 12,  "begin" : 726,  "end" : 728 }, 
        {"sofa" : 12,  "begin" : 729,  "end" : 735 }, 
        {"sofa" : 12,  "begin" : 736,  "end" : 741 }, 
        {"sofa" : 12,  "begin" : 742,  "end" : 747 }, 
        {"sofa" : 12,  "begin" : 748,  "end" : 755 }, 
        {"sofa" : 12,  "begin" : 755,  "end" : 756 }, 
        {"sofa" : 12,  "begin" : 757,  "end" : 764 }, 
        {"sofa" : 12,  "begin" : 765,  "end" : 769 }, 
        {"sofa" : 12,  "begin" : 770,  "end" : 776 }, 
        {"sofa" : 12,  "begin" : 777,  "end" : 786 }, 
        {"sofa" : 12,  "begin" : 787,  "end" : 791 }, 
        {"sofa" : 12,  "begin" : 792,  "end" : 796 }, 
        {"sofa" : 12,  "begin" : 797,  "end" : 806 }, 
        {"sofa" : 12,  "begin" : 807,  "end" : 809 }, 
        {"sofa" : 12,  "begin" : 810,  "end" : 815 }, 
        {"sofa" : 12,  "begin" : 816,  "end" : 819 }, 
        {"sofa" : 12,  "begin" : 820,  "end" : 821 }, 
        {"sofa" : 12,  "begin" : 821,  "end" : 825 }, 
        {"sofa" : 12,  "begin" : 826,  "end" : 830 }, 
        {"sofa" : 12,  "begin" : 830,  "end" : 831 }, 
        {"sofa" : 12,  "begin" : 831,  "end" : 832 }, 
        {"sofa" : 12,  "begin" : 833,  "end" : 836 }, 
        {"sofa" : 12,  "begin" : 837,  "end" : 842 }, 
        {"sofa" : 12,  "begin" : 843,  "end" : 844 }, 
        {"sofa" : 12,  "begin" : 844,  "end" : 845 }, 
        {"sofa" : 12,  "begin" : 846,  "end" : 849 }, 
        {"sofa" : 12,  "begin" : 850,  "end" : 852 }, 
        {"sofa" : 12,  "begin" : 853,  "end" : 854 }, 
        {"sofa" : 12,  "begin" : 855,  "end" : 862 }, 
        {"sofa" : 12,  "begin" : 862,  "end" : 863 }, 
        {"sofa" : 12,  "begin" : 863,  "end" : 864 }, 
        {"sofa" : 12,  "begin" : 866,  "end" : 874 }, 
        {"sofa" : 12,  "begin" : 875,  "end" : 879 }, 
        {"sofa" : 12,  "begin" : 880,  "end" : 885 }, 
        {"sofa" : 12,  "begin" : 886,  "end" : 888 }, 
        {"sofa" : 12,  "begin" : 889,  "end" : 893 }, 
        {"sofa" : 12,  "begin" : 894,  "end" : 898 }, 
        {"sofa" : 12,  "begin" : 899,  "end" : 901 }, 
        {"sofa" : 12,  "begin" : 902,  "end" : 906 }, 
        {"sofa" : 12,  "begin" : 907,  "end" : 909 }, 
        {"sofa" : 12,  "begin" : 910,  "end" : 913 }, 
        {"sofa" : 12,  "begin" : 914,  "end" : 919 }, 
        {"sofa" : 12,  "begin" : 920,  "end" : 922 }, 
        {"sofa" : 12,  "begin" : 923,  "end" : 927 }, 
        {"sofa" : 12,  "begin" : 928,  "end" : 929 }, 
        {"sofa" : 12,  "begin" : 929,  "end" : 930 }, 
        {"sofa" : 12,  "begin" : 931,  "end" : 934 }, 
        {"sofa" : 12,  "begin" : 935,  "end" : 937 }, 
        {"sofa" : 12,  "begin" : 938,  "end" : 939 }, 
        {"sofa" : 12,  "begin" : 940,  "end" : 947 }, 
        {"sofa" : 12,  "begin" : 947,  "end" : 948 }, 
        {"sofa" : 12,  "begin" : 948,  "end" : 949 }, 
        {"sofa" : 12,  "begin" : 950,  "end" : 953 }, 
        {"sofa" : 12,  "begin" : 954,  "end" : 958 }, 
        {"sofa" : 12,  "begin" : 959,  "end" : 964 }, 
        {"sofa" : 12,  "begin" : 965,  "end" : 967 }, 
        {"sofa" : 12,  "begin" : 968,  "end" : 971 }, 
        {"sofa" : 12,  "begin" : 972,  "end" : 975 }, 
        {"sofa" : 12,  "begin" : 976,  "end" : 983 }, 
        {"sofa" : 12,  "begin" : 984,  "end" : 987 }, 
        {"sofa" : 12,  "begin" : 988,  "end" : 1000 }, 
        {"sofa" : 12,  "begin" : 1001,  "end" : 1006 }, 
        {"sofa" : 12,  "begin" : 1007,  "end" : 1011 }, 
        {"sofa" : 12,  "begin" : 1011,  "end" : 1012 }, 
        {"sofa" : 12,  "begin" : 1013,  "end" : 1022 }, 
        {"sofa" : 12,  "begin" : 1023,  "end" : 1025 }, 
        {"sofa" : 12,  "begin" : 1026,  "end" : 1029 }, 
        {"sofa" : 12,  "begin" : 1030,  "end" : 1036 }, 
        {"sofa" : 12,  "begin" : 1037,  "end" : 1047 }, 
        {"sofa" : 12,  "begin" : 1048,  "end" : 1049 }, 
        {"sofa" : 12,  "begin" : 1049,  "end" : 1053 }, 
        {"sofa" : 12,  "begin" : 1054,  "end" : 1058 }, 
        {"sofa" : 12,  "begin" : 1058,  "end" : 1059 }, 
        {"sofa" : 12,  "begin" : 1060,  "end" : 1069 }, 
        {"sofa" : 12,  "begin" : 1070,  "end" : 1072 }, 
        {"sofa" : 12,  "begin" : 1073,  "end" : 1076 }, 
        {"sofa" : 12,  "begin" : 1077,  "end" : 1080 }, 
        {"sofa" : 12,  "begin" : 1080,  "end" : 1081 }, 
        {"sofa" : 12,  "begin" : 1082,  "end" : 1092 }, 
        {"sofa" : 12,  "begin" : 1093,  "end" : 1095 }, 
        {"sofa" : 12,  "begin" : 1096,  "end" : 1102 }, 
        {"sofa" : 12,  "begin" : 1103,  "end" : 1106 }, 
        {"sofa" : 12,  "begin" : 1107,  "end" : 1112 }, 
        {"sofa" : 12,  "begin" : 1113,  "end" : 1121 }, 
        {"sofa" : 12,  "begin" : 1122,  "end" : 1126 }, 
        {"sofa" : 12,  "begin" : 1127,  "end" : 1128 }, 
        {"sofa" : 12,  "begin" : 1128,  "end" : 1132 }, 
        {"sofa" : 12,  "begin" : 1133,  "end" : 1134 }, 
        {"sofa" : 12,  "begin" : 1134,  "end" : 1135 }, 
        {"sofa" : 12,  "begin" : 1135,  "end" : 1136 }, 
        {"sofa" : 12,  "begin" : 1137,  "end" : 1141 }, 
        {"sofa" : 12,  "begin" : 1142,  "end" : 1143 }, 
        {"sofa" : 12,  "begin" : 1144,  "end" : 1151 }, 
        {"sofa" : 12,  "begin" : 1152,  "end" : 1155 }, 
        {"sofa" : 12,  "begin" : 1156,  "end" : 1160 }, 
        {"sofa" : 12,  "begin" : 1160,  "end" : 1161 }, 
        {"sofa" : 12,  "begin" : 1162,  "end" : 1164 }, 
        {"sofa" : 12,  "begin" : 1165,  "end" : 1168 }, 
        {"sofa" : 12,  "begin" : 1169,  "end" : 1179 }, 
        {"sofa" : 12,  "begin" : 1180,  "end" : 1186 }, 
        {"sofa" : 12,  "begin" : 1187,  "end" : 1191 }, 
        {"sofa" : 12,  "begin" : 1192,  "end" : 1194 }, 
        {"sofa" : 12,  "begin" : 1195,  "end" : 1200 }, 
        {"sofa" : 12,  "begin" : 1201,  "end" : 1202 }, 
        {"sofa" : 12,  "begin" : 1203,  "end" : 1208 }, 
        {"sofa" : 12,  "begin" : 1209,  "end" : 1212 }, 
        {"sofa" : 12,  "begin" : 1213,  "end" : 1217 }, 
        {"sofa" : 12,  "begin" : 1218,  "end" : 1221 }, 
        {"sofa" : 12,  "begin" : 1222,  "end" : 1228 }, 
        {"sofa" : 12,  "begin" : 1229,  "end" : 1231 }, 
        {"sofa" : 12,  "begin" : 1232,  "end" : 1235 }, 
        {"sofa" : 12,  "begin" : 1236,  "end" : 1239 }, 
        {"sofa" : 12,  "begin" : 1240,  "end" : 1247 }, 
        {"sofa" : 12,  "begin" : 1247,  "end" : 1248 }, 
        {"sofa" : 12,  "begin" : 1249,  "end" : 1252 }, 
        {"sofa" : 12,  "begin" : 1253,  "end" : 1257 }, 
        {"sofa" : 12,  "begin" : 1258,  "end" : 1265 }, 
        {"sofa" : 12,  "begin" : 1266,  "end" : 1270 }, 
        {"sofa" : 12,  "begin" : 1271,  "end" : 1275 }, 
        {"sofa" : 12,  "begin" : 1276,  "end" : 1281 }, 
        {"sofa" : 12,  "begin" : 1282,  "end" : 1284 }, 
        {"sofa" : 12,  "begin" : 1285,  "end" : 1291 }, 
        {"sofa" : 12,  "begin" : 1292,  "end" : 1293 }, 
        {"sofa" : 12,  "begin" : 1294,  "end" : 1302 }, 
        {"sofa" : 12,  "begin" : 1303,  "end" : 1309 }, 
        {"sofa" : 12,  "begin" : 1310,  "end" : 1312 }, 
        {"sofa" : 12,  "begin" : 1313,  "end" : 1323 }, 
        {"sofa" : 12,  "begin" : 1324,  "end" : 1328 }, 
        {"sofa" : 12,  "begin" : 1329,  "end" : 1336 }, 
        {"sofa" : 12,  "begin" : 1337,  "end" : 1341 }, 
        {"sofa" : 12,  "begin" : 1342,  "end" : 1344 }, 
        {"sofa" : 12,  "begin" : 1345,  "end" : 1355 }, 
        {"sofa" : 12,  "begin" : 1356,  "end" : 1357 }, 
        {"sofa" : 12,  "begin" : 1358,  "end" : 1368 }, 
        {"sofa" : 12,  "begin" : 1369,  "end" : 1376 }, 
        {"sofa" : 12,  "begin" : 1377,  "end" : 1385 }, 
        {"sofa" : 12,  "begin" : 1386,  "end" : 1392 }, 
        {"sofa" : 12,  "begin" : 1393,  "end" : 1399 }, 
        {"sofa" : 12,  "begin" : 1400,  "end" : 1402 }, 
        {"sofa" : 12,  "begin" : 1403,  "end" : 1406 }, 
        {"sofa" : 12,  "begin" : 1407,  "end" : 1412 }, 
        {"sofa" : 12,  "begin" : 1413,  "end" : 1427 }, 
        {"sofa" : 12,  "begin" : 1427,  "end" : 1428 }, 
        {"sofa" : 12,  "begin" : 1429,  "end" : 1430 }, 
        {"sofa" : 12,  "begin" : 1431,  "end" : 1439 }, 
        {"sofa" : 12,  "begin" : 1440,  "end" : 1451 }, 
        {"sofa" : 12,  "begin" : 1452,  "end" : 1459 }, 
        {"sofa" : 12,  "begin" : 1459,  "end" : 1460 }, 
        {"sofa" : 12,  "begin" : 1462,  "end" : 1472 }, 
        {"sofa" : 12,  "begin" : 1472,  "end" : 1473 }, 
        {"sofa" : 12,  "begin" : 1474,  "end" : 1478 }, 
        {"sofa" : 12,  "begin" : 1479,  "end" : 1482 }, 
        {"sofa" : 12,  "begin" : 1483,  "end" : 1487 }, 
        {"sofa" : 12,  "begin" : 1488,  "end" : 1493 }, 
        {"sofa" : 12,  "begin" : 1494,  "end" : 1498 }, 
        {"sofa" : 12,  "begin" : 1499,  "end" : 1501 }, 
        {"sofa" : 12,  "begin" : 1501,  "end" : 1502 }, 
        {"sofa" : 12,  "begin" : 1502,  "end" : 1510 }, 
        {"sofa" : 12,  "begin" : 1511,  "end" : 1519 }, 
        {"sofa" : 12,  "begin" : 1520,  "end" : 1528 }, 
        {"sofa" : 12,  "begin" : 1529,  "end" : 1533 }, 
        {"sofa" : 12,  "begin" : 1534,  "end" : 1539 }, 
        {"sofa" : 12,  "begin" : 1540,  "end" : 1549 }, 
        {"sofa" : 12,  "begin" : 1550,  "end" : 1553 }, 
        {"sofa" : 12,  "begin" : 1554,  "end" : 1557 }, 
        {"sofa" : 12,  "begin" : 1558,  "end" : 1565 }, 
        {"sofa" : 12,  "begin" : 1565,  "end" : 1566 }, 
        {"sofa" : 12,  "begin" : 1567,  "end" : 1569 }, 
        {"sofa" : 12,  "begin" : 1570,  "end" : 1575 }, 
        {"sofa" : 12,  "begin" : 1576,  "end" : 1579 }, 
        {"sofa" : 12,  "begin" : 1580,  "end" : 1585 }, 
        {"sofa" : 12,  "begin" : 1586,  "end" : 1592 }, 
        {"sofa" : 12,  "begin" : 1593,  "end" : 1602 }, 
        {"sofa" : 12,  "begin" : 1603,  "end" : 1604 }, 
        {"sofa" : 12,  "begin" : 1605,  "end" : 1610 }, 
        {"sofa" : 12,  "begin" : 1611,  "end" : 1615 }, 
        {"sofa" : 12,  "begin" : 1616,  "end" : 1623 }, 
        {"sofa" : 12,  "begin" : 1624,  "end" : 1626 }, 
        {"sofa" : 12,  "begin" : 1627,  "end" : 1630 }, 
        {"sofa" : 12,  "begin" : 1631,  "end" : 1635 }, 
        {"sofa" : 12,  "begin" : 1636,  "end" : 1638 }, 
        {"sofa" : 12,  "begin" : 1639,  "end" : 1645 }, 
        {"sofa" : 12,  "begin" : 1646,  "end" : 1649 }, 
        {"sofa" : 12,  "begin" : 1650,  "end" : 1654 }, 
        {"sofa" : 12,  "begin" : 1655,  "end" : 1658 }, 
        {"sofa" : 12,  "begin" : 1659,  "end" : 1660 }, 
        {"sofa" : 12,  "begin" : 1661,  "end" : 1668 }, 
        {"sofa" : 12,  "begin" : 1669,  "end" : 1676 }, 
        {"sofa" : 12,  "begin" : 1677,  "end" : 1685 }, 
        {"sofa" : 12,  "begin" : 1686,  "end" : 1688 }, 
        {"sofa" : 12,  "begin" : 1689,  "end" : 1692 }, 
        {"sofa" : 12,  "begin" : 1693,  "end" : 1696 }, 
        {"sofa" : 12,  "begin" : 1697,  "end" : 1704 }, 
        {"sofa" : 12,  "begin" : 1705,  "end" : 1709 }, 
        {"sofa" : 12,  "begin" : 1710,  "end" : 1713 }, 
        {"sofa" : 12,  "begin" : 1714,  "end" : 1716 }, 
        {"sofa" : 12,  "begin" : 1716,  "end" : 1717 }, 
        {"sofa" : 12,  "begin" : 1717,  "end" : 1725 }, 
        {"sofa" : 12,  "begin" : 1726,  "end" : 1734 }, 
        {"sofa" : 12,  "begin" : 1734,  "end" : 1735 }, 
        {"sofa" : 12,  "begin" : 1736,  "end" : 1739 }, 
        {"sofa" : 12,  "begin" : 1740,  "end" : 1746 }, 
        {"sofa" : 12,  "begin" : 1747,  "end" : 1753 }, 
        {"sofa" : 12,  "begin" : 1754,  "end" : 1758 }, 
        {"sofa" : 12,  "begin" : 1759,  "end" : 1761 }, 
        {"sofa" : 12,  "begin" : 1762,  "end" : 1763 }, 
        {"sofa" : 12,  "begin" : 1764,  "end" : 1769 }, 
        {"sofa" : 12,  "begin" : 1770,  "end" : 1778 }, 
        {"sofa" : 12,  "begin" : 1778,  "end" : 1779 }, 
        {"sofa" : 12,  "begin" : 1780,  "end" : 1783 }, 
        {"sofa" : 12,  "begin" : 1784,  "end" : 1789 }, 
        {"sofa" : 12,  "begin" : 1790,  "end" : 1794 }, 
        {"sofa" : 12,  "begin" : 1795,  "end" : 1804 }, 
        {"sofa" : 12,  "begin" : 1805,  "end" : 1810 }, 
        {"sofa" : 12,  "begin" : 1811,  "end" : 1814 }, 
        {"sofa" : 12,  "begin" : 1815,  "end" : 1823 }, 
        {"sofa" : 12,  "begin" : 1823,  "end" : 1824 }, 
        {"sofa" : 12,  "begin" : 1825,  "end" : 1826 }, 
        {"sofa" : 12,  "begin" : 1826,  "end" : 1828 }, 
        {"sofa" : 12,  "begin" : 1829,  "end" : 1833 }, 
        {"sofa" : 12,  "begin" : 1834,  "end" : 1837 }, 
        {"sofa" : 12,  "begin" : 1838,  "end" : 1841 }, 
        {"sofa" : 12,  "begin" : 1842,  "end" : 1846 }, 
        {"sofa" : 12,  "begin" : 1847,  "end" : 1854 }, 
        {"sofa" : 12,  "begin" : 1855,  "end" : 1860 }, 
        {"sofa" : 12,  "begin" : 1861,  "end" : 1865 }, 
        {"sofa" : 12,  "begin" : 1866,  "end" : 1869 }, 
        {"sofa" : 12,  "begin" : 1870,  "end" : 1871 }, 
        {"sofa" : 12,  "begin" : 1872,  "end" : 1879 }, 
        {"sofa" : 12,  "begin" : 1880,  "end" : 1888 }, 
        {"sofa" : 12,  "begin" : 1889,  "end" : 1894 }, 
        {"sofa" : 12,  "begin" : 1895,  "end" : 1902 }, 
        {"sofa" : 12,  "begin" : 1903,  "end" : 1906 }, 
        {"sofa" : 12,  "begin" : 1907,  "end" : 1911 }, 
        {"sofa" : 12,  "begin" : 1911,  "end" : 1912 }, 
        {"sofa" : 12,  "begin" : 1912,  "end" : 1913 }, 
        {"sofa" : 12,  "begin" : 1915,  "end" : 1919 }, 
        {"sofa" : 12,  "begin" : 1920,  "end" : 1922 }, 
        {"sofa" : 12,  "begin" : 1923,  "end" : 1926 }, 
        {"sofa" : 12,  "begin" : 1927,  "end" : 1933 }, 
        {"sofa" : 12,  "begin" : 1933,  "end" : 1934 }, 
        {"sofa" : 12,  "begin" : 1936,  "end" : 1941 }, 
        {"sofa" : 12,  "begin" : 1942,  "end" : 1947 }, 
        {"sofa" : 12,  "begin" : 1948,  "end" : 1952 }, 
        {"sofa" : 12,  "begin" : 1953,  "end" : 1958 }, 
        {"sofa" : 12,  "begin" : 1958,  "end" : 1959 }, 
        {"sofa" : 12,  "begin" : 1960,  "end" : 1968 }, 
        {"sofa" : 12,  "begin" : 1969,  "end" : 1977 }, 
        {"sofa" : 12,  "begin" : 1978,  "end" : 1981 }, 
        {"sofa" : 12,  "begin" : 1982,  "end" : 1985 }, 
        {"sofa" : 12,  "begin" : 1986,  "end" : 1993 }, 
        {"sofa" : 12,  "begin" : 1994,  "end" : 1997 }, 
        {"sofa" : 12,  "begin" : 1998,  "end" : 2001 }, 
        {"sofa" : 12,  "begin" : 2002,  "end" : 2007 }, 
        {"sofa" : 12,  "begin" : 2008,  "end" : 2012 }, 
        {"sofa" : 12,  "begin" : 2012,  "end" : 2013 }, 
        {"sofa" : 12,  "begin" : 2014,  "end" : 2018 }, 
        {"sofa" : 12,  "begin" : 2019,  "end" : 2022 }, 
        {"sofa" : 12,  "begin" : 2023,  "end" : 2028 }, 
        {"sofa" : 12,  "begin" : 2029,  "end" : 2031 }, 
        {"sofa" : 12,  "begin" : 2032,  "end" : 2041 }, 
        {"sofa" : 12,  "begin" : 2042,  "end" : 2045 }, 
        {"sofa" : 12,  "begin" : 2046,  "end" : 2053 }, 
        {"sofa" : 12,  "begin" : 2054,  "end" : 2059 }, 
        {"sofa" : 12,  "begin" : 2060,  "end" : 2062 }, 
        {"sofa" : 12,  "begin" : 2063,  "end" : 2066 }, 
        {"sofa" : 12,  "begin" : 2067,  "end" : 2075 }, 
        {"sofa" : 12,  "begin" : 2076,  "end" : 2079 }, 
        {"sofa" : 12,  "begin" : 2080,  "end" : 2084 }, 
        {"sofa" : 12,  "begin" : 2085,  "end" : 2087 }, 
        {"sofa" : 12,  "begin" : 2088,  "end" : 2091 }, 
        {"sofa" : 12,  "begin" : 2092,  "end" : 2099 }, 
        {"sofa" : 12,  "begin" : 2099,  "end" : 2100 }, 
        {"sofa" : 12,  "begin" : 2101,  "end" : 2104 }, 
        {"sofa" : 12,  "begin" : 2105,  "end" : 2109 }, 
        {"sofa" : 12,  "begin" : 2110,  "end" : 2113 }, 
        {"sofa" : 12,  "begin" : 2114,  "end" : 2118 }, 
        {"sofa" : 12,  "begin" : 2119,  "end" : 2124 }, 
        {"sofa" : 12,  "begin" : 2125,  "end" : 2130 }, 
        {"sofa" : 12,  "begin" : 2131,  "end" : 2140 }, 
        {"sofa" : 12,  "begin" : 2141,  "end" : 2144 }, 
        {"sofa" : 12,  "begin" : 2145,  "end" : 2152 }, 
        {"sofa" : 12,  "begin" : 2153,  "end" : 2157 }, 
        {"sofa" : 12,  "begin" : 2158,  "end" : 2162 }, 
        {"sofa" : 12,  "begin" : 2163,  "end" : 2169 }, 
        {"sofa" : 12,  "begin" : 2170,  "end" : 2172 }, 
        {"sofa" : 12,  "begin" : 2173,  "end" : 2181 }, 
        {"sofa" : 12,  "begin" : 2181,  "end" : 2182 }, 
        {"sofa" : 12,  "begin" : 2183,  "end" : 2191 }, 
        {"sofa" : 12,  "begin" : 2192,  "end" : 2199 }, 
        {"sofa" : 12,  "begin" : 2200,  "end" : 2204 }, 
        {"sofa" : 12,  "begin" : 2205,  "end" : 2208 }, 
        {"sofa" : 12,  "begin" : 2209,  "end" : 2212 }, 
        {"sofa" : 12,  "begin" : 2213,  "end" : 2217 }, 
        {"sofa" : 12,  "begin" : 2218,  "end" : 2221 }, 
        {"sofa" : 12,  "begin" : 2222,  "end" : 2226 }, 
        {"sofa" : 12,  "begin" : 2227,  "end" : 2229 }, 
        {"sofa" : 12,  "begin" : 2230,  "end" : 2234 }, 
        {"sofa" : 12,  "begin" : 2235,  "end" : 2242 }, 
        {"sofa" : 12,  "begin" : 2243,  "end" : 2245 }, 
        {"sofa" : 12,  "begin" : 2246,  "end" : 2249 }, 
        {"sofa" : 12,  "begin" : 2250,  "end" : 2258 }, 
        {"sofa" : 12,  "begin" : 2259,  "end" : 2269 }, 
        {"sofa" : 12,  "begin" : 2270,  "end" : 2278 }, 
        {"sofa" : 12,  "begin" : 2279,  "end" : 2281 }, 
        {"sofa" : 12,  "begin" : 2282,  "end" : 2288 }, 
        {"sofa" : 12,  "begin" : 2289,  "end" : 2293 }, 
        {"sofa" : 12,  "begin" : 2294,  "end" : 2298 }, 
        {"sofa" : 12,  "begin" : 2298,  "end" : 2299 }, 
        {"sofa" : 12,  "begin" : 2300,  "end" : 2302 }, 
        {"sofa" : 12,  "begin" : 2303,  "end" : 2308 }, 
        {"sofa" : 12,  "begin" : 2309,  "end" : 2316 }, 
        {"sofa" : 12,  "begin" : 2317,  "end" : 2325 }, 
        {"sofa" : 12,  "begin" : 2326,  "end" : 2329 }, 
        {"sofa" : 12,  "begin" : 2330,  "end" : 2333 }, 
        {"sofa" : 12,  "begin" : 2334,  "end" : 2339 }, 
        {"sofa" : 12,  "begin" : 2340,  "end" : 2344 }, 
        {"sofa" : 12,  "begin" : 2345,  "end" : 2347 }, 
        {"sofa" : 12,  "begin" : 2348,  "end" : 2352 }, 
        {"sofa" : 12,  "begin" : 2353,  "end" : 2356 }, 
        {"sofa" : 12,  "begin" : 2357,  "end" : 2362 }, 
        {"sofa" : 12,  "begin" : 2363,  "end" : 2367 }, 
        {"sofa" : 12,  "begin" : 2368,  "end" : 2375 }, 
        {"sofa" : 12,  "begin" : 2376,  "end" : 2378 }, 
        {"sofa" : 12,  "begin" : 2379,  "end" : 2383 }, 
        {"sofa" : 12,  "begin" : 2384,  "end" : 2387 }, 
        {"sofa" : 12,  "begin" : 2388,  "end" : 2391 }, 
        {"sofa" : 12,  "begin" : 2392,  "end" : 2398 }, 
        {"sofa" : 12,  "begin" : 2398,  "end" : 2399 }, 
        {"sofa" : 12,  "begin" : 2401,  "end" : 2402 }, 
        {"sofa" : 12,  "begin" : 2402,  "end" : 2403 }, 
        {"sofa" : 12,  "begin" : 2404,  "end" : 2409 }, 
        {"sofa" : 12,  "begin" : 2410,  "end" : 2413 }, 
        {"sofa" : 12,  "begin" : 2414,  "end" : 2418 }, 
        {"sofa" : 12,  "begin" : 2419,  "end" : 2423 }, 
        {"sofa" : 12,  "begin" : 2424,  "end" : 2432 }, 
        {"sofa" : 12,  "begin" : 2433,  "end" : 2437 }, 
        {"sofa" : 12,  "begin" : 2438,  "end" : 2445 }, 
        {"sofa" : 12,  "begin" : 2446,  "end" : 2450 }, 
        {"sofa" : 12,  "begin" : 2451,  "end" : 2455 }, 
        {"sofa" : 12,  "begin" : 2456,  "end" : 2461 }, 
        {"sofa" : 12,  "begin" : 2462,  "end" : 2466 }, 
        {"sofa" : 12,  "begin" : 2467,  "end" : 2470 }, 
        {"sofa" : 12,  "begin" : 2471,  "end" : 2474 }, 
        {"sofa" : 12,  "begin" : 2475,  "end" : 2482 }, 
        {"sofa" : 12,  "begin" : 2482,  "end" : 2483 }, 
        {"sofa" : 12,  "begin" : 2485,  "end" : 2489 }, 
        {"sofa" : 12,  "begin" : 2490,  "end" : 2497 }, 
        {"sofa" : 12,  "begin" : 2497,  "end" : 2498 }, 
        {"sofa" : 12,  "begin" : 2500,  "end" : 2509 }, 
        {"sofa" : 12,  "begin" : 2510,  "end" : 2519 }, 
        {"sofa" : 12,  "begin" : 2520,  "end" : 2522 }, 
        {"sofa" : 12,  "begin" : 2523,  "end" : 2534 }, 
        {"sofa" : 12,  "begin" : 2536,  "end" : 2539 }, 
        {"sofa" : 12,  "begin" : 2539,  "end" : 2540 }, 
        {"sofa" : 12,  "begin" : 2542,  "end" : 2543 }, 
        {"sofa" : 12,  "begin" : 2544,  "end" : 2549 }, 
        {"sofa" : 12,  "begin" : 2550,  "end" : 2559 }, 
        {"sofa" : 12,  "begin" : 2560,  "end" : 2565 }, 
        {"sofa" : 12,  "begin" : 2566,  "end" : 2573 }, 
        {"sofa" : 12,  "begin" : 2574,  "end" : 2577 }, 
        {"sofa" : 12,  "begin" : 2578,  "end" : 2585 }, 
        {"sofa" : 12,  "begin" : 2586,  "end" : 2593 }, 
        {"sofa" : 12,  "begin" : 2594,  "end" : 2601 }, 
        {"sofa" : 12,  "begin" : 2601,  "end" : 2602 }, 
        {"sofa" : 12,  "begin" : 2603,  "end" : 2610 }, 
        {"sofa" : 12,  "begin" : 2611,  "end" : 2616 }, 
        {"sofa" : 12,  "begin" : 2617,  "end" : 2619 }, 
        {"sofa" : 12,  "begin" : 2620,  "end" : 2623 }, 
        {"sofa" : 12,  "begin" : 2624,  "end" : 2634 }, 
        {"sofa" : 12,  "begin" : 2634,  "end" : 2635 }, 
        {"sofa" : 12,  "begin" : 2635,  "end" : 2647 }, 
        {"sofa" : 12,  "begin" : 2648,  "end" : 2656 }, 
        {"sofa" : 12,  "begin" : 2657,  "end" : 2664 }, 
        {"sofa" : 12,  "begin" : 2665,  "end" : 2667 }, 
        {"sofa" : 12,  "begin" : 2668,  "end" : 2677 }, 
        {"sofa" : 12,  "begin" : 2677,  "end" : 2678 }, 
        {"sofa" : 12,  "begin" : 2679,  "end" : 2683 }, 
        {"sofa" : 12,  "begin" : 2684,  "end" : 2688 }, 
        {"sofa" : 12,  "begin" : 2688,  "end" : 2689 }, 
        {"sofa" : 12,  "begin" : 2690,  "end" : 2698 }, 
        {"sofa" : 12,  "begin" : 2699,  "end" : 2706 }, 
        {"sofa" : 12,  "begin" : 2707,  "end" : 2709 }, 
        {"sofa" : 12,  "begin" : 2710,  "end" : 2722 }, 
        {"sofa" : 12,  "begin" : 2723,  "end" : 2733 }, 
        {"sofa" : 12,  "begin" : 2735,  "end" : 2736 }, 
        {"sofa" : 12,  "begin" : 2737,  "end" : 2739 }, 
        {"sofa" : 12,  "begin" : 2739,  "end" : 2740 }, 
        {"sofa" : 12,  "begin" : 2741,  "end" : 2748 }, 
        {"sofa" : 12,  "begin" : 2749,  "end" : 2755 }, 
        {"sofa" : 12,  "begin" : 2755,  "end" : 2756 }, 
        {"sofa" : 12,  "begin" : 2757,  "end" : 2758 }, 
        {"sofa" : 12,  "begin" : 2759,  "end" : 2771 }, 
        {"sofa" : 12,  "begin" : 2772,  "end" : 2774 }, 
        {"sofa" : 12,  "begin" : 2775,  "end" : 2784 }, 
        {"sofa" : 12,  "begin" : 2784,  "end" : 2785 }, 
        {"sofa" : 12,  "begin" : 2786,  "end" : 2789 }, 
        {"sofa" : 12,  "begin" : 2790,  "end" : 2793 }, 
        {"sofa" : 12,  "begin" : 2794,  "end" : 2799 }, 
        {"sofa" : 12,  "begin" : 2800,  "end" : 2803 }, 
        {"sofa" : 12,  "begin" : 2804,  "end" : 2806 }, 
        {"sofa" : 12,  "begin" : 2807,  "end" : 2812 }, 
        {"sofa" : 12,  "begin" : 2813,  "end" : 2816 }, 
        {"sofa" : 12,  "begin" : 2817,  "end" : 2822 }, 
        {"sofa" : 12,  "begin" : 2823,  "end" : 2827 }, 
        {"sofa" : 12,  "begin" : 2828,  "end" : 2831 }, 
        {"sofa" : 12,  "begin" : 2832,  "end" : 2835 }, 
        {"sofa" : 12,  "begin" : 2836,  "end" : 2843 }, 
        {"sofa" : 12,  "begin" : 2844,  "end" : 2851 }, 
        {"sofa" : 12,  "begin" : 2852,  "end" : 2861 }, 
        {"sofa" : 12,  "begin" : 2862,  "end" : 2871 }, 
        {"sofa" : 12,  "begin" : 2872,  "end" : 2876 }, 
        {"sofa" : 12,  "begin" : 2877,  "end" : 2880 }, 
        {"sofa" : 12,  "begin" : 2881,  "end" : 2889 }, 
        {"sofa" : 12,  "begin" : 2890,  "end" : 2892 }, 
        {"sofa" : 12,  "begin" : 2893,  "end" : 2895 }, 
        {"sofa" : 12,  "begin" : 2896,  "end" : 2899 }, 
        {"sofa" : 12,  "begin" : 2900,  "end" : 2902 }, 
        {"sofa" : 12,  "begin" : 2903,  "end" : 2906 }, 
        {"sofa" : 12,  "begin" : 2907,  "end" : 2909 }, 
        {"sofa" : 12,  "begin" : 2910,  "end" : 2914 }, 
        {"sofa" : 12,  "begin" : 2915,  "end" : 2918 }, 
        {"sofa" : 12,  "begin" : 2919,  "end" : 2927 }, 
        {"sofa" : 12,  "begin" : 2928,  "end" : 2930 }, 
        {"sofa" : 12,  "begin" : 2931,  "end" : 2935 }, 
        {"sofa" : 12,  "begin" : 2935,  "end" : 2936 }, 
        {"sofa" : 12,  "begin" : 2938,  "end" : 2939 }, 
        {"sofa" : 12,  "begin" : 2940,  "end" : 2943 }, 
        {"sofa" : 12,  "begin" : 2944,  "end" : 2951 }, 
        {"sofa" : 12,  "begin" : 2952,  "end" : 2956 }, 
        {"sofa" : 12,  "begin" : 2957,  "end" : 2966 }, 
        {"sofa" : 12,  "begin" : 2967,  "end" : 2970 }, 
        {"sofa" : 12,  "begin" : 2971,  "end" : 2972 }, 
        {"sofa" : 12,  "begin" : 2973,  "end" : 2981 }, 
        {"sofa" : 12,  "begin" : 2982,  "end" : 2988 }, 
        {"sofa" : 12,  "begin" : 2989,  "end" : 2996 }, 
        {"sofa" : 12,  "begin" : 2997,  "end" : 3001 }, 
        {"sofa" : 12,  "begin" : 3002,  "end" : 3006 }, 
        {"sofa" : 12,  "begin" : 3007,  "end" : 3012 }, 
        {"sofa" : 12,  "begin" : 3013,  "end" : 3020 }, 
        {"sofa" : 12,  "begin" : 3021,  "end" : 3024 }, 
        {"sofa" : 12,  "begin" : 3025,  "end" : 3031 }, 
        {"sofa" : 12,  "begin" : 3032,  "end" : 3041 }, 
        {"sofa" : 12,  "begin" : 3042,  "end" : 3046 }, 
        {"sofa" : 12,  "begin" : 3047,  "end" : 3051 }, 
        {"sofa" : 12,  "begin" : 3052,  "end" : 3058 }, 
        {"sofa" : 12,  "begin" : 3059,  "end" : 3061 }, 
        {"sofa" : 12,  "begin" : 3062,  "end" : 3065 }, 
        {"sofa" : 12,  "begin" : 3066,  "end" : 3074 }, 
        {"sofa" : 12,  "begin" : 3076,  "end" : 3077 }, 
        {"sofa" : 12,  "begin" : 3077,  "end" : 3078 }, 
        {"sofa" : 12,  "begin" : 3079,  "end" : 3088 }, 
        {"sofa" : 12,  "begin" : 3089,  "end" : 3096 }, 
        {"sofa" : 12,  "begin" : 3097,  "end" : 3100 }, 
        {"sofa" : 12,  "begin" : 3101,  "end" : 3104 }, 
        {"sofa" : 12,  "begin" : 3104,  "end" : 3105 }, 
        {"sofa" : 12,  "begin" : 3106,  "end" : 3109 }, 
        {"sofa" : 12,  "begin" : 3110,  "end" : 3117 }, 
        {"sofa" : 12,  "begin" : 3118,  "end" : 3121 }, 
        {"sofa" : 12,  "begin" : 3122,  "end" : 3130 }, 
        {"sofa" : 12,  "begin" : 3130,  "end" : 3131 }, 
        {"sofa" : 12,  "begin" : 3132,  "end" : 3140 }, 
        {"sofa" : 12,  "begin" : 3141,  "end" : 3144 }, 
        {"sofa" : 12,  "begin" : 3145,  "end" : 3147 }, 
        {"sofa" : 12,  "begin" : 3148,  "end" : 3155 }, 
        {"sofa" : 12,  "begin" : 3156,  "end" : 3159 }, 
        {"sofa" : 12,  "begin" : 3160,  "end" : 3168 }, 
        {"sofa" : 12,  "begin" : 3170,  "end" : 3173 }, 
        {"sofa" : 12,  "begin" : 3173,  "end" : 3174 }, 
        {"sofa" : 12,  "begin" : 3176,  "end" : 3177 }, 
        {"sofa" : 12,  "begin" : 3178,  "end" : 3186 }, 
        {"sofa" : 12,  "begin" : 3187,  "end" : 3194 }, 
        {"sofa" : 12,  "begin" : 3194,  "end" : 3195 }, 
        {"sofa" : 12,  "begin" : 3196,  "end" : 3201 }, 
        {"sofa" : 12,  "begin" : 3202,  "end" : 3207 }, 
        {"sofa" : 12,  "begin" : 3208,  "end" : 3215 }, 
        {"sofa" : 12,  "begin" : 3216,  "end" : 3220 }, 
        {"sofa" : 12,  "begin" : 3221,  "end" : 3223 }, 
        {"sofa" : 12,  "begin" : 3224,  "end" : 3233 }, 
        {"sofa" : 12,  "begin" : 3234,  "end" : 3236 }, 
        {"sofa" : 12,  "begin" : 3237,  "end" : 3241 }, 
        {"sofa" : 12,  "begin" : 3242,  "end" : 3250 }, 
        {"sofa" : 12,  "begin" : 3251,  "end" : 3261 }, 
        {"sofa" : 12,  "begin" : 3263,  "end" : 3264 }, 
        {"sofa" : 12,  "begin" : 3265,  "end" : 3272 }, 
        {"sofa" : 12,  "begin" : 3273,  "end" : 3278 }, 
        {"sofa" : 12,  "begin" : 3279,  "end" : 3281 }, 
        {"sofa" : 12,  "begin" : 3282,  "end" : 3287 }, 
        {"sofa" : 12,  "begin" : 3288,  "end" : 3290 }, 
        {"sofa" : 12,  "begin" : 3291,  "end" : 3295 }, 
        {"sofa" : 12,  "begin" : 3296,  "end" : 3298 }, 
        {"sofa" : 12,  "begin" : 3299,  "end" : 3304 }, 
        {"sofa" : 12,  "begin" : 3305,  "end" : 3310 }, 
        {"sofa" : 12,  "begin" : 3311,  "end" : 3320 }, 
        {"sofa" : 12,  "begin" : 3321,  "end" : 3324 }, 
        {"sofa" : 12,  "begin" : 3325,  "end" : 3332 }, 
        {"sofa" : 12,  "begin" : 3333,  "end" : 3339 }, 
        {"sofa" : 12,  "begin" : 3341,  "end" : 3342 }, 
        {"sofa" : 12,  "begin" : 3343,  "end" : 3349 }, 
        {"sofa" : 12,  "begin" : 3350,  "end" : 3357 }, 
        {"sofa" : 12,  "begin" : 3358,  "end" : 3371 }, 
        {"sofa" : 12,  "begin" : 3372,  "end" : 3375 }, 
        {"sofa" : 12,  "begin" : 3375,  "end" : 3376 }, 
        {"sofa" : 12,  "begin" : 3377,  "end" : 3380 }, 
        {"sofa" : 12,  "begin" : 3381,  "end" : 3384 }, 
        {"sofa" : 12,  "begin" : 3385,  "end" : 3393 }, 
        {"sofa" : 12,  "begin" : 3394,  "end" : 3403 }, 
        {"sofa" : 12,  "begin" : 3403,  "end" : 3404 }, 
        {"sofa" : 12,  "begin" : 3406,  "end" : 3407 }, 
        {"sofa" : 12,  "begin" : 3408,  "end" : 3415 }, 
        {"sofa" : 12,  "begin" : 3416,  "end" : 3422 }, 
        {"sofa" : 12,  "begin" : 3423,  "end" : 3429 }, 
        {"sofa" : 12,  "begin" : 3430,  "end" : 3438 }, 
        {"sofa" : 12,  "begin" : 3439,  "end" : 3443 }, 
        {"sofa" : 12,  "begin" : 3444,  "end" : 3452 }, 
        {"sofa" : 12,  "begin" : 3453,  "end" : 3457 }, 
        {"sofa" : 12,  "begin" : 3458,  "end" : 3464 }, 
        {"sofa" : 12,  "begin" : 3465,  "end" : 3468 }, 
        {"sofa" : 12,  "begin" : 3469,  "end" : 3477 }, 
        {"sofa" : 12,  "begin" : 3478,  "end" : 3485 }, 
        {"sofa" : 12,  "begin" : 3486,  "end" : 3493 }, 
        {"sofa" : 12,  "begin" : 3494,  "end" : 3496 }, 
        {"sofa" : 12,  "begin" : 3497,  "end" : 3500 }, 
        {"sofa" : 12,  "begin" : 3501,  "end" : 3505 }, 
        {"sofa" : 12,  "begin" : 3507,  "end" : 3508 }, 
        {"sofa" : 12,  "begin" : 3509,  "end" : 3514 }, 
        {"sofa" : 12,  "begin" : 3515,  "end" : 3520 }, 
        {"sofa" : 12,  "begin" : 3521,  "end" : 3524 }, 
        {"sofa" : 12,  "begin" : 3525,  "end" : 3532 }, 
        {"sofa" : 12,  "begin" : 3533,  "end" : 3536 }, 
        {"sofa" : 12,  "begin" : 3537,  "end" : 3543 }, 
        {"sofa" : 12,  "begin" : 3544,  "end" : 3554 }, 
        {"sofa" : 12,  "begin" : 3555,  "end" : 3560 }, 
        {"sofa" : 12,  "begin" : 3561,  "end" : 3565 }, 
        {"sofa" : 12,  "begin" : 3566,  "end" : 3572 }, 
        {"sofa" : 12,  "begin" : 3573,  "end" : 3579 }, 
        {"sofa" : 12,  "begin" : 3581,  "end" : 3582 }, 
        {"sofa" : 12,  "begin" : 3583,  "end" : 3585 }, 
        {"sofa" : 12,  "begin" : 3586,  "end" : 3590 }, 
        {"sofa" : 12,  "begin" : 3591,  "end" : 3596 }, 
        {"sofa" : 12,  "begin" : 3597,  "end" : 3602 }, 
        {"sofa" : 12,  "begin" : 3603,  "end" : 3607 }, 
        {"sofa" : 12,  "begin" : 3608,  "end" : 3616 }, 
        {"sofa" : 12,  "begin" : 3617,  "end" : 3627 }, 
        {"sofa" : 12,  "begin" : 3628,  "end" : 3631 }, 
        {"sofa" : 12,  "begin" : 3632,  "end" : 3634 }, 
        {"sofa" : 12,  "begin" : 3635,  "end" : 3643 }, 
        {"sofa" : 12,  "begin" : 3644,  "end" : 3648 }, 
        {"sofa" : 12,  "begin" : 3649,  "end" : 3657 }, 
        {"sofa" : 12,  "begin" : 3658,  "end" : 3665 }, 
        {"sofa" : 12,  "begin" : 3666,  "end" : 3668 }, 
        {"sofa" : 12,  "begin" : 3669,  "end" : 3675 }, 
        {"sofa" : 12,  "begin" : 3677,  "end" : 3678 }, 
        {"sofa" : 12,  "begin" : 3679,  "end" : 3682 }, 
        {"sofa" : 12,  "begin" : 3683,  "end" : 3690 }, 
        {"sofa" : 12,  "begin" : 3690,  "end" : 3691 }, 
        {"sofa" : 12,  "begin" : 3692,  "end" : 3698 }, 
        {"sofa" : 12,  "begin" : 3699,  "end" : 3705 }, 
        {"sofa" : 12,  "begin" : 3706,  "end" : 3714 }, 
        {"sofa" : 12,  "begin" : 3715,  "end" : 3724 }, 
        {"sofa" : 12,  "begin" : 3725,  "end" : 3734 }, 
        {"sofa" : 12,  "begin" : 3735,  "end" : 3746 }, 
        {"sofa" : 12,  "begin" : 3747,  "end" : 3750 }, 
        {"sofa" : 12,  "begin" : 3751,  "end" : 3753 }, 
        {"sofa" : 12,  "begin" : 3754,  "end" : 3758 }, 
        {"sofa" : 12,  "begin" : 3759,  "end" : 3766 }, 
        {"sofa" : 12,  "begin" : 3768,  "end" : 3769 }, 
        {"sofa" : 12,  "begin" : 3769,  "end" : 3770 }, 
        {"sofa" : 12,  "begin" : 3771,  "end" : 3774 }, 
        {"sofa" : 12,  "begin" : 3775,  "end" : 3781 }, 
        {"sofa" : 12,  "begin" : 3782,  "end" : 3785 }, 
        {"sofa" : 12,  "begin" : 3786,  "end" : 3789 }, 
        {"sofa" : 12,  "begin" : 3790,  "end" : 3802 }, 
        {"sofa" : 12,  "begin" : 3803,  "end" : 3805 }, 
        {"sofa" : 12,  "begin" : 3806,  "end" : 3814 }, 
        {"sofa" : 12,  "begin" : 3815,  "end" : 3817 }, 
        {"sofa" : 12,  "begin" : 3818,  "end" : 3821 }, 
        {"sofa" : 12,  "begin" : 3822,  "end" : 3825 }, 
        {"sofa" : 12,  "begin" : 3825,  "end" : 3826 }, 
        {"sofa" : 12,  "begin" : 3827,  "end" : 3828 }, 
        {"sofa" : 12,  "begin" : 3829,  "end" : 3833 }, 
        {"sofa" : 12,  "begin" : 3834,  "end" : 3838 }, 
        {"sofa" : 12,  "begin" : 3839,  "end" : 3844 }, 
        {"sofa" : 12,  "begin" : 3845,  "end" : 3850 }, 
        {"sofa" : 12,  "begin" : 3851,  "end" : 3859 }, 
        {"sofa" : 12,  "begin" : 3861,  "end" : 3865 }, 
        {"sofa" : 12,  "begin" : 3866,  "end" : 3868 }, 
        {"sofa" : 12,  "begin" : 3869,  "end" : 3872 }, 
        {"sofa" : 12,  "begin" : 3873,  "end" : 3876 }, 
        {"sofa" : 12,  "begin" : 3876,  "end" : 3877 }, 
        {"sofa" : 12,  "begin" : 3878,  "end" : 3884 }, 
        {"sofa" : 12,  "begin" : 3885,  "end" : 3887 }, 
        {"sofa" : 12,  "begin" : 3888,  "end" : 3895 }, 
        {"sofa" : 12,  "begin" : 3896,  "end" : 3900 }, 
        {"sofa" : 12,  "begin" : 3901,  "end" : 3902 }, 
        {"sofa" : 12,  "begin" : 3903,  "end" : 3906 }, 
        {"sofa" : 12,  "begin" : 3906,  "end" : 3907 }, 
        {"sofa" : 12,  "begin" : 3908,  "end" : 3915 }, 
        {"sofa" : 12,  "begin" : 3915,  "end" : 3916 }, 
        {"sofa" : 12,  "begin" : 3917,  "end" : 3919 }, 
        {"sofa" : 12,  "begin" : 3920,  "end" : 3923 }, 
        {"sofa" : 12,  "begin" : 3923,  "end" : 3924 }, 
        {"sofa" : 12,  "begin" : 3925,  "end" : 3931 }, 
        {"sofa" : 12,  "begin" : 3932,  "end" : 3935 }, 
        {"sofa" : 12,  "begin" : 3936,  "end" : 3937 }, 
        {"sofa" : 12,  "begin" : 3938,  "end" : 3952 }, 
        {"sofa" : 12,  "begin" : 3953,  "end" : 3960 }, 
        {"sofa" : 12,  "begin" : 3961,  "end" : 3964 }, 
        {"sofa" : 12,  "begin" : 3965,  "end" : 3972 }, 
        {"sofa" : 12,  "begin" : 3973,  "end" : 3982 }, 
        {"sofa" : 12,  "begin" : 3983,  "end" : 3987 }, 
        {"sofa" : 12,  "begin" : 3988,  "end" : 3996 }, 
        {"sofa" : 12,  "begin" : 3996,  "end" : 3997 }, 
        {"sofa" : 12,  "begin" : 3998,  "end" : 4006 }, 
        {"sofa" : 12,  "begin" : 4007,  "end" : 4011 }, 
        {"sofa" : 12,  "begin" : 4012,  "end" : 4016 }, 
        {"sofa" : 12,  "begin" : 4017,  "end" : 4022 }, 
        {"sofa" : 12,  "begin" : 4023,  "end" : 4028 }, 
        {"sofa" : 12,  "begin" : 4029,  "end" : 4037 }, 
        {"sofa" : 12,  "begin" : 4038,  "end" : 4040 }, 
        {"sofa" : 12,  "begin" : 4041,  "end" : 4045 }, 
        {"sofa" : 12,  "begin" : 4045,  "end" : 4046 }, 
        {"sofa" : 12,  "begin" : 4047,  "end" : 4050 }, 
        {"sofa" : 12,  "begin" : 4051,  "end" : 4055 }, 
        {"sofa" : 12,  "begin" : 4056,  "end" : 4059 }, 
        {"sofa" : 12,  "begin" : 4060,  "end" : 4063 }, 
        {"sofa" : 12,  "begin" : 4064,  "end" : 4070 }, 
        {"sofa" : 12,  "begin" : 4071,  "end" : 4073 }, 
        {"sofa" : 12,  "begin" : 4074,  "end" : 4077 }, 
        {"sofa" : 12,  "begin" : 4078,  "end" : 4081 }, 
        {"sofa" : 12,  "begin" : 4081,  "end" : 4082 }, 
        {"sofa" : 12,  "begin" : 4083,  "end" : 4090 }, 
        {"sofa" : 12,  "begin" : 4091,  "end" : 4096 }, 
        {"sofa" : 12,  "begin" : 4097,  "end" : 4099 }, 
        {"sofa" : 12,  "begin" : 4100,  "end" : 4104 }, 
        {"sofa" : 12,  "begin" : 4104,  "end" : 4105 }, 
        {"sofa" : 12,  "begin" : 4106,  "end" : 4111 }, 
        {"sofa" : 12,  "begin" : 4112,  "end" : 4114 }, 
        {"sofa" : 12,  "begin" : 4115,  "end" : 4116 }, 
        {"sofa" : 12,  "begin" : 4117,  "end" : 4124 }, 
        {"sofa" : 12,  "begin" : 4125,  "end" : 4126 }, 
        {"sofa" : 12,  "begin" : 4126,  "end" : 4133 }, 
        {"sofa" : 12,  "begin" : 4134,  "end" : 4139 }, 
        {"sofa" : 12,  "begin" : 4139,  "end" : 4140 }, 
        {"sofa" : 12,  "begin" : 4141,  "end" : 4147 }, 
        {"sofa" : 12,  "begin" : 4148,  "end" : 4151 }, 
        {"sofa" : 12,  "begin" : 4152,  "end" : 4160 }, 
        {"sofa" : 12,  "begin" : 4161,  "end" : 4168 }, 
        {"sofa" : 12,  "begin" : 4169,  "end" : 4175 }, 
        {"sofa" : 12,  "begin" : 4176,  "end" : 4188 }, 
        {"sofa" : 12,  "begin" : 4189,  "end" : 4196 }, 
        {"sofa" : 12,  "begin" : 4197,  "end" : 4201 }, 
        {"sofa" : 12,  "begin" : 4202,  "end" : 4204 }, 
        {"sofa" : 12,  "begin" : 4205,  "end" : 4211 }, 
        {"sofa" : 12,  "begin" : 4212,  "end" : 4219 }, 
        {"sofa" : 12,  "begin" : 4220,  "end" : 4221 }, 
        {"sofa" : 12,  "begin" : 4222,  "end" : 4225 }, 
        {"sofa" : 12,  "begin" : 4226,  "end" : 4228 }, 
        {"sofa" : 12,  "begin" : 4229,  "end" : 4237 }, 
        {"sofa" : 12,  "begin" : 4237,  "end" : 4238 }, 
        {"sofa" : 12,  "begin" : 4239,  "end" : 4241 }, 
        {"sofa" : 12,  "begin" : 4242,  "end" : 4245 }, 
        {"sofa" : 12,  "begin" : 4246,  "end" : 4249 }, 
        {"sofa" : 12,  "begin" : 4250,  "end" : 4257 }, 
        {"sofa" : 12,  "begin" : 4258,  "end" : 4260 }, 
        {"sofa" : 12,  "begin" : 4261,  "end" : 4267 }, 
        {"sofa" : 12,  "begin" : 4268,  "end" : 4270 }, 
        {"sofa" : 12,  "begin" : 4271,  "end" : 4272 }, 
        {"sofa" : 12,  "begin" : 4273,  "end" : 4280 }, 
        {"sofa" : 12,  "begin" : 4280,  "end" : 4281 }, 
        {"sofa" : 12,  "begin" : 4282,  "end" : 4285 }, 
        {"sofa" : 12,  "begin" : 4286,  "end" : 4290 }, 
        {"sofa" : 12,  "begin" : 4291,  "end" : 4295 }, 
        {"sofa" : 12,  "begin" : 4296,  "end" : 4298 }, 
        {"sofa" : 12,  "begin" : 4299,  "end" : 4307 }, 
        {"sofa" : 12,  "begin" : 4308,  "end" : 4311 }, 
        {"sofa" : 12,  "begin" : 4312,  "end" : 4317 }, 
        {"sofa" : 12,  "begin" : 4318,  "end" : 4328 }, 
        {"sofa" : 12,  "begin" : 4329,  "end" : 4339 }, 
        {"sofa" : 12,  "begin" : 4340,  "end" : 4349 }, 
        {"sofa" : 12,  "begin" : 4350,  "end" : 4352 }, 
        {"sofa" : 12,  "begin" : 4353,  "end" : 4357 }, 
        {"sofa" : 12,  "begin" : 4358,  "end" : 4365 }, 
        {"sofa" : 12,  "begin" : 4365,  "end" : 4366 }, 
        {"sofa" : 12,  "begin" : 4367,  "end" : 4369 }, 
        {"sofa" : 12,  "begin" : 4370,  "end" : 4373 }, 
        {"sofa" : 12,  "begin" : 4374,  "end" : 4380 }, 
        {"sofa" : 12,  "begin" : 4381,  "end" : 4384 }, 
        {"sofa" : 12,  "begin" : 4385,  "end" : 4388 }, 
        {"sofa" : 12,  "begin" : 4389,  "end" : 4393 }, 
        {"sofa" : 12,  "begin" : 4394,  "end" : 4407 }, 
        {"sofa" : 12,  "begin" : 4407,  "end" : 4408 }, 
        {"sofa" : 12,  "begin" : 4409,  "end" : 4411 }, 
        {"sofa" : 12,  "begin" : 4412,  "end" : 4415 }, 
        {"sofa" : 12,  "begin" : 4416,  "end" : 4420 }, 
        {"sofa" : 12,  "begin" : 4421,  "end" : 4423 }, 
        {"sofa" : 12,  "begin" : 4424,  "end" : 4429 }, 
        {"sofa" : 12,  "begin" : 4430,  "end" : 4432 }, 
        {"sofa" : 12,  "begin" : 4433,  "end" : 4439 }, 
        {"sofa" : 12,  "begin" : 4440,  "end" : 4442 }, 
        {"sofa" : 12,  "begin" : 4443,  "end" : 4446 }, 
        {"sofa" : 12,  "begin" : 4447,  "end" : 4451 }, 
        {"sofa" : 12,  "begin" : 4452,  "end" : 4456 }, 
        {"sofa" : 12,  "begin" : 4457,  "end" : 4460 }, 
        {"sofa" : 12,  "begin" : 4461,  "end" : 4463 }, 
        {"sofa" : 12,  "begin" : 4464,  "end" : 4475 }, 
        {"sofa" : 12,  "begin" : 4475,  "end" : 4476 }, 
        {"sofa" : 12,  "begin" : 4477,  "end" : 4480 }, 
        {"sofa" : 12,  "begin" : 4481,  "end" : 4484 }, 
        {"sofa" : 12,  "begin" : 4484,  "end" : 4485 }, 
        {"sofa" : 12,  "begin" : 4486,  "end" : 4496 }, 
        {"sofa" : 12,  "begin" : 4497,  "end" : 4499 }, 
        {"sofa" : 12,  "begin" : 4500,  "end" : 4506 }, 
        {"sofa" : 12,  "begin" : 4507,  "end" : 4510 }, 
        {"sofa" : 12,  "begin" : 4511,  "end" : 4516 }, 
        {"sofa" : 12,  "begin" : 4517,  "end" : 4525 }, 
        {"sofa" : 12,  "begin" : 4526,  "end" : 4533 }, 
        {"sofa" : 12,  "begin" : 4534,  "end" : 4543 }, 
        {"sofa" : 12,  "begin" : 4544,  "end" : 4545 }, 
        {"sofa" : 12,  "begin" : 4546,  "end" : 4552 }, 
        {"sofa" : 12,  "begin" : 4553,  "end" : 4558 }, 
        {"sofa" : 12,  "begin" : 4559,  "end" : 4565 }, 
        {"sofa" : 12,  "begin" : 4566,  "end" : 4572 }, 
        {"sofa" : 12,  "begin" : 4573,  "end" : 4575 }, 
        {"sofa" : 12,  "begin" : 4576,  "end" : 4587 }, 
        {"sofa" : 12,  "begin" : 4588,  "end" : 4590 }, 
        {"sofa" : 12,  "begin" : 4591,  "end" : 4596 }, 
        {"sofa" : 12,  "begin" : 4597,  "end" : 4604 }, 
        {"sofa" : 12,  "begin" : 4604,  "end" : 4605 }, 
        {"sofa" : 12,  "begin" : 4606,  "end" : 4610 }, 
        {"sofa" : 12,  "begin" : 4611,  "end" : 4613 }, 
        {"sofa" : 12,  "begin" : 4614,  "end" : 4617 }, 
        {"sofa" : 12,  "begin" : 4618,  "end" : 4624 }, 
        {"sofa" : 12,  "begin" : 4625,  "end" : 4628 }, 
        {"sofa" : 12,  "begin" : 4628,  "end" : 4629 }, 
        {"sofa" : 12,  "begin" : 4631,  "end" : 4632 }, 
        {"sofa" : 12,  "begin" : 4632,  "end" : 4633 }, 
        {"sofa" : 12,  "begin" : 4634,  "end" : 4637 }, 
        {"sofa" : 12,  "begin" : 4638,  "end" : 4641 }, 
        {"sofa" : 12,  "begin" : 4641,  "end" : 4642 }, 
        {"sofa" : 12,  "begin" : 4643,  "end" : 4653 }, 
        {"sofa" : 12,  "begin" : 4654,  "end" : 4659 }, 
        {"sofa" : 12,  "begin" : 4660,  "end" : 4669 }, 
        {"sofa" : 12,  "begin" : 4670,  "end" : 4674 }, 
        {"sofa" : 12,  "begin" : 4675,  "end" : 4678 }, 
        {"sofa" : 12,  "begin" : 4679,  "end" : 4683 }, 
        {"sofa" : 12,  "begin" : 4684,  "end" : 4686 }, 
        {"sofa" : 12,  "begin" : 4687,  "end" : 4690 }, 
        {"sofa" : 12,  "begin" : 4691,  "end" : 4699 }, 
        {"sofa" : 12,  "begin" : 4700,  "end" : 4703 }, 
        {"sofa" : 12,  "begin" : 4704,  "end" : 4711 }, 
        {"sofa" : 12,  "begin" : 4711,  "end" : 4712 }, 
        {"sofa" : 12,  "begin" : 4714,  "end" : 4716 }, 
        {"sofa" : 12,  "begin" : 4716,  "end" : 4717 }, 
        {"sofa" : 12,  "begin" : 4718,  "end" : 4722 }, 
        {"sofa" : 12,  "begin" : 4723,  "end" : 4727 }, 
        {"sofa" : 12,  "begin" : 4728,  "end" : 4733 }, 
        {"sofa" : 12,  "begin" : 4734,  "end" : 4736 }, 
        {"sofa" : 12,  "begin" : 4737,  "end" : 4740 }, 
        {"sofa" : 12,  "begin" : 4741,  "end" : 4744 }, 
        {"sofa" : 12,  "begin" : 4745,  "end" : 4752 }, 
        {"sofa" : 12,  "begin" : 4753,  "end" : 4755 }, 
        {"sofa" : 12,  "begin" : 4756,  "end" : 4767 }, 
        {"sofa" : 12,  "begin" : 4768,  "end" : 4771 }, 
        {"sofa" : 12,  "begin" : 4772,  "end" : 4774 }, 
        {"sofa" : 12,  "begin" : 4775,  "end" : 4779 }, 
        {"sofa" : 12,  "begin" : 4780,  "end" : 4783 }, 
        {"sofa" : 12,  "begin" : 4784,  "end" : 4787 }, 
        {"sofa" : 12,  "begin" : 4788,  "end" : 4792 }, 
        {"sofa" : 12,  "begin" : 4793,  "end" : 4798 }, 
        {"sofa" : 12,  "begin" : 4799,  "end" : 4802 }, 
        {"sofa" : 12,  "begin" : 4803,  "end" : 4811 }, 
        {"sofa" : 12,  "begin" : 4812,  "end" : 4821 }, 
        {"sofa" : 12,  "begin" : 4822,  "end" : 4824 }, 
        {"sofa" : 12,  "begin" : 4825,  "end" : 4831 }, 
        {"sofa" : 12,  "begin" : 4832,  "end" : 4833 }, 
        {"sofa" : 12,  "begin" : 4833,  "end" : 4836 }, 
        {"sofa" : 12,  "begin" : 4836,  "end" : 4837 }, 
        {"sofa" : 12,  "begin" : 4838,  "end" : 4844 }, 
        {"sofa" : 12,  "begin" : 4845,  "end" : 4849 }, 
        {"sofa" : 12,  "begin" : 4850,  "end" : 4853 }, 
        {"sofa" : 12,  "begin" : 4854,  "end" : 4858 }, 
        {"sofa" : 12,  "begin" : 4859,  "end" : 4861 }, 
        {"sofa" : 12,  "begin" : 4862,  "end" : 4870 }, 
        {"sofa" : 12,  "begin" : 4870,  "end" : 4871 }, 
        {"sofa" : 12,  "begin" : 4872,  "end" : 4875 }, 
        {"sofa" : 12,  "begin" : 4876,  "end" : 4880 }, 
        {"sofa" : 12,  "begin" : 4881,  "end" : 4888 }, 
        {"sofa" : 12,  "begin" : 4889,  "end" : 4891 }, 
        {"sofa" : 12,  "begin" : 4892,  "end" : 4898 }, 
        {"sofa" : 12,  "begin" : 4899,  "end" : 4902 }, 
        {"sofa" : 12,  "begin" : 4903,  "end" : 4909 }, 
        {"sofa" : 12,  "begin" : 4910,  "end" : 4912 }, 
        {"sofa" : 12,  "begin" : 4913,  "end" : 4920 }, 
        {"sofa" : 12,  "begin" : 4921,  "end" : 4924 }, 
        {"sofa" : 12,  "begin" : 4925,  "end" : 4935 }, 
        {"sofa" : 12,  "begin" : 4936,  "end" : 4941 }, 
        {"sofa" : 12,  "begin" : 4942,  "end" : 4946 }, 
        {"sofa" : 12,  "begin" : 4947,  "end" : 4951 }, 
        {"sofa" : 12,  "begin" : 4952,  "end" : 4959 }, 
        {"sofa" : 12,  "begin" : 4960,  "end" : 4961 }, 
        {"sofa" : 12,  "begin" : 4961,  "end" : 4969 }, 
        {"sofa" : 12,  "begin" : 4970,  "end" : 4973 }, 
        {"sofa" : 12,  "begin" : 4974,  "end" : 4981 }, 
        {"sofa" : 12,  "begin" : 4982,  "end" : 4986 }, 
        {"sofa" : 12,  "begin" : 4987,  "end" : 4989 }, 
        {"sofa" : 12,  "begin" : 4990,  "end" : 4994 }, 
        {"sofa" : 12,  "begin" : 4995,  "end" : 5004 }, 
        {"sofa" : 12,  "begin" : 5004,  "end" : 5005 }, 
        {"sofa" : 12,  "begin" : 5005,  "end" : 5006 }, 
        {"sofa" : 12,  "begin" : 5007,  "end" : 5010 }, 
        {"sofa" : 12,  "begin" : 5011,  "end" : 5014 }, 
        {"sofa" : 12,  "begin" : 5015,  "end" : 5019 }, 
        {"sofa" : 12,  "begin" : 5020,  "end" : 5024 }, 
        {"sofa" : 12,  "begin" : 5025,  "end" : 5028 }, 
        {"sofa" : 12,  "begin" : 5029,  "end" : 5039 }, 
        {"sofa" : 12,  "begin" : 5040,  "end" : 5045 }, 
        {"sofa" : 12,  "begin" : 5046,  "end" : 5055 }, 
        {"sofa" : 12,  "begin" : 5056,  "end" : 5060 }, 
        {"sofa" : 12,  "begin" : 5061,  "end" : 5064 }, 
        {"sofa" : 12,  "begin" : 5065,  "end" : 5069 }, 
        {"sofa" : 12,  "begin" : 5070,  "end" : 5072 }, 
        {"sofa" : 12,  "begin" : 5073,  "end" : 5076 }, 
        {"sofa" : 12,  "begin" : 5077,  "end" : 5085 }, 
        {"sofa" : 12,  "begin" : 5086,  "end" : 5093 }, 
        {"sofa" : 12,  "begin" : 5093,  "end" : 5094 }, 
        {"sofa" : 12,  "begin" : 5095,  "end" : 5099 }, 
        {"sofa" : 12,  "begin" : 5100,  "end" : 5104 }, 
        {"sofa" : 12,  "begin" : 5105,  "end" : 5111 }, 
        {"sofa" : 12,  "begin" : 5112,  "end" : 5121 }, 
        {"sofa" : 12,  "begin" : 5122,  "end" : 5125 }, 
        {"sofa" : 12,  "begin" : 5126,  "end" : 5129 }, 
        {"sofa" : 12,  "begin" : 5130,  "end" : 5137 }, 
        {"sofa" : 12,  "begin" : 5138,  "end" : 5142 }, 
        {"sofa" : 12,  "begin" : 5143,  "end" : 5147 }, 
        {"sofa" : 12,  "begin" : 5147,  "end" : 5148 }, 
        {"sofa" : 12,  "begin" : 5151,  "end" : 5152 }, 
        {"sofa" : 12,  "begin" : 5152,  "end" : 5153 }, 
        {"sofa" : 12,  "begin" : 5154,  "end" : 5159 }, 
        {"sofa" : 12,  "begin" : 5160,  "end" : 5170 }, 
        {"sofa" : 12,  "begin" : 5171,  "end" : 5174 }, 
        {"sofa" : 12,  "begin" : 5175,  "end" : 5177 }, 
        {"sofa" : 12,  "begin" : 5178,  "end" : 5184 }, 
        {"sofa" : 12,  "begin" : 5185,  "end" : 5187 }, 
        {"sofa" : 12,  "begin" : 5188,  "end" : 5191 }, 
        {"sofa" : 12,  "begin" : 5192,  "end" : 5195 }, 
        {"sofa" : 12,  "begin" : 5196,  "end" : 5199 }, 
        {"sofa" : 12,  "begin" : 5200,  "end" : 5205 }, 
        {"sofa" : 12,  "begin" : 5206,  "end" : 5209 }, 
        {"sofa" : 12,  "begin" : 5210,  "end" : 5213 }, 
        {"sofa" : 12,  "begin" : 5214,  "end" : 5222 }, 
        {"sofa" : 12,  "begin" : 5223,  "end" : 5231 }, 
        {"sofa" : 12,  "begin" : 5232,  "end" : 5234 }, 
        {"sofa" : 12,  "begin" : 5235,  "end" : 5236 }, 
        {"sofa" : 12,  "begin" : 5237,  "end" : 5244 }, 
        {"sofa" : 12,  "begin" : 5245,  "end" : 5248 }, 
        {"sofa" : 12,  "begin" : 5249,  "end" : 5251 }, 
        {"sofa" : 12,  "begin" : 5252,  "end" : 5255 }, 
        {"sofa" : 12,  "begin" : 5256,  "end" : 5259 }, 
        {"sofa" : 12,  "begin" : 5260,  "end" : 5269 }, 
        {"sofa" : 12,  "begin" : 5270,  "end" : 5272 }, 
        {"sofa" : 12,  "begin" : 5273,  "end" : 5280 }, 
        {"sofa" : 12,  "begin" : 5281,  "end" : 5288 }, 
        {"sofa" : 12,  "begin" : 5289,  "end" : 5297 }, 
        {"sofa" : 12,  "begin" : 5297,  "end" : 5298 }, 
        {"sofa" : 12,  "begin" : 5299,  "end" : 5300 }, 
        {"sofa" : 12,  "begin" : 5301,  "end" : 5303 }, 
        {"sofa" : 12,  "begin" : 5304,  "end" : 5311 }, 
        {"sofa" : 12,  "begin" : 5312,  "end" : 5318 }, 
        {"sofa" : 12,  "begin" : 5319,  "end" : 5320 }, 
        {"sofa" : 12,  "begin" : 5321,  "end" : 5325 }, 
        {"sofa" : 12,  "begin" : 5326,  "end" : 5335 }, 
        {"sofa" : 12,  "begin" : 5337,  "end" : 5342 }, 
        {"sofa" : 12,  "begin" : 5343,  "end" : 5353 }, 
        {"sofa" : 12,  "begin" : 5354,  "end" : 5357 }, 
        {"sofa" : 12,  "begin" : 5358,  "end" : 5360 }, 
        {"sofa" : 12,  "begin" : 5361,  "end" : 5367 }, 
        {"sofa" : 12,  "begin" : 5368,  "end" : 5370 }, 
        {"sofa" : 12,  "begin" : 5371,  "end" : 5374 }, 
        {"sofa" : 12,  "begin" : 5375,  "end" : 5378 }, 
        {"sofa" : 12,  "begin" : 5379,  "end" : 5383 }, 
        {"sofa" : 12,  "begin" : 5384,  "end" : 5388 }, 
        {"sofa" : 12,  "begin" : 5389,  "end" : 5391 }, 
        {"sofa" : 12,  "begin" : 5392,  "end" : 5396 }, 
        {"sofa" : 12,  "begin" : 5396,  "end" : 5397 }, 
        {"sofa" : 12,  "begin" : 5398,  "end" : 5403 }, 
        {"sofa" : 12,  "begin" : 5404,  "end" : 5412 }, 
        {"sofa" : 12,  "begin" : 5413,  "end" : 5416 }, 
        {"sofa" : 12,  "begin" : 5417,  "end" : 5422 }, 
        {"sofa" : 12,  "begin" : 5423,  "end" : 5426 }, 
        {"sofa" : 12,  "begin" : 5427,  "end" : 5430 }, 
        {"sofa" : 12,  "begin" : 5431,  "end" : 5439 }, 
        {"sofa" : 12,  "begin" : 5440,  "end" : 5448 }, 
        {"sofa" : 12,  "begin" : 5449,  "end" : 5451 }, 
        {"sofa" : 12,  "begin" : 5452,  "end" : 5453 }, 
        {"sofa" : 12,  "begin" : 5454,  "end" : 5461 }, 
        {"sofa" : 12,  "begin" : 5461,  "end" : 5462 }, 
        {"sofa" : 12,  "begin" : 5463,  "end" : 5467 }, 
        {"sofa" : 12,  "begin" : 5468,  "end" : 5473 }, 
        {"sofa" : 12,  "begin" : 5474,  "end" : 5477 }, 
        {"sofa" : 12,  "begin" : 5478,  "end" : 5482 }, 
        {"sofa" : 12,  "begin" : 5483,  "end" : 5487 }, 
        {"sofa" : 12,  "begin" : 5488,  "end" : 5491 }, 
        {"sofa" : 12,  "begin" : 5492,  "end" : 5495 }, 
        {"sofa" : 12,  "begin" : 5495,  "end" : 5496 }, 
        {"sofa" : 12,  "begin" : 5497,  "end" : 5500 }, 
        {"sofa" : 12,  "begin" : 5501,  "end" : 5511 }, 
        {"sofa" : 12,  "begin" : 5512,  "end" : 5522 }, 
        {"sofa" : 12,  "begin" : 5523,  "end" : 5533 }, 
        {"sofa" : 12,  "begin" : 5534,  "end" : 5537 }, 
        {"sofa" : 12,  "begin" : 5538,  "end" : 5546 }, 
        {"sofa" : 12,  "begin" : 5547,  "end" : 5561 }, 
        {"sofa" : 12,  "begin" : 5562,  "end" : 5571 }, 
        {"sofa" : 12,  "begin" : 5571,  "end" : 5572 }, 
        {"sofa" : 12,  "begin" : 5573,  "end" : 5576 }, 
        {"sofa" : 12,  "begin" : 5577,  "end" : 5581 }, 
        {"sofa" : 12,  "begin" : 5582,  "end" : 5584 }, 
        {"sofa" : 12,  "begin" : 5585,  "end" : 5588 }, 
        {"sofa" : 12,  "begin" : 5589,  "end" : 5594 }, 
        {"sofa" : 12,  "begin" : 5595,  "end" : 5601 }, 
        {"sofa" : 12,  "begin" : 5602,  "end" : 5612 }, 
        {"sofa" : 12,  "begin" : 5613,  "end" : 5616 }, 
        {"sofa" : 12,  "begin" : 5617,  "end" : 5624 }, 
        {"sofa" : 12,  "begin" : 5625,  "end" : 5631 }, 
        {"sofa" : 12,  "begin" : 5632,  "end" : 5636 }, 
        {"sofa" : 12,  "begin" : 5637,  "end" : 5639 }, 
        {"sofa" : 12,  "begin" : 5640,  "end" : 5649 }, 
        {"sofa" : 12,  "begin" : 5650,  "end" : 5655 }, 
        {"sofa" : 12,  "begin" : 5656,  "end" : 5658 }, 
        {"sofa" : 12,  "begin" : 5659,  "end" : 5664 }, 
        {"sofa" : 12,  "begin" : 5664,  "end" : 5665 }, 
        {"sofa" : 12,  "begin" : 5666,  "end" : 5670 }, 
        {"sofa" : 12,  "begin" : 5671,  "end" : 5675 }, 
        {"sofa" : 12,  "begin" : 5676,  "end" : 5683 }, 
        {"sofa" : 12,  "begin" : 5684,  "end" : 5688 }, 
        {"sofa" : 12,  "begin" : 5689,  "end" : 5695 }, 
        {"sofa" : 12,  "begin" : 5696,  "end" : 5699 }, 
        {"sofa" : 12,  "begin" : 5700,  "end" : 5702 }, 
        {"sofa" : 12,  "begin" : 5703,  "end" : 5706 }, 
        {"sofa" : 12,  "begin" : 5707,  "end" : 5719 }, 
        {"sofa" : 12,  "begin" : 5720,  "end" : 5725 }, 
        {"sofa" : 12,  "begin" : 5726,  "end" : 5736 }, 
        {"sofa" : 12,  "begin" : 5737,  "end" : 5746 }, 
        {"sofa" : 12,  "begin" : 5747,  "end" : 5750 }, 
        {"sofa" : 12,  "begin" : 5751,  "end" : 5755 }, 
        {"sofa" : 12,  "begin" : 5756,  "end" : 5758 }, 
        {"sofa" : 12,  "begin" : 5759,  "end" : 5762 }, 
        {"sofa" : 12,  "begin" : 5763,  "end" : 5770 }, 
        {"sofa" : 12,  "begin" : 5771,  "end" : 5779 }, 
        {"sofa" : 12,  "begin" : 5779,  "end" : 5780 }, 
        {"sofa" : 12,  "begin" : 5782,  "end" : 5792 }, 
        {"sofa" : 12,  "begin" : 5793,  "end" : 5801 }, 
        {"sofa" : 12,  "begin" : 5802,  "end" : 5806 }, 
        {"sofa" : 12,  "begin" : 5807,  "end" : 5810 }, 
        {"sofa" : 12,  "begin" : 5811,  "end" : 5814 }, 
        {"sofa" : 12,  "begin" : 5815,  "end" : 5817 }, 
        {"sofa" : 12,  "begin" : 5818,  "end" : 5825 }, 
        {"sofa" : 12,  "begin" : 5826,  "end" : 5828 }, 
        {"sofa" : 12,  "begin" : 5828,  "end" : 5829 }, 
        {"sofa" : 12,  "begin" : 5830,  "end" : 5834 }, 
        {"sofa" : 12,  "begin" : 5834,  "end" : 5835 }, 
        {"sofa" : 12,  "begin" : 5836,  "end" : 5839 }, 
        {"sofa" : 12,  "begin" : 5840,  "end" : 5842 }, 
        {"sofa" : 12,  "begin" : 5843,  "end" : 5846 }, 
        {"sofa" : 12,  "begin" : 5847,  "end" : 5850 }, 
        {"sofa" : 12,  "begin" : 5851,  "end" : 5860 }, 
        {"sofa" : 12,  "begin" : 5861,  "end" : 5863 }, 
        {"sofa" : 12,  "begin" : 5864,  "end" : 5871 }, 
        {"sofa" : 12,  "begin" : 5872,  "end" : 5879 }, 
        {"sofa" : 12,  "begin" : 5880,  "end" : 5888 }, 
        {"sofa" : 12,  "begin" : 5888,  "end" : 5889 }, 
        {"sofa" : 12,  "begin" : 5890,  "end" : 5891 }, 
        {"sofa" : 12,  "begin" : 5892,  "end" : 5893 }, 
        {"sofa" : 12,  "begin" : 5894,  "end" : 5901 }, 
        {"sofa" : 12,  "begin" : 5902,  "end" : 5908 }, 
        {"sofa" : 12,  "begin" : 5909,  "end" : 5910 }, 
        {"sofa" : 12,  "begin" : 5911,  "end" : 5915 }, 
        {"sofa" : 12,  "begin" : 5916,  "end" : 5925 }, 
        {"sofa" : 12,  "begin" : 5925,  "end" : 5926 }, 
        {"sofa" : 12,  "begin" : 5927,  "end" : 5930 }, 
        {"sofa" : 12,  "begin" : 5931,  "end" : 5934 }, 
        {"sofa" : 12,  "begin" : 5935,  "end" : 5943 }, 
        {"sofa" : 12,  "begin" : 5944,  "end" : 5946 }, 
        {"sofa" : 12,  "begin" : 5947,  "end" : 5950 }, 
        {"sofa" : 12,  "begin" : 5951,  "end" : 5958 }, 
        {"sofa" : 12,  "begin" : 5959,  "end" : 5965 }, 
        {"sofa" : 12,  "begin" : 5966,  "end" : 5968 }, 
        {"sofa" : 12,  "begin" : 5969,  "end" : 5977 }, 
        {"sofa" : 12,  "begin" : 5978,  "end" : 5981 }, 
        {"sofa" : 12,  "begin" : 5982,  "end" : 5985 }, 
        {"sofa" : 12,  "begin" : 5986,  "end" : 5996 }, 
        {"sofa" : 12,  "begin" : 5997,  "end" : 5998 }, 
        {"sofa" : 12,  "begin" : 5998,  "end" : 6005 }, 
        {"sofa" : 12,  "begin" : 6006,  "end" : 6010 }, 
        {"sofa" : 12,  "begin" : 6010,  "end" : 6011 }, 
        {"sofa" : 12,  "begin" : 6011,  "end" : 6012 }, 
        {"sofa" : 12,  "begin" : 6014,  "end" : 6015 }, 
        {"sofa" : 12,  "begin" : 6015,  "end" : 6016 }, 
        {"sofa" : 12,  "begin" : 6017,  "end" : 6022 }, 
        {"sofa" : 12,  "begin" : 6023,  "end" : 6028 }, 
        {"sofa" : 12,  "begin" : 6029,  "end" : 6032 }, 
        {"sofa" : 12,  "begin" : 6033,  "end" : 6036 }, 
        {"sofa" : 12,  "begin" : 6037,  "end" : 6047 }, 
        {"sofa" : 12,  "begin" : 6048,  "end" : 6052 }, 
        {"sofa" : 12,  "begin" : 6053,  "end" : 6061 }, 
        {"sofa" : 12,  "begin" : 6062,  "end" : 6065 }, 
        {"sofa" : 12,  "begin" : 6066,  "end" : 6076 }, 
        {"sofa" : 12,  "begin" : 6077,  "end" : 6084 }, 
        {"sofa" : 12,  "begin" : 6085,  "end" : 6088 }, 
        {"sofa" : 12,  "begin" : 6089,  "end" : 6094 }, 
        {"sofa" : 12,  "begin" : 6095,  "end" : 6102 }, 
        {"sofa" : 12,  "begin" : 6104,  "end" : 6114 }, 
        {"sofa" : 12,  "begin" : 6115,  "end" : 6117 }, 
        {"sofa" : 12,  "begin" : 6118,  "end" : 6121 }, 
        {"sofa" : 12,  "begin" : 6122,  "end" : 6126 }, 
        {"sofa" : 12,  "begin" : 6127,  "end" : 6137 }, 
        {"sofa" : 12,  "begin" : 6138,  "end" : 6144 }, 
        {"sofa" : 12,  "begin" : 6145,  "end" : 6147 }, 
        {"sofa" : 12,  "begin" : 6148,  "end" : 6156 }, 
        {"sofa" : 12,  "begin" : 6157,  "end" : 6167 }, 
        {"sofa" : 12,  "begin" : 6168,  "end" : 6172 }, 
        {"sofa" : 12,  "begin" : 6173,  "end" : 6180 }, 
        {"sofa" : 12,  "begin" : 6181,  "end" : 6189 }, 
        {"sofa" : 12,  "begin" : 6190,  "end" : 6195 }, 
        {"sofa" : 12,  "begin" : 6196,  "end" : 6201 }, 
        {"sofa" : 12,  "begin" : 6202,  "end" : 6205 }, 
        {"sofa" : 12,  "begin" : 6206,  "end" : 6213 }, 
        {"sofa" : 12,  "begin" : 6214,  "end" : 6217 }, 
        {"sofa" : 12,  "begin" : 6218,  "end" : 6223 }, 
        {"sofa" : 12,  "begin" : 6224,  "end" : 6226 }, 
        {"sofa" : 12,  "begin" : 6227,  "end" : 6230 }, 
        {"sofa" : 12,  "begin" : 6231,  "end" : 6239 }, 
        {"sofa" : 12,  "begin" : 6240,  "end" : 6247 }, 
        {"sofa" : 12,  "begin" : 6247,  "end" : 6248 }, 
        {"sofa" : 12,  "begin" : 6249,  "end" : 6254 }, 
        {"sofa" : 12,  "begin" : 6255,  "end" : 6259 }, 
        {"sofa" : 12,  "begin" : 6259,  "end" : 6260 }, 
        {"sofa" : 12,  "begin" : 6261,  "end" : 6269 }, 
        {"sofa" : 12,  "begin" : 6270,  "end" : 6277 }, 
        {"sofa" : 12,  "begin" : 6277,  "end" : 6278 }, 
        {"sofa" : 12,  "begin" : 6279,  "end" : 6280 }, 
        {"sofa" : 12,  "begin" : 6281,  "end" : 6283 }, 
        {"sofa" : 12,  "begin" : 6283,  "end" : 6284 }, 
        {"sofa" : 12,  "begin" : 6284,  "end" : 6292 }, 
        {"sofa" : 12,  "begin" : 6293,  "end" : 6300 }, 
        {"sofa" : 12,  "begin" : 6301,  "end" : 6309 }, 
        {"sofa" : 12,  "begin" : 6310,  "end" : 6315 }, 
        {"sofa" : 12,  "begin" : 6316,  "end" : 6320 }, 
        {"sofa" : 12,  "begin" : 6321,  "end" : 6331 }, 
        {"sofa" : 12,  "begin" : 6332,  "end" : 6336 }, 
        {"sofa" : 12,  "begin" : 6337,  "end" : 6340 }, 
        {"sofa" : 12,  "begin" : 6341,  "end" : 6344 }, 
        {"sofa" : 12,  "begin" : 6345,  "end" : 6352 }, 
        {"sofa" : 12,  "begin" : 6352,  "end" : 6353 }, 
        {"sofa" : 12,  "begin" : 6355,  "end" : 6357 }, 
        {"sofa" : 12,  "begin" : 6358,  "end" : 6362 }, 
        {"sofa" : 12,  "begin" : 6363,  "end" : 6366 }, 
        {"sofa" : 12,  "begin" : 6367,  "end" : 6375 }, 
        {"sofa" : 12,  "begin" : 6375,  "end" : 6376 }, 
        {"sofa" : 12,  "begin" : 6378,  "end" : 6383 }, 
        {"sofa" : 12,  "begin" : 6384,  "end" : 6386 }, 
        {"sofa" : 12,  "begin" : 6387,  "end" : 6389 }, 
        {"sofa" : 12,  "begin" : 6390,  "end" : 6401 }, 
        {"sofa" : 12,  "begin" : 6402,  "end" : 6404 }, 
        {"sofa" : 12,  "begin" : 6405,  "end" : 6408 }, 
        {"sofa" : 12,  "begin" : 6409,  "end" : 6414 }, 
        {"sofa" : 12,  "begin" : 6415,  "end" : 6419 }, 
        {"sofa" : 12,  "begin" : 6420,  "end" : 6430 }, 
        {"sofa" : 12,  "begin" : 6431,  "end" : 6437 }, 
        {"sofa" : 12,  "begin" : 6438,  "end" : 6444 }, 
        {"sofa" : 12,  "begin" : 6445,  "end" : 6448 }, 
        {"sofa" : 12,  "begin" : 6449,  "end" : 6457 }, 
        {"sofa" : 12,  "begin" : 6458,  "end" : 6461 }, 
        {"sofa" : 12,  "begin" : 6462,  "end" : 6464 }, 
        {"sofa" : 12,  "begin" : 6465,  "end" : 6468 }, 
        {"sofa" : 12,  "begin" : 6469,  "end" : 6477 }, 
        {"sofa" : 12,  "begin" : 6478,  "end" : 6485 }, 
        {"sofa" : 12,  "begin" : 6485,  "end" : 6486 }, 
        {"sofa" : 12,  "begin" : 6487,  "end" : 6491 }, 
        {"sofa" : 12,  "begin" : 6492,  "end" : 6496 }, 
        {"sofa" : 12,  "begin" : 6497,  "end" : 6499 }, 
        {"sofa" : 12,  "begin" : 6500,  "end" : 6502 }, 
        {"sofa" : 12,  "begin" : 6503,  "end" : 6507 }, 
        {"sofa" : 12,  "begin" : 6508,  "end" : 6516 }, 
        {"sofa" : 12,  "begin" : 6517,  "end" : 6519 }, 
        {"sofa" : 12,  "begin" : 6520,  "end" : 6527 }, 
        {"sofa" : 12,  "begin" : 6528,  "end" : 6531 }, 
        {"sofa" : 12,  "begin" : 6532,  "end" : 6534 }, 
        {"sofa" : 12,  "begin" : 6535,  "end" : 6538 }, 
        {"sofa" : 12,  "begin" : 6539,  "end" : 6544 }, 
        {"sofa" : 12,  "begin" : 6544,  "end" : 6545 }, 
        {"sofa" : 12,  "begin" : 6546,  "end" : 6552 }, 
        {"sofa" : 12,  "begin" : 6553,  "end" : 6557 }, 
        {"sofa" : 12,  "begin" : 6558,  "end" : 6562 }, 
        {"sofa" : 12,  "begin" : 6563,  "end" : 6572 }, 
        {"sofa" : 12,  "begin" : 6573,  "end" : 6577 }, 
        {"sofa" : 12,  "begin" : 6578,  "end" : 6581 }, 
        {"sofa" : 12,  "begin" : 6582,  "end" : 6585 }, 
        {"sofa" : 12,  "begin" : 6586,  "end" : 6590 }, 
        {"sofa" : 12,  "begin" : 6590,  "end" : 6591 }, 
        {"sofa" : 12,  "begin" : 6592,  "end" : 6594 }, 
        {"sofa" : 12,  "begin" : 6595,  "end" : 6601 }, 
        {"sofa" : 12,  "begin" : 6602,  "end" : 6604 }, 
        {"sofa" : 12,  "begin" : 6605,  "end" : 6610 }, 
        {"sofa" : 12,  "begin" : 6611,  "end" : 6614 }, 
        {"sofa" : 12,  "begin" : 6615,  "end" : 6620 }, 
        {"sofa" : 12,  "begin" : 6621,  "end" : 6623 }, 
        {"sofa" : 12,  "begin" : 6624,  "end" : 6627 }, 
        {"sofa" : 12,  "begin" : 6628,  "end" : 6629 }, 
        {"sofa" : 12,  "begin" : 6629,  "end" : 6637 }, 
        {"sofa" : 12,  "begin" : 6638,  "end" : 6649 }, 
        {"sofa" : 12,  "begin" : 6649,  "end" : 6650 }, 
        {"sofa" : 12,  "begin" : 6651,  "end" : 6656 }, 
        {"sofa" : 12,  "begin" : 6657,  "end" : 6667 }, 
        {"sofa" : 12,  "begin" : 6668,  "end" : 6672 }, 
        {"sofa" : 12,  "begin" : 6673,  "end" : 6685 }, 
        {"sofa" : 12,  "begin" : 6686,  "end" : 6692 }, 
        {"sofa" : 12,  "begin" : 6692,  "end" : 6693 }, 
        {"sofa" : 12,  "begin" : 6694,  "end" : 6697 }, 
        {"sofa" : 12,  "begin" : 6698,  "end" : 6703 }, 
        {"sofa" : 12,  "begin" : 6704,  "end" : 6707 }, 
        {"sofa" : 12,  "begin" : 6708,  "end" : 6712 }, 
        {"sofa" : 12,  "begin" : 6713,  "end" : 6724 }, 
        {"sofa" : 12,  "begin" : 6725,  "end" : 6728 }, 
        {"sofa" : 12,  "begin" : 6729,  "end" : 6739 }, 
        {"sofa" : 12,  "begin" : 6740,  "end" : 6743 }, 
        {"sofa" : 12,  "begin" : 6744,  "end" : 6751 }, 
        {"sofa" : 12,  "begin" : 6752,  "end" : 6754 }, 
        {"sofa" : 12,  "begin" : 6755,  "end" : 6763 }, 
        {"sofa" : 12,  "begin" : 6764,  "end" : 6767 }, 
        {"sofa" : 12,  "begin" : 6768,  "end" : 6775 }, 
        {"sofa" : 12,  "begin" : 6776,  "end" : 6780 }, 
        {"sofa" : 12,  "begin" : 6780,  "end" : 6781 }, 
        {"sofa" : 12,  "begin" : 6782,  "end" : 6786 }, 
        {"sofa" : 12,  "begin" : 6787,  "end" : 6790 }, 
        {"sofa" : 12,  "begin" : 6791,  "end" : 6796 }, 
        {"sofa" : 12,  "begin" : 6797,  "end" : 6803 }, 
        {"sofa" : 12,  "begin" : 6803,  "end" : 6804 }, 
        {"sofa" : 12,  "begin" : 6806,  "end" : 6808 }, 
        {"sofa" : 12,  "begin" : 6809,  "end" : 6812 }, 
        {"sofa" : 12,  "begin" : 6813,  "end" : 6821 }, 
        {"sofa" : 12,  "begin" : 6821,  "end" : 6822 }, 
        {"sofa" : 12,  "begin" : 6823,  "end" : 6825 }, 
        {"sofa" : 12,  "begin" : 6826,  "end" : 6830 }, 
        {"sofa" : 12,  "begin" : 6831,  "end" : 6834 }, 
        {"sofa" : 12,  "begin" : 6835,  "end" : 6843 }, 
        {"sofa" : 12,  "begin" : 6844,  "end" : 6850 }, 
        {"sofa" : 12,  "begin" : 6851,  "end" : 6857 }, 
        {"sofa" : 12,  "begin" : 6858,  "end" : 6861 }, 
        {"sofa" : 12,  "begin" : 6862,  "end" : 6871 }, 
        {"sofa" : 12,  "begin" : 6872,  "end" : 6874 }, 
        {"sofa" : 12,  "begin" : 6875,  "end" : 6878 }, 
        {"sofa" : 12,  "begin" : 6879,  "end" : 6887 }, 
        {"sofa" : 12,  "begin" : 6888,  "end" : 6895 }, 
        {"sofa" : 12,  "begin" : 6895,  "end" : 6896 } ], 
      "Persuasive_Labels" : [
        {"sofa" : 12,  "begin" : 283,  "end" : 319,  "DistinctiveLinguisticFeatures" : "title of article as clickbait" }, 
        {"sofa" : 12,  "begin" : 283,  "end" : 319,  "DistinctiveLinguisticFeatures" : "distinctive linguistic features" }, 
        {"sofa" : 12,  "begin" : 357,  "end" : 502,  "FabricatingNarrativewithDetails" : "Narrative with Details" }, 
        {"sofa" : 12,  "begin" : 357,  "end" : 502,  "FabricatingNarrativewithDetails" : "Narrative with details_details verified to be true" }, 
        {"sofa" : 12,  "begin" : 866,  "end" : 949,  "ExploitingSciencesLimitations" : "Exploiting Science’s Limitations" }, 
        {"sofa" : 12,  "begin" : 950,  "end" : 1012,  "EstablishingLegitimacy" : "Establishing Legitimacy" }, 
        {"sofa" : 12,  "begin" : 950,  "end" : 1012,  "EstablishingLegitimacy" : "legitimate persuasive techniques: rhetorical question" }, 
        {"sofa" : 12,  "begin" : 1013,  "end" : 1248,  "BiasedReasoningtoMakeaConclusion" : "lack of evidence or use unverified and incomplete evidence to make a claim" }, 
        {"sofa" : 12,  "begin" : 1013,  "end" : 1248,  "BiasedReasoningtoMakeaConclusion" : "biased reasoning to make a conclusion" }, 
        {"sofa" : 12,  "begin" : 1249,  "end" : 1460,  "EmotionalAppeals" : "emotional appeals" }, 
        {"sofa" : 12,  "begin" : 1249,  "end" : 1460,  "EmotionalAppeals" : "anger" }, 
        {"sofa" : 12,  "begin" : 1462,  "end" : 1779,  "FabricatingNarrativewithDetails" : "Narrative with Details" }, 
        {"sofa" : 12,  "begin" : 1462,  "end" : 1779,  "FabricatingNarrativewithDetails" : "Narrative with details_details not verified" }, 
        {"sofa" : 12,  "begin" : 1960,  "end" : 2012,  "RhetoricalTricks" : "rhetorical tricks" }, 
        {"sofa" : 12,  "begin" : 1960,  "end" : 2012,  "RhetoricalTricks" : "exaggeration/absolute language" }, 
        {"sofa" : 12,  "begin" : 2250,  "end" : 2278,  "DistrustingGovernmentorPharmaceuticalCompanies" : "distrusting government or corporations" }, 
        {"sofa" : 12,  "begin" : 2368,  "end" : 2399,  "DistrustingGovernmentorPharmaceuticalCompanies" : "distrusting government or corporations" }, 
        {"sofa" : 12,  "begin" : 2500,  "end" : 2534,  "HighlightingUncertaintyandRisk" : "Highlighting Uncertainty and Risk" }, 
        {"sofa" : 12,  "begin" : 2542,  "end" : 3074,  "EstablishingLegitimacy" : "citing source to establish legitimacy_source not verified" }, 
        {"sofa" : 12,  "begin" : 2542,  "end" : 3074,  "EstablishingLegitimacy" : "Establishing Legitimacy" }, 
        {"sofa" : 12,  "begin" : 3076,  "end" : 3168,  "HighlightingUncertaintyandRisk" : "Highlighting Uncertainty and Risk" }, 
        {"sofa" : 12,  "begin" : 3176,  "end" : 3766,  "EstablishingLegitimacy" : "citing source to establish legitimacy_source not verified" }, 
        {"sofa" : 12,  "begin" : 3176,  "end" : 3766,  "EstablishingLegitimacy" : "Establishing Legitimacy" }, 
        {"sofa" : 12,  "begin" : 4239,  "end" : 4408,  "EmotionalAppeals" : "emotional appeals" }, 
        {"sofa" : 12,  "begin" : 4239,  "end" : 4408,  "EmotionalAppeals" : "anger" }, 
        {"sofa" : 12,  "begin" : 4250,  "end" : 4267,  "EmotionalAppeals" : "fear" }, 
        {"sofa" : 12,  "begin" : 4631,  "end" : 4712,  "DistrustingGovernmentorPharmaceuticalCompanies" : "distrusting government or corporations" }, 
        {"sofa" : 12,  "begin" : 4631,  "end" : 4712,  "DistrustingGovernmentorPharmaceuticalCompanies" : "financial motivation" }, 
        {"sofa" : 12,  "begin" : 4714,  "end" : 5094,  "DistrustingGovernmentorPharmaceuticalCompanies" : "distrusting government or corporations" }, 
        {"sofa" : 12,  "begin" : 4714,  "end" : 5094,  "DistrustingGovernmentorPharmaceuticalCompanies" : "financial motivation" }, 
        {"sofa" : 12,  "begin" : 4714,  "end" : 4727,  "EstablishingLegitimacy" : "Establishing Legitimacy" }, 
        {"sofa" : 12,  "begin" : 4714,  "end" : 4727,  "EstablishingLegitimacy" : "citing source to establish legitimacy_source not verified" }, 
        {"sofa" : 12,  "begin" : 5007,  "end" : 5148,  "EstablishingLegitimacy" : "legitimate persuasive techniques: rhetorical question" }, 
        {"sofa" : 12,  "begin" : 5007,  "end" : 5148,  "EstablishingLegitimacy" : "Establishing Legitimacy" }, 
        {"sofa" : 12,  "begin" : 5154,  "end" : 5335,  "DistrustingGovernmentorPharmaceuticalCompanies" : "distrusting government or corporations" }, 
        {"sofa" : 12,  "begin" : 5154,  "end" : 5335,  "DistrustingGovernmentorPharmaceuticalCompanies" : "financial motivation" }, 
        {"sofa" : 12,  "begin" : 5666,  "end" : 5780,  "DistrustingGovernmentorPharmaceuticalCompanies" : "distrusting government or corporations" }, 
        {"sofa" : 12,  "begin" : 6104,  "end" : 6156,  "EstablishingLegitimacy" : "surface credibility markers - simply claiming authority or credibility" }, 
        {"sofa" : 12,  "begin" : 6104,  "end" : 6156,  "EstablishingLegitimacy" : "Establishing Legitimacy" }, 
        {"sofa" : 12,  "begin" : 6261,  "end" : 6353,  "FabricatingNarrativewithDetails" : "Narrative with details_details not verified" }, 
        {"sofa" : 12,  "begin" : 6261,  "end" : 6353,  "FabricatingNarrativewithDetails" : "Narrative with Details" }, 
        {"sofa" : 12,  "begin" : 6546,  "end" : 6591,  "DistrustingGovernmentorPharmaceuticalCompanies" : "distrusting government or corporations" }, 
        {"sofa" : 12,  "begin" : 6592,  "end" : 6781,  "EmotionalAppeals" : "emotional appeals" }, 
        {"sofa" : 12,  "begin" : 6592,  "end" : 6781,  "EmotionalAppeals" : "anger" }, 
        {"sofa" : 12,  "begin" : 6806,  "end" : 6896,  "EstablishingLegitimacy" : "Call to action" }, 
        {"sofa" : 12,  "begin" : 6806,  "end" : 6896,  "EstablishingLegitimacy" : "Establishing Legitimacy" } ] } }, 
  "_referenced_fss" : {
    "12" : {"_type" : "Sofa",  "sofaNum" : 1,  "sofaID" : "_InitialView",  "mimeType" : "text",  "sofaString" : "﻿snes-04304 A 12-year-old Wisconsin girl in died as a result of receiving the Gardasil HPV vaccine\r\nSource: https://healthimpactnews.com/2014/gardasil-vaccine-one-more-girl-dead/ \r\nFact checking: https://www.snopes.com/fact-check/girl-dies-gardasil-hpv-vaccine/ \r\nActual content : \r\nGardasil Vaccine: One More Girl Dead\r\nHealth Impact News Editor Comments\r\nThe sudden death of a 12-year-old girl in Waukesha, Wisconsin, just hours after receiving the HPV Gardasil vaccine has shocked the girl's family, and sent local media out asking questions as to how this could happen. Here is a report from WISN 12 News.\r\nDr. Geoffrey Swain of the local health department was interviewed to give the standard CDC reply, which is similar to almost every other vaccine, stating that severe reactions like this resulting in death are \"very rare,\" and about \"1 out of a million\".\r\nAssuming that there is some data to back up the claim of only \"1 out of a million,\" how many doses of the HPV vaccine are administered every year? According to the latest statistics (July 2014) published by the U.S. Department of Health and Human Services here (page 7), over 9 million per year. So the government admits that at least 9 girls per year are killed by the HPV vaccine. How many parents know this prior to taking a doctor's advice to administer this vaccine that is supposedly a protection against cervical cancer caused by the human papillomavirus, a sexually transmitted disease?\r\nApparently, when the news broke that 12-year-old Meredith Prohaska died after receiving the HPV vaccine, at least one other parent contacted a local news station in the area to report she also had a serious adverse reaction to the HPV vaccine with her 17-year-old daughter, who needed urgent care at a local hospital. The local news affiliate asked the question: \"So what are the odds another local girl had a similar reaction after getting the shot?\"\r\nHere is the report:\r\nThese local news media, possibly covering the HPV vaccine for the first time, were all quick to interview and provide links to the official CDC view of the vaccine. But here are some other facts regarding the vaccine that they failed to disclose, probably because they did not take the time to look outside of the standard government response to events like this, or their station managers did not allow them to give any other news outside of what the CDC claims.\r\n1. There are many more reported side effects than just death from the HPV vaccine.\r\nThey include:\r\nPremature menopause or infertility\r\nSee:\r\n* Human papilloma virus vaccine and primary ovarian failure: another facet of the autoimmune/inflammatory syndrome induced by adjuvants. July 2013, American Journal of Reproductive Immunology\r\n* Dr. Deirdre Little, a pediatrician in Australia, was the first one to sound the alarm over the HPV vaccine causing premature menopause when she observed it in one of her 16 year old patients in 2012.\r\n* Two sisters from Wisconsin say a cervical cancer vaccine shut down their ovaries and almost certainly left them unable to get pregnant\r\n2. Countries Outside the U.S. Are Halting HPV Vaccines: Lawsuits due to Damages are Mounting\r\nSee:\r\n* Gardasil Vaccine: Spain Joins Growing List of Countries to File Criminal Complaints\r\n* Supreme Court in India to Rule on Merck Fraud Regarding HPV Vaccine Deaths\r\n* French Medical Professionals ask: Are HPV vaccines necessary?\r\n* Merck's Former Doctor Predicts that Gardasil will Become the Greatest Medical Scandal of All Time\r\n* Japan Halts HPV Vaccine and Begins Full-Scale Probe over Safety Issues\r\n* 10 More Young Women File Criminal Complaints due to Injuries from Gardasil Vaccine in France\r\n* HPV Vaccine: Israel Health Ministry Considers Canceling Vaccination Due to Side Effects\r\n3. You Cannot Sue the Manufacturer of Vaccines in the U.S. - They have total legal immunity\r\nMost of the U.S. public is unaware that a U.S. citizen, by law, cannot sue a pharmaceutical company for damages resulting from vaccines. Congress gave them total legal immunity in 1986, and that law was upheld by the U.S. Supreme Court in 2011. There is a special \"vaccine court\" called the National Vaccine Injury Compensation Program that is funded through a tax on vaccines. If you are injured or killed by a vaccine, you must hire an attorney and fight tax-funded government attorneys to seek damages, as you cannot sue the drug manufacturers. It can take 10 years or longer to win your case and be compensated. The U.S. Department of Health and Human Services usually publishes a report every couple months on settlements on their website. Here is the latest one.\r\n4. The U.S. Government Earns Royalties from the sale of the Gardasil HPV Vaccine.\r\nDr. Eric Suba tried to use the Freedom of Information Act to find out how much money the National Institute of Health (NIH) earned from the sale of Gardasil, but they refused to report the amount of revenue the government earns from this vaccine (although not denying they do earn royalties). Did you know that the government earns royalties from the sale of the Gardasil vaccine? Does your doctor promoting the HPV vaccine know this?\r\n 5. Julie Gerberding was in charge of the CDC the years the FDA approved Gardasil as a vaccine and is now the president of Merck's Vaccine division, a $5 billion dollar a year operation\r\nJulie Gerberding was in charge of the CDC from 2002 to 2009, which includes the years the FDA approved Gardasil as a vaccine. Soon after she took over the CDC, she reportedly completely overhauled the agency's organizational structure, and many of the CDC's senior scientists and leaders either left or announced plans to leave. Some have claimed that almost all of the replacements Julie Gerberding appointed had ties to the vaccine industry.\r\nGerberding resigned from the CDC on January 20, 2009, and is now the president of Merck's Vaccine division, a 5 billion dollar a year operation, and the supplier of the largest number of vaccines the CDC recommends (article here).\r\n6. Black Women who are Vaccinated with Gardasil are Vaccinated Against the Wrong Strains\r\nScientists at the Duke University School of Medicine discovered that African American women carry HPV strains not found in the Gardasil vaccine. Study here. Moshella Roberts, a 20-year-old African American woman died needlessly from the HPV vaccine.\r\nDo your own research!\r\nWhile it is encouraging to see local news affiliates report deaths and injuries due to the Gardasil vaccine, they need to do more research to present all of the facts, rather than just parroting what the CDC says. Of course to raise the issue of the \"Gardasil controversy\" could jeopardize your journalistic career, and force you into apologizing for suggesting the vaccine is anything but totally safe. Just ask Katie Couric.\r\nIn the meantime, do your own research before making any decisions on the Gardasil vaccine!\r\n\r\n" } } }