{"_context" : {
    "_types" : {
      "DocumentMetaData" : {
        "_feature_types" : {"sofa" : "_ref" } }, 
      "Persuasive_Labels" : {
        "_feature_types" : {"sofa" : "_ref" } }, 
      "Sentence" : {
        "_feature_types" : {"sofa" : "_ref" } }, 
      "Sofa" : {
        "_feature_types" : {"sofaArray" : "_ref" } }, 
      "TagsetDescription" : {
        "_feature_types" : {"sofa" : "_ref",  "tags" : "_ref" } }, 
      "Token" : {
        "_feature_types" : {"sofa" : "_ref",  "parent" : "_ref",  "lemma" : "_ref",  "stem" : "_ref",  "pos" : "_ref",  "morph" : "_ref",  "form" : "_ref" } }, 
      "DocumentAnnotation" : {
        "_feature_types" : {"sofa" : "_ref" }, 
        "_subtypes" : ["DocumentMetaData" ] }, 
      "Annotation" : {
        "_feature_types" : {"sofa" : "_ref" }, 
        "_subtypes" : ["DocumentAnnotation",  "Persuasive_Labels",  "Sentence",  "TagsetDescription",  "Token" ] }, 
      "AnnotationBase" : {
        "_feature_types" : {"sofa" : "_ref" }, 
        "_subtypes" : ["Annotation" ] }, 
      "TOP" : {
        "_subtypes" : ["AnnotationBase",  "Sofa" ] } } }, 
  "_views" : {
    "_InitialView" : {
      "DocumentMetaData" : [
        {"sofa" : 12,  "end" : 4465,  "language" : "x-unspecified",  "documentTitle" : "246.%20snes-04570%20In%20June%202016%20Michigan%20residents%20lost%20the%20right%20to%20farm.txt",  "documentId" : "admin",  "documentUri" : "file:/C:/Users/huiyi/.webanno/repository/project/4/document/580/source/admin",  "collectionId" : "file:/C:/Users/huiyi/.webanno/repository/project/4/document/580/source/",  "documentBaseUri" : "file:/C:/Users/huiyi/.webanno/repository/project/4/document/580/source/",  "isLastSegment" : false } ], 
      "TagsetDescription" : [
        {"sofa" : 12,  "layer" : "de.tudarmstadt.ukp.dkpro.core.api.syntax.type.dependency.Dependency",  "name" : "UD Universal Dependencies (v2)",  "input" : false }, 
        {"sofa" : 12,  "layer" : "de.tudarmstadt.ukp.dkpro.core.api.ner.type.NamedEntity",  "name" : "Named Entity tags",  "input" : false }, 
        {"sofa" : 12,  "layer" : "de.tudarmstadt.ukp.dkpro.core.api.transform.type.SofaChangeAnnotation",  "name" : "Operation",  "input" : false }, 
        {"sofa" : 12,  "layer" : "de.tudarmstadt.ukp.dkpro.core.api.lexmorph.type.pos.POS",  "name" : "UD Universal POS tags (v2)",  "input" : false }, 
        {"sofa" : 12,  "layer" : "webanno.custom.Persuasive_Labels",  "name" : "2. Using Anecdotes and Personal Experience as Evidence",  "input" : false } ], 
      "Sentence" : [
        {"sofa" : 12,  "end" : 140 }, 
        {"sofa" : 12,  "begin" : 142,  "end" : 516 }, 
        {"sofa" : 12,  "begin" : 517,  "end" : 724 }, 
        {"sofa" : 12,  "begin" : 726,  "end" : 811 }, 
        {"sofa" : 12,  "begin" : 812,  "end" : 943 }, 
        {"sofa" : 12,  "begin" : 945,  "end" : 1045 }, 
        {"sofa" : 12,  "begin" : 1046,  "end" : 1086 }, 
        {"sofa" : 12,  "begin" : 1087,  "end" : 1169 }, 
        {"sofa" : 12,  "begin" : 1171,  "end" : 1406 }, 
        {"sofa" : 12,  "begin" : 1408,  "end" : 1608 }, 
        {"sofa" : 12,  "begin" : 1609,  "end" : 1664 }, 
        {"sofa" : 12,  "begin" : 1665,  "end" : 1711 }, 
        {"sofa" : 12,  "begin" : 1713,  "end" : 1862 }, 
        {"sofa" : 12,  "begin" : 1863,  "end" : 1989 }, 
        {"sofa" : 12,  "begin" : 1991,  "end" : 2077 }, 
        {"sofa" : 12,  "begin" : 2078,  "end" : 2161 }, 
        {"sofa" : 12,  "begin" : 2163,  "end" : 2221 }, 
        {"sofa" : 12,  "begin" : 2222,  "end" : 2470 }, 
        {"sofa" : 12,  "begin" : 2472,  "end" : 2631 }, 
        {"sofa" : 12,  "begin" : 2632,  "end" : 2662 }, 
        {"sofa" : 12,  "begin" : 2663,  "end" : 2792 }, 
        {"sofa" : 12,  "begin" : 2794,  "end" : 3007 }, 
        {"sofa" : 12,  "begin" : 3009,  "end" : 3171 }, 
        {"sofa" : 12,  "begin" : 3173,  "end" : 3380 }, 
        {"sofa" : 12,  "begin" : 3381,  "end" : 3599 }, 
        {"sofa" : 12,  "begin" : 3601,  "end" : 3755 }, 
        {"sofa" : 12,  "begin" : 3757,  "end" : 3986 }, 
        {"sofa" : 12,  "begin" : 3988,  "end" : 4049 }, 
        {"sofa" : 12,  "begin" : 4050,  "end" : 4244 }, 
        {"sofa" : 12,  "begin" : 4245,  "end" : 4426 }, 
        {"sofa" : 12,  "begin" : 4428,  "end" : 4461 } ], 
      "Token" : [
        {"sofa" : 12,  "end" : 5 }, 
        {"sofa" : 12,  "begin" : 5,  "end" : 6 }, 
        {"sofa" : 12,  "begin" : 6,  "end" : 11 }, 
        {"sofa" : 12,  "begin" : 12,  "end" : 14 }, 
        {"sofa" : 12,  "begin" : 15,  "end" : 19 }, 
        {"sofa" : 12,  "begin" : 20,  "end" : 24 }, 
        {"sofa" : 12,  "begin" : 24,  "end" : 25 }, 
        {"sofa" : 12,  "begin" : 26,  "end" : 34 }, 
        {"sofa" : 12,  "begin" : 35,  "end" : 44 }, 
        {"sofa" : 12,  "begin" : 45,  "end" : 49 }, 
        {"sofa" : 12,  "begin" : 50,  "end" : 53 }, 
        {"sofa" : 12,  "begin" : 54,  "end" : 55 }, 
        {"sofa" : 12,  "begin" : 55,  "end" : 60 }, 
        {"sofa" : 12,  "begin" : 61,  "end" : 63 }, 
        {"sofa" : 12,  "begin" : 64,  "end" : 68 }, 
        {"sofa" : 12,  "begin" : 68,  "end" : 69 }, 
        {"sofa" : 12,  "begin" : 69,  "end" : 70 }, 
        {"sofa" : 12,  "begin" : 71,  "end" : 75 }, 
        {"sofa" : 12,  "begin" : 76,  "end" : 84 }, 
        {"sofa" : 12,  "begin" : 84,  "end" : 85 }, 
        {"sofa" : 12,  "begin" : 86,  "end" : 88 }, 
        {"sofa" : 12,  "begin" : 89,  "end" : 97 }, 
        {"sofa" : 12,  "begin" : 98,  "end" : 101 }, 
        {"sofa" : 12,  "begin" : 102,  "end" : 107 }, 
        {"sofa" : 12,  "begin" : 108,  "end" : 111 }, 
        {"sofa" : 12,  "begin" : 112,  "end" : 114 }, 
        {"sofa" : 12,  "begin" : 115,  "end" : 116 }, 
        {"sofa" : 12,  "begin" : 117,  "end" : 123 }, 
        {"sofa" : 12,  "begin" : 124,  "end" : 126 }, 
        {"sofa" : 12,  "begin" : 127,  "end" : 135 }, 
        {"sofa" : 12,  "begin" : 136,  "end" : 139 }, 
        {"sofa" : 12,  "begin" : 139,  "end" : 140 }, 
        {"sofa" : 12,  "begin" : 142,  "end" : 148 }, 
        {"sofa" : 12,  "begin" : 148,  "end" : 149 }, 
        {"sofa" : 12,  "begin" : 150,  "end" : 155 }, 
        {"sofa" : 12,  "begin" : 155,  "end" : 156 }, 
        {"sofa" : 12,  "begin" : 156,  "end" : 157 }, 
        {"sofa" : 12,  "begin" : 157,  "end" : 158 }, 
        {"sofa" : 12,  "begin" : 158,  "end" : 168 }, 
        {"sofa" : 12,  "begin" : 168,  "end" : 169 }, 
        {"sofa" : 12,  "begin" : 169,  "end" : 174 }, 
        {"sofa" : 12,  "begin" : 177,  "end" : 181 }, 
        {"sofa" : 12,  "begin" : 182,  "end" : 190 }, 
        {"sofa" : 12,  "begin" : 190,  "end" : 191 }, 
        {"sofa" : 12,  "begin" : 192,  "end" : 197 }, 
        {"sofa" : 12,  "begin" : 197,  "end" : 198 }, 
        {"sofa" : 12,  "begin" : 198,  "end" : 199 }, 
        {"sofa" : 12,  "begin" : 199,  "end" : 200 }, 
        {"sofa" : 12,  "begin" : 200,  "end" : 214 }, 
        {"sofa" : 12,  "begin" : 214,  "end" : 215 }, 
        {"sofa" : 12,  "begin" : 215,  "end" : 225 }, 
        {"sofa" : 12,  "begin" : 225,  "end" : 226 }, 
        {"sofa" : 12,  "begin" : 226,  "end" : 261 }, 
        {"sofa" : 12,  "begin" : 261,  "end" : 262 }, 
        {"sofa" : 12,  "begin" : 265,  "end" : 271 }, 
        {"sofa" : 12,  "begin" : 272,  "end" : 279 }, 
        {"sofa" : 12,  "begin" : 279,  "end" : 280 }, 
        {"sofa" : 12,  "begin" : 283,  "end" : 291 }, 
        {"sofa" : 12,  "begin" : 292,  "end" : 297 }, 
        {"sofa" : 12,  "begin" : 298,  "end" : 299 }, 
        {"sofa" : 12,  "begin" : 299,  "end" : 304 }, 
        {"sofa" : 12,  "begin" : 305,  "end" : 307 }, 
        {"sofa" : 12,  "begin" : 308,  "end" : 312 }, 
        {"sofa" : 12,  "begin" : 312,  "end" : 313 }, 
        {"sofa" : 12,  "begin" : 314,  "end" : 318 }, 
        {"sofa" : 12,  "begin" : 319,  "end" : 323 }, 
        {"sofa" : 12,  "begin" : 323,  "end" : 324 }, 
        {"sofa" : 12,  "begin" : 325,  "end" : 326 }, 
        {"sofa" : 12,  "begin" : 327,  "end" : 335 }, 
        {"sofa" : 12,  "begin" : 336,  "end" : 338 }, 
        {"sofa" : 12,  "begin" : 339,  "end" : 347 }, 
        {"sofa" : 12,  "begin" : 348,  "end" : 356 }, 
        {"sofa" : 12,  "begin" : 357,  "end" : 360 }, 
        {"sofa" : 12,  "begin" : 361,  "end" : 371 }, 
        {"sofa" : 12,  "begin" : 373,  "end" : 381 }, 
        {"sofa" : 12,  "begin" : 382,  "end" : 391 }, 
        {"sofa" : 12,  "begin" : 392,  "end" : 396 }, 
        {"sofa" : 12,  "begin" : 397,  "end" : 402 }, 
        {"sofa" : 12,  "begin" : 403,  "end" : 404 }, 
        {"sofa" : 12,  "begin" : 404,  "end" : 409 }, 
        {"sofa" : 12,  "begin" : 410,  "end" : 412 }, 
        {"sofa" : 12,  "begin" : 413,  "end" : 417 }, 
        {"sofa" : 12,  "begin" : 417,  "end" : 418 }, 
        {"sofa" : 12,  "begin" : 419,  "end" : 423 }, 
        {"sofa" : 12,  "begin" : 424,  "end" : 428 }, 
        {"sofa" : 12,  "begin" : 429,  "end" : 435 }, 
        {"sofa" : 12,  "begin" : 436,  "end" : 438 }, 
        {"sofa" : 12,  "begin" : 439,  "end" : 440 }, 
        {"sofa" : 12,  "begin" : 441,  "end" : 444 }, 
        {"sofa" : 12,  "begin" : 445,  "end" : 451 }, 
        {"sofa" : 12,  "begin" : 452,  "end" : 454 }, 
        {"sofa" : 12,  "begin" : 455,  "end" : 458 }, 
        {"sofa" : 12,  "begin" : 459,  "end" : 467 }, 
        {"sofa" : 12,  "begin" : 468,  "end" : 478 }, 
        {"sofa" : 12,  "begin" : 479,  "end" : 481 }, 
        {"sofa" : 12,  "begin" : 482,  "end" : 493 }, 
        {"sofa" : 12,  "begin" : 494,  "end" : 497 }, 
        {"sofa" : 12,  "begin" : 498,  "end" : 503 }, 
        {"sofa" : 12,  "begin" : 504,  "end" : 515 }, 
        {"sofa" : 12,  "begin" : 515,  "end" : 516 }, 
        {"sofa" : 12,  "begin" : 517,  "end" : 521 }, 
        {"sofa" : 12,  "begin" : 522,  "end" : 530 }, 
        {"sofa" : 12,  "begin" : 531,  "end" : 533 }, 
        {"sofa" : 12,  "begin" : 534,  "end" : 537 }, 
        {"sofa" : 12,  "begin" : 538,  "end" : 546 }, 
        {"sofa" : 12,  "begin" : 547,  "end" : 553 }, 
        {"sofa" : 12,  "begin" : 554,  "end" : 558 }, 
        {"sofa" : 12,  "begin" : 559,  "end" : 563 }, 
        {"sofa" : 12,  "begin" : 564,  "end" : 572 }, 
        {"sofa" : 12,  "begin" : 573,  "end" : 577 }, 
        {"sofa" : 12,  "begin" : 577,  "end" : 578 }, 
        {"sofa" : 12,  "begin" : 579,  "end" : 582 }, 
        {"sofa" : 12,  "begin" : 583,  "end" : 587 }, 
        {"sofa" : 12,  "begin" : 588,  "end" : 595 }, 
        {"sofa" : 12,  "begin" : 596,  "end" : 597 }, 
        {"sofa" : 12,  "begin" : 597,  "end" : 608 }, 
        {"sofa" : 12,  "begin" : 609,  "end" : 615 }, 
        {"sofa" : 12,  "begin" : 616,  "end" : 621 }, 
        {"sofa" : 12,  "begin" : 622,  "end" : 624 }, 
        {"sofa" : 12,  "begin" : 625,  "end" : 629 }, 
        {"sofa" : 12,  "begin" : 630,  "end" : 633 }, 
        {"sofa" : 12,  "begin" : 634,  "end" : 644 }, 
        {"sofa" : 12,  "begin" : 645,  "end" : 648 }, 
        {"sofa" : 12,  "begin" : 649,  "end" : 653 }, 
        {"sofa" : 12,  "begin" : 654,  "end" : 659 }, 
        {"sofa" : 12,  "begin" : 660,  "end" : 663 }, 
        {"sofa" : 12,  "begin" : 664,  "end" : 672 }, 
        {"sofa" : 12,  "begin" : 673,  "end" : 681 }, 
        {"sofa" : 12,  "begin" : 682,  "end" : 689 }, 
        {"sofa" : 12,  "begin" : 690,  "end" : 697 }, 
        {"sofa" : 12,  "begin" : 698,  "end" : 703 }, 
        {"sofa" : 12,  "begin" : 704,  "end" : 711 }, 
        {"sofa" : 12,  "begin" : 712,  "end" : 714 }, 
        {"sofa" : 12,  "begin" : 715,  "end" : 722 }, 
        {"sofa" : 12,  "begin" : 722,  "end" : 723 }, 
        {"sofa" : 12,  "begin" : 723,  "end" : 724 }, 
        {"sofa" : 12,  "begin" : 726,  "end" : 734 }, 
        {"sofa" : 12,  "begin" : 735,  "end" : 738 }, 
        {"sofa" : 12,  "begin" : 739,  "end" : 744 }, 
        {"sofa" : 12,  "begin" : 745,  "end" : 752 }, 
        {"sofa" : 12,  "begin" : 753,  "end" : 757 }, 
        {"sofa" : 12,  "begin" : 758,  "end" : 768 }, 
        {"sofa" : 12,  "begin" : 769,  "end" : 778 }, 
        {"sofa" : 12,  "begin" : 779,  "end" : 781 }, 
        {"sofa" : 12,  "begin" : 782,  "end" : 792 }, 
        {"sofa" : 12,  "begin" : 793,  "end" : 798 }, 
        {"sofa" : 12,  "begin" : 799,  "end" : 801 }, 
        {"sofa" : 12,  "begin" : 802,  "end" : 806 }, 
        {"sofa" : 12,  "begin" : 807,  "end" : 810 }, 
        {"sofa" : 12,  "begin" : 810,  "end" : 811 }, 
        {"sofa" : 12,  "begin" : 812,  "end" : 815 }, 
        {"sofa" : 12,  "begin" : 816,  "end" : 826 }, 
        {"sofa" : 12,  "begin" : 827,  "end" : 832 }, 
        {"sofa" : 12,  "begin" : 833,  "end" : 837 }, 
        {"sofa" : 12,  "begin" : 838,  "end" : 841 }, 
        {"sofa" : 12,  "begin" : 842,  "end" : 847 }, 
        {"sofa" : 12,  "begin" : 848,  "end" : 850 }, 
        {"sofa" : 12,  "begin" : 851,  "end" : 855 }, 
        {"sofa" : 12,  "begin" : 856,  "end" : 859 }, 
        {"sofa" : 12,  "begin" : 860,  "end" : 871 }, 
        {"sofa" : 12,  "begin" : 872,  "end" : 874 }, 
        {"sofa" : 12,  "begin" : 875,  "end" : 881 }, 
        {"sofa" : 12,  "begin" : 882,  "end" : 887 }, 
        {"sofa" : 12,  "begin" : 888,  "end" : 890 }, 
        {"sofa" : 12,  "begin" : 891,  "end" : 895 }, 
        {"sofa" : 12,  "begin" : 896,  "end" : 906 }, 
        {"sofa" : 12,  "begin" : 907,  "end" : 910 }, 
        {"sofa" : 12,  "begin" : 911,  "end" : 915 }, 
        {"sofa" : 12,  "begin" : 916,  "end" : 921 }, 
        {"sofa" : 12,  "begin" : 922,  "end" : 929 }, 
        {"sofa" : 12,  "begin" : 930,  "end" : 932 }, 
        {"sofa" : 12,  "begin" : 933,  "end" : 942 }, 
        {"sofa" : 12,  "begin" : 942,  "end" : 943 }, 
        {"sofa" : 12,  "begin" : 945,  "end" : 948 }, 
        {"sofa" : 12,  "begin" : 949,  "end" : 954 }, 
        {"sofa" : 12,  "begin" : 954,  "end" : 955 }, 
        {"sofa" : 12,  "begin" : 956,  "end" : 959 }, 
        {"sofa" : 12,  "begin" : 960,  "end" : 966 }, 
        {"sofa" : 12,  "begin" : 967,  "end" : 975 }, 
        {"sofa" : 12,  "begin" : 976,  "end" : 979 }, 
        {"sofa" : 12,  "begin" : 980,  "end" : 987 }, 
        {"sofa" : 12,  "begin" : 987,  "end" : 988 }, 
        {"sofa" : 12,  "begin" : 989,  "end" : 993 }, 
        {"sofa" : 12,  "begin" : 993,  "end" : 994 }, 
        {"sofa" : 12,  "begin" : 995,  "end" : 996 }, 
        {"sofa" : 12,  "begin" : 996,  "end" : 1000 }, 
        {"sofa" : 12,  "begin" : 1001,  "end" : 1006 }, 
        {"sofa" : 12,  "begin" : 1007,  "end" : 1011 }, 
        {"sofa" : 12,  "begin" : 1012,  "end" : 1014 }, 
        {"sofa" : 12,  "begin" : 1015,  "end" : 1021 }, 
        {"sofa" : 12,  "begin" : 1022,  "end" : 1026 }, 
        {"sofa" : 12,  "begin" : 1027,  "end" : 1034 }, 
        {"sofa" : 12,  "begin" : 1035,  "end" : 1044 }, 
        {"sofa" : 12,  "begin" : 1044,  "end" : 1045 }, 
        {"sofa" : 12,  "begin" : 1046,  "end" : 1050 }, 
        {"sofa" : 12,  "begin" : 1051,  "end" : 1055 }, 
        {"sofa" : 12,  "begin" : 1056,  "end" : 1058 }, 
        {"sofa" : 12,  "begin" : 1059,  "end" : 1061 }, 
        {"sofa" : 12,  "begin" : 1062,  "end" : 1064 }, 
        {"sofa" : 12,  "begin" : 1065,  "end" : 1068 }, 
        {"sofa" : 12,  "begin" : 1069,  "end" : 1071 }, 
        {"sofa" : 12,  "begin" : 1072,  "end" : 1075 }, 
        {"sofa" : 12,  "begin" : 1076,  "end" : 1079 }, 
        {"sofa" : 12,  "begin" : 1080,  "end" : 1085 }, 
        {"sofa" : 12,  "begin" : 1085,  "end" : 1086 }, 
        {"sofa" : 12,  "begin" : 1087,  "end" : 1091 }, 
        {"sofa" : 12,  "begin" : 1092,  "end" : 1096 }, 
        {"sofa" : 12,  "begin" : 1097,  "end" : 1099 }, 
        {"sofa" : 12,  "begin" : 1100,  "end" : 1102 }, 
        {"sofa" : 12,  "begin" : 1103,  "end" : 1107 }, 
        {"sofa" : 12,  "begin" : 1108,  "end" : 1112 }, 
        {"sofa" : 12,  "begin" : 1113,  "end" : 1118 }, 
        {"sofa" : 12,  "begin" : 1119,  "end" : 1124 }, 
        {"sofa" : 12,  "begin" : 1125,  "end" : 1128 }, 
        {"sofa" : 12,  "begin" : 1129,  "end" : 1130 }, 
        {"sofa" : 12,  "begin" : 1131,  "end" : 1138 }, 
        {"sofa" : 12,  "begin" : 1139,  "end" : 1143 }, 
        {"sofa" : 12,  "begin" : 1144,  "end" : 1146 }, 
        {"sofa" : 12,  "begin" : 1147,  "end" : 1153 }, 
        {"sofa" : 12,  "begin" : 1154,  "end" : 1164 }, 
        {"sofa" : 12,  "begin" : 1165,  "end" : 1167 }, 
        {"sofa" : 12,  "begin" : 1167,  "end" : 1168 }, 
        {"sofa" : 12,  "begin" : 1168,  "end" : 1169 }, 
        {"sofa" : 12,  "begin" : 1171,  "end" : 1174 }, 
        {"sofa" : 12,  "begin" : 1175,  "end" : 1181 }, 
        {"sofa" : 12,  "begin" : 1182,  "end" : 1186 }, 
        {"sofa" : 12,  "begin" : 1187,  "end" : 1192 }, 
        {"sofa" : 12,  "begin" : 1193,  "end" : 1198 }, 
        {"sofa" : 12,  "begin" : 1199,  "end" : 1210 }, 
        {"sofa" : 12,  "begin" : 1211,  "end" : 1213 }, 
        {"sofa" : 12,  "begin" : 1214,  "end" : 1225 }, 
        {"sofa" : 12,  "begin" : 1226,  "end" : 1229 }, 
        {"sofa" : 12,  "begin" : 1230,  "end" : 1235 }, 
        {"sofa" : 12,  "begin" : 1235,  "end" : 1236 }, 
        {"sofa" : 12,  "begin" : 1237,  "end" : 1245 }, 
        {"sofa" : 12,  "begin" : 1246,  "end" : 1249 }, 
        {"sofa" : 12,  "begin" : 1250,  "end" : 1258 }, 
        {"sofa" : 12,  "begin" : 1259,  "end" : 1261 }, 
        {"sofa" : 12,  "begin" : 1262,  "end" : 1265 }, 
        {"sofa" : 12,  "begin" : 1266,  "end" : 1274 }, 
        {"sofa" : 12,  "begin" : 1275,  "end" : 1280 }, 
        {"sofa" : 12,  "begin" : 1281,  "end" : 1286 }, 
        {"sofa" : 12,  "begin" : 1287,  "end" : 1290 }, 
        {"sofa" : 12,  "begin" : 1291,  "end" : 1293 }, 
        {"sofa" : 12,  "begin" : 1294,  "end" : 1299 }, 
        {"sofa" : 12,  "begin" : 1300,  "end" : 1306 }, 
        {"sofa" : 12,  "begin" : 1307,  "end" : 1310 }, 
        {"sofa" : 12,  "begin" : 1311,  "end" : 1317 }, 
        {"sofa" : 12,  "begin" : 1318,  "end" : 1322 }, 
        {"sofa" : 12,  "begin" : 1323,  "end" : 1325 }, 
        {"sofa" : 12,  "begin" : 1326,  "end" : 1327 }, 
        {"sofa" : 12,  "begin" : 1328,  "end" : 1337 }, 
        {"sofa" : 12,  "begin" : 1338,  "end" : 1344 }, 
        {"sofa" : 12,  "begin" : 1345,  "end" : 1348 }, 
        {"sofa" : 12,  "begin" : 1349,  "end" : 1353 }, 
        {"sofa" : 12,  "begin" : 1354,  "end" : 1356 }, 
        {"sofa" : 12,  "begin" : 1357,  "end" : 1360 }, 
        {"sofa" : 12,  "begin" : 1361,  "end" : 1369 }, 
        {"sofa" : 12,  "begin" : 1369,  "end" : 1370 }, 
        {"sofa" : 12,  "begin" : 1371,  "end" : 1380 }, 
        {"sofa" : 12,  "begin" : 1381,  "end" : 1383 }, 
        {"sofa" : 12,  "begin" : 1384,  "end" : 1392 }, 
        {"sofa" : 12,  "begin" : 1393,  "end" : 1399 }, 
        {"sofa" : 12,  "begin" : 1400,  "end" : 1405 }, 
        {"sofa" : 12,  "begin" : 1405,  "end" : 1406 }, 
        {"sofa" : 12,  "begin" : 1408,  "end" : 1411 }, 
        {"sofa" : 12,  "begin" : 1412,  "end" : 1417 }, 
        {"sofa" : 12,  "begin" : 1418,  "end" : 1420 }, 
        {"sofa" : 12,  "begin" : 1421,  "end" : 1425 }, 
        {"sofa" : 12,  "begin" : 1426,  "end" : 1429 }, 
        {"sofa" : 12,  "begin" : 1430,  "end" : 1433 }, 
        {"sofa" : 12,  "begin" : 1434,  "end" : 1441 }, 
        {"sofa" : 12,  "begin" : 1442,  "end" : 1444 }, 
        {"sofa" : 12,  "begin" : 1445,  "end" : 1449 }, 
        {"sofa" : 12,  "begin" : 1450,  "end" : 1452 }, 
        {"sofa" : 12,  "begin" : 1453,  "end" : 1460 }, 
        {"sofa" : 12,  "begin" : 1461,  "end" : 1468 }, 
        {"sofa" : 12,  "begin" : 1469,  "end" : 1473 }, 
        {"sofa" : 12,  "begin" : 1474,  "end" : 1477 }, 
        {"sofa" : 12,  "begin" : 1478,  "end" : 1488 }, 
        {"sofa" : 12,  "begin" : 1489,  "end" : 1491 }, 
        {"sofa" : 12,  "begin" : 1492,  "end" : 1498 }, 
        {"sofa" : 12,  "begin" : 1499,  "end" : 1503 }, 
        {"sofa" : 12,  "begin" : 1504,  "end" : 1507 }, 
        {"sofa" : 12,  "begin" : 1508,  "end" : 1512 }, 
        {"sofa" : 12,  "begin" : 1513,  "end" : 1516 }, 
        {"sofa" : 12,  "begin" : 1517,  "end" : 1522 }, 
        {"sofa" : 12,  "begin" : 1523,  "end" : 1525 }, 
        {"sofa" : 12,  "begin" : 1526,  "end" : 1529 }, 
        {"sofa" : 12,  "begin" : 1530,  "end" : 1537 }, 
        {"sofa" : 12,  "begin" : 1538,  "end" : 1541 }, 
        {"sofa" : 12,  "begin" : 1542,  "end" : 1546 }, 
        {"sofa" : 12,  "begin" : 1547,  "end" : 1556 }, 
        {"sofa" : 12,  "begin" : 1557,  "end" : 1559 }, 
        {"sofa" : 12,  "begin" : 1560,  "end" : 1564 }, 
        {"sofa" : 12,  "begin" : 1565,  "end" : 1567 }, 
        {"sofa" : 12,  "begin" : 1568,  "end" : 1572 }, 
        {"sofa" : 12,  "begin" : 1573,  "end" : 1578 }, 
        {"sofa" : 12,  "begin" : 1579,  "end" : 1583 }, 
        {"sofa" : 12,  "begin" : 1584,  "end" : 1596 }, 
        {"sofa" : 12,  "begin" : 1597,  "end" : 1607 }, 
        {"sofa" : 12,  "begin" : 1607,  "end" : 1608 }, 
        {"sofa" : 12,  "begin" : 1609,  "end" : 1612 }, 
        {"sofa" : 12,  "begin" : 1613,  "end" : 1616 }, 
        {"sofa" : 12,  "begin" : 1617,  "end" : 1624 }, 
        {"sofa" : 12,  "begin" : 1625,  "end" : 1631 }, 
        {"sofa" : 12,  "begin" : 1632,  "end" : 1641 }, 
        {"sofa" : 12,  "begin" : 1642,  "end" : 1644 }, 
        {"sofa" : 12,  "begin" : 1645,  "end" : 1650 }, 
        {"sofa" : 12,  "begin" : 1651,  "end" : 1659 }, 
        {"sofa" : 12,  "begin" : 1660,  "end" : 1663 }, 
        {"sofa" : 12,  "begin" : 1663,  "end" : 1664 }, 
        {"sofa" : 12,  "begin" : 1665,  "end" : 1667 }, 
        {"sofa" : 12,  "begin" : 1668,  "end" : 1670 }, 
        {"sofa" : 12,  "begin" : 1671,  "end" : 1674 }, 
        {"sofa" : 12,  "begin" : 1675,  "end" : 1681 }, 
        {"sofa" : 12,  "begin" : 1682,  "end" : 1684 }, 
        {"sofa" : 12,  "begin" : 1685,  "end" : 1690 }, 
        {"sofa" : 12,  "begin" : 1691,  "end" : 1693 }, 
        {"sofa" : 12,  "begin" : 1694,  "end" : 1702 }, 
        {"sofa" : 12,  "begin" : 1703,  "end" : 1710 }, 
        {"sofa" : 12,  "begin" : 1710,  "end" : 1711 }, 
        {"sofa" : 12,  "begin" : 1713,  "end" : 1718 }, 
        {"sofa" : 12,  "begin" : 1719,  "end" : 1724 }, 
        {"sofa" : 12,  "begin" : 1725,  "end" : 1729 }, 
        {"sofa" : 12,  "begin" : 1730,  "end" : 1732 }, 
        {"sofa" : 12,  "begin" : 1733,  "end" : 1738 }, 
        {"sofa" : 12,  "begin" : 1738,  "end" : 1739 }, 
        {"sofa" : 12,  "begin" : 1740,  "end" : 1748 }, 
        {"sofa" : 12,  "begin" : 1749,  "end" : 1751 }, 
        {"sofa" : 12,  "begin" : 1752,  "end" : 1755 }, 
        {"sofa" : 12,  "begin" : 1756,  "end" : 1759 }, 
        {"sofa" : 12,  "begin" : 1760,  "end" : 1763 }, 
        {"sofa" : 12,  "begin" : 1764,  "end" : 1765 }, 
        {"sofa" : 12,  "begin" : 1766,  "end" : 1770 }, 
        {"sofa" : 12,  "begin" : 1771,  "end" : 1775 }, 
        {"sofa" : 12,  "begin" : 1776,  "end" : 1780 }, 
        {"sofa" : 12,  "begin" : 1781,  "end" : 1783 }, 
        {"sofa" : 12,  "begin" : 1784,  "end" : 1787 }, 
        {"sofa" : 12,  "begin" : 1788,  "end" : 1798 }, 
        {"sofa" : 12,  "begin" : 1799,  "end" : 1803 }, 
        {"sofa" : 12,  "begin" : 1804,  "end" : 1808 }, 
        {"sofa" : 12,  "begin" : 1809,  "end" : 1816 }, 
        {"sofa" : 12,  "begin" : 1817,  "end" : 1821 }, 
        {"sofa" : 12,  "begin" : 1822,  "end" : 1824 }, 
        {"sofa" : 12,  "begin" : 1825,  "end" : 1826 }, 
        {"sofa" : 12,  "begin" : 1827,  "end" : 1832 }, 
        {"sofa" : 12,  "begin" : 1833,  "end" : 1838 }, 
        {"sofa" : 12,  "begin" : 1839,  "end" : 1842 }, 
        {"sofa" : 12,  "begin" : 1843,  "end" : 1844 }, 
        {"sofa" : 12,  "begin" : 1845,  "end" : 1850 }, 
        {"sofa" : 12,  "begin" : 1851,  "end" : 1861 }, 
        {"sofa" : 12,  "begin" : 1861,  "end" : 1862 }, 
        {"sofa" : 12,  "begin" : 1863,  "end" : 1866 }, 
        {"sofa" : 12,  "begin" : 1867,  "end" : 1872 }, 
        {"sofa" : 12,  "begin" : 1873,  "end" : 1881 }, 
        {"sofa" : 12,  "begin" : 1882,  "end" : 1886 }, 
        {"sofa" : 12,  "begin" : 1887,  "end" : 1891 }, 
        {"sofa" : 12,  "begin" : 1892,  "end" : 1897 }, 
        {"sofa" : 12,  "begin" : 1898,  "end" : 1903 }, 
        {"sofa" : 12,  "begin" : 1904,  "end" : 1907 }, 
        {"sofa" : 12,  "begin" : 1908,  "end" : 1912 }, 
        {"sofa" : 12,  "begin" : 1913,  "end" : 1916 }, 
        {"sofa" : 12,  "begin" : 1917,  "end" : 1918 }, 
        {"sofa" : 12,  "begin" : 1919,  "end" : 1922 }, 
        {"sofa" : 12,  "begin" : 1923,  "end" : 1930 }, 
        {"sofa" : 12,  "begin" : 1931,  "end" : 1934 }, 
        {"sofa" : 12,  "begin" : 1935,  "end" : 1939 }, 
        {"sofa" : 12,  "begin" : 1940,  "end" : 1948 }, 
        {"sofa" : 12,  "begin" : 1949,  "end" : 1951 }, 
        {"sofa" : 12,  "begin" : 1952,  "end" : 1959 }, 
        {"sofa" : 12,  "begin" : 1960,  "end" : 1965 }, 
        {"sofa" : 12,  "begin" : 1966,  "end" : 1973 }, 
        {"sofa" : 12,  "begin" : 1973,  "end" : 1974 }, 
        {"sofa" : 12,  "begin" : 1975,  "end" : 1980 }, 
        {"sofa" : 12,  "begin" : 1981,  "end" : 1988 }, 
        {"sofa" : 12,  "begin" : 1988,  "end" : 1989 }, 
        {"sofa" : 12,  "begin" : 1991,  "end" : 1992 }, 
        {"sofa" : 12,  "begin" : 1992,  "end" : 1994 }, 
        {"sofa" : 12,  "begin" : 1995,  "end" : 2002 }, 
        {"sofa" : 12,  "begin" : 2003,  "end" : 2007 }, 
        {"sofa" : 12,  "begin" : 2008,  "end" : 2012 }, 
        {"sofa" : 12,  "begin" : 2013,  "end" : 2022 }, 
        {"sofa" : 12,  "begin" : 2022,  "end" : 2023 }, 
        {"sofa" : 12,  "begin" : 2023,  "end" : 2024 }, 
        {"sofa" : 12,  "begin" : 2025,  "end" : 2030 }, 
        {"sofa" : 12,  "begin" : 2031,  "end" : 2038 }, 
        {"sofa" : 12,  "begin" : 2039,  "end" : 2043 }, 
        {"sofa" : 12,  "begin" : 2044,  "end" : 2047 }, 
        {"sofa" : 12,  "begin" : 2048,  "end" : 2053 }, 
        {"sofa" : 12,  "begin" : 2054,  "end" : 2059 }, 
        {"sofa" : 12,  "begin" : 2060,  "end" : 2065 }, 
        {"sofa" : 12,  "begin" : 2066,  "end" : 2071 }, 
        {"sofa" : 12,  "begin" : 2072,  "end" : 2076 }, 
        {"sofa" : 12,  "begin" : 2076,  "end" : 2077 }, 
        {"sofa" : 12,  "begin" : 2078,  "end" : 2079 }, 
        {"sofa" : 12,  "begin" : 2079,  "end" : 2089 }, 
        {"sofa" : 12,  "begin" : 2090,  "end" : 2092 }, 
        {"sofa" : 12,  "begin" : 2093,  "end" : 2095 }, 
        {"sofa" : 12,  "begin" : 2096,  "end" : 2100 }, 
        {"sofa" : 12,  "begin" : 2101,  "end" : 2103 }, 
        {"sofa" : 12,  "begin" : 2104,  "end" : 2107 }, 
        {"sofa" : 12,  "begin" : 2108,  "end" : 2115 }, 
        {"sofa" : 12,  "begin" : 2116,  "end" : 2123 }, 
        {"sofa" : 12,  "begin" : 2124,  "end" : 2125 }, 
        {"sofa" : 12,  "begin" : 2126,  "end" : 2128 }, 
        {"sofa" : 12,  "begin" : 2129,  "end" : 2133 }, 
        {"sofa" : 12,  "begin" : 2134,  "end" : 2136 }, 
        {"sofa" : 12,  "begin" : 2137,  "end" : 2140 }, 
        {"sofa" : 12,  "begin" : 2141,  "end" : 2145 }, 
        {"sofa" : 12,  "begin" : 2146,  "end" : 2152 }, 
        {"sofa" : 12,  "begin" : 2153,  "end" : 2160 }, 
        {"sofa" : 12,  "begin" : 2160,  "end" : 2161 }, 
        {"sofa" : 12,  "begin" : 2163,  "end" : 2165 }, 
        {"sofa" : 12,  "begin" : 2166,  "end" : 2170 }, 
        {"sofa" : 12,  "begin" : 2171,  "end" : 2172 }, 
        {"sofa" : 12,  "begin" : 2173,  "end" : 2176 }, 
        {"sofa" : 12,  "begin" : 2177,  "end" : 2179 }, 
        {"sofa" : 12,  "begin" : 2180,  "end" : 2185 }, 
        {"sofa" : 12,  "begin" : 2186,  "end" : 2189 }, 
        {"sofa" : 12,  "begin" : 2190,  "end" : 2194 }, 
        {"sofa" : 12,  "begin" : 2195,  "end" : 2197 }, 
        {"sofa" : 12,  "begin" : 2198,  "end" : 2202 }, 
        {"sofa" : 12,  "begin" : 2203,  "end" : 2208 }, 
        {"sofa" : 12,  "begin" : 2209,  "end" : 2214 }, 
        {"sofa" : 12,  "begin" : 2215,  "end" : 2219 }, 
        {"sofa" : 12,  "begin" : 2219,  "end" : 2220 }, 
        {"sofa" : 12,  "begin" : 2220,  "end" : 2221 }, 
        {"sofa" : 12,  "begin" : 2222,  "end" : 2227 }, 
        {"sofa" : 12,  "begin" : 2228,  "end" : 2233 }, 
        {"sofa" : 12,  "begin" : 2234,  "end" : 2238 }, 
        {"sofa" : 12,  "begin" : 2239,  "end" : 2242 }, 
        {"sofa" : 12,  "begin" : 2243,  "end" : 2248 }, 
        {"sofa" : 12,  "begin" : 2249,  "end" : 2252 }, 
        {"sofa" : 12,  "begin" : 2253,  "end" : 2257 }, 
        {"sofa" : 12,  "begin" : 2258,  "end" : 2260 }, 
        {"sofa" : 12,  "begin" : 2261,  "end" : 2266 }, 
        {"sofa" : 12,  "begin" : 2267,  "end" : 2274 }, 
        {"sofa" : 12,  "begin" : 2274,  "end" : 2275 }, 
        {"sofa" : 12,  "begin" : 2276,  "end" : 2281 }, 
        {"sofa" : 12,  "begin" : 2281,  "end" : 2282 }, 
        {"sofa" : 12,  "begin" : 2283,  "end" : 2290 }, 
        {"sofa" : 12,  "begin" : 2291,  "end" : 2295 }, 
        {"sofa" : 12,  "begin" : 2296,  "end" : 2298 }, 
        {"sofa" : 12,  "begin" : 2299,  "end" : 2302 }, 
        {"sofa" : 12,  "begin" : 2303,  "end" : 2309 }, 
        {"sofa" : 12,  "begin" : 2310,  "end" : 2312 }, 
        {"sofa" : 12,  "begin" : 2313,  "end" : 2318 }, 
        {"sofa" : 12,  "begin" : 2319,  "end" : 2328 }, 
        {"sofa" : 12,  "begin" : 2328,  "end" : 2329 }, 
        {"sofa" : 12,  "begin" : 2330,  "end" : 2333 }, 
        {"sofa" : 12,  "begin" : 2334,  "end" : 2336 }, 
        {"sofa" : 12,  "begin" : 2337,  "end" : 2344 }, 
        {"sofa" : 12,  "begin" : 2345,  "end" : 2348 }, 
        {"sofa" : 12,  "begin" : 2349,  "end" : 2358 }, 
        {"sofa" : 12,  "begin" : 2359,  "end" : 2361 }, 
        {"sofa" : 12,  "begin" : 2362,  "end" : 2370 }, 
        {"sofa" : 12,  "begin" : 2371,  "end" : 2373 }, 
        {"sofa" : 12,  "begin" : 2374,  "end" : 2379 }, 
        {"sofa" : 12,  "begin" : 2380,  "end" : 2385 }, 
        {"sofa" : 12,  "begin" : 2386,  "end" : 2393 }, 
        {"sofa" : 12,  "begin" : 2394,  "end" : 2404 }, 
        {"sofa" : 12,  "begin" : 2405,  "end" : 2407 }, 
        {"sofa" : 12,  "begin" : 2408,  "end" : 2416 }, 
        {"sofa" : 12,  "begin" : 2417,  "end" : 2420 }, 
        {"sofa" : 12,  "begin" : 2421,  "end" : 2430 }, 
        {"sofa" : 12,  "begin" : 2431,  "end" : 2433 }, 
        {"sofa" : 12,  "begin" : 2434,  "end" : 2440 }, 
        {"sofa" : 12,  "begin" : 2441,  "end" : 2448 }, 
        {"sofa" : 12,  "begin" : 2449,  "end" : 2451 }, 
        {"sofa" : 12,  "begin" : 2452,  "end" : 2458 }, 
        {"sofa" : 12,  "begin" : 2459,  "end" : 2462 }, 
        {"sofa" : 12,  "begin" : 2463,  "end" : 2469 }, 
        {"sofa" : 12,  "begin" : 2469,  "end" : 2470 }, 
        {"sofa" : 12,  "begin" : 2472,  "end" : 2475 }, 
        {"sofa" : 12,  "begin" : 2476,  "end" : 2482 }, 
        {"sofa" : 12,  "begin" : 2483,  "end" : 2488 }, 
        {"sofa" : 12,  "begin" : 2489,  "end" : 2495 }, 
        {"sofa" : 12,  "begin" : 2496,  "end" : 2500 }, 
        {"sofa" : 12,  "begin" : 2501,  "end" : 2503 }, 
        {"sofa" : 12,  "begin" : 2504,  "end" : 2505 }, 
        {"sofa" : 12,  "begin" : 2506,  "end" : 2512 }, 
        {"sofa" : 12,  "begin" : 2513,  "end" : 2515 }, 
        {"sofa" : 12,  "begin" : 2516,  "end" : 2519 }, 
        {"sofa" : 12,  "begin" : 2520,  "end" : 2525 }, 
        {"sofa" : 12,  "begin" : 2526,  "end" : 2532 }, 
        {"sofa" : 12,  "begin" : 2533,  "end" : 2545 }, 
        {"sofa" : 12,  "begin" : 2546,  "end" : 2550 }, 
        {"sofa" : 12,  "begin" : 2551,  "end" : 2557 }, 
        {"sofa" : 12,  "begin" : 2558,  "end" : 2561 }, 
        {"sofa" : 12,  "begin" : 2562,  "end" : 2567 }, 
        {"sofa" : 12,  "begin" : 2568,  "end" : 2570 }, 
        {"sofa" : 12,  "begin" : 2571,  "end" : 2580 }, 
        {"sofa" : 12,  "begin" : 2581,  "end" : 2583 }, 
        {"sofa" : 12,  "begin" : 2584,  "end" : 2589 }, 
        {"sofa" : 12,  "begin" : 2590,  "end" : 2596 }, 
        {"sofa" : 12,  "begin" : 2597,  "end" : 2599 }, 
        {"sofa" : 12,  "begin" : 2600,  "end" : 2608 }, 
        {"sofa" : 12,  "begin" : 2609,  "end" : 2610 }, 
        {"sofa" : 12,  "begin" : 2611,  "end" : 2626 }, 
        {"sofa" : 12,  "begin" : 2627,  "end" : 2630 }, 
        {"sofa" : 12,  "begin" : 2630,  "end" : 2631 }, 
        {"sofa" : 12,  "begin" : 2632,  "end" : 2635 }, 
        {"sofa" : 12,  "begin" : 2636,  "end" : 2641 }, 
        {"sofa" : 12,  "begin" : 2642,  "end" : 2658 }, 
        {"sofa" : 12,  "begin" : 2659,  "end" : 2661 }, 
        {"sofa" : 12,  "begin" : 2661,  "end" : 2662 }, 
        {"sofa" : 12,  "begin" : 2663,  "end" : 2671 }, 
        {"sofa" : 12,  "begin" : 2672,  "end" : 2676 }, 
        {"sofa" : 12,  "begin" : 2677,  "end" : 2683 }, 
        {"sofa" : 12,  "begin" : 2684,  "end" : 2688 }, 
        {"sofa" : 12,  "begin" : 2689,  "end" : 2692 }, 
        {"sofa" : 12,  "begin" : 2693,  "end" : 2703 }, 
        {"sofa" : 12,  "begin" : 2704,  "end" : 2707 }, 
        {"sofa" : 12,  "begin" : 2708,  "end" : 2710 }, 
        {"sofa" : 12,  "begin" : 2711,  "end" : 2714 }, 
        {"sofa" : 12,  "begin" : 2715,  "end" : 2729 }, 
        {"sofa" : 12,  "begin" : 2730,  "end" : 2734 }, 
        {"sofa" : 12,  "begin" : 2735,  "end" : 2741 }, 
        {"sofa" : 12,  "begin" : 2742,  "end" : 2744 }, 
        {"sofa" : 12,  "begin" : 2745,  "end" : 2748 }, 
        {"sofa" : 12,  "begin" : 2749,  "end" : 2754 }, 
        {"sofa" : 12,  "begin" : 2755,  "end" : 2763 }, 
        {"sofa" : 12,  "begin" : 2764,  "end" : 2770 }, 
        {"sofa" : 12,  "begin" : 2771,  "end" : 2773 }, 
        {"sofa" : 12,  "begin" : 2774,  "end" : 2777 }, 
        {"sofa" : 12,  "begin" : 2778,  "end" : 2784 }, 
        {"sofa" : 12,  "begin" : 2785,  "end" : 2791 }, 
        {"sofa" : 12,  "begin" : 2791,  "end" : 2792 }, 
        {"sofa" : 12,  "begin" : 2794,  "end" : 2795 }, 
        {"sofa" : 12,  "begin" : 2795,  "end" : 2798 }, 
        {"sofa" : 12,  "begin" : 2799,  "end" : 2807 }, 
        {"sofa" : 12,  "begin" : 2808,  "end" : 2819 }, 
        {"sofa" : 12,  "begin" : 2820,  "end" : 2830 }, 
        {"sofa" : 12,  "begin" : 2831,  "end" : 2837 }, 
        {"sofa" : 12,  "begin" : 2838,  "end" : 2840 }, 
        {"sofa" : 12,  "begin" : 2841,  "end" : 2843 }, 
        {"sofa" : 12,  "begin" : 2844,  "end" : 2855 }, 
        {"sofa" : 12,  "begin" : 2856,  "end" : 2858 }, 
        {"sofa" : 12,  "begin" : 2859,  "end" : 2866 }, 
        {"sofa" : 12,  "begin" : 2867,  "end" : 2870 }, 
        {"sofa" : 12,  "begin" : 2871,  "end" : 2873 }, 
        {"sofa" : 12,  "begin" : 2874,  "end" : 2877 }, 
        {"sofa" : 12,  "begin" : 2878,  "end" : 2885 }, 
        {"sofa" : 12,  "begin" : 2886,  "end" : 2892 }, 
        {"sofa" : 12,  "begin" : 2893,  "end" : 2895 }, 
        {"sofa" : 12,  "begin" : 2896,  "end" : 2900 }, 
        {"sofa" : 12,  "begin" : 2901,  "end" : 2903 }, 
        {"sofa" : 12,  "begin" : 2904,  "end" : 2912 }, 
        {"sofa" : 12,  "begin" : 2913,  "end" : 2914 }, 
        {"sofa" : 12,  "begin" : 2915,  "end" : 2921 }, 
        {"sofa" : 12,  "begin" : 2922,  "end" : 2928 }, 
        {"sofa" : 12,  "begin" : 2929,  "end" : 2932 }, 
        {"sofa" : 12,  "begin" : 2933,  "end" : 2939 }, 
        {"sofa" : 12,  "begin" : 2940,  "end" : 2942 }, 
        {"sofa" : 12,  "begin" : 2943,  "end" : 2947 }, 
        {"sofa" : 12,  "begin" : 2948,  "end" : 2953 }, 
        {"sofa" : 12,  "begin" : 2953,  "end" : 2954 }, 
        {"sofa" : 12,  "begin" : 2955,  "end" : 2962 }, 
        {"sofa" : 12,  "begin" : 2962,  "end" : 2963 }, 
        {"sofa" : 12,  "begin" : 2964,  "end" : 2975 }, 
        {"sofa" : 12,  "begin" : 2976,  "end" : 2980 }, 
        {"sofa" : 12,  "begin" : 2980,  "end" : 2981 }, 
        {"sofa" : 12,  "begin" : 2981,  "end" : 2982 }, 
        {"sofa" : 12,  "begin" : 2983,  "end" : 2987 }, 
        {"sofa" : 12,  "begin" : 2988,  "end" : 2995 }, 
        {"sofa" : 12,  "begin" : 2996,  "end" : 3000 }, 
        {"sofa" : 12,  "begin" : 3001,  "end" : 3006 }, 
        {"sofa" : 12,  "begin" : 3006,  "end" : 3007 }, 
        {"sofa" : 12,  "begin" : 3009,  "end" : 3018 }, 
        {"sofa" : 12,  "begin" : 3018,  "end" : 3019 }, 
        {"sofa" : 12,  "begin" : 3020,  "end" : 3031 }, 
        {"sofa" : 12,  "begin" : 3032,  "end" : 3039 }, 
        {"sofa" : 12,  "begin" : 3040,  "end" : 3048 }, 
        {"sofa" : 12,  "begin" : 3049,  "end" : 3053 }, 
        {"sofa" : 12,  "begin" : 3054,  "end" : 3059 }, 
        {"sofa" : 12,  "begin" : 3060,  "end" : 3066 }, 
        {"sofa" : 12,  "begin" : 3067,  "end" : 3073 }, 
        {"sofa" : 12,  "begin" : 3074,  "end" : 3078 }, 
        {"sofa" : 12,  "begin" : 3079,  "end" : 3082 }, 
        {"sofa" : 12,  "begin" : 3083,  "end" : 3084 }, 
        {"sofa" : 12,  "begin" : 3085,  "end" : 3088 }, 
        {"sofa" : 12,  "begin" : 3089,  "end" : 3094 }, 
        {"sofa" : 12,  "begin" : 3095,  "end" : 3101 }, 
        {"sofa" : 12,  "begin" : 3102,  "end" : 3107 }, 
        {"sofa" : 12,  "begin" : 3108,  "end" : 3113 }, 
        {"sofa" : 12,  "begin" : 3114,  "end" : 3116 }, 
        {"sofa" : 12,  "begin" : 3117,  "end" : 3124 }, 
        {"sofa" : 12,  "begin" : 3125,  "end" : 3128 }, 
        {"sofa" : 12,  "begin" : 3129,  "end" : 3132 }, 
        {"sofa" : 12,  "begin" : 3133,  "end" : 3138 }, 
        {"sofa" : 12,  "begin" : 3139,  "end" : 3143 }, 
        {"sofa" : 12,  "begin" : 3144,  "end" : 3149 }, 
        {"sofa" : 12,  "begin" : 3150,  "end" : 3153 }, 
        {"sofa" : 12,  "begin" : 3154,  "end" : 3159 }, 
        {"sofa" : 12,  "begin" : 3160,  "end" : 3170 }, 
        {"sofa" : 12,  "begin" : 3170,  "end" : 3171 }, 
        {"sofa" : 12,  "begin" : 3173,  "end" : 3182 }, 
        {"sofa" : 12,  "begin" : 3182,  "end" : 3183 }, 
        {"sofa" : 12,  "begin" : 3184,  "end" : 3187 }, 
        {"sofa" : 12,  "begin" : 3188,  "end" : 3192 }, 
        {"sofa" : 12,  "begin" : 3193,  "end" : 3202 }, 
        {"sofa" : 12,  "begin" : 3203,  "end" : 3206 }, 
        {"sofa" : 12,  "begin" : 3207,  "end" : 3214 }, 
        {"sofa" : 12,  "begin" : 3215,  "end" : 3224 }, 
        {"sofa" : 12,  "begin" : 3225,  "end" : 3232 }, 
        {"sofa" : 12,  "begin" : 3233,  "end" : 3240 }, 
        {"sofa" : 12,  "begin" : 3241,  "end" : 3243 }, 
        {"sofa" : 12,  "begin" : 3244,  "end" : 3251 }, 
        {"sofa" : 12,  "begin" : 3252,  "end" : 3260 }, 
        {"sofa" : 12,  "begin" : 3261,  "end" : 3266 }, 
        {"sofa" : 12,  "begin" : 3267,  "end" : 3272 }, 
        {"sofa" : 12,  "begin" : 3273,  "end" : 3276 }, 
        {"sofa" : 12,  "begin" : 3277,  "end" : 3289 }, 
        {"sofa" : 12,  "begin" : 3290,  "end" : 3296 }, 
        {"sofa" : 12,  "begin" : 3297,  "end" : 3302 }, 
        {"sofa" : 12,  "begin" : 3302,  "end" : 3303 }, 
        {"sofa" : 12,  "begin" : 3304,  "end" : 3308 }, 
        {"sofa" : 12,  "begin" : 3309,  "end" : 3311 }, 
        {"sofa" : 12,  "begin" : 3312,  "end" : 3317 }, 
        {"sofa" : 12,  "begin" : 3318,  "end" : 3323 }, 
        {"sofa" : 12,  "begin" : 3324,  "end" : 3331 }, 
        {"sofa" : 12,  "begin" : 3332,  "end" : 3334 }, 
        {"sofa" : 12,  "begin" : 3335,  "end" : 3343 }, 
        {"sofa" : 12,  "begin" : 3344,  "end" : 3349 }, 
        {"sofa" : 12,  "begin" : 3350,  "end" : 3353 }, 
        {"sofa" : 12,  "begin" : 3354,  "end" : 3362 }, 
        {"sofa" : 12,  "begin" : 3363,  "end" : 3371 }, 
        {"sofa" : 12,  "begin" : 3372,  "end" : 3379 }, 
        {"sofa" : 12,  "begin" : 3379,  "end" : 3380 }, 
        {"sofa" : 12,  "begin" : 3381,  "end" : 3382 }, 
        {"sofa" : 12,  "begin" : 3382,  "end" : 3389 }, 
        {"sofa" : 12,  "begin" : 3390,  "end" : 3391 }, 
        {"sofa" : 12,  "begin" : 3392,  "end" : 3395 }, 
        {"sofa" : 12,  "begin" : 3396,  "end" : 3398 }, 
        {"sofa" : 12,  "begin" : 3399,  "end" : 3410 }, 
        {"sofa" : 12,  "begin" : 3411,  "end" : 3416 }, 
        {"sofa" : 12,  "begin" : 3417,  "end" : 3423 }, 
        {"sofa" : 12,  "begin" : 3424,  "end" : 3429 }, 
        {"sofa" : 12,  "begin" : 3430,  "end" : 3435 }, 
        {"sofa" : 12,  "begin" : 3436,  "end" : 3443 }, 
        {"sofa" : 12,  "begin" : 3444,  "end" : 3449 }, 
        {"sofa" : 12,  "begin" : 3450,  "end" : 3455 }, 
        {"sofa" : 12,  "begin" : 3456,  "end" : 3459 }, 
        {"sofa" : 12,  "begin" : 3460,  "end" : 3463 }, 
        {"sofa" : 12,  "begin" : 3464,  "end" : 3469 }, 
        {"sofa" : 12,  "begin" : 3470,  "end" : 3474 }, 
        {"sofa" : 12,  "begin" : 3475,  "end" : 3481 }, 
        {"sofa" : 12,  "begin" : 3482,  "end" : 3484 }, 
        {"sofa" : 12,  "begin" : 3485,  "end" : 3490 }, 
        {"sofa" : 12,  "begin" : 3491,  "end" : 3502 }, 
        {"sofa" : 12,  "begin" : 3502,  "end" : 3503 }, 
        {"sofa" : 12,  "begin" : 3503,  "end" : 3504 }, 
        {"sofa" : 12,  "begin" : 3505,  "end" : 3509 }, 
        {"sofa" : 12,  "begin" : 3510,  "end" : 3515 }, 
        {"sofa" : 12,  "begin" : 3516,  "end" : 3523 }, 
        {"sofa" : 12,  "begin" : 3523,  "end" : 3524 }, 
        {"sofa" : 12,  "begin" : 3525,  "end" : 3528 }, 
        {"sofa" : 12,  "begin" : 3529,  "end" : 3531 }, 
        {"sofa" : 12,  "begin" : 3532,  "end" : 3536 }, 
        {"sofa" : 12,  "begin" : 3537,  "end" : 3539 }, 
        {"sofa" : 12,  "begin" : 3540,  "end" : 3543 }, 
        {"sofa" : 12,  "begin" : 3544,  "end" : 3549 }, 
        {"sofa" : 12,  "begin" : 3550,  "end" : 3552 }, 
        {"sofa" : 12,  "begin" : 3553,  "end" : 3562 }, 
        {"sofa" : 12,  "begin" : 3563,  "end" : 3566 }, 
        {"sofa" : 12,  "begin" : 3567,  "end" : 3570 }, 
        {"sofa" : 12,  "begin" : 3571,  "end" : 3579 }, 
        {"sofa" : 12,  "begin" : 3580,  "end" : 3585 }, 
        {"sofa" : 12,  "begin" : 3586,  "end" : 3590 }, 
        {"sofa" : 12,  "begin" : 3591,  "end" : 3598 }, 
        {"sofa" : 12,  "begin" : 3598,  "end" : 3599 }, 
        {"sofa" : 12,  "begin" : 3601,  "end" : 3604 }, 
        {"sofa" : 12,  "begin" : 3605,  "end" : 3613 }, 
        {"sofa" : 12,  "begin" : 3614,  "end" : 3619 }, 
        {"sofa" : 12,  "begin" : 3620,  "end" : 3624 }, 
        {"sofa" : 12,  "begin" : 3625,  "end" : 3632 }, 
        {"sofa" : 12,  "begin" : 3634,  "end" : 3642 }, 
        {"sofa" : 12,  "begin" : 3643,  "end" : 3649 }, 
        {"sofa" : 12,  "begin" : 3650,  "end" : 3652 }, 
        {"sofa" : 12,  "begin" : 3653,  "end" : 3660 }, 
        {"sofa" : 12,  "begin" : 3661,  "end" : 3669 }, 
        {"sofa" : 12,  "begin" : 3670,  "end" : 3677 }, 
        {"sofa" : 12,  "begin" : 3678,  "end" : 3685 }, 
        {"sofa" : 12,  "begin" : 3685,  "end" : 3686 }, 
        {"sofa" : 12,  "begin" : 3687,  "end" : 3690 }, 
        {"sofa" : 12,  "begin" : 3691,  "end" : 3701 }, 
        {"sofa" : 12,  "begin" : 3702,  "end" : 3705 }, 
        {"sofa" : 12,  "begin" : 3706,  "end" : 3716 }, 
        {"sofa" : 12,  "begin" : 3717,  "end" : 3722 }, 
        {"sofa" : 12,  "begin" : 3723,  "end" : 3725 }, 
        {"sofa" : 12,  "begin" : 3726,  "end" : 3733 }, 
        {"sofa" : 12,  "begin" : 3734,  "end" : 3737 }, 
        {"sofa" : 12,  "begin" : 3738,  "end" : 3741 }, 
        {"sofa" : 12,  "begin" : 3742,  "end" : 3754 }, 
        {"sofa" : 12,  "begin" : 3754,  "end" : 3755 }, 
        {"sofa" : 12,  "begin" : 3757,  "end" : 3758 }, 
        {"sofa" : 12,  "begin" : 3758,  "end" : 3762 }, 
        {"sofa" : 12,  "begin" : 3763,  "end" : 3769 }, 
        {"sofa" : 12,  "begin" : 3770,  "end" : 3773 }, 
        {"sofa" : 12,  "begin" : 3774,  "end" : 3780 }, 
        {"sofa" : 12,  "begin" : 3781,  "end" : 3788 }, 
        {"sofa" : 12,  "begin" : 3789,  "end" : 3796 }, 
        {"sofa" : 12,  "begin" : 3797,  "end" : 3805 }, 
        {"sofa" : 12,  "begin" : 3806,  "end" : 3814 }, 
        {"sofa" : 12,  "begin" : 3815,  "end" : 3817 }, 
        {"sofa" : 12,  "begin" : 3818,  "end" : 3821 }, 
        {"sofa" : 12,  "begin" : 3822,  "end" : 3830 }, 
        {"sofa" : 12,  "begin" : 3831,  "end" : 3834 }, 
        {"sofa" : 12,  "begin" : 3835,  "end" : 3838 }, 
        {"sofa" : 12,  "begin" : 3839,  "end" : 3841 }, 
        {"sofa" : 12,  "begin" : 3842,  "end" : 3847 }, 
        {"sofa" : 12,  "begin" : 3848,  "end" : 3852 }, 
        {"sofa" : 12,  "begin" : 3853,  "end" : 3858 }, 
        {"sofa" : 12,  "begin" : 3859,  "end" : 3866 }, 
        {"sofa" : 12,  "begin" : 3866,  "end" : 3867 }, 
        {"sofa" : 12,  "begin" : 3868,  "end" : 3871 }, 
        {"sofa" : 12,  "begin" : 3872,  "end" : 3886 }, 
        {"sofa" : 12,  "begin" : 3887,  "end" : 3890 }, 
        {"sofa" : 12,  "begin" : 3891,  "end" : 3899 }, 
        {"sofa" : 12,  "begin" : 3900,  "end" : 3906 }, 
        {"sofa" : 12,  "begin" : 3907,  "end" : 3909 }, 
        {"sofa" : 12,  "begin" : 3910,  "end" : 3913 }, 
        {"sofa" : 12,  "begin" : 3914,  "end" : 3920 }, 
        {"sofa" : 12,  "begin" : 3921,  "end" : 3924 }, 
        {"sofa" : 12,  "begin" : 3924,  "end" : 3925 }, 
        {"sofa" : 12,  "begin" : 3925,  "end" : 3926 }, 
        {"sofa" : 12,  "begin" : 3927,  "end" : 3931 }, 
        {"sofa" : 12,  "begin" : 3932,  "end" : 3938 }, 
        {"sofa" : 12,  "begin" : 3939,  "end" : 3944 }, 
        {"sofa" : 12,  "begin" : 3945,  "end" : 3950 }, 
        {"sofa" : 12,  "begin" : 3951,  "end" : 3953 }, 
        {"sofa" : 12,  "begin" : 3954,  "end" : 3957 }, 
        {"sofa" : 12,  "begin" : 3958,  "end" : 3966 }, 
        {"sofa" : 12,  "begin" : 3967,  "end" : 3972 }, 
        {"sofa" : 12,  "begin" : 3973,  "end" : 3977 }, 
        {"sofa" : 12,  "begin" : 3978,  "end" : 3985 }, 
        {"sofa" : 12,  "begin" : 3985,  "end" : 3986 }, 
        {"sofa" : 12,  "begin" : 3988,  "end" : 3991 }, 
        {"sofa" : 12,  "begin" : 3992,  "end" : 4000 }, 
        {"sofa" : 12,  "begin" : 4001,  "end" : 4005 }, 
        {"sofa" : 12,  "begin" : 4006,  "end" : 4012 }, 
        {"sofa" : 12,  "begin" : 4013,  "end" : 4021 }, 
        {"sofa" : 12,  "begin" : 4022,  "end" : 4025 }, 
        {"sofa" : 12,  "begin" : 4026,  "end" : 4029 }, 
        {"sofa" : 12,  "begin" : 4030,  "end" : 4040 }, 
        {"sofa" : 12,  "begin" : 4041,  "end" : 4048 }, 
        {"sofa" : 12,  "begin" : 4048,  "end" : 4049 }, 
        {"sofa" : 12,  "begin" : 4050,  "end" : 4057 }, 
        {"sofa" : 12,  "begin" : 4058,  "end" : 4062 }, 
        {"sofa" : 12,  "begin" : 4062,  "end" : 4063 }, 
        {"sofa" : 12,  "begin" : 4064,  "end" : 4074 }, 
        {"sofa" : 12,  "begin" : 4075,  "end" : 4084 }, 
        {"sofa" : 12,  "begin" : 4085,  "end" : 4095 }, 
        {"sofa" : 12,  "begin" : 4096,  "end" : 4100 }, 
        {"sofa" : 12,  "begin" : 4101,  "end" : 4109 }, 
        {"sofa" : 12,  "begin" : 4110,  "end" : 4114 }, 
        {"sofa" : 12,  "begin" : 4115,  "end" : 4121 }, 
        {"sofa" : 12,  "begin" : 4121,  "end" : 4122 }, 
        {"sofa" : 12,  "begin" : 4123,  "end" : 4127 }, 
        {"sofa" : 12,  "begin" : 4128,  "end" : 4133 }, 
        {"sofa" : 12,  "begin" : 4134,  "end" : 4138 }, 
        {"sofa" : 12,  "begin" : 4139,  "end" : 4142 }, 
        {"sofa" : 12,  "begin" : 4143,  "end" : 4150 }, 
        {"sofa" : 12,  "begin" : 4151,  "end" : 4158 }, 
        {"sofa" : 12,  "begin" : 4159,  "end" : 4161 }, 
        {"sofa" : 12,  "begin" : 4162,  "end" : 4165 }, 
        {"sofa" : 12,  "begin" : 4166,  "end" : 4170 }, 
        {"sofa" : 12,  "begin" : 4171,  "end" : 4175 }, 
        {"sofa" : 12,  "begin" : 4176,  "end" : 4182 }, 
        {"sofa" : 12,  "begin" : 4183,  "end" : 4190 }, 
        {"sofa" : 12,  "begin" : 4191,  "end" : 4200 }, 
        {"sofa" : 12,  "begin" : 4201,  "end" : 4205 }, 
        {"sofa" : 12,  "begin" : 4206,  "end" : 4208 }, 
        {"sofa" : 12,  "begin" : 4209,  "end" : 4216 }, 
        {"sofa" : 12,  "begin" : 4217,  "end" : 4219 }, 
        {"sofa" : 12,  "begin" : 4220,  "end" : 4225 }, 
        {"sofa" : 12,  "begin" : 4226,  "end" : 4232 }, 
        {"sofa" : 12,  "begin" : 4233,  "end" : 4243 }, 
        {"sofa" : 12,  "begin" : 4243,  "end" : 4244 }, 
        {"sofa" : 12,  "begin" : 4245,  "end" : 4248 }, 
        {"sofa" : 12,  "begin" : 4249,  "end" : 4253 }, 
        {"sofa" : 12,  "begin" : 4254,  "end" : 4260 }, 
        {"sofa" : 12,  "begin" : 4261,  "end" : 4264 }, 
        {"sofa" : 12,  "begin" : 4265,  "end" : 4268 }, 
        {"sofa" : 12,  "begin" : 4269,  "end" : 4273 }, 
        {"sofa" : 12,  "begin" : 4274,  "end" : 4284 }, 
        {"sofa" : 12,  "begin" : 4285,  "end" : 4290 }, 
        {"sofa" : 12,  "begin" : 4291,  "end" : 4293 }, 
        {"sofa" : 12,  "begin" : 4294,  "end" : 4298 }, 
        {"sofa" : 12,  "begin" : 4299,  "end" : 4302 }, 
        {"sofa" : 12,  "begin" : 4303,  "end" : 4306 }, 
        {"sofa" : 12,  "begin" : 4307,  "end" : 4312 }, 
        {"sofa" : 12,  "begin" : 4313,  "end" : 4315 }, 
        {"sofa" : 12,  "begin" : 4316,  "end" : 4323 }, 
        {"sofa" : 12,  "begin" : 4324,  "end" : 4327 }, 
        {"sofa" : 12,  "begin" : 4328,  "end" : 4335 }, 
        {"sofa" : 12,  "begin" : 4336,  "end" : 4341 }, 
        {"sofa" : 12,  "begin" : 4341,  "end" : 4342 }, 
        {"sofa" : 12,  "begin" : 4343,  "end" : 4346 }, 
        {"sofa" : 12,  "begin" : 4347,  "end" : 4357 }, 
        {"sofa" : 12,  "begin" : 4358,  "end" : 4361 }, 
        {"sofa" : 12,  "begin" : 4362,  "end" : 4370 }, 
        {"sofa" : 12,  "begin" : 4371,  "end" : 4381 }, 
        {"sofa" : 12,  "begin" : 4382,  "end" : 4384 }, 
        {"sofa" : 12,  "begin" : 4385,  "end" : 4396 }, 
        {"sofa" : 12,  "begin" : 4397,  "end" : 4400 }, 
        {"sofa" : 12,  "begin" : 4401,  "end" : 4406 }, 
        {"sofa" : 12,  "begin" : 4407,  "end" : 4418 }, 
        {"sofa" : 12,  "begin" : 4419,  "end" : 4425 }, 
        {"sofa" : 12,  "begin" : 4425,  "end" : 4426 }, 
        {"sofa" : 12,  "begin" : 4428,  "end" : 4434 }, 
        {"sofa" : 12,  "begin" : 4434,  "end" : 4435 }, 
        {"sofa" : 12,  "begin" : 4436,  "end" : 4440 }, 
        {"sofa" : 12,  "begin" : 4440,  "end" : 4441 }, 
        {"sofa" : 12,  "begin" : 4441,  "end" : 4442 }, 
        {"sofa" : 12,  "begin" : 4442,  "end" : 4443 }, 
        {"sofa" : 12,  "begin" : 4443,  "end" : 4460 }, 
        {"sofa" : 12,  "begin" : 4460,  "end" : 4461 } ], 
      "Persuasive_Labels" : [
        {"sofa" : 12,  "begin" : 517,  "end" : 577,  "EstablishingLegitimacy" : "Establishing Legitimacy" }, 
        {"sofa" : 12,  "begin" : 517,  "end" : 577,  "EstablishingLegitimacy" : "citing source to establish legitimacy_source not verified" }, 
        {"sofa" : 12,  "begin" : 812,  "end" : 943,  "InappropriateUseofScientificEvidence" : "Inappropriate Use of Scientific and Other Evidence - out of context_verified" }, 
        {"sofa" : 12,  "begin" : 812,  "end" : 943,  "InappropriateUseofScientificEvidence" : "inappropriate use of scientific and Other evidence" }, 
        {"sofa" : 12,  "begin" : 2472,  "end" : 2792,  "BiasedReasoningtoMakeaConclusion" : "inappropriate analogy or false connection" }, 
        {"sofa" : 12,  "begin" : 2472,  "end" : 2792,  "BiasedReasoningtoMakeaConclusion" : "biased reasoning to make a conclusion" }, 
        {"sofa" : 12,  "begin" : 3009,  "end" : 3171,  "PoliticizingHealthIssues" : "politicizing health issues" }, 
        {"sofa" : 12,  "begin" : 3009,  "end" : 3171,  "PoliticizingHealthIssues" : "political figures or political argument" }, 
        {"sofa" : 12,  "begin" : 3505,  "end" : 3599,  "EstablishingLegitimacy" : "Establishing Legitimacy" }, 
        {"sofa" : 12,  "begin" : 3505,  "end" : 3599,  "EstablishingLegitimacy" : "citing source to establish legitimacy_source not verified" }, 
        {"sofa" : 12,  "begin" : 4428,  "end" : 4461,  "EstablishingLegitimacy" : "Establishing Legitimacy" }, 
        {"sofa" : 12,  "begin" : 4428,  "end" : 4461,  "EstablishingLegitimacy" : "citing source to establish legitimacy_source verified to not be credible in this context" } ] } }, 
  "_referenced_fss" : {
    "12" : {"_type" : "Sofa",  "sofaNum" : 1,  "sofaID" : "_InitialView",  "mimeType" : "text",  "sofaString" : "﻿snes-04570 In June 2016, Michigan residents lost the \"right to farm,\" keep chickens, or maintain bee hives due to a change in existing law.\r\nSource: https://archive.ph/0vPSq \r\nFact checking: https://www.snopes.com/fact-check/michigan-right-to-farm-act-repealed/ \r\nActual content: \r\nMichigan Loses 'Right To Farm' This Week: A Farewell To Backyard Chickens and Beekeepers\r\nMichigan residents lost their \"right to farm\" this week thanks to a new ruling by the Michigan Commission of Agriculture and Rural Development. Gail Philburn of the Michigan Sierra Club told Michigan Live, the news changes \"effectively remove Right to Farm Act protection for many urban and suburban backyard farmers raising small numbers of animals.\"\r\nBackyard and urban farming were previously protected by Michigan's Right to Farm Act. The Commission ruled that the Right to Farm Act protections no longer apply to many homeowners who keep small numbers of livestock.\r\nKim White, who raises chickens and rabbits, said, \"They don't want us little guys feeding ourselves. They want us to go all to the big farms. They want to do away with small farms and I believe that is what's motivating it.\"\r\nThe ruling will allow local governments to arbitrarily ban goats, chickens and beehives on any property where there are 13 homes within one eighth mile or a residence within 250 feet of the property, according to Michigan Public Radio.\r\nThe Right to Farm Act was created in 1981 to protect farmers from the complaints of people from the city who moved to the country and then attempted to make it more urban with anti-farming ordinances. The new changes affect residents of rural Michigan too. It is not simply an urban or suburban concern.\r\nShady Grove Farm in Gwinn, Michigan is the six and a half acre home to 150 egg-laying hens that provide eggs to a local co-op and a local restaurant. The small Michigan farm also homes sheep for wool and a few turkeys and meat chickens to provide fresh healthy, local poultry.\r\n\"We produce food with integrity,\" Randy Buchler told The Blaze about Shady Grove Farm. \"Everything we do here is 100 percent natural - we like to say it's beyond organic.\r\nWe take a lot of pride and care in what we're doing here.\" Shady Grove Farm was doing its part to bring healthy, local, organic food to the tables of Gwinn residents, and it mirrors the attitudes of hundreds of other small farming operations in Michigan and thousands of others popping up around the nation.\r\nThe ruling comes within days of a report by The World Health Organization that stated the world is currently in grave danger of entering a post-antibiotic era. The WHO's director-general Dr. Margaret Chan argued that the antibiotic use in our industrialized food supply is the worst offender adding to the global crisis.\r\n\"The Michigan Agriculture Commission passed up an opportunity to support one of the hottest trends in food in Michigan - public demand for access to more local, healthy, sustainable food,\" Gail Philbin told MLive.\r\nMeanwhile, neighboring Indiana Governor Mike Pence signed Senate Bill 179 a few weeks before which freed up poultry and egg sales from local and state regulation.\r\nYesterday, the USDA Secretary Tom Vilsack announced massive funding to support research about small and medium-sized family farms, such as small farms ability to build-up local and regional economic systems. \"There's a lot of unnecessary legal action being taken against small farms who are doing good things in their communities,\" said Randy Buchler, who is also on the board of directors for the Michigan Small Farm Council.\r\nThe Michigan Small Farm Council  actively fought to support Michigan farming freedom, but ultimately the Commission voted to approve the new restrictions.\r\n\"Farm Bureau has become another special interest beholden to big business and out of touch with small farmers, and constitutional and property rights of the little guy,\" Pine Hallow Farms wrote to the Michigan Small Farm Council.\r\nThe Michigan Farm Bureau endorsed the new regulatory changes. Matthew Kapp, government relations specialist with Michigan Farm Bureau, told MLive that the members weighed in and felt that people raising livestock need to conform to local zoning ordinances. The Farm Bureau did not feel Michigan's Right To Farm Act was meant to protect the smaller farms, and ultimately the Michigan Commission of Agriculture and Rural Development agreed.\r\nSource: http://www.inquisitr.com/\r\n\r\n" } } }