{"_context" : {
    "_types" : {
      "DocumentMetaData" : {
        "_feature_types" : {"sofa" : "_ref" } }, 
      "Persuasive_Labels" : {
        "_feature_types" : {"sofa" : "_ref" } }, 
      "Sentence" : {
        "_feature_types" : {"sofa" : "_ref" } }, 
      "Sofa" : {
        "_feature_types" : {"sofaArray" : "_ref" } }, 
      "TagsetDescription" : {
        "_feature_types" : {"sofa" : "_ref",  "tags" : "_ref" } }, 
      "Token" : {
        "_feature_types" : {"sofa" : "_ref",  "parent" : "_ref",  "lemma" : "_ref",  "stem" : "_ref",  "pos" : "_ref",  "morph" : "_ref",  "form" : "_ref" } }, 
      "DocumentAnnotation" : {
        "_feature_types" : {"sofa" : "_ref" }, 
        "_subtypes" : ["DocumentMetaData" ] }, 
      "Annotation" : {
        "_feature_types" : {"sofa" : "_ref" }, 
        "_subtypes" : ["DocumentAnnotation",  "Persuasive_Labels",  "Sentence",  "TagsetDescription",  "Token" ] }, 
      "AnnotationBase" : {
        "_feature_types" : {"sofa" : "_ref" }, 
        "_subtypes" : ["Annotation" ] }, 
      "TOP" : {
        "_subtypes" : ["AnnotationBase",  "Sofa" ] } } }, 
  "_views" : {
    "_InitialView" : {
      "DocumentMetaData" : [
        {"sofa" : 12,  "end" : 2659,  "language" : "x-unspecified",  "documentTitle" : "4.%20snes-01786%20A%20major%20Hepatitis%20A%20outbreak%20in%20San%20Diego%20has%20been%20pinned%20on%20undocumented%20immigrants%20there.txt",  "documentId" : "admin",  "documentUri" : "file:/C:/Users/huiyi/.webanno/repository/project/4/document/208/source/admin",  "collectionId" : "file:/C:/Users/huiyi/.webanno/repository/project/4/document/208/source/",  "documentBaseUri" : "file:/C:/Users/huiyi/.webanno/repository/project/4/document/208/source/",  "isLastSegment" : false } ], 
      "TagsetDescription" : [
        {"sofa" : 12,  "layer" : "de.tudarmstadt.ukp.dkpro.core.api.syntax.type.dependency.Dependency",  "name" : "UD Universal Dependencies (v2)",  "input" : false }, 
        {"sofa" : 12,  "layer" : "de.tudarmstadt.ukp.dkpro.core.api.ner.type.NamedEntity",  "name" : "Named Entity tags",  "input" : false }, 
        {"sofa" : 12,  "layer" : "de.tudarmstadt.ukp.dkpro.core.api.transform.type.SofaChangeAnnotation",  "name" : "Operation",  "input" : false }, 
        {"sofa" : 12,  "layer" : "de.tudarmstadt.ukp.dkpro.core.api.lexmorph.type.pos.POS",  "name" : "UD Universal POS tags (v2)",  "input" : false }, 
        {"sofa" : 12,  "layer" : "webanno.custom.Persuasive_Labels",  "name" : "2. Using Anecdotes and Personal Experience as Evidence",  "input" : false } ], 
      "Sentence" : [
        {"sofa" : 12,  "end" : 105 }, 
        {"sofa" : 12,  "begin" : 107,  "end" : 138 }, 
        {"sofa" : 12,  "begin" : 141,  "end" : 630 }, 
        {"sofa" : 12,  "begin" : 632,  "end" : 780 }, 
        {"sofa" : 12,  "begin" : 782,  "end" : 875 }, 
        {"sofa" : 12,  "begin" : 876,  "end" : 1025 }, 
        {"sofa" : 12,  "begin" : 1027,  "end" : 1272 }, 
        {"sofa" : 12,  "begin" : 1274,  "end" : 1474 }, 
        {"sofa" : 12,  "begin" : 1476,  "end" : 1581 }, 
        {"sofa" : 12,  "begin" : 1582,  "end" : 1650 }, 
        {"sofa" : 12,  "begin" : 1652,  "end" : 1945 }, 
        {"sofa" : 12,  "begin" : 1947,  "end" : 2076 }, 
        {"sofa" : 12,  "begin" : 2077,  "end" : 2173 }, 
        {"sofa" : 12,  "begin" : 2175,  "end" : 2364 }, 
        {"sofa" : 12,  "begin" : 2366,  "end" : 2412 }, 
        {"sofa" : 12,  "begin" : 2413,  "end" : 2498 }, 
        {"sofa" : 12,  "begin" : 2499,  "end" : 2571 }, 
        {"sofa" : 12,  "begin" : 2575,  "end" : 2628 }, 
        {"sofa" : 12,  "begin" : 2630,  "end" : 2645 }, 
        {"sofa" : 12,  "begin" : 2647,  "end" : 2657 } ], 
      "Token" : [
        {"sofa" : 12,  "end" : 5 }, 
        {"sofa" : 12,  "begin" : 5,  "end" : 6 }, 
        {"sofa" : 12,  "begin" : 6,  "end" : 11 }, 
        {"sofa" : 12,  "begin" : 12,  "end" : 13 }, 
        {"sofa" : 12,  "begin" : 13,  "end" : 14 }, 
        {"sofa" : 12,  "begin" : 15,  "end" : 20 }, 
        {"sofa" : 12,  "begin" : 21,  "end" : 30 }, 
        {"sofa" : 12,  "begin" : 31,  "end" : 32 }, 
        {"sofa" : 12,  "begin" : 33,  "end" : 41 }, 
        {"sofa" : 12,  "begin" : 42,  "end" : 44 }, 
        {"sofa" : 12,  "begin" : 45,  "end" : 48 }, 
        {"sofa" : 12,  "begin" : 49,  "end" : 54 }, 
        {"sofa" : 12,  "begin" : 55,  "end" : 58 }, 
        {"sofa" : 12,  "begin" : 59,  "end" : 63 }, 
        {"sofa" : 12,  "begin" : 64,  "end" : 70 }, 
        {"sofa" : 12,  "begin" : 71,  "end" : 73 }, 
        {"sofa" : 12,  "begin" : 74,  "end" : 86 }, 
        {"sofa" : 12,  "begin" : 87,  "end" : 97 }, 
        {"sofa" : 12,  "begin" : 98,  "end" : 103 }, 
        {"sofa" : 12,  "begin" : 103,  "end" : 104 }, 
        {"sofa" : 12,  "begin" : 104,  "end" : 105 }, 
        {"sofa" : 12,  "begin" : 107,  "end" : 115 }, 
        {"sofa" : 12,  "begin" : 116,  "end" : 122 }, 
        {"sofa" : 12,  "begin" : 123,  "end" : 125 }, 
        {"sofa" : 12,  "begin" : 126,  "end" : 129 }, 
        {"sofa" : 12,  "begin" : 130,  "end" : 137 }, 
        {"sofa" : 12,  "begin" : 137,  "end" : 138 }, 
        {"sofa" : 12,  "begin" : 141,  "end" : 148 }, 
        {"sofa" : 12,  "begin" : 149,  "end" : 155 }, 
        {"sofa" : 12,  "begin" : 155,  "end" : 156 }, 
        {"sofa" : 12,  "begin" : 157,  "end" : 162 }, 
        {"sofa" : 12,  "begin" : 162,  "end" : 163 }, 
        {"sofa" : 12,  "begin" : 163,  "end" : 164 }, 
        {"sofa" : 12,  "begin" : 164,  "end" : 165 }, 
        {"sofa" : 12,  "begin" : 165,  "end" : 175 }, 
        {"sofa" : 12,  "begin" : 175,  "end" : 176 }, 
        {"sofa" : 12,  "begin" : 176,  "end" : 181 }, 
        {"sofa" : 12,  "begin" : 181,  "end" : 182 }, 
        {"sofa" : 12,  "begin" : 182,  "end" : 191 }, 
        {"sofa" : 12,  "begin" : 191,  "end" : 192 }, 
        {"sofa" : 12,  "begin" : 192,  "end" : 197 }, 
        {"sofa" : 12,  "begin" : 197,  "end" : 198 }, 
        {"sofa" : 12,  "begin" : 198,  "end" : 204 }, 
        {"sofa" : 12,  "begin" : 206,  "end" : 210 }, 
        {"sofa" : 12,  "begin" : 211,  "end" : 219 }, 
        {"sofa" : 12,  "begin" : 219,  "end" : 220 }, 
        {"sofa" : 12,  "begin" : 221,  "end" : 226 }, 
        {"sofa" : 12,  "begin" : 226,  "end" : 227 }, 
        {"sofa" : 12,  "begin" : 227,  "end" : 228 }, 
        {"sofa" : 12,  "begin" : 228,  "end" : 229 }, 
        {"sofa" : 12,  "begin" : 229,  "end" : 243 }, 
        {"sofa" : 12,  "begin" : 243,  "end" : 244 }, 
        {"sofa" : 12,  "begin" : 244,  "end" : 254 }, 
        {"sofa" : 12,  "begin" : 254,  "end" : 255 }, 
        {"sofa" : 12,  "begin" : 255,  "end" : 288 }, 
        {"sofa" : 12,  "begin" : 288,  "end" : 289 }, 
        {"sofa" : 12,  "begin" : 291,  "end" : 297 }, 
        {"sofa" : 12,  "begin" : 298,  "end" : 305 }, 
        {"sofa" : 12,  "begin" : 305,  "end" : 306 }, 
        {"sofa" : 12,  "begin" : 309,  "end" : 317 }, 
        {"sofa" : 12,  "begin" : 317,  "end" : 318 }, 
        {"sofa" : 12,  "begin" : 319,  "end" : 322 }, 
        {"sofa" : 12,  "begin" : 323,  "end" : 328 }, 
        {"sofa" : 12,  "begin" : 329,  "end" : 337 }, 
        {"sofa" : 12,  "begin" : 338,  "end" : 347 }, 
        {"sofa" : 12,  "begin" : 347,  "end" : 348 }, 
        {"sofa" : 12,  "begin" : 349,  "end" : 351 }, 
        {"sofa" : 12,  "begin" : 352,  "end" : 356 }, 
        {"sofa" : 12,  "begin" : 356,  "end" : 357 }, 
        {"sofa" : 12,  "begin" : 358,  "end" : 361 }, 
        {"sofa" : 12,  "begin" : 362,  "end" : 374 }, 
        {"sofa" : 12,  "begin" : 376,  "end" : 385 }, 
        {"sofa" : 12,  "begin" : 386,  "end" : 387 }, 
        {"sofa" : 12,  "begin" : 387,  "end" : 388 }, 
        {"sofa" : 12,  "begin" : 389,  "end" : 393 }, 
        {"sofa" : 12,  "begin" : 395,  "end" : 397 }, 
        {"sofa" : 12,  "begin" : 398,  "end" : 402 }, 
        {"sofa" : 12,  "begin" : 403,  "end" : 408 }, 
        {"sofa" : 12,  "begin" : 410,  "end" : 414 }, 
        {"sofa" : 12,  "begin" : 415,  "end" : 420 }, 
        {"sofa" : 12,  "begin" : 421,  "end" : 428 }, 
        {"sofa" : 12,  "begin" : 428,  "end" : 429 }, 
        {"sofa" : 12,  "begin" : 429,  "end" : 430 }, 
        {"sofa" : 12,  "begin" : 431,  "end" : 438 }, 
        {"sofa" : 12,  "begin" : 439,  "end" : 447 }, 
        {"sofa" : 12,  "begin" : 447,  "end" : 448 }, 
        {"sofa" : 12,  "begin" : 450,  "end" : 453 }, 
        {"sofa" : 12,  "begin" : 454,  "end" : 459 }, 
        {"sofa" : 12,  "begin" : 460,  "end" : 467 }, 
        {"sofa" : 12,  "begin" : 468,  "end" : 472 }, 
        {"sofa" : 12,  "begin" : 473,  "end" : 475 }, 
        {"sofa" : 12,  "begin" : 476,  "end" : 479 }, 
        {"sofa" : 12,  "begin" : 480,  "end" : 485 }, 
        {"sofa" : 12,  "begin" : 485,  "end" : 486 }, 
        {"sofa" : 12,  "begin" : 487,  "end" : 497 }, 
        {"sofa" : 12,  "begin" : 498,  "end" : 503 }, 
        {"sofa" : 12,  "begin" : 504,  "end" : 516 }, 
        {"sofa" : 12,  "begin" : 517,  "end" : 519 }, 
        {"sofa" : 12,  "begin" : 520,  "end" : 529 }, 
        {"sofa" : 12,  "begin" : 530,  "end" : 534 }, 
        {"sofa" : 12,  "begin" : 535,  "end" : 542 }, 
        {"sofa" : 12,  "begin" : 543,  "end" : 549 }, 
        {"sofa" : 12,  "begin" : 550,  "end" : 552 }, 
        {"sofa" : 12,  "begin" : 553,  "end" : 559 }, 
        {"sofa" : 12,  "begin" : 560,  "end" : 561 }, 
        {"sofa" : 12,  "begin" : 562,  "end" : 568 }, 
        {"sofa" : 12,  "begin" : 569,  "end" : 575 }, 
        {"sofa" : 12,  "begin" : 576,  "end" : 579 }, 
        {"sofa" : 12,  "begin" : 580,  "end" : 591 }, 
        {"sofa" : 12,  "begin" : 592,  "end" : 596 }, 
        {"sofa" : 12,  "begin" : 597,  "end" : 605 }, 
        {"sofa" : 12,  "begin" : 606,  "end" : 612 }, 
        {"sofa" : 12,  "begin" : 613,  "end" : 619 }, 
        {"sofa" : 12,  "begin" : 620,  "end" : 629 }, 
        {"sofa" : 12,  "begin" : 629,  "end" : 630 }, 
        {"sofa" : 12,  "begin" : 632,  "end" : 633 }, 
        {"sofa" : 12,  "begin" : 634,  "end" : 640 }, 
        {"sofa" : 12,  "begin" : 641,  "end" : 647 }, 
        {"sofa" : 12,  "begin" : 648,  "end" : 657 }, 
        {"sofa" : 12,  "begin" : 658,  "end" : 661 }, 
        {"sofa" : 12,  "begin" : 662,  "end" : 670 }, 
        {"sofa" : 12,  "begin" : 671,  "end" : 677 }, 
        {"sofa" : 12,  "begin" : 678,  "end" : 682 }, 
        {"sofa" : 12,  "begin" : 683,  "end" : 685 }, 
        {"sofa" : 12,  "begin" : 686,  "end" : 694 }, 
        {"sofa" : 12,  "begin" : 695,  "end" : 697 }, 
        {"sofa" : 12,  "begin" : 698,  "end" : 699 }, 
        {"sofa" : 12,  "begin" : 699,  "end" : 708 }, 
        {"sofa" : 12,  "begin" : 709,  "end" : 710 }, 
        {"sofa" : 12,  "begin" : 710,  "end" : 711 }, 
        {"sofa" : 12,  "begin" : 712,  "end" : 716 }, 
        {"sofa" : 12,  "begin" : 717,  "end" : 720 }, 
        {"sofa" : 12,  "begin" : 721,  "end" : 725 }, 
        {"sofa" : 12,  "begin" : 726,  "end" : 732 }, 
        {"sofa" : 12,  "begin" : 733,  "end" : 735 }, 
        {"sofa" : 12,  "begin" : 736,  "end" : 738 }, 
        {"sofa" : 12,  "begin" : 739,  "end" : 744 }, 
        {"sofa" : 12,  "begin" : 745,  "end" : 747 }, 
        {"sofa" : 12,  "begin" : 748,  "end" : 754 }, 
        {"sofa" : 12,  "begin" : 755,  "end" : 758 }, 
        {"sofa" : 12,  "begin" : 759,  "end" : 762 }, 
        {"sofa" : 12,  "begin" : 763,  "end" : 779 }, 
        {"sofa" : 12,  "begin" : 779,  "end" : 780 }, 
        {"sofa" : 12,  "begin" : 782,  "end" : 785 }, 
        {"sofa" : 12,  "begin" : 786,  "end" : 791 }, 
        {"sofa" : 12,  "begin" : 792,  "end" : 799 }, 
        {"sofa" : 12,  "begin" : 800,  "end" : 808 }, 
        {"sofa" : 12,  "begin" : 809,  "end" : 816 }, 
        {"sofa" : 12,  "begin" : 817,  "end" : 821 }, 
        {"sofa" : 12,  "begin" : 822,  "end" : 830 }, 
        {"sofa" : 12,  "begin" : 830,  "end" : 831 }, 
        {"sofa" : 12,  "begin" : 832,  "end" : 836 }, 
        {"sofa" : 12,  "begin" : 837,  "end" : 840 }, 
        {"sofa" : 12,  "begin" : 841,  "end" : 849 }, 
        {"sofa" : 12,  "begin" : 850,  "end" : 860 }, 
        {"sofa" : 12,  "begin" : 861,  "end" : 869 }, 
        {"sofa" : 12,  "begin" : 870,  "end" : 874 }, 
        {"sofa" : 12,  "begin" : 874,  "end" : 875 }, 
        {"sofa" : 12,  "begin" : 876,  "end" : 879 }, 
        {"sofa" : 12,  "begin" : 880,  "end" : 889 }, 
        {"sofa" : 12,  "begin" : 890,  "end" : 901 }, 
        {"sofa" : 12,  "begin" : 902,  "end" : 906 }, 
        {"sofa" : 12,  "begin" : 907,  "end" : 911 }, 
        {"sofa" : 12,  "begin" : 912,  "end" : 915 }, 
        {"sofa" : 12,  "begin" : 916,  "end" : 920 }, 
        {"sofa" : 12,  "begin" : 921,  "end" : 927 }, 
        {"sofa" : 12,  "begin" : 928,  "end" : 933 }, 
        {"sofa" : 12,  "begin" : 934,  "end" : 939 }, 
        {"sofa" : 12,  "begin" : 940,  "end" : 943 }, 
        {"sofa" : 12,  "begin" : 944,  "end" : 951 }, 
        {"sofa" : 12,  "begin" : 952,  "end" : 957 }, 
        {"sofa" : 12,  "begin" : 958,  "end" : 968 }, 
        {"sofa" : 12,  "begin" : 969,  "end" : 972 }, 
        {"sofa" : 12,  "begin" : 973,  "end" : 976 }, 
        {"sofa" : 12,  "begin" : 977,  "end" : 987 }, 
        {"sofa" : 12,  "begin" : 988,  "end" : 996 }, 
        {"sofa" : 12,  "begin" : 996,  "end" : 997 }, 
        {"sofa" : 12,  "begin" : 998,  "end" : 1001 }, 
        {"sofa" : 12,  "begin" : 1002,  "end" : 1015 }, 
        {"sofa" : 12,  "begin" : 1016,  "end" : 1024 }, 
        {"sofa" : 12,  "begin" : 1024,  "end" : 1025 }, 
        {"sofa" : 12,  "begin" : 1027,  "end" : 1032 }, 
        {"sofa" : 12,  "begin" : 1033,  "end" : 1037 }, 
        {"sofa" : 12,  "begin" : 1038,  "end" : 1042 }, 
        {"sofa" : 12,  "begin" : 1043,  "end" : 1057 }, 
        {"sofa" : 12,  "begin" : 1058,  "end" : 1060 }, 
        {"sofa" : 12,  "begin" : 1061,  "end" : 1069 }, 
        {"sofa" : 12,  "begin" : 1070,  "end" : 1076 }, 
        {"sofa" : 12,  "begin" : 1077,  "end" : 1081 }, 
        {"sofa" : 12,  "begin" : 1082,  "end" : 1089 }, 
        {"sofa" : 12,  "begin" : 1090,  "end" : 1097 }, 
        {"sofa" : 12,  "begin" : 1098,  "end" : 1100 }, 
        {"sofa" : 12,  "begin" : 1101,  "end" : 1109 }, 
        {"sofa" : 12,  "begin" : 1110,  "end" : 1122 }, 
        {"sofa" : 12,  "begin" : 1123,  "end" : 1131 }, 
        {"sofa" : 12,  "begin" : 1132,  "end" : 1134 }, 
        {"sofa" : 12,  "begin" : 1135,  "end" : 1139 }, 
        {"sofa" : 12,  "begin" : 1140,  "end" : 1146 }, 
        {"sofa" : 12,  "begin" : 1147,  "end" : 1150 }, 
        {"sofa" : 12,  "begin" : 1151,  "end" : 1158 }, 
        {"sofa" : 12,  "begin" : 1158,  "end" : 1159 }, 
        {"sofa" : 12,  "begin" : 1160,  "end" : 1165 }, 
        {"sofa" : 12,  "begin" : 1166,  "end" : 1169 }, 
        {"sofa" : 12,  "begin" : 1170,  "end" : 1176 }, 
        {"sofa" : 12,  "begin" : 1177,  "end" : 1184 }, 
        {"sofa" : 12,  "begin" : 1185,  "end" : 1190 }, 
        {"sofa" : 12,  "begin" : 1191,  "end" : 1197 }, 
        {"sofa" : 12,  "begin" : 1198,  "end" : 1202 }, 
        {"sofa" : 12,  "begin" : 1203,  "end" : 1209 }, 
        {"sofa" : 12,  "begin" : 1210,  "end" : 1214 }, 
        {"sofa" : 12,  "begin" : 1215,  "end" : 1217 }, 
        {"sofa" : 12,  "begin" : 1218,  "end" : 1228 }, 
        {"sofa" : 12,  "begin" : 1229,  "end" : 1234 }, 
        {"sofa" : 12,  "begin" : 1235,  "end" : 1240 }, 
        {"sofa" : 12,  "begin" : 1241,  "end" : 1246 }, 
        {"sofa" : 12,  "begin" : 1247,  "end" : 1252 }, 
        {"sofa" : 12,  "begin" : 1253,  "end" : 1258 }, 
        {"sofa" : 12,  "begin" : 1259,  "end" : 1262 }, 
        {"sofa" : 12,  "begin" : 1263,  "end" : 1271 }, 
        {"sofa" : 12,  "begin" : 1271,  "end" : 1272 }, 
        {"sofa" : 12,  "begin" : 1274,  "end" : 1279 }, 
        {"sofa" : 12,  "begin" : 1280,  "end" : 1284 }, 
        {"sofa" : 12,  "begin" : 1285,  "end" : 1289 }, 
        {"sofa" : 12,  "begin" : 1290,  "end" : 1292 }, 
        {"sofa" : 12,  "begin" : 1293,  "end" : 1296 }, 
        {"sofa" : 12,  "begin" : 1297,  "end" : 1310 }, 
        {"sofa" : 12,  "begin" : 1311,  "end" : 1316 }, 
        {"sofa" : 12,  "begin" : 1317,  "end" : 1320 }, 
        {"sofa" : 12,  "begin" : 1321,  "end" : 1334 }, 
        {"sofa" : 12,  "begin" : 1335,  "end" : 1342 }, 
        {"sofa" : 12,  "begin" : 1343,  "end" : 1345 }, 
        {"sofa" : 12,  "begin" : 1346,  "end" : 1352 }, 
        {"sofa" : 12,  "begin" : 1353,  "end" : 1354 }, 
        {"sofa" : 12,  "begin" : 1354,  "end" : 1357 }, 
        {"sofa" : 12,  "begin" : 1358,  "end" : 1363 }, 
        {"sofa" : 12,  "begin" : 1363,  "end" : 1364 }, 
        {"sofa" : 12,  "begin" : 1365,  "end" : 1370 }, 
        {"sofa" : 12,  "begin" : 1370,  "end" : 1371 }, 
        {"sofa" : 12,  "begin" : 1372,  "end" : 1378 }, 
        {"sofa" : 12,  "begin" : 1379,  "end" : 1385 }, 
        {"sofa" : 12,  "begin" : 1386,  "end" : 1388 }, 
        {"sofa" : 12,  "begin" : 1389,  "end" : 1401 }, 
        {"sofa" : 12,  "begin" : 1402,  "end" : 1410 }, 
        {"sofa" : 12,  "begin" : 1410,  "end" : 1411 }, 
        {"sofa" : 12,  "begin" : 1411,  "end" : 1412 }, 
        {"sofa" : 12,  "begin" : 1413,  "end" : 1422 }, 
        {"sofa" : 12,  "begin" : 1423,  "end" : 1425 }, 
        {"sofa" : 12,  "begin" : 1426,  "end" : 1427 }, 
        {"sofa" : 12,  "begin" : 1428,  "end" : 1438 }, 
        {"sofa" : 12,  "begin" : 1439,  "end" : 1443 }, 
        {"sofa" : 12,  "begin" : 1444,  "end" : 1452 }, 
        {"sofa" : 12,  "begin" : 1453,  "end" : 1455 }, 
        {"sofa" : 12,  "begin" : 1456,  "end" : 1457 }, 
        {"sofa" : 12,  "begin" : 1458,  "end" : 1464 }, 
        {"sofa" : 12,  "begin" : 1465,  "end" : 1473 }, 
        {"sofa" : 12,  "begin" : 1473,  "end" : 1474 }, 
        {"sofa" : 12,  "begin" : 1476,  "end" : 1481 }, 
        {"sofa" : 12,  "begin" : 1482,  "end" : 1488 }, 
        {"sofa" : 12,  "begin" : 1489,  "end" : 1491 }, 
        {"sofa" : 12,  "begin" : 1492,  "end" : 1495 }, 
        {"sofa" : 12,  "begin" : 1496,  "end" : 1502 }, 
        {"sofa" : 12,  "begin" : 1503,  "end" : 1506 }, 
        {"sofa" : 12,  "begin" : 1507,  "end" : 1513 }, 
        {"sofa" : 12,  "begin" : 1514,  "end" : 1516 }, 
        {"sofa" : 12,  "begin" : 1517,  "end" : 1520 }, 
        {"sofa" : 12,  "begin" : 1521,  "end" : 1528 }, 
        {"sofa" : 12,  "begin" : 1529,  "end" : 1541 }, 
        {"sofa" : 12,  "begin" : 1542,  "end" : 1545 }, 
        {"sofa" : 12,  "begin" : 1546,  "end" : 1563 }, 
        {"sofa" : 12,  "begin" : 1564,  "end" : 1571 }, 
        {"sofa" : 12,  "begin" : 1571,  "end" : 1572 }, 
        {"sofa" : 12,  "begin" : 1573,  "end" : 1577 }, 
        {"sofa" : 12,  "begin" : 1578,  "end" : 1580 }, 
        {"sofa" : 12,  "begin" : 1580,  "end" : 1581 }, 
        {"sofa" : 12,  "begin" : 1582,  "end" : 1587 }, 
        {"sofa" : 12,  "begin" : 1588,  "end" : 1594 }, 
        {"sofa" : 12,  "begin" : 1594,  "end" : 1595 }, 
        {"sofa" : 12,  "begin" : 1596,  "end" : 1599 }, 
        {"sofa" : 12,  "begin" : 1600,  "end" : 1606 }, 
        {"sofa" : 12,  "begin" : 1606,  "end" : 1607 }, 
        {"sofa" : 12,  "begin" : 1607,  "end" : 1608 }, 
        {"sofa" : 12,  "begin" : 1609,  "end" : 1615 }, 
        {"sofa" : 12,  "begin" : 1616,  "end" : 1622 }, 
        {"sofa" : 12,  "begin" : 1623,  "end" : 1630 }, 
        {"sofa" : 12,  "begin" : 1630,  "end" : 1631 }, 
        {"sofa" : 12,  "begin" : 1632,  "end" : 1635 }, 
        {"sofa" : 12,  "begin" : 1636,  "end" : 1640 }, 
        {"sofa" : 12,  "begin" : 1641,  "end" : 1649 }, 
        {"sofa" : 12,  "begin" : 1649,  "end" : 1650 }, 
        {"sofa" : 12,  "begin" : 1652,  "end" : 1657 }, 
        {"sofa" : 12,  "begin" : 1658,  "end" : 1666 }, 
        {"sofa" : 12,  "begin" : 1667,  "end" : 1678 }, 
        {"sofa" : 12,  "begin" : 1679,  "end" : 1682 }, 
        {"sofa" : 12,  "begin" : 1683,  "end" : 1694 }, 
        {"sofa" : 12,  "begin" : 1695,  "end" : 1703 }, 
        {"sofa" : 12,  "begin" : 1704,  "end" : 1710 }, 
        {"sofa" : 12,  "begin" : 1711,  "end" : 1713 }, 
        {"sofa" : 12,  "begin" : 1714,  "end" : 1727 }, 
        {"sofa" : 12,  "begin" : 1728,  "end" : 1734 }, 
        {"sofa" : 12,  "begin" : 1735,  "end" : 1738 }, 
        {"sofa" : 12,  "begin" : 1739,  "end" : 1748 }, 
        {"sofa" : 12,  "begin" : 1749,  "end" : 1753 }, 
        {"sofa" : 12,  "begin" : 1753,  "end" : 1754 }, 
        {"sofa" : 12,  "begin" : 1755,  "end" : 1758 }, 
        {"sofa" : 12,  "begin" : 1759,  "end" : 1763 }, 
        {"sofa" : 12,  "begin" : 1764,  "end" : 1769 }, 
        {"sofa" : 12,  "begin" : 1770,  "end" : 1777 }, 
        {"sofa" : 12,  "begin" : 1778,  "end" : 1785 }, 
        {"sofa" : 12,  "begin" : 1786,  "end" : 1788 }, 
        {"sofa" : 12,  "begin" : 1789,  "end" : 1795 }, 
        {"sofa" : 12,  "begin" : 1796,  "end" : 1801 }, 
        {"sofa" : 12,  "begin" : 1801,  "end" : 1802 }, 
        {"sofa" : 12,  "begin" : 1803,  "end" : 1806 }, 
        {"sofa" : 12,  "begin" : 1807,  "end" : 1812 }, 
        {"sofa" : 12,  "begin" : 1813,  "end" : 1820 }, 
        {"sofa" : 12,  "begin" : 1821,  "end" : 1823 }, 
        {"sofa" : 12,  "begin" : 1824,  "end" : 1829 }, 
        {"sofa" : 12,  "begin" : 1830,  "end" : 1831 }, 
        {"sofa" : 12,  "begin" : 1832,  "end" : 1840 }, 
        {"sofa" : 12,  "begin" : 1841,  "end" : 1845 }, 
        {"sofa" : 12,  "begin" : 1846,  "end" : 1848 }, 
        {"sofa" : 12,  "begin" : 1849,  "end" : 1852 }, 
        {"sofa" : 12,  "begin" : 1853,  "end" : 1860 }, 
        {"sofa" : 12,  "begin" : 1860,  "end" : 1861 }, 
        {"sofa" : 12,  "begin" : 1862,  "end" : 1867 }, 
        {"sofa" : 12,  "begin" : 1868,  "end" : 1870 }, 
        {"sofa" : 12,  "begin" : 1871,  "end" : 1875 }, 
        {"sofa" : 12,  "begin" : 1876,  "end" : 1878 }, 
        {"sofa" : 12,  "begin" : 1879,  "end" : 1883 }, 
        {"sofa" : 12,  "begin" : 1884,  "end" : 1886 }, 
        {"sofa" : 12,  "begin" : 1887,  "end" : 1896 }, 
        {"sofa" : 12,  "begin" : 1897,  "end" : 1899 }, 
        {"sofa" : 12,  "begin" : 1900,  "end" : 1908 }, 
        {"sofa" : 12,  "begin" : 1908,  "end" : 1909 }, 
        {"sofa" : 12,  "begin" : 1910,  "end" : 1912 }, 
        {"sofa" : 12,  "begin" : 1913,  "end" : 1915 }, 
        {"sofa" : 12,  "begin" : 1916,  "end" : 1923 }, 
        {"sofa" : 12,  "begin" : 1924,  "end" : 1926 }, 
        {"sofa" : 12,  "begin" : 1927,  "end" : 1931 }, 
        {"sofa" : 12,  "begin" : 1932,  "end" : 1935 }, 
        {"sofa" : 12,  "begin" : 1936,  "end" : 1944 }, 
        {"sofa" : 12,  "begin" : 1944,  "end" : 1945 }, 
        {"sofa" : 12,  "begin" : 1947,  "end" : 1948 }, 
        {"sofa" : 12,  "begin" : 1948,  "end" : 1950 }, 
        {"sofa" : 12,  "begin" : 1951,  "end" : 1955 }, 
        {"sofa" : 12,  "begin" : 1956,  "end" : 1960 }, 
        {"sofa" : 12,  "begin" : 1961,  "end" : 1964 }, 
        {"sofa" : 12,  "begin" : 1964,  "end" : 1965 }, 
        {"sofa" : 12,  "begin" : 1966,  "end" : 1969 }, 
        {"sofa" : 12,  "begin" : 1970,  "end" : 1973 }, 
        {"sofa" : 12,  "begin" : 1974,  "end" : 1976 }, 
        {"sofa" : 12,  "begin" : 1977,  "end" : 1982 }, 
        {"sofa" : 12,  "begin" : 1983,  "end" : 1988 }, 
        {"sofa" : 12,  "begin" : 1989,  "end" : 1991 }, 
        {"sofa" : 12,  "begin" : 1992,  "end" : 2001 }, 
        {"sofa" : 12,  "begin" : 2002,  "end" : 2003 }, 
        {"sofa" : 12,  "begin" : 2004,  "end" : 2011 }, 
        {"sofa" : 12,  "begin" : 2012,  "end" : 2014 }, 
        {"sofa" : 12,  "begin" : 2015,  "end" : 2018 }, 
        {"sofa" : 12,  "begin" : 2019,  "end" : 2025 }, 
        {"sofa" : 12,  "begin" : 2026,  "end" : 2030 }, 
        {"sofa" : 12,  "begin" : 2031,  "end" : 2033 }, 
        {"sofa" : 12,  "begin" : 2033,  "end" : 2034 }, 
        {"sofa" : 12,  "begin" : 2034,  "end" : 2036 }, 
        {"sofa" : 12,  "begin" : 2037,  "end" : 2043 }, 
        {"sofa" : 12,  "begin" : 2044,  "end" : 2048 }, 
        {"sofa" : 12,  "begin" : 2049,  "end" : 2051 }, 
        {"sofa" : 12,  "begin" : 2052,  "end" : 2055 }, 
        {"sofa" : 12,  "begin" : 2056,  "end" : 2061 }, 
        {"sofa" : 12,  "begin" : 2061,  "end" : 2062 }, 
        {"sofa" : 12,  "begin" : 2062,  "end" : 2063 }, 
        {"sofa" : 12,  "begin" : 2064,  "end" : 2070 }, 
        {"sofa" : 12,  "begin" : 2071,  "end" : 2075 }, 
        {"sofa" : 12,  "begin" : 2075,  "end" : 2076 }, 
        {"sofa" : 12,  "begin" : 2077,  "end" : 2078 }, 
        {"sofa" : 12,  "begin" : 2078,  "end" : 2080 }, 
        {"sofa" : 12,  "begin" : 2081,  "end" : 2085 }, 
        {"sofa" : 12,  "begin" : 2085,  "end" : 2086 }, 
        {"sofa" : 12,  "begin" : 2086,  "end" : 2088 }, 
        {"sofa" : 12,  "begin" : 2089,  "end" : 2094 }, 
        {"sofa" : 12,  "begin" : 2095,  "end" : 2097 }, 
        {"sofa" : 12,  "begin" : 2098,  "end" : 2103 }, 
        {"sofa" : 12,  "begin" : 2104,  "end" : 2107 }, 
        {"sofa" : 12,  "begin" : 2108,  "end" : 2112 }, 
        {"sofa" : 12,  "begin" : 2113,  "end" : 2118 }, 
        {"sofa" : 12,  "begin" : 2118,  "end" : 2119 }, 
        {"sofa" : 12,  "begin" : 2119,  "end" : 2120 }, 
        {"sofa" : 12,  "begin" : 2121,  "end" : 2124 }, 
        {"sofa" : 12,  "begin" : 2125,  "end" : 2128 }, 
        {"sofa" : 12,  "begin" : 2129,  "end" : 2134 }, 
        {"sofa" : 12,  "begin" : 2134,  "end" : 2135 }, 
        {"sofa" : 12,  "begin" : 2136,  "end" : 2138 }, 
        {"sofa" : 12,  "begin" : 2139,  "end" : 2144 }, 
        {"sofa" : 12,  "begin" : 2145,  "end" : 2147 }, 
        {"sofa" : 12,  "begin" : 2148,  "end" : 2158 }, 
        {"sofa" : 12,  "begin" : 2159,  "end" : 2163 }, 
        {"sofa" : 12,  "begin" : 2164,  "end" : 2166 }, 
        {"sofa" : 12,  "begin" : 2167,  "end" : 2171 }, 
        {"sofa" : 12,  "begin" : 2171,  "end" : 2172 }, 
        {"sofa" : 12,  "begin" : 2172,  "end" : 2173 }, 
        {"sofa" : 12,  "begin" : 2175,  "end" : 2178 }, 
        {"sofa" : 12,  "begin" : 2179,  "end" : 2184 }, 
        {"sofa" : 12,  "begin" : 2185,  "end" : 2187 }, 
        {"sofa" : 12,  "begin" : 2188,  "end" : 2191 }, 
        {"sofa" : 12,  "begin" : 2192,  "end" : 2197 }, 
        {"sofa" : 12,  "begin" : 2198,  "end" : 2204 }, 
        {"sofa" : 12,  "begin" : 2205,  "end" : 2220 }, 
        {"sofa" : 12,  "begin" : 2221,  "end" : 2228 }, 
        {"sofa" : 12,  "begin" : 2229,  "end" : 2233 }, 
        {"sofa" : 12,  "begin" : 2234,  "end" : 2237 }, 
        {"sofa" : 12,  "begin" : 2238,  "end" : 2244 }, 
        {"sofa" : 12,  "begin" : 2245,  "end" : 2254 }, 
        {"sofa" : 12,  "begin" : 2254,  "end" : 2255 }, 
        {"sofa" : 12,  "begin" : 2256,  "end" : 2260 }, 
        {"sofa" : 12,  "begin" : 2261,  "end" : 2265 }, 
        {"sofa" : 12,  "begin" : 2266,  "end" : 2271 }, 
        {"sofa" : 12,  "begin" : 2272,  "end" : 2281 }, 
        {"sofa" : 12,  "begin" : 2282,  "end" : 2286 }, 
        {"sofa" : 12,  "begin" : 2287,  "end" : 2291 }, 
        {"sofa" : 12,  "begin" : 2292,  "end" : 2297 }, 
        {"sofa" : 12,  "begin" : 2298,  "end" : 2301 }, 
        {"sofa" : 12,  "begin" : 2302,  "end" : 2306 }, 
        {"sofa" : 12,  "begin" : 2307,  "end" : 2311 }, 
        {"sofa" : 12,  "begin" : 2312,  "end" : 2317 }, 
        {"sofa" : 12,  "begin" : 2318,  "end" : 2323 }, 
        {"sofa" : 12,  "begin" : 2324,  "end" : 2329 }, 
        {"sofa" : 12,  "begin" : 2330,  "end" : 2343 }, 
        {"sofa" : 12,  "begin" : 2343,  "end" : 2344 }, 
        {"sofa" : 12,  "begin" : 2345,  "end" : 2348 }, 
        {"sofa" : 12,  "begin" : 2349,  "end" : 2358 }, 
        {"sofa" : 12,  "begin" : 2359,  "end" : 2363 }, 
        {"sofa" : 12,  "begin" : 2363,  "end" : 2364 }, 
        {"sofa" : 12,  "begin" : 2366,  "end" : 2367 }, 
        {"sofa" : 12,  "begin" : 2367,  "end" : 2372 }, 
        {"sofa" : 12,  "begin" : 2373,  "end" : 2375 }, 
        {"sofa" : 12,  "begin" : 2376,  "end" : 2378 }, 
        {"sofa" : 12,  "begin" : 2379,  "end" : 2388 }, 
        {"sofa" : 12,  "begin" : 2389,  "end" : 2392 }, 
        {"sofa" : 12,  "begin" : 2393,  "end" : 2397 }, 
        {"sofa" : 12,  "begin" : 2397,  "end" : 2398 }, 
        {"sofa" : 12,  "begin" : 2398,  "end" : 2399 }, 
        {"sofa" : 12,  "begin" : 2400,  "end" : 2406 }, 
        {"sofa" : 12,  "begin" : 2407,  "end" : 2411 }, 
        {"sofa" : 12,  "begin" : 2411,  "end" : 2412 }, 
        {"sofa" : 12,  "begin" : 2413,  "end" : 2414 }, 
        {"sofa" : 12,  "begin" : 2414,  "end" : 2416 }, 
        {"sofa" : 12,  "begin" : 2417,  "end" : 2421 }, 
        {"sofa" : 12,  "begin" : 2422,  "end" : 2432 }, 
        {"sofa" : 12,  "begin" : 2433,  "end" : 2437 }, 
        {"sofa" : 12,  "begin" : 2438,  "end" : 2439 }, 
        {"sofa" : 12,  "begin" : 2440,  "end" : 2448 }, 
        {"sofa" : 12,  "begin" : 2449,  "end" : 2452 }, 
        {"sofa" : 12,  "begin" : 2453,  "end" : 2455 }, 
        {"sofa" : 12,  "begin" : 2456,  "end" : 2458 }, 
        {"sofa" : 12,  "begin" : 2459,  "end" : 2463 }, 
        {"sofa" : 12,  "begin" : 2464,  "end" : 2473 }, 
        {"sofa" : 12,  "begin" : 2474,  "end" : 2478 }, 
        {"sofa" : 12,  "begin" : 2479,  "end" : 2483 }, 
        {"sofa" : 12,  "begin" : 2484,  "end" : 2486 }, 
        {"sofa" : 12,  "begin" : 2487,  "end" : 2490 }, 
        {"sofa" : 12,  "begin" : 2491,  "end" : 2497 }, 
        {"sofa" : 12,  "begin" : 2497,  "end" : 2498 }, 
        {"sofa" : 12,  "begin" : 2499,  "end" : 2502 }, 
        {"sofa" : 12,  "begin" : 2503,  "end" : 2507 }, 
        {"sofa" : 12,  "begin" : 2508,  "end" : 2510 }, 
        {"sofa" : 12,  "begin" : 2511,  "end" : 2514 }, 
        {"sofa" : 12,  "begin" : 2515,  "end" : 2520 }, 
        {"sofa" : 12,  "begin" : 2521,  "end" : 2525 }, 
        {"sofa" : 12,  "begin" : 2526,  "end" : 2528 }, 
        {"sofa" : 12,  "begin" : 2529,  "end" : 2533 }, 
        {"sofa" : 12,  "begin" : 2534,  "end" : 2537 }, 
        {"sofa" : 12,  "begin" : 2538,  "end" : 2547 }, 
        {"sofa" : 12,  "begin" : 2548,  "end" : 2550 }, 
        {"sofa" : 12,  "begin" : 2551,  "end" : 2555 }, 
        {"sofa" : 12,  "begin" : 2556,  "end" : 2562 }, 
        {"sofa" : 12,  "begin" : 2563,  "end" : 2569 }, 
        {"sofa" : 12,  "begin" : 2569,  "end" : 2570 }, 
        {"sofa" : 12,  "begin" : 2570,  "end" : 2571 }, 
        {"sofa" : 12,  "begin" : 2575,  "end" : 2580 }, 
        {"sofa" : 12,  "begin" : 2581,  "end" : 2585 }, 
        {"sofa" : 12,  "begin" : 2586,  "end" : 2588 }, 
        {"sofa" : 12,  "begin" : 2589,  "end" : 2597 }, 
        {"sofa" : 12,  "begin" : 2598,  "end" : 2601 }, 
        {"sofa" : 12,  "begin" : 2602,  "end" : 2609 }, 
        {"sofa" : 12,  "begin" : 2610,  "end" : 2612 }, 
        {"sofa" : 12,  "begin" : 2613,  "end" : 2620 }, 
        {"sofa" : 12,  "begin" : 2621,  "end" : 2627 }, 
        {"sofa" : 12,  "begin" : 2627,  "end" : 2628 }, 
        {"sofa" : 12,  "begin" : 2630,  "end" : 2635 }, 
        {"sofa" : 12,  "begin" : 2636,  "end" : 2639 }, 
        {"sofa" : 12,  "begin" : 2640,  "end" : 2644 }, 
        {"sofa" : 12,  "begin" : 2644,  "end" : 2645 }, 
        {"sofa" : 12,  "begin" : 2647,  "end" : 2650 }, 
        {"sofa" : 12,  "begin" : 2651,  "end" : 2656 }, 
        {"sofa" : 12,  "begin" : 2656,  "end" : 2657 } ], 
      "Persuasive_Labels" : [
        {"sofa" : 12,  "begin" : 309,  "end" : 318,  "DistinctiveLinguisticFeatures" : "distinctive linguistic features" }, 
        {"sofa" : 12,  "begin" : 309,  "end" : 318,  "DistinctiveLinguisticFeatures" : "uppercase words" }, 
        {"sofa" : 12,  "begin" : 338,  "end" : 374,  "DistinctiveLinguisticFeatures" : "distinctive linguistic features" }, 
        {"sofa" : 12,  "begin" : 338,  "end" : 374,  "DistinctiveLinguisticFeatures" : "uppercase words" }, 
        {"sofa" : 12,  "begin" : 450,  "end" : 497,  "PoliticizingHealthIssues" : "politicizing health issues" }, 
        {"sofa" : 12,  "begin" : 450,  "end" : 497,  "PoliticizingHealthIssues" : "ingroup vs. outgroup" }, 
        {"sofa" : 12,  "begin" : 535,  "end" : 549,  "PoliticizingHealthIssues" : "ingroup vs. outgroup" }, 
        {"sofa" : 12,  "begin" : 535,  "end" : 549,  "PoliticizingHealthIssues" : "politicizing health issues" }, 
        {"sofa" : 12,  "begin" : 580,  "end" : 605,  "EstablishingLegitimacy" : "Establishing Legitimacy" }, 
        {"sofa" : 12,  "begin" : 580,  "end" : 605,  "EstablishingLegitimacy" : "surface credibility markers - simply claiming authority or credibility" }, 
        {"sofa" : 12,  "begin" : 606,  "end" : 629,  "DistinctiveLinguisticFeatures" : "uppercase words" }, 
        {"sofa" : 12,  "begin" : 606,  "end" : 629,  "DistinctiveLinguisticFeatures" : "distinctive linguistic features" }, 
        {"sofa" : 12,  "begin" : 726,  "end" : 780,  "HighlightingUncertaintyandRisk" : "Highlighting Uncertainty and Risk" }, 
        {"sofa" : 12,  "begin" : 998,  "end" : 1024,  "EstablishingLegitimacy" : "Establishing Legitimacy" }, 
        {"sofa" : 12,  "begin" : 998,  "end" : 1024,  "EstablishingLegitimacy" : "citing seemingly credible sources to strengthen one’s arguments" }, 
        {"sofa" : 12,  "begin" : 1027,  "end" : 1272,  "BiasedReasoningtoMakeaConclusion" : "biased reasoning to make a conclusion" }, 
        {"sofa" : 12,  "begin" : 1578,  "end" : 1631,  "EstablishingLegitimacy" : "citing seemingly credible sources to strengthen one’s arguments" }, 
        {"sofa" : 12,  "begin" : 1578,  "end" : 1630,  "EstablishingLegitimacy" : "Establishing Legitimacy" }, 
        {"sofa" : 12,  "begin" : 2064,  "end" : 2076,  "EstablishingLegitimacy" : "Establishing Legitimacy" }, 
        {"sofa" : 12,  "begin" : 2064,  "end" : 2076,  "EstablishingLegitimacy" : "citing seemingly credible sources to strengthen one’s arguments" }, 
        {"sofa" : 12,  "begin" : 2400,  "end" : 2412,  "EstablishingLegitimacy" : "Establishing Legitimacy" }, 
        {"sofa" : 12,  "begin" : 2400,  "end" : 2412,  "EstablishingLegitimacy" : "citing seemingly credible sources to strengthen one’s arguments" }, 
        {"sofa" : 12,  "begin" : 2575,  "end" : 2628,  "PoliticizingHealthIssues" : "ingroup vs. outgroup" }, 
        {"sofa" : 12,  "begin" : 2575,  "end" : 2628,  "PoliticizingHealthIssues" : "politicizing health issues" }, 
        {"sofa" : 12,  "begin" : 2630,  "end" : 2657,  "PoliticizingHealthIssues" : "politicizing health issues" }, 
        {"sofa" : 12,  "begin" : 2630,  "end" : 2657,  "PoliticizingHealthIssues" : "religion or ideology" } ] } }, 
  "_referenced_fss" : {
    "12" : {"_type" : "Sofa",  "sofaNum" : 1,  "sofaID" : "_InitialView",  "mimeType" : "text",  "sofaString" : "﻿snes-01786 “A major Hepatitis A outbreak in San Diego has been pinned on undocumented immigrants there.”\r\noriginal source is now deleted. \r\nArchive source: https://archive.ph/rW2QP#selection-257.0-257.65\r\nFact checking: https://www.snopes.com/fact-check/hepatitis-a-outbreak-in-san-diego/\r\nActual Content: \r\nBREAKING: San Diego Declares EMERGENCY… 15 DEAD, 400 HOSPITALIZED\r\nSEPTEMBER 3, 2017\r\nBY DEAN JAMES\r\nDean James AMERICA’S FREEDOM FIGHTERS–\r\nThe ultra liberal city of San Diego, California which incidentally is inundated with illegal aliens is facing a health crisis and authorities have declared PUBLIC HEALTH EMERGENCY.\r\nA public health emergency was declared Friday over an outbreak of ‘hepatitis A’ that has been linked to at least 15 deaths and 400 hospitalizations.\r\nThe liver disease outbreak started last November, with the homeless population affected most. The emergency declaration will help the city access state funds and provide legal protection for new sanitation measures, the Union-Tribune reported.\r\nAreas with high concentrations of homeless people will receive roughly 40 portable hand-washing stations to help combat the disease, which can spread through fecal matter when people fail to thoroughly clean their hands after using the restroom.\r\nCrews also plan to use bleach-spiked water for high-pressure washing to remove “all feces, blood, bodily fluids or contaminated surfaces,” according to a sanitation plan outlined in a letter Thursday.\r\nOther cities in the region can expect to see similar hand-washing and street-sanitizing efforts, said Dr. Wilma Wooten, the region’s public health officer, FOX News reported.\r\nAfter previous vaccination and educational programs failed to significantly reduce the infection rate, and with death reports spiking in recent weeks, San Diego decided to mimic a campaign used in Los Angeles, which is home to tens of thousands of homeless, in an attempt to curb the outbreak.\r\n“We know that L.A. has had no local cases of hepatitis A related to the strain that we’re seeing here in San Diego,” Wooten said. “If they’re doing it there and they haven’t had any cases, it could be beneficial here as well.”\r\nThe moves in San Diego follow finger-pointing between city and county officials, with both sides insisting they were doing the best they could under tough circumstances, the newspaper said.\r\n“There is no precedent for this,” Wooten said. “We will definitely have a playbook for if we have something like this in the future. But this is the first time we have had something of this nature happen.”\r\n\r\nThese kind of problems are typical in liberal cities.\r\nBuild the wall.\r\nGod Bless.\r\n" } } }