{"_context" : {
    "_types" : {
      "DocumentMetaData" : {
        "_feature_types" : {"sofa" : "_ref" } }, 
      "Persuasive_Labels" : {
        "_feature_types" : {"sofa" : "_ref" } }, 
      "Sentence" : {
        "_feature_types" : {"sofa" : "_ref" } }, 
      "Sofa" : {
        "_feature_types" : {"sofaArray" : "_ref" } }, 
      "TagsetDescription" : {
        "_feature_types" : {"sofa" : "_ref",  "tags" : "_ref" } }, 
      "Token" : {
        "_feature_types" : {"sofa" : "_ref",  "parent" : "_ref",  "lemma" : "_ref",  "stem" : "_ref",  "pos" : "_ref",  "morph" : "_ref",  "form" : "_ref" } }, 
      "DocumentAnnotation" : {
        "_feature_types" : {"sofa" : "_ref" }, 
        "_subtypes" : ["DocumentMetaData" ] }, 
      "Annotation" : {
        "_feature_types" : {"sofa" : "_ref" }, 
        "_subtypes" : ["DocumentAnnotation",  "Persuasive_Labels",  "Sentence",  "TagsetDescription",  "Token" ] }, 
      "AnnotationBase" : {
        "_feature_types" : {"sofa" : "_ref" }, 
        "_subtypes" : ["Annotation" ] }, 
      "TOP" : {
        "_subtypes" : ["AnnotationBase",  "Sofa" ] } } }, 
  "_views" : {
    "_InitialView" : {
      "DocumentMetaData" : [
        {"sofa" : 12,  "end" : 6536,  "language" : "x-unspecified",  "documentTitle" : "226.%20tron-01336%20The%20FDA%20has%20updated%20its%20warnings%20for%20and%20recommended%20limitations%20on%20prescribing%20a%20class%20of%20antibiotics%20called%20fluoroquinolones.txt",  "documentId" : "admin",  "documentUri" : "file:/C:/Users/huiyi/.webanno/repository/project/4/document/599/source/admin",  "collectionId" : "file:/C:/Users/huiyi/.webanno/repository/project/4/document/599/source/",  "documentBaseUri" : "file:/C:/Users/huiyi/.webanno/repository/project/4/document/599/source/",  "isLastSegment" : false } ], 
      "TagsetDescription" : [
        {"sofa" : 12,  "layer" : "de.tudarmstadt.ukp.dkpro.core.api.syntax.type.dependency.Dependency",  "name" : "UD Universal Dependencies (v2)",  "input" : false }, 
        {"sofa" : 12,  "layer" : "de.tudarmstadt.ukp.dkpro.core.api.ner.type.NamedEntity",  "name" : "Named Entity tags",  "input" : false }, 
        {"sofa" : 12,  "layer" : "de.tudarmstadt.ukp.dkpro.core.api.transform.type.SofaChangeAnnotation",  "name" : "Operation",  "input" : false }, 
        {"sofa" : 12,  "layer" : "de.tudarmstadt.ukp.dkpro.core.api.lexmorph.type.pos.POS",  "name" : "UD Universal POS tags (v2)",  "input" : false }, 
        {"sofa" : 12,  "layer" : "webanno.custom.Persuasive_Labels",  "name" : "2. Using Anecdotes and Personal Experience as Evidence",  "input" : false } ], 
      "Sentence" : [
        {"sofa" : 12,  "end" : 822 }, 
        {"sofa" : 12,  "begin" : 824,  "end" : 1125 }, 
        {"sofa" : 12,  "begin" : 1126,  "end" : 1198 }, 
        {"sofa" : 12,  "begin" : 1200,  "end" : 1312 }, 
        {"sofa" : 12,  "begin" : 1314,  "end" : 1451 }, 
        {"sofa" : 12,  "begin" : 1452,  "end" : 1564 }, 
        {"sofa" : 12,  "begin" : 1565,  "end" : 1715 }, 
        {"sofa" : 12,  "begin" : 1717,  "end" : 1857 }, 
        {"sofa" : 12,  "begin" : 1858,  "end" : 2081 }, 
        {"sofa" : 12,  "begin" : 2083,  "end" : 2380 }, 
        {"sofa" : 12,  "begin" : 2381,  "end" : 2550 }, 
        {"sofa" : 12,  "begin" : 2552,  "end" : 2818 }, 
        {"sofa" : 12,  "begin" : 2820,  "end" : 2982 }, 
        {"sofa" : 12,  "begin" : 2983,  "end" : 3120 }, 
        {"sofa" : 12,  "begin" : 3122,  "end" : 3439 }, 
        {"sofa" : 12,  "begin" : 3440,  "end" : 3623 }, 
        {"sofa" : 12,  "begin" : 3625,  "end" : 3867 }, 
        {"sofa" : 12,  "begin" : 3868,  "end" : 4027 }, 
        {"sofa" : 12,  "begin" : 4029,  "end" : 4101 }, 
        {"sofa" : 12,  "begin" : 4102,  "end" : 4348 }, 
        {"sofa" : 12,  "begin" : 4350,  "end" : 4625 }, 
        {"sofa" : 12,  "begin" : 4627,  "end" : 5204 }, 
        {"sofa" : 12,  "begin" : 5207,  "end" : 5326 }, 
        {"sofa" : 12,  "begin" : 5328,  "end" : 5441 }, 
        {"sofa" : 12,  "begin" : 5442,  "end" : 5800 }, 
        {"sofa" : 12,  "begin" : 5802,  "end" : 6006 }, 
        {"sofa" : 12,  "begin" : 6008,  "end" : 6257 }, 
        {"sofa" : 12,  "begin" : 6259,  "end" : 6532 } ], 
      "Token" : [
        {"sofa" : 12,  "end" : 5 }, 
        {"sofa" : 12,  "begin" : 5,  "end" : 6 }, 
        {"sofa" : 12,  "begin" : 6,  "end" : 11 }, 
        {"sofa" : 12,  "begin" : 12,  "end" : 15 }, 
        {"sofa" : 12,  "begin" : 16,  "end" : 19 }, 
        {"sofa" : 12,  "begin" : 20,  "end" : 23 }, 
        {"sofa" : 12,  "begin" : 24,  "end" : 31 }, 
        {"sofa" : 12,  "begin" : 32,  "end" : 35 }, 
        {"sofa" : 12,  "begin" : 36,  "end" : 44 }, 
        {"sofa" : 12,  "begin" : 45,  "end" : 48 }, 
        {"sofa" : 12,  "begin" : 49,  "end" : 52 }, 
        {"sofa" : 12,  "begin" : 53,  "end" : 64 }, 
        {"sofa" : 12,  "begin" : 65,  "end" : 76 }, 
        {"sofa" : 12,  "begin" : 77,  "end" : 79 }, 
        {"sofa" : 12,  "begin" : 80,  "end" : 91 }, 
        {"sofa" : 12,  "begin" : 92,  "end" : 93 }, 
        {"sofa" : 12,  "begin" : 94,  "end" : 99 }, 
        {"sofa" : 12,  "begin" : 100,  "end" : 102 }, 
        {"sofa" : 12,  "begin" : 103,  "end" : 114 }, 
        {"sofa" : 12,  "begin" : 115,  "end" : 121 }, 
        {"sofa" : 12,  "begin" : 122,  "end" : 138 }, 
        {"sofa" : 12,  "begin" : 138,  "end" : 139 }, 
        {"sofa" : 12,  "begin" : 140,  "end" : 146 }, 
        {"sofa" : 12,  "begin" : 147,  "end" : 158 }, 
        {"sofa" : 12,  "begin" : 159,  "end" : 171 }, 
        {"sofa" : 12,  "begin" : 172,  "end" : 184 }, 
        {"sofa" : 12,  "begin" : 185,  "end" : 194 }, 
        {"sofa" : 12,  "begin" : 195,  "end" : 201 }, 
        {"sofa" : 12,  "begin" : 202,  "end" : 208 }, 
        {"sofa" : 12,  "begin" : 209,  "end" : 212 }, 
        {"sofa" : 12,  "begin" : 213,  "end" : 220 }, 
        {"sofa" : 12,  "begin" : 222,  "end" : 228 }, 
        {"sofa" : 12,  "begin" : 228,  "end" : 229 }, 
        {"sofa" : 12,  "begin" : 230,  "end" : 235 }, 
        {"sofa" : 12,  "begin" : 235,  "end" : 236 }, 
        {"sofa" : 12,  "begin" : 236,  "end" : 237 }, 
        {"sofa" : 12,  "begin" : 237,  "end" : 238 }, 
        {"sofa" : 12,  "begin" : 238,  "end" : 251 }, 
        {"sofa" : 12,  "begin" : 251,  "end" : 252 }, 
        {"sofa" : 12,  "begin" : 252,  "end" : 257 }, 
        {"sofa" : 12,  "begin" : 257,  "end" : 258 }, 
        {"sofa" : 12,  "begin" : 258,  "end" : 262 }, 
        {"sofa" : 12,  "begin" : 262,  "end" : 263 }, 
        {"sofa" : 12,  "begin" : 263,  "end" : 271 }, 
        {"sofa" : 12,  "begin" : 271,  "end" : 272 }, 
        {"sofa" : 12,  "begin" : 272,  "end" : 311 }, 
        {"sofa" : 12,  "begin" : 314,  "end" : 318 }, 
        {"sofa" : 12,  "begin" : 319,  "end" : 327 }, 
        {"sofa" : 12,  "begin" : 327,  "end" : 328 }, 
        {"sofa" : 12,  "begin" : 329,  "end" : 334 }, 
        {"sofa" : 12,  "begin" : 334,  "end" : 335 }, 
        {"sofa" : 12,  "begin" : 335,  "end" : 336 }, 
        {"sofa" : 12,  "begin" : 336,  "end" : 337 }, 
        {"sofa" : 12,  "begin" : 337,  "end" : 351 }, 
        {"sofa" : 12,  "begin" : 351,  "end" : 352 }, 
        {"sofa" : 12,  "begin" : 352,  "end" : 362 }, 
        {"sofa" : 12,  "begin" : 362,  "end" : 363 }, 
        {"sofa" : 12,  "begin" : 363,  "end" : 404 }, 
        {"sofa" : 12,  "begin" : 404,  "end" : 405 }, 
        {"sofa" : 12,  "begin" : 408,  "end" : 414 }, 
        {"sofa" : 12,  "begin" : 415,  "end" : 422 }, 
        {"sofa" : 12,  "begin" : 422,  "end" : 423 }, 
        {"sofa" : 12,  "begin" : 426,  "end" : 431 }, 
        {"sofa" : 12,  "begin" : 432,  "end" : 437 }, 
        {"sofa" : 12,  "begin" : 438,  "end" : 441 }, 
        {"sofa" : 12,  "begin" : 442,  "end" : 450 }, 
        {"sofa" : 12,  "begin" : 451,  "end" : 453 }, 
        {"sofa" : 12,  "begin" : 454,  "end" : 459 }, 
        {"sofa" : 12,  "begin" : 460,  "end" : 475 }, 
        {"sofa" : 12,  "begin" : 476,  "end" : 489 }, 
        {"sofa" : 12,  "begin" : 491,  "end" : 496 }, 
        {"sofa" : 12,  "begin" : 497,  "end" : 502 }, 
        {"sofa" : 12,  "begin" : 502,  "end" : 503 }, 
        {"sofa" : 12,  "begin" : 506,  "end" : 519 }, 
        {"sofa" : 12,  "begin" : 520,  "end" : 531 }, 
        {"sofa" : 12,  "begin" : 533,  "end" : 538 }, 
        {"sofa" : 12,  "begin" : 539,  "end" : 543 }, 
        {"sofa" : 12,  "begin" : 544,  "end" : 545 }, 
        {"sofa" : 12,  "begin" : 546,  "end" : 550 }, 
        {"sofa" : 12,  "begin" : 551,  "end" : 559 }, 
        {"sofa" : 12,  "begin" : 560,  "end" : 561 }, 
        {"sofa" : 12,  "begin" : 562,  "end" : 568 }, 
        {"sofa" : 12,  "begin" : 569,  "end" : 573 }, 
        {"sofa" : 12,  "begin" : 575,  "end" : 576 }, 
        {"sofa" : 12,  "begin" : 577,  "end" : 580 }, 
        {"sofa" : 12,  "begin" : 581,  "end" : 586 }, 
        {"sofa" : 12,  "begin" : 587,  "end" : 595 }, 
        {"sofa" : 12,  "begin" : 596,  "end" : 600 }, 
        {"sofa" : 12,  "begin" : 601,  "end" : 604 }, 
        {"sofa" : 12,  "begin" : 605,  "end" : 609 }, 
        {"sofa" : 12,  "begin" : 610,  "end" : 613 }, 
        {"sofa" : 12,  "begin" : 614,  "end" : 618 }, 
        {"sofa" : 12,  "begin" : 619,  "end" : 635 }, 
        {"sofa" : 12,  "begin" : 636,  "end" : 637 }, 
        {"sofa" : 12,  "begin" : 637,  "end" : 642 }, 
        {"sofa" : 12,  "begin" : 642,  "end" : 643 }, 
        {"sofa" : 12,  "begin" : 644,  "end" : 652 }, 
        {"sofa" : 12,  "begin" : 653,  "end" : 658 }, 
        {"sofa" : 12,  "begin" : 659,  "end" : 666 }, 
        {"sofa" : 12,  "begin" : 667,  "end" : 673 }, 
        {"sofa" : 12,  "begin" : 674,  "end" : 680 }, 
        {"sofa" : 12,  "begin" : 681,  "end" : 683 }, 
        {"sofa" : 12,  "begin" : 684,  "end" : 699 }, 
        {"sofa" : 12,  "begin" : 700,  "end" : 711 }, 
        {"sofa" : 12,  "begin" : 712,  "end" : 715 }, 
        {"sofa" : 12,  "begin" : 716,  "end" : 720 }, 
        {"sofa" : 12,  "begin" : 721,  "end" : 727 }, 
        {"sofa" : 12,  "begin" : 728,  "end" : 733 }, 
        {"sofa" : 12,  "begin" : 734,  "end" : 745 }, 
        {"sofa" : 12,  "begin" : 746,  "end" : 748 }, 
        {"sofa" : 12,  "begin" : 749,  "end" : 752 }, 
        {"sofa" : 12,  "begin" : 753,  "end" : 758 }, 
        {"sofa" : 12,  "begin" : 758,  "end" : 759 }, 
        {"sofa" : 12,  "begin" : 760,  "end" : 763 }, 
        {"sofa" : 12,  "begin" : 764,  "end" : 767 }, 
        {"sofa" : 12,  "begin" : 768,  "end" : 771 }, 
        {"sofa" : 12,  "begin" : 772,  "end" : 782 }, 
        {"sofa" : 12,  "begin" : 783,  "end" : 787 }, 
        {"sofa" : 12,  "begin" : 788,  "end" : 792 }, 
        {"sofa" : 12,  "begin" : 793,  "end" : 803 }, 
        {"sofa" : 12,  "begin" : 804,  "end" : 806 }, 
        {"sofa" : 12,  "begin" : 807,  "end" : 812 }, 
        {"sofa" : 12,  "begin" : 813,  "end" : 821 }, 
        {"sofa" : 12,  "begin" : 821,  "end" : 822 }, 
        {"sofa" : 12,  "begin" : 824,  "end" : 827 }, 
        {"sofa" : 12,  "begin" : 828,  "end" : 833 }, 
        {"sofa" : 12,  "begin" : 833,  "end" : 834 }, 
        {"sofa" : 12,  "begin" : 835,  "end" : 844 }, 
        {"sofa" : 12,  "begin" : 845,  "end" : 849 }, 
        {"sofa" : 12,  "begin" : 850,  "end" : 854 }, 
        {"sofa" : 12,  "begin" : 855,  "end" : 857 }, 
        {"sofa" : 12,  "begin" : 858,  "end" : 862 }, 
        {"sofa" : 12,  "begin" : 863,  "end" : 870 }, 
        {"sofa" : 12,  "begin" : 871,  "end" : 875 }, 
        {"sofa" : 12,  "begin" : 875,  "end" : 876 }, 
        {"sofa" : 12,  "begin" : 877,  "end" : 883 }, 
        {"sofa" : 12,  "begin" : 884,  "end" : 886 }, 
        {"sofa" : 12,  "begin" : 887,  "end" : 891 }, 
        {"sofa" : 12,  "begin" : 892,  "end" : 894 }, 
        {"sofa" : 12,  "begin" : 895,  "end" : 899 }, 
        {"sofa" : 12,  "begin" : 900,  "end" : 904 }, 
        {"sofa" : 12,  "begin" : 905,  "end" : 908 }, 
        {"sofa" : 12,  "begin" : 909,  "end" : 916 }, 
        {"sofa" : 12,  "begin" : 917,  "end" : 925 }, 
        {"sofa" : 12,  "begin" : 926,  "end" : 934 }, 
        {"sofa" : 12,  "begin" : 935,  "end" : 938 }, 
        {"sofa" : 12,  "begin" : 939,  "end" : 947 }, 
        {"sofa" : 12,  "begin" : 948,  "end" : 964 }, 
        {"sofa" : 12,  "begin" : 965,  "end" : 968 }, 
        {"sofa" : 12,  "begin" : 969,  "end" : 974 }, 
        {"sofa" : 12,  "begin" : 975,  "end" : 979 }, 
        {"sofa" : 12,  "begin" : 980,  "end" : 987 }, 
        {"sofa" : 12,  "begin" : 988,  "end" : 1003 }, 
        {"sofa" : 12,  "begin" : 1004,  "end" : 1015 }, 
        {"sofa" : 12,  "begin" : 1016,  "end" : 1023 }, 
        {"sofa" : 12,  "begin" : 1024,  "end" : 1033 }, 
        {"sofa" : 12,  "begin" : 1034,  "end" : 1047 }, 
        {"sofa" : 12,  "begin" : 1048,  "end" : 1050 }, 
        {"sofa" : 12,  "begin" : 1051,  "end" : 1054 }, 
        {"sofa" : 12,  "begin" : 1055,  "end" : 1057 }, 
        {"sofa" : 12,  "begin" : 1058,  "end" : 1064 }, 
        {"sofa" : 12,  "begin" : 1065,  "end" : 1071 }, 
        {"sofa" : 12,  "begin" : 1072,  "end" : 1075 }, 
        {"sofa" : 12,  "begin" : 1076,  "end" : 1079 }, 
        {"sofa" : 12,  "begin" : 1080,  "end" : 1086 }, 
        {"sofa" : 12,  "begin" : 1087,  "end" : 1088 }, 
        {"sofa" : 12,  "begin" : 1089,  "end" : 1096 }, 
        {"sofa" : 12,  "begin" : 1097,  "end" : 1099 }, 
        {"sofa" : 12,  "begin" : 1100,  "end" : 1116 }, 
        {"sofa" : 12,  "begin" : 1117,  "end" : 1119 }, 
        {"sofa" : 12,  "begin" : 1120,  "end" : 1124 }, 
        {"sofa" : 12,  "begin" : 1124,  "end" : 1125 }, 
        {"sofa" : 12,  "begin" : 1126,  "end" : 1129 }, 
        {"sofa" : 12,  "begin" : 1130,  "end" : 1137 }, 
        {"sofa" : 12,  "begin" : 1138,  "end" : 1147 }, 
        {"sofa" : 12,  "begin" : 1148,  "end" : 1150 }, 
        {"sofa" : 12,  "begin" : 1151,  "end" : 1152 }, 
        {"sofa" : 12,  "begin" : 1153,  "end" : 1159 }, 
        {"sofa" : 12,  "begin" : 1160,  "end" : 1164 }, 
        {"sofa" : 12,  "begin" : 1165,  "end" : 1170 }, 
        {"sofa" : 12,  "begin" : 1171,  "end" : 1174 }, 
        {"sofa" : 12,  "begin" : 1175,  "end" : 1179 }, 
        {"sofa" : 12,  "begin" : 1180,  "end" : 1183 }, 
        {"sofa" : 12,  "begin" : 1184,  "end" : 1188 }, 
        {"sofa" : 12,  "begin" : 1189,  "end" : 1197 }, 
        {"sofa" : 12,  "begin" : 1197,  "end" : 1198 }, 
        {"sofa" : 12,  "begin" : 1200,  "end" : 1208 }, 
        {"sofa" : 12,  "begin" : 1209,  "end" : 1211 }, 
        {"sofa" : 12,  "begin" : 1212,  "end" : 1227 }, 
        {"sofa" : 12,  "begin" : 1228,  "end" : 1239 }, 
        {"sofa" : 12,  "begin" : 1240,  "end" : 1245 }, 
        {"sofa" : 12,  "begin" : 1246,  "end" : 1249 }, 
        {"sofa" : 12,  "begin" : 1250,  "end" : 1258 }, 
        {"sofa" : 12,  "begin" : 1259,  "end" : 1263 }, 
        {"sofa" : 12,  "begin" : 1264,  "end" : 1272 }, 
        {"sofa" : 12,  "begin" : 1273,  "end" : 1277 }, 
        {"sofa" : 12,  "begin" : 1278,  "end" : 1283 }, 
        {"sofa" : 12,  "begin" : 1284,  "end" : 1291 }, 
        {"sofa" : 12,  "begin" : 1292,  "end" : 1297 }, 
        {"sofa" : 12,  "begin" : 1298,  "end" : 1300 }, 
        {"sofa" : 12,  "begin" : 1301,  "end" : 1311 }, 
        {"sofa" : 12,  "begin" : 1311,  "end" : 1312 }, 
        {"sofa" : 12,  "begin" : 1314,  "end" : 1322 }, 
        {"sofa" : 12,  "begin" : 1323,  "end" : 1326 }, 
        {"sofa" : 12,  "begin" : 1327,  "end" : 1335 }, 
        {"sofa" : 12,  "begin" : 1337,  "end" : 1353 }, 
        {"sofa" : 12,  "begin" : 1354,  "end" : 1357 }, 
        {"sofa" : 12,  "begin" : 1358,  "end" : 1359 }, 
        {"sofa" : 12,  "begin" : 1360,  "end" : 1374 }, 
        {"sofa" : 12,  "begin" : 1375,  "end" : 1380 }, 
        {"sofa" : 12,  "begin" : 1381,  "end" : 1383 }, 
        {"sofa" : 12,  "begin" : 1384,  "end" : 1395 }, 
        {"sofa" : 12,  "begin" : 1396,  "end" : 1400 }, 
        {"sofa" : 12,  "begin" : 1401,  "end" : 1403 }, 
        {"sofa" : 12,  "begin" : 1404,  "end" : 1409 }, 
        {"sofa" : 12,  "begin" : 1410,  "end" : 1411 }, 
        {"sofa" : 12,  "begin" : 1412,  "end" : 1419 }, 
        {"sofa" : 12,  "begin" : 1420,  "end" : 1422 }, 
        {"sofa" : 12,  "begin" : 1423,  "end" : 1429 }, 
        {"sofa" : 12,  "begin" : 1430,  "end" : 1439 }, 
        {"sofa" : 12,  "begin" : 1440,  "end" : 1450 }, 
        {"sofa" : 12,  "begin" : 1450,  "end" : 1451 }, 
        {"sofa" : 12,  "begin" : 1452,  "end" : 1457 }, 
        {"sofa" : 12,  "begin" : 1458,  "end" : 1463 }, 
        {"sofa" : 12,  "begin" : 1464,  "end" : 1472 }, 
        {"sofa" : 12,  "begin" : 1473,  "end" : 1475 }, 
        {"sofa" : 12,  "begin" : 1476,  "end" : 1479 }, 
        {"sofa" : 12,  "begin" : 1480,  "end" : 1484 }, 
        {"sofa" : 12,  "begin" : 1485,  "end" : 1490 }, 
        {"sofa" : 12,  "begin" : 1490,  "end" : 1491 }, 
        {"sofa" : 12,  "begin" : 1492,  "end" : 1496 }, 
        {"sofa" : 12,  "begin" : 1497,  "end" : 1501 }, 
        {"sofa" : 12,  "begin" : 1502,  "end" : 1508 }, 
        {"sofa" : 12,  "begin" : 1509,  "end" : 1512 }, 
        {"sofa" : 12,  "begin" : 1513,  "end" : 1515 }, 
        {"sofa" : 12,  "begin" : 1516,  "end" : 1519 }, 
        {"sofa" : 12,  "begin" : 1520,  "end" : 1524 }, 
        {"sofa" : 12,  "begin" : 1525,  "end" : 1533 }, 
        {"sofa" : 12,  "begin" : 1534,  "end" : 1544 }, 
        {"sofa" : 12,  "begin" : 1545,  "end" : 1555 }, 
        {"sofa" : 12,  "begin" : 1556,  "end" : 1563 }, 
        {"sofa" : 12,  "begin" : 1563,  "end" : 1564 }, 
        {"sofa" : 12,  "begin" : 1565,  "end" : 1568 }, 
        {"sofa" : 12,  "begin" : 1569,  "end" : 1573 }, 
        {"sofa" : 12,  "begin" : 1574,  "end" : 1577 }, 
        {"sofa" : 12,  "begin" : 1578,  "end" : 1582 }, 
        {"sofa" : 12,  "begin" : 1583,  "end" : 1590 }, 
        {"sofa" : 12,  "begin" : 1591,  "end" : 1596 }, 
        {"sofa" : 12,  "begin" : 1596,  "end" : 1597 }, 
        {"sofa" : 12,  "begin" : 1598,  "end" : 1601 }, 
        {"sofa" : 12,  "begin" : 1602,  "end" : 1605 }, 
        {"sofa" : 12,  "begin" : 1606,  "end" : 1609 }, 
        {"sofa" : 12,  "begin" : 1610,  "end" : 1616 }, 
        {"sofa" : 12,  "begin" : 1617,  "end" : 1624 }, 
        {"sofa" : 12,  "begin" : 1625,  "end" : 1633 }, 
        {"sofa" : 12,  "begin" : 1634,  "end" : 1636 }, 
        {"sofa" : 12,  "begin" : 1637,  "end" : 1645 }, 
        {"sofa" : 12,  "begin" : 1646,  "end" : 1648 }, 
        {"sofa" : 12,  "begin" : 1649,  "end" : 1656 }, 
        {"sofa" : 12,  "begin" : 1657,  "end" : 1663 }, 
        {"sofa" : 12,  "begin" : 1664,  "end" : 1668 }, 
        {"sofa" : 12,  "begin" : 1669,  "end" : 1673 }, 
        {"sofa" : 12,  "begin" : 1674,  "end" : 1678 }, 
        {"sofa" : 12,  "begin" : 1679,  "end" : 1685 }, 
        {"sofa" : 12,  "begin" : 1686,  "end" : 1688 }, 
        {"sofa" : 12,  "begin" : 1689,  "end" : 1704 }, 
        {"sofa" : 12,  "begin" : 1705,  "end" : 1714 }, 
        {"sofa" : 12,  "begin" : 1714,  "end" : 1715 }, 
        {"sofa" : 12,  "begin" : 1717,  "end" : 1719 }, 
        {"sofa" : 12,  "begin" : 1720,  "end" : 1724 }, 
        {"sofa" : 12,  "begin" : 1724,  "end" : 1725 }, 
        {"sofa" : 12,  "begin" : 1726,  "end" : 1729 }, 
        {"sofa" : 12,  "begin" : 1730,  "end" : 1733 }, 
        {"sofa" : 12,  "begin" : 1734,  "end" : 1739 }, 
        {"sofa" : 12,  "begin" : 1740,  "end" : 1741 }, 
        {"sofa" : 12,  "begin" : 1742,  "end" : 1747 }, 
        {"sofa" : 12,  "begin" : 1748,  "end" : 1751 }, 
        {"sofa" : 12,  "begin" : 1752,  "end" : 1759 }, 
        {"sofa" : 12,  "begin" : 1760,  "end" : 1764 }, 
        {"sofa" : 12,  "begin" : 1765,  "end" : 1780 }, 
        {"sofa" : 12,  "begin" : 1781,  "end" : 1784 }, 
        {"sofa" : 12,  "begin" : 1785,  "end" : 1788 }, 
        {"sofa" : 12,  "begin" : 1789,  "end" : 1799 }, 
        {"sofa" : 12,  "begin" : 1800,  "end" : 1804 }, 
        {"sofa" : 12,  "begin" : 1805,  "end" : 1808 }, 
        {"sofa" : 12,  "begin" : 1809,  "end" : 1818 }, 
        {"sofa" : 12,  "begin" : 1819,  "end" : 1823 }, 
        {"sofa" : 12,  "begin" : 1824,  "end" : 1826 }, 
        {"sofa" : 12,  "begin" : 1827,  "end" : 1837 }, 
        {"sofa" : 12,  "begin" : 1838,  "end" : 1841 }, 
        {"sofa" : 12,  "begin" : 1842,  "end" : 1848 }, 
        {"sofa" : 12,  "begin" : 1849,  "end" : 1856 }, 
        {"sofa" : 12,  "begin" : 1856,  "end" : 1857 }, 
        {"sofa" : 12,  "begin" : 1858,  "end" : 1862 }, 
        {"sofa" : 12,  "begin" : 1863,  "end" : 1866 }, 
        {"sofa" : 12,  "begin" : 1867,  "end" : 1875 }, 
        {"sofa" : 12,  "begin" : 1876,  "end" : 1878 }, 
        {"sofa" : 12,  "begin" : 1879,  "end" : 1882 }, 
        {"sofa" : 12,  "begin" : 1883,  "end" : 1887 }, 
        {"sofa" : 12,  "begin" : 1888,  "end" : 1893 }, 
        {"sofa" : 12,  "begin" : 1894,  "end" : 1900 }, 
        {"sofa" : 12,  "begin" : 1900,  "end" : 1901 }, 
        {"sofa" : 12,  "begin" : 1902,  "end" : 1907 }, 
        {"sofa" : 12,  "begin" : 1908,  "end" : 1914 }, 
        {"sofa" : 12,  "begin" : 1915,  "end" : 1919 }, 
        {"sofa" : 12,  "begin" : 1920,  "end" : 1936 }, 
        {"sofa" : 12,  "begin" : 1937,  "end" : 1942 }, 
        {"sofa" : 12,  "begin" : 1943,  "end" : 1948 }, 
        {"sofa" : 12,  "begin" : 1949,  "end" : 1961 }, 
        {"sofa" : 12,  "begin" : 1962,  "end" : 1968 }, 
        {"sofa" : 12,  "begin" : 1969,  "end" : 1973 }, 
        {"sofa" : 12,  "begin" : 1974,  "end" : 1984 }, 
        {"sofa" : 12,  "begin" : 1985,  "end" : 1995 }, 
        {"sofa" : 12,  "begin" : 1995,  "end" : 1996 }, 
        {"sofa" : 12,  "begin" : 1997,  "end" : 1998 }, 
        {"sofa" : 12,  "begin" : 1999,  "end" : 2004 }, 
        {"sofa" : 12,  "begin" : 2005,  "end" : 2014 }, 
        {"sofa" : 12,  "begin" : 2015,  "end" : 2019 }, 
        {"sofa" : 12,  "begin" : 2020,  "end" : 2023 }, 
        {"sofa" : 12,  "begin" : 2024,  "end" : 2029 }, 
        {"sofa" : 12,  "begin" : 2030,  "end" : 2038 }, 
        {"sofa" : 12,  "begin" : 2038,  "end" : 2039 }, 
        {"sofa" : 12,  "begin" : 2040,  "end" : 2048 }, 
        {"sofa" : 12,  "begin" : 2048,  "end" : 2049 }, 
        {"sofa" : 12,  "begin" : 2050,  "end" : 2053 }, 
        {"sofa" : 12,  "begin" : 2054,  "end" : 2058 }, 
        {"sofa" : 12,  "begin" : 2059,  "end" : 2061 }, 
        {"sofa" : 12,  "begin" : 2062,  "end" : 2065 }, 
        {"sofa" : 12,  "begin" : 2066,  "end" : 2071 }, 
        {"sofa" : 12,  "begin" : 2072,  "end" : 2075 }, 
        {"sofa" : 12,  "begin" : 2076,  "end" : 2080 }, 
        {"sofa" : 12,  "begin" : 2080,  "end" : 2081 }, 
        {"sofa" : 12,  "begin" : 2083,  "end" : 2085 }, 
        {"sofa" : 12,  "begin" : 2086,  "end" : 2090 }, 
        {"sofa" : 12,  "begin" : 2090,  "end" : 2091 }, 
        {"sofa" : 12,  "begin" : 2092,  "end" : 2095 }, 
        {"sofa" : 12,  "begin" : 2096,  "end" : 2099 }, 
        {"sofa" : 12,  "begin" : 2100,  "end" : 2107 }, 
        {"sofa" : 12,  "begin" : 2108,  "end" : 2111 }, 
        {"sofa" : 12,  "begin" : 2112,  "end" : 2117 }, 
        {"sofa" : 12,  "begin" : 2118,  "end" : 2121 }, 
        {"sofa" : 12,  "begin" : 2122,  "end" : 2129 }, 
        {"sofa" : 12,  "begin" : 2130,  "end" : 2132 }, 
        {"sofa" : 12,  "begin" : 2133,  "end" : 2140 }, 
        {"sofa" : 12,  "begin" : 2141,  "end" : 2148 }, 
        {"sofa" : 12,  "begin" : 2149,  "end" : 2154 }, 
        {"sofa" : 12,  "begin" : 2155,  "end" : 2162 }, 
        {"sofa" : 12,  "begin" : 2163,  "end" : 2169 }, 
        {"sofa" : 12,  "begin" : 2169,  "end" : 2170 }, 
        {"sofa" : 12,  "begin" : 2171,  "end" : 2183 }, 
        {"sofa" : 12,  "begin" : 2184,  "end" : 2188 }, 
        {"sofa" : 12,  "begin" : 2189,  "end" : 2197 }, 
        {"sofa" : 12,  "begin" : 2198,  "end" : 2202 }, 
        {"sofa" : 12,  "begin" : 2203,  "end" : 2208 }, 
        {"sofa" : 12,  "begin" : 2209,  "end" : 2218 }, 
        {"sofa" : 12,  "begin" : 2218,  "end" : 2219 }, 
        {"sofa" : 12,  "begin" : 2220,  "end" : 2225 }, 
        {"sofa" : 12,  "begin" : 2226,  "end" : 2238 }, 
        {"sofa" : 12,  "begin" : 2239,  "end" : 2241 }, 
        {"sofa" : 12,  "begin" : 2242,  "end" : 2249 }, 
        {"sofa" : 12,  "begin" : 2250,  "end" : 2260 }, 
        {"sofa" : 12,  "begin" : 2260,  "end" : 2261 }, 
        {"sofa" : 12,  "begin" : 2262,  "end" : 2265 }, 
        {"sofa" : 12,  "begin" : 2266,  "end" : 2279 }, 
        {"sofa" : 12,  "begin" : 2280,  "end" : 2287 }, 
        {"sofa" : 12,  "begin" : 2288,  "end" : 2293 }, 
        {"sofa" : 12,  "begin" : 2294,  "end" : 2303 }, 
        {"sofa" : 12,  "begin" : 2304,  "end" : 2305 }, 
        {"sofa" : 12,  "begin" : 2305,  "end" : 2308 }, 
        {"sofa" : 12,  "begin" : 2308,  "end" : 2309 }, 
        {"sofa" : 12,  "begin" : 2310,  "end" : 2313 }, 
        {"sofa" : 12,  "begin" : 2314,  "end" : 2330 }, 
        {"sofa" : 12,  "begin" : 2331,  "end" : 2335 }, 
        {"sofa" : 12,  "begin" : 2336,  "end" : 2338 }, 
        {"sofa" : 12,  "begin" : 2339,  "end" : 2341 }, 
        {"sofa" : 12,  "begin" : 2342,  "end" : 2347 }, 
        {"sofa" : 12,  "begin" : 2348,  "end" : 2357 }, 
        {"sofa" : 12,  "begin" : 2358,  "end" : 2365 }, 
        {"sofa" : 12,  "begin" : 2366,  "end" : 2369 }, 
        {"sofa" : 12,  "begin" : 2370,  "end" : 2379 }, 
        {"sofa" : 12,  "begin" : 2379,  "end" : 2380 }, 
        {"sofa" : 12,  "begin" : 2381,  "end" : 2386 }, 
        {"sofa" : 12,  "begin" : 2387,  "end" : 2391 }, 
        {"sofa" : 12,  "begin" : 2391,  "end" : 2392 }, 
        {"sofa" : 12,  "begin" : 2393,  "end" : 2396 }, 
        {"sofa" : 12,  "begin" : 2397,  "end" : 2400 }, 
        {"sofa" : 12,  "begin" : 2401,  "end" : 2404 }, 
        {"sofa" : 12,  "begin" : 2405,  "end" : 2411 }, 
        {"sofa" : 12,  "begin" : 2412,  "end" : 2422 }, 
        {"sofa" : 12,  "begin" : 2423,  "end" : 2431 }, 
        {"sofa" : 12,  "begin" : 2432,  "end" : 2437 }, 
        {"sofa" : 12,  "begin" : 2438,  "end" : 2441 }, 
        {"sofa" : 12,  "begin" : 2442,  "end" : 2451 }, 
        {"sofa" : 12,  "begin" : 2452,  "end" : 2457 }, 
        {"sofa" : 12,  "begin" : 2458,  "end" : 2460 }, 
        {"sofa" : 12,  "begin" : 2461,  "end" : 2467 }, 
        {"sofa" : 12,  "begin" : 2468,  "end" : 2474 }, 
        {"sofa" : 12,  "begin" : 2475,  "end" : 2479 }, 
        {"sofa" : 12,  "begin" : 2480,  "end" : 2487 }, 
        {"sofa" : 12,  "begin" : 2487,  "end" : 2488 }, 
        {"sofa" : 12,  "begin" : 2489,  "end" : 2494 }, 
        {"sofa" : 12,  "begin" : 2495,  "end" : 2500 }, 
        {"sofa" : 12,  "begin" : 2501,  "end" : 2513 }, 
        {"sofa" : 12,  "begin" : 2513,  "end" : 2514 }, 
        {"sofa" : 12,  "begin" : 2515,  "end" : 2518 }, 
        {"sofa" : 12,  "begin" : 2519,  "end" : 2525 }, 
        {"sofa" : 12,  "begin" : 2526,  "end" : 2534 }, 
        {"sofa" : 12,  "begin" : 2535,  "end" : 2538 }, 
        {"sofa" : 12,  "begin" : 2539,  "end" : 2549 }, 
        {"sofa" : 12,  "begin" : 2549,  "end" : 2550 }, 
        {"sofa" : 12,  "begin" : 2552,  "end" : 2554 }, 
        {"sofa" : 12,  "begin" : 2555,  "end" : 2562 }, 
        {"sofa" : 12,  "begin" : 2563,  "end" : 2570 }, 
        {"sofa" : 12,  "begin" : 2571,  "end" : 2573 }, 
        {"sofa" : 12,  "begin" : 2574,  "end" : 2585 }, 
        {"sofa" : 12,  "begin" : 2586,  "end" : 2591 }, 
        {"sofa" : 12,  "begin" : 2592,  "end" : 2595 }, 
        {"sofa" : 12,  "begin" : 2596,  "end" : 2600 }, 
        {"sofa" : 12,  "begin" : 2601,  "end" : 2604 }, 
        {"sofa" : 12,  "begin" : 2605,  "end" : 2609 }, 
        {"sofa" : 12,  "begin" : 2610,  "end" : 2613 }, 
        {"sofa" : 12,  "begin" : 2614,  "end" : 2622 }, 
        {"sofa" : 12,  "begin" : 2622,  "end" : 2623 }, 
        {"sofa" : 12,  "begin" : 2624,  "end" : 2625 }, 
        {"sofa" : 12,  "begin" : 2626,  "end" : 2630 }, 
        {"sofa" : 12,  "begin" : 2631,  "end" : 2634 }, 
        {"sofa" : 12,  "begin" : 2635,  "end" : 2637 }, 
        {"sofa" : 12,  "begin" : 2638,  "end" : 2649 }, 
        {"sofa" : 12,  "begin" : 2650,  "end" : 2652 }, 
        {"sofa" : 12,  "begin" : 2653,  "end" : 2656 }, 
        {"sofa" : 12,  "begin" : 2657,  "end" : 2667 }, 
        {"sofa" : 12,  "begin" : 2668,  "end" : 2670 }, 
        {"sofa" : 12,  "begin" : 2671,  "end" : 2680 }, 
        {"sofa" : 12,  "begin" : 2681,  "end" : 2687 }, 
        {"sofa" : 12,  "begin" : 2688,  "end" : 2690 }, 
        {"sofa" : 12,  "begin" : 2691,  "end" : 2705 }, 
        {"sofa" : 12,  "begin" : 2706,  "end" : 2712 }, 
        {"sofa" : 12,  "begin" : 2713,  "end" : 2717 }, 
        {"sofa" : 12,  "begin" : 2718,  "end" : 2722 }, 
        {"sofa" : 12,  "begin" : 2723,  "end" : 2724 }, 
        {"sofa" : 12,  "begin" : 2725,  "end" : 2728 }, 
        {"sofa" : 12,  "begin" : 2729,  "end" : 2735 }, 
        {"sofa" : 12,  "begin" : 2736,  "end" : 2742 }, 
        {"sofa" : 12,  "begin" : 2743,  "end" : 2745 }, 
        {"sofa" : 12,  "begin" : 2746,  "end" : 2754 }, 
        {"sofa" : 12,  "begin" : 2755,  "end" : 2770 }, 
        {"sofa" : 12,  "begin" : 2771,  "end" : 2784 }, 
        {"sofa" : 12,  "begin" : 2785,  "end" : 2789 }, 
        {"sofa" : 12,  "begin" : 2790,  "end" : 2793 }, 
        {"sofa" : 12,  "begin" : 2794,  "end" : 2795 }, 
        {"sofa" : 12,  "begin" : 2795,  "end" : 2796 }, 
        {"sofa" : 12,  "begin" : 2797,  "end" : 2801 }, 
        {"sofa" : 12,  "begin" : 2802,  "end" : 2804 }, 
        {"sofa" : 12,  "begin" : 2805,  "end" : 2808 }, 
        {"sofa" : 12,  "begin" : 2809,  "end" : 2811 }, 
        {"sofa" : 12,  "begin" : 2811,  "end" : 2812 }, 
        {"sofa" : 12,  "begin" : 2813,  "end" : 2817 }, 
        {"sofa" : 12,  "begin" : 2817,  "end" : 2818 }, 
        {"sofa" : 12,  "begin" : 2820,  "end" : 2823 }, 
        {"sofa" : 12,  "begin" : 2824,  "end" : 2830 }, 
        {"sofa" : 12,  "begin" : 2831,  "end" : 2840 }, 
        {"sofa" : 12,  "begin" : 2841,  "end" : 2843 }, 
        {"sofa" : 12,  "begin" : 2844,  "end" : 2848 }, 
        {"sofa" : 12,  "begin" : 2849,  "end" : 2853 }, 
        {"sofa" : 12,  "begin" : 2854,  "end" : 2857 }, 
        {"sofa" : 12,  "begin" : 2858,  "end" : 2865 }, 
        {"sofa" : 12,  "begin" : 2866,  "end" : 2872 }, 
        {"sofa" : 12,  "begin" : 2873,  "end" : 2881 }, 
        {"sofa" : 12,  "begin" : 2882,  "end" : 2883 }, 
        {"sofa" : 12,  "begin" : 2883,  "end" : 2888 }, 
        {"sofa" : 12,  "begin" : 2889,  "end" : 2895 }, 
        {"sofa" : 12,  "begin" : 2895,  "end" : 2896 }, 
        {"sofa" : 12,  "begin" : 2897,  "end" : 2901 }, 
        {"sofa" : 12,  "begin" : 2902,  "end" : 2905 }, 
        {"sofa" : 12,  "begin" : 2906,  "end" : 2910 }, 
        {"sofa" : 12,  "begin" : 2911,  "end" : 2916 }, 
        {"sofa" : 12,  "begin" : 2916,  "end" : 2917 }, 
        {"sofa" : 12,  "begin" : 2918,  "end" : 2922 }, 
        {"sofa" : 12,  "begin" : 2923,  "end" : 2924 }, 
        {"sofa" : 12,  "begin" : 2925,  "end" : 2934 }, 
        {"sofa" : 12,  "begin" : 2935,  "end" : 2937 }, 
        {"sofa" : 12,  "begin" : 2938,  "end" : 2947 }, 
        {"sofa" : 12,  "begin" : 2947,  "end" : 2948 }, 
        {"sofa" : 12,  "begin" : 2949,  "end" : 2959 }, 
        {"sofa" : 12,  "begin" : 2959,  "end" : 2960 }, 
        {"sofa" : 12,  "begin" : 2961,  "end" : 2963 }, 
        {"sofa" : 12,  "begin" : 2964,  "end" : 2977 }, 
        {"sofa" : 12,  "begin" : 2978,  "end" : 2981 }, 
        {"sofa" : 12,  "begin" : 2981,  "end" : 2982 }, 
        {"sofa" : 12,  "begin" : 2983,  "end" : 2986 }, 
        {"sofa" : 12,  "begin" : 2987,  "end" : 2998 }, 
        {"sofa" : 12,  "begin" : 2999,  "end" : 3003 }, 
        {"sofa" : 12,  "begin" : 3004,  "end" : 3012 }, 
        {"sofa" : 12,  "begin" : 3013,  "end" : 3017 }, 
        {"sofa" : 12,  "begin" : 3018,  "end" : 3020 }, 
        {"sofa" : 12,  "begin" : 3021,  "end" : 3028 }, 
        {"sofa" : 12,  "begin" : 3029,  "end" : 3039 }, 
        {"sofa" : 12,  "begin" : 3040,  "end" : 3043 }, 
        {"sofa" : 12,  "begin" : 3044,  "end" : 3054 }, 
        {"sofa" : 12,  "begin" : 3055,  "end" : 3071 }, 
        {"sofa" : 12,  "begin" : 3072,  "end" : 3078 }, 
        {"sofa" : 12,  "begin" : 3079,  "end" : 3082 }, 
        {"sofa" : 12,  "begin" : 3083,  "end" : 3088 }, 
        {"sofa" : 12,  "begin" : 3089,  "end" : 3095 }, 
        {"sofa" : 12,  "begin" : 3096,  "end" : 3099 }, 
        {"sofa" : 12,  "begin" : 3100,  "end" : 3105 }, 
        {"sofa" : 12,  "begin" : 3106,  "end" : 3119 }, 
        {"sofa" : 12,  "begin" : 3119,  "end" : 3120 }, 
        {"sofa" : 12,  "begin" : 3122,  "end" : 3127 }, 
        {"sofa" : 12,  "begin" : 3128,  "end" : 3130 }, 
        {"sofa" : 12,  "begin" : 3131,  "end" : 3142 }, 
        {"sofa" : 12,  "begin" : 3143,  "end" : 3147 }, 
        {"sofa" : 12,  "begin" : 3148,  "end" : 3154 }, 
        {"sofa" : 12,  "begin" : 3155,  "end" : 3163 }, 
        {"sofa" : 12,  "begin" : 3163,  "end" : 3164 }, 
        {"sofa" : 12,  "begin" : 3165,  "end" : 3168 }, 
        {"sofa" : 12,  "begin" : 3169,  "end" : 3180 }, 
        {"sofa" : 12,  "begin" : 3181,  "end" : 3189 }, 
        {"sofa" : 12,  "begin" : 3190,  "end" : 3205 }, 
        {"sofa" : 12,  "begin" : 3206,  "end" : 3217 }, 
        {"sofa" : 12,  "begin" : 3218,  "end" : 3224 }, 
        {"sofa" : 12,  "begin" : 3225,  "end" : 3228 }, 
        {"sofa" : 12,  "begin" : 3229,  "end" : 3235 }, 
        {"sofa" : 12,  "begin" : 3236,  "end" : 3242 }, 
        {"sofa" : 12,  "begin" : 3243,  "end" : 3246 }, 
        {"sofa" : 12,  "begin" : 3247,  "end" : 3249 }, 
        {"sofa" : 12,  "begin" : 3250,  "end" : 3256 }, 
        {"sofa" : 12,  "begin" : 3257,  "end" : 3262 }, 
        {"sofa" : 12,  "begin" : 3263,  "end" : 3265 }, 
        {"sofa" : 12,  "begin" : 3266,  "end" : 3269 }, 
        {"sofa" : 12,  "begin" : 3270,  "end" : 3274 }, 
        {"sofa" : 12,  "begin" : 3275,  "end" : 3282 }, 
        {"sofa" : 12,  "begin" : 3283,  "end" : 3284 }, 
        {"sofa" : 12,  "begin" : 3284,  "end" : 3287 }, 
        {"sofa" : 12,  "begin" : 3288,  "end" : 3296 }, 
        {"sofa" : 12,  "begin" : 3297,  "end" : 3303 }, 
        {"sofa" : 12,  "begin" : 3303,  "end" : 3304 }, 
        {"sofa" : 12,  "begin" : 3304,  "end" : 3305 }, 
        {"sofa" : 12,  "begin" : 3306,  "end" : 3309 }, 
        {"sofa" : 12,  "begin" : 3310,  "end" : 3316 }, 
        {"sofa" : 12,  "begin" : 3317,  "end" : 3326 }, 
        {"sofa" : 12,  "begin" : 3327,  "end" : 3330 }, 
        {"sofa" : 12,  "begin" : 3331,  "end" : 3335 }, 
        {"sofa" : 12,  "begin" : 3336,  "end" : 3339 }, 
        {"sofa" : 12,  "begin" : 3340,  "end" : 3347 }, 
        {"sofa" : 12,  "begin" : 3348,  "end" : 3349 }, 
        {"sofa" : 12,  "begin" : 3349,  "end" : 3361 }, 
        {"sofa" : 12,  "begin" : 3362,  "end" : 3368 }, 
        {"sofa" : 12,  "begin" : 3369,  "end" : 3370 }, 
        {"sofa" : 12,  "begin" : 3370,  "end" : 3371 }, 
        {"sofa" : 12,  "begin" : 3371,  "end" : 3372 }, 
        {"sofa" : 12,  "begin" : 3373,  "end" : 3376 }, 
        {"sofa" : 12,  "begin" : 3377,  "end" : 3380 }, 
        {"sofa" : 12,  "begin" : 3381,  "end" : 3387 }, 
        {"sofa" : 12,  "begin" : 3388,  "end" : 3397 }, 
        {"sofa" : 12,  "begin" : 3398,  "end" : 3401 }, 
        {"sofa" : 12,  "begin" : 3402,  "end" : 3406 }, 
        {"sofa" : 12,  "begin" : 3407,  "end" : 3414 }, 
        {"sofa" : 12,  "begin" : 3415,  "end" : 3416 }, 
        {"sofa" : 12,  "begin" : 3416,  "end" : 3428 }, 
        {"sofa" : 12,  "begin" : 3429,  "end" : 3435 }, 
        {"sofa" : 12,  "begin" : 3436,  "end" : 3437 }, 
        {"sofa" : 12,  "begin" : 3437,  "end" : 3438 }, 
        {"sofa" : 12,  "begin" : 3438,  "end" : 3439 }, 
        {"sofa" : 12,  "begin" : 3440,  "end" : 3444 }, 
        {"sofa" : 12,  "begin" : 3445,  "end" : 3449 }, 
        {"sofa" : 12,  "begin" : 3450,  "end" : 3458 }, 
        {"sofa" : 12,  "begin" : 3459,  "end" : 3462 }, 
        {"sofa" : 12,  "begin" : 3463,  "end" : 3474 }, 
        {"sofa" : 12,  "begin" : 3475,  "end" : 3482 }, 
        {"sofa" : 12,  "begin" : 3483,  "end" : 3498 }, 
        {"sofa" : 12,  "begin" : 3499,  "end" : 3510 }, 
        {"sofa" : 12,  "begin" : 3511,  "end" : 3517 }, 
        {"sofa" : 12,  "begin" : 3518,  "end" : 3521 }, 
        {"sofa" : 12,  "begin" : 3522,  "end" : 3528 }, 
        {"sofa" : 12,  "begin" : 3529,  "end" : 3532 }, 
        {"sofa" : 12,  "begin" : 3533,  "end" : 3536 }, 
        {"sofa" : 12,  "begin" : 3537,  "end" : 3543 }, 
        {"sofa" : 12,  "begin" : 3544,  "end" : 3546 }, 
        {"sofa" : 12,  "begin" : 3547,  "end" : 3551 }, 
        {"sofa" : 12,  "begin" : 3552,  "end" : 3561 }, 
        {"sofa" : 12,  "begin" : 3561,  "end" : 3562 }, 
        {"sofa" : 12,  "begin" : 3563,  "end" : 3565 }, 
        {"sofa" : 12,  "begin" : 3566,  "end" : 3570 }, 
        {"sofa" : 12,  "begin" : 3571,  "end" : 3573 }, 
        {"sofa" : 12,  "begin" : 3574,  "end" : 3577 }, 
        {"sofa" : 12,  "begin" : 3578,  "end" : 3582 }, 
        {"sofa" : 12,  "begin" : 3583,  "end" : 3585 }, 
        {"sofa" : 12,  "begin" : 3586,  "end" : 3598 }, 
        {"sofa" : 12,  "begin" : 3599,  "end" : 3601 }, 
        {"sofa" : 12,  "begin" : 3602,  "end" : 3607 }, 
        {"sofa" : 12,  "begin" : 3608,  "end" : 3612 }, 
        {"sofa" : 12,  "begin" : 3613,  "end" : 3622 }, 
        {"sofa" : 12,  "begin" : 3622,  "end" : 3623 }, 
        {"sofa" : 12,  "begin" : 3625,  "end" : 3628 }, 
        {"sofa" : 12,  "begin" : 3629,  "end" : 3637 }, 
        {"sofa" : 12,  "begin" : 3638,  "end" : 3643 }, 
        {"sofa" : 12,  "begin" : 3644,  "end" : 3645 }, 
        {"sofa" : 12,  "begin" : 3646,  "end" : 3657 }, 
        {"sofa" : 12,  "begin" : 3658,  "end" : 3665 }, 
        {"sofa" : 12,  "begin" : 3666,  "end" : 3668 }, 
        {"sofa" : 12,  "begin" : 3669,  "end" : 3684 }, 
        {"sofa" : 12,  "begin" : 3685,  "end" : 3696 }, 
        {"sofa" : 12,  "begin" : 3697,  "end" : 3703 }, 
        {"sofa" : 12,  "begin" : 3704,  "end" : 3707 }, 
        {"sofa" : 12,  "begin" : 3708,  "end" : 3712 }, 
        {"sofa" : 12,  "begin" : 3713,  "end" : 3720 }, 
        {"sofa" : 12,  "begin" : 3720,  "end" : 3721 }, 
        {"sofa" : 12,  "begin" : 3722,  "end" : 3726 }, 
        {"sofa" : 12,  "begin" : 3727,  "end" : 3730 }, 
        {"sofa" : 12,  "begin" : 3731,  "end" : 3736 }, 
        {"sofa" : 12,  "begin" : 3737,  "end" : 3746 }, 
        {"sofa" : 12,  "begin" : 3747,  "end" : 3749 }, 
        {"sofa" : 12,  "begin" : 3750,  "end" : 3754 }, 
        {"sofa" : 12,  "begin" : 3755,  "end" : 3765 }, 
        {"sofa" : 12,  "begin" : 3766,  "end" : 3772 }, 
        {"sofa" : 12,  "begin" : 3773,  "end" : 3776 }, 
        {"sofa" : 12,  "begin" : 3777,  "end" : 3782 }, 
        {"sofa" : 12,  "begin" : 3783,  "end" : 3784 }, 
        {"sofa" : 12,  "begin" : 3784,  "end" : 3787 }, 
        {"sofa" : 12,  "begin" : 3788,  "end" : 3798 }, 
        {"sofa" : 12,  "begin" : 3799,  "end" : 3807 }, 
        {"sofa" : 12,  "begin" : 3808,  "end" : 3809 }, 
        {"sofa" : 12,  "begin" : 3809,  "end" : 3811 }, 
        {"sofa" : 12,  "begin" : 3811,  "end" : 3812 }, 
        {"sofa" : 12,  "begin" : 3812,  "end" : 3813 }, 
        {"sofa" : 12,  "begin" : 3814,  "end" : 3815 }, 
        {"sofa" : 12,  "begin" : 3815,  "end" : 3819 }, 
        {"sofa" : 12,  "begin" : 3820,  "end" : 3822 }, 
        {"sofa" : 12,  "begin" : 3823,  "end" : 3824 }, 
        {"sofa" : 12,  "begin" : 3824,  "end" : 3828 }, 
        {"sofa" : 12,  "begin" : 3828,  "end" : 3829 }, 
        {"sofa" : 12,  "begin" : 3830,  "end" : 3831 }, 
        {"sofa" : 12,  "begin" : 3832,  "end" : 3833 }, 
        {"sofa" : 12,  "begin" : 3834,  "end" : 3838 }, 
        {"sofa" : 12,  "begin" : 3838,  "end" : 3839 }, 
        {"sofa" : 12,  "begin" : 3840,  "end" : 3846 }, 
        {"sofa" : 12,  "begin" : 3847,  "end" : 3850 }, 
        {"sofa" : 12,  "begin" : 3851,  "end" : 3859 }, 
        {"sofa" : 12,  "begin" : 3860,  "end" : 3866 }, 
        {"sofa" : 12,  "begin" : 3866,  "end" : 3867 }, 
        {"sofa" : 12,  "begin" : 3868,  "end" : 3871 }, 
        {"sofa" : 12,  "begin" : 3872,  "end" : 3877 }, 
        {"sofa" : 12,  "begin" : 3878,  "end" : 3885 }, 
        {"sofa" : 12,  "begin" : 3886,  "end" : 3893 }, 
        {"sofa" : 12,  "begin" : 3894,  "end" : 3898 }, 
        {"sofa" : 12,  "begin" : 3899,  "end" : 3904 }, 
        {"sofa" : 12,  "begin" : 3905,  "end" : 3907 }, 
        {"sofa" : 12,  "begin" : 3908,  "end" : 3914 }, 
        {"sofa" : 12,  "begin" : 3915,  "end" : 3917 }, 
        {"sofa" : 12,  "begin" : 3918,  "end" : 3921 }, 
        {"sofa" : 12,  "begin" : 3922,  "end" : 3926 }, 
        {"sofa" : 12,  "begin" : 3927,  "end" : 3930 }, 
        {"sofa" : 12,  "begin" : 3931,  "end" : 3938 }, 
        {"sofa" : 12,  "begin" : 3938,  "end" : 3939 }, 
        {"sofa" : 12,  "begin" : 3940,  "end" : 3945 }, 
        {"sofa" : 12,  "begin" : 3946,  "end" : 3949 }, 
        {"sofa" : 12,  "begin" : 3950,  "end" : 3954 }, 
        {"sofa" : 12,  "begin" : 3955,  "end" : 3962 }, 
        {"sofa" : 12,  "begin" : 3963,  "end" : 3973 }, 
        {"sofa" : 12,  "begin" : 3974,  "end" : 3976 }, 
        {"sofa" : 12,  "begin" : 3977,  "end" : 3979 }, 
        {"sofa" : 12,  "begin" : 3980,  "end" : 3984 }, 
        {"sofa" : 12,  "begin" : 3985,  "end" : 3993 }, 
        {"sofa" : 12,  "begin" : 3994,  "end" : 3996 }, 
        {"sofa" : 12,  "begin" : 3997,  "end" : 4002 }, 
        {"sofa" : 12,  "begin" : 4003,  "end" : 4006 }, 
        {"sofa" : 12,  "begin" : 4007,  "end" : 4009 }, 
        {"sofa" : 12,  "begin" : 4010,  "end" : 4026 }, 
        {"sofa" : 12,  "begin" : 4026,  "end" : 4027 }, 
        {"sofa" : 12,  "begin" : 4029,  "end" : 4032 }, 
        {"sofa" : 12,  "begin" : 4033,  "end" : 4040 }, 
        {"sofa" : 12,  "begin" : 4041,  "end" : 4050 }, 
        {"sofa" : 12,  "begin" : 4051,  "end" : 4056 }, 
        {"sofa" : 12,  "begin" : 4057,  "end" : 4060 }, 
        {"sofa" : 12,  "begin" : 4061,  "end" : 4065 }, 
        {"sofa" : 12,  "begin" : 4066,  "end" : 4069 }, 
        {"sofa" : 12,  "begin" : 4070,  "end" : 4074 }, 
        {"sofa" : 12,  "begin" : 4075,  "end" : 4083 }, 
        {"sofa" : 12,  "begin" : 4083,  "end" : 4084 }, 
        {"sofa" : 12,  "begin" : 4085,  "end" : 4088 }, 
        {"sofa" : 12,  "begin" : 4089,  "end" : 4093 }, 
        {"sofa" : 12,  "begin" : 4094,  "end" : 4100 }, 
        {"sofa" : 12,  "begin" : 4100,  "end" : 4101 }, 
        {"sofa" : 12,  "begin" : 4102,  "end" : 4105 }, 
        {"sofa" : 12,  "begin" : 4106,  "end" : 4115 }, 
        {"sofa" : 12,  "begin" : 4116,  "end" : 4127 }, 
        {"sofa" : 12,  "begin" : 4128,  "end" : 4134 }, 
        {"sofa" : 12,  "begin" : 4135,  "end" : 4137 }, 
        {"sofa" : 12,  "begin" : 4138,  "end" : 4154 }, 
        {"sofa" : 12,  "begin" : 4155,  "end" : 4157 }, 
        {"sofa" : 12,  "begin" : 4158,  "end" : 4170 }, 
        {"sofa" : 12,  "begin" : 4171,  "end" : 4177 }, 
        {"sofa" : 12,  "begin" : 4178,  "end" : 4179 }, 
        {"sofa" : 12,  "begin" : 4180,  "end" : 4189 }, 
        {"sofa" : 12,  "begin" : 4190,  "end" : 4192 }, 
        {"sofa" : 12,  "begin" : 4193,  "end" : 4197 }, 
        {"sofa" : 12,  "begin" : 4198,  "end" : 4208 }, 
        {"sofa" : 12,  "begin" : 4209,  "end" : 4215 }, 
        {"sofa" : 12,  "begin" : 4216,  "end" : 4217 }, 
        {"sofa" : 12,  "begin" : 4217,  "end" : 4220 }, 
        {"sofa" : 12,  "begin" : 4221,  "end" : 4223 }, 
        {"sofa" : 12,  "begin" : 4223,  "end" : 4224 }, 
        {"sofa" : 12,  "begin" : 4225,  "end" : 4229 }, 
        {"sofa" : 12,  "begin" : 4230,  "end" : 4232 }, 
        {"sofa" : 12,  "begin" : 4233,  "end" : 4237 }, 
        {"sofa" : 12,  "begin" : 4237,  "end" : 4238 }, 
        {"sofa" : 12,  "begin" : 4239,  "end" : 4240 }, 
        {"sofa" : 12,  "begin" : 4241,  "end" : 4242 }, 
        {"sofa" : 12,  "begin" : 4243,  "end" : 4247 }, 
        {"sofa" : 12,  "begin" : 4247,  "end" : 4248 }, 
        {"sofa" : 12,  "begin" : 4249,  "end" : 4252 }, 
        {"sofa" : 12,  "begin" : 4253,  "end" : 4261 }, 
        {"sofa" : 12,  "begin" : 4262,  "end" : 4264 }, 
        {"sofa" : 12,  "begin" : 4265,  "end" : 4269 }, 
        {"sofa" : 12,  "begin" : 4270,  "end" : 4280 }, 
        {"sofa" : 12,  "begin" : 4281,  "end" : 4287 }, 
        {"sofa" : 12,  "begin" : 4288,  "end" : 4289 }, 
        {"sofa" : 12,  "begin" : 4289,  "end" : 4292 }, 
        {"sofa" : 12,  "begin" : 4293,  "end" : 4295 }, 
        {"sofa" : 12,  "begin" : 4295,  "end" : 4296 }, 
        {"sofa" : 12,  "begin" : 4297,  "end" : 4298 }, 
        {"sofa" : 12,  "begin" : 4298,  "end" : 4302 }, 
        {"sofa" : 12,  "begin" : 4303,  "end" : 4305 }, 
        {"sofa" : 12,  "begin" : 4306,  "end" : 4307 }, 
        {"sofa" : 12,  "begin" : 4307,  "end" : 4311 }, 
        {"sofa" : 12,  "begin" : 4311,  "end" : 4312 }, 
        {"sofa" : 12,  "begin" : 4313,  "end" : 4314 }, 
        {"sofa" : 12,  "begin" : 4315,  "end" : 4316 }, 
        {"sofa" : 12,  "begin" : 4317,  "end" : 4321 }, 
        {"sofa" : 12,  "begin" : 4321,  "end" : 4322 }, 
        {"sofa" : 12,  "begin" : 4323,  "end" : 4325 }, 
        {"sofa" : 12,  "begin" : 4326,  "end" : 4338 }, 
        {"sofa" : 12,  "begin" : 4339,  "end" : 4345 }, 
        {"sofa" : 12,  "begin" : 4346,  "end" : 4347 }, 
        {"sofa" : 12,  "begin" : 4347,  "end" : 4348 }, 
        {"sofa" : 12,  "begin" : 4350,  "end" : 4358 }, 
        {"sofa" : 12,  "begin" : 4359,  "end" : 4363 }, 
        {"sofa" : 12,  "begin" : 4364,  "end" : 4367 }, 
        {"sofa" : 12,  "begin" : 4368,  "end" : 4376 }, 
        {"sofa" : 12,  "begin" : 4377,  "end" : 4383 }, 
        {"sofa" : 12,  "begin" : 4383,  "end" : 4384 }, 
        {"sofa" : 12,  "begin" : 4385,  "end" : 4388 }, 
        {"sofa" : 12,  "begin" : 4389,  "end" : 4394 }, 
        {"sofa" : 12,  "begin" : 4395,  "end" : 4397 }, 
        {"sofa" : 12,  "begin" : 4398,  "end" : 4413 }, 
        {"sofa" : 12,  "begin" : 4414,  "end" : 4425 }, 
        {"sofa" : 12,  "begin" : 4426,  "end" : 4435 }, 
        {"sofa" : 12,  "begin" : 4436,  "end" : 4438 }, 
        {"sofa" : 12,  "begin" : 4439,  "end" : 4443 }, 
        {"sofa" : 12,  "begin" : 4444,  "end" : 4454 }, 
        {"sofa" : 12,  "begin" : 4455,  "end" : 4461 }, 
        {"sofa" : 12,  "begin" : 4462,  "end" : 4465 }, 
        {"sofa" : 12,  "begin" : 4466,  "end" : 4471 }, 
        {"sofa" : 12,  "begin" : 4472,  "end" : 4473 }, 
        {"sofa" : 12,  "begin" : 4473,  "end" : 4476 }, 
        {"sofa" : 12,  "begin" : 4477,  "end" : 4479 }, 
        {"sofa" : 12,  "begin" : 4479,  "end" : 4480 }, 
        {"sofa" : 12,  "begin" : 4481,  "end" : 4485 }, 
        {"sofa" : 12,  "begin" : 4486,  "end" : 4488 }, 
        {"sofa" : 12,  "begin" : 4489,  "end" : 4493 }, 
        {"sofa" : 12,  "begin" : 4493,  "end" : 4494 }, 
        {"sofa" : 12,  "begin" : 4495,  "end" : 4496 }, 
        {"sofa" : 12,  "begin" : 4497,  "end" : 4498 }, 
        {"sofa" : 12,  "begin" : 4499,  "end" : 4503 }, 
        {"sofa" : 12,  "begin" : 4503,  "end" : 4504 }, 
        {"sofa" : 12,  "begin" : 4505,  "end" : 4507 }, 
        {"sofa" : 12,  "begin" : 4508,  "end" : 4520 }, 
        {"sofa" : 12,  "begin" : 4521,  "end" : 4527 }, 
        {"sofa" : 12,  "begin" : 4528,  "end" : 4529 }, 
        {"sofa" : 12,  "begin" : 4530,  "end" : 4533 }, 
        {"sofa" : 12,  "begin" : 4534,  "end" : 4538 }, 
        {"sofa" : 12,  "begin" : 4539,  "end" : 4549 }, 
        {"sofa" : 12,  "begin" : 4550,  "end" : 4556 }, 
        {"sofa" : 12,  "begin" : 4557,  "end" : 4560 }, 
        {"sofa" : 12,  "begin" : 4561,  "end" : 4566 }, 
        {"sofa" : 12,  "begin" : 4567,  "end" : 4568 }, 
        {"sofa" : 12,  "begin" : 4568,  "end" : 4571 }, 
        {"sofa" : 12,  "begin" : 4572,  "end" : 4574 }, 
        {"sofa" : 12,  "begin" : 4574,  "end" : 4575 }, 
        {"sofa" : 12,  "begin" : 4576,  "end" : 4580 }, 
        {"sofa" : 12,  "begin" : 4581,  "end" : 4583 }, 
        {"sofa" : 12,  "begin" : 4584,  "end" : 4588 }, 
        {"sofa" : 12,  "begin" : 4588,  "end" : 4589 }, 
        {"sofa" : 12,  "begin" : 4590,  "end" : 4591 }, 
        {"sofa" : 12,  "begin" : 4592,  "end" : 4593 }, 
        {"sofa" : 12,  "begin" : 4594,  "end" : 4598 }, 
        {"sofa" : 12,  "begin" : 4598,  "end" : 4599 }, 
        {"sofa" : 12,  "begin" : 4600,  "end" : 4602 }, 
        {"sofa" : 12,  "begin" : 4603,  "end" : 4615 }, 
        {"sofa" : 12,  "begin" : 4616,  "end" : 4622 }, 
        {"sofa" : 12,  "begin" : 4623,  "end" : 4624 }, 
        {"sofa" : 12,  "begin" : 4624,  "end" : 4625 }, 
        {"sofa" : 12,  "begin" : 4627,  "end" : 4637 }, 
        {"sofa" : 12,  "begin" : 4638,  "end" : 4640 }, 
        {"sofa" : 12,  "begin" : 4641,  "end" : 4650 }, 
        {"sofa" : 12,  "begin" : 4651,  "end" : 4659 }, 
        {"sofa" : 12,  "begin" : 4661,  "end" : 4663 }, 
        {"sofa" : 12,  "begin" : 4664,  "end" : 4669 }, 
        {"sofa" : 12,  "begin" : 4670,  "end" : 4678 }, 
        {"sofa" : 12,  "begin" : 4679,  "end" : 4681 }, 
        {"sofa" : 12,  "begin" : 4682,  "end" : 4693 }, 
        {"sofa" : 12,  "begin" : 4694,  "end" : 4696 }, 
        {"sofa" : 12,  "begin" : 4697,  "end" : 4706 }, 
        {"sofa" : 12,  "begin" : 4707,  "end" : 4722 }, 
        {"sofa" : 12,  "begin" : 4722,  "end" : 4723 }, 
        {"sofa" : 12,  "begin" : 4724,  "end" : 4727 }, 
        {"sofa" : 12,  "begin" : 4728,  "end" : 4739 }, 
        {"sofa" : 12,  "begin" : 4740,  "end" : 4745 }, 
        {"sofa" : 12,  "begin" : 4746,  "end" : 4750 }, 
        {"sofa" : 12,  "begin" : 4751,  "end" : 4766 }, 
        {"sofa" : 12,  "begin" : 4767,  "end" : 4778 }, 
        {"sofa" : 12,  "begin" : 4779,  "end" : 4785 }, 
        {"sofa" : 12,  "begin" : 4786,  "end" : 4791 }, 
        {"sofa" : 12,  "begin" : 4792,  "end" : 4802 }, 
        {"sofa" : 12,  "begin" : 4803,  "end" : 4806 }, 
        {"sofa" : 12,  "begin" : 4807,  "end" : 4811 }, 
        {"sofa" : 12,  "begin" : 4812,  "end" : 4822 }, 
        {"sofa" : 12,  "begin" : 4823,  "end" : 4827 }, 
        {"sofa" : 12,  "begin" : 4828,  "end" : 4829 }, 
        {"sofa" : 12,  "begin" : 4830,  "end" : 4838 }, 
        {"sofa" : 12,  "begin" : 4839,  "end" : 4843 }, 
        {"sofa" : 12,  "begin" : 4844,  "end" : 4845 }, 
        {"sofa" : 12,  "begin" : 4846,  "end" : 4849 }, 
        {"sofa" : 12,  "begin" : 4850,  "end" : 4854 }, 
        {"sofa" : 12,  "begin" : 4855,  "end" : 4865 }, 
        {"sofa" : 12,  "begin" : 4866,  "end" : 4870 }, 
        {"sofa" : 12,  "begin" : 4871,  "end" : 4874 }, 
        {"sofa" : 12,  "begin" : 4875,  "end" : 4880 }, 
        {"sofa" : 12,  "begin" : 4881,  "end" : 4885 }, 
        {"sofa" : 12,  "begin" : 4886,  "end" : 4890 }, 
        {"sofa" : 12,  "begin" : 4891,  "end" : 4901 }, 
        {"sofa" : 12,  "begin" : 4902,  "end" : 4908 }, 
        {"sofa" : 12,  "begin" : 4909,  "end" : 4910 }, 
        {"sofa" : 12,  "begin" : 4910,  "end" : 4913 }, 
        {"sofa" : 12,  "begin" : 4914,  "end" : 4916 }, 
        {"sofa" : 12,  "begin" : 4916,  "end" : 4917 }, 
        {"sofa" : 12,  "begin" : 4918,  "end" : 4919 }, 
        {"sofa" : 12,  "begin" : 4919,  "end" : 4923 }, 
        {"sofa" : 12,  "begin" : 4924,  "end" : 4926 }, 
        {"sofa" : 12,  "begin" : 4927,  "end" : 4928 }, 
        {"sofa" : 12,  "begin" : 4928,  "end" : 4932 }, 
        {"sofa" : 12,  "begin" : 4932,  "end" : 4933 }, 
        {"sofa" : 12,  "begin" : 4934,  "end" : 4935 }, 
        {"sofa" : 12,  "begin" : 4936,  "end" : 4937 }, 
        {"sofa" : 12,  "begin" : 4938,  "end" : 4942 }, 
        {"sofa" : 12,  "begin" : 4942,  "end" : 4943 }, 
        {"sofa" : 12,  "begin" : 4944,  "end" : 4952 }, 
        {"sofa" : 12,  "begin" : 4953,  "end" : 4957 }, 
        {"sofa" : 12,  "begin" : 4958,  "end" : 4963 }, 
        {"sofa" : 12,  "begin" : 4964,  "end" : 4971 }, 
        {"sofa" : 12,  "begin" : 4972,  "end" : 4976 }, 
        {"sofa" : 12,  "begin" : 4977,  "end" : 4988 }, 
        {"sofa" : 12,  "begin" : 4989,  "end" : 4991 }, 
        {"sofa" : 12,  "begin" : 4992,  "end" : 5004 }, 
        {"sofa" : 12,  "begin" : 5005,  "end" : 5011 }, 
        {"sofa" : 12,  "begin" : 5012,  "end" : 5013 }, 
        {"sofa" : 12,  "begin" : 5013,  "end" : 5014 }, 
        {"sofa" : 12,  "begin" : 5015,  "end" : 5020 }, 
        {"sofa" : 12,  "begin" : 5021,  "end" : 5024 }, 
        {"sofa" : 12,  "begin" : 5025,  "end" : 5031 }, 
        {"sofa" : 12,  "begin" : 5032,  "end" : 5035 }, 
        {"sofa" : 12,  "begin" : 5036,  "end" : 5043 }, 
        {"sofa" : 12,  "begin" : 5044,  "end" : 5048 }, 
        {"sofa" : 12,  "begin" : 5049,  "end" : 5059 }, 
        {"sofa" : 12,  "begin" : 5060,  "end" : 5061 }, 
        {"sofa" : 12,  "begin" : 5061,  "end" : 5065 }, 
        {"sofa" : 12,  "begin" : 5065,  "end" : 5066 }, 
        {"sofa" : 12,  "begin" : 5067,  "end" : 5075 }, 
        {"sofa" : 12,  "begin" : 5076,  "end" : 5078 }, 
        {"sofa" : 12,  "begin" : 5079,  "end" : 5083 }, 
        {"sofa" : 12,  "begin" : 5084,  "end" : 5094 }, 
        {"sofa" : 12,  "begin" : 5095,  "end" : 5101 }, 
        {"sofa" : 12,  "begin" : 5102,  "end" : 5103 }, 
        {"sofa" : 12,  "begin" : 5103,  "end" : 5106 }, 
        {"sofa" : 12,  "begin" : 5107,  "end" : 5109 }, 
        {"sofa" : 12,  "begin" : 5109,  "end" : 5110 }, 
        {"sofa" : 12,  "begin" : 5111,  "end" : 5112 }, 
        {"sofa" : 12,  "begin" : 5112,  "end" : 5116 }, 
        {"sofa" : 12,  "begin" : 5117,  "end" : 5119 }, 
        {"sofa" : 12,  "begin" : 5120,  "end" : 5121 }, 
        {"sofa" : 12,  "begin" : 5121,  "end" : 5125 }, 
        {"sofa" : 12,  "begin" : 5125,  "end" : 5126 }, 
        {"sofa" : 12,  "begin" : 5127,  "end" : 5128 }, 
        {"sofa" : 12,  "begin" : 5129,  "end" : 5130 }, 
        {"sofa" : 12,  "begin" : 5131,  "end" : 5135 }, 
        {"sofa" : 12,  "begin" : 5135,  "end" : 5136 }, 
        {"sofa" : 12,  "begin" : 5137,  "end" : 5145 }, 
        {"sofa" : 12,  "begin" : 5146,  "end" : 5150 }, 
        {"sofa" : 12,  "begin" : 5151,  "end" : 5162 }, 
        {"sofa" : 12,  "begin" : 5163,  "end" : 5167 }, 
        {"sofa" : 12,  "begin" : 5168,  "end" : 5178 }, 
        {"sofa" : 12,  "begin" : 5179,  "end" : 5181 }, 
        {"sofa" : 12,  "begin" : 5182,  "end" : 5194 }, 
        {"sofa" : 12,  "begin" : 5195,  "end" : 5201 }, 
        {"sofa" : 12,  "begin" : 5202,  "end" : 5203 }, 
        {"sofa" : 12,  "begin" : 5203,  "end" : 5204 }, 
        {"sofa" : 12,  "begin" : 5207,  "end" : 5217 }, 
        {"sofa" : 12,  "begin" : 5218,  "end" : 5220 }, 
        {"sofa" : 12,  "begin" : 5221,  "end" : 5229 }, 
        {"sofa" : 12,  "begin" : 5230,  "end" : 5239 }, 
        {"sofa" : 12,  "begin" : 5240,  "end" : 5244 }, 
        {"sofa" : 12,  "begin" : 5245,  "end" : 5248 }, 
        {"sofa" : 12,  "begin" : 5249,  "end" : 5253 }, 
        {"sofa" : 12,  "begin" : 5254,  "end" : 5258 }, 
        {"sofa" : 12,  "begin" : 5259,  "end" : 5262 }, 
        {"sofa" : 12,  "begin" : 5263,  "end" : 5269 }, 
        {"sofa" : 12,  "begin" : 5270,  "end" : 5271 }, 
        {"sofa" : 12,  "begin" : 5272,  "end" : 5279 }, 
        {"sofa" : 12,  "begin" : 5280,  "end" : 5282 }, 
        {"sofa" : 12,  "begin" : 5283,  "end" : 5294 }, 
        {"sofa" : 12,  "begin" : 5295,  "end" : 5300 }, 
        {"sofa" : 12,  "begin" : 5301,  "end" : 5303 }, 
        {"sofa" : 12,  "begin" : 5304,  "end" : 5316 }, 
        {"sofa" : 12,  "begin" : 5317,  "end" : 5323 }, 
        {"sofa" : 12,  "begin" : 5324,  "end" : 5325 }, 
        {"sofa" : 12,  "begin" : 5325,  "end" : 5326 }, 
        {"sofa" : 12,  "begin" : 5328,  "end" : 5329 }, 
        {"sofa" : 12,  "begin" : 5329,  "end" : 5336 }, 
        {"sofa" : 12,  "begin" : 5337,  "end" : 5345 }, 
        {"sofa" : 12,  "begin" : 5346,  "end" : 5354 }, 
        {"sofa" : 12,  "begin" : 5354,  "end" : 5355 }, 
        {"sofa" : 12,  "begin" : 5356,  "end" : 5360 }, 
        {"sofa" : 12,  "begin" : 5361,  "end" : 5371 }, 
        {"sofa" : 12,  "begin" : 5372,  "end" : 5376 }, 
        {"sofa" : 12,  "begin" : 5377,  "end" : 5380 }, 
        {"sofa" : 12,  "begin" : 5381,  "end" : 5391 }, 
        {"sofa" : 12,  "begin" : 5392,  "end" : 5394 }, 
        {"sofa" : 12,  "begin" : 5395,  "end" : 5398 }, 
        {"sofa" : 12,  "begin" : 5399,  "end" : 5414 }, 
        {"sofa" : 12,  "begin" : 5414,  "end" : 5415 }, 
        {"sofa" : 12,  "begin" : 5415,  "end" : 5416 }, 
        {"sofa" : 12,  "begin" : 5417,  "end" : 5420 }, 
        {"sofa" : 12,  "begin" : 5421,  "end" : 5426 }, 
        {"sofa" : 12,  "begin" : 5427,  "end" : 5434 }, 
        {"sofa" : 12,  "begin" : 5435,  "end" : 5440 }, 
        {"sofa" : 12,  "begin" : 5440,  "end" : 5441 }, 
        {"sofa" : 12,  "begin" : 5442,  "end" : 5443 }, 
        {"sofa" : 12,  "begin" : 5443,  "end" : 5451 }, 
        {"sofa" : 12,  "begin" : 5452,  "end" : 5456 }, 
        {"sofa" : 12,  "begin" : 5457,  "end" : 5463 }, 
        {"sofa" : 12,  "begin" : 5464,  "end" : 5465 }, 
        {"sofa" : 12,  "begin" : 5466,  "end" : 5473 }, 
        {"sofa" : 12,  "begin" : 5474,  "end" : 5481 }, 
        {"sofa" : 12,  "begin" : 5482,  "end" : 5484 }, 
        {"sofa" : 12,  "begin" : 5485,  "end" : 5496 }, 
        {"sofa" : 12,  "begin" : 5497,  "end" : 5503 }, 
        {"sofa" : 12,  "begin" : 5504,  "end" : 5512 }, 
        {"sofa" : 12,  "begin" : 5513,  "end" : 5517 }, 
        {"sofa" : 12,  "begin" : 5518,  "end" : 5526 }, 
        {"sofa" : 12,  "begin" : 5526,  "end" : 5527 }, 
        {"sofa" : 12,  "begin" : 5528,  "end" : 5532 }, 
        {"sofa" : 12,  "begin" : 5533,  "end" : 5536 }, 
        {"sofa" : 12,  "begin" : 5537,  "end" : 5540 }, 
        {"sofa" : 12,  "begin" : 5541,  "end" : 5552 }, 
        {"sofa" : 12,  "begin" : 5553,  "end" : 5554 }, 
        {"sofa" : 12,  "begin" : 5555,  "end" : 5567 }, 
        {"sofa" : 12,  "begin" : 5568,  "end" : 5574 }, 
        {"sofa" : 12,  "begin" : 5575,  "end" : 5577 }, 
        {"sofa" : 12,  "begin" : 5578,  "end" : 5586 }, 
        {"sofa" : 12,  "begin" : 5587,  "end" : 5592 }, 
        {"sofa" : 12,  "begin" : 5593,  "end" : 5596 }, 
        {"sofa" : 12,  "begin" : 5597,  "end" : 5605 }, 
        {"sofa" : 12,  "begin" : 5605,  "end" : 5606 }, 
        {"sofa" : 12,  "begin" : 5607,  "end" : 5614 }, 
        {"sofa" : 12,  "begin" : 5615,  "end" : 5622 }, 
        {"sofa" : 12,  "begin" : 5623,  "end" : 5627 }, 
        {"sofa" : 12,  "begin" : 5628,  "end" : 5632 }, 
        {"sofa" : 12,  "begin" : 5633,  "end" : 5640 }, 
        {"sofa" : 12,  "begin" : 5641,  "end" : 5649 }, 
        {"sofa" : 12,  "begin" : 5650,  "end" : 5654 }, 
        {"sofa" : 12,  "begin" : 5655,  "end" : 5671 }, 
        {"sofa" : 12,  "begin" : 5672,  "end" : 5676 }, 
        {"sofa" : 12,  "begin" : 5677,  "end" : 5681 }, 
        {"sofa" : 12,  "begin" : 5682,  "end" : 5693 }, 
        {"sofa" : 12,  "begin" : 5694,  "end" : 5697 }, 
        {"sofa" : 12,  "begin" : 5698,  "end" : 5705 }, 
        {"sofa" : 12,  "begin" : 5706,  "end" : 5710 }, 
        {"sofa" : 12,  "begin" : 5711,  "end" : 5724 }, 
        {"sofa" : 12,  "begin" : 5725,  "end" : 5728 }, 
        {"sofa" : 12,  "begin" : 5729,  "end" : 5737 }, 
        {"sofa" : 12,  "begin" : 5738,  "end" : 5742 }, 
        {"sofa" : 12,  "begin" : 5743,  "end" : 5746 }, 
        {"sofa" : 12,  "begin" : 5747,  "end" : 5758 }, 
        {"sofa" : 12,  "begin" : 5759,  "end" : 5769 }, 
        {"sofa" : 12,  "begin" : 5770,  "end" : 5779 }, 
        {"sofa" : 12,  "begin" : 5780,  "end" : 5783 }, 
        {"sofa" : 12,  "begin" : 5784,  "end" : 5788 }, 
        {"sofa" : 12,  "begin" : 5789,  "end" : 5798 }, 
        {"sofa" : 12,  "begin" : 5798,  "end" : 5799 }, 
        {"sofa" : 12,  "begin" : 5799,  "end" : 5800 }, 
        {"sofa" : 12,  "begin" : 5802,  "end" : 5805 }, 
        {"sofa" : 12,  "begin" : 5806,  "end" : 5813 }, 
        {"sofa" : 12,  "begin" : 5814,  "end" : 5819 }, 
        {"sofa" : 12,  "begin" : 5820,  "end" : 5823 }, 
        {"sofa" : 12,  "begin" : 5824,  "end" : 5828 }, 
        {"sofa" : 12,  "begin" : 5829,  "end" : 5832 }, 
        {"sofa" : 12,  "begin" : 5833,  "end" : 5841 }, 
        {"sofa" : 12,  "begin" : 5842,  "end" : 5849 }, 
        {"sofa" : 12,  "begin" : 5850,  "end" : 5852 }, 
        {"sofa" : 12,  "begin" : 5853,  "end" : 5868 }, 
        {"sofa" : 12,  "begin" : 5869,  "end" : 5880 }, 
        {"sofa" : 12,  "begin" : 5881,  "end" : 5886 }, 
        {"sofa" : 12,  "begin" : 5887,  "end" : 5891 }, 
        {"sofa" : 12,  "begin" : 5892,  "end" : 5899 }, 
        {"sofa" : 12,  "begin" : 5900,  "end" : 5910 }, 
        {"sofa" : 12,  "begin" : 5911,  "end" : 5922 }, 
        {"sofa" : 12,  "begin" : 5923,  "end" : 5931 }, 
        {"sofa" : 12,  "begin" : 5932,  "end" : 5936 }, 
        {"sofa" : 12,  "begin" : 5937,  "end" : 5941 }, 
        {"sofa" : 12,  "begin" : 5942,  "end" : 5954 }, 
        {"sofa" : 12,  "begin" : 5955,  "end" : 5963 }, 
        {"sofa" : 12,  "begin" : 5964,  "end" : 5977 }, 
        {"sofa" : 12,  "begin" : 5978,  "end" : 5993 }, 
        {"sofa" : 12,  "begin" : 5994,  "end" : 6005 }, 
        {"sofa" : 12,  "begin" : 6005,  "end" : 6006 }, 
        {"sofa" : 12,  "begin" : 6008,  "end" : 6009 }, 
        {"sofa" : 12,  "begin" : 6009,  "end" : 6013 }, 
        {"sofa" : 12,  "begin" : 6014,  "end" : 6021 }, 
        {"sofa" : 12,  "begin" : 6021,  "end" : 6022 }, 
        {"sofa" : 12,  "begin" : 6023,  "end" : 6025 }, 
        {"sofa" : 12,  "begin" : 6026,  "end" : 6037 }, 
        {"sofa" : 12,  "begin" : 6038,  "end" : 6042 }, 
        {"sofa" : 12,  "begin" : 6043,  "end" : 6046 }, 
        {"sofa" : 12,  "begin" : 6047,  "end" : 6050 }, 
        {"sofa" : 12,  "begin" : 6051,  "end" : 6059 }, 
        {"sofa" : 12,  "begin" : 6059,  "end" : 6060 }, 
        {"sofa" : 12,  "begin" : 6061,  "end" : 6066 }, 
        {"sofa" : 12,  "begin" : 6067,  "end" : 6074 }, 
        {"sofa" : 12,  "begin" : 6075,  "end" : 6079 }, 
        {"sofa" : 12,  "begin" : 6080,  "end" : 6082 }, 
        {"sofa" : 12,  "begin" : 6083,  "end" : 6086 }, 
        {"sofa" : 12,  "begin" : 6087,  "end" : 6094 }, 
        {"sofa" : 12,  "begin" : 6095,  "end" : 6097 }, 
        {"sofa" : 12,  "begin" : 6098,  "end" : 6109 }, 
        {"sofa" : 12,  "begin" : 6110,  "end" : 6118 }, 
        {"sofa" : 12,  "begin" : 6119,  "end" : 6123 }, 
        {"sofa" : 12,  "begin" : 6124,  "end" : 6127 }, 
        {"sofa" : 12,  "begin" : 6128,  "end" : 6133 }, 
        {"sofa" : 12,  "begin" : 6134,  "end" : 6140 }, 
        {"sofa" : 12,  "begin" : 6141,  "end" : 6143 }, 
        {"sofa" : 12,  "begin" : 6144,  "end" : 6148 }, 
        {"sofa" : 12,  "begin" : 6149,  "end" : 6151 }, 
        {"sofa" : 12,  "begin" : 6152,  "end" : 6155 }, 
        {"sofa" : 12,  "begin" : 6156,  "end" : 6164 }, 
        {"sofa" : 12,  "begin" : 6165,  "end" : 6172 }, 
        {"sofa" : 12,  "begin" : 6173,  "end" : 6175 }, 
        {"sofa" : 12,  "begin" : 6176,  "end" : 6187 }, 
        {"sofa" : 12,  "begin" : 6188,  "end" : 6193 }, 
        {"sofa" : 12,  "begin" : 6194,  "end" : 6204 }, 
        {"sofa" : 12,  "begin" : 6205,  "end" : 6209 }, 
        {"sofa" : 12,  "begin" : 6210,  "end" : 6217 }, 
        {"sofa" : 12,  "begin" : 6218,  "end" : 6227 }, 
        {"sofa" : 12,  "begin" : 6228,  "end" : 6243 }, 
        {"sofa" : 12,  "begin" : 6243,  "end" : 6244 }, 
        {"sofa" : 12,  "begin" : 6244,  "end" : 6245 }, 
        {"sofa" : 12,  "begin" : 6246,  "end" : 6250 }, 
        {"sofa" : 12,  "begin" : 6251,  "end" : 6256 }, 
        {"sofa" : 12,  "begin" : 6256,  "end" : 6257 }, 
        {"sofa" : 12,  "begin" : 6259,  "end" : 6262 }, 
        {"sofa" : 12,  "begin" : 6263,  "end" : 6270 }, 
        {"sofa" : 12,  "begin" : 6271,  "end" : 6274 }, 
        {"sofa" : 12,  "begin" : 6275,  "end" : 6278 }, 
        {"sofa" : 12,  "begin" : 6279,  "end" : 6287 }, 
        {"sofa" : 12,  "begin" : 6288,  "end" : 6293 }, 
        {"sofa" : 12,  "begin" : 6294,  "end" : 6298 }, 
        {"sofa" : 12,  "begin" : 6299,  "end" : 6307 }, 
        {"sofa" : 12,  "begin" : 6308,  "end" : 6315 }, 
        {"sofa" : 12,  "begin" : 6316,  "end" : 6325 }, 
        {"sofa" : 12,  "begin" : 6326,  "end" : 6329 }, 
        {"sofa" : 12,  "begin" : 6330,  "end" : 6344 }, 
        {"sofa" : 12,  "begin" : 6345,  "end" : 6360 }, 
        {"sofa" : 12,  "begin" : 6361,  "end" : 6371 }, 
        {"sofa" : 12,  "begin" : 6372,  "end" : 6376 }, 
        {"sofa" : 12,  "begin" : 6377,  "end" : 6392 }, 
        {"sofa" : 12,  "begin" : 6393,  "end" : 6404 }, 
        {"sofa" : 12,  "begin" : 6404,  "end" : 6405 }, 
        {"sofa" : 12,  "begin" : 6406,  "end" : 6411 }, 
        {"sofa" : 12,  "begin" : 6412,  "end" : 6417 }, 
        {"sofa" : 12,  "begin" : 6418,  "end" : 6428 }, 
        {"sofa" : 12,  "begin" : 6429,  "end" : 6433 }, 
        {"sofa" : 12,  "begin" : 6434,  "end" : 6436 }, 
        {"sofa" : 12,  "begin" : 6437,  "end" : 6441 }, 
        {"sofa" : 12,  "begin" : 6442,  "end" : 6450 }, 
        {"sofa" : 12,  "begin" : 6451,  "end" : 6461 }, 
        {"sofa" : 12,  "begin" : 6462,  "end" : 6464 }, 
        {"sofa" : 12,  "begin" : 6465,  "end" : 6472 }, 
        {"sofa" : 12,  "begin" : 6473,  "end" : 6484 }, 
        {"sofa" : 12,  "begin" : 6485,  "end" : 6487 }, 
        {"sofa" : 12,  "begin" : 6488,  "end" : 6504 }, 
        {"sofa" : 12,  "begin" : 6505,  "end" : 6508 }, 
        {"sofa" : 12,  "begin" : 6509,  "end" : 6516 }, 
        {"sofa" : 12,  "begin" : 6517,  "end" : 6524 }, 
        {"sofa" : 12,  "begin" : 6525,  "end" : 6531 }, 
        {"sofa" : 12,  "begin" : 6531,  "end" : 6532 } ], 
      "Persuasive_Labels" : [
        {"sofa" : 12,  "begin" : 426,  "end" : 437,  "EstablishingLegitimacy" : "Establishing Legitimacy" }, 
        {"sofa" : 12,  "begin" : 426,  "end" : 437,  "EstablishingLegitimacy" : "surface credibility markers - simply claiming authority or credibility" }, 
        {"sofa" : 12,  "begin" : 575,  "end" : 595,  "EstablishingLegitimacy" : "Establishing Legitimacy" }, 
        {"sofa" : 12,  "begin" : 575,  "end" : 595,  "EstablishingLegitimacy" : "surface credibility markers - simply claiming authority or credibility" }, 
        {"sofa" : 12,  "begin" : 824,  "end" : 875,  "EstablishingLegitimacy" : "Establishing Legitimacy" }, 
        {"sofa" : 12,  "begin" : 824,  "end" : 875,  "EstablishingLegitimacy" : "surface credibility markers - simply claiming authority or credibility" }, 
        {"sofa" : 12,  "begin" : 1598,  "end" : 1636,  "EstablishingLegitimacy" : "Establishing Legitimacy" }, 
        {"sofa" : 12,  "begin" : 1598,  "end" : 1636,  "EstablishingLegitimacy" : "citing source to establish legitimacy_source verified to be credible" }, 
        {"sofa" : 12,  "begin" : 2624,  "end" : 2680,  "EstablishingLegitimacy" : "Establishing Legitimacy" }, 
        {"sofa" : 12,  "begin" : 2624,  "end" : 2680,  "EstablishingLegitimacy" : "surface credibility markers - simply claiming authority or credibility" }, 
        {"sofa" : 12,  "begin" : 3868,  "end" : 3893,  "EstablishingLegitimacy" : "Establishing Legitimacy" }, 
        {"sofa" : 12,  "begin" : 3868,  "end" : 3893,  "EstablishingLegitimacy" : "surface credibility markers - simply claiming authority or credibility" } ] } }, 
  "_referenced_fss" : {
    "12" : {"_type" : "Sofa",  "sofaNum" : 1,  "sofaID" : "_InitialView",  "mimeType" : "text",  "sofaString" : "﻿tron-01336 The FDA has updated its warnings for and recommended limitations on prescribing a class of antibiotics called fluoroquinolones, citing potentially irreversible side-effects including tendon damage and rupture\r\nSource: https://www.webmd.com/brain/news/20130826/fda-strengthens-fluoroquinolone-warning \r\nFact checking: https://www.snopes.com/fact-check/fluoroquinolone-antibiotics-tendon-damage/ \r\nActual content: \r\nStudy links FDA warnings to fewer fluoroquinolone prescriptions\r\nFiled Under: \r\nAntimicrobial Stewardship\r\nChris Dall | News Reporter | CIDRAP News\r\nA new study suggests that the Food and Drug Administration's (FDA's) warnings about adverse events linked to fluoroquinolone antibiotics may have helped lower prescribing of the drugs, but not all physicians have been responsive to those warnings.\r\nThe study, published this week in JAMA Network Open, looked at data on more than 1.2 million Medicare patients who received fluoroquinolones and found that overall fluoroquinolone prescribing started declining significantly in the 31 months before the FDA issued a warning on fluoroquinolones in 2013. The decline continued at a slower rate after the 2013 and 2016 warnings.\r\nDeclines in fluoroquinolone prescribing after the warnings were observed only among certain types of physicians.\r\nMultiple FDA warnings\r\nFluoroquinolones are a broad-spectrum class of antibiotics used to treat a variety of common bacterial infections. Since being approved in the late 1980s, they have become one of the most commonly prescribed antibiotic classes. But over the last several years, the FDA has issued several warnings in response to adverse events that have been linked to fluoroquinolone treatment.\r\nIn 2008, the FDA added a black box warning that fluoroquinolone use was associated with the increased risk of tendinitis and tendon rupture. That was followed by the 2013 label update, which warned that fluoroquinolones could cause irreversible damage from peripheral neuropathy, a nerve condition that can cause weakness, numbness, and pain in the hands and feet.\r\nIn 2016, the FDA revised the black box warning to further address these adverse events, recommending that patients with acute sinusitis, acute exacerbation of chronic bronchitis, and uncomplicated urinary tract infection (UTI) use fluoroquinolones only if no other treatment options are available. Since then, the FDA has issued additional warnings about the potential risks of mental health side effects, blood sugar disturbances, and aortic aneurysm and dissection.\r\nTo analyze changes in prescribing after the 2013 and 2016 FDA warnings, a team led by researchers at the University of Minnesota looked at administrative claims data from a 20% random sample of Medicare fee-for-service beneficiaries from Jan 1, 2011 to Dec 31, 2017.\r\nThe cohort consisted of more than 1.2 million unique patients (68.5% female, mean age 69.7 years) with a diagnosis of sinusitis, bronchitis, or uncomplicated UTI. The researchers also obtained data on 170,938 physicians who prescribed fluoroquinolones during the study period and their organizations.\r\nUsing an interrupted time series analysis, the researchers compared fluoroquinolone prescribing levels and trends during the 31 months prior to the 2013 warning (the baseline period), all months following the 2013 FDA warning (post-warning period 1), and all months following the 2016 warning (post-warning period 2). They then examined the association between fluoroquinolone prescribing levels and trends and the status of each physician, as well as the type of organization in which they practiced.\r\nThe analysis found a significant decline in fluoroquinolone prescribing before the 2013 warning, with the trend declining by 0.18 percentage points per month (95% confidence interval [CI], -0.19 to -0.18; P < .001) during the baseline period. The study authors suggest this could be linked to the 2008 FDA warning, which may have alerted physicians to be more cautious in their use of fluoroquinolones.\r\nThe decline continued after the 2013 and 2016 warnings, but more slowly. The immediate prescribing levels of fluoroquinolones in post-warning period 1 increased by 3.42 percentage points (95% CI, 3.23 to 3.62; P < .001) and declined by 0.77 percentage points (95% CI, -1.00 to -0.54; P < .001) in post-warning period 2.\r\nCompared with the baseline period, the trend in fluoroquinolone prescribing increased by 0.08 percentage points per month (95% CI, 0.08 to 0.10; P < .001) in post-warning period 1 and 0.06 percentage points per month (95% CI, 0.04 to 0.08; P < .001) in post-warning period 2.\r\nVariations in physician response\r\nIn their analysis of prescribing by physician characteristics, the researchers found that fluoroquinolone prescribing levels among physicians who were affiliated with a hospital with a top 10th percentile case mix index fell 1.13 percentage points (95% CI, -1.92 to -0.34; P = .005) compared with those without such affiliation in post-warning period 1, while the levels for primary care physicians (PCPs) declined by 1.34 percentage points (95% CI, −1.78 to −0.88; P < .001) compared with non-primary care physicians in post-warning period 2. \r\nPhysicians at teaching hospitals were the only ones who showed a decline in prescribing trend in post-warning period 1.\r\n\"Despite repeated warnings, some physicians were not responsive to the recommendations,\" the study authors wrote. \"Although PCPs showed a general decline in prescribing trends compared with non-PCPs, they did not demonstrate a differential change in behavior after the warnings, perhaps because many PCPs wrongly believed that fluoroquinolones were more appropriate for dealing with uncomplicated UTI symptoms than the recommended first-line therapies for this condition.\"\r\nThe authors point out that the observed decline in fluoroquinolone prescribing could also reflect antibiotic stewardship measures that have specifically targeted inappropriate fluoroquinolone prescribing.\r\n\"Such efforts, in conjunction with the FDA warnings, might explain some of the decline in prescribing behavior over the study period as well as the specific changes in prescribing rates associated with certain physician characteristics,\" they wrote.\r\nThe authors say the findings could help identify certain physician and organizational characteristics associated with fluoroquinolone prescribing, which could ultimately lead to more targeted strategies to promote de-adoption of fluoroquinolones and improve patient safety.\r\n\r\n" } } }