{"_context" : {
    "_types" : {
      "DocumentMetaData" : {
        "_feature_types" : {"sofa" : "_ref" } }, 
      "Persuasive_Labels" : {
        "_feature_types" : {"sofa" : "_ref" } }, 
      "Sentence" : {
        "_feature_types" : {"sofa" : "_ref" } }, 
      "Sofa" : {
        "_feature_types" : {"sofaArray" : "_ref" } }, 
      "TagsetDescription" : {
        "_feature_types" : {"sofa" : "_ref",  "tags" : "_ref" } }, 
      "Token" : {
        "_feature_types" : {"sofa" : "_ref",  "parent" : "_ref",  "lemma" : "_ref",  "stem" : "_ref",  "pos" : "_ref",  "morph" : "_ref",  "form" : "_ref" } }, 
      "DocumentAnnotation" : {
        "_feature_types" : {"sofa" : "_ref" }, 
        "_subtypes" : ["DocumentMetaData" ] }, 
      "Annotation" : {
        "_feature_types" : {"sofa" : "_ref" }, 
        "_subtypes" : ["DocumentAnnotation",  "Persuasive_Labels",  "Sentence",  "TagsetDescription",  "Token" ] }, 
      "AnnotationBase" : {
        "_feature_types" : {"sofa" : "_ref" }, 
        "_subtypes" : ["Annotation" ] }, 
      "TOP" : {
        "_subtypes" : ["AnnotationBase",  "Sofa" ] } } }, 
  "_views" : {
    "_InitialView" : {
      "DocumentMetaData" : [
        {"sofa" : 12,  "end" : 1695,  "language" : "x-unspecified",  "documentTitle" : "221.%20tron-02277%20HIV%20infected%20needles%20found%20in%20theater%20seats%20.txt",  "documentId" : "admin",  "documentUri" : "file:/C:/Users/huiyi/.webanno/repository/project/4/document/604/source/admin",  "collectionId" : "file:/C:/Users/huiyi/.webanno/repository/project/4/document/604/source/",  "documentBaseUri" : "file:/C:/Users/huiyi/.webanno/repository/project/4/document/604/source/",  "isLastSegment" : false } ], 
      "TagsetDescription" : [
        {"sofa" : 12,  "layer" : "de.tudarmstadt.ukp.dkpro.core.api.syntax.type.dependency.Dependency",  "name" : "UD Universal Dependencies (v2)",  "input" : false }, 
        {"sofa" : 12,  "layer" : "de.tudarmstadt.ukp.dkpro.core.api.ner.type.NamedEntity",  "name" : "Named Entity tags",  "input" : false }, 
        {"sofa" : 12,  "layer" : "de.tudarmstadt.ukp.dkpro.core.api.transform.type.SofaChangeAnnotation",  "name" : "Operation",  "input" : false }, 
        {"sofa" : 12,  "layer" : "de.tudarmstadt.ukp.dkpro.core.api.lexmorph.type.pos.POS",  "name" : "UD Universal POS tags (v2)",  "input" : false }, 
        {"sofa" : 12,  "layer" : "webanno.custom.Persuasive_Labels",  "name" : "2. Using Anecdotes and Personal Experience as Evidence",  "input" : false } ], 
      "Sentence" : [
        {"sofa" : 12,  "end" : 394 }, 
        {"sofa" : 12,  "begin" : 396,  "end" : 500 }, 
        {"sofa" : 12,  "begin" : 501,  "end" : 589 }, 
        {"sofa" : 12,  "begin" : 590,  "end" : 657 }, 
        {"sofa" : 12,  "begin" : 658,  "end" : 768 }, 
        {"sofa" : 12,  "begin" : 769,  "end" : 822 }, 
        {"sofa" : 12,  "begin" : 823,  "end" : 930 }, 
        {"sofa" : 12,  "begin" : 932,  "end" : 1024 }, 
        {"sofa" : 12,  "begin" : 1025,  "end" : 1240 }, 
        {"sofa" : 12,  "begin" : 1242,  "end" : 1403 }, 
        {"sofa" : 12,  "begin" : 1403,  "end" : 1404 }, 
        {"sofa" : 12,  "begin" : 1406,  "end" : 1475 }, 
        {"sofa" : 12,  "begin" : 1476,  "end" : 1554 }, 
        {"sofa" : 12,  "begin" : 1556,  "end" : 1691 } ], 
      "Token" : [
        {"sofa" : 12,  "end" : 5 }, 
        {"sofa" : 12,  "begin" : 5,  "end" : 6 }, 
        {"sofa" : 12,  "begin" : 6,  "end" : 11 }, 
        {"sofa" : 12,  "begin" : 12,  "end" : 15 }, 
        {"sofa" : 12,  "begin" : 16,  "end" : 24 }, 
        {"sofa" : 12,  "begin" : 25,  "end" : 32 }, 
        {"sofa" : 12,  "begin" : 33,  "end" : 38 }, 
        {"sofa" : 12,  "begin" : 39,  "end" : 41 }, 
        {"sofa" : 12,  "begin" : 42,  "end" : 49 }, 
        {"sofa" : 12,  "begin" : 50,  "end" : 55 }, 
        {"sofa" : 12,  "begin" : 58,  "end" : 64 }, 
        {"sofa" : 12,  "begin" : 64,  "end" : 65 }, 
        {"sofa" : 12,  "begin" : 66,  "end" : 71 }, 
        {"sofa" : 12,  "begin" : 71,  "end" : 72 }, 
        {"sofa" : 12,  "begin" : 72,  "end" : 73 }, 
        {"sofa" : 12,  "begin" : 73,  "end" : 74 }, 
        {"sofa" : 12,  "begin" : 74,  "end" : 89 }, 
        {"sofa" : 12,  "begin" : 89,  "end" : 90 }, 
        {"sofa" : 12,  "begin" : 90,  "end" : 93 }, 
        {"sofa" : 12,  "begin" : 93,  "end" : 94 }, 
        {"sofa" : 12,  "begin" : 94,  "end" : 108 }, 
        {"sofa" : 12,  "begin" : 108,  "end" : 109 }, 
        {"sofa" : 12,  "begin" : 109,  "end" : 113 }, 
        {"sofa" : 12,  "begin" : 113,  "end" : 114 }, 
        {"sofa" : 12,  "begin" : 114,  "end" : 115 }, 
        {"sofa" : 12,  "begin" : 115,  "end" : 116 }, 
        {"sofa" : 12,  "begin" : 116,  "end" : 127 }, 
        {"sofa" : 12,  "begin" : 127,  "end" : 128 }, 
        {"sofa" : 12,  "begin" : 128,  "end" : 166 }, 
        {"sofa" : 12,  "begin" : 166,  "end" : 167 }, 
        {"sofa" : 12,  "begin" : 167,  "end" : 168 }, 
        {"sofa" : 12,  "begin" : 168,  "end" : 169 }, 
        {"sofa" : 12,  "begin" : 169,  "end" : 196 }, 
        {"sofa" : 12,  "begin" : 199,  "end" : 203 }, 
        {"sofa" : 12,  "begin" : 204,  "end" : 212 }, 
        {"sofa" : 12,  "begin" : 212,  "end" : 213 }, 
        {"sofa" : 12,  "begin" : 214,  "end" : 219 }, 
        {"sofa" : 12,  "begin" : 219,  "end" : 220 }, 
        {"sofa" : 12,  "begin" : 220,  "end" : 221 }, 
        {"sofa" : 12,  "begin" : 221,  "end" : 222 }, 
        {"sofa" : 12,  "begin" : 222,  "end" : 244 }, 
        {"sofa" : 12,  "begin" : 244,  "end" : 245 }, 
        {"sofa" : 12,  "begin" : 245,  "end" : 261 }, 
        {"sofa" : 12,  "begin" : 261,  "end" : 262 }, 
        {"sofa" : 12,  "begin" : 265,  "end" : 271 }, 
        {"sofa" : 12,  "begin" : 272,  "end" : 279 }, 
        {"sofa" : 12,  "begin" : 279,  "end" : 280 }, 
        {"sofa" : 12,  "begin" : 283,  "end" : 286 }, 
        {"sofa" : 12,  "begin" : 287,  "end" : 295 }, 
        {"sofa" : 12,  "begin" : 296,  "end" : 303 }, 
        {"sofa" : 12,  "begin" : 304,  "end" : 309 }, 
        {"sofa" : 12,  "begin" : 310,  "end" : 312 }, 
        {"sofa" : 12,  "begin" : 313,  "end" : 319 }, 
        {"sofa" : 12,  "begin" : 319,  "end" : 320 }, 
        {"sofa" : 12,  "begin" : 321,  "end" : 325 }, 
        {"sofa" : 12,  "begin" : 326,  "end" : 330 }, 
        {"sofa" : 12,  "begin" : 331,  "end" : 332 }, 
        {"sofa" : 12,  "begin" : 333,  "end" : 340 }, 
        {"sofa" : 12,  "begin" : 341,  "end" : 343 }, 
        {"sofa" : 12,  "begin" : 344,  "end" : 348 }, 
        {"sofa" : 12,  "begin" : 349,  "end" : 353 }, 
        {"sofa" : 12,  "begin" : 354,  "end" : 356 }, 
        {"sofa" : 12,  "begin" : 357,  "end" : 361 }, 
        {"sofa" : 12,  "begin" : 362,  "end" : 366 }, 
        {"sofa" : 12,  "begin" : 367,  "end" : 371 }, 
        {"sofa" : 12,  "begin" : 373,  "end" : 379 }, 
        {"sofa" : 12,  "begin" : 380,  "end" : 382 }, 
        {"sofa" : 12,  "begin" : 383,  "end" : 385 }, 
        {"sofa" : 12,  "begin" : 385,  "end" : 386 }, 
        {"sofa" : 12,  "begin" : 386,  "end" : 388 }, 
        {"sofa" : 12,  "begin" : 388,  "end" : 389 }, 
        {"sofa" : 12,  "begin" : 389,  "end" : 393 }, 
        {"sofa" : 12,  "begin" : 393,  "end" : 394 }, 
        {"sofa" : 12,  "begin" : 396,  "end" : 404 }, 
        {"sofa" : 12,  "begin" : 404,  "end" : 405 }, 
        {"sofa" : 12,  "begin" : 406,  "end" : 407 }, 
        {"sofa" : 12,  "begin" : 408,  "end" : 412 }, 
        {"sofa" : 12,  "begin" : 413,  "end" : 416 }, 
        {"sofa" : 12,  "begin" : 417,  "end" : 421 }, 
        {"sofa" : 12,  "begin" : 422,  "end" : 424 }, 
        {"sofa" : 12,  "begin" : 425,  "end" : 428 }, 
        {"sofa" : 12,  "begin" : 429,  "end" : 435 }, 
        {"sofa" : 12,  "begin" : 435,  "end" : 436 }, 
        {"sofa" : 12,  "begin" : 437,  "end" : 440 }, 
        {"sofa" : 12,  "begin" : 441,  "end" : 445 }, 
        {"sofa" : 12,  "begin" : 446,  "end" : 448 }, 
        {"sofa" : 12,  "begin" : 449,  "end" : 452 }, 
        {"sofa" : 12,  "begin" : 453,  "end" : 455 }, 
        {"sofa" : 12,  "begin" : 456,  "end" : 459 }, 
        {"sofa" : 12,  "begin" : 460,  "end" : 467 }, 
        {"sofa" : 12,  "begin" : 468,  "end" : 473 }, 
        {"sofa" : 12,  "begin" : 473,  "end" : 474 }, 
        {"sofa" : 12,  "begin" : 475,  "end" : 478 }, 
        {"sofa" : 12,  "begin" : 479,  "end" : 483 }, 
        {"sofa" : 12,  "begin" : 484,  "end" : 485 }, 
        {"sofa" : 12,  "begin" : 486,  "end" : 494 }, 
        {"sofa" : 12,  "begin" : 495,  "end" : 499 }, 
        {"sofa" : 12,  "begin" : 499,  "end" : 500 }, 
        {"sofa" : 12,  "begin" : 501,  "end" : 504 }, 
        {"sofa" : 12,  "begin" : 505,  "end" : 512 }, 
        {"sofa" : 12,  "begin" : 513,  "end" : 518 }, 
        {"sofa" : 12,  "begin" : 519,  "end" : 521 }, 
        {"sofa" : 12,  "begin" : 522,  "end" : 525 }, 
        {"sofa" : 12,  "begin" : 526,  "end" : 531 }, 
        {"sofa" : 12,  "begin" : 532,  "end" : 535 }, 
        {"sofa" : 12,  "begin" : 536,  "end" : 542 }, 
        {"sofa" : 12,  "begin" : 543,  "end" : 545 }, 
        {"sofa" : 12,  "begin" : 546,  "end" : 547 }, 
        {"sofa" : 12,  "begin" : 548,  "end" : 555 }, 
        {"sofa" : 12,  "begin" : 556,  "end" : 563 }, 
        {"sofa" : 12,  "begin" : 564,  "end" : 572 }, 
        {"sofa" : 12,  "begin" : 573,  "end" : 576 }, 
        {"sofa" : 12,  "begin" : 577,  "end" : 579 }, 
        {"sofa" : 12,  "begin" : 580,  "end" : 583 }, 
        {"sofa" : 12,  "begin" : 584,  "end" : 588 }, 
        {"sofa" : 12,  "begin" : 588,  "end" : 589 }, 
        {"sofa" : 12,  "begin" : 590,  "end" : 595 }, 
        {"sofa" : 12,  "begin" : 596,  "end" : 599 }, 
        {"sofa" : 12,  "begin" : 600,  "end" : 604 }, 
        {"sofa" : 12,  "begin" : 605,  "end" : 606 }, 
        {"sofa" : 12,  "begin" : 607,  "end" : 611 }, 
        {"sofa" : 12,  "begin" : 612,  "end" : 616 }, 
        {"sofa" : 12,  "begin" : 617,  "end" : 621 }, 
        {"sofa" : 12,  "begin" : 621,  "end" : 622 }, 
        {"sofa" : 12,  "begin" : 623,  "end" : 624 }, 
        {"sofa" : 12,  "begin" : 624,  "end" : 627 }, 
        {"sofa" : 12,  "begin" : 628,  "end" : 632 }, 
        {"sofa" : 12,  "begin" : 633,  "end" : 637 }, 
        {"sofa" : 12,  "begin" : 638,  "end" : 646 }, 
        {"sofa" : 12,  "begin" : 647,  "end" : 651 }, 
        {"sofa" : 12,  "begin" : 652,  "end" : 655 }, 
        {"sofa" : 12,  "begin" : 655,  "end" : 656 }, 
        {"sofa" : 12,  "begin" : 656,  "end" : 657 }, 
        {"sofa" : 12,  "begin" : 658,  "end" : 661 }, 
        {"sofa" : 12,  "begin" : 662,  "end" : 669 }, 
        {"sofa" : 12,  "begin" : 670,  "end" : 673 }, 
        {"sofa" : 12,  "begin" : 674,  "end" : 681 }, 
        {"sofa" : 12,  "begin" : 682,  "end" : 689 }, 
        {"sofa" : 12,  "begin" : 690,  "end" : 697 }, 
        {"sofa" : 12,  "begin" : 698,  "end" : 702 }, 
        {"sofa" : 12,  "begin" : 703,  "end" : 710 }, 
        {"sofa" : 12,  "begin" : 711,  "end" : 717 }, 
        {"sofa" : 12,  "begin" : 718,  "end" : 722 }, 
        {"sofa" : 12,  "begin" : 723,  "end" : 728 }, 
        {"sofa" : 12,  "begin" : 729,  "end" : 734 }, 
        {"sofa" : 12,  "begin" : 735,  "end" : 737 }, 
        {"sofa" : 12,  "begin" : 738,  "end" : 745 }, 
        {"sofa" : 12,  "begin" : 746,  "end" : 751 }, 
        {"sofa" : 12,  "begin" : 752,  "end" : 758 }, 
        {"sofa" : 12,  "begin" : 759,  "end" : 767 }, 
        {"sofa" : 12,  "begin" : 767,  "end" : 768 }, 
        {"sofa" : 12,  "begin" : 769,  "end" : 772 }, 
        {"sofa" : 12,  "begin" : 773,  "end" : 775 }, 
        {"sofa" : 12,  "begin" : 776,  "end" : 779 }, 
        {"sofa" : 12,  "begin" : 780,  "end" : 787 }, 
        {"sofa" : 12,  "begin" : 788,  "end" : 794 }, 
        {"sofa" : 12,  "begin" : 795,  "end" : 799 }, 
        {"sofa" : 12,  "begin" : 800,  "end" : 804 }, 
        {"sofa" : 12,  "begin" : 805,  "end" : 813 }, 
        {"sofa" : 12,  "begin" : 814,  "end" : 817 }, 
        {"sofa" : 12,  "begin" : 818,  "end" : 821 }, 
        {"sofa" : 12,  "begin" : 821,  "end" : 822 }, 
        {"sofa" : 12,  "begin" : 823,  "end" : 826 }, 
        {"sofa" : 12,  "begin" : 827,  "end" : 830 }, 
        {"sofa" : 12,  "begin" : 831,  "end" : 835 }, 
        {"sofa" : 12,  "begin" : 836,  "end" : 843 }, 
        {"sofa" : 12,  "begin" : 844,  "end" : 848 }, 
        {"sofa" : 12,  "begin" : 849,  "end" : 856 }, 
        {"sofa" : 12,  "begin" : 857,  "end" : 861 }, 
        {"sofa" : 12,  "begin" : 862,  "end" : 866 }, 
        {"sofa" : 12,  "begin" : 867,  "end" : 872 }, 
        {"sofa" : 12,  "begin" : 873,  "end" : 875 }, 
        {"sofa" : 12,  "begin" : 876,  "end" : 879 }, 
        {"sofa" : 12,  "begin" : 880,  "end" : 884 }, 
        {"sofa" : 12,  "begin" : 885,  "end" : 891 }, 
        {"sofa" : 12,  "begin" : 892,  "end" : 897 }, 
        {"sofa" : 12,  "begin" : 898,  "end" : 900 }, 
        {"sofa" : 12,  "begin" : 901,  "end" : 904 }, 
        {"sofa" : 12,  "begin" : 905,  "end" : 911 }, 
        {"sofa" : 12,  "begin" : 912,  "end" : 915 }, 
        {"sofa" : 12,  "begin" : 916,  "end" : 920 }, 
        {"sofa" : 12,  "begin" : 921,  "end" : 929 }, 
        {"sofa" : 12,  "begin" : 929,  "end" : 930 }, 
        {"sofa" : 12,  "begin" : 932,  "end" : 939 }, 
        {"sofa" : 12,  "begin" : 940,  "end" : 944 }, 
        {"sofa" : 12,  "begin" : 945,  "end" : 954 }, 
        {"sofa" : 12,  "begin" : 955,  "end" : 957 }, 
        {"sofa" : 12,  "begin" : 958,  "end" : 963 }, 
        {"sofa" : 12,  "begin" : 964,  "end" : 966 }, 
        {"sofa" : 12,  "begin" : 967,  "end" : 970 }, 
        {"sofa" : 12,  "begin" : 971,  "end" : 975 }, 
        {"sofa" : 12,  "begin" : 976,  "end" : 979 }, 
        {"sofa" : 12,  "begin" : 980,  "end" : 986 }, 
        {"sofa" : 12,  "begin" : 987,  "end" : 990 }, 
        {"sofa" : 12,  "begin" : 991,  "end" : 998 }, 
        {"sofa" : 12,  "begin" : 999,  "end" : 1004 }, 
        {"sofa" : 12,  "begin" : 1005,  "end" : 1013 }, 
        {"sofa" : 12,  "begin" : 1014,  "end" : 1017 }, 
        {"sofa" : 12,  "begin" : 1018,  "end" : 1023 }, 
        {"sofa" : 12,  "begin" : 1023,  "end" : 1024 }, 
        {"sofa" : 12,  "begin" : 1025,  "end" : 1033 }, 
        {"sofa" : 12,  "begin" : 1034,  "end" : 1037 }, 
        {"sofa" : 12,  "begin" : 1038,  "end" : 1044 }, 
        {"sofa" : 12,  "begin" : 1045,  "end" : 1049 }, 
        {"sofa" : 12,  "begin" : 1050,  "end" : 1052 }, 
        {"sofa" : 12,  "begin" : 1053,  "end" : 1057 }, 
        {"sofa" : 12,  "begin" : 1058,  "end" : 1061 }, 
        {"sofa" : 12,  "begin" : 1062,  "end" : 1068 }, 
        {"sofa" : 12,  "begin" : 1069,  "end" : 1072 }, 
        {"sofa" : 12,  "begin" : 1073,  "end" : 1076 }, 
        {"sofa" : 12,  "begin" : 1077,  "end" : 1082 }, 
        {"sofa" : 12,  "begin" : 1083,  "end" : 1085 }, 
        {"sofa" : 12,  "begin" : 1086,  "end" : 1088 }, 
        {"sofa" : 12,  "begin" : 1089,  "end" : 1095 }, 
        {"sofa" : 12,  "begin" : 1096,  "end" : 1102 }, 
        {"sofa" : 12,  "begin" : 1103,  "end" : 1105 }, 
        {"sofa" : 12,  "begin" : 1106,  "end" : 1113 }, 
        {"sofa" : 12,  "begin" : 1114,  "end" : 1117 }, 
        {"sofa" : 12,  "begin" : 1118,  "end" : 1124 }, 
        {"sofa" : 12,  "begin" : 1125,  "end" : 1131 }, 
        {"sofa" : 12,  "begin" : 1132,  "end" : 1135 }, 
        {"sofa" : 12,  "begin" : 1136,  "end" : 1139 }, 
        {"sofa" : 12,  "begin" : 1140,  "end" : 1147 }, 
        {"sofa" : 12,  "begin" : 1148,  "end" : 1155 }, 
        {"sofa" : 12,  "begin" : 1156,  "end" : 1161 }, 
        {"sofa" : 12,  "begin" : 1162,  "end" : 1166 }, 
        {"sofa" : 12,  "begin" : 1167,  "end" : 1171 }, 
        {"sofa" : 12,  "begin" : 1172,  "end" : 1174 }, 
        {"sofa" : 12,  "begin" : 1175,  "end" : 1178 }, 
        {"sofa" : 12,  "begin" : 1179,  "end" : 1184 }, 
        {"sofa" : 12,  "begin" : 1184,  "end" : 1185 }, 
        {"sofa" : 12,  "begin" : 1186,  "end" : 1189 }, 
        {"sofa" : 12,  "begin" : 1190,  "end" : 1194 }, 
        {"sofa" : 12,  "begin" : 1195,  "end" : 1199 }, 
        {"sofa" : 12,  "begin" : 1200,  "end" : 1202 }, 
        {"sofa" : 12,  "begin" : 1203,  "end" : 1206 }, 
        {"sofa" : 12,  "begin" : 1207,  "end" : 1213 }, 
        {"sofa" : 12,  "begin" : 1214,  "end" : 1219 }, 
        {"sofa" : 12,  "begin" : 1220,  "end" : 1227 }, 
        {"sofa" : 12,  "begin" : 1228,  "end" : 1230 }, 
        {"sofa" : 12,  "begin" : 1231,  "end" : 1239 }, 
        {"sofa" : 12,  "begin" : 1239,  "end" : 1240 }, 
        {"sofa" : 12,  "begin" : 1242,  "end" : 1246 }, 
        {"sofa" : 12,  "begin" : 1247,  "end" : 1254 }, 
        {"sofa" : 12,  "begin" : 1255,  "end" : 1256 }, 
        {"sofa" : 12,  "begin" : 1257,  "end" : 1260 }, 
        {"sofa" : 12,  "begin" : 1260,  "end" : 1261 }, 
        {"sofa" : 12,  "begin" : 1262,  "end" : 1270 }, 
        {"sofa" : 12,  "begin" : 1271,  "end" : 1277 }, 
        {"sofa" : 12,  "begin" : 1278,  "end" : 1280 }, 
        {"sofa" : 12,  "begin" : 1281,  "end" : 1289 }, 
        {"sofa" : 12,  "begin" : 1289,  "end" : 1290 }, 
        {"sofa" : 12,  "begin" : 1291,  "end" : 1295 }, 
        {"sofa" : 12,  "begin" : 1296,  "end" : 1300 }, 
        {"sofa" : 12,  "begin" : 1301,  "end" : 1304 }, 
        {"sofa" : 12,  "begin" : 1305,  "end" : 1311 }, 
        {"sofa" : 12,  "begin" : 1312,  "end" : 1317 }, 
        {"sofa" : 12,  "begin" : 1318,  "end" : 1323 }, 
        {"sofa" : 12,  "begin" : 1323,  "end" : 1324 }, 
        {"sofa" : 12,  "begin" : 1326,  "end" : 1327 }, 
        {"sofa" : 12,  "begin" : 1328,  "end" : 1330 }, 
        {"sofa" : 12,  "begin" : 1331,  "end" : 1333 }, 
        {"sofa" : 12,  "begin" : 1334,  "end" : 1337 }, 
        {"sofa" : 12,  "begin" : 1338,  "end" : 1345 }, 
        {"sofa" : 12,  "begin" : 1346,  "end" : 1351 }, 
        {"sofa" : 12,  "begin" : 1352,  "end" : 1355 }, 
        {"sofa" : 12,  "begin" : 1356,  "end" : 1360 }, 
        {"sofa" : 12,  "begin" : 1360,  "end" : 1361 }, 
        {"sofa" : 12,  "begin" : 1362,  "end" : 1365 }, 
        {"sofa" : 12,  "begin" : 1366,  "end" : 1368 }, 
        {"sofa" : 12,  "begin" : 1369,  "end" : 1371 }, 
        {"sofa" : 12,  "begin" : 1372,  "end" : 1381 }, 
        {"sofa" : 12,  "begin" : 1382,  "end" : 1385 }, 
        {"sofa" : 12,  "begin" : 1386,  "end" : 1391 }, 
        {"sofa" : 12,  "begin" : 1391,  "end" : 1392 }, 
        {"sofa" : 12,  "begin" : 1393,  "end" : 1397 }, 
        {"sofa" : 12,  "begin" : 1398,  "end" : 1403 }, 
        {"sofa" : 12,  "begin" : 1403,  "end" : 1404 }, 
        {"sofa" : 12,  "begin" : 1406,  "end" : 1407 }, 
        {"sofa" : 12,  "begin" : 1408,  "end" : 1414 }, 
        {"sofa" : 12,  "begin" : 1415,  "end" : 1417 }, 
        {"sofa" : 12,  "begin" : 1418,  "end" : 1423 }, 
        {"sofa" : 12,  "begin" : 1423,  "end" : 1424 }, 
        {"sofa" : 12,  "begin" : 1425,  "end" : 1427 }, 
        {"sofa" : 12,  "begin" : 1428,  "end" : 1430 }, 
        {"sofa" : 12,  "begin" : 1431,  "end" : 1438 }, 
        {"sofa" : 12,  "begin" : 1439,  "end" : 1447 }, 
        {"sofa" : 12,  "begin" : 1448,  "end" : 1450 }, 
        {"sofa" : 12,  "begin" : 1451,  "end" : 1454 }, 
        {"sofa" : 12,  "begin" : 1455,  "end" : 1463 }, 
        {"sofa" : 12,  "begin" : 1464,  "end" : 1474 }, 
        {"sofa" : 12,  "begin" : 1474,  "end" : 1475 }, 
        {"sofa" : 12,  "begin" : 1476,  "end" : 1480 }, 
        {"sofa" : 12,  "begin" : 1481,  "end" : 1485 }, 
        {"sofa" : 12,  "begin" : 1486,  "end" : 1489 }, 
        {"sofa" : 12,  "begin" : 1490,  "end" : 1494 }, 
        {"sofa" : 12,  "begin" : 1495,  "end" : 1499 }, 
        {"sofa" : 12,  "begin" : 1500,  "end" : 1505 }, 
        {"sofa" : 12,  "begin" : 1506,  "end" : 1512 }, 
        {"sofa" : 12,  "begin" : 1513,  "end" : 1515 }, 
        {"sofa" : 12,  "begin" : 1516,  "end" : 1521 }, 
        {"sofa" : 12,  "begin" : 1521,  "end" : 1522 }, 
        {"sofa" : 12,  "begin" : 1523,  "end" : 1528 }, 
        {"sofa" : 12,  "begin" : 1529,  "end" : 1541 }, 
        {"sofa" : 12,  "begin" : 1542,  "end" : 1545 }, 
        {"sofa" : 12,  "begin" : 1546,  "end" : 1547 }, 
        {"sofa" : 12,  "begin" : 1548,  "end" : 1553 }, 
        {"sofa" : 12,  "begin" : 1553,  "end" : 1554 }, 
        {"sofa" : 12,  "begin" : 1556,  "end" : 1559 }, 
        {"sofa" : 12,  "begin" : 1560,  "end" : 1563 }, 
        {"sofa" : 12,  "begin" : 1564,  "end" : 1568 }, 
        {"sofa" : 12,  "begin" : 1569,  "end" : 1571 }, 
        {"sofa" : 12,  "begin" : 1572,  "end" : 1580 }, 
        {"sofa" : 12,  "begin" : 1581,  "end" : 1584 }, 
        {"sofa" : 12,  "begin" : 1585,  "end" : 1588 }, 
        {"sofa" : 12,  "begin" : 1589,  "end" : 1598 }, 
        {"sofa" : 12,  "begin" : 1598,  "end" : 1599 }, 
        {"sofa" : 12,  "begin" : 1600,  "end" : 1606 }, 
        {"sofa" : 12,  "begin" : 1607,  "end" : 1611 }, 
        {"sofa" : 12,  "begin" : 1612,  "end" : 1613 }, 
        {"sofa" : 12,  "begin" : 1614,  "end" : 1620 }, 
        {"sofa" : 12,  "begin" : 1621,  "end" : 1623 }, 
        {"sofa" : 12,  "begin" : 1624,  "end" : 1631 }, 
        {"sofa" : 12,  "begin" : 1632,  "end" : 1634 }, 
        {"sofa" : 12,  "begin" : 1635,  "end" : 1639 }, 
        {"sofa" : 12,  "begin" : 1640,  "end" : 1644 }, 
        {"sofa" : 12,  "begin" : 1645,  "end" : 1648 }, 
        {"sofa" : 12,  "begin" : 1650,  "end" : 1655 }, 
        {"sofa" : 12,  "begin" : 1656,  "end" : 1660 }, 
        {"sofa" : 12,  "begin" : 1661,  "end" : 1668 }, 
        {"sofa" : 12,  "begin" : 1669,  "end" : 1673 }, 
        {"sofa" : 12,  "begin" : 1674,  "end" : 1677 }, 
        {"sofa" : 12,  "begin" : 1678,  "end" : 1682 }, 
        {"sofa" : 12,  "begin" : 1683,  "end" : 1690 }, 
        {"sofa" : 12,  "begin" : 1690,  "end" : 1691 } ], 
      "Persuasive_Labels" : [
        {"sofa" : 12,  "begin" : 283,  "end" : 371,  "DistinctiveLinguisticFeatures" : "distinctive linguistic features" }, 
        {"sofa" : 12,  "begin" : 283,  "end" : 371,  "DistinctiveLinguisticFeatures" : "title of article as clickbait" }, 
        {"sofa" : 12,  "begin" : 396,  "end" : 1240,  "FabricatingNarrativewithDetails" : "Narrative with details_verified to be false" }, 
        {"sofa" : 12,  "begin" : 396,  "end" : 1240,  "FabricatingNarrativewithDetails" : "Narrative with Details" }, 
        {"sofa" : 12,  "begin" : 658,  "end" : 697,  "EstablishingLegitimacy" : "Establishing Legitimacy" }, 
        {"sofa" : 12,  "begin" : 658,  "end" : 697,  "EstablishingLegitimacy" : "citing source to establish legitimacy_source verified to be made up" }, 
        {"sofa" : 12,  "begin" : 795,  "end" : 799,  "DistinctiveLinguisticFeatures" : "distinctive linguistic features" }, 
        {"sofa" : 12,  "begin" : 795,  "end" : 799,  "DistinctiveLinguisticFeatures" : "uppercase words" }, 
        {"sofa" : 12,  "begin" : 1034,  "end" : 1049,  "EstablishingLegitimacy" : "Establishing Legitimacy" }, 
        {"sofa" : 12,  "begin" : 1034,  "end" : 1049,  "EstablishingLegitimacy" : "surface credibility markers - simply claiming authority or credibility" }, 
        {"sofa" : 12,  "begin" : 1186,  "end" : 1240,  "EmotionalAppeals" : "emotional appeals" }, 
        {"sofa" : 12,  "begin" : 1186,  "end" : 1239,  "EmotionalAppeals" : "fear" }, 
        {"sofa" : 12,  "begin" : 1556,  "end" : 1691,  "EstablishingLegitimacy" : "Establishing Legitimacy" }, 
        {"sofa" : 12,  "begin" : 1556,  "end" : 1691,  "EstablishingLegitimacy" : "Call to action" } ] } }, 
  "_referenced_fss" : {
    "12" : {"_type" : "Sofa",  "sofaNum" : 1,  "sofaID" : "_InitialView",  "mimeType" : "text",  "sofaString" : "﻿tron-02277 HIV infected needles found in theater seats \r\nSource: https://web.archive.org/web/20180707210617/http://feedytv.com/hiv-infected-needles-found-public-take-2-minutes-time-save-life.html \r\nFact checking: https://www.truthorfiction.com/needles-theaters/ \r\nActual content: \r\nHIV infected needles found in public: Take only 2 minutes of your time to save your life\r\nPosted on 04-06-2018.\r\nRecently, a girl who went to the movies, sat down in one of the theater seats, and felt a stabbing pain. She quickly stood up and found the needle of a medical syringe sticking out of the seat. There was also a note that said, \"You have been infected with HIV\". The Centers for Disease Control reports that similar events have taken place in several other cities recently. All of the needles tested HAVE been positive for HIV. The CDC also reports that needles have been found in the coin return areas of pay phones and soda machines.\r\nAnother girl preparing to marry in the next few months was stabbed while watching the movie. Although the doctor said it took six months for the virus to be strong enough to destroy the immune system and one healthy patient could live five to six years, the girl died in the fourth month because of shocking.\r\nWhen getting a HIV- infected needle by accident, calm down and follow these steps:\r\n- Go to the nearest house for soap, use it to sterilize the wound, then rinse.\r\n- Within 24 hours, go to medical facility to buy anti-HIV medication. Note that the drug only works within 72 hours, taken continuously for 4 weeks.\r\nFor the sake of yourself and the community, please take a couple of seconds of your time and  share this message with all your friends!\r\n\r\n" } } }