{"_context" : {
    "_types" : {
      "DocumentMetaData" : {
        "_feature_types" : {"sofa" : "_ref" } }, 
      "Persuasive_Labels" : {
        "_feature_types" : {"sofa" : "_ref" } }, 
      "Sentence" : {
        "_feature_types" : {"sofa" : "_ref" } }, 
      "Sofa" : {
        "_feature_types" : {"sofaArray" : "_ref" } }, 
      "TagsetDescription" : {
        "_feature_types" : {"sofa" : "_ref",  "tags" : "_ref" } }, 
      "Token" : {
        "_feature_types" : {"sofa" : "_ref",  "parent" : "_ref",  "lemma" : "_ref",  "stem" : "_ref",  "pos" : "_ref",  "morph" : "_ref",  "form" : "_ref" } }, 
      "DocumentAnnotation" : {
        "_feature_types" : {"sofa" : "_ref" }, 
        "_subtypes" : ["DocumentMetaData" ] }, 
      "Annotation" : {
        "_feature_types" : {"sofa" : "_ref" }, 
        "_subtypes" : ["DocumentAnnotation",  "Persuasive_Labels",  "Sentence",  "TagsetDescription",  "Token" ] }, 
      "AnnotationBase" : {
        "_feature_types" : {"sofa" : "_ref" }, 
        "_subtypes" : ["Annotation" ] }, 
      "TOP" : {
        "_subtypes" : ["AnnotationBase",  "Sofa" ] } } }, 
  "_views" : {
    "_InitialView" : {
      "DocumentMetaData" : [
        {"sofa" : 12,  "end" : 1085,  "language" : "x-unspecified",  "documentTitle" : "213.%20tron-01447%20E.coli%20bacteria%20found%20in%20bagged%20salads.txt",  "documentId" : "admin",  "documentUri" : "file:/C:/Users/huiyi/.webanno/repository/project/4/document/612/source/admin",  "collectionId" : "file:/C:/Users/huiyi/.webanno/repository/project/4/document/612/source/",  "documentBaseUri" : "file:/C:/Users/huiyi/.webanno/repository/project/4/document/612/source/",  "isLastSegment" : false } ], 
      "TagsetDescription" : [
        {"sofa" : 12,  "layer" : "de.tudarmstadt.ukp.dkpro.core.api.syntax.type.dependency.Dependency",  "name" : "UD Universal Dependencies (v2)",  "input" : false }, 
        {"sofa" : 12,  "layer" : "de.tudarmstadt.ukp.dkpro.core.api.ner.type.NamedEntity",  "name" : "Named Entity tags",  "input" : false }, 
        {"sofa" : 12,  "layer" : "de.tudarmstadt.ukp.dkpro.core.api.transform.type.SofaChangeAnnotation",  "name" : "Operation",  "input" : false }, 
        {"sofa" : 12,  "layer" : "de.tudarmstadt.ukp.dkpro.core.api.lexmorph.type.pos.POS",  "name" : "UD Universal POS tags (v2)",  "input" : false }, 
        {"sofa" : 12,  "layer" : "webanno.custom.Persuasive_Labels",  "name" : "2. Using Anecdotes and Personal Experience as Evidence",  "input" : false } ], 
      "Sentence" : [
        {"sofa" : 12,  "end" : 51 }, 
        {"sofa" : 12,  "begin" : 53,  "end" : 382 }, 
        {"sofa" : 12,  "begin" : 383,  "end" : 507 }, 
        {"sofa" : 12,  "begin" : 509,  "end" : 657 }, 
        {"sofa" : 12,  "begin" : 658,  "end" : 794 }, 
        {"sofa" : 12,  "begin" : 796,  "end" : 899 }, 
        {"sofa" : 12,  "begin" : 901,  "end" : 951 }, 
        {"sofa" : 12,  "begin" : 952,  "end" : 1083 } ], 
      "Token" : [
        {"sofa" : 12,  "end" : 5 }, 
        {"sofa" : 12,  "begin" : 5,  "end" : 6 }, 
        {"sofa" : 12,  "begin" : 6,  "end" : 11 }, 
        {"sofa" : 12,  "begin" : 12,  "end" : 18 }, 
        {"sofa" : 12,  "begin" : 19,  "end" : 27 }, 
        {"sofa" : 12,  "begin" : 28,  "end" : 33 }, 
        {"sofa" : 12,  "begin" : 34,  "end" : 36 }, 
        {"sofa" : 12,  "begin" : 37,  "end" : 43 }, 
        {"sofa" : 12,  "begin" : 44,  "end" : 50 }, 
        {"sofa" : 12,  "begin" : 50,  "end" : 51 }, 
        {"sofa" : 12,  "begin" : 53,  "end" : 59 }, 
        {"sofa" : 12,  "begin" : 59,  "end" : 60 }, 
        {"sofa" : 12,  "begin" : 61,  "end" : 66 }, 
        {"sofa" : 12,  "begin" : 66,  "end" : 67 }, 
        {"sofa" : 12,  "begin" : 67,  "end" : 68 }, 
        {"sofa" : 12,  "begin" : 68,  "end" : 69 }, 
        {"sofa" : 12,  "begin" : 69,  "end" : 83 }, 
        {"sofa" : 12,  "begin" : 83,  "end" : 84 }, 
        {"sofa" : 12,  "begin" : 84,  "end" : 94 }, 
        {"sofa" : 12,  "begin" : 94,  "end" : 95 }, 
        {"sofa" : 12,  "begin" : 95,  "end" : 105 }, 
        {"sofa" : 12,  "begin" : 105,  "end" : 106 }, 
        {"sofa" : 12,  "begin" : 106,  "end" : 107 }, 
        {"sofa" : 12,  "begin" : 107,  "end" : 108 }, 
        {"sofa" : 12,  "begin" : 111,  "end" : 115 }, 
        {"sofa" : 12,  "begin" : 116,  "end" : 124 }, 
        {"sofa" : 12,  "begin" : 124,  "end" : 125 }, 
        {"sofa" : 12,  "begin" : 126,  "end" : 131 }, 
        {"sofa" : 12,  "begin" : 131,  "end" : 132 }, 
        {"sofa" : 12,  "begin" : 132,  "end" : 133 }, 
        {"sofa" : 12,  "begin" : 133,  "end" : 134 }, 
        {"sofa" : 12,  "begin" : 134,  "end" : 156 }, 
        {"sofa" : 12,  "begin" : 156,  "end" : 157 }, 
        {"sofa" : 12,  "begin" : 157,  "end" : 163 }, 
        {"sofa" : 12,  "begin" : 163,  "end" : 164 }, 
        {"sofa" : 12,  "begin" : 167,  "end" : 173 }, 
        {"sofa" : 12,  "begin" : 174,  "end" : 181 }, 
        {"sofa" : 12,  "begin" : 181,  "end" : 182 }, 
        {"sofa" : 12,  "begin" : 185,  "end" : 186 }, 
        {"sofa" : 12,  "begin" : 186,  "end" : 195 }, 
        {"sofa" : 12,  "begin" : 196,  "end" : 199 }, 
        {"sofa" : 12,  "begin" : 200,  "end" : 206 }, 
        {"sofa" : 12,  "begin" : 206,  "end" : 207 }, 
        {"sofa" : 12,  "begin" : 208,  "end" : 212 }, 
        {"sofa" : 12,  "begin" : 212,  "end" : 213 }, 
        {"sofa" : 12,  "begin" : 215,  "end" : 218 }, 
        {"sofa" : 12,  "begin" : 219,  "end" : 225 }, 
        {"sofa" : 12,  "begin" : 226,  "end" : 236 }, 
        {"sofa" : 12,  "begin" : 237,  "end" : 243 }, 
        {"sofa" : 12,  "begin" : 244,  "end" : 249 }, 
        {"sofa" : 12,  "begin" : 250,  "end" : 252 }, 
        {"sofa" : 12,  "begin" : 253,  "end" : 257 }, 
        {"sofa" : 12,  "begin" : 258,  "end" : 270 }, 
        {"sofa" : 12,  "begin" : 271,  "end" : 277 }, 
        {"sofa" : 12,  "begin" : 279,  "end" : 287 }, 
        {"sofa" : 12,  "begin" : 288,  "end" : 296 }, 
        {"sofa" : 12,  "begin" : 297,  "end" : 305 }, 
        {"sofa" : 12,  "begin" : 306,  "end" : 307 }, 
        {"sofa" : 12,  "begin" : 308,  "end" : 315 }, 
        {"sofa" : 12,  "begin" : 316,  "end" : 318 }, 
        {"sofa" : 12,  "begin" : 319,  "end" : 326 }, 
        {"sofa" : 12,  "begin" : 327,  "end" : 332 }, 
        {"sofa" : 12,  "begin" : 333,  "end" : 338 }, 
        {"sofa" : 12,  "begin" : 339,  "end" : 344 }, 
        {"sofa" : 12,  "begin" : 345,  "end" : 349 }, 
        {"sofa" : 12,  "begin" : 350,  "end" : 352 }, 
        {"sofa" : 12,  "begin" : 353,  "end" : 360 }, 
        {"sofa" : 12,  "begin" : 361,  "end" : 365 }, 
        {"sofa" : 12,  "begin" : 366,  "end" : 368 }, 
        {"sofa" : 12,  "begin" : 369,  "end" : 381 }, 
        {"sofa" : 12,  "begin" : 381,  "end" : 382 }, 
        {"sofa" : 12,  "begin" : 383,  "end" : 386 }, 
        {"sofa" : 12,  "begin" : 387,  "end" : 398 }, 
        {"sofa" : 12,  "begin" : 399,  "end" : 410 }, 
        {"sofa" : 12,  "begin" : 411,  "end" : 414 }, 
        {"sofa" : 12,  "begin" : 415,  "end" : 421 }, 
        {"sofa" : 12,  "begin" : 422,  "end" : 432 }, 
        {"sofa" : 12,  "begin" : 433,  "end" : 440 }, 
        {"sofa" : 12,  "begin" : 441,  "end" : 444 }, 
        {"sofa" : 12,  "begin" : 445,  "end" : 454 }, 
        {"sofa" : 12,  "begin" : 455,  "end" : 459 }, 
        {"sofa" : 12,  "begin" : 460,  "end" : 466 }, 
        {"sofa" : 12,  "begin" : 467,  "end" : 470 }, 
        {"sofa" : 12,  "begin" : 471,  "end" : 475 }, 
        {"sofa" : 12,  "begin" : 476,  "end" : 483 }, 
        {"sofa" : 12,  "begin" : 484,  "end" : 486 }, 
        {"sofa" : 12,  "begin" : 487,  "end" : 489 }, 
        {"sofa" : 12,  "begin" : 490,  "end" : 493 }, 
        {"sofa" : 12,  "begin" : 494,  "end" : 500 }, 
        {"sofa" : 12,  "begin" : 501,  "end" : 506 }, 
        {"sofa" : 12,  "begin" : 506,  "end" : 507 }, 
        {"sofa" : 12,  "begin" : 509,  "end" : 511 }, 
        {"sofa" : 12,  "begin" : 512,  "end" : 515 }, 
        {"sofa" : 12,  "begin" : 516,  "end" : 519 }, 
        {"sofa" : 12,  "begin" : 520,  "end" : 524 }, 
        {"sofa" : 12,  "begin" : 525,  "end" : 536 }, 
        {"sofa" : 12,  "begin" : 537,  "end" : 540 }, 
        {"sofa" : 12,  "begin" : 541,  "end" : 544 }, 
        {"sofa" : 12,  "begin" : 545,  "end" : 550 }, 
        {"sofa" : 12,  "begin" : 551,  "end" : 554 }, 
        {"sofa" : 12,  "begin" : 555,  "end" : 559 }, 
        {"sofa" : 12,  "begin" : 560,  "end" : 572 }, 
        {"sofa" : 12,  "begin" : 573,  "end" : 577 }, 
        {"sofa" : 12,  "begin" : 578,  "end" : 584 }, 
        {"sofa" : 12,  "begin" : 584,  "end" : 585 }, 
        {"sofa" : 12,  "begin" : 586,  "end" : 589 }, 
        {"sofa" : 12,  "begin" : 590,  "end" : 597 }, 
        {"sofa" : 12,  "begin" : 598,  "end" : 605 }, 
        {"sofa" : 12,  "begin" : 606,  "end" : 609 }, 
        {"sofa" : 12,  "begin" : 610,  "end" : 614 }, 
        {"sofa" : 12,  "begin" : 615,  "end" : 621 }, 
        {"sofa" : 12,  "begin" : 622,  "end" : 626 }, 
        {"sofa" : 12,  "begin" : 627,  "end" : 631 }, 
        {"sofa" : 12,  "begin" : 632,  "end" : 641 }, 
        {"sofa" : 12,  "begin" : 642,  "end" : 644 }, 
        {"sofa" : 12,  "begin" : 645,  "end" : 649 }, 
        {"sofa" : 12,  "begin" : 650,  "end" : 656 }, 
        {"sofa" : 12,  "begin" : 656,  "end" : 657 }, 
        {"sofa" : 12,  "begin" : 658,  "end" : 661 }, 
        {"sofa" : 12,  "begin" : 662,  "end" : 667 }, 
        {"sofa" : 12,  "begin" : 668,  "end" : 676 }, 
        {"sofa" : 12,  "begin" : 677,  "end" : 682 }, 
        {"sofa" : 12,  "begin" : 683,  "end" : 688 }, 
        {"sofa" : 12,  "begin" : 689,  "end" : 692 }, 
        {"sofa" : 12,  "begin" : 693,  "end" : 698 }, 
        {"sofa" : 12,  "begin" : 699,  "end" : 702 }, 
        {"sofa" : 12,  "begin" : 703,  "end" : 706 }, 
        {"sofa" : 12,  "begin" : 707,  "end" : 713 }, 
        {"sofa" : 12,  "begin" : 714,  "end" : 718 }, 
        {"sofa" : 12,  "begin" : 719,  "end" : 724 }, 
        {"sofa" : 12,  "begin" : 725,  "end" : 731 }, 
        {"sofa" : 12,  "begin" : 732,  "end" : 737 }, 
        {"sofa" : 12,  "begin" : 738,  "end" : 746 }, 
        {"sofa" : 12,  "begin" : 747,  "end" : 751 }, 
        {"sofa" : 12,  "begin" : 752,  "end" : 755 }, 
        {"sofa" : 12,  "begin" : 756,  "end" : 759 }, 
        {"sofa" : 12,  "begin" : 760,  "end" : 763 }, 
        {"sofa" : 12,  "begin" : 764,  "end" : 767 }, 
        {"sofa" : 12,  "begin" : 768,  "end" : 771 }, 
        {"sofa" : 12,  "begin" : 772,  "end" : 775 }, 
        {"sofa" : 12,  "begin" : 776,  "end" : 777 }, 
        {"sofa" : 12,  "begin" : 778,  "end" : 782 }, 
        {"sofa" : 12,  "begin" : 783,  "end" : 787 }, 
        {"sofa" : 12,  "begin" : 788,  "end" : 793 }, 
        {"sofa" : 12,  "begin" : 793,  "end" : 794 }, 
        {"sofa" : 12,  "begin" : 796,  "end" : 799 }, 
        {"sofa" : 12,  "begin" : 800,  "end" : 806 }, 
        {"sofa" : 12,  "begin" : 807,  "end" : 809 }, 
        {"sofa" : 12,  "begin" : 810,  "end" : 816 }, 
        {"sofa" : 12,  "begin" : 817,  "end" : 820 }, 
        {"sofa" : 12,  "begin" : 821,  "end" : 823 }, 
        {"sofa" : 12,  "begin" : 824,  "end" : 827 }, 
        {"sofa" : 12,  "begin" : 828,  "end" : 831 }, 
        {"sofa" : 12,  "begin" : 832,  "end" : 837 }, 
        {"sofa" : 12,  "begin" : 838,  "end" : 841 }, 
        {"sofa" : 12,  "begin" : 842,  "end" : 847 }, 
        {"sofa" : 12,  "begin" : 848,  "end" : 851 }, 
        {"sofa" : 12,  "begin" : 852,  "end" : 857 }, 
        {"sofa" : 12,  "begin" : 858,  "end" : 860 }, 
        {"sofa" : 12,  "begin" : 861,  "end" : 864 }, 
        {"sofa" : 12,  "begin" : 865,  "end" : 878 }, 
        {"sofa" : 12,  "begin" : 879,  "end" : 882 }, 
        {"sofa" : 12,  "begin" : 883,  "end" : 887 }, 
        {"sofa" : 12,  "begin" : 888,  "end" : 898 }, 
        {"sofa" : 12,  "begin" : 898,  "end" : 899 }, 
        {"sofa" : 12,  "begin" : 901,  "end" : 904 }, 
        {"sofa" : 12,  "begin" : 905,  "end" : 909 }, 
        {"sofa" : 12,  "begin" : 910,  "end" : 917 }, 
        {"sofa" : 12,  "begin" : 918,  "end" : 921 }, 
        {"sofa" : 12,  "begin" : 922,  "end" : 927 }, 
        {"sofa" : 12,  "begin" : 928,  "end" : 936 }, 
        {"sofa" : 12,  "begin" : 937,  "end" : 942 }, 
        {"sofa" : 12,  "begin" : 943,  "end" : 950 }, 
        {"sofa" : 12,  "begin" : 950,  "end" : 951 }, 
        {"sofa" : 12,  "begin" : 952,  "end" : 955 }, 
        {"sofa" : 12,  "begin" : 956,  "end" : 963 }, 
        {"sofa" : 12,  "begin" : 964,  "end" : 975 }, 
        {"sofa" : 12,  "begin" : 975,  "end" : 976 }, 
        {"sofa" : 12,  "begin" : 977,  "end" : 982 }, 
        {"sofa" : 12,  "begin" : 983,  "end" : 986 }, 
        {"sofa" : 12,  "begin" : 987,  "end" : 992 }, 
        {"sofa" : 12,  "begin" : 993,  "end" : 997 }, 
        {"sofa" : 12,  "begin" : 998,  "end" : 1003 }, 
        {"sofa" : 12,  "begin" : 1004,  "end" : 1007 }, 
        {"sofa" : 12,  "begin" : 1008,  "end" : 1013 }, 
        {"sofa" : 12,  "begin" : 1014,  "end" : 1016 }, 
        {"sofa" : 12,  "begin" : 1017,  "end" : 1018 }, 
        {"sofa" : 12,  "begin" : 1018,  "end" : 1024 }, 
        {"sofa" : 12,  "begin" : 1024,  "end" : 1025 }, 
        {"sofa" : 12,  "begin" : 1026,  "end" : 1031 }, 
        {"sofa" : 12,  "begin" : 1032,  "end" : 1035 }, 
        {"sofa" : 12,  "begin" : 1036,  "end" : 1041 }, 
        {"sofa" : 12,  "begin" : 1041,  "end" : 1042 }, 
        {"sofa" : 12,  "begin" : 1046,  "end" : 1050 }, 
        {"sofa" : 12,  "begin" : 1050,  "end" : 1051 }, 
        {"sofa" : 12,  "begin" : 1051,  "end" : 1052 }, 
        {"sofa" : 12,  "begin" : 1052,  "end" : 1053 }, 
        {"sofa" : 12,  "begin" : 1053,  "end" : 1070 }, 
        {"sofa" : 12,  "begin" : 1070,  "end" : 1071 }, 
        {"sofa" : 12,  "begin" : 1071,  "end" : 1073 }, 
        {"sofa" : 12,  "begin" : 1073,  "end" : 1074 }, 
        {"sofa" : 12,  "begin" : 1074,  "end" : 1082 }, 
        {"sofa" : 12,  "begin" : 1082,  "end" : 1083 } ], 
      "Persuasive_Labels" : [
        {"sofa" : 12,  "begin" : 215,  "end" : 277,  "EstablishingLegitimacy" : "Establishing Legitimacy" }, 
        {"sofa" : 12,  "begin" : 215,  "end" : 277,  "EstablishingLegitimacy" : "citing source to establish legitimacy_source verified to be credible" }, 
        {"sofa" : 12,  "begin" : 586,  "end" : 657,  "HighlightingUncertaintyandRisk" : "Highlighting Uncertainty and Risk" }, 
        {"sofa" : 12,  "begin" : 658,  "end" : 794,  "FabricatingNarrativewithDetails" : "Narrative with details_details not verified" }, 
        {"sofa" : 12,  "begin" : 658,  "end" : 794,  "FabricatingNarrativewithDetails" : "Narrative with Details" } ] } }, 
  "_referenced_fss" : {
    "12" : {"_type" : "Sofa",  "sofaNum" : 1,  "sofaID" : "_InitialView",  "mimeType" : "text",  "sofaString" : "﻿tron-01447 E.coli bacteria found in bagged salads?\r\nSource: https://www.snopes.com/fact-check/salad-daze-2/ \r\nFact checking: https://www.truthorfiction.com/salads/ \r\nActual content: \r\n[Collected via e-mail, 2006]\r\nFDA Issues Nationwide Health Alert on Dole Pre-Packaged Salads\r\nDATELINE recently featured a segment on popular salad mixes being sold in plastic bags in supermarkets. The documentary highlighted the entire production process and disclosed that E-coli had been showing up in the bagged salad.\r\nIt has not been ascertained how the salad mix gets contaminated with E-coli, but serious illness and even deaths have been occurring in many states. One woman featured spoke about her child who had almost died after eating salad prepared from the mix and was ill for a long time after.\r\nThe public is warned not to buy any salad mix until the cause of the contamination has been determined.\r\nThe Dole Company has since recalled their product. For further information, check the MSNBC link below and click on \"Launch\" below the salad:\r\n\r\nhttp://www.msnbc.msn.com/id/12536902/\r\n" } } }