{"_context" : {
    "_types" : {
      "DocumentMetaData" : {
        "_feature_types" : {"sofa" : "_ref" } }, 
      "Persuasive_Labels" : {
        "_feature_types" : {"sofa" : "_ref" } }, 
      "Sentence" : {
        "_feature_types" : {"sofa" : "_ref" } }, 
      "Sofa" : {
        "_feature_types" : {"sofaArray" : "_ref" } }, 
      "TagsetDescription" : {
        "_feature_types" : {"sofa" : "_ref",  "tags" : "_ref" } }, 
      "Token" : {
        "_feature_types" : {"sofa" : "_ref",  "parent" : "_ref",  "lemma" : "_ref",  "stem" : "_ref",  "pos" : "_ref",  "morph" : "_ref",  "form" : "_ref" } }, 
      "DocumentAnnotation" : {
        "_feature_types" : {"sofa" : "_ref" }, 
        "_subtypes" : ["DocumentMetaData" ] }, 
      "Annotation" : {
        "_feature_types" : {"sofa" : "_ref" }, 
        "_subtypes" : ["DocumentAnnotation",  "Persuasive_Labels",  "Sentence",  "TagsetDescription",  "Token" ] }, 
      "AnnotationBase" : {
        "_feature_types" : {"sofa" : "_ref" }, 
        "_subtypes" : ["Annotation" ] }, 
      "TOP" : {
        "_subtypes" : ["AnnotationBase",  "Sofa" ] } } }, 
  "_views" : {
    "_InitialView" : {
      "DocumentMetaData" : [
        {"sofa" : 12,  "end" : 2802,  "language" : "x-unspecified",  "documentTitle" : "90.%20snes-01360%20An%20increase%20in%20documented%20cases%20of%20people%20scromiting%20is%20linked%20to%20chronic%20heavy%20marijuana%20use.%20.txt",  "documentId" : "admin",  "documentUri" : "file:/C:/Users/huiyi/.webanno/repository/project/4/document/266/source/admin",  "collectionId" : "file:/C:/Users/huiyi/.webanno/repository/project/4/document/266/source/",  "documentBaseUri" : "file:/C:/Users/huiyi/.webanno/repository/project/4/document/266/source/",  "isLastSegment" : false } ], 
      "TagsetDescription" : [
        {"sofa" : 12,  "layer" : "de.tudarmstadt.ukp.dkpro.core.api.syntax.type.dependency.Dependency",  "name" : "UD Universal Dependencies (v2)",  "input" : false }, 
        {"sofa" : 12,  "layer" : "de.tudarmstadt.ukp.dkpro.core.api.ner.type.NamedEntity",  "name" : "Named Entity tags",  "input" : false }, 
        {"sofa" : 12,  "layer" : "de.tudarmstadt.ukp.dkpro.core.api.transform.type.SofaChangeAnnotation",  "name" : "Operation",  "input" : false }, 
        {"sofa" : 12,  "layer" : "de.tudarmstadt.ukp.dkpro.core.api.lexmorph.type.pos.POS",  "name" : "UD Universal POS tags (v2)",  "input" : false }, 
        {"sofa" : 12,  "layer" : "webanno.custom.Persuasive_Labels",  "name" : "2. Using Anecdotes and Personal Experience as Evidence",  "input" : false } ], 
      "Sentence" : [
        {"sofa" : 12,  "end" : 135 }, 
        {"sofa" : 12,  "begin" : 138,  "end" : 518 }, 
        {"sofa" : 12,  "begin" : 520,  "end" : 676 }, 
        {"sofa" : 12,  "begin" : 678,  "end" : 843 }, 
        {"sofa" : 12,  "begin" : 845,  "end" : 1014 }, 
        {"sofa" : 12,  "begin" : 1016,  "end" : 1167 }, 
        {"sofa" : 12,  "begin" : 1168,  "end" : 1227 }, 
        {"sofa" : 12,  "begin" : 1229,  "end" : 1318 }, 
        {"sofa" : 12,  "begin" : 1320,  "end" : 1422 }, 
        {"sofa" : 12,  "begin" : 1424,  "end" : 1476 }, 
        {"sofa" : 12,  "begin" : 1478,  "end" : 1581 }, 
        {"sofa" : 12,  "begin" : 1583,  "end" : 1780 }, 
        {"sofa" : 12,  "begin" : 1782,  "end" : 2108 }, 
        {"sofa" : 12,  "begin" : 2110,  "end" : 2269 }, 
        {"sofa" : 12,  "begin" : 2271,  "end" : 2517 }, 
        {"sofa" : 12,  "begin" : 2519,  "end" : 2594 }, 
        {"sofa" : 12,  "begin" : 2595,  "end" : 2750 }, 
        {"sofa" : 12,  "begin" : 2751,  "end" : 2798 } ], 
      "Token" : [
        {"sofa" : 12,  "end" : 5 }, 
        {"sofa" : 12,  "begin" : 5,  "end" : 6 }, 
        {"sofa" : 12,  "begin" : 6,  "end" : 11 }, 
        {"sofa" : 12,  "begin" : 12,  "end" : 14 }, 
        {"sofa" : 12,  "begin" : 15,  "end" : 23 }, 
        {"sofa" : 12,  "begin" : 24,  "end" : 26 }, 
        {"sofa" : 12,  "begin" : 27,  "end" : 37 }, 
        {"sofa" : 12,  "begin" : 38,  "end" : 43 }, 
        {"sofa" : 12,  "begin" : 44,  "end" : 46 }, 
        {"sofa" : 12,  "begin" : 47,  "end" : 53 }, 
        {"sofa" : 12,  "begin" : 54,  "end" : 55 }, 
        {"sofa" : 12,  "begin" : 55,  "end" : 65 }, 
        {"sofa" : 12,  "begin" : 65,  "end" : 66 }, 
        {"sofa" : 12,  "begin" : 67,  "end" : 68 }, 
        {"sofa" : 12,  "begin" : 68,  "end" : 77 }, 
        {"sofa" : 12,  "begin" : 78,  "end" : 83 }, 
        {"sofa" : 12,  "begin" : 84,  "end" : 92 }, 
        {"sofa" : 12,  "begin" : 92,  "end" : 93 }, 
        {"sofa" : 12,  "begin" : 94,  "end" : 96 }, 
        {"sofa" : 12,  "begin" : 97,  "end" : 103 }, 
        {"sofa" : 12,  "begin" : 104,  "end" : 106 }, 
        {"sofa" : 12,  "begin" : 107,  "end" : 114 }, 
        {"sofa" : 12,  "begin" : 115,  "end" : 120 }, 
        {"sofa" : 12,  "begin" : 121,  "end" : 130 }, 
        {"sofa" : 12,  "begin" : 131,  "end" : 134 }, 
        {"sofa" : 12,  "begin" : 134,  "end" : 135 }, 
        {"sofa" : 12,  "begin" : 138,  "end" : 144 }, 
        {"sofa" : 12,  "begin" : 144,  "end" : 145 }, 
        {"sofa" : 12,  "begin" : 146,  "end" : 151 }, 
        {"sofa" : 12,  "begin" : 151,  "end" : 152 }, 
        {"sofa" : 12,  "begin" : 152,  "end" : 153 }, 
        {"sofa" : 12,  "begin" : 153,  "end" : 154 }, 
        {"sofa" : 12,  "begin" : 154,  "end" : 164 }, 
        {"sofa" : 12,  "begin" : 164,  "end" : 165 }, 
        {"sofa" : 12,  "begin" : 165,  "end" : 170 }, 
        {"sofa" : 12,  "begin" : 173,  "end" : 177 }, 
        {"sofa" : 12,  "begin" : 178,  "end" : 186 }, 
        {"sofa" : 12,  "begin" : 186,  "end" : 187 }, 
        {"sofa" : 12,  "begin" : 188,  "end" : 193 }, 
        {"sofa" : 12,  "begin" : 193,  "end" : 194 }, 
        {"sofa" : 12,  "begin" : 194,  "end" : 195 }, 
        {"sofa" : 12,  "begin" : 195,  "end" : 196 }, 
        {"sofa" : 12,  "begin" : 196,  "end" : 210 }, 
        {"sofa" : 12,  "begin" : 210,  "end" : 211 }, 
        {"sofa" : 12,  "begin" : 211,  "end" : 221 }, 
        {"sofa" : 12,  "begin" : 221,  "end" : 222 }, 
        {"sofa" : 12,  "begin" : 222,  "end" : 266 }, 
        {"sofa" : 12,  "begin" : 266,  "end" : 267 }, 
        {"sofa" : 12,  "begin" : 270,  "end" : 276 }, 
        {"sofa" : 12,  "begin" : 277,  "end" : 284 }, 
        {"sofa" : 12,  "begin" : 284,  "end" : 285 }, 
        {"sofa" : 12,  "begin" : 288,  "end" : 294 }, 
        {"sofa" : 12,  "begin" : 295,  "end" : 298 }, 
        {"sofa" : 12,  "begin" : 299,  "end" : 300 }, 
        {"sofa" : 12,  "begin" : 300,  "end" : 310 }, 
        {"sofa" : 12,  "begin" : 310,  "end" : 311 }, 
        {"sofa" : 12,  "begin" : 312,  "end" : 317 }, 
        {"sofa" : 12,  "begin" : 318,  "end" : 325 }, 
        {"sofa" : 12,  "begin" : 326,  "end" : 329 }, 
        {"sofa" : 12,  "begin" : 330,  "end" : 334 }, 
        {"sofa" : 12,  "begin" : 335,  "end" : 343 }, 
        {"sofa" : 12,  "begin" : 345,  "end" : 351 }, 
        {"sofa" : 12,  "begin" : 352,  "end" : 358 }, 
        {"sofa" : 12,  "begin" : 359,  "end" : 366 }, 
        {"sofa" : 12,  "begin" : 367,  "end" : 368 }, 
        {"sofa" : 12,  "begin" : 369,  "end" : 372 }, 
        {"sofa" : 12,  "begin" : 373,  "end" : 377 }, 
        {"sofa" : 12,  "begin" : 378,  "end" : 379 }, 
        {"sofa" : 12,  "begin" : 379,  "end" : 380 }, 
        {"sofa" : 12,  "begin" : 380,  "end" : 382 }, 
        {"sofa" : 12,  "begin" : 383,  "end" : 385 }, 
        {"sofa" : 12,  "begin" : 389,  "end" : 397 }, 
        {"sofa" : 12,  "begin" : 398,  "end" : 400 }, 
        {"sofa" : 12,  "begin" : 401,  "end" : 407 }, 
        {"sofa" : 12,  "begin" : 408,  "end" : 409 }, 
        {"sofa" : 12,  "begin" : 410,  "end" : 415 }, 
        {"sofa" : 12,  "begin" : 416,  "end" : 423 }, 
        {"sofa" : 12,  "begin" : 424,  "end" : 430 }, 
        {"sofa" : 12,  "begin" : 431,  "end" : 433 }, 
        {"sofa" : 12,  "begin" : 434,  "end" : 438 }, 
        {"sofa" : 12,  "begin" : 439,  "end" : 446 }, 
        {"sofa" : 12,  "begin" : 447,  "end" : 454 }, 
        {"sofa" : 12,  "begin" : 455,  "end" : 457 }, 
        {"sofa" : 12,  "begin" : 458,  "end" : 461 }, 
        {"sofa" : 12,  "begin" : 462,  "end" : 464 }, 
        {"sofa" : 12,  "begin" : 464,  "end" : 465 }, 
        {"sofa" : 12,  "begin" : 466,  "end" : 471 }, 
        {"sofa" : 12,  "begin" : 472,  "end" : 474 }, 
        {"sofa" : 12,  "begin" : 475,  "end" : 478 }, 
        {"sofa" : 12,  "begin" : 479,  "end" : 487 }, 
        {"sofa" : 12,  "begin" : 488,  "end" : 492 }, 
        {"sofa" : 12,  "begin" : 493,  "end" : 502 }, 
        {"sofa" : 12,  "begin" : 503,  "end" : 505 }, 
        {"sofa" : 12,  "begin" : 506,  "end" : 510 }, 
        {"sofa" : 12,  "begin" : 511,  "end" : 517 }, 
        {"sofa" : 12,  "begin" : 517,  "end" : 518 }, 
        {"sofa" : 12,  "begin" : 520,  "end" : 527 }, 
        {"sofa" : 12,  "begin" : 528,  "end" : 532 }, 
        {"sofa" : 12,  "begin" : 533,  "end" : 538 }, 
        {"sofa" : 12,  "begin" : 539,  "end" : 543 }, 
        {"sofa" : 12,  "begin" : 544,  "end" : 548 }, 
        {"sofa" : 12,  "begin" : 549,  "end" : 554 }, 
        {"sofa" : 12,  "begin" : 555,  "end" : 557 }, 
        {"sofa" : 12,  "begin" : 558,  "end" : 566 }, 
        {"sofa" : 12,  "begin" : 567,  "end" : 572 }, 
        {"sofa" : 12,  "begin" : 573,  "end" : 582 }, 
        {"sofa" : 12,  "begin" : 583,  "end" : 590 }, 
        {"sofa" : 12,  "begin" : 591,  "end" : 596 }, 
        {"sofa" : 12,  "begin" : 597,  "end" : 599 }, 
        {"sofa" : 12,  "begin" : 600,  "end" : 601 }, 
        {"sofa" : 12,  "begin" : 601,  "end" : 611 }, 
        {"sofa" : 12,  "begin" : 611,  "end" : 612 }, 
        {"sofa" : 12,  "begin" : 613,  "end" : 614 }, 
        {"sofa" : 12,  "begin" : 615,  "end" : 620 }, 
        {"sofa" : 12,  "begin" : 621,  "end" : 626 }, 
        {"sofa" : 12,  "begin" : 627,  "end" : 631 }, 
        {"sofa" : 12,  "begin" : 632,  "end" : 635 }, 
        {"sofa" : 12,  "begin" : 636,  "end" : 645 }, 
        {"sofa" : 12,  "begin" : 646,  "end" : 649 }, 
        {"sofa" : 12,  "begin" : 650,  "end" : 658 }, 
        {"sofa" : 12,  "begin" : 659,  "end" : 661 }, 
        {"sofa" : 12,  "begin" : 662,  "end" : 665 }, 
        {"sofa" : 12,  "begin" : 666,  "end" : 670 }, 
        {"sofa" : 12,  "begin" : 671,  "end" : 675 }, 
        {"sofa" : 12,  "begin" : 675,  "end" : 676 }, 
        {"sofa" : 12,  "begin" : 678,  "end" : 682 }, 
        {"sofa" : 12,  "begin" : 683,  "end" : 686 }, 
        {"sofa" : 12,  "begin" : 687,  "end" : 691 }, 
        {"sofa" : 12,  "begin" : 692,  "end" : 695 }, 
        {"sofa" : 12,  "begin" : 696,  "end" : 704 }, 
        {"sofa" : 12,  "begin" : 705,  "end" : 707 }, 
        {"sofa" : 12,  "begin" : 708,  "end" : 713 }, 
        {"sofa" : 12,  "begin" : 714,  "end" : 716 }, 
        {"sofa" : 12,  "begin" : 717,  "end" : 726 }, 
        {"sofa" : 12,  "begin" : 727,  "end" : 732 }, 
        {"sofa" : 12,  "begin" : 733,  "end" : 739 }, 
        {"sofa" : 12,  "begin" : 740,  "end" : 743 }, 
        {"sofa" : 12,  "begin" : 744,  "end" : 746 }, 
        {"sofa" : 12,  "begin" : 746,  "end" : 747 }, 
        {"sofa" : 12,  "begin" : 748,  "end" : 751 }, 
        {"sofa" : 12,  "begin" : 752,  "end" : 755 }, 
        {"sofa" : 12,  "begin" : 756,  "end" : 762 }, 
        {"sofa" : 12,  "begin" : 763,  "end" : 767 }, 
        {"sofa" : 12,  "begin" : 768,  "end" : 771 }, 
        {"sofa" : 12,  "begin" : 772,  "end" : 776 }, 
        {"sofa" : 12,  "begin" : 777,  "end" : 783 }, 
        {"sofa" : 12,  "begin" : 784,  "end" : 788 }, 
        {"sofa" : 12,  "begin" : 789,  "end" : 791 }, 
        {"sofa" : 12,  "begin" : 792,  "end" : 799 }, 
        {"sofa" : 12,  "begin" : 800,  "end" : 802 }, 
        {"sofa" : 12,  "begin" : 803,  "end" : 807 }, 
        {"sofa" : 12,  "begin" : 808,  "end" : 811 }, 
        {"sofa" : 12,  "begin" : 812,  "end" : 820 }, 
        {"sofa" : 12,  "begin" : 821,  "end" : 823 }, 
        {"sofa" : 12,  "begin" : 824,  "end" : 827 }, 
        {"sofa" : 12,  "begin" : 828,  "end" : 832 }, 
        {"sofa" : 12,  "begin" : 833,  "end" : 836 }, 
        {"sofa" : 12,  "begin" : 837,  "end" : 842 }, 
        {"sofa" : 12,  "begin" : 842,  "end" : 843 }, 
        {"sofa" : 12,  "begin" : 845,  "end" : 848 }, 
        {"sofa" : 12,  "begin" : 849,  "end" : 857 }, 
        {"sofa" : 12,  "begin" : 858,  "end" : 861 }, 
        {"sofa" : 12,  "begin" : 862,  "end" : 872 }, 
        {"sofa" : 12,  "begin" : 873,  "end" : 875 }, 
        {"sofa" : 12,  "begin" : 876,  "end" : 882 }, 
        {"sofa" : 12,  "begin" : 883,  "end" : 885 }, 
        {"sofa" : 12,  "begin" : 886,  "end" : 887 }, 
        {"sofa" : 12,  "begin" : 888,  "end" : 897 }, 
        {"sofa" : 12,  "begin" : 898,  "end" : 904 }, 
        {"sofa" : 12,  "begin" : 905,  "end" : 916 }, 
        {"sofa" : 12,  "begin" : 917,  "end" : 928 }, 
        {"sofa" : 12,  "begin" : 929,  "end" : 937 }, 
        {"sofa" : 12,  "begin" : 938,  "end" : 939 }, 
        {"sofa" : 12,  "begin" : 939,  "end" : 942 }, 
        {"sofa" : 12,  "begin" : 942,  "end" : 943 }, 
        {"sofa" : 12,  "begin" : 944,  "end" : 949 }, 
        {"sofa" : 12,  "begin" : 950,  "end" : 957 }, 
        {"sofa" : 12,  "begin" : 958,  "end" : 964 }, 
        {"sofa" : 12,  "begin" : 965,  "end" : 968 }, 
        {"sofa" : 12,  "begin" : 969,  "end" : 973 }, 
        {"sofa" : 12,  "begin" : 974,  "end" : 982 }, 
        {"sofa" : 12,  "begin" : 983,  "end" : 987 }, 
        {"sofa" : 12,  "begin" : 988,  "end" : 991 }, 
        {"sofa" : 12,  "begin" : 992,  "end" : 993 }, 
        {"sofa" : 12,  "begin" : 994,  "end" : 998 }, 
        {"sofa" : 12,  "begin" : 999,  "end" : 1005 }, 
        {"sofa" : 12,  "begin" : 1006,  "end" : 1008 }, 
        {"sofa" : 12,  "begin" : 1009,  "end" : 1013 }, 
        {"sofa" : 12,  "begin" : 1013,  "end" : 1014 }, 
        {"sofa" : 12,  "begin" : 1016,  "end" : 1019 }, 
        {"sofa" : 12,  "begin" : 1020,  "end" : 1027 }, 
        {"sofa" : 12,  "begin" : 1028,  "end" : 1030 }, 
        {"sofa" : 12,  "begin" : 1031,  "end" : 1034 }, 
        {"sofa" : 12,  "begin" : 1035,  "end" : 1043 }, 
        {"sofa" : 12,  "begin" : 1044,  "end" : 1054 }, 
        {"sofa" : 12,  "begin" : 1054,  "end" : 1055 }, 
        {"sofa" : 12,  "begin" : 1056,  "end" : 1059 }, 
        {"sofa" : 12,  "begin" : 1060,  "end" : 1064 }, 
        {"sofa" : 12,  "begin" : 1065,  "end" : 1070 }, 
        {"sofa" : 12,  "begin" : 1071,  "end" : 1075 }, 
        {"sofa" : 12,  "begin" : 1076,  "end" : 1079 }, 
        {"sofa" : 12,  "begin" : 1080,  "end" : 1084 }, 
        {"sofa" : 12,  "begin" : 1085,  "end" : 1095 }, 
        {"sofa" : 12,  "begin" : 1096,  "end" : 1099 }, 
        {"sofa" : 12,  "begin" : 1100,  "end" : 1102 }, 
        {"sofa" : 12,  "begin" : 1103,  "end" : 1107 }, 
        {"sofa" : 12,  "begin" : 1108,  "end" : 1110 }, 
        {"sofa" : 12,  "begin" : 1111,  "end" : 1113 }, 
        {"sofa" : 12,  "begin" : 1114,  "end" : 1117 }, 
        {"sofa" : 12,  "begin" : 1118,  "end" : 1127 }, 
        {"sofa" : 12,  "begin" : 1128,  "end" : 1130 }, 
        {"sofa" : 12,  "begin" : 1131,  "end" : 1135 }, 
        {"sofa" : 12,  "begin" : 1136,  "end" : 1138 }, 
        {"sofa" : 12,  "begin" : 1139,  "end" : 1146 }, 
        {"sofa" : 12,  "begin" : 1147,  "end" : 1155 }, 
        {"sofa" : 12,  "begin" : 1156,  "end" : 1166 }, 
        {"sofa" : 12,  "begin" : 1166,  "end" : 1167 }, 
        {"sofa" : 12,  "begin" : 1168,  "end" : 1172 }, 
        {"sofa" : 12,  "begin" : 1173,  "end" : 1179 }, 
        {"sofa" : 12,  "begin" : 1180,  "end" : 1184 }, 
        {"sofa" : 12,  "begin" : 1185,  "end" : 1188 }, 
        {"sofa" : 12,  "begin" : 1189,  "end" : 1198 }, 
        {"sofa" : 12,  "begin" : 1199,  "end" : 1205 }, 
        {"sofa" : 12,  "begin" : 1206,  "end" : 1208 }, 
        {"sofa" : 12,  "begin" : 1209,  "end" : 1215 }, 
        {"sofa" : 12,  "begin" : 1216,  "end" : 1217 }, 
        {"sofa" : 12,  "begin" : 1218,  "end" : 1221 }, 
        {"sofa" : 12,  "begin" : 1222,  "end" : 1226 }, 
        {"sofa" : 12,  "begin" : 1226,  "end" : 1227 }, 
        {"sofa" : 12,  "begin" : 1229,  "end" : 1238 }, 
        {"sofa" : 12,  "begin" : 1239,  "end" : 1244 }, 
        {"sofa" : 12,  "begin" : 1245,  "end" : 1250 }, 
        {"sofa" : 12,  "begin" : 1250,  "end" : 1251 }, 
        {"sofa" : 12,  "begin" : 1252,  "end" : 1253 }, 
        {"sofa" : 12,  "begin" : 1254,  "end" : 1256 }, 
        {"sofa" : 12,  "begin" : 1256,  "end" : 1257 }, 
        {"sofa" : 12,  "begin" : 1257,  "end" : 1265 }, 
        {"sofa" : 12,  "begin" : 1266,  "end" : 1270 }, 
        {"sofa" : 12,  "begin" : 1271,  "end" : 1274 }, 
        {"sofa" : 12,  "begin" : 1275,  "end" : 1280 }, 
        {"sofa" : 12,  "begin" : 1280,  "end" : 1281 }, 
        {"sofa" : 12,  "begin" : 1282,  "end" : 1285 }, 
        {"sofa" : 12,  "begin" : 1286,  "end" : 1297 }, 
        {"sofa" : 12,  "begin" : 1298,  "end" : 1302 }, 
        {"sofa" : 12,  "begin" : 1303,  "end" : 1307 }, 
        {"sofa" : 12,  "begin" : 1308,  "end" : 1317 }, 
        {"sofa" : 12,  "begin" : 1317,  "end" : 1318 }, 
        {"sofa" : 12,  "begin" : 1320,  "end" : 1323 }, 
        {"sofa" : 12,  "begin" : 1324,  "end" : 1328 }, 
        {"sofa" : 12,  "begin" : 1329,  "end" : 1332 }, 
        {"sofa" : 12,  "begin" : 1333,  "end" : 1337 }, 
        {"sofa" : 12,  "begin" : 1338,  "end" : 1341 }, 
        {"sofa" : 12,  "begin" : 1342,  "end" : 1351 }, 
        {"sofa" : 12,  "begin" : 1352,  "end" : 1354 }, 
        {"sofa" : 12,  "begin" : 1355,  "end" : 1358 }, 
        {"sofa" : 12,  "begin" : 1359,  "end" : 1363 }, 
        {"sofa" : 12,  "begin" : 1364,  "end" : 1367 }, 
        {"sofa" : 12,  "begin" : 1368,  "end" : 1373 }, 
        {"sofa" : 12,  "begin" : 1374,  "end" : 1376 }, 
        {"sofa" : 12,  "begin" : 1377,  "end" : 1379 }, 
        {"sofa" : 12,  "begin" : 1380,  "end" : 1383 }, 
        {"sofa" : 12,  "begin" : 1384,  "end" : 1389 }, 
        {"sofa" : 12,  "begin" : 1389,  "end" : 1390 }, 
        {"sofa" : 12,  "begin" : 1391,  "end" : 1399 }, 
        {"sofa" : 12,  "begin" : 1400,  "end" : 1403 }, 
        {"sofa" : 12,  "begin" : 1404,  "end" : 1411 }, 
        {"sofa" : 12,  "begin" : 1412,  "end" : 1416 }, 
        {"sofa" : 12,  "begin" : 1417,  "end" : 1421 }, 
        {"sofa" : 12,  "begin" : 1421,  "end" : 1422 }, 
        {"sofa" : 12,  "begin" : 1424,  "end" : 1425 }, 
        {"sofa" : 12,  "begin" : 1425,  "end" : 1429 }, 
        {"sofa" : 12,  "begin" : 1430,  "end" : 1438 }, 
        {"sofa" : 12,  "begin" : 1439,  "end" : 1442 }, 
        {"sofa" : 12,  "begin" : 1443,  "end" : 1446 }, 
        {"sofa" : 12,  "begin" : 1447,  "end" : 1452 }, 
        {"sofa" : 12,  "begin" : 1452,  "end" : 1453 }, 
        {"sofa" : 12,  "begin" : 1453,  "end" : 1454 }, 
        {"sofa" : 12,  "begin" : 1455,  "end" : 1456 }, 
        {"sofa" : 12,  "begin" : 1456,  "end" : 1457 }, 
        {"sofa" : 12,  "begin" : 1457,  "end" : 1458 }, 
        {"sofa" : 12,  "begin" : 1459,  "end" : 1462 }, 
        {"sofa" : 12,  "begin" : 1463,  "end" : 1467 }, 
        {"sofa" : 12,  "begin" : 1468,  "end" : 1471 }, 
        {"sofa" : 12,  "begin" : 1472,  "end" : 1473 }, 
        {"sofa" : 12,  "begin" : 1473,  "end" : 1474 }, 
        {"sofa" : 12,  "begin" : 1474,  "end" : 1475 }, 
        {"sofa" : 12,  "begin" : 1475,  "end" : 1476 }, 
        {"sofa" : 12,  "begin" : 1478,  "end" : 1479 }, 
        {"sofa" : 12,  "begin" : 1479,  "end" : 1483 }, 
        {"sofa" : 12,  "begin" : 1484,  "end" : 1489 }, 
        {"sofa" : 12,  "begin" : 1490,  "end" : 1493 }, 
        {"sofa" : 12,  "begin" : 1494,  "end" : 1497 }, 
        {"sofa" : 12,  "begin" : 1498,  "end" : 1500 }, 
        {"sofa" : 12,  "begin" : 1501,  "end" : 1504 }, 
        {"sofa" : 12,  "begin" : 1504,  "end" : 1505 }, 
        {"sofa" : 12,  "begin" : 1506,  "end" : 1511 }, 
        {"sofa" : 12,  "begin" : 1512,  "end" : 1516 }, 
        {"sofa" : 12,  "begin" : 1517,  "end" : 1521 }, 
        {"sofa" : 12,  "begin" : 1522,  "end" : 1525 }, 
        {"sofa" : 12,  "begin" : 1526,  "end" : 1528 }, 
        {"sofa" : 12,  "begin" : 1529,  "end" : 1534 }, 
        {"sofa" : 12,  "begin" : 1534,  "end" : 1535 }, 
        {"sofa" : 12,  "begin" : 1536,  "end" : 1544 }, 
        {"sofa" : 12,  "begin" : 1545,  "end" : 1548 }, 
        {"sofa" : 12,  "begin" : 1549,  "end" : 1558 }, 
        {"sofa" : 12,  "begin" : 1559,  "end" : 1562 }, 
        {"sofa" : 12,  "begin" : 1563,  "end" : 1568 }, 
        {"sofa" : 12,  "begin" : 1569,  "end" : 1573 }, 
        {"sofa" : 12,  "begin" : 1574,  "end" : 1576 }, 
        {"sofa" : 12,  "begin" : 1577,  "end" : 1579 }, 
        {"sofa" : 12,  "begin" : 1579,  "end" : 1580 }, 
        {"sofa" : 12,  "begin" : 1580,  "end" : 1581 }, 
        {"sofa" : 12,  "begin" : 1583,  "end" : 1586 }, 
        {"sofa" : 12,  "begin" : 1587,  "end" : 1594 }, 
        {"sofa" : 12,  "begin" : 1595,  "end" : 1602 }, 
        {"sofa" : 12,  "begin" : 1603,  "end" : 1608 }, 
        {"sofa" : 12,  "begin" : 1609,  "end" : 1612 }, 
        {"sofa" : 12,  "begin" : 1613,  "end" : 1617 }, 
        {"sofa" : 12,  "begin" : 1618,  "end" : 1622 }, 
        {"sofa" : 12,  "begin" : 1623,  "end" : 1630 }, 
        {"sofa" : 12,  "begin" : 1631,  "end" : 1640 }, 
        {"sofa" : 12,  "begin" : 1641,  "end" : 1644 }, 
        {"sofa" : 12,  "begin" : 1645,  "end" : 1646 }, 
        {"sofa" : 12,  "begin" : 1647,  "end" : 1651 }, 
        {"sofa" : 12,  "begin" : 1652,  "end" : 1656 }, 
        {"sofa" : 12,  "begin" : 1656,  "end" : 1657 }, 
        {"sofa" : 12,  "begin" : 1658,  "end" : 1662 }, 
        {"sofa" : 12,  "begin" : 1663,  "end" : 1666 }, 
        {"sofa" : 12,  "begin" : 1667,  "end" : 1672 }, 
        {"sofa" : 12,  "begin" : 1673,  "end" : 1683 }, 
        {"sofa" : 12,  "begin" : 1684,  "end" : 1690 }, 
        {"sofa" : 12,  "begin" : 1691,  "end" : 1696 }, 
        {"sofa" : 12,  "begin" : 1697,  "end" : 1701 }, 
        {"sofa" : 12,  "begin" : 1702,  "end" : 1704 }, 
        {"sofa" : 12,  "begin" : 1705,  "end" : 1706 }, 
        {"sofa" : 12,  "begin" : 1706,  "end" : 1707 }, 
        {"sofa" : 12,  "begin" : 1707,  "end" : 1708 }, 
        {"sofa" : 12,  "begin" : 1709,  "end" : 1716 }, 
        {"sofa" : 12,  "begin" : 1717,  "end" : 1725 }, 
        {"sofa" : 12,  "begin" : 1726,  "end" : 1733 }, 
        {"sofa" : 12,  "begin" : 1734,  "end" : 1739 }, 
        {"sofa" : 12,  "begin" : 1740,  "end" : 1743 }, 
        {"sofa" : 12,  "begin" : 1744,  "end" : 1749 }, 
        {"sofa" : 12,  "begin" : 1750,  "end" : 1754 }, 
        {"sofa" : 12,  "begin" : 1755,  "end" : 1756 }, 
        {"sofa" : 12,  "begin" : 1757,  "end" : 1760 }, 
        {"sofa" : 12,  "begin" : 1761,  "end" : 1762 }, 
        {"sofa" : 12,  "begin" : 1762,  "end" : 1763 }, 
        {"sofa" : 12,  "begin" : 1763,  "end" : 1764 }, 
        {"sofa" : 12,  "begin" : 1765,  "end" : 1767 }, 
        {"sofa" : 12,  "begin" : 1768,  "end" : 1775 }, 
        {"sofa" : 12,  "begin" : 1776,  "end" : 1779 }, 
        {"sofa" : 12,  "begin" : 1779,  "end" : 1780 }, 
        {"sofa" : 12,  "begin" : 1782,  "end" : 1783 }, 
        {"sofa" : 12,  "begin" : 1783,  "end" : 1786 }, 
        {"sofa" : 12,  "begin" : 1787,  "end" : 1795 }, 
        {"sofa" : 12,  "begin" : 1796,  "end" : 1799 }, 
        {"sofa" : 12,  "begin" : 1800,  "end" : 1805 }, 
        {"sofa" : 12,  "begin" : 1806,  "end" : 1815 }, 
        {"sofa" : 12,  "begin" : 1816,  "end" : 1818 }, 
        {"sofa" : 12,  "begin" : 1819,  "end" : 1823 }, 
        {"sofa" : 12,  "begin" : 1824,  "end" : 1826 }, 
        {"sofa" : 12,  "begin" : 1827,  "end" : 1832 }, 
        {"sofa" : 12,  "begin" : 1833,  "end" : 1836 }, 
        {"sofa" : 12,  "begin" : 1837,  "end" : 1847 }, 
        {"sofa" : 12,  "begin" : 1848,  "end" : 1851 }, 
        {"sofa" : 12,  "begin" : 1852,  "end" : 1854 }, 
        {"sofa" : 12,  "begin" : 1855,  "end" : 1868 }, 
        {"sofa" : 12,  "begin" : 1869,  "end" : 1871 }, 
        {"sofa" : 12,  "begin" : 1872,  "end" : 1879 }, 
        {"sofa" : 12,  "begin" : 1880,  "end" : 1888 }, 
        {"sofa" : 12,  "begin" : 1889,  "end" : 1892 }, 
        {"sofa" : 12,  "begin" : 1892,  "end" : 1893 }, 
        {"sofa" : 12,  "begin" : 1894,  "end" : 1900 }, 
        {"sofa" : 12,  "begin" : 1901,  "end" : 1909 }, 
        {"sofa" : 12,  "begin" : 1910,  "end" : 1912 }, 
        {"sofa" : 12,  "begin" : 1913,  "end" : 1919 }, 
        {"sofa" : 12,  "begin" : 1920,  "end" : 1923 }, 
        {"sofa" : 12,  "begin" : 1924,  "end" : 1932 }, 
        {"sofa" : 12,  "begin" : 1932,  "end" : 1933 }, 
        {"sofa" : 12,  "begin" : 1934,  "end" : 1937 }, 
        {"sofa" : 12,  "begin" : 1938,  "end" : 1941 }, 
        {"sofa" : 12,  "begin" : 1942,  "end" : 1949 }, 
        {"sofa" : 12,  "begin" : 1950,  "end" : 1959 }, 
        {"sofa" : 12,  "begin" : 1960,  "end" : 1962 }, 
        {"sofa" : 12,  "begin" : 1963,  "end" : 1966 }, 
        {"sofa" : 12,  "begin" : 1967,  "end" : 1974 }, 
        {"sofa" : 12,  "begin" : 1974,  "end" : 1975 }, 
        {"sofa" : 12,  "begin" : 1975,  "end" : 1976 }, 
        {"sofa" : 12,  "begin" : 1977,  "end" : 1984 }, 
        {"sofa" : 12,  "begin" : 1985,  "end" : 1990 }, 
        {"sofa" : 12,  "begin" : 1990,  "end" : 1991 }, 
        {"sofa" : 12,  "begin" : 1993,  "end" : 1994 }, 
        {"sofa" : 12,  "begin" : 1994,  "end" : 1995 }, 
        {"sofa" : 12,  "begin" : 1995,  "end" : 1996 }, 
        {"sofa" : 12,  "begin" : 2000,  "end" : 2004 }, 
        {"sofa" : 12,  "begin" : 2005,  "end" : 2009 }, 
        {"sofa" : 12,  "begin" : 2010,  "end" : 2019 }, 
        {"sofa" : 12,  "begin" : 2020,  "end" : 2024 }, 
        {"sofa" : 12,  "begin" : 2025,  "end" : 2028 }, 
        {"sofa" : 12,  "begin" : 2029,  "end" : 2031 }, 
        {"sofa" : 12,  "begin" : 2032,  "end" : 2038 }, 
        {"sofa" : 12,  "begin" : 2039,  "end" : 2041 }, 
        {"sofa" : 12,  "begin" : 2042,  "end" : 2043 }, 
        {"sofa" : 12,  "begin" : 2044,  "end" : 2052 }, 
        {"sofa" : 12,  "begin" : 2053,  "end" : 2055 }, 
        {"sofa" : 12,  "begin" : 2056,  "end" : 2068 }, 
        {"sofa" : 12,  "begin" : 2069,  "end" : 2071 }, 
        {"sofa" : 12,  "begin" : 2072,  "end" : 2075 }, 
        {"sofa" : 12,  "begin" : 2076,  "end" : 2080 }, 
        {"sofa" : 12,  "begin" : 2081,  "end" : 2085 }, 
        {"sofa" : 12,  "begin" : 2086,  "end" : 2087 }, 
        {"sofa" : 12,  "begin" : 2088,  "end" : 2092 }, 
        {"sofa" : 12,  "begin" : 2093,  "end" : 2099 }, 
        {"sofa" : 12,  "begin" : 2100,  "end" : 2102 }, 
        {"sofa" : 12,  "begin" : 2103,  "end" : 2107 }, 
        {"sofa" : 12,  "begin" : 2107,  "end" : 2108 }, 
        {"sofa" : 12,  "begin" : 2110,  "end" : 2114 }, 
        {"sofa" : 12,  "begin" : 2115,  "end" : 2118 }, 
        {"sofa" : 12,  "begin" : 2119,  "end" : 2125 }, 
        {"sofa" : 12,  "begin" : 2126,  "end" : 2129 }, 
        {"sofa" : 12,  "begin" : 2130,  "end" : 2138 }, 
        {"sofa" : 12,  "begin" : 2139,  "end" : 2141 }, 
        {"sofa" : 12,  "begin" : 2142,  "end" : 2153 }, 
        {"sofa" : 12,  "begin" : 2154,  "end" : 2163 }, 
        {"sofa" : 12,  "begin" : 2164,  "end" : 2166 }, 
        {"sofa" : 12,  "begin" : 2167,  "end" : 2168 }, 
        {"sofa" : 12,  "begin" : 2169,  "end" : 2173 }, 
        {"sofa" : 12,  "begin" : 2174,  "end" : 2176 }, 
        {"sofa" : 12,  "begin" : 2177,  "end" : 2180 }, 
        {"sofa" : 12,  "begin" : 2181,  "end" : 2186 }, 
        {"sofa" : 12,  "begin" : 2187,  "end" : 2193 }, 
        {"sofa" : 12,  "begin" : 2194,  "end" : 2197 }, 
        {"sofa" : 12,  "begin" : 2198,  "end" : 2210 }, 
        {"sofa" : 12,  "begin" : 2211,  "end" : 2216 }, 
        {"sofa" : 12,  "begin" : 2217,  "end" : 2226 }, 
        {"sofa" : 12,  "begin" : 2227,  "end" : 2230 }, 
        {"sofa" : 12,  "begin" : 2231,  "end" : 2240 }, 
        {"sofa" : 12,  "begin" : 2241,  "end" : 2247 }, 
        {"sofa" : 12,  "begin" : 2248,  "end" : 2251 }, 
        {"sofa" : 12,  "begin" : 2252,  "end" : 2256 }, 
        {"sofa" : 12,  "begin" : 2257,  "end" : 2268 }, 
        {"sofa" : 12,  "begin" : 2268,  "end" : 2269 }, 
        {"sofa" : 12,  "begin" : 2271,  "end" : 2274 }, 
        {"sofa" : 12,  "begin" : 2275,  "end" : 2283 }, 
        {"sofa" : 12,  "begin" : 2284,  "end" : 2292 }, 
        {"sofa" : 12,  "begin" : 2293,  "end" : 2297 }, 
        {"sofa" : 12,  "begin" : 2298,  "end" : 2303 }, 
        {"sofa" : 12,  "begin" : 2304,  "end" : 2305 }, 
        {"sofa" : 12,  "begin" : 2305,  "end" : 2306 }, 
        {"sofa" : 12,  "begin" : 2306,  "end" : 2307 }, 
        {"sofa" : 12,  "begin" : 2308,  "end" : 2312 }, 
        {"sofa" : 12,  "begin" : 2313,  "end" : 2316 }, 
        {"sofa" : 12,  "begin" : 2317,  "end" : 2326 }, 
        {"sofa" : 12,  "begin" : 2327,  "end" : 2338 }, 
        {"sofa" : 12,  "begin" : 2339,  "end" : 2341 }, 
        {"sofa" : 12,  "begin" : 2342,  "end" : 2345 }, 
        {"sofa" : 12,  "begin" : 2346,  "end" : 2353 }, 
        {"sofa" : 12,  "begin" : 2354,  "end" : 2355 }, 
        {"sofa" : 12,  "begin" : 2355,  "end" : 2356 }, 
        {"sofa" : 12,  "begin" : 2356,  "end" : 2357 }, 
        {"sofa" : 12,  "begin" : 2357,  "end" : 2358 }, 
        {"sofa" : 12,  "begin" : 2359,  "end" : 2360 }, 
        {"sofa" : 12,  "begin" : 2360,  "end" : 2365 }, 
        {"sofa" : 12,  "begin" : 2366,  "end" : 2376 }, 
        {"sofa" : 12,  "begin" : 2377,  "end" : 2383 }, 
        {"sofa" : 12,  "begin" : 2384,  "end" : 2392 }, 
        {"sofa" : 12,  "begin" : 2393,  "end" : 2401 }, 
        {"sofa" : 12,  "begin" : 2402,  "end" : 2410 }, 
        {"sofa" : 12,  "begin" : 2410,  "end" : 2411 }, 
        {"sofa" : 12,  "begin" : 2412,  "end" : 2423 }, 
        {"sofa" : 12,  "begin" : 2424,  "end" : 2435 }, 
        {"sofa" : 12,  "begin" : 2436,  "end" : 2444 }, 
        {"sofa" : 12,  "begin" : 2445,  "end" : 2447 }, 
        {"sofa" : 12,  "begin" : 2448,  "end" : 2449 }, 
        {"sofa" : 12,  "begin" : 2450,  "end" : 2454 }, 
        {"sofa" : 12,  "begin" : 2455,  "end" : 2459 }, 
        {"sofa" : 12,  "begin" : 2460,  "end" : 2462 }, 
        {"sofa" : 12,  "begin" : 2463,  "end" : 2474 }, 
        {"sofa" : 12,  "begin" : 2475,  "end" : 2483 }, 
        {"sofa" : 12,  "begin" : 2484,  "end" : 2488 }, 
        {"sofa" : 12,  "begin" : 2489,  "end" : 2497 }, 
        {"sofa" : 12,  "begin" : 2498,  "end" : 2500 }, 
        {"sofa" : 12,  "begin" : 2501,  "end" : 2508 }, 
        {"sofa" : 12,  "begin" : 2509,  "end" : 2516 }, 
        {"sofa" : 12,  "begin" : 2516,  "end" : 2517 }, 
        {"sofa" : 12,  "begin" : 2519,  "end" : 2520 }, 
        {"sofa" : 12,  "begin" : 2520,  "end" : 2524 }, 
        {"sofa" : 12,  "begin" : 2525,  "end" : 2538 }, 
        {"sofa" : 12,  "begin" : 2539,  "end" : 2541 }, 
        {"sofa" : 12,  "begin" : 2542,  "end" : 2548 }, 
        {"sofa" : 12,  "begin" : 2549,  "end" : 2557 }, 
        {"sofa" : 12,  "begin" : 2558,  "end" : 2560 }, 
        {"sofa" : 12,  "begin" : 2561,  "end" : 2573 }, 
        {"sofa" : 12,  "begin" : 2574,  "end" : 2580 }, 
        {"sofa" : 12,  "begin" : 2581,  "end" : 2584 }, 
        {"sofa" : 12,  "begin" : 2585,  "end" : 2593 }, 
        {"sofa" : 12,  "begin" : 2593,  "end" : 2594 }, 
        {"sofa" : 12,  "begin" : 2595,  "end" : 2601 }, 
        {"sofa" : 12,  "begin" : 2602,  "end" : 2605 }, 
        {"sofa" : 12,  "begin" : 2606,  "end" : 2612 }, 
        {"sofa" : 12,  "begin" : 2613,  "end" : 2617 }, 
        {"sofa" : 12,  "begin" : 2618,  "end" : 2621 }, 
        {"sofa" : 12,  "begin" : 2622,  "end" : 2630 }, 
        {"sofa" : 12,  "begin" : 2631,  "end" : 2636 }, 
        {"sofa" : 12,  "begin" : 2637,  "end" : 2641 }, 
        {"sofa" : 12,  "begin" : 2642,  "end" : 2646 }, 
        {"sofa" : 12,  "begin" : 2647,  "end" : 2650 }, 
        {"sofa" : 12,  "begin" : 2651,  "end" : 2658 }, 
        {"sofa" : 12,  "begin" : 2659,  "end" : 2666 }, 
        {"sofa" : 12,  "begin" : 2667,  "end" : 2672 }, 
        {"sofa" : 12,  "begin" : 2673,  "end" : 2681 }, 
        {"sofa" : 12,  "begin" : 2681,  "end" : 2682 }, 
        {"sofa" : 12,  "begin" : 2683,  "end" : 2686 }, 
        {"sofa" : 12,  "begin" : 2687,  "end" : 2691 }, 
        {"sofa" : 12,  "begin" : 2692,  "end" : 2704 }, 
        {"sofa" : 12,  "begin" : 2705,  "end" : 2710 }, 
        {"sofa" : 12,  "begin" : 2711,  "end" : 2717 }, 
        {"sofa" : 12,  "begin" : 2718,  "end" : 2726 }, 
        {"sofa" : 12,  "begin" : 2727,  "end" : 2729 }, 
        {"sofa" : 12,  "begin" : 2730,  "end" : 2736 }, 
        {"sofa" : 12,  "begin" : 2737,  "end" : 2740 }, 
        {"sofa" : 12,  "begin" : 2741,  "end" : 2749 }, 
        {"sofa" : 12,  "begin" : 2749,  "end" : 2750 }, 
        {"sofa" : 12,  "begin" : 2751,  "end" : 2759 }, 
        {"sofa" : 12,  "begin" : 2760,  "end" : 2764 }, 
        {"sofa" : 12,  "begin" : 2765,  "end" : 2770 }, 
        {"sofa" : 12,  "begin" : 2771,  "end" : 2780 }, 
        {"sofa" : 12,  "begin" : 2781,  "end" : 2783 }, 
        {"sofa" : 12,  "begin" : 2784,  "end" : 2792 }, 
        {"sofa" : 12,  "begin" : 2793,  "end" : 2796 }, 
        {"sofa" : 12,  "begin" : 2796,  "end" : 2797 }, 
        {"sofa" : 12,  "begin" : 2797,  "end" : 2798 } ], 
      "Persuasive_Labels" : [
        {"sofa" : 12,  "begin" : 520,  "end" : 532,  "EstablishingLegitimacy" : "Establishing Legitimacy" }, 
        {"sofa" : 12,  "begin" : 520,  "end" : 532,  "EstablishingLegitimacy" : "surface credibility markers - simply claiming authority or credibility" }, 
        {"sofa" : 12,  "begin" : 1229,  "end" : 1581,  "FabricatingNarrativewithDetails" : "Narrative with Details" }, 
        {"sofa" : 12,  "begin" : 1229,  "end" : 1581,  "FabricatingNarrativewithDetails" : "Narrative with details_details not verified" }, 
        {"sofa" : 12,  "begin" : 1663,  "end" : 1683,  "EstablishingLegitimacy" : "Establishing Legitimacy" }, 
        {"sofa" : 12,  "begin" : 1663,  "end" : 1683,  "EstablishingLegitimacy" : "surface credibility markers - simply claiming authority or credibility" }, 
        {"sofa" : 12,  "begin" : 1977,  "end" : 1990,  "EstablishingLegitimacy" : "Establishing Legitimacy" }, 
        {"sofa" : 12,  "begin" : 1977,  "end" : 1990,  "EstablishingLegitimacy" : "surface credibility markers - simply claiming authority or credibility" }, 
        {"sofa" : 12,  "begin" : 2271,  "end" : 2303,  "EstablishingLegitimacy" : "citing source to establish legitimacy_source not verified" }, 
        {"sofa" : 12,  "begin" : 2271,  "end" : 2303,  "EstablishingLegitimacy" : "Establishing Legitimacy" } ] } }, 
  "_referenced_fss" : {
    "12" : {"_type" : "Sofa",  "sofaNum" : 1,  "sofaID" : "_InitialView",  "mimeType" : "text",  "sofaString" : "﻿snes-01360 An increase in documented cases of people \"scromiting\" (screaming while vomiting) is linked to chronic heavy marijuana use. \r\nSource: https://archive.ph/jv9R1 \r\nFact checking: https://www.snopes.com/fact-check/marijuana-screaming-vomiting-aka-scromitting/ \r\nActual content: \r\nPeople are 'scromiting' after smoking too much cannabis\r\nJasper Hamill Tuesday 5 Dec 2017 5:25 pm\r\n\r\nCannabis is having a truly hideous effect on some unlucky stoners in the US, where it has recently been legalized in some states.\r\nDoctors said users have been taken to hospital after suffering extreme bouts of 'scromiting' - which means they are screaming and vomiting at the same time.\r\nThis new word was invented by staff at emergency rooms across the US, who are seeing more and more people turn up yelling in pain and throwing up all over the place.\r\nIts believed the scromiting is caused by a condition called Cannabinoid Hyperemesis Syndrome (CHS) which affects people who have consumed weed for a long period of time.\r\nThe illness is not properly understood, but it's known that the only guaranteed way to stop it is for sufferers to give up smoking cannabis altogether. Some people also get temporary relief by taking a hot bath.\r\nChalfonte LeNee Queen, a 47-year-old from San Diego, has experienced this grim condition.\r\nShe said the pain was sometimes so bad that she ended up on the floor, retching and wracked with pain.\r\n'I've screamed out for death,' <a> she told NPR <a>.\r\n'I've cried out for my mom, who's been dead for 20 years, mentally not realizing she can't come to me.'\r\nThe illness strikes users who have been smoking regularly for a long time, with one study suggesting people would need to <a> consume cannabis between three and fives time a day <a> to develop CHS.\r\n'The syndrome was first described in 2004 by Allen and colleagues and is characterized by chronic cannabis use, cyclic episodes of nausea and vomiting, and the learned behaviour of hot bathing,' doctors wrote.\r\n\r\n\r\nIt's been suggested that CHS is caused by a build-up of cannabinoids in the body over a long period of time.\r\nThis may affect the function of cannabinoid receptors in a part of the brain called the hypothalamus which regulates the digestive system and body temperature.\r\nThe cannabis magazine High Times <a> gave the following description of the illness <a>: 'Often mistakenly called Cyclical Vomiting Syndrome, Cannabinoid Hyperemesis Syndrome is a rare form of cannabinoid toxicity that develops in chronic smokers.\r\n'It's characterized by cyclic episodes of debilitating nausea and vomiting. People who suffer from the syndrome often find that hot showers relieve their symptoms, and will compulsively bathe during episodes of nausea and vomiting. Symptoms stop after cessation of cannabis use.'\r\n\r\n" } } }