{"_context" : {
    "_types" : {
      "DocumentMetaData" : {
        "_feature_types" : {"sofa" : "_ref" } }, 
      "Persuasive_Labels" : {
        "_feature_types" : {"sofa" : "_ref" } }, 
      "Sentence" : {
        "_feature_types" : {"sofa" : "_ref" } }, 
      "Sofa" : {
        "_feature_types" : {"sofaArray" : "_ref" } }, 
      "TagsetDescription" : {
        "_feature_types" : {"sofa" : "_ref",  "tags" : "_ref" } }, 
      "Token" : {
        "_feature_types" : {"sofa" : "_ref",  "parent" : "_ref",  "lemma" : "_ref",  "stem" : "_ref",  "pos" : "_ref",  "morph" : "_ref",  "form" : "_ref" } }, 
      "DocumentAnnotation" : {
        "_feature_types" : {"sofa" : "_ref" }, 
        "_subtypes" : ["DocumentMetaData" ] }, 
      "Annotation" : {
        "_feature_types" : {"sofa" : "_ref" }, 
        "_subtypes" : ["DocumentAnnotation",  "Persuasive_Labels",  "Sentence",  "TagsetDescription",  "Token" ] }, 
      "AnnotationBase" : {
        "_feature_types" : {"sofa" : "_ref" }, 
        "_subtypes" : ["Annotation" ] }, 
      "TOP" : {
        "_subtypes" : ["AnnotationBase",  "Sofa" ] } } }, 
  "_views" : {
    "_InitialView" : {
      "DocumentMetaData" : [
        {"sofa" : 12,  "end" : 624,  "language" : "x-unspecified",  "documentTitle" : "159.%20tron-01361%20DEW%20Bottled%20Water%20Has%20Caused%20180%20Deaths%20in%20Nigeria%20.txt",  "documentId" : "admin",  "documentUri" : "file:/C:/Users/huiyi/.webanno/repository/project/4/document/568/source/admin",  "collectionId" : "file:/C:/Users/huiyi/.webanno/repository/project/4/document/568/source/",  "documentBaseUri" : "file:/C:/Users/huiyi/.webanno/repository/project/4/document/568/source/",  "isLastSegment" : false } ], 
      "TagsetDescription" : [
        {"sofa" : 12,  "layer" : "de.tudarmstadt.ukp.dkpro.core.api.syntax.type.dependency.Dependency",  "name" : "UD Universal Dependencies (v2)",  "input" : false }, 
        {"sofa" : 12,  "layer" : "de.tudarmstadt.ukp.dkpro.core.api.ner.type.NamedEntity",  "name" : "Named Entity tags",  "input" : false }, 
        {"sofa" : 12,  "layer" : "de.tudarmstadt.ukp.dkpro.core.api.transform.type.SofaChangeAnnotation",  "name" : "Operation",  "input" : false }, 
        {"sofa" : 12,  "layer" : "de.tudarmstadt.ukp.dkpro.core.api.lexmorph.type.pos.POS",  "name" : "UD Universal POS tags (v2)",  "input" : false }, 
        {"sofa" : 12,  "layer" : "webanno.custom.Persuasive_Labels",  "name" : "2. Using Anecdotes and Personal Experience as Evidence",  "input" : false } ], 
      "Sentence" : [
        {"sofa" : 12,  "end" : 285 }, 
        {"sofa" : 12,  "begin" : 286,  "end" : 344 }, 
        {"sofa" : 12,  "begin" : 345,  "end" : 473 }, 
        {"sofa" : 12,  "begin" : 474,  "end" : 502 }, 
        {"sofa" : 12,  "begin" : 503,  "end" : 541 }, 
        {"sofa" : 12,  "begin" : 542,  "end" : 597 }, 
        {"sofa" : 12,  "begin" : 598,  "end" : 608 }, 
        {"sofa" : 12,  "begin" : 609,  "end" : 622 } ], 
      "Token" : [
        {"sofa" : 12,  "end" : 5 }, 
        {"sofa" : 12,  "begin" : 5,  "end" : 6 }, 
        {"sofa" : 12,  "begin" : 6,  "end" : 11 }, 
        {"sofa" : 12,  "begin" : 12,  "end" : 15 }, 
        {"sofa" : 12,  "begin" : 16,  "end" : 23 }, 
        {"sofa" : 12,  "begin" : 24,  "end" : 29 }, 
        {"sofa" : 12,  "begin" : 30,  "end" : 33 }, 
        {"sofa" : 12,  "begin" : 34,  "end" : 40 }, 
        {"sofa" : 12,  "begin" : 41,  "end" : 44 }, 
        {"sofa" : 12,  "begin" : 45,  "end" : 51 }, 
        {"sofa" : 12,  "begin" : 52,  "end" : 54 }, 
        {"sofa" : 12,  "begin" : 55,  "end" : 62 }, 
        {"sofa" : 12,  "begin" : 65,  "end" : 71 }, 
        {"sofa" : 12,  "begin" : 72,  "end" : 77 }, 
        {"sofa" : 12,  "begin" : 77,  "end" : 78 }, 
        {"sofa" : 12,  "begin" : 78,  "end" : 79 }, 
        {"sofa" : 12,  "begin" : 79,  "end" : 80 }, 
        {"sofa" : 12,  "begin" : 80,  "end" : 102 }, 
        {"sofa" : 12,  "begin" : 102,  "end" : 103 }, 
        {"sofa" : 12,  "begin" : 103,  "end" : 131 }, 
        {"sofa" : 12,  "begin" : 131,  "end" : 132 }, 
        {"sofa" : 12,  "begin" : 132,  "end" : 135 }, 
        {"sofa" : 12,  "begin" : 135,  "end" : 136 }, 
        {"sofa" : 12,  "begin" : 136,  "end" : 153 }, 
        {"sofa" : 12,  "begin" : 153,  "end" : 154 }, 
        {"sofa" : 12,  "begin" : 157,  "end" : 161 }, 
        {"sofa" : 12,  "begin" : 162,  "end" : 170 }, 
        {"sofa" : 12,  "begin" : 170,  "end" : 171 }, 
        {"sofa" : 12,  "begin" : 172,  "end" : 177 }, 
        {"sofa" : 12,  "begin" : 177,  "end" : 178 }, 
        {"sofa" : 12,  "begin" : 178,  "end" : 179 }, 
        {"sofa" : 12,  "begin" : 179,  "end" : 180 }, 
        {"sofa" : 12,  "begin" : 180,  "end" : 202 }, 
        {"sofa" : 12,  "begin" : 202,  "end" : 203 }, 
        {"sofa" : 12,  "begin" : 203,  "end" : 231 }, 
        {"sofa" : 12,  "begin" : 231,  "end" : 232 }, 
        {"sofa" : 12,  "begin" : 232,  "end" : 235 }, 
        {"sofa" : 12,  "begin" : 235,  "end" : 236 }, 
        {"sofa" : 12,  "begin" : 236,  "end" : 253 }, 
        {"sofa" : 12,  "begin" : 253,  "end" : 254 }, 
        {"sofa" : 12,  "begin" : 257,  "end" : 263 }, 
        {"sofa" : 12,  "begin" : 264,  "end" : 271 }, 
        {"sofa" : 12,  "begin" : 271,  "end" : 272 }, 
        {"sofa" : 12,  "begin" : 275,  "end" : 281 }, 
        {"sofa" : 12,  "begin" : 281,  "end" : 282 }, 
        {"sofa" : 12,  "begin" : 282,  "end" : 283 }, 
        {"sofa" : 12,  "begin" : 283,  "end" : 284 }, 
        {"sofa" : 12,  "begin" : 284,  "end" : 285 }, 
        {"sofa" : 12,  "begin" : 286,  "end" : 292 }, 
        {"sofa" : 12,  "begin" : 292,  "end" : 293 }, 
        {"sofa" : 12,  "begin" : 294,  "end" : 299 }, 
        {"sofa" : 12,  "begin" : 300,  "end" : 303 }, 
        {"sofa" : 12,  "begin" : 304,  "end" : 306 }, 
        {"sofa" : 12,  "begin" : 307,  "end" : 312 }, 
        {"sofa" : 12,  "begin" : 313,  "end" : 316 }, 
        {"sofa" : 12,  "begin" : 317,  "end" : 324 }, 
        {"sofa" : 12,  "begin" : 325,  "end" : 330 }, 
        {"sofa" : 12,  "begin" : 331,  "end" : 337 }, 
        {"sofa" : 12,  "begin" : 338,  "end" : 339 }, 
        {"sofa" : 12,  "begin" : 339,  "end" : 342 }, 
        {"sofa" : 12,  "begin" : 342,  "end" : 343 }, 
        {"sofa" : 12,  "begin" : 343,  "end" : 344 }, 
        {"sofa" : 12,  "begin" : 345,  "end" : 352 }, 
        {"sofa" : 12,  "begin" : 353,  "end" : 357 }, 
        {"sofa" : 12,  "begin" : 358,  "end" : 360 }, 
        {"sofa" : 12,  "begin" : 361,  "end" : 364 }, 
        {"sofa" : 12,  "begin" : 365,  "end" : 372 }, 
        {"sofa" : 12,  "begin" : 373,  "end" : 377 }, 
        {"sofa" : 12,  "begin" : 378,  "end" : 385 }, 
        {"sofa" : 12,  "begin" : 386,  "end" : 390 }, 
        {"sofa" : 12,  "begin" : 391,  "end" : 399 }, 
        {"sofa" : 12,  "begin" : 400,  "end" : 405 }, 
        {"sofa" : 12,  "begin" : 406,  "end" : 408 }, 
        {"sofa" : 12,  "begin" : 409,  "end" : 412 }, 
        {"sofa" : 12,  "begin" : 413,  "end" : 419 }, 
        {"sofa" : 12,  "begin" : 420,  "end" : 423 }, 
        {"sofa" : 12,  "begin" : 424,  "end" : 430 }, 
        {"sofa" : 12,  "begin" : 431,  "end" : 434 }, 
        {"sofa" : 12,  "begin" : 435,  "end" : 438 }, 
        {"sofa" : 12,  "begin" : 439,  "end" : 446 }, 
        {"sofa" : 12,  "begin" : 447,  "end" : 450 }, 
        {"sofa" : 12,  "begin" : 451,  "end" : 454 }, 
        {"sofa" : 12,  "begin" : 455,  "end" : 459 }, 
        {"sofa" : 12,  "begin" : 460,  "end" : 465 }, 
        {"sofa" : 12,  "begin" : 466,  "end" : 472 }, 
        {"sofa" : 12,  "begin" : 472,  "end" : 473 }, 
        {"sofa" : 12,  "begin" : 474,  "end" : 476 }, 
        {"sofa" : 12,  "begin" : 477,  "end" : 479 }, 
        {"sofa" : 12,  "begin" : 480,  "end" : 484 }, 
        {"sofa" : 12,  "begin" : 485,  "end" : 487 }, 
        {"sofa" : 12,  "begin" : 488,  "end" : 495 }, 
        {"sofa" : 12,  "begin" : 496,  "end" : 501 }, 
        {"sofa" : 12,  "begin" : 501,  "end" : 502 }, 
        {"sofa" : 12,  "begin" : 503,  "end" : 509 }, 
        {"sofa" : 12,  "begin" : 510,  "end" : 514 }, 
        {"sofa" : 12,  "begin" : 515,  "end" : 519 }, 
        {"sofa" : 12,  "begin" : 520,  "end" : 522 }, 
        {"sofa" : 12,  "begin" : 523,  "end" : 526 }, 
        {"sofa" : 12,  "begin" : 527,  "end" : 531 }, 
        {"sofa" : 12,  "begin" : 532,  "end" : 540 }, 
        {"sofa" : 12,  "begin" : 540,  "end" : 541 }, 
        {"sofa" : 12,  "begin" : 542,  "end" : 544 }, 
        {"sofa" : 12,  "begin" : 545,  "end" : 546 }, 
        {"sofa" : 12,  "begin" : 547,  "end" : 552 }, 
        {"sofa" : 12,  "begin" : 553,  "end" : 560 }, 
        {"sofa" : 12,  "begin" : 561,  "end" : 566 }, 
        {"sofa" : 12,  "begin" : 567,  "end" : 573 }, 
        {"sofa" : 12,  "begin" : 574,  "end" : 577 }, 
        {"sofa" : 12,  "begin" : 578,  "end" : 579 }, 
        {"sofa" : 12,  "begin" : 579,  "end" : 582 }, 
        {"sofa" : 12,  "begin" : 583,  "end" : 590 }, 
        {"sofa" : 12,  "begin" : 591,  "end" : 596 }, 
        {"sofa" : 12,  "begin" : 596,  "end" : 597 }, 
        {"sofa" : 12,  "begin" : 598,  "end" : 599 }, 
        {"sofa" : 12,  "begin" : 599,  "end" : 604 }, 
        {"sofa" : 12,  "begin" : 604,  "end" : 605 }, 
        {"sofa" : 12,  "begin" : 605,  "end" : 606 }, 
        {"sofa" : 12,  "begin" : 606,  "end" : 607 }, 
        {"sofa" : 12,  "begin" : 607,  "end" : 608 }, 
        {"sofa" : 12,  "begin" : 609,  "end" : 612 }, 
        {"sofa" : 12,  "begin" : 613,  "end" : 622 } ], 
      "Persuasive_Labels" : [
        {"sofa" : 12,  "begin" : 275,  "end" : 285,  "EmotionalAppeals" : "emotional appeals" }, 
        {"sofa" : 12,  "begin" : 275,  "end" : 281,  "EmotionalAppeals" : "anxiety" }, 
        {"sofa" : 12,  "begin" : 281,  "end" : 285,  "DistinctiveLinguisticFeatures" : "distinctive linguistic features" }, 
        {"sofa" : 12,  "begin" : 281,  "end" : 285,  "DistinctiveLinguisticFeatures" : "ellipses, exaggerated/excessive usage of punctuation marks" }, 
        {"sofa" : 12,  "begin" : 345,  "end" : 502,  "BiasedReasoningtoMakeaConclusion" : "lack of evidence or use unverified and incomplete evidence to make a claim" }, 
        {"sofa" : 12,  "begin" : 345,  "end" : 502,  "BiasedReasoningtoMakeaConclusion" : "biased reasoning to make a conclusion" }, 
        {"sofa" : 12,  "begin" : 503,  "end" : 541,  "EstablishingLegitimacy" : "Establishing Legitimacy" }, 
        {"sofa" : 12,  "begin" : 503,  "end" : 541,  "EstablishingLegitimacy" : "Call to action" }, 
        {"sofa" : 12,  "begin" : 542,  "end" : 597,  "EstablishingLegitimacy" : "Establishing Legitimacy" }, 
        {"sofa" : 12,  "begin" : 542,  "end" : 597,  "EstablishingLegitimacy" : "surface credibility markers - simply claiming authority or credibility" }, 
        {"sofa" : 12,  "begin" : 609,  "end" : 622,  "EstablishingLegitimacy" : "Call to action" }, 
        {"sofa" : 12,  "begin" : 609,  "end" : 622,  "EstablishingLegitimacy" : "Establishing Legitimacy" } ] } }, 
  "_referenced_fss" : {
    "12" : {"_type" : "Sofa",  "sofaNum" : 1,  "sofaID" : "_InitialView",  "mimeType" : "text",  "sofaString" : "﻿tron-01361 DEW Bottled Water Has Caused 180 Deaths in Nigeria \r\nSource https://www.truthorfiction.com/dew-bottled-water-has-caused-180-deaths-in-nigeria/ \r\nFact checking: https://www.truthorfiction.com/dew-bottled-water-has-caused-180-deaths-in-nigeria/ \r\nActual content: \r\nURGENT!!!! Please, don't buy or drink any bottled water called \"DEW\". Customs says it was shipped into Nigeria from Tanzania where it has killed 180 people and now finding its way into south africa. It is said to contain ebola. Please pass this on and save millions. If u don't believe check google for \"DEW bottled water. (SFTBC)... Plz broadcast\r\n" } } }