{"_context" : {
    "_types" : {
      "DocumentMetaData" : {
        "_feature_types" : {"sofa" : "_ref" } }, 
      "Persuasive_Labels" : {
        "_feature_types" : {"sofa" : "_ref" } }, 
      "Sentence" : {
        "_feature_types" : {"sofa" : "_ref" } }, 
      "Sofa" : {
        "_feature_types" : {"sofaArray" : "_ref" } }, 
      "TagsetDescription" : {
        "_feature_types" : {"sofa" : "_ref",  "tags" : "_ref" } }, 
      "Token" : {
        "_feature_types" : {"sofa" : "_ref",  "parent" : "_ref",  "lemma" : "_ref",  "stem" : "_ref",  "pos" : "_ref",  "morph" : "_ref",  "form" : "_ref" } }, 
      "DocumentAnnotation" : {
        "_feature_types" : {"sofa" : "_ref" }, 
        "_subtypes" : ["DocumentMetaData" ] }, 
      "Annotation" : {
        "_feature_types" : {"sofa" : "_ref" }, 
        "_subtypes" : ["DocumentAnnotation",  "Persuasive_Labels",  "Sentence",  "TagsetDescription",  "Token" ] }, 
      "AnnotationBase" : {
        "_feature_types" : {"sofa" : "_ref" }, 
        "_subtypes" : ["Annotation" ] }, 
      "TOP" : {
        "_subtypes" : ["AnnotationBase",  "Sofa" ] } } }, 
  "_views" : {
    "_InitialView" : {
      "DocumentMetaData" : [
        {"sofa" : 12,  "end" : 1910,  "language" : "x-unspecified",  "documentTitle" : "17.%20snes-01400%20Authorities%20in%20Kenya%20warned%20of%20a%20new%20outbreak%20of%20HPV%20that%20spreads%20.txt",  "documentId" : "admin",  "documentUri" : "file:/C:/Users/huiyi/.webanno/repository/project/4/document/184/source/admin",  "collectionId" : "file:/C:/Users/huiyi/.webanno/repository/project/4/document/184/source/",  "documentBaseUri" : "file:/C:/Users/huiyi/.webanno/repository/project/4/document/184/source/",  "isLastSegment" : false } ], 
      "TagsetDescription" : [
        {"sofa" : 12,  "layer" : "de.tudarmstadt.ukp.dkpro.core.api.syntax.type.dependency.Dependency",  "name" : "UD Universal Dependencies (v2)",  "input" : false }, 
        {"sofa" : 12,  "layer" : "de.tudarmstadt.ukp.dkpro.core.api.ner.type.NamedEntity",  "name" : "Named Entity tags",  "input" : false }, 
        {"sofa" : 12,  "layer" : "de.tudarmstadt.ukp.dkpro.core.api.transform.type.SofaChangeAnnotation",  "name" : "Operation",  "input" : false }, 
        {"sofa" : 12,  "layer" : "de.tudarmstadt.ukp.dkpro.core.api.lexmorph.type.pos.POS",  "name" : "UD Universal POS tags (v2)",  "input" : false }, 
        {"sofa" : 12,  "layer" : "webanno.custom.Persuasive_Labels",  "name" : "2. Using Anecdotes and Personal Experience as Evidence",  "input" : false } ], 
      "Sentence" : [
        {"sofa" : 12,  "end" : 124 }, 
        {"sofa" : 12,  "begin" : 127,  "end" : 470 }, 
        {"sofa" : 12,  "begin" : 472,  "end" : 800 }, 
        {"sofa" : 12,  "begin" : 802,  "end" : 983 }, 
        {"sofa" : 12,  "begin" : 985,  "end" : 1074 }, 
        {"sofa" : 12,  "begin" : 1079,  "end" : 1195 }, 
        {"sofa" : 12,  "begin" : 1196,  "end" : 1357 }, 
        {"sofa" : 12,  "begin" : 1359,  "end" : 1495 }, 
        {"sofa" : 12,  "begin" : 1497,  "end" : 1561 }, 
        {"sofa" : 12,  "begin" : 1562,  "end" : 1659 }, 
        {"sofa" : 12,  "begin" : 1661,  "end" : 1814 }, 
        {"sofa" : 12,  "begin" : 1816,  "end" : 1906 } ], 
      "Token" : [
        {"sofa" : 12,  "end" : 5 }, 
        {"sofa" : 12,  "begin" : 5,  "end" : 6 }, 
        {"sofa" : 12,  "begin" : 6,  "end" : 11 }, 
        {"sofa" : 12,  "begin" : 12,  "end" : 23 }, 
        {"sofa" : 12,  "begin" : 24,  "end" : 26 }, 
        {"sofa" : 12,  "begin" : 27,  "end" : 32 }, 
        {"sofa" : 12,  "begin" : 33,  "end" : 39 }, 
        {"sofa" : 12,  "begin" : 40,  "end" : 42 }, 
        {"sofa" : 12,  "begin" : 43,  "end" : 44 }, 
        {"sofa" : 12,  "begin" : 45,  "end" : 48 }, 
        {"sofa" : 12,  "begin" : 49,  "end" : 57 }, 
        {"sofa" : 12,  "begin" : 58,  "end" : 60 }, 
        {"sofa" : 12,  "begin" : 61,  "end" : 64 }, 
        {"sofa" : 12,  "begin" : 65,  "end" : 69 }, 
        {"sofa" : 12,  "begin" : 70,  "end" : 77 }, 
        {"sofa" : 12,  "begin" : 78,  "end" : 85 }, 
        {"sofa" : 12,  "begin" : 86,  "end" : 93 }, 
        {"sofa" : 12,  "begin" : 94,  "end" : 97 }, 
        {"sofa" : 12,  "begin" : 98,  "end" : 100 }, 
        {"sofa" : 12,  "begin" : 101,  "end" : 109 }, 
        {"sofa" : 12,  "begin" : 110,  "end" : 114 }, 
        {"sofa" : 12,  "begin" : 115,  "end" : 118 }, 
        {"sofa" : 12,  "begin" : 118,  "end" : 119 }, 
        {"sofa" : 12,  "begin" : 119,  "end" : 123 }, 
        {"sofa" : 12,  "begin" : 123,  "end" : 124 }, 
        {"sofa" : 12,  "begin" : 127,  "end" : 135 }, 
        {"sofa" : 12,  "begin" : 136,  "end" : 142 }, 
        {"sofa" : 12,  "begin" : 142,  "end" : 143 }, 
        {"sofa" : 12,  "begin" : 144,  "end" : 149 }, 
        {"sofa" : 12,  "begin" : 149,  "end" : 150 }, 
        {"sofa" : 12,  "begin" : 150,  "end" : 151 }, 
        {"sofa" : 12,  "begin" : 151,  "end" : 152 }, 
        {"sofa" : 12,  "begin" : 152,  "end" : 167 }, 
        {"sofa" : 12,  "begin" : 167,  "end" : 168 }, 
        {"sofa" : 12,  "begin" : 168,  "end" : 171 }, 
        {"sofa" : 12,  "begin" : 171,  "end" : 172 }, 
        {"sofa" : 12,  "begin" : 172,  "end" : 186 }, 
        {"sofa" : 12,  "begin" : 186,  "end" : 187 }, 
        {"sofa" : 12,  "begin" : 187,  "end" : 191 }, 
        {"sofa" : 12,  "begin" : 191,  "end" : 192 }, 
        {"sofa" : 12,  "begin" : 192,  "end" : 193 }, 
        {"sofa" : 12,  "begin" : 193,  "end" : 194 }, 
        {"sofa" : 12,  "begin" : 194,  "end" : 208 }, 
        {"sofa" : 12,  "begin" : 208,  "end" : 209 }, 
        {"sofa" : 12,  "begin" : 209,  "end" : 297 }, 
        {"sofa" : 12,  "begin" : 300,  "end" : 304 }, 
        {"sofa" : 12,  "begin" : 305,  "end" : 313 }, 
        {"sofa" : 12,  "begin" : 313,  "end" : 314 }, 
        {"sofa" : 12,  "begin" : 315,  "end" : 329 }, 
        {"sofa" : 12,  "begin" : 329,  "end" : 330 }, 
        {"sofa" : 12,  "begin" : 330,  "end" : 340 }, 
        {"sofa" : 12,  "begin" : 340,  "end" : 341 }, 
        {"sofa" : 12,  "begin" : 341,  "end" : 357 }, 
        {"sofa" : 12,  "begin" : 357,  "end" : 358 }, 
        {"sofa" : 12,  "begin" : 366,  "end" : 372 }, 
        {"sofa" : 12,  "begin" : 373,  "end" : 380 }, 
        {"sofa" : 12,  "begin" : 380,  "end" : 381 }, 
        {"sofa" : 12,  "begin" : 384,  "end" : 389 }, 
        {"sofa" : 12,  "begin" : 390,  "end" : 392 }, 
        {"sofa" : 12,  "begin" : 393,  "end" : 398 }, 
        {"sofa" : 12,  "begin" : 399,  "end" : 406 }, 
        {"sofa" : 12,  "begin" : 407,  "end" : 415 }, 
        {"sofa" : 12,  "begin" : 415,  "end" : 416 }, 
        {"sofa" : 12,  "begin" : 417,  "end" : 420 }, 
        {"sofa" : 12,  "begin" : 421,  "end" : 424 }, 
        {"sofa" : 12,  "begin" : 425,  "end" : 430 }, 
        {"sofa" : 12,  "begin" : 431,  "end" : 435 }, 
        {"sofa" : 12,  "begin" : 436,  "end" : 441 }, 
        {"sofa" : 12,  "begin" : 442,  "end" : 448 }, 
        {"sofa" : 12,  "begin" : 449,  "end" : 453 }, 
        {"sofa" : 12,  "begin" : 454,  "end" : 457 }, 
        {"sofa" : 12,  "begin" : 457,  "end" : 458 }, 
        {"sofa" : 12,  "begin" : 458,  "end" : 462 }, 
        {"sofa" : 12,  "begin" : 463,  "end" : 469 }, 
        {"sofa" : 12,  "begin" : 469,  "end" : 470 }, 
        {"sofa" : 12,  "begin" : 472,  "end" : 474 }, 
        {"sofa" : 12,  "begin" : 475,  "end" : 481 }, 
        {"sofa" : 12,  "begin" : 482,  "end" : 487 }, 
        {"sofa" : 12,  "begin" : 489,  "end" : 491 }, 
        {"sofa" : 12,  "begin" : 492,  "end" : 494 }, 
        {"sofa" : 12,  "begin" : 494,  "end" : 495 }, 
        {"sofa" : 12,  "begin" : 495,  "end" : 497 }, 
        {"sofa" : 12,  "begin" : 497,  "end" : 498 }, 
        {"sofa" : 12,  "begin" : 498,  "end" : 502 }, 
        {"sofa" : 12,  "begin" : 503,  "end" : 505 }, 
        {"sofa" : 12,  "begin" : 506,  "end" : 519 }, 
        {"sofa" : 12,  "begin" : 520,  "end" : 525 }, 
        {"sofa" : 12,  "begin" : 526,  "end" : 527 }, 
        {"sofa" : 12,  "begin" : 528,  "end" : 535 }, 
        {"sofa" : 12,  "begin" : 538,  "end" : 546 }, 
        {"sofa" : 12,  "begin" : 547,  "end" : 551 }, 
        {"sofa" : 12,  "begin" : 552,  "end" : 557 }, 
        {"sofa" : 12,  "begin" : 558,  "end" : 568 }, 
        {"sofa" : 12,  "begin" : 568,  "end" : 569 }, 
        {"sofa" : 12,  "begin" : 570,  "end" : 575 }, 
        {"sofa" : 12,  "begin" : 576,  "end" : 579 }, 
        {"sofa" : 12,  "begin" : 580,  "end" : 583 }, 
        {"sofa" : 12,  "begin" : 584,  "end" : 591 }, 
        {"sofa" : 12,  "begin" : 592,  "end" : 598 }, 
        {"sofa" : 12,  "begin" : 599,  "end" : 601 }, 
        {"sofa" : 12,  "begin" : 602,  "end" : 607 }, 
        {"sofa" : 12,  "begin" : 608,  "end" : 612 }, 
        {"sofa" : 12,  "begin" : 613,  "end" : 617 }, 
        {"sofa" : 12,  "begin" : 618,  "end" : 624 }, 
        {"sofa" : 12,  "begin" : 625,  "end" : 632 }, 
        {"sofa" : 12,  "begin" : 633,  "end" : 640 }, 
        {"sofa" : 12,  "begin" : 641,  "end" : 651 }, 
        {"sofa" : 12,  "begin" : 652,  "end" : 655 }, 
        {"sofa" : 12,  "begin" : 656,  "end" : 658 }, 
        {"sofa" : 12,  "begin" : 659,  "end" : 661 }, 
        {"sofa" : 12,  "begin" : 662,  "end" : 670 }, 
        {"sofa" : 12,  "begin" : 671,  "end" : 673 }, 
        {"sofa" : 12,  "begin" : 674,  "end" : 679 }, 
        {"sofa" : 12,  "begin" : 680,  "end" : 689 }, 
        {"sofa" : 12,  "begin" : 690,  "end" : 695 }, 
        {"sofa" : 12,  "begin" : 695,  "end" : 696 }, 
        {"sofa" : 12,  "begin" : 697,  "end" : 702 }, 
        {"sofa" : 12,  "begin" : 703,  "end" : 706 }, 
        {"sofa" : 12,  "begin" : 707,  "end" : 711 }, 
        {"sofa" : 12,  "begin" : 712,  "end" : 719 }, 
        {"sofa" : 12,  "begin" : 720,  "end" : 726 }, 
        {"sofa" : 12,  "begin" : 727,  "end" : 735 }, 
        {"sofa" : 12,  "begin" : 736,  "end" : 738 }, 
        {"sofa" : 12,  "begin" : 739,  "end" : 744 }, 
        {"sofa" : 12,  "begin" : 745,  "end" : 750 }, 
        {"sofa" : 12,  "begin" : 751,  "end" : 752 }, 
        {"sofa" : 12,  "begin" : 753,  "end" : 761 }, 
        {"sofa" : 12,  "begin" : 762,  "end" : 767 }, 
        {"sofa" : 12,  "begin" : 768,  "end" : 775 }, 
        {"sofa" : 12,  "begin" : 776,  "end" : 784 }, 
        {"sofa" : 12,  "begin" : 785,  "end" : 787 }, 
        {"sofa" : 12,  "begin" : 788,  "end" : 791 }, 
        {"sofa" : 12,  "begin" : 792,  "end" : 799 }, 
        {"sofa" : 12,  "begin" : 799,  "end" : 800 }, 
        {"sofa" : 12,  "begin" : 802,  "end" : 805 }, 
        {"sofa" : 12,  "begin" : 806,  "end" : 808 }, 
        {"sofa" : 12,  "begin" : 809,  "end" : 811 }, 
        {"sofa" : 12,  "begin" : 812,  "end" : 822 }, 
        {"sofa" : 12,  "begin" : 823,  "end" : 828 }, 
        {"sofa" : 12,  "begin" : 829,  "end" : 836 }, 
        {"sofa" : 12,  "begin" : 837,  "end" : 842 }, 
        {"sofa" : 12,  "begin" : 843,  "end" : 848 }, 
        {"sofa" : 12,  "begin" : 849,  "end" : 854 }, 
        {"sofa" : 12,  "begin" : 855,  "end" : 861 }, 
        {"sofa" : 12,  "begin" : 862,  "end" : 865 }, 
        {"sofa" : 12,  "begin" : 866,  "end" : 868 }, 
        {"sofa" : 12,  "begin" : 869,  "end" : 880 }, 
        {"sofa" : 12,  "begin" : 881,  "end" : 888 }, 
        {"sofa" : 12,  "begin" : 889,  "end" : 897 }, 
        {"sofa" : 12,  "begin" : 898,  "end" : 902 }, 
        {"sofa" : 12,  "begin" : 903,  "end" : 909 }, 
        {"sofa" : 12,  "begin" : 910,  "end" : 913 }, 
        {"sofa" : 12,  "begin" : 914,  "end" : 920 }, 
        {"sofa" : 12,  "begin" : 921,  "end" : 924 }, 
        {"sofa" : 12,  "begin" : 925,  "end" : 931 }, 
        {"sofa" : 12,  "begin" : 932,  "end" : 936 }, 
        {"sofa" : 12,  "begin" : 937,  "end" : 941 }, 
        {"sofa" : 12,  "begin" : 942,  "end" : 948 }, 
        {"sofa" : 12,  "begin" : 949,  "end" : 956 }, 
        {"sofa" : 12,  "begin" : 957,  "end" : 964 }, 
        {"sofa" : 12,  "begin" : 965,  "end" : 968 }, 
        {"sofa" : 12,  "begin" : 969,  "end" : 972 }, 
        {"sofa" : 12,  "begin" : 973,  "end" : 977 }, 
        {"sofa" : 12,  "begin" : 978,  "end" : 982 }, 
        {"sofa" : 12,  "begin" : 982,  "end" : 983 }, 
        {"sofa" : 12,  "begin" : 985,  "end" : 988 }, 
        {"sofa" : 12,  "begin" : 989,  "end" : 997 }, 
        {"sofa" : 12,  "begin" : 998,  "end" : 1005 }, 
        {"sofa" : 12,  "begin" : 1006,  "end" : 1010 }, 
        {"sofa" : 12,  "begin" : 1011,  "end" : 1017 }, 
        {"sofa" : 12,  "begin" : 1017,  "end" : 1018 }, 
        {"sofa" : 12,  "begin" : 1019,  "end" : 1025 }, 
        {"sofa" : 12,  "begin" : 1026,  "end" : 1034 }, 
        {"sofa" : 12,  "begin" : 1034,  "end" : 1035 }, 
        {"sofa" : 12,  "begin" : 1036,  "end" : 1040 }, 
        {"sofa" : 12,  "begin" : 1041,  "end" : 1046 }, 
        {"sofa" : 12,  "begin" : 1046,  "end" : 1047 }, 
        {"sofa" : 12,  "begin" : 1048,  "end" : 1053 }, 
        {"sofa" : 12,  "begin" : 1054,  "end" : 1057 }, 
        {"sofa" : 12,  "begin" : 1058,  "end" : 1067 }, 
        {"sofa" : 12,  "begin" : 1068,  "end" : 1073 }, 
        {"sofa" : 12,  "begin" : 1073,  "end" : 1074 }, 
        {"sofa" : 12,  "begin" : 1079,  "end" : 1080 }, 
        {"sofa" : 12,  "begin" : 1080,  "end" : 1082 }, 
        {"sofa" : 12,  "begin" : 1083,  "end" : 1087 }, 
        {"sofa" : 12,  "begin" : 1088,  "end" : 1092 }, 
        {"sofa" : 12,  "begin" : 1093,  "end" : 1097 }, 
        {"sofa" : 12,  "begin" : 1098,  "end" : 1104 }, 
        {"sofa" : 12,  "begin" : 1105,  "end" : 1111 }, 
        {"sofa" : 12,  "begin" : 1112,  "end" : 1120 }, 
        {"sofa" : 12,  "begin" : 1121,  "end" : 1125 }, 
        {"sofa" : 12,  "begin" : 1126,  "end" : 1130 }, 
        {"sofa" : 12,  "begin" : 1131,  "end" : 1135 }, 
        {"sofa" : 12,  "begin" : 1136,  "end" : 1139 }, 
        {"sofa" : 12,  "begin" : 1140,  "end" : 1147 }, 
        {"sofa" : 12,  "begin" : 1148,  "end" : 1153 }, 
        {"sofa" : 12,  "begin" : 1154,  "end" : 1157 }, 
        {"sofa" : 12,  "begin" : 1158,  "end" : 1163 }, 
        {"sofa" : 12,  "begin" : 1164,  "end" : 1166 }, 
        {"sofa" : 12,  "begin" : 1167,  "end" : 1171 }, 
        {"sofa" : 12,  "begin" : 1172,  "end" : 1175 }, 
        {"sofa" : 12,  "begin" : 1176,  "end" : 1180 }, 
        {"sofa" : 12,  "begin" : 1181,  "end" : 1186 }, 
        {"sofa" : 12,  "begin" : 1187,  "end" : 1189 }, 
        {"sofa" : 12,  "begin" : 1190,  "end" : 1194 }, 
        {"sofa" : 12,  "begin" : 1194,  "end" : 1195 }, 
        {"sofa" : 12,  "begin" : 1196,  "end" : 1199 }, 
        {"sofa" : 12,  "begin" : 1200,  "end" : 1202 }, 
        {"sofa" : 12,  "begin" : 1203,  "end" : 1206 }, 
        {"sofa" : 12,  "begin" : 1207,  "end" : 1212 }, 
        {"sofa" : 12,  "begin" : 1213,  "end" : 1220 }, 
        {"sofa" : 12,  "begin" : 1221,  "end" : 1225 }, 
        {"sofa" : 12,  "begin" : 1226,  "end" : 1228 }, 
        {"sofa" : 12,  "begin" : 1229,  "end" : 1237 }, 
        {"sofa" : 12,  "begin" : 1238,  "end" : 1244 }, 
        {"sofa" : 12,  "begin" : 1245,  "end" : 1247 }, 
        {"sofa" : 12,  "begin" : 1248,  "end" : 1253 }, 
        {"sofa" : 12,  "begin" : 1254,  "end" : 1261 }, 
        {"sofa" : 12,  "begin" : 1262,  "end" : 1265 }, 
        {"sofa" : 12,  "begin" : 1266,  "end" : 1276 }, 
        {"sofa" : 12,  "begin" : 1277,  "end" : 1281 }, 
        {"sofa" : 12,  "begin" : 1282,  "end" : 1288 }, 
        {"sofa" : 12,  "begin" : 1288,  "end" : 1289 }, 
        {"sofa" : 12,  "begin" : 1289,  "end" : 1290 }, 
        {"sofa" : 12,  "begin" : 1291,  "end" : 1292 }, 
        {"sofa" : 12,  "begin" : 1293,  "end" : 1298 }, 
        {"sofa" : 12,  "begin" : 1299,  "end" : 1303 }, 
        {"sofa" : 12,  "begin" : 1304,  "end" : 1310 }, 
        {"sofa" : 12,  "begin" : 1311,  "end" : 1317 }, 
        {"sofa" : 12,  "begin" : 1318,  "end" : 1325 }, 
        {"sofa" : 12,  "begin" : 1326,  "end" : 1330 }, 
        {"sofa" : 12,  "begin" : 1331,  "end" : 1336 }, 
        {"sofa" : 12,  "begin" : 1337,  "end" : 1347 }, 
        {"sofa" : 12,  "begin" : 1348,  "end" : 1356 }, 
        {"sofa" : 12,  "begin" : 1356,  "end" : 1357 }, 
        {"sofa" : 12,  "begin" : 1359,  "end" : 1362 }, 
        {"sofa" : 12,  "begin" : 1363,  "end" : 1366 }, 
        {"sofa" : 12,  "begin" : 1367,  "end" : 1369 }, 
        {"sofa" : 12,  "begin" : 1370,  "end" : 1379 }, 
        {"sofa" : 12,  "begin" : 1380,  "end" : 1391 }, 
        {"sofa" : 12,  "begin" : 1392,  "end" : 1397 }, 
        {"sofa" : 12,  "begin" : 1398,  "end" : 1401 }, 
        {"sofa" : 12,  "begin" : 1402,  "end" : 1411 }, 
        {"sofa" : 12,  "begin" : 1412,  "end" : 1418 }, 
        {"sofa" : 12,  "begin" : 1419,  "end" : 1422 }, 
        {"sofa" : 12,  "begin" : 1423,  "end" : 1426 }, 
        {"sofa" : 12,  "begin" : 1427,  "end" : 1431 }, 
        {"sofa" : 12,  "begin" : 1432,  "end" : 1435 }, 
        {"sofa" : 12,  "begin" : 1436,  "end" : 1444 }, 
        {"sofa" : 12,  "begin" : 1445,  "end" : 1450 }, 
        {"sofa" : 12,  "begin" : 1451,  "end" : 1453 }, 
        {"sofa" : 12,  "begin" : 1454,  "end" : 1460 }, 
        {"sofa" : 12,  "begin" : 1461,  "end" : 1464 }, 
        {"sofa" : 12,  "begin" : 1465,  "end" : 1469 }, 
        {"sofa" : 12,  "begin" : 1470,  "end" : 1474 }, 
        {"sofa" : 12,  "begin" : 1475,  "end" : 1478 }, 
        {"sofa" : 12,  "begin" : 1479,  "end" : 1485 }, 
        {"sofa" : 12,  "begin" : 1486,  "end" : 1488 }, 
        {"sofa" : 12,  "begin" : 1489,  "end" : 1494 }, 
        {"sofa" : 12,  "begin" : 1494,  "end" : 1495 }, 
        {"sofa" : 12,  "begin" : 1497,  "end" : 1505 }, 
        {"sofa" : 12,  "begin" : 1506,  "end" : 1509 }, 
        {"sofa" : 12,  "begin" : 1510,  "end" : 1518 }, 
        {"sofa" : 12,  "begin" : 1519,  "end" : 1521 }, 
        {"sofa" : 12,  "begin" : 1522,  "end" : 1528 }, 
        {"sofa" : 12,  "begin" : 1529,  "end" : 1530 }, 
        {"sofa" : 12,  "begin" : 1531,  "end" : 1534 }, 
        {"sofa" : 12,  "begin" : 1535,  "end" : 1537 }, 
        {"sofa" : 12,  "begin" : 1538,  "end" : 1541 }, 
        {"sofa" : 12,  "begin" : 1542,  "end" : 1547 }, 
        {"sofa" : 12,  "begin" : 1548,  "end" : 1550 }, 
        {"sofa" : 12,  "begin" : 1551,  "end" : 1554 }, 
        {"sofa" : 12,  "begin" : 1555,  "end" : 1560 }, 
        {"sofa" : 12,  "begin" : 1560,  "end" : 1561 }, 
        {"sofa" : 12,  "begin" : 1562,  "end" : 1564 }, 
        {"sofa" : 12,  "begin" : 1565,  "end" : 1567 }, 
        {"sofa" : 12,  "begin" : 1568,  "end" : 1574 }, 
        {"sofa" : 12,  "begin" : 1575,  "end" : 1584 }, 
        {"sofa" : 12,  "begin" : 1585,  "end" : 1587 }, 
        {"sofa" : 12,  "begin" : 1588,  "end" : 1591 }, 
        {"sofa" : 12,  "begin" : 1592,  "end" : 1599 }, 
        {"sofa" : 12,  "begin" : 1599,  "end" : 1600 }, 
        {"sofa" : 12,  "begin" : 1601,  "end" : 1605 }, 
        {"sofa" : 12,  "begin" : 1606,  "end" : 1608 }, 
        {"sofa" : 12,  "begin" : 1609,  "end" : 1615 }, 
        {"sofa" : 12,  "begin" : 1616,  "end" : 1618 }, 
        {"sofa" : 12,  "begin" : 1619,  "end" : 1622 }, 
        {"sofa" : 12,  "begin" : 1623,  "end" : 1626 }, 
        {"sofa" : 12,  "begin" : 1627,  "end" : 1632 }, 
        {"sofa" : 12,  "begin" : 1633,  "end" : 1638 }, 
        {"sofa" : 12,  "begin" : 1639,  "end" : 1641 }, 
        {"sofa" : 12,  "begin" : 1642,  "end" : 1644 }, 
        {"sofa" : 12,  "begin" : 1645,  "end" : 1653 }, 
        {"sofa" : 12,  "begin" : 1654,  "end" : 1658 }, 
        {"sofa" : 12,  "begin" : 1658,  "end" : 1659 }, 
        {"sofa" : 12,  "begin" : 1661,  "end" : 1664 }, 
        {"sofa" : 12,  "begin" : 1665,  "end" : 1668 }, 
        {"sofa" : 12,  "begin" : 1669,  "end" : 1675 }, 
        {"sofa" : 12,  "begin" : 1676,  "end" : 1683 }, 
        {"sofa" : 12,  "begin" : 1684,  "end" : 1686 }, 
        {"sofa" : 12,  "begin" : 1687,  "end" : 1691 }, 
        {"sofa" : 12,  "begin" : 1692,  "end" : 1695 }, 
        {"sofa" : 12,  "begin" : 1696,  "end" : 1702 }, 
        {"sofa" : 12,  "begin" : 1703,  "end" : 1709 }, 
        {"sofa" : 12,  "begin" : 1710,  "end" : 1717 }, 
        {"sofa" : 12,  "begin" : 1717,  "end" : 1718 }, 
        {"sofa" : 12,  "begin" : 1719,  "end" : 1726 }, 
        {"sofa" : 12,  "begin" : 1726,  "end" : 1727 }, 
        {"sofa" : 12,  "begin" : 1728,  "end" : 1732 }, 
        {"sofa" : 12,  "begin" : 1733,  "end" : 1740 }, 
        {"sofa" : 12,  "begin" : 1741,  "end" : 1744 }, 
        {"sofa" : 12,  "begin" : 1745,  "end" : 1755 }, 
        {"sofa" : 12,  "begin" : 1756,  "end" : 1761 }, 
        {"sofa" : 12,  "begin" : 1762,  "end" : 1766 }, 
        {"sofa" : 12,  "begin" : 1767,  "end" : 1773 }, 
        {"sofa" : 12,  "begin" : 1774,  "end" : 1781 }, 
        {"sofa" : 12,  "begin" : 1782,  "end" : 1786 }, 
        {"sofa" : 12,  "begin" : 1787,  "end" : 1792 }, 
        {"sofa" : 12,  "begin" : 1793,  "end" : 1799 }, 
        {"sofa" : 12,  "begin" : 1800,  "end" : 1804 }, 
        {"sofa" : 12,  "begin" : 1805,  "end" : 1808 }, 
        {"sofa" : 12,  "begin" : 1808,  "end" : 1809 }, 
        {"sofa" : 12,  "begin" : 1809,  "end" : 1813 }, 
        {"sofa" : 12,  "begin" : 1813,  "end" : 1814 }, 
        {"sofa" : 12,  "begin" : 1816,  "end" : 1817 }, 
        {"sofa" : 12,  "begin" : 1817,  "end" : 1823 }, 
        {"sofa" : 12,  "begin" : 1824,  "end" : 1828 }, 
        {"sofa" : 12,  "begin" : 1829,  "end" : 1833 }, 
        {"sofa" : 12,  "begin" : 1834,  "end" : 1838 }, 
        {"sofa" : 12,  "begin" : 1839,  "end" : 1846 }, 
        {"sofa" : 12,  "begin" : 1847,  "end" : 1851 }, 
        {"sofa" : 12,  "begin" : 1852,  "end" : 1854 }, 
        {"sofa" : 12,  "begin" : 1855,  "end" : 1859 }, 
        {"sofa" : 12,  "begin" : 1860,  "end" : 1865 }, 
        {"sofa" : 12,  "begin" : 1866,  "end" : 1870 }, 
        {"sofa" : 12,  "begin" : 1870,  "end" : 1871 }, 
        {"sofa" : 12,  "begin" : 1871,  "end" : 1872 }, 
        {"sofa" : 12,  "begin" : 1873,  "end" : 1876 }, 
        {"sofa" : 12,  "begin" : 1877,  "end" : 1882 }, 
        {"sofa" : 12,  "begin" : 1883,  "end" : 1887 }, 
        {"sofa" : 12,  "begin" : 1888,  "end" : 1895 }, 
        {"sofa" : 12,  "begin" : 1896,  "end" : 1905 }, 
        {"sofa" : 12,  "begin" : 1905,  "end" : 1906 } ], 
      "Persuasive_Labels" : [
        {"sofa" : 12,  "begin" : 384,  "end" : 470,  "DistinctiveLinguisticFeatures" : "title of article" }, 
        {"sofa" : 12,  "begin" : 384,  "end" : 470,  "DistinctiveLinguisticFeatures" : "distinctive linguistic features" }, 
        {"sofa" : 12,  "begin" : 802,  "end" : 983,  "InappropriateUseofScientificEvidence" : "Inappropriate Use of Scientific and Other Evidence - out of context_verified" }, 
        {"sofa" : 12,  "begin" : 802,  "end" : 983,  "InappropriateUseofScientificEvidence" : "inappropriate use of scientific and Other evidence" }, 
        {"sofa" : 12,  "begin" : 985,  "end" : 1074,  "HighlightingUncertaintyandRisk" : "Highlighting Uncertainty and Risk" }, 
        {"sofa" : 12,  "begin" : 1497,  "end" : 1561,  "PoliticizingHealthIssues" : "ingroup vs. outgroup" }, 
        {"sofa" : 12,  "begin" : 1497,  "end" : 1561,  "PoliticizingHealthIssues" : "politicizing health issues" }, 
        {"sofa" : 12,  "begin" : 1661,  "end" : 1814,  "EmotionalAppeals" : "fear" }, 
        {"sofa" : 12,  "begin" : 1661,  "end" : 1814,  "EmotionalAppeals" : "emotional appeals" }, 
        {"sofa" : 12,  "begin" : 1767,  "end" : 1813,  "EmotionalAppeals" : "fear" } ] } }, 
  "_referenced_fss" : {
    "12" : {"_type" : "Sofa",  "sofaNum" : 1,  "sofaID" : "_InitialView",  "mimeType" : "text",  "sofaString" : "﻿snes-01400 Authorities in Kenya warned of a new outbreak of HPV that spreads through kissing and is deadlier than HIV/Aids.\t\r\nOriginal Source: https://web.archive.org/web/20171127171945/http://nativetribe.us/dont-go-about-kissing-everyone-new-hpv-virus-that-kills-faster-than-hiv-aids-erupts.html\t\r\nFact Checking: www.snopes.com/fact-check/hpv-kissing-aids/\t\t\t\t\t\t\r\nActual Content: \r\nDon't Go About Kissing Everyone; New HPV Virus That Kills Faster Than HIV/AIDS Erupts.\r\nBy Native Pride  On 25/11/2017 In Uncategorized Leave a comment \r\nStudents from Kisii University, Kenya and the general public at large have been warned against kissing carelessly due to an outbreak of Human papilloma virus, which has seen several people admitted at Kisii level 5 hospital after testing positive to the disease.\r\nHPV is an infectious viral disease which cause mouth cancer and is transmitted through infected body fluids and that's why people have been warned against kissing any how they want.\r\nThe symptoms include sore throat, severe headache, High fever, Vomit and abdominal pains.\r\n \r\n\"We were told that public health officers from this area are working round the clock to know the root cause of this. But we are being advised even on WhatsApp groups to avoid kissing and exchanging body fluids,\" A third year public health student from Kisii University lamented.\r\nThe HPV is gradually circulating Kenya and gradually making its way into the Southern parts of Africa and will soon hit Africa at large.\r\nAfricans are believed to travel a lot to all parts of the world. So if proper awareness is not created, this is likely to hit the whole world in no distance time.\r\nYou are hereby advised to warn and inform family members, friends, well wishers and colleagues about this deadly disease that kills faster than HIV/AIDS.\r\n\"Please make sure this warning gets to your loved ones,\" the third year student concluded.\r\n\r\n" } } }