{"_context" : {
    "_types" : {
      "DocumentMetaData" : {
        "_feature_types" : {"sofa" : "_ref" } }, 
      "Persuasive_Labels" : {
        "_feature_types" : {"sofa" : "_ref" } }, 
      "Sentence" : {
        "_feature_types" : {"sofa" : "_ref" } }, 
      "Sofa" : {
        "_feature_types" : {"sofaArray" : "_ref" } }, 
      "TagsetDescription" : {
        "_feature_types" : {"sofa" : "_ref",  "tags" : "_ref" } }, 
      "Token" : {
        "_feature_types" : {"sofa" : "_ref",  "parent" : "_ref",  "lemma" : "_ref",  "stem" : "_ref",  "pos" : "_ref",  "morph" : "_ref",  "form" : "_ref" } }, 
      "DocumentAnnotation" : {
        "_feature_types" : {"sofa" : "_ref" }, 
        "_subtypes" : ["DocumentMetaData" ] }, 
      "Annotation" : {
        "_feature_types" : {"sofa" : "_ref" }, 
        "_subtypes" : ["DocumentAnnotation",  "Persuasive_Labels",  "Sentence",  "TagsetDescription",  "Token" ] }, 
      "AnnotationBase" : {
        "_feature_types" : {"sofa" : "_ref" }, 
        "_subtypes" : ["Annotation" ] }, 
      "TOP" : {
        "_subtypes" : ["AnnotationBase",  "Sofa" ] } } }, 
  "_views" : {
    "_InitialView" : {
      "DocumentMetaData" : [
        {"sofa" : 12,  "end" : 1665,  "language" : "x-unspecified",  "documentTitle" : "162.%20snes-06054%20The%20Tim%20Hortons%20chain%20of%20coffee%20and%20baked%20goods%20stores%20adds%20nicotine%20to%20its%20coffee%20to%20keep%20customers%20hooked%20on%20it.txt",  "documentId" : "admin",  "documentUri" : "file:/C:/Users/huiyi/.webanno/repository/project/4/document/344/source/admin",  "collectionId" : "file:/C:/Users/huiyi/.webanno/repository/project/4/document/344/source/",  "documentBaseUri" : "file:/C:/Users/huiyi/.webanno/repository/project/4/document/344/source/",  "isLastSegment" : false } ], 
      "TagsetDescription" : [
        {"sofa" : 12,  "layer" : "de.tudarmstadt.ukp.dkpro.core.api.syntax.type.dependency.Dependency",  "name" : "UD Universal Dependencies (v2)",  "input" : false }, 
        {"sofa" : 12,  "layer" : "de.tudarmstadt.ukp.dkpro.core.api.ner.type.NamedEntity",  "name" : "Named Entity tags",  "input" : false }, 
        {"sofa" : 12,  "layer" : "de.tudarmstadt.ukp.dkpro.core.api.transform.type.SofaChangeAnnotation",  "name" : "Operation",  "input" : false }, 
        {"sofa" : 12,  "layer" : "de.tudarmstadt.ukp.dkpro.core.api.lexmorph.type.pos.POS",  "name" : "UD Universal POS tags (v2)",  "input" : false }, 
        {"sofa" : 12,  "layer" : "webanno.custom.Persuasive_Labels",  "name" : "2. Using Anecdotes and Personal Experience as Evidence",  "input" : false } ], 
      "Sentence" : [
        {"sofa" : 12,  "end" : 126 }, 
        {"sofa" : 12,  "begin" : 128,  "end" : 363 }, 
        {"sofa" : 12,  "begin" : 367,  "end" : 433 }, 
        {"sofa" : 12,  "begin" : 437,  "end" : 577 }, 
        {"sofa" : 12,  "begin" : 578,  "end" : 635 }, 
        {"sofa" : 12,  "begin" : 636,  "end" : 664 }, 
        {"sofa" : 12,  "begin" : 665,  "end" : 786 }, 
        {"sofa" : 12,  "begin" : 787,  "end" : 909 }, 
        {"sofa" : 12,  "begin" : 910,  "end" : 984 }, 
        {"sofa" : 12,  "begin" : 985,  "end" : 1034 }, 
        {"sofa" : 12,  "begin" : 1035,  "end" : 1204 }, 
        {"sofa" : 12,  "begin" : 1205,  "end" : 1284 }, 
        {"sofa" : 12,  "begin" : 1285,  "end" : 1341 }, 
        {"sofa" : 12,  "begin" : 1342,  "end" : 1392 }, 
        {"sofa" : 12,  "begin" : 1393,  "end" : 1433 }, 
        {"sofa" : 12,  "begin" : 1437,  "end" : 1576 }, 
        {"sofa" : 12,  "begin" : 1580,  "end" : 1626 }, 
        {"sofa" : 12,  "begin" : 1627,  "end" : 1663 } ], 
      "Token" : [
        {"sofa" : 12,  "end" : 5 }, 
        {"sofa" : 12,  "begin" : 5,  "end" : 6 }, 
        {"sofa" : 12,  "begin" : 6,  "end" : 11 }, 
        {"sofa" : 12,  "begin" : 12,  "end" : 15 }, 
        {"sofa" : 12,  "begin" : 16,  "end" : 19 }, 
        {"sofa" : 12,  "begin" : 20,  "end" : 27 }, 
        {"sofa" : 12,  "begin" : 28,  "end" : 33 }, 
        {"sofa" : 12,  "begin" : 34,  "end" : 36 }, 
        {"sofa" : 12,  "begin" : 37,  "end" : 43 }, 
        {"sofa" : 12,  "begin" : 44,  "end" : 47 }, 
        {"sofa" : 12,  "begin" : 48,  "end" : 53 }, 
        {"sofa" : 12,  "begin" : 54,  "end" : 59 }, 
        {"sofa" : 12,  "begin" : 60,  "end" : 66 }, 
        {"sofa" : 12,  "begin" : 67,  "end" : 71 }, 
        {"sofa" : 12,  "begin" : 72,  "end" : 80 }, 
        {"sofa" : 12,  "begin" : 81,  "end" : 83 }, 
        {"sofa" : 12,  "begin" : 84,  "end" : 87 }, 
        {"sofa" : 12,  "begin" : 88,  "end" : 94 }, 
        {"sofa" : 12,  "begin" : 95,  "end" : 97 }, 
        {"sofa" : 12,  "begin" : 98,  "end" : 102 }, 
        {"sofa" : 12,  "begin" : 103,  "end" : 112 }, 
        {"sofa" : 12,  "begin" : 113,  "end" : 119 }, 
        {"sofa" : 12,  "begin" : 120,  "end" : 122 }, 
        {"sofa" : 12,  "begin" : 123,  "end" : 125 }, 
        {"sofa" : 12,  "begin" : 125,  "end" : 126 }, 
        {"sofa" : 12,  "begin" : 128,  "end" : 134 }, 
        {"sofa" : 12,  "begin" : 134,  "end" : 135 }, 
        {"sofa" : 12,  "begin" : 136,  "end" : 141 }, 
        {"sofa" : 12,  "begin" : 141,  "end" : 142 }, 
        {"sofa" : 12,  "begin" : 142,  "end" : 143 }, 
        {"sofa" : 12,  "begin" : 143,  "end" : 144 }, 
        {"sofa" : 12,  "begin" : 144,  "end" : 165 }, 
        {"sofa" : 12,  "begin" : 165,  "end" : 166 }, 
        {"sofa" : 12,  "begin" : 166,  "end" : 170 }, 
        {"sofa" : 12,  "begin" : 170,  "end" : 171 }, 
        {"sofa" : 12,  "begin" : 171,  "end" : 173 }, 
        {"sofa" : 12,  "begin" : 173,  "end" : 174 }, 
        {"sofa" : 12,  "begin" : 174,  "end" : 218 }, 
        {"sofa" : 12,  "begin" : 221,  "end" : 225 }, 
        {"sofa" : 12,  "begin" : 226,  "end" : 234 }, 
        {"sofa" : 12,  "begin" : 234,  "end" : 235 }, 
        {"sofa" : 12,  "begin" : 236,  "end" : 241 }, 
        {"sofa" : 12,  "begin" : 241,  "end" : 242 }, 
        {"sofa" : 12,  "begin" : 242,  "end" : 243 }, 
        {"sofa" : 12,  "begin" : 243,  "end" : 244 }, 
        {"sofa" : 12,  "begin" : 244,  "end" : 258 }, 
        {"sofa" : 12,  "begin" : 258,  "end" : 259 }, 
        {"sofa" : 12,  "begin" : 259,  "end" : 269 }, 
        {"sofa" : 12,  "begin" : 269,  "end" : 270 }, 
        {"sofa" : 12,  "begin" : 270,  "end" : 286 }, 
        {"sofa" : 12,  "begin" : 286,  "end" : 287 }, 
        {"sofa" : 12,  "begin" : 290,  "end" : 296 }, 
        {"sofa" : 12,  "begin" : 297,  "end" : 304 }, 
        {"sofa" : 12,  "begin" : 304,  "end" : 305 }, 
        {"sofa" : 12,  "begin" : 308,  "end" : 311 }, 
        {"sofa" : 12,  "begin" : 312,  "end" : 315 }, 
        {"sofa" : 12,  "begin" : 316,  "end" : 317 }, 
        {"sofa" : 12,  "begin" : 318,  "end" : 321 }, 
        {"sofa" : 12,  "begin" : 321,  "end" : 322 }, 
        {"sofa" : 12,  "begin" : 323,  "end" : 329 }, 
        {"sofa" : 12,  "begin" : 330,  "end" : 332 }, 
        {"sofa" : 12,  "begin" : 333,  "end" : 340 }, 
        {"sofa" : 12,  "begin" : 341,  "end" : 348 }, 
        {"sofa" : 12,  "begin" : 349,  "end" : 352 }, 
        {"sofa" : 12,  "begin" : 353,  "end" : 361 }, 
        {"sofa" : 12,  "begin" : 362,  "end" : 363 }, 
        {"sofa" : 12,  "begin" : 367,  "end" : 369 }, 
        {"sofa" : 12,  "begin" : 370,  "end" : 373 }, 
        {"sofa" : 12,  "begin" : 374,  "end" : 378 }, 
        {"sofa" : 12,  "begin" : 379,  "end" : 385 }, 
        {"sofa" : 12,  "begin" : 386,  "end" : 389 }, 
        {"sofa" : 12,  "begin" : 390,  "end" : 393 }, 
        {"sofa" : 12,  "begin" : 394,  "end" : 398 }, 
        {"sofa" : 12,  "begin" : 399,  "end" : 401 }, 
        {"sofa" : 12,  "begin" : 402,  "end" : 406 }, 
        {"sofa" : 12,  "begin" : 407,  "end" : 411 }, 
        {"sofa" : 12,  "begin" : 412,  "end" : 418 }, 
        {"sofa" : 12,  "begin" : 419,  "end" : 424 }, 
        {"sofa" : 12,  "begin" : 425,  "end" : 432 }, 
        {"sofa" : 12,  "begin" : 432,  "end" : 433 }, 
        {"sofa" : 12,  "begin" : 437,  "end" : 438 }, 
        {"sofa" : 12,  "begin" : 438,  "end" : 439 }, 
        {"sofa" : 12,  "begin" : 440,  "end" : 443 }, 
        {"sofa" : 12,  "begin" : 444,  "end" : 452 }, 
        {"sofa" : 12,  "begin" : 453,  "end" : 460 }, 
        {"sofa" : 12,  "begin" : 461,  "end" : 462 }, 
        {"sofa" : 12,  "begin" : 462,  "end" : 463 }, 
        {"sofa" : 12,  "begin" : 467,  "end" : 468 }, 
        {"sofa" : 12,  "begin" : 469,  "end" : 472 }, 
        {"sofa" : 12,  "begin" : 473,  "end" : 477 }, 
        {"sofa" : 12,  "begin" : 478,  "end" : 486 }, 
        {"sofa" : 12,  "begin" : 487,  "end" : 491 }, 
        {"sofa" : 12,  "begin" : 492,  "end" : 494 }, 
        {"sofa" : 12,  "begin" : 495,  "end" : 497 }, 
        {"sofa" : 12,  "begin" : 498,  "end" : 504 }, 
        {"sofa" : 12,  "begin" : 505,  "end" : 508 }, 
        {"sofa" : 12,  "begin" : 509,  "end" : 510 }, 
        {"sofa" : 12,  "begin" : 511,  "end" : 516 }, 
        {"sofa" : 12,  "begin" : 517,  "end" : 521 }, 
        {"sofa" : 12,  "begin" : 522,  "end" : 524 }, 
        {"sofa" : 12,  "begin" : 525,  "end" : 529 }, 
        {"sofa" : 12,  "begin" : 530,  "end" : 537 }, 
        {"sofa" : 12,  "begin" : 538,  "end" : 540 }, 
        {"sofa" : 12,  "begin" : 541,  "end" : 544 }, 
        {"sofa" : 12,  "begin" : 545,  "end" : 553 }, 
        {"sofa" : 12,  "begin" : 554,  "end" : 559 }, 
        {"sofa" : 12,  "begin" : 560,  "end" : 561 }, 
        {"sofa" : 12,  "begin" : 562,  "end" : 568 }, 
        {"sofa" : 12,  "begin" : 569,  "end" : 571 }, 
        {"sofa" : 12,  "begin" : 572,  "end" : 576 }, 
        {"sofa" : 12,  "begin" : 576,  "end" : 577 }, 
        {"sofa" : 12,  "begin" : 578,  "end" : 586 }, 
        {"sofa" : 12,  "begin" : 587,  "end" : 591 }, 
        {"sofa" : 12,  "begin" : 592,  "end" : 595 }, 
        {"sofa" : 12,  "begin" : 596,  "end" : 600 }, 
        {"sofa" : 12,  "begin" : 601,  "end" : 603 }, 
        {"sofa" : 12,  "begin" : 604,  "end" : 607 }, 
        {"sofa" : 12,  "begin" : 608,  "end" : 616 }, 
        {"sofa" : 12,  "begin" : 617,  "end" : 619 }, 
        {"sofa" : 12,  "begin" : 620,  "end" : 627 }, 
        {"sofa" : 12,  "begin" : 628,  "end" : 634 }, 
        {"sofa" : 12,  "begin" : 634,  "end" : 635 }, 
        {"sofa" : 12,  "begin" : 636,  "end" : 638 }, 
        {"sofa" : 12,  "begin" : 639,  "end" : 642 }, 
        {"sofa" : 12,  "begin" : 643,  "end" : 651 }, 
        {"sofa" : 12,  "begin" : 652,  "end" : 654 }, 
        {"sofa" : 12,  "begin" : 655,  "end" : 663 }, 
        {"sofa" : 12,  "begin" : 663,  "end" : 664 }, 
        {"sofa" : 12,  "begin" : 665,  "end" : 668 }, 
        {"sofa" : 12,  "begin" : 669,  "end" : 672 }, 
        {"sofa" : 12,  "begin" : 673,  "end" : 676 }, 
        {"sofa" : 12,  "begin" : 677,  "end" : 680 }, 
        {"sofa" : 12,  "begin" : 681,  "end" : 691 }, 
        {"sofa" : 12,  "begin" : 692,  "end" : 695 }, 
        {"sofa" : 12,  "begin" : 696,  "end" : 700 }, 
        {"sofa" : 12,  "begin" : 701,  "end" : 706 }, 
        {"sofa" : 12,  "begin" : 707,  "end" : 709 }, 
        {"sofa" : 12,  "begin" : 710,  "end" : 718 }, 
        {"sofa" : 12,  "begin" : 719,  "end" : 721 }, 
        {"sofa" : 12,  "begin" : 722,  "end" : 724 }, 
        {"sofa" : 12,  "begin" : 725,  "end" : 729 }, 
        {"sofa" : 12,  "begin" : 730,  "end" : 733 }, 
        {"sofa" : 12,  "begin" : 734,  "end" : 739 }, 
        {"sofa" : 12,  "begin" : 740,  "end" : 747 }, 
        {"sofa" : 12,  "begin" : 748,  "end" : 752 }, 
        {"sofa" : 12,  "begin" : 753,  "end" : 757 }, 
        {"sofa" : 12,  "begin" : 758,  "end" : 760 }, 
        {"sofa" : 12,  "begin" : 761,  "end" : 764 }, 
        {"sofa" : 12,  "begin" : 765,  "end" : 773 }, 
        {"sofa" : 12,  "begin" : 774,  "end" : 776 }, 
        {"sofa" : 12,  "begin" : 777,  "end" : 785 }, 
        {"sofa" : 12,  "begin" : 785,  "end" : 786 }, 
        {"sofa" : 12,  "begin" : 787,  "end" : 789 }, 
        {"sofa" : 12,  "begin" : 790,  "end" : 794 }, 
        {"sofa" : 12,  "begin" : 795,  "end" : 798 }, 
        {"sofa" : 12,  "begin" : 799,  "end" : 805 }, 
        {"sofa" : 12,  "begin" : 806,  "end" : 810 }, 
        {"sofa" : 12,  "begin" : 811,  "end" : 813 }, 
        {"sofa" : 12,  "begin" : 814,  "end" : 817 }, 
        {"sofa" : 12,  "begin" : 818,  "end" : 821 }, 
        {"sofa" : 12,  "begin" : 822,  "end" : 826 }, 
        {"sofa" : 12,  "begin" : 827,  "end" : 835 }, 
        {"sofa" : 12,  "begin" : 836,  "end" : 845 }, 
        {"sofa" : 12,  "begin" : 846,  "end" : 851 }, 
        {"sofa" : 12,  "begin" : 852,  "end" : 854 }, 
        {"sofa" : 12,  "begin" : 855,  "end" : 858 }, 
        {"sofa" : 12,  "begin" : 859,  "end" : 861 }, 
        {"sofa" : 12,  "begin" : 862,  "end" : 870 }, 
        {"sofa" : 12,  "begin" : 871,  "end" : 876 }, 
        {"sofa" : 12,  "begin" : 877,  "end" : 881 }, 
        {"sofa" : 12,  "begin" : 882,  "end" : 888 }, 
        {"sofa" : 12,  "begin" : 889,  "end" : 892 }, 
        {"sofa" : 12,  "begin" : 893,  "end" : 901 }, 
        {"sofa" : 12,  "begin" : 902,  "end" : 908 }, 
        {"sofa" : 12,  "begin" : 908,  "end" : 909 }, 
        {"sofa" : 12,  "begin" : 910,  "end" : 913 }, 
        {"sofa" : 12,  "begin" : 914,  "end" : 917 }, 
        {"sofa" : 12,  "begin" : 918,  "end" : 922 }, 
        {"sofa" : 12,  "begin" : 923,  "end" : 927 }, 
        {"sofa" : 12,  "begin" : 928,  "end" : 932 }, 
        {"sofa" : 12,  "begin" : 933,  "end" : 935 }, 
        {"sofa" : 12,  "begin" : 936,  "end" : 939 }, 
        {"sofa" : 12,  "begin" : 940,  "end" : 948 }, 
        {"sofa" : 12,  "begin" : 949,  "end" : 952 }, 
        {"sofa" : 12,  "begin" : 953,  "end" : 958 }, 
        {"sofa" : 12,  "begin" : 959,  "end" : 963 }, 
        {"sofa" : 12,  "begin" : 964,  "end" : 967 }, 
        {"sofa" : 12,  "begin" : 968,  "end" : 970 }, 
        {"sofa" : 12,  "begin" : 971,  "end" : 976 }, 
        {"sofa" : 12,  "begin" : 977,  "end" : 983 }, 
        {"sofa" : 12,  "begin" : 983,  "end" : 984 }, 
        {"sofa" : 12,  "begin" : 985,  "end" : 988 }, 
        {"sofa" : 12,  "begin" : 989,  "end" : 997 }, 
        {"sofa" : 12,  "begin" : 998,  "end" : 1005 }, 
        {"sofa" : 12,  "begin" : 1006,  "end" : 1008 }, 
        {"sofa" : 12,  "begin" : 1009,  "end" : 1016 }, 
        {"sofa" : 12,  "begin" : 1017,  "end" : 1021 }, 
        {"sofa" : 12,  "begin" : 1022,  "end" : 1033 }, 
        {"sofa" : 12,  "begin" : 1033,  "end" : 1034 }, 
        {"sofa" : 12,  "begin" : 1035,  "end" : 1040 }, 
        {"sofa" : 12,  "begin" : 1041,  "end" : 1052 }, 
        {"sofa" : 12,  "begin" : 1053,  "end" : 1058 }, 
        {"sofa" : 12,  "begin" : 1059,  "end" : 1065 }, 
        {"sofa" : 12,  "begin" : 1065,  "end" : 1066 }, 
        {"sofa" : 12,  "begin" : 1067,  "end" : 1070 }, 
        {"sofa" : 12,  "begin" : 1071,  "end" : 1079 }, 
        {"sofa" : 12,  "begin" : 1080,  "end" : 1087 }, 
        {"sofa" : 12,  "begin" : 1088,  "end" : 1096 }, 
        {"sofa" : 12,  "begin" : 1096,  "end" : 1097 }, 
        {"sofa" : 12,  "begin" : 1097,  "end" : 1098 }, 
        {"sofa" : 12,  "begin" : 1098,  "end" : 1099 }, 
        {"sofa" : 12,  "begin" : 1099,  "end" : 1100 }, 
        {"sofa" : 12,  "begin" : 1100,  "end" : 1101 }, 
        {"sofa" : 12,  "begin" : 1105,  "end" : 1106 }, 
        {"sofa" : 12,  "begin" : 1106,  "end" : 1107 }, 
        {"sofa" : 12,  "begin" : 1107,  "end" : 1108 }, 
        {"sofa" : 12,  "begin" : 1109,  "end" : 1114 }, 
        {"sofa" : 12,  "begin" : 1115,  "end" : 1117 }, 
        {"sofa" : 12,  "begin" : 1118,  "end" : 1126 }, 
        {"sofa" : 12,  "begin" : 1127,  "end" : 1129 }, 
        {"sofa" : 12,  "begin" : 1130,  "end" : 1133 }, 
        {"sofa" : 12,  "begin" : 1134,  "end" : 1142 }, 
        {"sofa" : 12,  "begin" : 1143,  "end" : 1149 }, 
        {"sofa" : 12,  "begin" : 1150,  "end" : 1151 }, 
        {"sofa" : 12,  "begin" : 1151,  "end" : 1152 }, 
        {"sofa" : 12,  "begin" : 1152,  "end" : 1153 }, 
        {"sofa" : 12,  "begin" : 1157,  "end" : 1158 }, 
        {"sofa" : 12,  "begin" : 1159,  "end" : 1163 }, 
        {"sofa" : 12,  "begin" : 1164,  "end" : 1165 }, 
        {"sofa" : 12,  "begin" : 1166,  "end" : 1170 }, 
        {"sofa" : 12,  "begin" : 1171,  "end" : 1174 }, 
        {"sofa" : 12,  "begin" : 1175,  "end" : 1177 }, 
        {"sofa" : 12,  "begin" : 1178,  "end" : 1181 }, 
        {"sofa" : 12,  "begin" : 1182,  "end" : 1187 }, 
        {"sofa" : 12,  "begin" : 1188,  "end" : 1190 }, 
        {"sofa" : 12,  "begin" : 1191,  "end" : 1195 }, 
        {"sofa" : 12,  "begin" : 1196,  "end" : 1203 }, 
        {"sofa" : 12,  "begin" : 1203,  "end" : 1204 }, 
        {"sofa" : 12,  "begin" : 1205,  "end" : 1210 }, 
        {"sofa" : 12,  "begin" : 1211,  "end" : 1212 }, 
        {"sofa" : 12,  "begin" : 1213,  "end" : 1219 }, 
        {"sofa" : 12,  "begin" : 1220,  "end" : 1222 }, 
        {"sofa" : 12,  "begin" : 1223,  "end" : 1227 }, 
        {"sofa" : 12,  "begin" : 1228,  "end" : 1231 }, 
        {"sofa" : 12,  "begin" : 1232,  "end" : 1235 }, 
        {"sofa" : 12,  "begin" : 1236,  "end" : 1242 }, 
        {"sofa" : 12,  "begin" : 1243,  "end" : 1248 }, 
        {"sofa" : 12,  "begin" : 1249,  "end" : 1254 }, 
        {"sofa" : 12,  "begin" : 1255,  "end" : 1256 }, 
        {"sofa" : 12,  "begin" : 1257,  "end" : 1260 }, 
        {"sofa" : 12,  "begin" : 1261,  "end" : 1267 }, 
        {"sofa" : 12,  "begin" : 1268,  "end" : 1270 }, 
        {"sofa" : 12,  "begin" : 1271,  "end" : 1274 }, 
        {"sofa" : 12,  "begin" : 1275,  "end" : 1283 }, 
        {"sofa" : 12,  "begin" : 1283,  "end" : 1284 }, 
        {"sofa" : 12,  "begin" : 1285,  "end" : 1288 }, 
        {"sofa" : 12,  "begin" : 1289,  "end" : 1295 }, 
        {"sofa" : 12,  "begin" : 1296,  "end" : 1300 }, 
        {"sofa" : 12,  "begin" : 1301,  "end" : 1304 }, 
        {"sofa" : 12,  "begin" : 1305,  "end" : 1309 }, 
        {"sofa" : 12,  "begin" : 1310,  "end" : 1313 }, 
        {"sofa" : 12,  "begin" : 1314,  "end" : 1317 }, 
        {"sofa" : 12,  "begin" : 1318,  "end" : 1320 }, 
        {"sofa" : 12,  "begin" : 1321,  "end" : 1322 }, 
        {"sofa" : 12,  "begin" : 1323,  "end" : 1331 }, 
        {"sofa" : 12,  "begin" : 1332,  "end" : 1340 }, 
        {"sofa" : 12,  "begin" : 1340,  "end" : 1341 }, 
        {"sofa" : 12,  "begin" : 1342,  "end" : 1345 }, 
        {"sofa" : 12,  "begin" : 1346,  "end" : 1351 }, 
        {"sofa" : 12,  "begin" : 1352,  "end" : 1354 }, 
        {"sofa" : 12,  "begin" : 1355,  "end" : 1356 }, 
        {"sofa" : 12,  "begin" : 1357,  "end" : 1361 }, 
        {"sofa" : 12,  "begin" : 1362,  "end" : 1366 }, 
        {"sofa" : 12,  "begin" : 1367,  "end" : 1370 }, 
        {"sofa" : 12,  "begin" : 1371,  "end" : 1374 }, 
        {"sofa" : 12,  "begin" : 1375,  "end" : 1378 }, 
        {"sofa" : 12,  "begin" : 1379,  "end" : 1383 }, 
        {"sofa" : 12,  "begin" : 1384,  "end" : 1391 }, 
        {"sofa" : 12,  "begin" : 1391,  "end" : 1392 }, 
        {"sofa" : 12,  "begin" : 1393,  "end" : 1396 }, 
        {"sofa" : 12,  "begin" : 1397,  "end" : 1400 }, 
        {"sofa" : 12,  "begin" : 1401,  "end" : 1407 }, 
        {"sofa" : 12,  "begin" : 1408,  "end" : 1411 }, 
        {"sofa" : 12,  "begin" : 1412,  "end" : 1418 }, 
        {"sofa" : 12,  "begin" : 1419,  "end" : 1424 }, 
        {"sofa" : 12,  "begin" : 1425,  "end" : 1432 }, 
        {"sofa" : 12,  "begin" : 1432,  "end" : 1433 }, 
        {"sofa" : 12,  "begin" : 1437,  "end" : 1440 }, 
        {"sofa" : 12,  "begin" : 1441,  "end" : 1448 }, 
        {"sofa" : 12,  "begin" : 1449,  "end" : 1450 }, 
        {"sofa" : 12,  "begin" : 1451,  "end" : 1456 }, 
        {"sofa" : 12,  "begin" : 1457,  "end" : 1460 }, 
        {"sofa" : 12,  "begin" : 1461,  "end" : 1466 }, 
        {"sofa" : 12,  "begin" : 1467,  "end" : 1474 }, 
        {"sofa" : 12,  "begin" : 1475,  "end" : 1482 }, 
        {"sofa" : 12,  "begin" : 1483,  "end" : 1486 }, 
        {"sofa" : 12,  "begin" : 1487,  "end" : 1492 }, 
        {"sofa" : 12,  "begin" : 1493,  "end" : 1496 }, 
        {"sofa" : 12,  "begin" : 1497,  "end" : 1501 }, 
        {"sofa" : 12,  "begin" : 1502,  "end" : 1505 }, 
        {"sofa" : 12,  "begin" : 1506,  "end" : 1508 }, 
        {"sofa" : 12,  "begin" : 1509,  "end" : 1517 }, 
        {"sofa" : 12,  "begin" : 1517,  "end" : 1518 }, 
        {"sofa" : 12,  "begin" : 1519,  "end" : 1522 }, 
        {"sofa" : 12,  "begin" : 1523,  "end" : 1528 }, 
        {"sofa" : 12,  "begin" : 1529,  "end" : 1534 }, 
        {"sofa" : 12,  "begin" : 1535,  "end" : 1537 }, 
        {"sofa" : 12,  "begin" : 1538,  "end" : 1542 }, 
        {"sofa" : 12,  "begin" : 1543,  "end" : 1546 }, 
        {"sofa" : 12,  "begin" : 1547,  "end" : 1550 }, 
        {"sofa" : 12,  "begin" : 1551,  "end" : 1559 }, 
        {"sofa" : 12,  "begin" : 1560,  "end" : 1564 }, 
        {"sofa" : 12,  "begin" : 1565,  "end" : 1567 }, 
        {"sofa" : 12,  "begin" : 1568,  "end" : 1569 }, 
        {"sofa" : 12,  "begin" : 1570,  "end" : 1575 }, 
        {"sofa" : 12,  "begin" : 1575,  "end" : 1576 }, 
        {"sofa" : 12,  "begin" : 1580,  "end" : 1584 }, 
        {"sofa" : 12,  "begin" : 1585,  "end" : 1587 }, 
        {"sofa" : 12,  "begin" : 1588,  "end" : 1591 }, 
        {"sofa" : 12,  "begin" : 1592,  "end" : 1593 }, 
        {"sofa" : 12,  "begin" : 1594,  "end" : 1598 }, 
        {"sofa" : 12,  "begin" : 1598,  "end" : 1599 }, 
        {"sofa" : 12,  "begin" : 1600,  "end" : 1606 }, 
        {"sofa" : 12,  "begin" : 1607,  "end" : 1611 }, 
        {"sofa" : 12,  "begin" : 1612,  "end" : 1616 }, 
        {"sofa" : 12,  "begin" : 1617,  "end" : 1622 }, 
        {"sofa" : 12,  "begin" : 1622,  "end" : 1623 }, 
        {"sofa" : 12,  "begin" : 1623,  "end" : 1624 }, 
        {"sofa" : 12,  "begin" : 1624,  "end" : 1625 }, 
        {"sofa" : 12,  "begin" : 1625,  "end" : 1626 }, 
        {"sofa" : 12,  "begin" : 1627,  "end" : 1630 }, 
        {"sofa" : 12,  "begin" : 1631,  "end" : 1636 }, 
        {"sofa" : 12,  "begin" : 1637,  "end" : 1640 }, 
        {"sofa" : 12,  "begin" : 1641,  "end" : 1645 }, 
        {"sofa" : 12,  "begin" : 1646,  "end" : 1648 }, 
        {"sofa" : 12,  "begin" : 1649,  "end" : 1652 }, 
        {"sofa" : 12,  "begin" : 1653,  "end" : 1657 }, 
        {"sofa" : 12,  "begin" : 1658,  "end" : 1662 }, 
        {"sofa" : 12,  "begin" : 1662,  "end" : 1663 } ], 
      "Persuasive_Labels" : [
        {"sofa" : 12,  "begin" : 308,  "end" : 433,  "EstablishingLegitimacy" : "Establishing Legitimacy" }, 
        {"sofa" : 12,  "begin" : 308,  "end" : 433,  "EstablishingLegitimacy" : "legitimate persuasive techniques: rhetorical question" }, 
        {"sofa" : 12,  "begin" : 437,  "end" : 463,  "DistinctiveLinguisticFeatures" : "distinctive linguistic features" }, 
        {"sofa" : 12,  "begin" : 437,  "end" : 463,  "DistinctiveLinguisticFeatures" : "uppercase words" }, 
        {"sofa" : 12,  "begin" : 467,  "end" : 1101,  "FabricatingNarrativewithDetails" : "Narrative with details_verified to be false" }, 
        {"sofa" : 12,  "begin" : 467,  "end" : 1101,  "FabricatingNarrativewithDetails" : "Narrative with Details" }, 
        {"sofa" : 12,  "begin" : 1096,  "end" : 1101,  "DistinctiveLinguisticFeatures" : "distinctive linguistic features" }, 
        {"sofa" : 12,  "begin" : 1096,  "end" : 1101,  "DistinctiveLinguisticFeatures" : "ellipses, exaggerated/excessive usage of punctuation marks" }, 
        {"sofa" : 12,  "begin" : 1105,  "end" : 1153,  "DistinctiveLinguisticFeatures" : "distinctive linguistic features" }, 
        {"sofa" : 12,  "begin" : 1105,  "end" : 1153,  "DistinctiveLinguisticFeatures" : "uppercase words" }, 
        {"sofa" : 12,  "begin" : 1157,  "end" : 1392,  "UsingAnecdotesandPersonalExperienceasEvidence" : "Using Anecdotes and Personal Experience as Evidence" }, 
        {"sofa" : 12,  "begin" : 1393,  "end" : 1433,  "DistinctiveLinguisticFeatures" : "distinctive linguistic features" }, 
        {"sofa" : 12,  "begin" : 1393,  "end" : 1433,  "DistinctiveLinguisticFeatures" : "uppercase words" }, 
        {"sofa" : 12,  "begin" : 1437,  "end" : 1576,  "EmotionalAppeals" : "emotional appeals" }, 
        {"sofa" : 12,  "begin" : 1437,  "end" : 1576,  "EmotionalAppeals" : "anxiety" }, 
        {"sofa" : 12,  "begin" : 1580,  "end" : 1663,  "DistinctiveLinguisticFeatures" : "distinctive linguistic features",  "EstablishingLegitimacy" : "Establishing Legitimacy" }, 
        {"sofa" : 12,  "begin" : 1580,  "end" : 1663,  "DistinctiveLinguisticFeatures" : "uppercase words",  "EstablishingLegitimacy" : "Call to action" }, 
        {"sofa" : 12,  "begin" : 1622,  "end" : 1626,  "DistinctiveLinguisticFeatures" : "ellipses, exaggerated/excessive usage of punctuation marks" } ] } }, 
  "_referenced_fss" : {
    "12" : {"_type" : "Sofa",  "sofaNum" : 1,  "sofaID" : "_InitialView",  "mimeType" : "text",  "sofaString" : "﻿snes-06054 The Tim Hortons chain of coffee and baked goods stores adds nicotine to its coffee to keep customers hooked on it.\r\nSource: https://sandwalk.blogspot.com/2007/05/they-put-nicotine-in-tim-hortons-coffee.html \r\nFact checking: https://www.snopes.com/fact-check/nicotine-non-fit/ \r\nActual content: \r\nAre you a Non- Smoker or Against smoking all together ?\r\n\r\nDo you ever wonder why you have to have your coffee every morning?\r\n\r\n** TIM HORTON'S SHOCKER **\r\n\r\nA man from Arkansas came up to Canada for a visit only to find himself in the hospital after a couple of days. Doctor's told him that he had suffered of cardiac arrest. He was allergic to Nicotine. The man did not understand why that would of happened as he does not smoke knowing full well he was allergic to Nicotine. He told the doctor that he had not done anything different while he was on vacation other than having Tim Horton's coffee. The man then went back to Tim Horton's and asked what was in their coffee. Tim Horton's refuses to divulge that information. After threatening legal action, Tim Horton's finally admitted.....\r\n\r\n*** THERE IS NICOTINE IN TIM HORTON'S COFFEE ***\r\n\r\nA girl I know was on the patch to quit smoking. After a couple of days she was having chest pains & was rushed to the hospital. The doctor told her that she was on a Nicotine overload. She swore up & down that she had not been smoking. SHE WAS HAVING HER COFFEE EVERY MORNING.\r\n\r\nNow imagine a women who quits smoking because she finds out that she is pregnant, but still likes to have her Tim Horton's once in a while.\r\n\r\nTHIS IS NOT A JOKE, PLEASE PASS THIS ALONG.... YOU MIGHT SEE THIS ON THE NEWS SOON.\r\n" } } }