{"_context" : {
    "_types" : {
      "DocumentMetaData" : {
        "_feature_types" : {"sofa" : "_ref" } }, 
      "Persuasive_Labels" : {
        "_feature_types" : {"sofa" : "_ref" } }, 
      "Sentence" : {
        "_feature_types" : {"sofa" : "_ref" } }, 
      "Sofa" : {
        "_feature_types" : {"sofaArray" : "_ref" } }, 
      "TagsetDescription" : {
        "_feature_types" : {"sofa" : "_ref",  "tags" : "_ref" } }, 
      "Token" : {
        "_feature_types" : {"sofa" : "_ref",  "parent" : "_ref",  "lemma" : "_ref",  "stem" : "_ref",  "pos" : "_ref",  "morph" : "_ref",  "form" : "_ref" } }, 
      "DocumentAnnotation" : {
        "_feature_types" : {"sofa" : "_ref" }, 
        "_subtypes" : ["DocumentMetaData" ] }, 
      "Annotation" : {
        "_feature_types" : {"sofa" : "_ref" }, 
        "_subtypes" : ["DocumentAnnotation",  "Persuasive_Labels",  "Sentence",  "TagsetDescription",  "Token" ] }, 
      "AnnotationBase" : {
        "_feature_types" : {"sofa" : "_ref" }, 
        "_subtypes" : ["Annotation" ] }, 
      "TOP" : {
        "_subtypes" : ["AnnotationBase",  "Sofa" ] } } }, 
  "_views" : {
    "_InitialView" : {
      "DocumentMetaData" : [
        {"sofa" : 12,  "end" : 1231,  "language" : "x-unspecified",  "documentTitle" : "106.%20snes-03887%20Australia%20is%20the%20first%20country%20to%20begin%20microchipping%20its%20citizens.txt",  "documentId" : "admin",  "documentUri" : "file:/C:/Users/huiyi/.webanno/repository/project/4/document/282/source/admin",  "collectionId" : "file:/C:/Users/huiyi/.webanno/repository/project/4/document/282/source/",  "documentBaseUri" : "file:/C:/Users/huiyi/.webanno/repository/project/4/document/282/source/",  "isLastSegment" : false } ], 
      "TagsetDescription" : [
        {"sofa" : 12,  "layer" : "de.tudarmstadt.ukp.dkpro.core.api.syntax.type.dependency.Dependency",  "name" : "UD Universal Dependencies (v2)",  "input" : false }, 
        {"sofa" : 12,  "layer" : "de.tudarmstadt.ukp.dkpro.core.api.ner.type.NamedEntity",  "name" : "Named Entity tags",  "input" : false }, 
        {"sofa" : 12,  "layer" : "de.tudarmstadt.ukp.dkpro.core.api.transform.type.SofaChangeAnnotation",  "name" : "Operation",  "input" : false }, 
        {"sofa" : 12,  "layer" : "de.tudarmstadt.ukp.dkpro.core.api.lexmorph.type.pos.POS",  "name" : "UD Universal POS tags (v2)",  "input" : false }, 
        {"sofa" : 12,  "layer" : "webanno.custom.Persuasive_Labels",  "name" : "2. Using Anecdotes and Personal Experience as Evidence",  "input" : false } ], 
      "Sentence" : [
        {"sofa" : 12,  "end" : 79 }, 
        {"sofa" : 12,  "begin" : 82,  "end" : 524 }, 
        {"sofa" : 12,  "begin" : 526,  "end" : 768 }, 
        {"sofa" : 12,  "begin" : 770,  "end" : 1106 }, 
        {"sofa" : 12,  "begin" : 1111,  "end" : 1227 } ], 
      "Token" : [
        {"sofa" : 12,  "end" : 5 }, 
        {"sofa" : 12,  "begin" : 5,  "end" : 6 }, 
        {"sofa" : 12,  "begin" : 6,  "end" : 11 }, 
        {"sofa" : 12,  "begin" : 12,  "end" : 21 }, 
        {"sofa" : 12,  "begin" : 22,  "end" : 24 }, 
        {"sofa" : 12,  "begin" : 25,  "end" : 28 }, 
        {"sofa" : 12,  "begin" : 29,  "end" : 34 }, 
        {"sofa" : 12,  "begin" : 35,  "end" : 42 }, 
        {"sofa" : 12,  "begin" : 43,  "end" : 45 }, 
        {"sofa" : 12,  "begin" : 46,  "end" : 51 }, 
        {"sofa" : 12,  "begin" : 52,  "end" : 65 }, 
        {"sofa" : 12,  "begin" : 66,  "end" : 69 }, 
        {"sofa" : 12,  "begin" : 70,  "end" : 78 }, 
        {"sofa" : 12,  "begin" : 78,  "end" : 79 }, 
        {"sofa" : 12,  "begin" : 82,  "end" : 88 }, 
        {"sofa" : 12,  "begin" : 88,  "end" : 89 }, 
        {"sofa" : 12,  "begin" : 90,  "end" : 95 }, 
        {"sofa" : 12,  "begin" : 95,  "end" : 96 }, 
        {"sofa" : 12,  "begin" : 96,  "end" : 97 }, 
        {"sofa" : 12,  "begin" : 97,  "end" : 98 }, 
        {"sofa" : 12,  "begin" : 98,  "end" : 112 }, 
        {"sofa" : 12,  "begin" : 112,  "end" : 113 }, 
        {"sofa" : 12,  "begin" : 113,  "end" : 123 }, 
        {"sofa" : 12,  "begin" : 123,  "end" : 124 }, 
        {"sofa" : 12,  "begin" : 124,  "end" : 178 }, 
        {"sofa" : 12,  "begin" : 178,  "end" : 179 }, 
        {"sofa" : 12,  "begin" : 182,  "end" : 186 }, 
        {"sofa" : 12,  "begin" : 187,  "end" : 195 }, 
        {"sofa" : 12,  "begin" : 195,  "end" : 196 }, 
        {"sofa" : 12,  "begin" : 197,  "end" : 202 }, 
        {"sofa" : 12,  "begin" : 202,  "end" : 203 }, 
        {"sofa" : 12,  "begin" : 203,  "end" : 204 }, 
        {"sofa" : 12,  "begin" : 204,  "end" : 205 }, 
        {"sofa" : 12,  "begin" : 205,  "end" : 219 }, 
        {"sofa" : 12,  "begin" : 219,  "end" : 220 }, 
        {"sofa" : 12,  "begin" : 220,  "end" : 230 }, 
        {"sofa" : 12,  "begin" : 230,  "end" : 231 }, 
        {"sofa" : 12,  "begin" : 231,  "end" : 285 }, 
        {"sofa" : 12,  "begin" : 285,  "end" : 286 }, 
        {"sofa" : 12,  "begin" : 289,  "end" : 295 }, 
        {"sofa" : 12,  "begin" : 296,  "end" : 303 }, 
        {"sofa" : 12,  "begin" : 303,  "end" : 304 }, 
        {"sofa" : 12,  "begin" : 307,  "end" : 316 }, 
        {"sofa" : 12,  "begin" : 317,  "end" : 324 }, 
        {"sofa" : 12,  "begin" : 325,  "end" : 330 }, 
        {"sofa" : 12,  "begin" : 331,  "end" : 338 }, 
        {"sofa" : 12,  "begin" : 339,  "end" : 341 }, 
        {"sofa" : 12,  "begin" : 342,  "end" : 347 }, 
        {"sofa" : 12,  "begin" : 348,  "end" : 361 }, 
        {"sofa" : 12,  "begin" : 362,  "end" : 365 }, 
        {"sofa" : 12,  "begin" : 366,  "end" : 372 }, 
        {"sofa" : 12,  "begin" : 374,  "end" : 378 }, 
        {"sofa" : 12,  "begin" : 379,  "end" : 381 }, 
        {"sofa" : 12,  "begin" : 382,  "end" : 386 }, 
        {"sofa" : 12,  "begin" : 386,  "end" : 387 }, 
        {"sofa" : 12,  "begin" : 388,  "end" : 391 }, 
        {"sofa" : 12,  "begin" : 392,  "end" : 396 }, 
        {"sofa" : 12,  "begin" : 397,  "end" : 405 }, 
        {"sofa" : 12,  "begin" : 406,  "end" : 410 }, 
        {"sofa" : 12,  "begin" : 411,  "end" : 414 }, 
        {"sofa" : 12,  "begin" : 415,  "end" : 425 }, 
        {"sofa" : 12,  "begin" : 426,  "end" : 436 }, 
        {"sofa" : 12,  "begin" : 437,  "end" : 440 }, 
        {"sofa" : 12,  "begin" : 441,  "end" : 442 }, 
        {"sofa" : 12,  "begin" : 443,  "end" : 452 }, 
        {"sofa" : 12,  "begin" : 453,  "end" : 457 }, 
        {"sofa" : 12,  "begin" : 458,  "end" : 471 }, 
        {"sofa" : 12,  "begin" : 472,  "end" : 476 }, 
        {"sofa" : 12,  "begin" : 477,  "end" : 479 }, 
        {"sofa" : 12,  "begin" : 480,  "end" : 483 }, 
        {"sofa" : 12,  "begin" : 484,  "end" : 489 }, 
        {"sofa" : 12,  "begin" : 490,  "end" : 497 }, 
        {"sofa" : 12,  "begin" : 498,  "end" : 500 }, 
        {"sofa" : 12,  "begin" : 501,  "end" : 504 }, 
        {"sofa" : 12,  "begin" : 505,  "end" : 511 }, 
        {"sofa" : 12,  "begin" : 512,  "end" : 516 }, 
        {"sofa" : 12,  "begin" : 517,  "end" : 523 }, 
        {"sofa" : 12,  "begin" : 523,  "end" : 524 }, 
        {"sofa" : 12,  "begin" : 526,  "end" : 529 }, 
        {"sofa" : 12,  "begin" : 529,  "end" : 530 }, 
        {"sofa" : 12,  "begin" : 531,  "end" : 533 }, 
        {"sofa" : 12,  "begin" : 534,  "end" : 539 }, 
        {"sofa" : 12,  "begin" : 540,  "end" : 544 }, 
        {"sofa" : 12,  "begin" : 545,  "end" : 549 }, 
        {"sofa" : 12,  "begin" : 550,  "end" : 554 }, 
        {"sofa" : 12,  "begin" : 555,  "end" : 557 }, 
        {"sofa" : 12,  "begin" : 558,  "end" : 567 }, 
        {"sofa" : 12,  "begin" : 568,  "end" : 570 }, 
        {"sofa" : 12,  "begin" : 571,  "end" : 577 }, 
        {"sofa" : 12,  "begin" : 578,  "end" : 581 }, 
        {"sofa" : 12,  "begin" : 582,  "end" : 585 }, 
        {"sofa" : 12,  "begin" : 586,  "end" : 590 }, 
        {"sofa" : 12,  "begin" : 591,  "end" : 593 }, 
        {"sofa" : 12,  "begin" : 594,  "end" : 597 }, 
        {"sofa" : 12,  "begin" : 598,  "end" : 599 }, 
        {"sofa" : 12,  "begin" : 600,  "end" : 606 }, 
        {"sofa" : 12,  "begin" : 607,  "end" : 609 }, 
        {"sofa" : 12,  "begin" : 610,  "end" : 618 }, 
        {"sofa" : 12,  "begin" : 619,  "end" : 625 }, 
        {"sofa" : 12,  "begin" : 626,  "end" : 630 }, 
        {"sofa" : 12,  "begin" : 631,  "end" : 638 }, 
        {"sofa" : 12,  "begin" : 638,  "end" : 639 }, 
        {"sofa" : 12,  "begin" : 640,  "end" : 643 }, 
        {"sofa" : 12,  "begin" : 644,  "end" : 650 }, 
        {"sofa" : 12,  "begin" : 651,  "end" : 652 }, 
        {"sofa" : 12,  "begin" : 653,  "end" : 659 }, 
        {"sofa" : 12,  "begin" : 660,  "end" : 670 }, 
        {"sofa" : 12,  "begin" : 671,  "end" : 679 }, 
        {"sofa" : 12,  "begin" : 680,  "end" : 684 }, 
        {"sofa" : 12,  "begin" : 685,  "end" : 692 }, 
        {"sofa" : 12,  "begin" : 693,  "end" : 697 }, 
        {"sofa" : 12,  "begin" : 698,  "end" : 711 }, 
        {"sofa" : 12,  "begin" : 712,  "end" : 716 }, 
        {"sofa" : 12,  "begin" : 717,  "end" : 725 }, 
        {"sofa" : 12,  "begin" : 726,  "end" : 736 }, 
        {"sofa" : 12,  "begin" : 736,  "end" : 737 }, 
        {"sofa" : 12,  "begin" : 738,  "end" : 741 }, 
        {"sofa" : 12,  "begin" : 742,  "end" : 748 }, 
        {"sofa" : 12,  "begin" : 749,  "end" : 752 }, 
        {"sofa" : 12,  "begin" : 753,  "end" : 760 }, 
        {"sofa" : 12,  "begin" : 761,  "end" : 764 }, 
        {"sofa" : 12,  "begin" : 765,  "end" : 767 }, 
        {"sofa" : 12,  "begin" : 767,  "end" : 768 }, 
        {"sofa" : 12,  "begin" : 770,  "end" : 775 }, 
        {"sofa" : 12,  "begin" : 776,  "end" : 779 }, 
        {"sofa" : 12,  "begin" : 780,  "end" : 788 }, 
        {"sofa" : 12,  "begin" : 789,  "end" : 790 }, 
        {"sofa" : 12,  "begin" : 790,  "end" : 801 }, 
        {"sofa" : 12,  "begin" : 802,  "end" : 811 }, 
        {"sofa" : 12,  "begin" : 812,  "end" : 823 }, 
        {"sofa" : 12,  "begin" : 824,  "end" : 833 }, 
        {"sofa" : 12,  "begin" : 834,  "end" : 844 }, 
        {"sofa" : 12,  "begin" : 844,  "end" : 845 }, 
        {"sofa" : 12,  "begin" : 845,  "end" : 846 }, 
        {"sofa" : 12,  "begin" : 847,  "end" : 858 }, 
        {"sofa" : 12,  "begin" : 859,  "end" : 866 }, 
        {"sofa" : 12,  "begin" : 867,  "end" : 872 }, 
        {"sofa" : 12,  "begin" : 873,  "end" : 879 }, 
        {"sofa" : 12,  "begin" : 880,  "end" : 891 }, 
        {"sofa" : 12,  "begin" : 892,  "end" : 893 }, 
        {"sofa" : 12,  "begin" : 893,  "end" : 897 }, 
        {"sofa" : 12,  "begin" : 898,  "end" : 902 }, 
        {"sofa" : 12,  "begin" : 903,  "end" : 912 }, 
        {"sofa" : 12,  "begin" : 912,  "end" : 913 }, 
        {"sofa" : 12,  "begin" : 914,  "end" : 921 }, 
        {"sofa" : 12,  "begin" : 921,  "end" : 922 }, 
        {"sofa" : 12,  "begin" : 927,  "end" : 929 }, 
        {"sofa" : 12,  "begin" : 930,  "end" : 933 }, 
        {"sofa" : 12,  "begin" : 934,  "end" : 939 }, 
        {"sofa" : 12,  "begin" : 940,  "end" : 944 }, 
        {"sofa" : 12,  "begin" : 945,  "end" : 951 }, 
        {"sofa" : 12,  "begin" : 951,  "end" : 952 }, 
        {"sofa" : 12,  "begin" : 953,  "end" : 956 }, 
        {"sofa" : 12,  "begin" : 957,  "end" : 965 }, 
        {"sofa" : 12,  "begin" : 966,  "end" : 968 }, 
        {"sofa" : 12,  "begin" : 969,  "end" : 980 }, 
        {"sofa" : 12,  "begin" : 981,  "end" : 984 }, 
        {"sofa" : 12,  "begin" : 985,  "end" : 992 }, 
        {"sofa" : 12,  "begin" : 993,  "end" : 1003 }, 
        {"sofa" : 12,  "begin" : 1004,  "end" : 1008 }, 
        {"sofa" : 12,  "begin" : 1009,  "end" : 1021 }, 
        {"sofa" : 12,  "begin" : 1022,  "end" : 1025 }, 
        {"sofa" : 12,  "begin" : 1026,  "end" : 1029 }, 
        {"sofa" : 12,  "begin" : 1030,  "end" : 1036 }, 
        {"sofa" : 12,  "begin" : 1037,  "end" : 1042 }, 
        {"sofa" : 12,  "begin" : 1042,  "end" : 1043 }, 
        {"sofa" : 12,  "begin" : 1044,  "end" : 1048 }, 
        {"sofa" : 12,  "begin" : 1049,  "end" : 1051 }, 
        {"sofa" : 12,  "begin" : 1052,  "end" : 1058 }, 
        {"sofa" : 12,  "begin" : 1059,  "end" : 1062 }, 
        {"sofa" : 12,  "begin" : 1063,  "end" : 1066 }, 
        {"sofa" : 12,  "begin" : 1067,  "end" : 1071 }, 
        {"sofa" : 12,  "begin" : 1072,  "end" : 1081 }, 
        {"sofa" : 12,  "begin" : 1082,  "end" : 1086 }, 
        {"sofa" : 12,  "begin" : 1087,  "end" : 1088 }, 
        {"sofa" : 12,  "begin" : 1089,  "end" : 1093 }, 
        {"sofa" : 12,  "begin" : 1094,  "end" : 1096 }, 
        {"sofa" : 12,  "begin" : 1097,  "end" : 1100 }, 
        {"sofa" : 12,  "begin" : 1101,  "end" : 1105 }, 
        {"sofa" : 12,  "begin" : 1105,  "end" : 1106 }, 
        {"sofa" : 12,  "begin" : 1111,  "end" : 1117 }, 
        {"sofa" : 12,  "begin" : 1118,  "end" : 1127 }, 
        {"sofa" : 12,  "begin" : 1127,  "end" : 1128 }, 
        {"sofa" : 12,  "begin" : 1129,  "end" : 1133 }, 
        {"sofa" : 12,  "begin" : 1134,  "end" : 1140 }, 
        {"sofa" : 12,  "begin" : 1140,  "end" : 1141 }, 
        {"sofa" : 12,  "begin" : 1142,  "end" : 1144 }, 
        {"sofa" : 12,  "begin" : 1145,  "end" : 1147 }, 
        {"sofa" : 12,  "begin" : 1148,  "end" : 1151 }, 
        {"sofa" : 12,  "begin" : 1152,  "end" : 1158 }, 
        {"sofa" : 12,  "begin" : 1159,  "end" : 1161 }, 
        {"sofa" : 12,  "begin" : 1162,  "end" : 1165 }, 
        {"sofa" : 12,  "begin" : 1166,  "end" : 1176 }, 
        {"sofa" : 12,  "begin" : 1177,  "end" : 1182 }, 
        {"sofa" : 12,  "begin" : 1183,  "end" : 1189 }, 
        {"sofa" : 12,  "begin" : 1190,  "end" : 1193 }, 
        {"sofa" : 12,  "begin" : 1194,  "end" : 1202 }, 
        {"sofa" : 12,  "begin" : 1203,  "end" : 1211 }, 
        {"sofa" : 12,  "begin" : 1212,  "end" : 1217 }, 
        {"sofa" : 12,  "begin" : 1218,  "end" : 1221 }, 
        {"sofa" : 12,  "begin" : 1222,  "end" : 1226 }, 
        {"sofa" : 12,  "begin" : 1226,  "end" : 1227 } ], 
      "Persuasive_Labels" : [
        {"sofa" : 12,  "begin" : 307,  "end" : 372,  "DistinctiveLinguisticFeatures" : "distinctive linguistic features" }, 
        {"sofa" : 12,  "begin" : 307,  "end" : 372,  "DistinctiveLinguisticFeatures" : "title of article as clickbait" }, 
        {"sofa" : 12,  "begin" : 388,  "end" : 405,  "EstablishingLegitimacy" : "Establishing Legitimacy" }, 
        {"sofa" : 12,  "begin" : 388,  "end" : 405,  "EstablishingLegitimacy" : "citing source to establish legitimacy_source not verified" }, 
        {"sofa" : 12,  "begin" : 927,  "end" : 1106,  "EstablishingLegitimacy" : "Establishing Legitimacy" }, 
        {"sofa" : 12,  "begin" : 927,  "end" : 1106,  "EstablishingLegitimacy" : "legitimate persuasive techniques: humor" }, 
        {"sofa" : 12,  "begin" : 1111,  "end" : 1227,  "FabricatingNarrativewithDetails" : "Narrative with Details" } ] } }, 
  "_referenced_fss" : {
    "12" : {"_type" : "Sofa",  "sofaNum" : 1,  "sofaID" : "_InitialView",  "mimeType" : "text",  "sofaString" : "﻿snes-03887 Australia is the first country to begin microchipping its citizens. \r\nSource: https://www.snopes.com/fact-check/australia-becomes-first-country-to-begin-microchipping/ \r\nFact checking: https://www.snopes.com/fact-check/australia-becomes-first-country-to-begin-microchipping/ \r\nActual content: \r\nAustralia Becomes First Country To Begin Microchipping Its Public\r\nBack in 2010, CBS news reported that the Australian government had a potential RFID microchipping plan in the works related to the health care system.\r\nNow, it seems that this plan is beginning to unfold but the push is not a result of mandated health care reforms, but rather a clever propaganda campaign that equates RFID microchipping with becoming superhuman, and people are begging for it.\r\nUnder the headline 'Australians embracing super-human microchip technology', Australia's premier media outlet news.com.au (News Corp Australia) reports:\r\n \r\nIt may sound like sci-fi, but hundreds of Australians are turning themselves into super-humans who can unlock doors, turn on lights and log into computers with a wave of the hand.\r\n \r\nShanti Korporaal, from Sydney, is at the centre of the phenomenon after having two implants inserted under her skin.\r\n\r\n" } } }