{"_context" : {
    "_types" : {
      "DocumentMetaData" : {
        "_feature_types" : {"sofa" : "_ref" } }, 
      "Persuasive_Labels" : {
        "_feature_types" : {"sofa" : "_ref" } }, 
      "Sentence" : {
        "_feature_types" : {"sofa" : "_ref" } }, 
      "Sofa" : {
        "_feature_types" : {"sofaArray" : "_ref" } }, 
      "TagsetDescription" : {
        "_feature_types" : {"sofa" : "_ref",  "tags" : "_ref" } }, 
      "Token" : {
        "_feature_types" : {"sofa" : "_ref",  "parent" : "_ref",  "lemma" : "_ref",  "stem" : "_ref",  "pos" : "_ref",  "morph" : "_ref",  "form" : "_ref" } }, 
      "DocumentAnnotation" : {
        "_feature_types" : {"sofa" : "_ref" }, 
        "_subtypes" : ["DocumentMetaData" ] }, 
      "Annotation" : {
        "_feature_types" : {"sofa" : "_ref" }, 
        "_subtypes" : ["DocumentAnnotation",  "Persuasive_Labels",  "Sentence",  "TagsetDescription",  "Token" ] }, 
      "AnnotationBase" : {
        "_feature_types" : {"sofa" : "_ref" }, 
        "_subtypes" : ["Annotation" ] }, 
      "TOP" : {
        "_subtypes" : ["AnnotationBase",  "Sofa" ] } } }, 
  "_views" : {
    "_InitialView" : {
      "DocumentMetaData" : [
        {"sofa" : 12,  "end" : 1818,  "language" : "x-unspecified",  "documentTitle" : "157.%20tron-01325%20Sargento%20Cheese%20Recalls%207%20Types%20of%20Cheese%20in%20August%20or%20September%202017%20.txt",  "documentId" : "admin",  "documentUri" : "file:/C:/Users/huiyi/.webanno/repository/project/4/document/570/source/admin",  "collectionId" : "file:/C:/Users/huiyi/.webanno/repository/project/4/document/570/source/",  "documentBaseUri" : "file:/C:/Users/huiyi/.webanno/repository/project/4/document/570/source/",  "isLastSegment" : false } ], 
      "TagsetDescription" : [
        {"sofa" : 12,  "layer" : "de.tudarmstadt.ukp.dkpro.core.api.syntax.type.dependency.Dependency",  "name" : "UD Universal Dependencies (v2)",  "input" : false }, 
        {"sofa" : 12,  "layer" : "de.tudarmstadt.ukp.dkpro.core.api.ner.type.NamedEntity",  "name" : "Named Entity tags",  "input" : false }, 
        {"sofa" : 12,  "layer" : "de.tudarmstadt.ukp.dkpro.core.api.transform.type.SofaChangeAnnotation",  "name" : "Operation",  "input" : false }, 
        {"sofa" : 12,  "layer" : "de.tudarmstadt.ukp.dkpro.core.api.lexmorph.type.pos.POS",  "name" : "UD Universal POS tags (v2)",  "input" : false }, 
        {"sofa" : 12,  "layer" : "webanno.custom.Persuasive_Labels",  "name" : "2. Using Anecdotes and Personal Experience as Evidence",  "input" : false } ], 
      "Sentence" : [
        {"sofa" : 12,  "end" : 299 }, 
        {"sofa" : 12,  "begin" : 300,  "end" : 386 }, 
        {"sofa" : 12,  "begin" : 387,  "end" : 518 }, 
        {"sofa" : 12,  "begin" : 519,  "end" : 576 }, 
        {"sofa" : 12,  "begin" : 578,  "end" : 666 }, 
        {"sofa" : 12,  "begin" : 667,  "end" : 734 }, 
        {"sofa" : 12,  "begin" : 735,  "end" : 858 }, 
        {"sofa" : 12,  "begin" : 860,  "end" : 971 }, 
        {"sofa" : 12,  "begin" : 972,  "end" : 1135 }, 
        {"sofa" : 12,  "begin" : 1137,  "end" : 1216 }, 
        {"sofa" : 12,  "begin" : 1217,  "end" : 1328 }, 
        {"sofa" : 12,  "begin" : 1330,  "end" : 1753 }, 
        {"sofa" : 12,  "begin" : 1755,  "end" : 1814 } ], 
      "Token" : [
        {"sofa" : 12,  "end" : 5 }, 
        {"sofa" : 12,  "begin" : 5,  "end" : 6 }, 
        {"sofa" : 12,  "begin" : 6,  "end" : 11 }, 
        {"sofa" : 12,  "begin" : 12,  "end" : 20 }, 
        {"sofa" : 12,  "begin" : 21,  "end" : 27 }, 
        {"sofa" : 12,  "begin" : 28,  "end" : 35 }, 
        {"sofa" : 12,  "begin" : 36,  "end" : 37 }, 
        {"sofa" : 12,  "begin" : 38,  "end" : 43 }, 
        {"sofa" : 12,  "begin" : 44,  "end" : 46 }, 
        {"sofa" : 12,  "begin" : 47,  "end" : 53 }, 
        {"sofa" : 12,  "begin" : 54,  "end" : 56 }, 
        {"sofa" : 12,  "begin" : 57,  "end" : 63 }, 
        {"sofa" : 12,  "begin" : 64,  "end" : 66 }, 
        {"sofa" : 12,  "begin" : 67,  "end" : 76 }, 
        {"sofa" : 12,  "begin" : 77,  "end" : 81 }, 
        {"sofa" : 12,  "begin" : 84,  "end" : 90 }, 
        {"sofa" : 12,  "begin" : 91,  "end" : 96 }, 
        {"sofa" : 12,  "begin" : 96,  "end" : 97 }, 
        {"sofa" : 12,  "begin" : 97,  "end" : 98 }, 
        {"sofa" : 12,  "begin" : 98,  "end" : 99 }, 
        {"sofa" : 12,  "begin" : 99,  "end" : 109 }, 
        {"sofa" : 12,  "begin" : 109,  "end" : 110 }, 
        {"sofa" : 12,  "begin" : 110,  "end" : 115 }, 
        {"sofa" : 12,  "begin" : 115,  "end" : 116 }, 
        {"sofa" : 12,  "begin" : 116,  "end" : 125 }, 
        {"sofa" : 12,  "begin" : 125,  "end" : 126 }, 
        {"sofa" : 12,  "begin" : 126,  "end" : 131 }, 
        {"sofa" : 12,  "begin" : 131,  "end" : 132 }, 
        {"sofa" : 12,  "begin" : 132,  "end" : 139 }, 
        {"sofa" : 12,  "begin" : 142,  "end" : 146 }, 
        {"sofa" : 12,  "begin" : 147,  "end" : 155 }, 
        {"sofa" : 12,  "begin" : 155,  "end" : 156 }, 
        {"sofa" : 12,  "begin" : 157,  "end" : 162 }, 
        {"sofa" : 12,  "begin" : 162,  "end" : 163 }, 
        {"sofa" : 12,  "begin" : 163,  "end" : 164 }, 
        {"sofa" : 12,  "begin" : 164,  "end" : 165 }, 
        {"sofa" : 12,  "begin" : 165,  "end" : 187 }, 
        {"sofa" : 12,  "begin" : 187,  "end" : 188 }, 
        {"sofa" : 12,  "begin" : 188,  "end" : 220 }, 
        {"sofa" : 12,  "begin" : 220,  "end" : 221 }, 
        {"sofa" : 12,  "begin" : 221,  "end" : 225 }, 
        {"sofa" : 12,  "begin" : 225,  "end" : 226 }, 
        {"sofa" : 12,  "begin" : 229,  "end" : 235 }, 
        {"sofa" : 12,  "begin" : 236,  "end" : 243 }, 
        {"sofa" : 12,  "begin" : 243,  "end" : 244 }, 
        {"sofa" : 12,  "begin" : 247,  "end" : 255 }, 
        {"sofa" : 12,  "begin" : 255,  "end" : 256 }, 
        {"sofa" : 12,  "begin" : 257,  "end" : 266 }, 
        {"sofa" : 12,  "begin" : 267,  "end" : 271 }, 
        {"sofa" : 12,  "begin" : 272,  "end" : 279 }, 
        {"sofa" : 12,  "begin" : 280,  "end" : 286 }, 
        {"sofa" : 12,  "begin" : 287,  "end" : 295 }, 
        {"sofa" : 12,  "begin" : 296,  "end" : 297 }, 
        {"sofa" : 12,  "begin" : 297,  "end" : 298 }, 
        {"sofa" : 12,  "begin" : 298,  "end" : 299 }, 
        {"sofa" : 12,  "begin" : 300,  "end" : 311 }, 
        {"sofa" : 12,  "begin" : 312,  "end" : 317 }, 
        {"sofa" : 12,  "begin" : 318,  "end" : 320 }, 
        {"sofa" : 12,  "begin" : 321,  "end" : 325 }, 
        {"sofa" : 12,  "begin" : 325,  "end" : 326 }, 
        {"sofa" : 12,  "begin" : 327,  "end" : 331 }, 
        {"sofa" : 12,  "begin" : 332,  "end" : 335 }, 
        {"sofa" : 12,  "begin" : 336,  "end" : 340 }, 
        {"sofa" : 12,  "begin" : 341,  "end" : 345 }, 
        {"sofa" : 12,  "begin" : 346,  "end" : 352 }, 
        {"sofa" : 12,  "begin" : 354,  "end" : 358 }, 
        {"sofa" : 12,  "begin" : 359,  "end" : 363 }, 
        {"sofa" : 12,  "begin" : 364,  "end" : 366 }, 
        {"sofa" : 12,  "begin" : 367,  "end" : 372 }, 
        {"sofa" : 12,  "begin" : 373,  "end" : 377 }, 
        {"sofa" : 12,  "begin" : 378,  "end" : 385 }, 
        {"sofa" : 12,  "begin" : 385,  "end" : 386 }, 
        {"sofa" : 12,  "begin" : 387,  "end" : 395 }, 
        {"sofa" : 12,  "begin" : 396,  "end" : 401 }, 
        {"sofa" : 12,  "begin" : 402,  "end" : 405 }, 
        {"sofa" : 12,  "begin" : 405,  "end" : 406 }, 
        {"sofa" : 12,  "begin" : 407,  "end" : 410 }, 
        {"sofa" : 12,  "begin" : 411,  "end" : 415 }, 
        {"sofa" : 12,  "begin" : 416,  "end" : 422 }, 
        {"sofa" : 12,  "begin" : 423,  "end" : 424 }, 
        {"sofa" : 12,  "begin" : 425,  "end" : 432 }, 
        {"sofa" : 12,  "begin" : 433,  "end" : 439 }, 
        {"sofa" : 12,  "begin" : 440,  "end" : 442 }, 
        {"sofa" : 12,  "begin" : 443,  "end" : 448 }, 
        {"sofa" : 12,  "begin" : 449,  "end" : 456 }, 
        {"sofa" : 12,  "begin" : 457,  "end" : 460 }, 
        {"sofa" : 12,  "begin" : 461,  "end" : 463 }, 
        {"sofa" : 12,  "begin" : 464,  "end" : 465 }, 
        {"sofa" : 12,  "begin" : 466,  "end" : 475 }, 
        {"sofa" : 12,  "begin" : 476,  "end" : 489 }, 
        {"sofa" : 12,  "begin" : 490,  "end" : 494 }, 
        {"sofa" : 12,  "begin" : 495,  "end" : 503 }, 
        {"sofa" : 12,  "begin" : 504,  "end" : 517 }, 
        {"sofa" : 12,  "begin" : 517,  "end" : 518 }, 
        {"sofa" : 12,  "begin" : 519,  "end" : 522 }, 
        {"sofa" : 12,  "begin" : 523,  "end" : 530 }, 
        {"sofa" : 12,  "begin" : 531,  "end" : 539 }, 
        {"sofa" : 12,  "begin" : 540,  "end" : 542 }, 
        {"sofa" : 12,  "begin" : 543,  "end" : 552 }, 
        {"sofa" : 12,  "begin" : 553,  "end" : 557 }, 
        {"sofa" : 12,  "begin" : 558,  "end" : 562 }, 
        {"sofa" : 12,  "begin" : 563,  "end" : 571 }, 
        {"sofa" : 12,  "begin" : 572,  "end" : 575 }, 
        {"sofa" : 12,  "begin" : 575,  "end" : 576 }, 
        {"sofa" : 12,  "begin" : 578,  "end" : 589 }, 
        {"sofa" : 12,  "begin" : 590,  "end" : 592 }, 
        {"sofa" : 12,  "begin" : 593,  "end" : 594 }, 
        {"sofa" : 12,  "begin" : 595,  "end" : 602 }, 
        {"sofa" : 12,  "begin" : 603,  "end" : 612 }, 
        {"sofa" : 12,  "begin" : 613,  "end" : 623 }, 
        {"sofa" : 12,  "begin" : 624,  "end" : 626 }, 
        {"sofa" : 12,  "begin" : 627,  "end" : 633 }, 
        {"sofa" : 12,  "begin" : 634,  "end" : 638 }, 
        {"sofa" : 12,  "begin" : 639,  "end" : 651 }, 
        {"sofa" : 12,  "begin" : 652,  "end" : 656 }, 
        {"sofa" : 12,  "begin" : 657,  "end" : 665 }, 
        {"sofa" : 12,  "begin" : 665,  "end" : 666 }, 
        {"sofa" : 12,  "begin" : 667,  "end" : 669 }, 
        {"sofa" : 12,  "begin" : 670,  "end" : 679 }, 
        {"sofa" : 12,  "begin" : 680,  "end" : 685 }, 
        {"sofa" : 12,  "begin" : 686,  "end" : 692 }, 
        {"sofa" : 12,  "begin" : 693,  "end" : 696 }, 
        {"sofa" : 12,  "begin" : 697,  "end" : 705 }, 
        {"sofa" : 12,  "begin" : 706,  "end" : 710 }, 
        {"sofa" : 12,  "begin" : 711,  "end" : 719 }, 
        {"sofa" : 12,  "begin" : 720,  "end" : 725 }, 
        {"sofa" : 12,  "begin" : 726,  "end" : 729 }, 
        {"sofa" : 12,  "begin" : 730,  "end" : 733 }, 
        {"sofa" : 12,  "begin" : 733,  "end" : 734 }, 
        {"sofa" : 12,  "begin" : 735,  "end" : 738 }, 
        {"sofa" : 12,  "begin" : 739,  "end" : 747 }, 
        {"sofa" : 12,  "begin" : 748,  "end" : 750 }, 
        {"sofa" : 12,  "begin" : 751,  "end" : 755 }, 
        {"sofa" : 12,  "begin" : 756,  "end" : 763 }, 
        {"sofa" : 12,  "begin" : 764,  "end" : 766 }, 
        {"sofa" : 12,  "begin" : 767,  "end" : 775 }, 
        {"sofa" : 12,  "begin" : 776,  "end" : 781 }, 
        {"sofa" : 12,  "begin" : 781,  "end" : 782 }, 
        {"sofa" : 12,  "begin" : 783,  "end" : 791 }, 
        {"sofa" : 12,  "begin" : 791,  "end" : 792 }, 
        {"sofa" : 12,  "begin" : 793,  "end" : 799 }, 
        {"sofa" : 12,  "begin" : 800,  "end" : 804 }, 
        {"sofa" : 12,  "begin" : 805,  "end" : 807 }, 
        {"sofa" : 12,  "begin" : 808,  "end" : 810 }, 
        {"sofa" : 12,  "begin" : 811,  "end" : 816 }, 
        {"sofa" : 12,  "begin" : 816,  "end" : 817 }, 
        {"sofa" : 12,  "begin" : 818,  "end" : 821 }, 
        {"sofa" : 12,  "begin" : 822,  "end" : 828 }, 
        {"sofa" : 12,  "begin" : 829,  "end" : 833 }, 
        {"sofa" : 12,  "begin" : 834,  "end" : 842 }, 
        {"sofa" : 12,  "begin" : 843,  "end" : 849 }, 
        {"sofa" : 12,  "begin" : 850,  "end" : 857 }, 
        {"sofa" : 12,  "begin" : 857,  "end" : 858 }, 
        {"sofa" : 12,  "begin" : 860,  "end" : 868 }, 
        {"sofa" : 12,  "begin" : 869,  "end" : 871 }, 
        {"sofa" : 12,  "begin" : 872,  "end" : 882 }, 
        {"sofa" : 12,  "begin" : 883,  "end" : 885 }, 
        {"sofa" : 12,  "begin" : 886,  "end" : 893 }, 
        {"sofa" : 12,  "begin" : 894,  "end" : 901 }, 
        {"sofa" : 12,  "begin" : 902,  "end" : 905 }, 
        {"sofa" : 12,  "begin" : 906,  "end" : 912 }, 
        {"sofa" : 12,  "begin" : 913,  "end" : 924 }, 
        {"sofa" : 12,  "begin" : 925,  "end" : 929 }, 
        {"sofa" : 12,  "begin" : 930,  "end" : 935 }, 
        {"sofa" : 12,  "begin" : 936,  "end" : 944 }, 
        {"sofa" : 12,  "begin" : 944,  "end" : 945 }, 
        {"sofa" : 12,  "begin" : 946,  "end" : 951 }, 
        {"sofa" : 12,  "begin" : 952,  "end" : 954 }, 
        {"sofa" : 12,  "begin" : 955,  "end" : 965 }, 
        {"sofa" : 12,  "begin" : 965,  "end" : 966 }, 
        {"sofa" : 12,  "begin" : 967,  "end" : 970 }, 
        {"sofa" : 12,  "begin" : 970,  "end" : 971 }, 
        {"sofa" : 12,  "begin" : 972,  "end" : 975 }, 
        {"sofa" : 12,  "begin" : 976,  "end" : 984 }, 
        {"sofa" : 12,  "begin" : 985,  "end" : 995 }, 
        {"sofa" : 12,  "begin" : 996,  "end" : 1004 }, 
        {"sofa" : 12,  "begin" : 1005,  "end" : 1013 }, 
        {"sofa" : 12,  "begin" : 1014,  "end" : 1018 }, 
        {"sofa" : 12,  "begin" : 1019,  "end" : 1022 }, 
        {"sofa" : 12,  "begin" : 1022,  "end" : 1023 }, 
        {"sofa" : 12,  "begin" : 1024,  "end" : 1028 }, 
        {"sofa" : 12,  "begin" : 1029,  "end" : 1030 }, 
        {"sofa" : 12,  "begin" : 1031,  "end" : 1040 }, 
        {"sofa" : 12,  "begin" : 1041,  "end" : 1049 }, 
        {"sofa" : 12,  "begin" : 1050,  "end" : 1055 }, 
        {"sofa" : 12,  "begin" : 1056,  "end" : 1062 }, 
        {"sofa" : 12,  "begin" : 1063,  "end" : 1065 }, 
        {"sofa" : 12,  "begin" : 1066,  "end" : 1074 }, 
        {"sofa" : 12,  "begin" : 1075,  "end" : 1078 }, 
        {"sofa" : 12,  "begin" : 1079,  "end" : 1090 }, 
        {"sofa" : 12,  "begin" : 1091,  "end" : 1095 }, 
        {"sofa" : 12,  "begin" : 1096,  "end" : 1108 }, 
        {"sofa" : 12,  "begin" : 1109,  "end" : 1112 }, 
        {"sofa" : 12,  "begin" : 1113,  "end" : 1119 }, 
        {"sofa" : 12,  "begin" : 1120,  "end" : 1122 }, 
        {"sofa" : 12,  "begin" : 1123,  "end" : 1125 }, 
        {"sofa" : 12,  "begin" : 1126,  "end" : 1134 }, 
        {"sofa" : 12,  "begin" : 1134,  "end" : 1135 }, 
        {"sofa" : 12,  "begin" : 1137,  "end" : 1140 }, 
        {"sofa" : 12,  "begin" : 1141,  "end" : 1148 }, 
        {"sofa" : 12,  "begin" : 1149,  "end" : 1158 }, 
        {"sofa" : 12,  "begin" : 1159,  "end" : 1161 }, 
        {"sofa" : 12,  "begin" : 1162,  "end" : 1169 }, 
        {"sofa" : 12,  "begin" : 1170,  "end" : 1172 }, 
        {"sofa" : 12,  "begin" : 1173,  "end" : 1178 }, 
        {"sofa" : 12,  "begin" : 1179,  "end" : 1188 }, 
        {"sofa" : 12,  "begin" : 1189,  "end" : 1192 }, 
        {"sofa" : 12,  "begin" : 1193,  "end" : 1200 }, 
        {"sofa" : 12,  "begin" : 1201,  "end" : 1215 }, 
        {"sofa" : 12,  "begin" : 1215,  "end" : 1216 }, 
        {"sofa" : 12,  "begin" : 1217,  "end" : 1219 }, 
        {"sofa" : 12,  "begin" : 1220,  "end" : 1223 }, 
        {"sofa" : 12,  "begin" : 1224,  "end" : 1233 }, 
        {"sofa" : 12,  "begin" : 1234,  "end" : 1240 }, 
        {"sofa" : 12,  "begin" : 1240,  "end" : 1241 }, 
        {"sofa" : 12,  "begin" : 1242,  "end" : 1245 }, 
        {"sofa" : 12,  "begin" : 1246,  "end" : 1249 }, 
        {"sofa" : 12,  "begin" : 1250,  "end" : 1254 }, 
        {"sofa" : 12,  "begin" : 1255,  "end" : 1256 }, 
        {"sofa" : 12,  "begin" : 1256,  "end" : 1257 }, 
        {"sofa" : 12,  "begin" : 1257,  "end" : 1260 }, 
        {"sofa" : 12,  "begin" : 1260,  "end" : 1261 }, 
        {"sofa" : 12,  "begin" : 1261,  "end" : 1268 }, 
        {"sofa" : 12,  "begin" : 1269,  "end" : 1271 }, 
        {"sofa" : 12,  "begin" : 1272,  "end" : 1277 }, 
        {"sofa" : 12,  "begin" : 1278,  "end" : 1281 }, 
        {"sofa" : 12,  "begin" : 1282,  "end" : 1289 }, 
        {"sofa" : 12,  "begin" : 1290,  "end" : 1293 }, 
        {"sofa" : 12,  "begin" : 1294,  "end" : 1297 }, 
        {"sofa" : 12,  "begin" : 1298,  "end" : 1305 }, 
        {"sofa" : 12,  "begin" : 1306,  "end" : 1310 }, 
        {"sofa" : 12,  "begin" : 1311,  "end" : 1313 }, 
        {"sofa" : 12,  "begin" : 1314,  "end" : 1319 }, 
        {"sofa" : 12,  "begin" : 1320,  "end" : 1327 }, 
        {"sofa" : 12,  "begin" : 1327,  "end" : 1328 }, 
        {"sofa" : 12,  "begin" : 1330,  "end" : 1333 }, 
        {"sofa" : 12,  "begin" : 1334,  "end" : 1342 }, 
        {"sofa" : 12,  "begin" : 1343,  "end" : 1351 }, 
        {"sofa" : 12,  "begin" : 1352,  "end" : 1359 }, 
        {"sofa" : 12,  "begin" : 1359,  "end" : 1360 }, 
        {"sofa" : 12,  "begin" : 1362,  "end" : 1370 }, 
        {"sofa" : 12,  "begin" : 1371,  "end" : 1376 }, 
        {"sofa" : 12,  "begin" : 1377,  "end" : 1381 }, 
        {"sofa" : 12,  "begin" : 1382,  "end" : 1387 }, 
        {"sofa" : 12,  "begin" : 1388,  "end" : 1396 }, 
        {"sofa" : 12,  "begin" : 1397,  "end" : 1402 }, 
        {"sofa" : 12,  "begin" : 1404,  "end" : 1412 }, 
        {"sofa" : 12,  "begin" : 1413,  "end" : 1417 }, 
        {"sofa" : 12,  "begin" : 1418,  "end" : 1424 }, 
        {"sofa" : 12,  "begin" : 1425,  "end" : 1433 }, 
        {"sofa" : 12,  "begin" : 1434,  "end" : 1439 }, 
        {"sofa" : 12,  "begin" : 1440,  "end" : 1441 }, 
        {"sofa" : 12,  "begin" : 1442,  "end" : 1446 }, 
        {"sofa" : 12,  "begin" : 1447,  "end" : 1453 }, 
        {"sofa" : 12,  "begin" : 1455,  "end" : 1463 }, 
        {"sofa" : 12,  "begin" : 1464,  "end" : 1469 }, 
        {"sofa" : 12,  "begin" : 1470,  "end" : 1480 }, 
        {"sofa" : 12,  "begin" : 1481,  "end" : 1487 }, 
        {"sofa" : 12,  "begin" : 1489,  "end" : 1497 }, 
        {"sofa" : 12,  "begin" : 1498,  "end" : 1503 }, 
        {"sofa" : 12,  "begin" : 1504,  "end" : 1510 }, 
        {"sofa" : 12,  "begin" : 1511,  "end" : 1515 }, 
        {"sofa" : 12,  "begin" : 1516,  "end" : 1522 }, 
        {"sofa" : 12,  "begin" : 1524,  "end" : 1532 }, 
        {"sofa" : 12,  "begin" : 1533,  "end" : 1537 }, 
        {"sofa" : 12,  "begin" : 1538,  "end" : 1544 }, 
        {"sofa" : 12,  "begin" : 1545,  "end" : 1553 }, 
        {"sofa" : 12,  "begin" : 1554,  "end" : 1558 }, 
        {"sofa" : 12,  "begin" : 1559,  "end" : 1565 }, 
        {"sofa" : 12,  "begin" : 1567,  "end" : 1575 }, 
        {"sofa" : 12,  "begin" : 1576,  "end" : 1579 }, 
        {"sofa" : 12,  "begin" : 1580,  "end" : 1583 }, 
        {"sofa" : 12,  "begin" : 1584,  "end" : 1589 }, 
        {"sofa" : 12,  "begin" : 1590,  "end" : 1598 }, 
        {"sofa" : 12,  "begin" : 1599,  "end" : 1603 }, 
        {"sofa" : 12,  "begin" : 1604,  "end" : 1607 }, 
        {"sofa" : 12,  "begin" : 1608,  "end" : 1618 }, 
        {"sofa" : 12,  "begin" : 1619,  "end" : 1625 }, 
        {"sofa" : 12,  "begin" : 1627,  "end" : 1635 }, 
        {"sofa" : 12,  "begin" : 1636,  "end" : 1639 }, 
        {"sofa" : 12,  "begin" : 1640,  "end" : 1643 }, 
        {"sofa" : 12,  "begin" : 1644,  "end" : 1649 }, 
        {"sofa" : 12,  "begin" : 1650,  "end" : 1658 }, 
        {"sofa" : 12,  "begin" : 1659,  "end" : 1663 }, 
        {"sofa" : 12,  "begin" : 1664,  "end" : 1667 }, 
        {"sofa" : 12,  "begin" : 1668,  "end" : 1675 }, 
        {"sofa" : 12,  "begin" : 1676,  "end" : 1680 }, 
        {"sofa" : 12,  "begin" : 1681,  "end" : 1687 }, 
        {"sofa" : 12,  "begin" : 1689,  "end" : 1691 }, 
        {"sofa" : 12,  "begin" : 1692,  "end" : 1697 }, 
        {"sofa" : 12,  "begin" : 1698,  "end" : 1706 }, 
        {"sofa" : 12,  "begin" : 1707,  "end" : 1714 }, 
        {"sofa" : 12,  "begin" : 1715,  "end" : 1723 }, 
        {"sofa" : 12,  "begin" : 1724,  "end" : 1728 }, 
        {"sofa" : 12,  "begin" : 1729,  "end" : 1737 }, 
        {"sofa" : 12,  "begin" : 1738,  "end" : 1740 }, 
        {"sofa" : 12,  "begin" : 1741,  "end" : 1745 }, 
        {"sofa" : 12,  "begin" : 1746,  "end" : 1752 }, 
        {"sofa" : 12,  "begin" : 1752,  "end" : 1753 }, 
        {"sofa" : 12,  "begin" : 1755,  "end" : 1761 }, 
        {"sofa" : 12,  "begin" : 1762,  "end" : 1767 }, 
        {"sofa" : 12,  "begin" : 1768,  "end" : 1772 }, 
        {"sofa" : 12,  "begin" : 1773,  "end" : 1784 }, 
        {"sofa" : 12,  "begin" : 1785,  "end" : 1789 }, 
        {"sofa" : 12,  "begin" : 1790,  "end" : 1794 }, 
        {"sofa" : 12,  "begin" : 1795,  "end" : 1801 }, 
        {"sofa" : 12,  "begin" : 1802,  "end" : 1805 }, 
        {"sofa" : 12,  "begin" : 1806,  "end" : 1813 }, 
        {"sofa" : 12,  "begin" : 1813,  "end" : 1814 } ], 
      "Persuasive_Labels" : [
        {"sofa" : 12,  "begin" : 296,  "end" : 299,  "DistinctiveLinguisticFeatures" : "ellipses, exaggerated/excessive usage of punctuation marks" }, 
        {"sofa" : 12,  "begin" : 296,  "end" : 299,  "DistinctiveLinguisticFeatures" : "distinctive linguistic features" }, 
        {"sofa" : 12,  "begin" : 300,  "end" : 386,  "EmotionalAppeals" : "emotional appeals" }, 
        {"sofa" : 12,  "begin" : 300,  "end" : 326,  "EmotionalAppeals" : "anxiety" }, 
        {"sofa" : 12,  "begin" : 327,  "end" : 352,  "EmotionalAppeals" : "fear" }, 
        {"sofa" : 12,  "begin" : 387,  "end" : 406,  "EstablishingLegitimacy" : "Establishing Legitimacy" }, 
        {"sofa" : 12,  "begin" : 387,  "end" : 406,  "EstablishingLegitimacy" : "citing source to establish legitimacy_source verified to be credible" }, 
        {"sofa" : 12,  "begin" : 407,  "end" : 518,  "InappropriateUseofScientificEvidence" : "less robust evidence or outdated evidence_verified" }, 
        {"sofa" : 12,  "begin" : 407,  "end" : 518,  "InappropriateUseofScientificEvidence" : "inappropriate use of scientific and Other evidence" }, 
        {"sofa" : 12,  "begin" : 735,  "end" : 858,  "HighlightingUncertaintyandRisk" : "Highlighting Uncertainty and Risk" } ] } }, 
  "_referenced_fss" : {
    "12" : {"_type" : "Sofa",  "sofaNum" : 1,  "sofaID" : "_InitialView",  "mimeType" : "text",  "sofaString" : "﻿tron-01325 Sargento Cheese Recalls 7 Types of Cheese in August or September 2017 \r\nSource https://archive.ph/wX9T0#selection-355.0-355.103 \r\nFact checking: https://www.truthorfiction.com/sargento-cheese-recall-september-2017/ \r\nActual content: \r\nBreaking: America's Most Popular Cheese Recalled ... Immediately Throw It Away, This Can Kill Your Family\r\nIt's time to check your fridges. Sargento Foods Inc. has just issued a massive recall of seven cheeses due to a potential contamination from listeria monocytogenes. The company confirms no illnesses have been reported yet.\r\nListeriosis is a serious infection contracted by eating food contaminated with bacteria. An estimated 1,600 people get infected each year-and about 260 die. The bacteria is most harmful to pregnant women, newborns, adults aged 65 or older, and people with weakened immune systems.\r\nSargento is continuing to closely monitor and gather information from their supplier, based in Middlebury, Ind. The supplier reportedly notified Sargento Food Inc. that a specialty Longhorn Colby cheese it supplied had potentially been contaminated and needed to be recalled.\r\nThe company continues to respond to their consumers and provide reimbursements. If you purchased cheese, you can call 1-800-CHEESES or email the company via the Contact page on their website.\r\nTHE RECALLED PRODUCTS INCLUDE:\r\nSargento Ultra Thin Slice Longhorn Colby\r\nSargento Chef Blends Shredded Nacho & Taco Cheese\r\nSargento Slice Colby-Jack Cheese\r\nSargento Slice Pepper Jack Cheese\r\nSargento Chef Blends Shredded Taco Cheese\r\nSargento Off The Block Shredded Fine Cut Colby-Jack Cheese\r\nSargento Off the Block Shredded Fine Cut Cheddar Jack Cheese\r\nNo other Sargento branded products were affected by this recall.\r\nPlease share this information with your family and friends.\r\n\r\n" } } }