{"_context" : {
    "_types" : {
      "DocumentMetaData" : {
        "_feature_types" : {"sofa" : "_ref" } }, 
      "Persuasive_Labels" : {
        "_feature_types" : {"sofa" : "_ref" } }, 
      "Sentence" : {
        "_feature_types" : {"sofa" : "_ref" } }, 
      "Sofa" : {
        "_feature_types" : {"sofaArray" : "_ref" } }, 
      "TagsetDescription" : {
        "_feature_types" : {"sofa" : "_ref",  "tags" : "_ref" } }, 
      "Token" : {
        "_feature_types" : {"sofa" : "_ref",  "parent" : "_ref",  "lemma" : "_ref",  "stem" : "_ref",  "pos" : "_ref",  "morph" : "_ref",  "form" : "_ref" } }, 
      "DocumentAnnotation" : {
        "_feature_types" : {"sofa" : "_ref" }, 
        "_subtypes" : ["DocumentMetaData" ] }, 
      "Annotation" : {
        "_feature_types" : {"sofa" : "_ref" }, 
        "_subtypes" : ["DocumentAnnotation",  "Persuasive_Labels",  "Sentence",  "TagsetDescription",  "Token" ] }, 
      "AnnotationBase" : {
        "_feature_types" : {"sofa" : "_ref" }, 
        "_subtypes" : ["Annotation" ] }, 
      "TOP" : {
        "_subtypes" : ["AnnotationBase",  "Sofa" ] } } }, 
  "_views" : {
    "_InitialView" : {
      "DocumentMetaData" : [
        {"sofa" : 12,  "end" : 2976,  "language" : "x-unspecified",  "documentTitle" : "161.%20tron-01428%20Lemons%20Kill%20Cancer%20Cells%20Better%20Than%20Chemotherapy.txt",  "documentId" : "admin",  "documentUri" : "file:/C:/Users/huiyi/.webanno/repository/project/4/document/507/source/admin",  "collectionId" : "file:/C:/Users/huiyi/.webanno/repository/project/4/document/507/source/",  "documentBaseUri" : "file:/C:/Users/huiyi/.webanno/repository/project/4/document/507/source/",  "isLastSegment" : false } ], 
      "TagsetDescription" : [
        {"sofa" : 12,  "layer" : "de.tudarmstadt.ukp.dkpro.core.api.syntax.type.dependency.Dependency",  "name" : "UD Universal Dependencies (v2)",  "input" : false }, 
        {"sofa" : 12,  "layer" : "de.tudarmstadt.ukp.dkpro.core.api.ner.type.NamedEntity",  "name" : "Named Entity tags",  "input" : false }, 
        {"sofa" : 12,  "layer" : "de.tudarmstadt.ukp.dkpro.core.api.transform.type.SofaChangeAnnotation",  "name" : "Operation",  "input" : false }, 
        {"sofa" : 12,  "layer" : "de.tudarmstadt.ukp.dkpro.core.api.lexmorph.type.pos.POS",  "name" : "UD Universal POS tags (v2)",  "input" : false }, 
        {"sofa" : 12,  "layer" : "webanno.custom.Persuasive_Labels",  "name" : "2. Using Anecdotes and Personal Experience as Evidence",  "input" : false } ], 
      "Sentence" : [
        {"sofa" : 12,  "end" : 372 }, 
        {"sofa" : 12,  "begin" : 372,  "end" : 373 }, 
        {"sofa" : 12,  "begin" : 375,  "end" : 379 }, 
        {"sofa" : 12,  "begin" : 380,  "end" : 486 }, 
        {"sofa" : 12,  "begin" : 487,  "end" : 542 }, 
        {"sofa" : 12,  "begin" : 544,  "end" : 548 }, 
        {"sofa" : 12,  "begin" : 549,  "end" : 791 }, 
        {"sofa" : 12,  "begin" : 792,  "end" : 836 }, 
        {"sofa" : 12,  "begin" : 837,  "end" : 853 }, 
        {"sofa" : 12,  "begin" : 854,  "end" : 981 }, 
        {"sofa" : 12,  "begin" : 982,  "end" : 1055 }, 
        {"sofa" : 12,  "begin" : 1056,  "end" : 1084 }, 
        {"sofa" : 12,  "begin" : 1085,  "end" : 1194 }, 
        {"sofa" : 12,  "begin" : 1195,  "end" : 1243 }, 
        {"sofa" : 12,  "begin" : 1243,  "end" : 1244 }, 
        {"sofa" : 12,  "begin" : 1246,  "end" : 1250 }, 
        {"sofa" : 12,  "begin" : 1251,  "end" : 1355 }, 
        {"sofa" : 12,  "begin" : 1356,  "end" : 1444 }, 
        {"sofa" : 12,  "begin" : 1444,  "end" : 1445 }, 
        {"sofa" : 12,  "begin" : 1447,  "end" : 1451 }, 
        {"sofa" : 12,  "begin" : 1452,  "end" : 1533 }, 
        {"sofa" : 12,  "begin" : 1534,  "end" : 1617 }, 
        {"sofa" : 12,  "begin" : 1618,  "end" : 1660 }, 
        {"sofa" : 12,  "begin" : 1660,  "end" : 1661 }, 
        {"sofa" : 12,  "begin" : 1663,  "end" : 1667 }, 
        {"sofa" : 12,  "begin" : 1668,  "end" : 1716 }, 
        {"sofa" : 12,  "begin" : 1717,  "end" : 1718 }, 
        {"sofa" : 12,  "begin" : 1720,  "end" : 1724 }, 
        {"sofa" : 12,  "begin" : 1725,  "end" : 1813 }, 
        {"sofa" : 12,  "begin" : 1814,  "end" : 1868 }, 
        {"sofa" : 12,  "begin" : 1868,  "end" : 1869 }, 
        {"sofa" : 12,  "begin" : 1871,  "end" : 1875 }, 
        {"sofa" : 12,  "begin" : 1876,  "end" : 1968 }, 
        {"sofa" : 12,  "begin" : 1969,  "end" : 2007 }, 
        {"sofa" : 12,  "begin" : 2008,  "end" : 2087 }, 
        {"sofa" : 12,  "begin" : 2088,  "end" : 2174 }, 
        {"sofa" : 12,  "begin" : 2174,  "end" : 2175 }, 
        {"sofa" : 12,  "begin" : 2177,  "end" : 2182 }, 
        {"sofa" : 12,  "begin" : 2183,  "end" : 2279 }, 
        {"sofa" : 12,  "begin" : 2280,  "end" : 2350 }, 
        {"sofa" : 12,  "begin" : 2351,  "end" : 2456 }, 
        {"sofa" : 12,  "begin" : 2456,  "end" : 2457 }, 
        {"sofa" : 12,  "begin" : 2459,  "end" : 2464 }, 
        {"sofa" : 12,  "begin" : 2465,  "end" : 2523 }, 
        {"sofa" : 12,  "begin" : 2524,  "end" : 2585 }, 
        {"sofa" : 12,  "begin" : 2585,  "end" : 2586 }, 
        {"sofa" : 12,  "begin" : 2588,  "end" : 2593 }, 
        {"sofa" : 12,  "begin" : 2594,  "end" : 2641 }, 
        {"sofa" : 12,  "begin" : 2641,  "end" : 2642 }, 
        {"sofa" : 12,  "begin" : 2644,  "end" : 2649 }, 
        {"sofa" : 12,  "begin" : 2650,  "end" : 2733 }, 
        {"sofa" : 12,  "begin" : 2733,  "end" : 2734 }, 
        {"sofa" : 12,  "begin" : 2736,  "end" : 2741 }, 
        {"sofa" : 12,  "begin" : 2742,  "end" : 2761 }, 
        {"sofa" : 12,  "begin" : 2762,  "end" : 2822 }, 
        {"sofa" : 12,  "begin" : 2823,  "end" : 2889 }, 
        {"sofa" : 12,  "begin" : 2890,  "end" : 2956 }, 
        {"sofa" : 12,  "begin" : 2958,  "end" : 2974 } ], 
      "Token" : [
        {"sofa" : 12,  "end" : 5 }, 
        {"sofa" : 12,  "begin" : 5,  "end" : 6 }, 
        {"sofa" : 12,  "begin" : 6,  "end" : 11 }, 
        {"sofa" : 12,  "begin" : 12,  "end" : 18 }, 
        {"sofa" : 12,  "begin" : 19,  "end" : 23 }, 
        {"sofa" : 12,  "begin" : 24,  "end" : 30 }, 
        {"sofa" : 12,  "begin" : 31,  "end" : 36 }, 
        {"sofa" : 12,  "begin" : 37,  "end" : 43 }, 
        {"sofa" : 12,  "begin" : 44,  "end" : 48 }, 
        {"sofa" : 12,  "begin" : 49,  "end" : 61 }, 
        {"sofa" : 12,  "begin" : 63,  "end" : 69 }, 
        {"sofa" : 12,  "begin" : 69,  "end" : 70 }, 
        {"sofa" : 12,  "begin" : 71,  "end" : 76 }, 
        {"sofa" : 12,  "begin" : 76,  "end" : 77 }, 
        {"sofa" : 12,  "begin" : 77,  "end" : 78 }, 
        {"sofa" : 12,  "begin" : 78,  "end" : 79 }, 
        {"sofa" : 12,  "begin" : 79,  "end" : 102 }, 
        {"sofa" : 12,  "begin" : 102,  "end" : 103 }, 
        {"sofa" : 12,  "begin" : 103,  "end" : 112 }, 
        {"sofa" : 12,  "begin" : 112,  "end" : 113 }, 
        {"sofa" : 12,  "begin" : 113,  "end" : 164 }, 
        {"sofa" : 12,  "begin" : 164,  "end" : 165 }, 
        {"sofa" : 12,  "begin" : 165,  "end" : 175 }, 
        {"sofa" : 12,  "begin" : 178,  "end" : 182 }, 
        {"sofa" : 12,  "begin" : 183,  "end" : 191 }, 
        {"sofa" : 12,  "begin" : 191,  "end" : 192 }, 
        {"sofa" : 12,  "begin" : 193,  "end" : 198 }, 
        {"sofa" : 12,  "begin" : 198,  "end" : 199 }, 
        {"sofa" : 12,  "begin" : 199,  "end" : 200 }, 
        {"sofa" : 12,  "begin" : 200,  "end" : 201 }, 
        {"sofa" : 12,  "begin" : 201,  "end" : 223 }, 
        {"sofa" : 12,  "begin" : 223,  "end" : 224 }, 
        {"sofa" : 12,  "begin" : 224,  "end" : 242 }, 
        {"sofa" : 12,  "begin" : 242,  "end" : 243 }, 
        {"sofa" : 12,  "begin" : 246,  "end" : 250 }, 
        {"sofa" : 12,  "begin" : 251,  "end" : 254 }, 
        {"sofa" : 12,  "begin" : 255,  "end" : 261 }, 
        {"sofa" : 12,  "begin" : 262,  "end" : 270 }, 
        {"sofa" : 12,  "begin" : 271,  "end" : 274 }, 
        {"sofa" : 12,  "begin" : 275,  "end" : 281 }, 
        {"sofa" : 12,  "begin" : 282,  "end" : 284 }, 
        {"sofa" : 12,  "begin" : 285,  "end" : 290 }, 
        {"sofa" : 12,  "begin" : 291,  "end" : 297 }, 
        {"sofa" : 12,  "begin" : 299,  "end" : 301 }, 
        {"sofa" : 12,  "begin" : 302,  "end" : 307 }, 
        {"sofa" : 12,  "begin" : 308,  "end" : 314 }, 
        {"sofa" : 12,  "begin" : 315,  "end" : 318 }, 
        {"sofa" : 12,  "begin" : 319,  "end" : 324 }, 
        {"sofa" : 12,  "begin" : 325,  "end" : 332 }, 
        {"sofa" : 12,  "begin" : 332,  "end" : 333 }, 
        {"sofa" : 12,  "begin" : 334,  "end" : 337 }, 
        {"sofa" : 12,  "begin" : 338,  "end" : 340 }, 
        {"sofa" : 12,  "begin" : 341,  "end" : 346 }, 
        {"sofa" : 12,  "begin" : 347,  "end" : 352 }, 
        {"sofa" : 12,  "begin" : 353,  "end" : 357 }, 
        {"sofa" : 12,  "begin" : 358,  "end" : 360 }, 
        {"sofa" : 12,  "begin" : 361,  "end" : 363 }, 
        {"sofa" : 12,  "begin" : 364,  "end" : 372 }, 
        {"sofa" : 12,  "begin" : 372,  "end" : 373 }, 
        {"sofa" : 12,  "begin" : 375,  "end" : 376 }, 
        {"sofa" : 12,  "begin" : 376,  "end" : 377 }, 
        {"sofa" : 12,  "begin" : 377,  "end" : 378 }, 
        {"sofa" : 12,  "begin" : 378,  "end" : 379 }, 
        {"sofa" : 12,  "begin" : 380,  "end" : 385 }, 
        {"sofa" : 12,  "begin" : 386,  "end" : 390 }, 
        {"sofa" : 12,  "begin" : 391,  "end" : 393 }, 
        {"sofa" : 12,  "begin" : 394,  "end" : 396 }, 
        {"sofa" : 12,  "begin" : 397,  "end" : 401 }, 
        {"sofa" : 12,  "begin" : 402,  "end" : 405 }, 
        {"sofa" : 12,  "begin" : 406,  "end" : 411 }, 
        {"sofa" : 12,  "begin" : 412,  "end" : 418 }, 
        {"sofa" : 12,  "begin" : 418,  "end" : 419 }, 
        {"sofa" : 12,  "begin" : 420,  "end" : 427 }, 
        {"sofa" : 12,  "begin" : 428,  "end" : 433 }, 
        {"sofa" : 12,  "begin" : 434,  "end" : 436 }, 
        {"sofa" : 12,  "begin" : 437,  "end" : 441 }, 
        {"sofa" : 12,  "begin" : 442,  "end" : 446 }, 
        {"sofa" : 12,  "begin" : 446,  "end" : 447 }, 
        {"sofa" : 12,  "begin" : 448,  "end" : 454 }, 
        {"sofa" : 12,  "begin" : 455,  "end" : 459 }, 
        {"sofa" : 12,  "begin" : 460,  "end" : 465 }, 
        {"sofa" : 12,  "begin" : 466,  "end" : 469 }, 
        {"sofa" : 12,  "begin" : 470,  "end" : 471 }, 
        {"sofa" : 12,  "begin" : 472,  "end" : 479 }, 
        {"sofa" : 12,  "begin" : 480,  "end" : 485 }, 
        {"sofa" : 12,  "begin" : 485,  "end" : 486 }, 
        {"sofa" : 12,  "begin" : 487,  "end" : 492 }, 
        {"sofa" : 12,  "begin" : 493,  "end" : 499 }, 
        {"sofa" : 12,  "begin" : 499,  "end" : 500 }, 
        {"sofa" : 12,  "begin" : 501,  "end" : 505 }, 
        {"sofa" : 12,  "begin" : 505,  "end" : 506 }, 
        {"sofa" : 12,  "begin" : 507,  "end" : 513 }, 
        {"sofa" : 12,  "begin" : 514,  "end" : 515 }, 
        {"sofa" : 12,  "begin" : 516,  "end" : 523 }, 
        {"sofa" : 12,  "begin" : 524,  "end" : 527 }, 
        {"sofa" : 12,  "begin" : 528,  "end" : 534 }, 
        {"sofa" : 12,  "begin" : 535,  "end" : 541 }, 
        {"sofa" : 12,  "begin" : 541,  "end" : 542 }, 
        {"sofa" : 12,  "begin" : 544,  "end" : 545 }, 
        {"sofa" : 12,  "begin" : 545,  "end" : 546 }, 
        {"sofa" : 12,  "begin" : 546,  "end" : 547 }, 
        {"sofa" : 12,  "begin" : 547,  "end" : 548 }, 
        {"sofa" : 12,  "begin" : 549,  "end" : 555 }, 
        {"sofa" : 12,  "begin" : 556,  "end" : 560 }, 
        {"sofa" : 12,  "begin" : 561,  "end" : 563 }, 
        {"sofa" : 12,  "begin" : 564,  "end" : 566 }, 
        {"sofa" : 12,  "begin" : 567,  "end" : 572 }, 
        {"sofa" : 12,  "begin" : 573,  "end" : 574 }, 
        {"sofa" : 12,  "begin" : 575,  "end" : 580 }, 
        {"sofa" : 12,  "begin" : 581,  "end" : 586 }, 
        {"sofa" : 12,  "begin" : 587,  "end" : 592 }, 
        {"sofa" : 12,  "begin" : 593,  "end" : 597 }, 
        {"sofa" : 12,  "begin" : 598,  "end" : 599 }, 
        {"sofa" : 12,  "begin" : 600,  "end" : 603 }, 
        {"sofa" : 12,  "begin" : 604,  "end" : 606 }, 
        {"sofa" : 12,  "begin" : 607,  "end" : 610 }, 
        {"sofa" : 12,  "begin" : 611,  "end" : 616 }, 
        {"sofa" : 12,  "begin" : 617,  "end" : 620 }, 
        {"sofa" : 12,  "begin" : 621,  "end" : 626 }, 
        {"sofa" : 12,  "begin" : 627,  "end" : 629 }, 
        {"sofa" : 12,  "begin" : 630,  "end" : 633 }, 
        {"sofa" : 12,  "begin" : 634,  "end" : 639 }, 
        {"sofa" : 12,  "begin" : 640,  "end" : 641 }, 
        {"sofa" : 12,  "begin" : 641,  "end" : 642 }, 
        {"sofa" : 12,  "begin" : 642,  "end" : 643 }, 
        {"sofa" : 12,  "begin" : 644,  "end" : 650 }, 
        {"sofa" : 12,  "begin" : 651,  "end" : 656 }, 
        {"sofa" : 12,  "begin" : 657,  "end" : 662 }, 
        {"sofa" : 12,  "begin" : 663,  "end" : 669 }, 
        {"sofa" : 12,  "begin" : 670,  "end" : 674 }, 
        {"sofa" : 12,  "begin" : 675,  "end" : 678 }, 
        {"sofa" : 12,  "begin" : 679,  "end" : 685 }, 
        {"sofa" : 12,  "begin" : 686,  "end" : 691 }, 
        {"sofa" : 12,  "begin" : 692,  "end" : 701 }, 
        {"sofa" : 12,  "begin" : 701,  "end" : 702 }, 
        {"sofa" : 12,  "begin" : 703,  "end" : 711 }, 
        {"sofa" : 12,  "begin" : 712,  "end" : 714 }, 
        {"sofa" : 12,  "begin" : 715,  "end" : 723 }, 
        {"sofa" : 12,  "begin" : 724,  "end" : 731 }, 
        {"sofa" : 12,  "begin" : 732,  "end" : 734 }, 
        {"sofa" : 12,  "begin" : 735,  "end" : 743 }, 
        {"sofa" : 12,  "begin" : 744,  "end" : 748 }, 
        {"sofa" : 12,  "begin" : 748,  "end" : 749 }, 
        {"sofa" : 12,  "begin" : 750,  "end" : 754 }, 
        {"sofa" : 12,  "begin" : 755,  "end" : 759 }, 
        {"sofa" : 12,  "begin" : 760,  "end" : 765 }, 
        {"sofa" : 12,  "begin" : 766,  "end" : 772 }, 
        {"sofa" : 12,  "begin" : 773,  "end" : 777 }, 
        {"sofa" : 12,  "begin" : 778,  "end" : 790 }, 
        {"sofa" : 12,  "begin" : 790,  "end" : 791 }, 
        {"sofa" : 12,  "begin" : 792,  "end" : 800 }, 
        {"sofa" : 12,  "begin" : 801,  "end" : 804 }, 
        {"sofa" : 12,  "begin" : 805,  "end" : 810 }, 
        {"sofa" : 12,  "begin" : 811,  "end" : 816 }, 
        {"sofa" : 12,  "begin" : 817,  "end" : 820 }, 
        {"sofa" : 12,  "begin" : 821,  "end" : 828 }, 
        {"sofa" : 12,  "begin" : 829,  "end" : 835 }, 
        {"sofa" : 12,  "begin" : 835,  "end" : 836 }, 
        {"sofa" : 12,  "begin" : 837,  "end" : 842 }, 
        {"sofa" : 12,  "begin" : 843,  "end" : 846 }, 
        {"sofa" : 12,  "begin" : 847,  "end" : 852 }, 
        {"sofa" : 12,  "begin" : 852,  "end" : 853 }, 
        {"sofa" : 12,  "begin" : 854,  "end" : 857 }, 
        {"sofa" : 12,  "begin" : 858,  "end" : 863 }, 
        {"sofa" : 12,  "begin" : 864,  "end" : 869 }, 
        {"sofa" : 12,  "begin" : 870,  "end" : 872 }, 
        {"sofa" : 12,  "begin" : 873,  "end" : 877 }, 
        {"sofa" : 12,  "begin" : 878,  "end" : 888 }, 
        {"sofa" : 12,  "begin" : 889,  "end" : 893 }, 
        {"sofa" : 12,  "begin" : 894,  "end" : 898 }, 
        {"sofa" : 12,  "begin" : 899,  "end" : 904 }, 
        {"sofa" : 12,  "begin" : 905,  "end" : 910 }, 
        {"sofa" : 12,  "begin" : 910,  "end" : 911 }, 
        {"sofa" : 12,  "begin" : 913,  "end" : 914 }, 
        {"sofa" : 12,  "begin" : 914,  "end" : 915 }, 
        {"sofa" : 12,  "begin" : 916,  "end" : 919 }, 
        {"sofa" : 12,  "begin" : 920,  "end" : 925 }, 
        {"sofa" : 12,  "begin" : 926,  "end" : 931 }, 
        {"sofa" : 12,  "begin" : 932,  "end" : 937 }, 
        {"sofa" : 12,  "begin" : 938,  "end" : 944 }, 
        {"sofa" : 12,  "begin" : 945,  "end" : 950 }, 
        {"sofa" : 12,  "begin" : 951,  "end" : 952 }, 
        {"sofa" : 12,  "begin" : 953,  "end" : 958 }, 
        {"sofa" : 12,  "begin" : 959,  "end" : 962 }, 
        {"sofa" : 12,  "begin" : 963,  "end" : 968 }, 
        {"sofa" : 12,  "begin" : 969,  "end" : 974 }, 
        {"sofa" : 12,  "begin" : 975,  "end" : 980 }, 
        {"sofa" : 12,  "begin" : 980,  "end" : 981 }, 
        {"sofa" : 12,  "begin" : 982,  "end" : 992 }, 
        {"sofa" : 12,  "begin" : 993,  "end" : 995 }, 
        {"sofa" : 12,  "begin" : 996,  "end" : 999 }, 
        {"sofa" : 12,  "begin" : 1000,  "end" : 1005 }, 
        {"sofa" : 12,  "begin" : 1006,  "end" : 1011 }, 
        {"sofa" : 12,  "begin" : 1012,  "end" : 1014 }, 
        {"sofa" : 12,  "begin" : 1015,  "end" : 1018 }, 
        {"sofa" : 12,  "begin" : 1019,  "end" : 1023 }, 
        {"sofa" : 12,  "begin" : 1024,  "end" : 1033 }, 
        {"sofa" : 12,  "begin" : 1034,  "end" : 1036 }, 
        {"sofa" : 12,  "begin" : 1037,  "end" : 1041 }, 
        {"sofa" : 12,  "begin" : 1042,  "end" : 1048 }, 
        {"sofa" : 12,  "begin" : 1049,  "end" : 1054 }, 
        {"sofa" : 12,  "begin" : 1054,  "end" : 1055 }, 
        {"sofa" : 12,  "begin" : 1056,  "end" : 1058 }, 
        {"sofa" : 12,  "begin" : 1059,  "end" : 1064 }, 
        {"sofa" : 12,  "begin" : 1065,  "end" : 1068 }, 
        {"sofa" : 12,  "begin" : 1069,  "end" : 1074 }, 
        {"sofa" : 12,  "begin" : 1075,  "end" : 1077 }, 
        {"sofa" : 12,  "begin" : 1078,  "end" : 1083 }, 
        {"sofa" : 12,  "begin" : 1083,  "end" : 1084 }, 
        {"sofa" : 12,  "begin" : 1085,  "end" : 1089 }, 
        {"sofa" : 12,  "begin" : 1090,  "end" : 1094 }, 
        {"sofa" : 12,  "begin" : 1095,  "end" : 1097 }, 
        {"sofa" : 12,  "begin" : 1098,  "end" : 1103 }, 
        {"sofa" : 12,  "begin" : 1104,  "end" : 1111 }, 
        {"sofa" : 12,  "begin" : 1112,  "end" : 1121 }, 
        {"sofa" : 12,  "begin" : 1122,  "end" : 1126 }, 
        {"sofa" : 12,  "begin" : 1127,  "end" : 1131 }, 
        {"sofa" : 12,  "begin" : 1132,  "end" : 1139 }, 
        {"sofa" : 12,  "begin" : 1140,  "end" : 1143 }, 
        {"sofa" : 12,  "begin" : 1144,  "end" : 1153 }, 
        {"sofa" : 12,  "begin" : 1154,  "end" : 1159 }, 
        {"sofa" : 12,  "begin" : 1159,  "end" : 1160 }, 
        {"sofa" : 12,  "begin" : 1161,  "end" : 1163 }, 
        {"sofa" : 12,  "begin" : 1164,  "end" : 1168 }, 
        {"sofa" : 12,  "begin" : 1169,  "end" : 1172 }, 
        {"sofa" : 12,  "begin" : 1173,  "end" : 1179 }, 
        {"sofa" : 12,  "begin" : 1180,  "end" : 1187 }, 
        {"sofa" : 12,  "begin" : 1188,  "end" : 1193 }, 
        {"sofa" : 12,  "begin" : 1193,  "end" : 1194 }, 
        {"sofa" : 12,  "begin" : 1195,  "end" : 1199 }, 
        {"sofa" : 12,  "begin" : 1200,  "end" : 1208 }, 
        {"sofa" : 12,  "begin" : 1209,  "end" : 1214 }, 
        {"sofa" : 12,  "begin" : 1215,  "end" : 1226 }, 
        {"sofa" : 12,  "begin" : 1227,  "end" : 1230 }, 
        {"sofa" : 12,  "begin" : 1231,  "end" : 1237 }, 
        {"sofa" : 12,  "begin" : 1238,  "end" : 1243 }, 
        {"sofa" : 12,  "begin" : 1243,  "end" : 1244 }, 
        {"sofa" : 12,  "begin" : 1246,  "end" : 1247 }, 
        {"sofa" : 12,  "begin" : 1247,  "end" : 1248 }, 
        {"sofa" : 12,  "begin" : 1248,  "end" : 1249 }, 
        {"sofa" : 12,  "begin" : 1249,  "end" : 1250 }, 
        {"sofa" : 12,  "begin" : 1251,  "end" : 1256 }, 
        {"sofa" : 12,  "begin" : 1257,  "end" : 1261 }, 
        {"sofa" : 12,  "begin" : 1262,  "end" : 1264 }, 
        {"sofa" : 12,  "begin" : 1265,  "end" : 1267 }, 
        {"sofa" : 12,  "begin" : 1268,  "end" : 1273 }, 
        {"sofa" : 12,  "begin" : 1274,  "end" : 1275 }, 
        {"sofa" : 12,  "begin" : 1276,  "end" : 1285 }, 
        {"sofa" : 12,  "begin" : 1286,  "end" : 1288 }, 
        {"sofa" : 12,  "begin" : 1289,  "end" : 1296 }, 
        {"sofa" : 12,  "begin" : 1297,  "end" : 1304 }, 
        {"sofa" : 12,  "begin" : 1305,  "end" : 1308 }, 
        {"sofa" : 12,  "begin" : 1308,  "end" : 1309 }, 
        {"sofa" : 12,  "begin" : 1310,  "end" : 1317 }, 
        {"sofa" : 12,  "begin" : 1318,  "end" : 1321 }, 
        {"sofa" : 12,  "begin" : 1322,  "end" : 1327 }, 
        {"sofa" : 12,  "begin" : 1328,  "end" : 1331 }, 
        {"sofa" : 12,  "begin" : 1332,  "end" : 1338 }, 
        {"sofa" : 12,  "begin" : 1339,  "end" : 1344 }, 
        {"sofa" : 12,  "begin" : 1345,  "end" : 1354 }, 
        {"sofa" : 12,  "begin" : 1354,  "end" : 1355 }, 
        {"sofa" : 12,  "begin" : 1356,  "end" : 1358 }, 
        {"sofa" : 12,  "begin" : 1359,  "end" : 1364 }, 
        {"sofa" : 12,  "begin" : 1365,  "end" : 1372 }, 
        {"sofa" : 12,  "begin" : 1373,  "end" : 1376 }, 
        {"sofa" : 12,  "begin" : 1377,  "end" : 1379 }, 
        {"sofa" : 12,  "begin" : 1380,  "end" : 1391 }, 
        {"sofa" : 12,  "begin" : 1392,  "end" : 1396 }, 
        {"sofa" : 12,  "begin" : 1397,  "end" : 1400 }, 
        {"sofa" : 12,  "begin" : 1401,  "end" : 1405 }, 
        {"sofa" : 12,  "begin" : 1406,  "end" : 1409 }, 
        {"sofa" : 12,  "begin" : 1410,  "end" : 1420 }, 
        {"sofa" : 12,  "begin" : 1421,  "end" : 1423 }, 
        {"sofa" : 12,  "begin" : 1424,  "end" : 1427 }, 
        {"sofa" : 12,  "begin" : 1428,  "end" : 1437 }, 
        {"sofa" : 12,  "begin" : 1438,  "end" : 1444 }, 
        {"sofa" : 12,  "begin" : 1444,  "end" : 1445 }, 
        {"sofa" : 12,  "begin" : 1447,  "end" : 1448 }, 
        {"sofa" : 12,  "begin" : 1448,  "end" : 1449 }, 
        {"sofa" : 12,  "begin" : 1449,  "end" : 1450 }, 
        {"sofa" : 12,  "begin" : 1450,  "end" : 1451 }, 
        {"sofa" : 12,  "begin" : 1452,  "end" : 1456 }, 
        {"sofa" : 12,  "begin" : 1457,  "end" : 1463 }, 
        {"sofa" : 12,  "begin" : 1464,  "end" : 1465 }, 
        {"sofa" : 12,  "begin" : 1466,  "end" : 1472 }, 
        {"sofa" : 12,  "begin" : 1473,  "end" : 1478 }, 
        {"sofa" : 12,  "begin" : 1479,  "end" : 1485 }, 
        {"sofa" : 12,  "begin" : 1486,  "end" : 1490 }, 
        {"sofa" : 12,  "begin" : 1491,  "end" : 1495 }, 
        {"sofa" : 12,  "begin" : 1496,  "end" : 1502 }, 
        {"sofa" : 12,  "begin" : 1503,  "end" : 1513 }, 
        {"sofa" : 12,  "begin" : 1514,  "end" : 1524 }, 
        {"sofa" : 12,  "begin" : 1524,  "end" : 1525 }, 
        {"sofa" : 12,  "begin" : 1526,  "end" : 1527 }, 
        {"sofa" : 12,  "begin" : 1529,  "end" : 1530 }, 
        {"sofa" : 12,  "begin" : 1530,  "end" : 1531 }, 
        {"sofa" : 12,  "begin" : 1531,  "end" : 1532 }, 
        {"sofa" : 12,  "begin" : 1532,  "end" : 1533 }, 
        {"sofa" : 12,  "begin" : 1534,  "end" : 1543 }, 
        {"sofa" : 12,  "begin" : 1544,  "end" : 1550 }, 
        {"sofa" : 12,  "begin" : 1551,  "end" : 1556 }, 
        {"sofa" : 12,  "begin" : 1557,  "end" : 1563 }, 
        {"sofa" : 12,  "begin" : 1564,  "end" : 1568 }, 
        {"sofa" : 12,  "begin" : 1569,  "end" : 1574 }, 
        {"sofa" : 12,  "begin" : 1575,  "end" : 1578 }, 
        {"sofa" : 12,  "begin" : 1579,  "end" : 1587 }, 
        {"sofa" : 12,  "begin" : 1588,  "end" : 1591 }, 
        {"sofa" : 12,  "begin" : 1592,  "end" : 1598 }, 
        {"sofa" : 12,  "begin" : 1599,  "end" : 1601 }, 
        {"sofa" : 12,  "begin" : 1602,  "end" : 1609 }, 
        {"sofa" : 12,  "begin" : 1610,  "end" : 1616 }, 
        {"sofa" : 12,  "begin" : 1616,  "end" : 1617 }, 
        {"sofa" : 12,  "begin" : 1618,  "end" : 1624 }, 
        {"sofa" : 12,  "begin" : 1625,  "end" : 1631 }, 
        {"sofa" : 12,  "begin" : 1632,  "end" : 1634 }, 
        {"sofa" : 12,  "begin" : 1635,  "end" : 1636 }, 
        {"sofa" : 12,  "begin" : 1637,  "end" : 1642 }, 
        {"sofa" : 12,  "begin" : 1643,  "end" : 1649 }, 
        {"sofa" : 12,  "begin" : 1650,  "end" : 1655 }, 
        {"sofa" : 12,  "begin" : 1656,  "end" : 1660 }, 
        {"sofa" : 12,  "begin" : 1660,  "end" : 1661 }, 
        {"sofa" : 12,  "begin" : 1663,  "end" : 1664 }, 
        {"sofa" : 12,  "begin" : 1664,  "end" : 1665 }, 
        {"sofa" : 12,  "begin" : 1665,  "end" : 1666 }, 
        {"sofa" : 12,  "begin" : 1666,  "end" : 1667 }, 
        {"sofa" : 12,  "begin" : 1668,  "end" : 1674 }, 
        {"sofa" : 12,  "begin" : 1675,  "end" : 1682 }, 
        {"sofa" : 12,  "begin" : 1683,  "end" : 1691 }, 
        {"sofa" : 12,  "begin" : 1692,  "end" : 1695 }, 
        {"sofa" : 12,  "begin" : 1696,  "end" : 1701 }, 
        {"sofa" : 12,  "begin" : 1702,  "end" : 1709 }, 
        {"sofa" : 12,  "begin" : 1710,  "end" : 1716 }, 
        {"sofa" : 12,  "begin" : 1717,  "end" : 1718 }, 
        {"sofa" : 12,  "begin" : 1720,  "end" : 1721 }, 
        {"sofa" : 12,  "begin" : 1721,  "end" : 1722 }, 
        {"sofa" : 12,  "begin" : 1722,  "end" : 1723 }, 
        {"sofa" : 12,  "begin" : 1723,  "end" : 1724 }, 
        {"sofa" : 12,  "begin" : 1725,  "end" : 1731 }, 
        {"sofa" : 12,  "begin" : 1732,  "end" : 1738 }, 
        {"sofa" : 12,  "begin" : 1739,  "end" : 1741 }, 
        {"sofa" : 12,  "begin" : 1742,  "end" : 1747 }, 
        {"sofa" : 12,  "begin" : 1748,  "end" : 1754 }, 
        {"sofa" : 12,  "begin" : 1755,  "end" : 1759 }, 
        {"sofa" : 12,  "begin" : 1760,  "end" : 1762 }, 
        {"sofa" : 12,  "begin" : 1763,  "end" : 1773 }, 
        {"sofa" : 12,  "begin" : 1774,  "end" : 1780 }, 
        {"sofa" : 12,  "begin" : 1781,  "end" : 1787 }, 
        {"sofa" : 12,  "begin" : 1787,  "end" : 1788 }, 
        {"sofa" : 12,  "begin" : 1789,  "end" : 1794 }, 
        {"sofa" : 12,  "begin" : 1795,  "end" : 1800 }, 
        {"sofa" : 12,  "begin" : 1800,  "end" : 1801 }, 
        {"sofa" : 12,  "begin" : 1802,  "end" : 1807 }, 
        {"sofa" : 12,  "begin" : 1809,  "end" : 1810 }, 
        {"sofa" : 12,  "begin" : 1810,  "end" : 1811 }, 
        {"sofa" : 12,  "begin" : 1811,  "end" : 1812 }, 
        {"sofa" : 12,  "begin" : 1812,  "end" : 1813 }, 
        {"sofa" : 12,  "begin" : 1814,  "end" : 1820 }, 
        {"sofa" : 12,  "begin" : 1821,  "end" : 1827 }, 
        {"sofa" : 12,  "begin" : 1828,  "end" : 1831 }, 
        {"sofa" : 12,  "begin" : 1832,  "end" : 1837 }, 
        {"sofa" : 12,  "begin" : 1838,  "end" : 1841 }, 
        {"sofa" : 12,  "begin" : 1842,  "end" : 1848 }, 
        {"sofa" : 12,  "begin" : 1849,  "end" : 1861 }, 
        {"sofa" : 12,  "begin" : 1862,  "end" : 1868 }, 
        {"sofa" : 12,  "begin" : 1868,  "end" : 1869 }, 
        {"sofa" : 12,  "begin" : 1871,  "end" : 1872 }, 
        {"sofa" : 12,  "begin" : 1872,  "end" : 1873 }, 
        {"sofa" : 12,  "begin" : 1873,  "end" : 1874 }, 
        {"sofa" : 12,  "begin" : 1874,  "end" : 1875 }, 
        {"sofa" : 12,  "begin" : 1876,  "end" : 1881 }, 
        {"sofa" : 12,  "begin" : 1882,  "end" : 1883 }, 
        {"sofa" : 12,  "begin" : 1884,  "end" : 1889 }, 
        {"sofa" : 12,  "begin" : 1890,  "end" : 1892 }, 
        {"sofa" : 12,  "begin" : 1893,  "end" : 1898 }, 
        {"sofa" : 12,  "begin" : 1899,  "end" : 1904 }, 
        {"sofa" : 12,  "begin" : 1905,  "end" : 1910 }, 
        {"sofa" : 12,  "begin" : 1911,  "end" : 1918 }, 
        {"sofa" : 12,  "begin" : 1919,  "end" : 1925 }, 
        {"sofa" : 12,  "begin" : 1926,  "end" : 1930 }, 
        {"sofa" : 12,  "begin" : 1931,  "end" : 1933 }, 
        {"sofa" : 12,  "begin" : 1934,  "end" : 1941 }, 
        {"sofa" : 12,  "begin" : 1942,  "end" : 1946 }, 
        {"sofa" : 12,  "begin" : 1947,  "end" : 1954 }, 
        {"sofa" : 12,  "begin" : 1955,  "end" : 1961 }, 
        {"sofa" : 12,  "begin" : 1963,  "end" : 1964 }, 
        {"sofa" : 12,  "begin" : 1964,  "end" : 1966 }, 
        {"sofa" : 12,  "begin" : 1966,  "end" : 1967 }, 
        {"sofa" : 12,  "begin" : 1967,  "end" : 1968 }, 
        {"sofa" : 12,  "begin" : 1969,  "end" : 1974 }, 
        {"sofa" : 12,  "begin" : 1975,  "end" : 1979 }, 
        {"sofa" : 12,  "begin" : 1980,  "end" : 1986 }, 
        {"sofa" : 12,  "begin" : 1987,  "end" : 1989 }, 
        {"sofa" : 12,  "begin" : 1990,  "end" : 1995 }, 
        {"sofa" : 12,  "begin" : 1996,  "end" : 2006 }, 
        {"sofa" : 12,  "begin" : 2006,  "end" : 2007 }, 
        {"sofa" : 12,  "begin" : 2008,  "end" : 2010 }, 
        {"sofa" : 12,  "begin" : 2011,  "end" : 2014 }, 
        {"sofa" : 12,  "begin" : 2015,  "end" : 2017 }, 
        {"sofa" : 12,  "begin" : 2018,  "end" : 2029 }, 
        {"sofa" : 12,  "begin" : 2030,  "end" : 2040 }, 
        {"sofa" : 12,  "begin" : 2041,  "end" : 2044 }, 
        {"sofa" : 12,  "begin" : 2045,  "end" : 2048 }, 
        {"sofa" : 12,  "begin" : 2049,  "end" : 2054 }, 
        {"sofa" : 12,  "begin" : 2055,  "end" : 2063 }, 
        {"sofa" : 12,  "begin" : 2064,  "end" : 2067 }, 
        {"sofa" : 12,  "begin" : 2068,  "end" : 2080 }, 
        {"sofa" : 12,  "begin" : 2082,  "end" : 2083 }, 
        {"sofa" : 12,  "begin" : 2083,  "end" : 2085 }, 
        {"sofa" : 12,  "begin" : 2085,  "end" : 2086 }, 
        {"sofa" : 12,  "begin" : 2086,  "end" : 2087 }, 
        {"sofa" : 12,  "begin" : 2088,  "end" : 2090 }, 
        {"sofa" : 12,  "begin" : 2091,  "end" : 2094 }, 
        {"sofa" : 12,  "begin" : 2095,  "end" : 2098 }, 
        {"sofa" : 12,  "begin" : 2099,  "end" : 2104 }, 
        {"sofa" : 12,  "begin" : 2105,  "end" : 2110 }, 
        {"sofa" : 12,  "begin" : 2111,  "end" : 2115 }, 
        {"sofa" : 12,  "begin" : 2116,  "end" : 2118 }, 
        {"sofa" : 12,  "begin" : 2119,  "end" : 2121 }, 
        {"sofa" : 12,  "begin" : 2122,  "end" : 2125 }, 
        {"sofa" : 12,  "begin" : 2126,  "end" : 2130 }, 
        {"sofa" : 12,  "begin" : 2131,  "end" : 2135 }, 
        {"sofa" : 12,  "begin" : 2136,  "end" : 2138 }, 
        {"sofa" : 12,  "begin" : 2139,  "end" : 2146 }, 
        {"sofa" : 12,  "begin" : 2147,  "end" : 2148 }, 
        {"sofa" : 12,  "begin" : 2149,  "end" : 2152 }, 
        {"sofa" : 12,  "begin" : 2153,  "end" : 2155 }, 
        {"sofa" : 12,  "begin" : 2156,  "end" : 2160 }, 
        {"sofa" : 12,  "begin" : 2161,  "end" : 2165 }, 
        {"sofa" : 12,  "begin" : 2166,  "end" : 2167 }, 
        {"sofa" : 12,  "begin" : 2168,  "end" : 2174 }, 
        {"sofa" : 12,  "begin" : 2174,  "end" : 2175 }, 
        {"sofa" : 12,  "begin" : 2177,  "end" : 2178 }, 
        {"sofa" : 12,  "begin" : 2178,  "end" : 2180 }, 
        {"sofa" : 12,  "begin" : 2180,  "end" : 2181 }, 
        {"sofa" : 12,  "begin" : 2181,  "end" : 2182 }, 
        {"sofa" : 12,  "begin" : 2183,  "end" : 2185 }, 
        {"sofa" : 12,  "begin" : 2186,  "end" : 2189 }, 
        {"sofa" : 12,  "begin" : 2190,  "end" : 2196 }, 
        {"sofa" : 12,  "begin" : 2197,  "end" : 2201 }, 
        {"sofa" : 12,  "begin" : 2202,  "end" : 2206 }, 
        {"sofa" : 12,  "begin" : 2207,  "end" : 2212 }, 
        {"sofa" : 12,  "begin" : 2212,  "end" : 2213 }, 
        {"sofa" : 12,  "begin" : 2214,  "end" : 2218 }, 
        {"sofa" : 12,  "begin" : 2219,  "end" : 2224 }, 
        {"sofa" : 12,  "begin" : 2225,  "end" : 2227 }, 
        {"sofa" : 12,  "begin" : 2228,  "end" : 2231 }, 
        {"sofa" : 12,  "begin" : 2232,  "end" : 2238 }, 
        {"sofa" : 12,  "begin" : 2239,  "end" : 2243 }, 
        {"sofa" : 12,  "begin" : 2244,  "end" : 2246 }, 
        {"sofa" : 12,  "begin" : 2247,  "end" : 2250 }, 
        {"sofa" : 12,  "begin" : 2251,  "end" : 2255 }, 
        {"sofa" : 12,  "begin" : 2256,  "end" : 2259 }, 
        {"sofa" : 12,  "begin" : 2260,  "end" : 2263 }, 
        {"sofa" : 12,  "begin" : 2264,  "end" : 2272 }, 
        {"sofa" : 12,  "begin" : 2274,  "end" : 2275 }, 
        {"sofa" : 12,  "begin" : 2275,  "end" : 2277 }, 
        {"sofa" : 12,  "begin" : 2277,  "end" : 2278 }, 
        {"sofa" : 12,  "begin" : 2278,  "end" : 2279 }, 
        {"sofa" : 12,  "begin" : 2280,  "end" : 2285 }, 
        {"sofa" : 12,  "begin" : 2286,  "end" : 2290 }, 
        {"sofa" : 12,  "begin" : 2291,  "end" : 2295 }, 
        {"sofa" : 12,  "begin" : 2296,  "end" : 2301 }, 
        {"sofa" : 12,  "begin" : 2302,  "end" : 2307 }, 
        {"sofa" : 12,  "begin" : 2308,  "end" : 2314 }, 
        {"sofa" : 12,  "begin" : 2315,  "end" : 2317 }, 
        {"sofa" : 12,  "begin" : 2318,  "end" : 2321 }, 
        {"sofa" : 12,  "begin" : 2322,  "end" : 2326 }, 
        {"sofa" : 12,  "begin" : 2327,  "end" : 2330 }, 
        {"sofa" : 12,  "begin" : 2331,  "end" : 2334 }, 
        {"sofa" : 12,  "begin" : 2335,  "end" : 2343 }, 
        {"sofa" : 12,  "begin" : 2345,  "end" : 2346 }, 
        {"sofa" : 12,  "begin" : 2346,  "end" : 2348 }, 
        {"sofa" : 12,  "begin" : 2348,  "end" : 2349 }, 
        {"sofa" : 12,  "begin" : 2349,  "end" : 2350 }, 
        {"sofa" : 12,  "begin" : 2351,  "end" : 2353 }, 
        {"sofa" : 12,  "begin" : 2354,  "end" : 2356 }, 
        {"sofa" : 12,  "begin" : 2357,  "end" : 2363 }, 
        {"sofa" : 12,  "begin" : 2364,  "end" : 2367 }, 
        {"sofa" : 12,  "begin" : 2368,  "end" : 2370 }, 
        {"sofa" : 12,  "begin" : 2371,  "end" : 2375 }, 
        {"sofa" : 12,  "begin" : 2376,  "end" : 2379 }, 
        {"sofa" : 12,  "begin" : 2380,  "end" : 2390 }, 
        {"sofa" : 12,  "begin" : 2391,  "end" : 2393 }, 
        {"sofa" : 12,  "begin" : 2394,  "end" : 2404 }, 
        {"sofa" : 12,  "begin" : 2405,  "end" : 2412 }, 
        {"sofa" : 12,  "begin" : 2413,  "end" : 2415 }, 
        {"sofa" : 12,  "begin" : 2416,  "end" : 2423 }, 
        {"sofa" : 12,  "begin" : 2424,  "end" : 2428 }, 
        {"sofa" : 12,  "begin" : 2429,  "end" : 2434 }, 
        {"sofa" : 12,  "begin" : 2434,  "end" : 2435 }, 
        {"sofa" : 12,  "begin" : 2436,  "end" : 2442 }, 
        {"sofa" : 12,  "begin" : 2442,  "end" : 2443 }, 
        {"sofa" : 12,  "begin" : 2444,  "end" : 2448 }, 
        {"sofa" : 12,  "begin" : 2449,  "end" : 2456 }, 
        {"sofa" : 12,  "begin" : 2456,  "end" : 2457 }, 
        {"sofa" : 12,  "begin" : 2459,  "end" : 2460 }, 
        {"sofa" : 12,  "begin" : 2460,  "end" : 2462 }, 
        {"sofa" : 12,  "begin" : 2462,  "end" : 2463 }, 
        {"sofa" : 12,  "begin" : 2463,  "end" : 2464 }, 
        {"sofa" : 12,  "begin" : 2465,  "end" : 2470 }, 
        {"sofa" : 12,  "begin" : 2471,  "end" : 2473 }, 
        {"sofa" : 12,  "begin" : 2474,  "end" : 2481 }, 
        {"sofa" : 12,  "begin" : 2482,  "end" : 2484 }, 
        {"sofa" : 12,  "begin" : 2485,  "end" : 2490 }, 
        {"sofa" : 12,  "begin" : 2491,  "end" : 2492 }, 
        {"sofa" : 12,  "begin" : 2493,  "end" : 2496 }, 
        {"sofa" : 12,  "begin" : 2497,  "end" : 2499 }, 
        {"sofa" : 12,  "begin" : 2500,  "end" : 2507 }, 
        {"sofa" : 12,  "begin" : 2508,  "end" : 2515 }, 
        {"sofa" : 12,  "begin" : 2516,  "end" : 2522 }, 
        {"sofa" : 12,  "begin" : 2522,  "end" : 2523 }, 
        {"sofa" : 12,  "begin" : 2524,  "end" : 2526 }, 
        {"sofa" : 12,  "begin" : 2527,  "end" : 2530 }, 
        {"sofa" : 12,  "begin" : 2531,  "end" : 2534 }, 
        {"sofa" : 12,  "begin" : 2535,  "end" : 2537 }, 
        {"sofa" : 12,  "begin" : 2538,  "end" : 2541 }, 
        {"sofa" : 12,  "begin" : 2542,  "end" : 2543 }, 
        {"sofa" : 12,  "begin" : 2543,  "end" : 2548 }, 
        {"sofa" : 12,  "begin" : 2548,  "end" : 2549 }, 
        {"sofa" : 12,  "begin" : 2549,  "end" : 2550 }, 
        {"sofa" : 12,  "begin" : 2551,  "end" : 2554 }, 
        {"sofa" : 12,  "begin" : 2555,  "end" : 2559 }, 
        {"sofa" : 12,  "begin" : 2560,  "end" : 2561 }, 
        {"sofa" : 12,  "begin" : 2562,  "end" : 2568 }, 
        {"sofa" : 12,  "begin" : 2569,  "end" : 2571 }, 
        {"sofa" : 12,  "begin" : 2572,  "end" : 2577 }, 
        {"sofa" : 12,  "begin" : 2578,  "end" : 2581 }, 
        {"sofa" : 12,  "begin" : 2582,  "end" : 2585 }, 
        {"sofa" : 12,  "begin" : 2585,  "end" : 2586 }, 
        {"sofa" : 12,  "begin" : 2588,  "end" : 2589 }, 
        {"sofa" : 12,  "begin" : 2589,  "end" : 2591 }, 
        {"sofa" : 12,  "begin" : 2591,  "end" : 2592 }, 
        {"sofa" : 12,  "begin" : 2592,  "end" : 2593 }, 
        {"sofa" : 12,  "begin" : 2594,  "end" : 2599 }, 
        {"sofa" : 12,  "begin" : 2600,  "end" : 2604 }, 
        {"sofa" : 12,  "begin" : 2605,  "end" : 2610 }, 
        {"sofa" : 12,  "begin" : 2611,  "end" : 2613 }, 
        {"sofa" : 12,  "begin" : 2614,  "end" : 2617 }, 
        {"sofa" : 12,  "begin" : 2618,  "end" : 2621 }, 
        {"sofa" : 12,  "begin" : 2622,  "end" : 2626 }, 
        {"sofa" : 12,  "begin" : 2626,  "end" : 2627 }, 
        {"sofa" : 12,  "begin" : 2628,  "end" : 2632 }, 
        {"sofa" : 12,  "begin" : 2633,  "end" : 2635 }, 
        {"sofa" : 12,  "begin" : 2636,  "end" : 2641 }, 
        {"sofa" : 12,  "begin" : 2641,  "end" : 2642 }, 
        {"sofa" : 12,  "begin" : 2644,  "end" : 2645 }, 
        {"sofa" : 12,  "begin" : 2645,  "end" : 2647 }, 
        {"sofa" : 12,  "begin" : 2647,  "end" : 2648 }, 
        {"sofa" : 12,  "begin" : 2648,  "end" : 2649 }, 
        {"sofa" : 12,  "begin" : 2650,  "end" : 2655 }, 
        {"sofa" : 12,  "begin" : 2656,  "end" : 2661 }, 
        {"sofa" : 12,  "begin" : 2662,  "end" : 2666 }, 
        {"sofa" : 12,  "begin" : 2667,  "end" : 2671 }, 
        {"sofa" : 12,  "begin" : 2672,  "end" : 2673 }, 
        {"sofa" : 12,  "begin" : 2674,  "end" : 2678 }, 
        {"sofa" : 12,  "begin" : 2679,  "end" : 2681 }, 
        {"sofa" : 12,  "begin" : 2682,  "end" : 2688 }, 
        {"sofa" : 12,  "begin" : 2689,  "end" : 2691 }, 
        {"sofa" : 12,  "begin" : 2692,  "end" : 2695 }, 
        {"sofa" : 12,  "begin" : 2696,  "end" : 2697 }, 
        {"sofa" : 12,  "begin" : 2698,  "end" : 2701 }, 
        {"sofa" : 12,  "begin" : 2701,  "end" : 2702 }, 
        {"sofa" : 12,  "begin" : 2703,  "end" : 2706 }, 
        {"sofa" : 12,  "begin" : 2707,  "end" : 2712 }, 
        {"sofa" : 12,  "begin" : 2713,  "end" : 2721 }, 
        {"sofa" : 12,  "begin" : 2722,  "end" : 2725 }, 
        {"sofa" : 12,  "begin" : 2726,  "end" : 2733 }, 
        {"sofa" : 12,  "begin" : 2733,  "end" : 2734 }, 
        {"sofa" : 12,  "begin" : 2736,  "end" : 2737 }, 
        {"sofa" : 12,  "begin" : 2737,  "end" : 2739 }, 
        {"sofa" : 12,  "begin" : 2739,  "end" : 2740 }, 
        {"sofa" : 12,  "begin" : 2740,  "end" : 2741 }, 
        {"sofa" : 12,  "begin" : 2742,  "end" : 2745 }, 
        {"sofa" : 12,  "begin" : 2746,  "end" : 2750 }, 
        {"sofa" : 12,  "begin" : 2751,  "end" : 2755 }, 
        {"sofa" : 12,  "begin" : 2756,  "end" : 2760 }, 
        {"sofa" : 12,  "begin" : 2760,  "end" : 2761 }, 
        {"sofa" : 12,  "begin" : 2762,  "end" : 2764 }, 
        {"sofa" : 12,  "begin" : 2765,  "end" : 2770 }, 
        {"sofa" : 12,  "begin" : 2771,  "end" : 2772 }, 
        {"sofa" : 12,  "begin" : 2772,  "end" : 2773 }, 
        {"sofa" : 12,  "begin" : 2773,  "end" : 2774 }, 
        {"sofa" : 12,  "begin" : 2775,  "end" : 2778 }, 
        {"sofa" : 12,  "begin" : 2779,  "end" : 2781 }, 
        {"sofa" : 12,  "begin" : 2782,  "end" : 2788 }, 
        {"sofa" : 12,  "begin" : 2789,  "end" : 2793 }, 
        {"sofa" : 12,  "begin" : 2793,  "end" : 2794 }, 
        {"sofa" : 12,  "begin" : 2795,  "end" : 2800 }, 
        {"sofa" : 12,  "begin" : 2801,  "end" : 2804 }, 
        {"sofa" : 12,  "begin" : 2805,  "end" : 2809 }, 
        {"sofa" : 12,  "begin" : 2810,  "end" : 2815 }, 
        {"sofa" : 12,  "begin" : 2817,  "end" : 2818 }, 
        {"sofa" : 12,  "begin" : 2818,  "end" : 2820 }, 
        {"sofa" : 12,  "begin" : 2820,  "end" : 2821 }, 
        {"sofa" : 12,  "begin" : 2821,  "end" : 2822 }, 
        {"sofa" : 12,  "begin" : 2823,  "end" : 2831 }, 
        {"sofa" : 12,  "begin" : 2832,  "end" : 2836 }, 
        {"sofa" : 12,  "begin" : 2837,  "end" : 2841 }, 
        {"sofa" : 12,  "begin" : 2842,  "end" : 2843 }, 
        {"sofa" : 12,  "begin" : 2844,  "end" : 2847 }, 
        {"sofa" : 12,  "begin" : 2848,  "end" : 2849 }, 
        {"sofa" : 12,  "begin" : 2850,  "end" : 2853 }, 
        {"sofa" : 12,  "begin" : 2854,  "end" : 2857 }, 
        {"sofa" : 12,  "begin" : 2858,  "end" : 2869 }, 
        {"sofa" : 12,  "begin" : 2870,  "end" : 2873 }, 
        {"sofa" : 12,  "begin" : 2874,  "end" : 2879 }, 
        {"sofa" : 12,  "begin" : 2880,  "end" : 2888 }, 
        {"sofa" : 12,  "begin" : 2888,  "end" : 2889 }, 
        {"sofa" : 12,  "begin" : 2890,  "end" : 2896 }, 
        {"sofa" : 12,  "begin" : 2897,  "end" : 2906 }, 
        {"sofa" : 12,  "begin" : 2907,  "end" : 2911 }, 
        {"sofa" : 12,  "begin" : 2912,  "end" : 2915 }, 
        {"sofa" : 12,  "begin" : 2916,  "end" : 2920 }, 
        {"sofa" : 12,  "begin" : 2921,  "end" : 2923 }, 
        {"sofa" : 12,  "begin" : 2924,  "end" : 2928 }, 
        {"sofa" : 12,  "begin" : 2929,  "end" : 2932 }, 
        {"sofa" : 12,  "begin" : 2933,  "end" : 2937 }, 
        {"sofa" : 12,  "begin" : 2938,  "end" : 2941 }, 
        {"sofa" : 12,  "begin" : 2942,  "end" : 2950 }, 
        {"sofa" : 12,  "begin" : 2951,  "end" : 2955 }, 
        {"sofa" : 12,  "begin" : 2955,  "end" : 2956 }, 
        {"sofa" : 12,  "begin" : 2958,  "end" : 2964 }, 
        {"sofa" : 12,  "begin" : 2964,  "end" : 2965 }, 
        {"sofa" : 12,  "begin" : 2966,  "end" : 2968 }, 
        {"sofa" : 12,  "begin" : 2969,  "end" : 2974 } ], 
      "Persuasive_Labels" : [
        {"sofa" : 12,  "begin" : 375,  "end" : 542,  "BiasedReasoningtoMakeaConclusion" : "lack of evidence or use unverified and incomplete evidence to make a claim" }, 
        {"sofa" : 12,  "begin" : 375,  "end" : 542,  "BiasedReasoningtoMakeaConclusion" : "biased reasoning to make a conclusion" }, 
        {"sofa" : 12,  "begin" : 703,  "end" : 748,  "EstablishingLegitimacy" : "Establishing Legitimacy" }, 
        {"sofa" : 12,  "begin" : 703,  "end" : 748,  "EstablishingLegitimacy" : "citing source to establish legitimacy_source verified to be made up" }, 
        {"sofa" : 12,  "begin" : 1251,  "end" : 1354,  "RhetoricalTricks" : "rhetorical tricks" }, 
        {"sofa" : 12,  "begin" : 1328,  "end" : 1355,  "RhetoricalTricks" : "exaggeration/absolute language" }, 
        {"sofa" : 12,  "begin" : 1447,  "end" : 2956,  "BiasedReasoningtoMakeaConclusion" : "biased reasoning to make a conclusion" }, 
        {"sofa" : 12,  "begin" : 1447,  "end" : 2956,  "BiasedReasoningtoMakeaConclusion" : "lack of evidence or use unverified and incomplete evidence to make a claim" }, 
        {"sofa" : 12,  "begin" : 2958,  "end" : 2974,  "EstablishingLegitimacy" : "Establishing Legitimacy" }, 
        {"sofa" : 12,  "begin" : 2958,  "end" : 2974,  "EstablishingLegitimacy" : "citing source to establish legitimacy_source not verified" } ] } }, 
  "_referenced_fss" : {
    "12" : {"_type" : "Sofa",  "sofaNum" : 1,  "sofaID" : "_InitialView",  "mimeType" : "text",  "sofaString" : "﻿tron-01428 Lemons Kill Cancer Cells Better Than Chemotherapy\r\nSource: https://www.medisensehealth.com/view-more/Tips-for-Cancer-patients-and-people-to-avoid-cancer/1544105548 \r\nFact checking: https://www.truthorfiction.com/lemons-kill-cancer/ \r\nTips for Cancer patients and people to avoid cancer\r\nTo avoid cancer and after healing, may be these steps need to be followed.\r\n(1). First step is to stop all sugar intake, without sugar in your body, cancer cell would die a natural death. Avoid sweets, soda, donuts , muffins and sugary drinks!\r\n(2). Second step is to blend a whole lemon fruit with a cup of hot water and drink it for about 1-3 months first thing before food and cancer would disappear, research by Maryland College of Medicine says, it's 1000 times better than chemotherapy. Drinking hot lemon water can prevent cancer. Don't add sugar. Hot lemon water is more beneficial than cold lemon water.\r\n** Hot lemon water kills cancer cells - Drink hot lemon water daily! bitterness in hot lemon water is the best substance to kill cancer cells. So don't add sugar or honey. This type of Lemon extract treatment will only destroy the malignant cells, it does not affect healthy cells. This improves blood circulation and remove clots.\r\n(3). Third step is to drink 3 spoonfuls of organic coconut oil, morning and night and cancer would disappear. In India coconut oil is extensively used for deep fry vegetables or for seasoning spices.\r\n(4). Both yellow n purple sweet potato have good cancer prevention properties. ✍\r\n(5). Regularly having heavy dinner late night can increase the chance of stomach cancer. Dinner should be 2 hours before sleep time.\r\n(6). Eating chicken backside can cause stomach cancer .\r\n(7). Fruits should be eaten before food or meals.Best fruits Banana, Grape fruit, Peach\r\n(8). Ladies should not drink tea during menstruation period.\r\n(9). Drink a glass of plain water every morning before food to prevent gall bladder stones\r\n(10). Drink less liquor or avoid completely. It has no nutritional properties but can cause diabetes and hypertension\r\n(11). Do not eat toast bread when it is hot from oven or toaster , let it cool down a little.\r\n(12). Do not charge your hand phone/ cell phone or any device next to you when you are sleeping\r\n(13). Don't keep cell phone under pillow or bed when you are sleeping\r\n(14). It is better not to have any electrical or electronic devices in bedroom like modem, phones, WiFi routers.\r\n(15). Drink 10 glasses of water a day to prevent bladder cancer. If you are 60 kgs [120lb], you need 3 liters of water per day.\r\n(16). Drink more water in the day time, less at night.\r\n(17). Don't drink more than 2 cups of coffee or Tea a day, may cause insomnia and gastric.\r\n(18). Eat less oily food. It takes 5-7 hrs to digest them, makes you feel tired\r\n(20). Sleeping less than 8 hrs a day may deteriorate our brain function. Taking Afternoon rest for half an hour may keep our youthful look.\r\nSource: Dr Gupta\r\n" } } }