{"_context" : {
    "_types" : {
      "DocumentMetaData" : {
        "_feature_types" : {"sofa" : "_ref" } }, 
      "Persuasive_Labels" : {
        "_feature_types" : {"sofa" : "_ref" } }, 
      "Sentence" : {
        "_feature_types" : {"sofa" : "_ref" } }, 
      "Sofa" : {
        "_feature_types" : {"sofaArray" : "_ref" } }, 
      "TagsetDescription" : {
        "_feature_types" : {"sofa" : "_ref",  "tags" : "_ref" } }, 
      "Token" : {
        "_feature_types" : {"sofa" : "_ref",  "parent" : "_ref",  "lemma" : "_ref",  "stem" : "_ref",  "pos" : "_ref",  "morph" : "_ref",  "form" : "_ref" } }, 
      "DocumentAnnotation" : {
        "_feature_types" : {"sofa" : "_ref" }, 
        "_subtypes" : ["DocumentMetaData" ] }, 
      "Annotation" : {
        "_feature_types" : {"sofa" : "_ref" }, 
        "_subtypes" : ["DocumentAnnotation",  "Persuasive_Labels",  "Sentence",  "TagsetDescription",  "Token" ] }, 
      "AnnotationBase" : {
        "_feature_types" : {"sofa" : "_ref" }, 
        "_subtypes" : ["Annotation" ] }, 
      "TOP" : {
        "_subtypes" : ["AnnotationBase",  "Sofa" ] } } }, 
  "_views" : {
    "_InitialView" : {
      "DocumentMetaData" : [
        {"sofa" : 12,  "end" : 3882,  "language" : "x-unspecified",  "documentTitle" : "232.%20tron-01817%20Weight%20Loss%20Claims%20About%20Garcinia%20Cambogia.txt",  "documentId" : "admin",  "documentUri" : "file:/C:/Users/huiyi/.webanno/repository/project/4/document/594/source/admin",  "collectionId" : "file:/C:/Users/huiyi/.webanno/repository/project/4/document/594/source/",  "documentBaseUri" : "file:/C:/Users/huiyi/.webanno/repository/project/4/document/594/source/",  "isLastSegment" : false } ], 
      "TagsetDescription" : [
        {"sofa" : 12,  "layer" : "de.tudarmstadt.ukp.dkpro.core.api.syntax.type.dependency.Dependency",  "name" : "UD Universal Dependencies (v2)",  "input" : false }, 
        {"sofa" : 12,  "layer" : "de.tudarmstadt.ukp.dkpro.core.api.ner.type.NamedEntity",  "name" : "Named Entity tags",  "input" : false }, 
        {"sofa" : 12,  "layer" : "de.tudarmstadt.ukp.dkpro.core.api.transform.type.SofaChangeAnnotation",  "name" : "Operation",  "input" : false }, 
        {"sofa" : 12,  "layer" : "de.tudarmstadt.ukp.dkpro.core.api.lexmorph.type.pos.POS",  "name" : "UD Universal POS tags (v2)",  "input" : false }, 
        {"sofa" : 12,  "layer" : "webanno.custom.Persuasive_Labels",  "name" : "2. Using Anecdotes and Personal Experience as Evidence",  "input" : false } ], 
      "Sentence" : [
        {"sofa" : 12,  "end" : 410 }, 
        {"sofa" : 12,  "begin" : 411,  "end" : 507 }, 
        {"sofa" : 12,  "begin" : 508,  "end" : 667 }, 
        {"sofa" : 12,  "begin" : 669,  "end" : 816 }, 
        {"sofa" : 12,  "begin" : 817,  "end" : 939 }, 
        {"sofa" : 12,  "begin" : 941,  "end" : 1068 }, 
        {"sofa" : 12,  "begin" : 1069,  "end" : 1212 }, 
        {"sofa" : 12,  "begin" : 1214,  "end" : 1356 }, 
        {"sofa" : 12,  "begin" : 1357,  "end" : 1480 }, 
        {"sofa" : 12,  "begin" : 1482,  "end" : 1606 }, 
        {"sofa" : 12,  "begin" : 1607,  "end" : 1669 }, 
        {"sofa" : 12,  "begin" : 1670,  "end" : 1812 }, 
        {"sofa" : 12,  "begin" : 1814,  "end" : 1923 }, 
        {"sofa" : 12,  "begin" : 1924,  "end" : 1992 }, 
        {"sofa" : 12,  "begin" : 1993,  "end" : 2107 }, 
        {"sofa" : 12,  "begin" : 2109,  "end" : 2311 }, 
        {"sofa" : 12,  "begin" : 2312,  "end" : 2590 }, 
        {"sofa" : 12,  "begin" : 2592,  "end" : 2721 }, 
        {"sofa" : 12,  "begin" : 2722,  "end" : 2860 }, 
        {"sofa" : 12,  "begin" : 2862,  "end" : 2972 }, 
        {"sofa" : 12,  "begin" : 2973,  "end" : 3076 }, 
        {"sofa" : 12,  "begin" : 3078,  "end" : 3101 }, 
        {"sofa" : 12,  "begin" : 3103,  "end" : 3227 }, 
        {"sofa" : 12,  "begin" : 3228,  "end" : 3303 }, 
        {"sofa" : 12,  "begin" : 3305,  "end" : 3525 }, 
        {"sofa" : 12,  "begin" : 3526,  "end" : 3631 }, 
        {"sofa" : 12,  "begin" : 3633,  "end" : 3816 }, 
        {"sofa" : 12,  "begin" : 3818,  "end" : 3846 }, 
        {"sofa" : 12,  "begin" : 3847,  "end" : 3878 } ], 
      "Token" : [
        {"sofa" : 12,  "end" : 5 }, 
        {"sofa" : 12,  "begin" : 5,  "end" : 6 }, 
        {"sofa" : 12,  "begin" : 6,  "end" : 11 }, 
        {"sofa" : 12,  "begin" : 12,  "end" : 18 }, 
        {"sofa" : 12,  "begin" : 19,  "end" : 23 }, 
        {"sofa" : 12,  "begin" : 24,  "end" : 30 }, 
        {"sofa" : 12,  "begin" : 31,  "end" : 36 }, 
        {"sofa" : 12,  "begin" : 37,  "end" : 45 }, 
        {"sofa" : 12,  "begin" : 46,  "end" : 54 }, 
        {"sofa" : 12,  "begin" : 56,  "end" : 62 }, 
        {"sofa" : 12,  "begin" : 62,  "end" : 63 }, 
        {"sofa" : 12,  "begin" : 64,  "end" : 69 }, 
        {"sofa" : 12,  "begin" : 69,  "end" : 70 }, 
        {"sofa" : 12,  "begin" : 70,  "end" : 71 }, 
        {"sofa" : 12,  "begin" : 71,  "end" : 72 }, 
        {"sofa" : 12,  "begin" : 72,  "end" : 92 }, 
        {"sofa" : 12,  "begin" : 92,  "end" : 93 }, 
        {"sofa" : 12,  "begin" : 93,  "end" : 97 }, 
        {"sofa" : 12,  "begin" : 97,  "end" : 98 }, 
        {"sofa" : 12,  "begin" : 98,  "end" : 144 }, 
        {"sofa" : 12,  "begin" : 144,  "end" : 145 }, 
        {"sofa" : 12,  "begin" : 149,  "end" : 153 }, 
        {"sofa" : 12,  "begin" : 154,  "end" : 162 }, 
        {"sofa" : 12,  "begin" : 162,  "end" : 163 }, 
        {"sofa" : 12,  "begin" : 164,  "end" : 169 }, 
        {"sofa" : 12,  "begin" : 169,  "end" : 170 }, 
        {"sofa" : 12,  "begin" : 170,  "end" : 171 }, 
        {"sofa" : 12,  "begin" : 171,  "end" : 172 }, 
        {"sofa" : 12,  "begin" : 172,  "end" : 194 }, 
        {"sofa" : 12,  "begin" : 194,  "end" : 195 }, 
        {"sofa" : 12,  "begin" : 195,  "end" : 237 }, 
        {"sofa" : 12,  "begin" : 237,  "end" : 238 }, 
        {"sofa" : 12,  "begin" : 241,  "end" : 247 }, 
        {"sofa" : 12,  "begin" : 248,  "end" : 255 }, 
        {"sofa" : 12,  "begin" : 255,  "end" : 256 }, 
        {"sofa" : 12,  "begin" : 259,  "end" : 262 }, 
        {"sofa" : 12,  "begin" : 263,  "end" : 271 }, 
        {"sofa" : 12,  "begin" : 272,  "end" : 280 }, 
        {"sofa" : 12,  "begin" : 281,  "end" : 284 }, 
        {"sofa" : 12,  "begin" : 285,  "end" : 289 }, 
        {"sofa" : 12,  "begin" : 290,  "end" : 293 }, 
        {"sofa" : 12,  "begin" : 294,  "end" : 298 }, 
        {"sofa" : 12,  "begin" : 299,  "end" : 305 }, 
        {"sofa" : 12,  "begin" : 307,  "end" : 308 }, 
        {"sofa" : 12,  "begin" : 309,  "end" : 317 }, 
        {"sofa" : 12,  "begin" : 318,  "end" : 320 }, 
        {"sofa" : 12,  "begin" : 320,  "end" : 321 }, 
        {"sofa" : 12,  "begin" : 322,  "end" : 326 }, 
        {"sofa" : 12,  "begin" : 328,  "end" : 329 }, 
        {"sofa" : 12,  "begin" : 330,  "end" : 335 }, 
        {"sofa" : 12,  "begin" : 336,  "end" : 346 }, 
        {"sofa" : 12,  "begin" : 346,  "end" : 347 }, 
        {"sofa" : 12,  "begin" : 348,  "end" : 352 }, 
        {"sofa" : 12,  "begin" : 354,  "end" : 355 }, 
        {"sofa" : 12,  "begin" : 356,  "end" : 367 }, 
        {"sofa" : 12,  "begin" : 369,  "end" : 373 }, 
        {"sofa" : 12,  "begin" : 374,  "end" : 377 }, 
        {"sofa" : 12,  "begin" : 378,  "end" : 382 }, 
        {"sofa" : 12,  "begin" : 383,  "end" : 388 }, 
        {"sofa" : 12,  "begin" : 389,  "end" : 391 }, 
        {"sofa" : 12,  "begin" : 392,  "end" : 400 }, 
        {"sofa" : 12,  "begin" : 401,  "end" : 409 }, 
        {"sofa" : 12,  "begin" : 409,  "end" : 410 }, 
        {"sofa" : 12,  "begin" : 411,  "end" : 414 }, 
        {"sofa" : 12,  "begin" : 415,  "end" : 418 }, 
        {"sofa" : 12,  "begin" : 419,  "end" : 423 }, 
        {"sofa" : 12,  "begin" : 424,  "end" : 428 }, 
        {"sofa" : 12,  "begin" : 429,  "end" : 431 }, 
        {"sofa" : 12,  "begin" : 432,  "end" : 438 }, 
        {"sofa" : 12,  "begin" : 439,  "end" : 441 }, 
        {"sofa" : 12,  "begin" : 442,  "end" : 444 }, 
        {"sofa" : 12,  "begin" : 445,  "end" : 455 }, 
        {"sofa" : 12,  "begin" : 456,  "end" : 458 }, 
        {"sofa" : 12,  "begin" : 459,  "end" : 470 }, 
        {"sofa" : 12,  "begin" : 471,  "end" : 482 }, 
        {"sofa" : 12,  "begin" : 483,  "end" : 486 }, 
        {"sofa" : 12,  "begin" : 487,  "end" : 495 }, 
        {"sofa" : 12,  "begin" : 496,  "end" : 500 }, 
        {"sofa" : 12,  "begin" : 501,  "end" : 503 }, 
        {"sofa" : 12,  "begin" : 504,  "end" : 506 }, 
        {"sofa" : 12,  "begin" : 506,  "end" : 507 }, 
        {"sofa" : 12,  "begin" : 508,  "end" : 516 }, 
        {"sofa" : 12,  "begin" : 517,  "end" : 525 }, 
        {"sofa" : 12,  "begin" : 526,  "end" : 528 }, 
        {"sofa" : 12,  "begin" : 529,  "end" : 530 }, 
        {"sofa" : 12,  "begin" : 531,  "end" : 539 }, 
        {"sofa" : 12,  "begin" : 540,  "end" : 545 }, 
        {"sofa" : 12,  "begin" : 546,  "end" : 550 }, 
        {"sofa" : 12,  "begin" : 551,  "end" : 556 }, 
        {"sofa" : 12,  "begin" : 557,  "end" : 561 }, 
        {"sofa" : 12,  "begin" : 562,  "end" : 563 }, 
        {"sofa" : 12,  "begin" : 564,  "end" : 569 }, 
        {"sofa" : 12,  "begin" : 570,  "end" : 579 }, 
        {"sofa" : 12,  "begin" : 580,  "end" : 587 }, 
        {"sofa" : 12,  "begin" : 587,  "end" : 588 }, 
        {"sofa" : 12,  "begin" : 589,  "end" : 592 }, 
        {"sofa" : 12,  "begin" : 593,  "end" : 596 }, 
        {"sofa" : 12,  "begin" : 597,  "end" : 601 }, 
        {"sofa" : 12,  "begin" : 602,  "end" : 607 }, 
        {"sofa" : 12,  "begin" : 608,  "end" : 613 }, 
        {"sofa" : 12,  "begin" : 614,  "end" : 618 }, 
        {"sofa" : 12,  "begin" : 619,  "end" : 622 }, 
        {"sofa" : 12,  "begin" : 623,  "end" : 633 }, 
        {"sofa" : 12,  "begin" : 634,  "end" : 638 }, 
        {"sofa" : 12,  "begin" : 639,  "end" : 641 }, 
        {"sofa" : 12,  "begin" : 642,  "end" : 650 }, 
        {"sofa" : 12,  "begin" : 651,  "end" : 655 }, 
        {"sofa" : 12,  "begin" : 656,  "end" : 658 }, 
        {"sofa" : 12,  "begin" : 659,  "end" : 662 }, 
        {"sofa" : 12,  "begin" : 663,  "end" : 666 }, 
        {"sofa" : 12,  "begin" : 666,  "end" : 667 }, 
        {"sofa" : 12,  "begin" : 669,  "end" : 672 }, 
        {"sofa" : 12,  "begin" : 673,  "end" : 677 }, 
        {"sofa" : 12,  "begin" : 678,  "end" : 680 }, 
        {"sofa" : 12,  "begin" : 681,  "end" : 684 }, 
        {"sofa" : 12,  "begin" : 685,  "end" : 690 }, 
        {"sofa" : 12,  "begin" : 691,  "end" : 694 }, 
        {"sofa" : 12,  "begin" : 695,  "end" : 697 }, 
        {"sofa" : 12,  "begin" : 698,  "end" : 700 }, 
        {"sofa" : 12,  "begin" : 701,  "end" : 705 }, 
        {"sofa" : 12,  "begin" : 706,  "end" : 711 }, 
        {"sofa" : 12,  "begin" : 712,  "end" : 717 }, 
        {"sofa" : 12,  "begin" : 717,  "end" : 718 }, 
        {"sofa" : 12,  "begin" : 719,  "end" : 722 }, 
        {"sofa" : 12,  "begin" : 723,  "end" : 726 }, 
        {"sofa" : 12,  "begin" : 727,  "end" : 729 }, 
        {"sofa" : 12,  "begin" : 730,  "end" : 740 }, 
        {"sofa" : 12,  "begin" : 741,  "end" : 743 }, 
        {"sofa" : 12,  "begin" : 744,  "end" : 748 }, 
        {"sofa" : 12,  "begin" : 749,  "end" : 756 }, 
        {"sofa" : 12,  "begin" : 757,  "end" : 762 }, 
        {"sofa" : 12,  "begin" : 763,  "end" : 765 }, 
        {"sofa" : 12,  "begin" : 766,  "end" : 767 }, 
        {"sofa" : 12,  "begin" : 768,  "end" : 779 }, 
        {"sofa" : 12,  "begin" : 780,  "end" : 783 }, 
        {"sofa" : 12,  "begin" : 784,  "end" : 804 }, 
        {"sofa" : 12,  "begin" : 805,  "end" : 815 }, 
        {"sofa" : 12,  "begin" : 815,  "end" : 816 }, 
        {"sofa" : 12,  "begin" : 817,  "end" : 819 }, 
        {"sofa" : 12,  "begin" : 820,  "end" : 824 }, 
        {"sofa" : 12,  "begin" : 824,  "end" : 825 }, 
        {"sofa" : 12,  "begin" : 826,  "end" : 834 }, 
        {"sofa" : 12,  "begin" : 835,  "end" : 843 }, 
        {"sofa" : 12,  "begin" : 844,  "end" : 847 }, 
        {"sofa" : 12,  "begin" : 848,  "end" : 850 }, 
        {"sofa" : 12,  "begin" : 851,  "end" : 854 }, 
        {"sofa" : 12,  "begin" : 855,  "end" : 861 }, 
        {"sofa" : 12,  "begin" : 862,  "end" : 866 }, 
        {"sofa" : 12,  "begin" : 867,  "end" : 872 }, 
        {"sofa" : 12,  "begin" : 873,  "end" : 877 }, 
        {"sofa" : 12,  "begin" : 878,  "end" : 881 }, 
        {"sofa" : 12,  "begin" : 882,  "end" : 886 }, 
        {"sofa" : 12,  "begin" : 887,  "end" : 889 }, 
        {"sofa" : 12,  "begin" : 890,  "end" : 897 }, 
        {"sofa" : 12,  "begin" : 898,  "end" : 902 }, 
        {"sofa" : 12,  "begin" : 903,  "end" : 910 }, 
        {"sofa" : 12,  "begin" : 911,  "end" : 917 }, 
        {"sofa" : 12,  "begin" : 918,  "end" : 921 }, 
        {"sofa" : 12,  "begin" : 922,  "end" : 930 }, 
        {"sofa" : 12,  "begin" : 931,  "end" : 938 }, 
        {"sofa" : 12,  "begin" : 938,  "end" : 939 }, 
        {"sofa" : 12,  "begin" : 941,  "end" : 944 }, 
        {"sofa" : 12,  "begin" : 945,  "end" : 956 }, 
        {"sofa" : 12,  "begin" : 957,  "end" : 967 }, 
        {"sofa" : 12,  "begin" : 968,  "end" : 973 }, 
        {"sofa" : 12,  "begin" : 974,  "end" : 976 }, 
        {"sofa" : 12,  "begin" : 977,  "end" : 985 }, 
        {"sofa" : 12,  "begin" : 986,  "end" : 994 }, 
        {"sofa" : 12,  "begin" : 995,  "end" : 997 }, 
        {"sofa" : 12,  "begin" : 998,  "end" : 1004 }, 
        {"sofa" : 12,  "begin" : 1005,  "end" : 1018 }, 
        {"sofa" : 12,  "begin" : 1019,  "end" : 1023 }, 
        {"sofa" : 12,  "begin" : 1023,  "end" : 1024 }, 
        {"sofa" : 12,  "begin" : 1025,  "end" : 1027 }, 
        {"sofa" : 12,  "begin" : 1028,  "end" : 1031 }, 
        {"sofa" : 12,  "begin" : 1031,  "end" : 1032 }, 
        {"sofa" : 12,  "begin" : 1033,  "end" : 1038 }, 
        {"sofa" : 12,  "begin" : 1039,  "end" : 1041 }, 
        {"sofa" : 12,  "begin" : 1042,  "end" : 1047 }, 
        {"sofa" : 12,  "begin" : 1048,  "end" : 1050 }, 
        {"sofa" : 12,  "begin" : 1051,  "end" : 1054 }, 
        {"sofa" : 12,  "begin" : 1055,  "end" : 1062 }, 
        {"sofa" : 12,  "begin" : 1063,  "end" : 1067 }, 
        {"sofa" : 12,  "begin" : 1067,  "end" : 1068 }, 
        {"sofa" : 12,  "begin" : 1069,  "end" : 1073 }, 
        {"sofa" : 12,  "begin" : 1074,  "end" : 1081 }, 
        {"sofa" : 12,  "begin" : 1082,  "end" : 1086 }, 
        {"sofa" : 12,  "begin" : 1087,  "end" : 1095 }, 
        {"sofa" : 12,  "begin" : 1096,  "end" : 1099 }, 
        {"sofa" : 12,  "begin" : 1100,  "end" : 1103 }, 
        {"sofa" : 12,  "begin" : 1104,  "end" : 1109 }, 
        {"sofa" : 12,  "begin" : 1110,  "end" : 1114 }, 
        {"sofa" : 12,  "begin" : 1115,  "end" : 1117 }, 
        {"sofa" : 12,  "begin" : 1118,  "end" : 1121 }, 
        {"sofa" : 12,  "begin" : 1122,  "end" : 1126 }, 
        {"sofa" : 12,  "begin" : 1127,  "end" : 1131 }, 
        {"sofa" : 12,  "begin" : 1132,  "end" : 1143 }, 
        {"sofa" : 12,  "begin" : 1144,  "end" : 1152 }, 
        {"sofa" : 12,  "begin" : 1153,  "end" : 1156 }, 
        {"sofa" : 12,  "begin" : 1157,  "end" : 1163 }, 
        {"sofa" : 12,  "begin" : 1164,  "end" : 1167 }, 
        {"sofa" : 12,  "begin" : 1168,  "end" : 1171 }, 
        {"sofa" : 12,  "begin" : 1172,  "end" : 1178 }, 
        {"sofa" : 12,  "begin" : 1179,  "end" : 1181 }, 
        {"sofa" : 12,  "begin" : 1182,  "end" : 1186 }, 
        {"sofa" : 12,  "begin" : 1187,  "end" : 1193 }, 
        {"sofa" : 12,  "begin" : 1194,  "end" : 1197 }, 
        {"sofa" : 12,  "begin" : 1198,  "end" : 1201 }, 
        {"sofa" : 12,  "begin" : 1202,  "end" : 1211 }, 
        {"sofa" : 12,  "begin" : 1211,  "end" : 1212 }, 
        {"sofa" : 12,  "begin" : 1214,  "end" : 1217 }, 
        {"sofa" : 12,  "begin" : 1218,  "end" : 1226 }, 
        {"sofa" : 12,  "begin" : 1227,  "end" : 1235 }, 
        {"sofa" : 12,  "begin" : 1236,  "end" : 1241 }, 
        {"sofa" : 12,  "begin" : 1242,  "end" : 1246 }, 
        {"sofa" : 12,  "begin" : 1247,  "end" : 1253 }, 
        {"sofa" : 12,  "begin" : 1254,  "end" : 1258 }, 
        {"sofa" : 12,  "begin" : 1260,  "end" : 1265 }, 
        {"sofa" : 12,  "begin" : 1266,  "end" : 1269 }, 
        {"sofa" : 12,  "begin" : 1270,  "end" : 1275 }, 
        {"sofa" : 12,  "begin" : 1275,  "end" : 1276 }, 
        {"sofa" : 12,  "begin" : 1277,  "end" : 1285 }, 
        {"sofa" : 12,  "begin" : 1286,  "end" : 1294 }, 
        {"sofa" : 12,  "begin" : 1295,  "end" : 1298 }, 
        {"sofa" : 12,  "begin" : 1299,  "end" : 1303 }, 
        {"sofa" : 12,  "begin" : 1304,  "end" : 1311 }, 
        {"sofa" : 12,  "begin" : 1312,  "end" : 1314 }, 
        {"sofa" : 12,  "begin" : 1315,  "end" : 1316 }, 
        {"sofa" : 12,  "begin" : 1317,  "end" : 1328 }, 
        {"sofa" : 12,  "begin" : 1329,  "end" : 1332 }, 
        {"sofa" : 12,  "begin" : 1333,  "end" : 1344 }, 
        {"sofa" : 12,  "begin" : 1345,  "end" : 1355 }, 
        {"sofa" : 12,  "begin" : 1355,  "end" : 1356 }, 
        {"sofa" : 12,  "begin" : 1357,  "end" : 1361 }, 
        {"sofa" : 12,  "begin" : 1362,  "end" : 1369 }, 
        {"sofa" : 12,  "begin" : 1370,  "end" : 1374 }, 
        {"sofa" : 12,  "begin" : 1375,  "end" : 1387 }, 
        {"sofa" : 12,  "begin" : 1388,  "end" : 1393 }, 
        {"sofa" : 12,  "begin" : 1394,  "end" : 1398 }, 
        {"sofa" : 12,  "begin" : 1399,  "end" : 1405 }, 
        {"sofa" : 12,  "begin" : 1406,  "end" : 1409 }, 
        {"sofa" : 12,  "begin" : 1410,  "end" : 1414 }, 
        {"sofa" : 12,  "begin" : 1415,  "end" : 1423 }, 
        {"sofa" : 12,  "begin" : 1424,  "end" : 1432 }, 
        {"sofa" : 12,  "begin" : 1433,  "end" : 1437 }, 
        {"sofa" : 12,  "begin" : 1438,  "end" : 1442 }, 
        {"sofa" : 12,  "begin" : 1443,  "end" : 1449 }, 
        {"sofa" : 12,  "begin" : 1450,  "end" : 1454 }, 
        {"sofa" : 12,  "begin" : 1455,  "end" : 1460 }, 
        {"sofa" : 12,  "begin" : 1461,  "end" : 1464 }, 
        {"sofa" : 12,  "begin" : 1465,  "end" : 1471 }, 
        {"sofa" : 12,  "begin" : 1472,  "end" : 1476 }, 
        {"sofa" : 12,  "begin" : 1477,  "end" : 1479 }, 
        {"sofa" : 12,  "begin" : 1479,  "end" : 1480 }, 
        {"sofa" : 12,  "begin" : 1482,  "end" : 1490 }, 
        {"sofa" : 12,  "begin" : 1491,  "end" : 1499 }, 
        {"sofa" : 12,  "begin" : 1500,  "end" : 1503 }, 
        {"sofa" : 12,  "begin" : 1504,  "end" : 1508 }, 
        {"sofa" : 12,  "begin" : 1509,  "end" : 1510 }, 
        {"sofa" : 12,  "begin" : 1511,  "end" : 1517 }, 
        {"sofa" : 12,  "begin" : 1518,  "end" : 1524 }, 
        {"sofa" : 12,  "begin" : 1525,  "end" : 1530 }, 
        {"sofa" : 12,  "begin" : 1531,  "end" : 1534 }, 
        {"sofa" : 12,  "begin" : 1534,  "end" : 1535 }, 
        {"sofa" : 12,  "begin" : 1536,  "end" : 1545 }, 
        {"sofa" : 12,  "begin" : 1546,  "end" : 1554 }, 
        {"sofa" : 12,  "begin" : 1555,  "end" : 1560 }, 
        {"sofa" : 12,  "begin" : 1561,  "end" : 1564 }, 
        {"sofa" : 12,  "begin" : 1564,  "end" : 1565 }, 
        {"sofa" : 12,  "begin" : 1566,  "end" : 1568 }, 
        {"sofa" : 12,  "begin" : 1569,  "end" : 1581 }, 
        {"sofa" : 12,  "begin" : 1582,  "end" : 1584 }, 
        {"sofa" : 12,  "begin" : 1585,  "end" : 1586 }, 
        {"sofa" : 12,  "begin" : 1587,  "end" : 1599 }, 
        {"sofa" : 12,  "begin" : 1600,  "end" : 1605 }, 
        {"sofa" : 12,  "begin" : 1605,  "end" : 1606 }, 
        {"sofa" : 12,  "begin" : 1607,  "end" : 1612 }, 
        {"sofa" : 12,  "begin" : 1613,  "end" : 1617 }, 
        {"sofa" : 12,  "begin" : 1618,  "end" : 1620 }, 
        {"sofa" : 12,  "begin" : 1621,  "end" : 1625 }, 
        {"sofa" : 12,  "begin" : 1626,  "end" : 1633 }, 
        {"sofa" : 12,  "begin" : 1634,  "end" : 1642 }, 
        {"sofa" : 12,  "begin" : 1643,  "end" : 1645 }, 
        {"sofa" : 12,  "begin" : 1646,  "end" : 1649 }, 
        {"sofa" : 12,  "begin" : 1650,  "end" : 1655 }, 
        {"sofa" : 12,  "begin" : 1656,  "end" : 1668 }, 
        {"sofa" : 12,  "begin" : 1668,  "end" : 1669 }, 
        {"sofa" : 12,  "begin" : 1670,  "end" : 1673 }, 
        {"sofa" : 12,  "begin" : 1674,  "end" : 1678 }, 
        {"sofa" : 12,  "begin" : 1679,  "end" : 1686 }, 
        {"sofa" : 12,  "begin" : 1687,  "end" : 1691 }, 
        {"sofa" : 12,  "begin" : 1692,  "end" : 1696 }, 
        {"sofa" : 12,  "begin" : 1697,  "end" : 1702 }, 
        {"sofa" : 12,  "begin" : 1703,  "end" : 1705 }, 
        {"sofa" : 12,  "begin" : 1706,  "end" : 1711 }, 
        {"sofa" : 12,  "begin" : 1712,  "end" : 1714 }, 
        {"sofa" : 12,  "begin" : 1715,  "end" : 1721 }, 
        {"sofa" : 12,  "begin" : 1722,  "end" : 1725 }, 
        {"sofa" : 12,  "begin" : 1726,  "end" : 1736 }, 
        {"sofa" : 12,  "begin" : 1736,  "end" : 1737 }, 
        {"sofa" : 12,  "begin" : 1738,  "end" : 1741 }, 
        {"sofa" : 12,  "begin" : 1742,  "end" : 1745 }, 
        {"sofa" : 12,  "begin" : 1746,  "end" : 1751 }, 
        {"sofa" : 12,  "begin" : 1752,  "end" : 1757 }, 
        {"sofa" : 12,  "begin" : 1758,  "end" : 1760 }, 
        {"sofa" : 12,  "begin" : 1761,  "end" : 1762 }, 
        {"sofa" : 12,  "begin" : 1762,  "end" : 1769 }, 
        {"sofa" : 12,  "begin" : 1769,  "end" : 1770 }, 
        {"sofa" : 12,  "begin" : 1771,  "end" : 1777 }, 
        {"sofa" : 12,  "begin" : 1778,  "end" : 1780 }, 
        {"sofa" : 12,  "begin" : 1781,  "end" : 1788 }, 
        {"sofa" : 12,  "begin" : 1789,  "end" : 1792 }, 
        {"sofa" : 12,  "begin" : 1793,  "end" : 1796 }, 
        {"sofa" : 12,  "begin" : 1797,  "end" : 1801 }, 
        {"sofa" : 12,  "begin" : 1802,  "end" : 1811 }, 
        {"sofa" : 12,  "begin" : 1811,  "end" : 1812 }, 
        {"sofa" : 12,  "begin" : 1814,  "end" : 1821 }, 
        {"sofa" : 12,  "begin" : 1822,  "end" : 1829 }, 
        {"sofa" : 12,  "begin" : 1830,  "end" : 1835 }, 
        {"sofa" : 12,  "begin" : 1836,  "end" : 1840 }, 
        {"sofa" : 12,  "begin" : 1841,  "end" : 1844 }, 
        {"sofa" : 12,  "begin" : 1845,  "end" : 1848 }, 
        {"sofa" : 12,  "begin" : 1849,  "end" : 1853 }, 
        {"sofa" : 12,  "begin" : 1854,  "end" : 1860 }, 
        {"sofa" : 12,  "begin" : 1861,  "end" : 1864 }, 
        {"sofa" : 12,  "begin" : 1865,  "end" : 1869 }, 
        {"sofa" : 12,  "begin" : 1870,  "end" : 1873 }, 
        {"sofa" : 12,  "begin" : 1874,  "end" : 1878 }, 
        {"sofa" : 12,  "begin" : 1879,  "end" : 1885 }, 
        {"sofa" : 12,  "begin" : 1886,  "end" : 1888 }, 
        {"sofa" : 12,  "begin" : 1889,  "end" : 1899 }, 
        {"sofa" : 12,  "begin" : 1900,  "end" : 1909 }, 
        {"sofa" : 12,  "begin" : 1910,  "end" : 1912 }, 
        {"sofa" : 12,  "begin" : 1913,  "end" : 1916 }, 
        {"sofa" : 12,  "begin" : 1917,  "end" : 1922 }, 
        {"sofa" : 12,  "begin" : 1922,  "end" : 1923 }, 
        {"sofa" : 12,  "begin" : 1924,  "end" : 1928 }, 
        {"sofa" : 12,  "begin" : 1929,  "end" : 1934 }, 
        {"sofa" : 12,  "begin" : 1935,  "end" : 1936 }, 
        {"sofa" : 12,  "begin" : 1937,  "end" : 1943 }, 
        {"sofa" : 12,  "begin" : 1944,  "end" : 1948 }, 
        {"sofa" : 12,  "begin" : 1949,  "end" : 1953 }, 
        {"sofa" : 12,  "begin" : 1954,  "end" : 1957 }, 
        {"sofa" : 12,  "begin" : 1958,  "end" : 1961 }, 
        {"sofa" : 12,  "begin" : 1962,  "end" : 1966 }, 
        {"sofa" : 12,  "begin" : 1967,  "end" : 1971 }, 
        {"sofa" : 12,  "begin" : 1972,  "end" : 1983 }, 
        {"sofa" : 12,  "begin" : 1984,  "end" : 1991 }, 
        {"sofa" : 12,  "begin" : 1991,  "end" : 1992 }, 
        {"sofa" : 12,  "begin" : 1993,  "end" : 2000 }, 
        {"sofa" : 12,  "begin" : 2000,  "end" : 2001 }, 
        {"sofa" : 12,  "begin" : 2002,  "end" : 2010 }, 
        {"sofa" : 12,  "begin" : 2011,  "end" : 2019 }, 
        {"sofa" : 12,  "begin" : 2020,  "end" : 2023 }, 
        {"sofa" : 12,  "begin" : 2024,  "end" : 2029 }, 
        {"sofa" : 12,  "begin" : 2030,  "end" : 2032 }, 
        {"sofa" : 12,  "begin" : 2033,  "end" : 2035 }, 
        {"sofa" : 12,  "begin" : 2036,  "end" : 2040 }, 
        {"sofa" : 12,  "begin" : 2041,  "end" : 2050 }, 
        {"sofa" : 12,  "begin" : 2051,  "end" : 2055 }, 
        {"sofa" : 12,  "begin" : 2056,  "end" : 2057 }, 
        {"sofa" : 12,  "begin" : 2058,  "end" : 2065 }, 
        {"sofa" : 12,  "begin" : 2066,  "end" : 2068 }, 
        {"sofa" : 12,  "begin" : 2069,  "end" : 2080 }, 
        {"sofa" : 12,  "begin" : 2081,  "end" : 2089 }, 
        {"sofa" : 12,  "begin" : 2090,  "end" : 2093 }, 
        {"sofa" : 12,  "begin" : 2094,  "end" : 2102 }, 
        {"sofa" : 12,  "begin" : 2103,  "end" : 2106 }, 
        {"sofa" : 12,  "begin" : 2106,  "end" : 2107 }, 
        {"sofa" : 12,  "begin" : 2109,  "end" : 2117 }, 
        {"sofa" : 12,  "begin" : 2118,  "end" : 2126 }, 
        {"sofa" : 12,  "begin" : 2127,  "end" : 2131 }, 
        {"sofa" : 12,  "begin" : 2132,  "end" : 2140 }, 
        {"sofa" : 12,  "begin" : 2141,  "end" : 2149 }, 
        {"sofa" : 12,  "begin" : 2151,  "end" : 2153 }, 
        {"sofa" : 12,  "begin" : 2154,  "end" : 2157 }, 
        {"sofa" : 12,  "begin" : 2158,  "end" : 2161 }, 
        {"sofa" : 12,  "begin" : 2162,  "end" : 2170 }, 
        {"sofa" : 12,  "begin" : 2171,  "end" : 2182 }, 
        {"sofa" : 12,  "begin" : 2182,  "end" : 2183 }, 
        {"sofa" : 12,  "begin" : 2184,  "end" : 2189 }, 
        {"sofa" : 12,  "begin" : 2190,  "end" : 2192 }, 
        {"sofa" : 12,  "begin" : 2193,  "end" : 2198 }, 
        {"sofa" : 12,  "begin" : 2199,  "end" : 2201 }, 
        {"sofa" : 12,  "begin" : 2202,  "end" : 2205 }, 
        {"sofa" : 12,  "begin" : 2206,  "end" : 2214 }, 
        {"sofa" : 12,  "begin" : 2215,  "end" : 2223 }, 
        {"sofa" : 12,  "begin" : 2224,  "end" : 2228 }, 
        {"sofa" : 12,  "begin" : 2229,  "end" : 2239 }, 
        {"sofa" : 12,  "begin" : 2240,  "end" : 2250 }, 
        {"sofa" : 12,  "begin" : 2250,  "end" : 2251 }, 
        {"sofa" : 12,  "begin" : 2252,  "end" : 2255 }, 
        {"sofa" : 12,  "begin" : 2256,  "end" : 2261 }, 
        {"sofa" : 12,  "begin" : 2262,  "end" : 2264 }, 
        {"sofa" : 12,  "begin" : 2265,  "end" : 2269 }, 
        {"sofa" : 12,  "begin" : 2270,  "end" : 2281 }, 
        {"sofa" : 12,  "begin" : 2282,  "end" : 2293 }, 
        {"sofa" : 12,  "begin" : 2294,  "end" : 2302 }, 
        {"sofa" : 12,  "begin" : 2303,  "end" : 2305 }, 
        {"sofa" : 12,  "begin" : 2306,  "end" : 2310 }, 
        {"sofa" : 12,  "begin" : 2310,  "end" : 2311 }, 
        {"sofa" : 12,  "begin" : 2312,  "end" : 2315 }, 
        {"sofa" : 12,  "begin" : 2316,  "end" : 2321 }, 
        {"sofa" : 12,  "begin" : 2322,  "end" : 2327 }, 
        {"sofa" : 12,  "begin" : 2328,  "end" : 2332 }, 
        {"sofa" : 12,  "begin" : 2333,  "end" : 2338 }, 
        {"sofa" : 12,  "begin" : 2339,  "end" : 2340 }, 
        {"sofa" : 12,  "begin" : 2341,  "end" : 2346 }, 
        {"sofa" : 12,  "begin" : 2346,  "end" : 2347 }, 
        {"sofa" : 12,  "begin" : 2348,  "end" : 2354 }, 
        {"sofa" : 12,  "begin" : 2355,  "end" : 2358 }, 
        {"sofa" : 12,  "begin" : 2359,  "end" : 2363 }, 
        {"sofa" : 12,  "begin" : 2364,  "end" : 2367 }, 
        {"sofa" : 12,  "begin" : 2368,  "end" : 2378 }, 
        {"sofa" : 12,  "begin" : 2379,  "end" : 2382 }, 
        {"sofa" : 12,  "begin" : 2383,  "end" : 2393 }, 
        {"sofa" : 12,  "begin" : 2394,  "end" : 2396 }, 
        {"sofa" : 12,  "begin" : 2396,  "end" : 2397 }, 
        {"sofa" : 12,  "begin" : 2399,  "end" : 2400 }, 
        {"sofa" : 12,  "begin" : 2401,  "end" : 2405 }, 
        {"sofa" : 12,  "begin" : 2406,  "end" : 2412 }, 
        {"sofa" : 12,  "begin" : 2413,  "end" : 2416 }, 
        {"sofa" : 12,  "begin" : 2417,  "end" : 2420 }, 
        {"sofa" : 12,  "begin" : 2422,  "end" : 2423 }, 
        {"sofa" : 12,  "begin" : 2424,  "end" : 2428 }, 
        {"sofa" : 12,  "begin" : 2429,  "end" : 2435 }, 
        {"sofa" : 12,  "begin" : 2437,  "end" : 2438 }, 
        {"sofa" : 12,  "begin" : 2439,  "end" : 2444 }, 
        {"sofa" : 12,  "begin" : 2445,  "end" : 2456 }, 
        {"sofa" : 12,  "begin" : 2458,  "end" : 2459 }, 
        {"sofa" : 12,  "begin" : 2460,  "end" : 2463 }, 
        {"sofa" : 12,  "begin" : 2464,  "end" : 2465 }, 
        {"sofa" : 12,  "begin" : 2465,  "end" : 2468 }, 
        {"sofa" : 12,  "begin" : 2468,  "end" : 2469 }, 
        {"sofa" : 12,  "begin" : 2470,  "end" : 2481 }, 
        {"sofa" : 12,  "begin" : 2483,  "end" : 2484 }, 
        {"sofa" : 12,  "begin" : 2485,  "end" : 2498 }, 
        {"sofa" : 12,  "begin" : 2500,  "end" : 2509 }, 
        {"sofa" : 12,  "begin" : 2509,  "end" : 2510 }, 
        {"sofa" : 12,  "begin" : 2511,  "end" : 2516 }, 
        {"sofa" : 12,  "begin" : 2517,  "end" : 2521 }, 
        {"sofa" : 12,  "begin" : 2522,  "end" : 2528 }, 
        {"sofa" : 12,  "begin" : 2529,  "end" : 2532 }, 
        {"sofa" : 12,  "begin" : 2533,  "end" : 2542 }, 
        {"sofa" : 12,  "begin" : 2543,  "end" : 2545 }, 
        {"sofa" : 12,  "begin" : 2546,  "end" : 2549 }, 
        {"sofa" : 12,  "begin" : 2550,  "end" : 2551 }, 
        {"sofa" : 12,  "begin" : 2551,  "end" : 2555 }, 
        {"sofa" : 12,  "begin" : 2555,  "end" : 2556 }, 
        {"sofa" : 12,  "begin" : 2557,  "end" : 2568 }, 
        {"sofa" : 12,  "begin" : 2569,  "end" : 2572 }, 
        {"sofa" : 12,  "begin" : 2573,  "end" : 2582 }, 
        {"sofa" : 12,  "begin" : 2583,  "end" : 2589 }, 
        {"sofa" : 12,  "begin" : 2589,  "end" : 2590 }, 
        {"sofa" : 12,  "begin" : 2592,  "end" : 2595 }, 
        {"sofa" : 12,  "begin" : 2596,  "end" : 2604 }, 
        {"sofa" : 12,  "begin" : 2605,  "end" : 2613 }, 
        {"sofa" : 12,  "begin" : 2614,  "end" : 2620 }, 
        {"sofa" : 12,  "begin" : 2621,  "end" : 2625 }, 
        {"sofa" : 12,  "begin" : 2626,  "end" : 2632 }, 
        {"sofa" : 12,  "begin" : 2634,  "end" : 2641 }, 
        {"sofa" : 12,  "begin" : 2642,  "end" : 2649 }, 
        {"sofa" : 12,  "begin" : 2650,  "end" : 2654 }, 
        {"sofa" : 12,  "begin" : 2655,  "end" : 2660 }, 
        {"sofa" : 12,  "begin" : 2661,  "end" : 2665 }, 
        {"sofa" : 12,  "begin" : 2666,  "end" : 2674 }, 
        {"sofa" : 12,  "begin" : 2675,  "end" : 2683 }, 
        {"sofa" : 12,  "begin" : 2684,  "end" : 2689 }, 
        {"sofa" : 12,  "begin" : 2690,  "end" : 2695 }, 
        {"sofa" : 12,  "begin" : 2696,  "end" : 2701 }, 
        {"sofa" : 12,  "begin" : 2702,  "end" : 2713 }, 
        {"sofa" : 12,  "begin" : 2714,  "end" : 2720 }, 
        {"sofa" : 12,  "begin" : 2720,  "end" : 2721 }, 
        {"sofa" : 12,  "begin" : 2722,  "end" : 2724 }, 
        {"sofa" : 12,  "begin" : 2725,  "end" : 2729 }, 
        {"sofa" : 12,  "begin" : 2729,  "end" : 2730 }, 
        {"sofa" : 12,  "begin" : 2731,  "end" : 2739 }, 
        {"sofa" : 12,  "begin" : 2740,  "end" : 2748 }, 
        {"sofa" : 12,  "begin" : 2749,  "end" : 2752 }, 
        {"sofa" : 12,  "begin" : 2753,  "end" : 2758 }, 
        {"sofa" : 12,  "begin" : 2759,  "end" : 2761 }, 
        {"sofa" : 12,  "begin" : 2762,  "end" : 2764 }, 
        {"sofa" : 12,  "begin" : 2765,  "end" : 2769 }, 
        {"sofa" : 12,  "begin" : 2770,  "end" : 2779 }, 
        {"sofa" : 12,  "begin" : 2780,  "end" : 2784 }, 
        {"sofa" : 12,  "begin" : 2785,  "end" : 2790 }, 
        {"sofa" : 12,  "begin" : 2791,  "end" : 2796 }, 
        {"sofa" : 12,  "begin" : 2797,  "end" : 2807 }, 
        {"sofa" : 12,  "begin" : 2808,  "end" : 2810 }, 
        {"sofa" : 12,  "begin" : 2811,  "end" : 2819 }, 
        {"sofa" : 12,  "begin" : 2820,  "end" : 2831 }, 
        {"sofa" : 12,  "begin" : 2831,  "end" : 2832 }, 
        {"sofa" : 12,  "begin" : 2833,  "end" : 2840 }, 
        {"sofa" : 12,  "begin" : 2841,  "end" : 2846 }, 
        {"sofa" : 12,  "begin" : 2847,  "end" : 2851 }, 
        {"sofa" : 12,  "begin" : 2852,  "end" : 2859 }, 
        {"sofa" : 12,  "begin" : 2859,  "end" : 2860 }, 
        {"sofa" : 12,  "begin" : 2862,  "end" : 2870 }, 
        {"sofa" : 12,  "begin" : 2871,  "end" : 2879 }, 
        {"sofa" : 12,  "begin" : 2880,  "end" : 2882 }, 
        {"sofa" : 12,  "begin" : 2883,  "end" : 2887 }, 
        {"sofa" : 12,  "begin" : 2888,  "end" : 2893 }, 
        {"sofa" : 12,  "begin" : 2894,  "end" : 2896 }, 
        {"sofa" : 12,  "begin" : 2897,  "end" : 2901 }, 
        {"sofa" : 12,  "begin" : 2902,  "end" : 2919 }, 
        {"sofa" : 12,  "begin" : 2920,  "end" : 2925 }, 
        {"sofa" : 12,  "begin" : 2925,  "end" : 2926 }, 
        {"sofa" : 12,  "begin" : 2927,  "end" : 2929 }, 
        {"sofa" : 12,  "begin" : 2930,  "end" : 2934 }, 
        {"sofa" : 12,  "begin" : 2935,  "end" : 2937 }, 
        {"sofa" : 12,  "begin" : 2938,  "end" : 2941 }, 
        {"sofa" : 12,  "begin" : 2942,  "end" : 2949 }, 
        {"sofa" : 12,  "begin" : 2950,  "end" : 2952 }, 
        {"sofa" : 12,  "begin" : 2953,  "end" : 2959 }, 
        {"sofa" : 12,  "begin" : 2960,  "end" : 2965 }, 
        {"sofa" : 12,  "begin" : 2966,  "end" : 2971 }, 
        {"sofa" : 12,  "begin" : 2971,  "end" : 2972 }, 
        {"sofa" : 12,  "begin" : 2973,  "end" : 2975 }, 
        {"sofa" : 12,  "begin" : 2976,  "end" : 2979 }, 
        {"sofa" : 12,  "begin" : 2980,  "end" : 2981 }, 
        {"sofa" : 12,  "begin" : 2982,  "end" : 2992 }, 
        {"sofa" : 12,  "begin" : 2993,  "end" : 2999 }, 
        {"sofa" : 12,  "begin" : 3000,  "end" : 3002 }, 
        {"sofa" : 12,  "begin" : 3003,  "end" : 3006 }, 
        {"sofa" : 12,  "begin" : 3007,  "end" : 3016 }, 
        {"sofa" : 12,  "begin" : 3017,  "end" : 3022 }, 
        {"sofa" : 12,  "begin" : 3022,  "end" : 3023 }, 
        {"sofa" : 12,  "begin" : 3024,  "end" : 3029 }, 
        {"sofa" : 12,  "begin" : 3030,  "end" : 3033 }, 
        {"sofa" : 12,  "begin" : 3034,  "end" : 3038 }, 
        {"sofa" : 12,  "begin" : 3039,  "end" : 3046 }, 
        {"sofa" : 12,  "begin" : 3047,  "end" : 3055 }, 
        {"sofa" : 12,  "begin" : 3056,  "end" : 3060 }, 
        {"sofa" : 12,  "begin" : 3061,  "end" : 3068 }, 
        {"sofa" : 12,  "begin" : 3069,  "end" : 3075 }, 
        {"sofa" : 12,  "begin" : 3075,  "end" : 3076 }, 
        {"sofa" : 12,  "begin" : 3078,  "end" : 3081 }, 
        {"sofa" : 12,  "begin" : 3082,  "end" : 3087 }, 
        {"sofa" : 12,  "begin" : 3088,  "end" : 3092 }, 
        {"sofa" : 12,  "begin" : 3093,  "end" : 3100 }, 
        {"sofa" : 12,  "begin" : 3100,  "end" : 3101 }, 
        {"sofa" : 12,  "begin" : 3103,  "end" : 3108 }, 
        {"sofa" : 12,  "begin" : 3109,  "end" : 3113 }, 
        {"sofa" : 12,  "begin" : 3114,  "end" : 3125 }, 
        {"sofa" : 12,  "begin" : 3126,  "end" : 3137 }, 
        {"sofa" : 12,  "begin" : 3138,  "end" : 3142 }, 
        {"sofa" : 12,  "begin" : 3143,  "end" : 3150 }, 
        {"sofa" : 12,  "begin" : 3151,  "end" : 3155 }, 
        {"sofa" : 12,  "begin" : 3156,  "end" : 3160 }, 
        {"sofa" : 12,  "begin" : 3161,  "end" : 3166 }, 
        {"sofa" : 12,  "begin" : 3167,  "end" : 3169 }, 
        {"sofa" : 12,  "begin" : 3170,  "end" : 3172 }, 
        {"sofa" : 12,  "begin" : 3173,  "end" : 3179 }, 
        {"sofa" : 12,  "begin" : 3179,  "end" : 3180 }, 
        {"sofa" : 12,  "begin" : 3181,  "end" : 3189 }, 
        {"sofa" : 12,  "begin" : 3190,  "end" : 3198 }, 
        {"sofa" : 12,  "begin" : 3199,  "end" : 3203 }, 
        {"sofa" : 12,  "begin" : 3204,  "end" : 3207 }, 
        {"sofa" : 12,  "begin" : 3208,  "end" : 3212 }, 
        {"sofa" : 12,  "begin" : 3213,  "end" : 3216 }, 
        {"sofa" : 12,  "begin" : 3217,  "end" : 3221 }, 
        {"sofa" : 12,  "begin" : 3222,  "end" : 3226 }, 
        {"sofa" : 12,  "begin" : 3226,  "end" : 3227 }, 
        {"sofa" : 12,  "begin" : 3228,  "end" : 3236 }, 
        {"sofa" : 12,  "begin" : 3237,  "end" : 3242 }, 
        {"sofa" : 12,  "begin" : 3243,  "end" : 3247 }, 
        {"sofa" : 12,  "begin" : 3248,  "end" : 3256 }, 
        {"sofa" : 12,  "begin" : 3257,  "end" : 3265 }, 
        {"sofa" : 12,  "begin" : 3266,  "end" : 3268 }, 
        {"sofa" : 12,  "begin" : 3269,  "end" : 3273 }, 
        {"sofa" : 12,  "begin" : 3274,  "end" : 3278 }, 
        {"sofa" : 12,  "begin" : 3279,  "end" : 3284 }, 
        {"sofa" : 12,  "begin" : 3285,  "end" : 3287 }, 
        {"sofa" : 12,  "begin" : 3288,  "end" : 3294 }, 
        {"sofa" : 12,  "begin" : 3295,  "end" : 3302 }, 
        {"sofa" : 12,  "begin" : 3302,  "end" : 3303 }, 
        {"sofa" : 12,  "begin" : 3305,  "end" : 3308 }, 
        {"sofa" : 12,  "begin" : 3309,  "end" : 3311 }, 
        {"sofa" : 12,  "begin" : 3312,  "end" : 3316 }, 
        {"sofa" : 12,  "begin" : 3317,  "end" : 3320 }, 
        {"sofa" : 12,  "begin" : 3321,  "end" : 3332 }, 
        {"sofa" : 12,  "begin" : 3333,  "end" : 3343 }, 
        {"sofa" : 12,  "begin" : 3343,  "end" : 3344 }, 
        {"sofa" : 12,  "begin" : 3345,  "end" : 3348 }, 
        {"sofa" : 12,  "begin" : 3349,  "end" : 3353 }, 
        {"sofa" : 12,  "begin" : 3354,  "end" : 3358 }, 
        {"sofa" : 12,  "begin" : 3359,  "end" : 3362 }, 
        {"sofa" : 12,  "begin" : 3363,  "end" : 3367 }, 
        {"sofa" : 12,  "begin" : 3368,  "end" : 3375 }, 
        {"sofa" : 12,  "begin" : 3376,  "end" : 3378 }, 
        {"sofa" : 12,  "begin" : 3379,  "end" : 3382 }, 
        {"sofa" : 12,  "begin" : 3383,  "end" : 3387 }, 
        {"sofa" : 12,  "begin" : 3388,  "end" : 3392 }, 
        {"sofa" : 12,  "begin" : 3393,  "end" : 3394 }, 
        {"sofa" : 12,  "begin" : 3395,  "end" : 3402 }, 
        {"sofa" : 12,  "begin" : 3403,  "end" : 3415 }, 
        {"sofa" : 12,  "begin" : 3416,  "end" : 3419 }, 
        {"sofa" : 12,  "begin" : 3420,  "end" : 3423 }, 
        {"sofa" : 12,  "begin" : 3424,  "end" : 3429 }, 
        {"sofa" : 12,  "begin" : 3430,  "end" : 3433 }, 
        {"sofa" : 12,  "begin" : 3434,  "end" : 3441 }, 
        {"sofa" : 12,  "begin" : 3442,  "end" : 3445 }, 
        {"sofa" : 12,  "begin" : 3446,  "end" : 3452 }, 
        {"sofa" : 12,  "begin" : 3453,  "end" : 3457 }, 
        {"sofa" : 12,  "begin" : 3458,  "end" : 3465 }, 
        {"sofa" : 12,  "begin" : 3466,  "end" : 3469 }, 
        {"sofa" : 12,  "begin" : 3470,  "end" : 3474 }, 
        {"sofa" : 12,  "begin" : 3475,  "end" : 3478 }, 
        {"sofa" : 12,  "begin" : 3479,  "end" : 3483 }, 
        {"sofa" : 12,  "begin" : 3484,  "end" : 3487 }, 
        {"sofa" : 12,  "begin" : 3488,  "end" : 3492 }, 
        {"sofa" : 12,  "begin" : 3493,  "end" : 3502 }, 
        {"sofa" : 12,  "begin" : 3503,  "end" : 3506 }, 
        {"sofa" : 12,  "begin" : 3507,  "end" : 3511 }, 
        {"sofa" : 12,  "begin" : 3512,  "end" : 3518 }, 
        {"sofa" : 12,  "begin" : 3519,  "end" : 3524 }, 
        {"sofa" : 12,  "begin" : 3524,  "end" : 3525 }, 
        {"sofa" : 12,  "begin" : 3526,  "end" : 3529 }, 
        {"sofa" : 12,  "begin" : 3529,  "end" : 3530 }, 
        {"sofa" : 12,  "begin" : 3531,  "end" : 3533 }, 
        {"sofa" : 12,  "begin" : 3534,  "end" : 3537 }, 
        {"sofa" : 12,  "begin" : 3538,  "end" : 3542 }, 
        {"sofa" : 12,  "begin" : 3543,  "end" : 3551 }, 
        {"sofa" : 12,  "begin" : 3552,  "end" : 3554 }, 
        {"sofa" : 12,  "begin" : 3555,  "end" : 3560 }, 
        {"sofa" : 12,  "begin" : 3561,  "end" : 3567 }, 
        {"sofa" : 12,  "begin" : 3568,  "end" : 3578 }, 
        {"sofa" : 12,  "begin" : 3578,  "end" : 3579 }, 
        {"sofa" : 12,  "begin" : 3580,  "end" : 3584 }, 
        {"sofa" : 12,  "begin" : 3585,  "end" : 3587 }, 
        {"sofa" : 12,  "begin" : 3588,  "end" : 3589 }, 
        {"sofa" : 12,  "begin" : 3590,  "end" : 3596 }, 
        {"sofa" : 12,  "begin" : 3597,  "end" : 3603 }, 
        {"sofa" : 12,  "begin" : 3604,  "end" : 3610 }, 
        {"sofa" : 12,  "begin" : 3611,  "end" : 3614 }, 
        {"sofa" : 12,  "begin" : 3615,  "end" : 3618 }, 
        {"sofa" : 12,  "begin" : 3619,  "end" : 3630 }, 
        {"sofa" : 12,  "begin" : 3630,  "end" : 3631 }, 
        {"sofa" : 12,  "begin" : 3633,  "end" : 3639 }, 
        {"sofa" : 12,  "begin" : 3640,  "end" : 3646 }, 
        {"sofa" : 12,  "begin" : 3647,  "end" : 3651 }, 
        {"sofa" : 12,  "begin" : 3652,  "end" : 3655 }, 
        {"sofa" : 12,  "begin" : 3656,  "end" : 3664 }, 
        {"sofa" : 12,  "begin" : 3665,  "end" : 3672 }, 
        {"sofa" : 12,  "begin" : 3673,  "end" : 3678 }, 
        {"sofa" : 12,  "begin" : 3679,  "end" : 3682 }, 
        {"sofa" : 12,  "begin" : 3683,  "end" : 3687 }, 
        {"sofa" : 12,  "begin" : 3688,  "end" : 3691 }, 
        {"sofa" : 12,  "begin" : 3692,  "end" : 3700 }, 
        {"sofa" : 12,  "begin" : 3701,  "end" : 3709 }, 
        {"sofa" : 12,  "begin" : 3710,  "end" : 3720 }, 
        {"sofa" : 12,  "begin" : 3721,  "end" : 3725 }, 
        {"sofa" : 12,  "begin" : 3726,  "end" : 3734 }, 
        {"sofa" : 12,  "begin" : 3735,  "end" : 3737 }, 
        {"sofa" : 12,  "begin" : 3738,  "end" : 3743 }, 
        {"sofa" : 12,  "begin" : 3744,  "end" : 3750 }, 
        {"sofa" : 12,  "begin" : 3751,  "end" : 3755 }, 
        {"sofa" : 12,  "begin" : 3756,  "end" : 3763 }, 
        {"sofa" : 12,  "begin" : 3764,  "end" : 3766 }, 
        {"sofa" : 12,  "begin" : 3767,  "end" : 3777 }, 
        {"sofa" : 12,  "begin" : 3778,  "end" : 3782 }, 
        {"sofa" : 12,  "begin" : 3783,  "end" : 3787 }, 
        {"sofa" : 12,  "begin" : 3788,  "end" : 3792 }, 
        {"sofa" : 12,  "begin" : 3793,  "end" : 3796 }, 
        {"sofa" : 12,  "begin" : 3797,  "end" : 3804 }, 
        {"sofa" : 12,  "begin" : 3805,  "end" : 3815 }, 
        {"sofa" : 12,  "begin" : 3815,  "end" : 3816 }, 
        {"sofa" : 12,  "begin" : 3818,  "end" : 3827 }, 
        {"sofa" : 12,  "begin" : 3828,  "end" : 3836 }, 
        {"sofa" : 12,  "begin" : 3837,  "end" : 3839 }, 
        {"sofa" : 12,  "begin" : 3840,  "end" : 3843 }, 
        {"sofa" : 12,  "begin" : 3844,  "end" : 3845 }, 
        {"sofa" : 12,  "begin" : 3845,  "end" : 3846 }, 
        {"sofa" : 12,  "begin" : 3847,  "end" : 3853 }, 
        {"sofa" : 12,  "begin" : 3853,  "end" : 3854 }, 
        {"sofa" : 12,  "begin" : 3855,  "end" : 3857 }, 
        {"sofa" : 12,  "begin" : 3858,  "end" : 3860 }, 
        {"sofa" : 12,  "begin" : 3861,  "end" : 3869 }, 
        {"sofa" : 12,  "begin" : 3870,  "end" : 3872 }, 
        {"sofa" : 12,  "begin" : 3872,  "end" : 3873 }, 
        {"sofa" : 12,  "begin" : 3874,  "end" : 3878 } ], 
      "Persuasive_Labels" : [
        {"sofa" : 12,  "begin" : 259,  "end" : 305,  "DistinctiveLinguisticFeatures" : "distinctive linguistic features" }, 
        {"sofa" : 12,  "begin" : 259,  "end" : 305,  "DistinctiveLinguisticFeatures" : "title of article as clickbait" }, 
        {"sofa" : 12,  "begin" : 369,  "end" : 410,  "EstablishingLegitimacy" : "Establishing Legitimacy" }, 
        {"sofa" : 12,  "begin" : 369,  "end" : 410,  "EstablishingLegitimacy" : "legitimate persuasive techniques: rhetorical question" }, 
        {"sofa" : 12,  "begin" : 941,  "end" : 1068,  "InappropriateUseofScientificEvidence" : "lack of citation for evidence" }, 
        {"sofa" : 12,  "begin" : 941,  "end" : 1068,  "InappropriateUseofScientificEvidence" : "inappropriate use of scientific and Other evidence" }, 
        {"sofa" : 12,  "begin" : 1005,  "end" : 1032,  "EstablishingLegitimacy" : "Establishing Legitimacy" }, 
        {"sofa" : 12,  "begin" : 1005,  "end" : 1032,  "EstablishingLegitimacy" : "surface credibility markers - medical or scientific jargon" }, 
        {"sofa" : 12,  "begin" : 1069,  "end" : 1095,  "EstablishingLegitimacy" : "Establishing Legitimacy" }, 
        {"sofa" : 12,  "begin" : 1069,  "end" : 1095,  "EstablishingLegitimacy" : "surface credibility markers - simply claiming authority or credibility" }, 
        {"sofa" : 12,  "begin" : 1357,  "end" : 1398,  "EstablishingLegitimacy" : "Establishing Legitimacy" }, 
        {"sofa" : 12,  "begin" : 1357,  "end" : 1398,  "EstablishingLegitimacy" : "surface credibility markers - simply claiming authority or credibility" }, 
        {"sofa" : 12,  "begin" : 1566,  "end" : 1606,  "EstablishingLegitimacy" : "Establishing Legitimacy" }, 
        {"sofa" : 12,  "begin" : 1566,  "end" : 1606,  "EstablishingLegitimacy" : "surface credibility markers - simply claiming authority or credibility" }, 
        {"sofa" : 12,  "begin" : 1738,  "end" : 1757,  "EstablishingLegitimacy" : "Establishing Legitimacy" }, 
        {"sofa" : 12,  "begin" : 1738,  "end" : 1757,  "EstablishingLegitimacy" : "surface credibility markers - simply claiming authority or credibility" }, 
        {"sofa" : 12,  "begin" : 1814,  "end" : 1923,  "InappropriateUseofScientificEvidence" : "lack of citation for evidence" }, 
        {"sofa" : 12,  "begin" : 1814,  "end" : 1923,  "InappropriateUseofScientificEvidence" : "inappropriate use of scientific and Other evidence" }, 
        {"sofa" : 12,  "begin" : 1814,  "end" : 1844,  "EstablishingLegitimacy" : "Establishing Legitimacy" }, 
        {"sofa" : 12,  "begin" : 1814,  "end" : 1844,  "EstablishingLegitimacy" : "surface credibility markers - simply claiming authority or credibility" }, 
        {"sofa" : 12,  "begin" : 2151,  "end" : 2251,  "EstablishingLegitimacy" : "Establishing Legitimacy" }, 
        {"sofa" : 12,  "begin" : 2151,  "end" : 2250,  "EstablishingLegitimacy" : "surface credibility markers - medical or scientific jargon" }, 
        {"sofa" : 12,  "begin" : 2312,  "end" : 2332,  "EstablishingLegitimacy" : "Establishing Legitimacy" }, 
        {"sofa" : 12,  "begin" : 2312,  "end" : 2332,  "EstablishingLegitimacy" : "surface credibility markers - simply claiming authority or credibility" }, 
        {"sofa" : 12,  "begin" : 2634,  "end" : 2665,  "EstablishingLegitimacy" : "Establishing Legitimacy" }, 
        {"sofa" : 12,  "begin" : 2634,  "end" : 2665,  "EstablishingLegitimacy" : "surface credibility markers - simply claiming authority or credibility" }, 
        {"sofa" : 12,  "begin" : 2666,  "end" : 3076,  "InappropriateUseofScientificEvidence" : "inappropriate use of scientific and Other evidence" }, 
        {"sofa" : 12,  "begin" : 2666,  "end" : 3076,  "InappropriateUseofScientificEvidence" : "lack of citation for evidence" }, 
        {"sofa" : 12,  "begin" : 3078,  "end" : 3101,  "EstablishingLegitimacy" : "Establishing Legitimacy" }, 
        {"sofa" : 12,  "begin" : 3078,  "end" : 3101,  "EstablishingLegitimacy" : "legitimate persuasive techniques: rhetorical question" }, 
        {"sofa" : 12,  "begin" : 3228,  "end" : 3247,  "EstablishingLegitimacy" : "Establishing Legitimacy" }, 
        {"sofa" : 12,  "begin" : 3228,  "end" : 3247,  "EstablishingLegitimacy" : "surface credibility markers - simply claiming authority or credibility" }, 
        {"sofa" : 12,  "begin" : 3818,  "end" : 3857,  "EstablishingLegitimacy" : "Establishing Legitimacy" }, 
        {"sofa" : 12,  "begin" : 3818,  "end" : 3857,  "EstablishingLegitimacy" : "citing source to establish legitimacy_source not verified" } ] } }, 
  "_referenced_fss" : {
    "12" : {"_type" : "Sofa",  "sofaNum" : 1,  "sofaID" : "_InitialView",  "mimeType" : "text",  "sofaString" : "﻿tron-01817 Weight Loss Claims About Garcinia Cambogia\r\nSource: https://garciaweightloss.com/blog/how-garcinia-cambogia-can-help-you-lose-weight/  \r\nFact checking: https://www.truthorfiction.com/weight-loss-claims-about-garcinia-cambogia/ \r\nActual content: \r\nHow garcinia cambogia can help you lose weight\r\no February 27, 2019\r\no Karen Eisenbraun, CHNC\r\no Supplements\r\nHave you ever heard of garcinia cambogia? You may have seen it listed as an ingredient in weight-loss supplements and wondered what it is. Garcinia cambogia is a tropical fruit that looks like a small yellowish pumpkin, and its sour taste means it's not frequently used in kitchens here in the U.S.\r\nBut even if you don't use it in your fruit salad, you may be interested in this fruit's power as a fat-burning and appetite-suppressing supplement. In fact, garcinia cambogia may be the weight loss boost that you need to support your healthy eating and exercise efforts.\r\nThe weight-loss ingredient found in garcinia cambogia is called hydroxycitric acid, or HCA, which is found in the fruit's rind. Many studies have examined HCA and found that it can have some substantial benefits for people who are trying to lose weight and get healthier.\r\nHow garcinia cambogia helps with weight loss\r\nSince the 1990s, garcinia cambogia has been studied as a weight-loss and fat-burning supplement. Many studies have consistently found that people who took garcinia cambogia lost more weight than those who didn't take it.\r\nGarcinia cambogia can help a person reduce total fat, including stubborn belly fat, as demonstrated by a double-blind study. There were no side effects reported by the study participants. The best results were seen after 16 weeks of taking the supplement, and the study found no \"rebound\" effect of gaining the fat back afterward.\r\nSeveral studies found that HCA can help people eat less and lose weight by regulating serotonin in the brain. This helps a person feel full and may help with fat-burning ability. Overall, garcinia cambogia was found to be more effective than a placebo in suppressing appetite and reducing BMI.\r\nGarcinia cambogia with chromium benefits\r\nAn HCA and chromium combination, which is found in our Garcinia Cambogia with Chromemate supplement, was shown to have significant weight-loss benefits as well. One study found that after 8 weeks, people who took the supplement had reductions in:\r\no Body weight and BMI\r\no Food intake\r\no Total cholesterol\r\no LDL (bad) cholesterol\r\no Triglycerides\r\nMeanwhile, these same people saw increases in HDL (good) cholesterol and serotonin levels.\r\nHow garcinia cambogia boosts your health\r\nSeveral studies have found that garcinia cambogia helps lower blood cholesterol levels. In fact, garcinia cambogia was found to be more effective than other plant flavonoids in lowering cholesterol, without toxic side effects.\r\nGarcinia cambogia is also known to have anti-inflammatory power, as well as the ability to reduce blood sugar. It has a protective effect on the digestive tract, which may help prevent problems like stomach ulcers.\r\nAre there side effects?\r\nWhile some weight-loss supplements like ephedra have been shown to be unsafe, garcinia cambogia does not have the same risk. Research shows that garcinia cambogia is safe when taken in normal dosages.\r\nBut as with any weight-loss supplement, you will find the most success if you work with a medical professional who can guide you through the weight loss process and help you find the best solutions for your unique needs. And, if you have diabetes or other health conditions, talk to a doctor before taking any new supplements.\r\nGarcia Weight Loss and Wellness Centers offer our very own garcinia cambogia supplement with chromium to boost weight loss efforts by supporting lean body mass and healthy metabolism.\r\nMedically reviewed by Jay J. Garcia, MD on February 27, 2019\r\n\r\n" } } }