{"_context" : {
    "_types" : {
      "DocumentMetaData" : {
        "_feature_types" : {"sofa" : "_ref" } }, 
      "Persuasive_Labels" : {
        "_feature_types" : {"sofa" : "_ref" } }, 
      "Sentence" : {
        "_feature_types" : {"sofa" : "_ref" } }, 
      "Sofa" : {
        "_feature_types" : {"sofaArray" : "_ref" } }, 
      "TagsetDescription" : {
        "_feature_types" : {"sofa" : "_ref",  "tags" : "_ref" } }, 
      "Token" : {
        "_feature_types" : {"sofa" : "_ref",  "parent" : "_ref",  "lemma" : "_ref",  "stem" : "_ref",  "pos" : "_ref",  "morph" : "_ref",  "form" : "_ref" } }, 
      "DocumentAnnotation" : {
        "_feature_types" : {"sofa" : "_ref" }, 
        "_subtypes" : ["DocumentMetaData" ] }, 
      "Annotation" : {
        "_feature_types" : {"sofa" : "_ref" }, 
        "_subtypes" : ["DocumentAnnotation",  "Persuasive_Labels",  "Sentence",  "TagsetDescription",  "Token" ] }, 
      "AnnotationBase" : {
        "_feature_types" : {"sofa" : "_ref" }, 
        "_subtypes" : ["Annotation" ] }, 
      "TOP" : {
        "_subtypes" : ["AnnotationBase",  "Sofa" ] } } }, 
  "_views" : {
    "_InitialView" : {
      "DocumentMetaData" : [
        {"sofa" : 12,  "end" : 1793,  "language" : "x-unspecified",  "documentTitle" : "187.%20snes-04082%20You%20should%20avoid%20eating%20green%20potatoes%20because%20they%20are%20poisonous.txt",  "documentId" : "admin",  "documentUri" : "file:/C:/Users/huiyi/.webanno/repository/project/4/document/536/source/admin",  "collectionId" : "file:/C:/Users/huiyi/.webanno/repository/project/4/document/536/source/",  "documentBaseUri" : "file:/C:/Users/huiyi/.webanno/repository/project/4/document/536/source/",  "isLastSegment" : false } ], 
      "TagsetDescription" : [
        {"sofa" : 12,  "layer" : "de.tudarmstadt.ukp.dkpro.core.api.syntax.type.dependency.Dependency",  "name" : "UD Universal Dependencies (v2)",  "input" : false }, 
        {"sofa" : 12,  "layer" : "de.tudarmstadt.ukp.dkpro.core.api.ner.type.NamedEntity",  "name" : "Named Entity tags",  "input" : false }, 
        {"sofa" : 12,  "layer" : "de.tudarmstadt.ukp.dkpro.core.api.transform.type.SofaChangeAnnotation",  "name" : "Operation",  "input" : false }, 
        {"sofa" : 12,  "layer" : "de.tudarmstadt.ukp.dkpro.core.api.lexmorph.type.pos.POS",  "name" : "UD Universal POS tags (v2)",  "input" : false }, 
        {"sofa" : 12,  "layer" : "webanno.custom.Persuasive_Labels",  "name" : "2. Using Anecdotes and Personal Experience as Evidence",  "input" : false } ], 
      "Sentence" : [
        {"sofa" : 12,  "end" : 78 }, 
        {"sofa" : 12,  "begin" : 81,  "end" : 245 }, 
        {"sofa" : 12,  "begin" : 248,  "end" : 502 }, 
        {"sofa" : 12,  "begin" : 503,  "end" : 532 }, 
        {"sofa" : 12,  "begin" : 533,  "end" : 577 }, 
        {"sofa" : 12,  "begin" : 578,  "end" : 715 }, 
        {"sofa" : 12,  "begin" : 717,  "end" : 879 }, 
        {"sofa" : 12,  "begin" : 881,  "end" : 975 }, 
        {"sofa" : 12,  "begin" : 976,  "end" : 1097 }, 
        {"sofa" : 12,  "begin" : 1099,  "end" : 1321 }, 
        {"sofa" : 12,  "begin" : 1322,  "end" : 1365 }, 
        {"sofa" : 12,  "begin" : 1367,  "end" : 1432 }, 
        {"sofa" : 12,  "begin" : 1433,  "end" : 1575 }, 
        {"sofa" : 12,  "begin" : 1577,  "end" : 1630 }, 
        {"sofa" : 12,  "begin" : 1631,  "end" : 1641 }, 
        {"sofa" : 12,  "begin" : 1642,  "end" : 1704 }, 
        {"sofa" : 12,  "begin" : 1706,  "end" : 1789 } ], 
      "Token" : [
        {"sofa" : 12,  "end" : 5 }, 
        {"sofa" : 12,  "begin" : 5,  "end" : 6 }, 
        {"sofa" : 12,  "begin" : 6,  "end" : 11 }, 
        {"sofa" : 12,  "begin" : 12,  "end" : 15 }, 
        {"sofa" : 12,  "begin" : 16,  "end" : 22 }, 
        {"sofa" : 12,  "begin" : 23,  "end" : 28 }, 
        {"sofa" : 12,  "begin" : 29,  "end" : 35 }, 
        {"sofa" : 12,  "begin" : 36,  "end" : 41 }, 
        {"sofa" : 12,  "begin" : 42,  "end" : 50 }, 
        {"sofa" : 12,  "begin" : 51,  "end" : 58 }, 
        {"sofa" : 12,  "begin" : 59,  "end" : 63 }, 
        {"sofa" : 12,  "begin" : 64,  "end" : 67 }, 
        {"sofa" : 12,  "begin" : 68,  "end" : 77 }, 
        {"sofa" : 12,  "begin" : 77,  "end" : 78 }, 
        {"sofa" : 12,  "begin" : 81,  "end" : 87 }, 
        {"sofa" : 12,  "begin" : 87,  "end" : 88 }, 
        {"sofa" : 12,  "begin" : 89,  "end" : 94 }, 
        {"sofa" : 12,  "begin" : 94,  "end" : 95 }, 
        {"sofa" : 12,  "begin" : 95,  "end" : 96 }, 
        {"sofa" : 12,  "begin" : 96,  "end" : 97 }, 
        {"sofa" : 12,  "begin" : 97,  "end" : 112 }, 
        {"sofa" : 12,  "begin" : 112,  "end" : 113 }, 
        {"sofa" : 12,  "begin" : 113,  "end" : 117 }, 
        {"sofa" : 12,  "begin" : 117,  "end" : 118 }, 
        {"sofa" : 12,  "begin" : 118,  "end" : 120 }, 
        {"sofa" : 12,  "begin" : 120,  "end" : 121 }, 
        {"sofa" : 12,  "begin" : 121,  "end" : 123 }, 
        {"sofa" : 12,  "begin" : 123,  "end" : 124 }, 
        {"sofa" : 12,  "begin" : 124,  "end" : 130 }, 
        {"sofa" : 12,  "begin" : 130,  "end" : 131 }, 
        {"sofa" : 12,  "begin" : 131,  "end" : 140 }, 
        {"sofa" : 12,  "begin" : 140,  "end" : 141 }, 
        {"sofa" : 12,  "begin" : 141,  "end" : 152 }, 
        {"sofa" : 12,  "begin" : 152,  "end" : 153 }, 
        {"sofa" : 12,  "begin" : 153,  "end" : 154 }, 
        {"sofa" : 12,  "begin" : 154,  "end" : 155 }, 
        {"sofa" : 12,  "begin" : 155,  "end" : 156 }, 
        {"sofa" : 12,  "begin" : 156,  "end" : 160 }, 
        {"sofa" : 12,  "begin" : 160,  "end" : 161 }, 
        {"sofa" : 12,  "begin" : 161,  "end" : 163 }, 
        {"sofa" : 12,  "begin" : 163,  "end" : 164 }, 
        {"sofa" : 12,  "begin" : 164,  "end" : 172 }, 
        {"sofa" : 12,  "begin" : 172,  "end" : 173 }, 
        {"sofa" : 12,  "begin" : 173,  "end" : 179 }, 
        {"sofa" : 12,  "begin" : 179,  "end" : 180 }, 
        {"sofa" : 12,  "begin" : 180,  "end" : 183 }, 
        {"sofa" : 12,  "begin" : 183,  "end" : 184 }, 
        {"sofa" : 12,  "begin" : 184,  "end" : 190 }, 
        {"sofa" : 12,  "begin" : 190,  "end" : 191 }, 
        {"sofa" : 12,  "begin" : 191,  "end" : 197 }, 
        {"sofa" : 12,  "begin" : 197,  "end" : 198 }, 
        {"sofa" : 12,  "begin" : 198,  "end" : 200 }, 
        {"sofa" : 12,  "begin" : 200,  "end" : 201 }, 
        {"sofa" : 12,  "begin" : 201,  "end" : 212 }, 
        {"sofa" : 12,  "begin" : 212,  "end" : 213 }, 
        {"sofa" : 12,  "begin" : 213,  "end" : 218 }, 
        {"sofa" : 12,  "begin" : 218,  "end" : 219 }, 
        {"sofa" : 12,  "begin" : 219,  "end" : 233 }, 
        {"sofa" : 12,  "begin" : 233,  "end" : 234 }, 
        {"sofa" : 12,  "begin" : 234,  "end" : 244 }, 
        {"sofa" : 12,  "begin" : 244,  "end" : 245 }, 
        {"sofa" : 12,  "begin" : 248,  "end" : 252 }, 
        {"sofa" : 12,  "begin" : 253,  "end" : 261 }, 
        {"sofa" : 12,  "begin" : 261,  "end" : 262 }, 
        {"sofa" : 12,  "begin" : 263,  "end" : 268 }, 
        {"sofa" : 12,  "begin" : 268,  "end" : 269 }, 
        {"sofa" : 12,  "begin" : 269,  "end" : 270 }, 
        {"sofa" : 12,  "begin" : 270,  "end" : 271 }, 
        {"sofa" : 12,  "begin" : 271,  "end" : 285 }, 
        {"sofa" : 12,  "begin" : 285,  "end" : 286 }, 
        {"sofa" : 12,  "begin" : 286,  "end" : 296 }, 
        {"sofa" : 12,  "begin" : 296,  "end" : 297 }, 
        {"sofa" : 12,  "begin" : 297,  "end" : 309 }, 
        {"sofa" : 12,  "begin" : 309,  "end" : 310 }, 
        {"sofa" : 12,  "begin" : 313,  "end" : 319 }, 
        {"sofa" : 12,  "begin" : 320,  "end" : 327 }, 
        {"sofa" : 12,  "begin" : 327,  "end" : 328 }, 
        {"sofa" : 12,  "begin" : 331,  "end" : 334 }, 
        {"sofa" : 12,  "begin" : 335,  "end" : 340 }, 
        {"sofa" : 12,  "begin" : 340,  "end" : 341 }, 
        {"sofa" : 12,  "begin" : 342,  "end" : 347 }, 
        {"sofa" : 12,  "begin" : 348,  "end" : 356 }, 
        {"sofa" : 12,  "begin" : 357,  "end" : 360 }, 
        {"sofa" : 12,  "begin" : 361,  "end" : 370 }, 
        {"sofa" : 12,  "begin" : 372,  "end" : 374 }, 
        {"sofa" : 12,  "begin" : 375,  "end" : 381 }, 
        {"sofa" : 12,  "begin" : 382,  "end" : 390 }, 
        {"sofa" : 12,  "begin" : 392,  "end" : 393 }, 
        {"sofa" : 12,  "begin" : 394,  "end" : 398 }, 
        {"sofa" : 12,  "begin" : 399,  "end" : 400 }, 
        {"sofa" : 12,  "begin" : 400,  "end" : 401 }, 
        {"sofa" : 12,  "begin" : 402,  "end" : 406 }, 
        {"sofa" : 12,  "begin" : 408,  "end" : 409 }, 
        {"sofa" : 12,  "begin" : 409,  "end" : 410 }, 
        {"sofa" : 12,  "begin" : 410,  "end" : 411 }, 
        {"sofa" : 12,  "begin" : 412,  "end" : 415 }, 
        {"sofa" : 12,  "begin" : 416,  "end" : 421 }, 
        {"sofa" : 12,  "begin" : 422,  "end" : 423 }, 
        {"sofa" : 12,  "begin" : 423,  "end" : 424 }, 
        {"sofa" : 12,  "begin" : 424,  "end" : 425 }, 
        {"sofa" : 12,  "begin" : 427,  "end" : 429 }, 
        {"sofa" : 12,  "begin" : 430,  "end" : 436 }, 
        {"sofa" : 12,  "begin" : 437,  "end" : 441 }, 
        {"sofa" : 12,  "begin" : 442,  "end" : 443 }, 
        {"sofa" : 12,  "begin" : 444,  "end" : 448 }, 
        {"sofa" : 12,  "begin" : 448,  "end" : 449 }, 
        {"sofa" : 12,  "begin" : 450,  "end" : 452 }, 
        {"sofa" : 12,  "begin" : 453,  "end" : 460 }, 
        {"sofa" : 12,  "begin" : 461,  "end" : 465 }, 
        {"sofa" : 12,  "begin" : 466,  "end" : 468 }, 
        {"sofa" : 12,  "begin" : 469,  "end" : 474 }, 
        {"sofa" : 12,  "begin" : 475,  "end" : 481 }, 
        {"sofa" : 12,  "begin" : 482,  "end" : 486 }, 
        {"sofa" : 12,  "begin" : 487,  "end" : 491 }, 
        {"sofa" : 12,  "begin" : 492,  "end" : 495 }, 
        {"sofa" : 12,  "begin" : 496,  "end" : 498 }, 
        {"sofa" : 12,  "begin" : 499,  "end" : 501 }, 
        {"sofa" : 12,  "begin" : 501,  "end" : 502 }, 
        {"sofa" : 12,  "begin" : 503,  "end" : 510 }, 
        {"sofa" : 12,  "begin" : 511,  "end" : 512 }, 
        {"sofa" : 12,  "begin" : 512,  "end" : 517 }, 
        {"sofa" : 12,  "begin" : 518,  "end" : 522 }, 
        {"sofa" : 12,  "begin" : 523,  "end" : 526 }, 
        {"sofa" : 12,  "begin" : 527,  "end" : 530 }, 
        {"sofa" : 12,  "begin" : 530,  "end" : 531 }, 
        {"sofa" : 12,  "begin" : 531,  "end" : 532 }, 
        {"sofa" : 12,  "begin" : 533,  "end" : 536 }, 
        {"sofa" : 12,  "begin" : 537,  "end" : 541 }, 
        {"sofa" : 12,  "begin" : 542,  "end" : 552 }, 
        {"sofa" : 12,  "begin" : 553,  "end" : 556 }, 
        {"sofa" : 12,  "begin" : 557,  "end" : 561 }, 
        {"sofa" : 12,  "begin" : 562,  "end" : 565 }, 
        {"sofa" : 12,  "begin" : 566,  "end" : 568 }, 
        {"sofa" : 12,  "begin" : 569,  "end" : 571 }, 
        {"sofa" : 12,  "begin" : 572,  "end" : 576 }, 
        {"sofa" : 12,  "begin" : 576,  "end" : 577 }, 
        {"sofa" : 12,  "begin" : 578,  "end" : 581 }, 
        {"sofa" : 12,  "begin" : 582,  "end" : 589 }, 
        {"sofa" : 12,  "begin" : 590,  "end" : 592 }, 
        {"sofa" : 12,  "begin" : 593,  "end" : 597 }, 
        {"sofa" : 12,  "begin" : 598,  "end" : 603 }, 
        {"sofa" : 12,  "begin" : 604,  "end" : 612 }, 
        {"sofa" : 12,  "begin" : 613,  "end" : 620 }, 
        {"sofa" : 12,  "begin" : 621,  "end" : 625 }, 
        {"sofa" : 12,  "begin" : 626,  "end" : 632 }, 
        {"sofa" : 12,  "begin" : 633,  "end" : 635 }, 
        {"sofa" : 12,  "begin" : 636,  "end" : 637 }, 
        {"sofa" : 12,  "begin" : 638,  "end" : 643 }, 
        {"sofa" : 12,  "begin" : 643,  "end" : 644 }, 
        {"sofa" : 12,  "begin" : 645,  "end" : 653 }, 
        {"sofa" : 12,  "begin" : 653,  "end" : 654 }, 
        {"sofa" : 12,  "begin" : 655,  "end" : 660 }, 
        {"sofa" : 12,  "begin" : 661,  "end" : 664 }, 
        {"sofa" : 12,  "begin" : 665,  "end" : 670 }, 
        {"sofa" : 12,  "begin" : 671,  "end" : 677 }, 
        {"sofa" : 12,  "begin" : 677,  "end" : 678 }, 
        {"sofa" : 12,  "begin" : 679,  "end" : 688 }, 
        {"sofa" : 12,  "begin" : 689,  "end" : 692 }, 
        {"sofa" : 12,  "begin" : 693,  "end" : 705 }, 
        {"sofa" : 12,  "begin" : 706,  "end" : 714 }, 
        {"sofa" : 12,  "begin" : 714,  "end" : 715 }, 
        {"sofa" : 12,  "begin" : 717,  "end" : 725 }, 
        {"sofa" : 12,  "begin" : 726,  "end" : 735 }, 
        {"sofa" : 12,  "begin" : 736,  "end" : 743 }, 
        {"sofa" : 12,  "begin" : 744,  "end" : 749 }, 
        {"sofa" : 12,  "begin" : 750,  "end" : 757 }, 
        {"sofa" : 12,  "begin" : 758,  "end" : 760 }, 
        {"sofa" : 12,  "begin" : 761,  "end" : 769 }, 
        {"sofa" : 12,  "begin" : 770,  "end" : 772 }, 
        {"sofa" : 12,  "begin" : 773,  "end" : 774 }, 
        {"sofa" : 12,  "begin" : 775,  "end" : 782 }, 
        {"sofa" : 12,  "begin" : 783,  "end" : 790 }, 
        {"sofa" : 12,  "begin" : 791,  "end" : 798 }, 
        {"sofa" : 12,  "begin" : 798,  "end" : 799 }, 
        {"sofa" : 12,  "begin" : 800,  "end" : 803 }, 
        {"sofa" : 12,  "begin" : 804,  "end" : 807 }, 
        {"sofa" : 12,  "begin" : 808,  "end" : 814 }, 
        {"sofa" : 12,  "begin" : 815,  "end" : 823 }, 
        {"sofa" : 12,  "begin" : 824,  "end" : 828 }, 
        {"sofa" : 12,  "begin" : 829,  "end" : 838 }, 
        {"sofa" : 12,  "begin" : 839,  "end" : 847 }, 
        {"sofa" : 12,  "begin" : 848,  "end" : 850 }, 
        {"sofa" : 12,  "begin" : 851,  "end" : 856 }, 
        {"sofa" : 12,  "begin" : 857,  "end" : 860 }, 
        {"sofa" : 12,  "begin" : 861,  "end" : 865 }, 
        {"sofa" : 12,  "begin" : 866,  "end" : 878 }, 
        {"sofa" : 12,  "begin" : 878,  "end" : 879 }, 
        {"sofa" : 12,  "begin" : 881,  "end" : 884 }, 
        {"sofa" : 12,  "begin" : 885,  "end" : 890 }, 
        {"sofa" : 12,  "begin" : 891,  "end" : 896 }, 
        {"sofa" : 12,  "begin" : 897,  "end" : 899 }, 
        {"sofa" : 12,  "begin" : 900,  "end" : 908 }, 
        {"sofa" : 12,  "begin" : 909,  "end" : 915 }, 
        {"sofa" : 12,  "begin" : 916,  "end" : 918 }, 
        {"sofa" : 12,  "begin" : 919,  "end" : 923 }, 
        {"sofa" : 12,  "begin" : 924,  "end" : 930 }, 
        {"sofa" : 12,  "begin" : 931,  "end" : 933 }, 
        {"sofa" : 12,  "begin" : 934,  "end" : 945 }, 
        {"sofa" : 12,  "begin" : 945,  "end" : 946 }, 
        {"sofa" : 12,  "begin" : 947,  "end" : 952 }, 
        {"sofa" : 12,  "begin" : 953,  "end" : 955 }, 
        {"sofa" : 12,  "begin" : 956,  "end" : 962 }, 
        {"sofa" : 12,  "begin" : 963,  "end" : 965 }, 
        {"sofa" : 12,  "begin" : 966,  "end" : 974 }, 
        {"sofa" : 12,  "begin" : 974,  "end" : 975 }, 
        {"sofa" : 12,  "begin" : 976,  "end" : 979 }, 
        {"sofa" : 12,  "begin" : 980,  "end" : 982 }, 
        {"sofa" : 12,  "begin" : 983,  "end" : 985 }, 
        {"sofa" : 12,  "begin" : 986,  "end" : 990 }, 
        {"sofa" : 12,  "begin" : 991,  "end" : 992 }, 
        {"sofa" : 12,  "begin" : 993,  "end" : 997 }, 
        {"sofa" : 12,  "begin" : 998,  "end" : 1002 }, 
        {"sofa" : 12,  "begin" : 1003,  "end" : 1009 }, 
        {"sofa" : 12,  "begin" : 1010,  "end" : 1012 }, 
        {"sofa" : 12,  "begin" : 1013,  "end" : 1021 }, 
        {"sofa" : 12,  "begin" : 1021,  "end" : 1022 }, 
        {"sofa" : 12,  "begin" : 1023,  "end" : 1028 }, 
        {"sofa" : 12,  "begin" : 1029,  "end" : 1031 }, 
        {"sofa" : 12,  "begin" : 1032,  "end" : 1040 }, 
        {"sofa" : 12,  "begin" : 1041,  "end" : 1043 }, 
        {"sofa" : 12,  "begin" : 1044,  "end" : 1047 }, 
        {"sofa" : 12,  "begin" : 1048,  "end" : 1052 }, 
        {"sofa" : 12,  "begin" : 1053,  "end" : 1057 }, 
        {"sofa" : 12,  "begin" : 1058,  "end" : 1060 }, 
        {"sofa" : 12,  "begin" : 1061,  "end" : 1072 }, 
        {"sofa" : 12,  "begin" : 1072,  "end" : 1073 }, 
        {"sofa" : 12,  "begin" : 1074,  "end" : 1078 }, 
        {"sofa" : 12,  "begin" : 1079,  "end" : 1088 }, 
        {"sofa" : 12,  "begin" : 1089,  "end" : 1091 }, 
        {"sofa" : 12,  "begin" : 1092,  "end" : 1096 }, 
        {"sofa" : 12,  "begin" : 1096,  "end" : 1097 }, 
        {"sofa" : 12,  "begin" : 1099,  "end" : 1108 }, 
        {"sofa" : 12,  "begin" : 1109,  "end" : 1111 }, 
        {"sofa" : 12,  "begin" : 1112,  "end" : 1113 }, 
        {"sofa" : 12,  "begin" : 1114,  "end" : 1120 }, 
        {"sofa" : 12,  "begin" : 1121,  "end" : 1127 }, 
        {"sofa" : 12,  "begin" : 1128,  "end" : 1130 }, 
        {"sofa" : 12,  "begin" : 1131,  "end" : 1140 }, 
        {"sofa" : 12,  "begin" : 1141,  "end" : 1149 }, 
        {"sofa" : 12,  "begin" : 1149,  "end" : 1150 }, 
        {"sofa" : 12,  "begin" : 1151,  "end" : 1152 }, 
        {"sofa" : 12,  "begin" : 1153,  "end" : 1162 }, 
        {"sofa" : 12,  "begin" : 1163,  "end" : 1165 }, 
        {"sofa" : 12,  "begin" : 1166,  "end" : 1174 }, 
        {"sofa" : 12,  "begin" : 1175,  "end" : 1178 }, 
        {"sofa" : 12,  "begin" : 1179,  "end" : 1191 }, 
        {"sofa" : 12,  "begin" : 1192,  "end" : 1194 }, 
        {"sofa" : 12,  "begin" : 1195,  "end" : 1198 }, 
        {"sofa" : 12,  "begin" : 1199,  "end" : 1209 }, 
        {"sofa" : 12,  "begin" : 1210,  "end" : 1212 }, 
        {"sofa" : 12,  "begin" : 1213,  "end" : 1221 }, 
        {"sofa" : 12,  "begin" : 1221,  "end" : 1222 }, 
        {"sofa" : 12,  "begin" : 1223,  "end" : 1230 }, 
        {"sofa" : 12,  "begin" : 1230,  "end" : 1231 }, 
        {"sofa" : 12,  "begin" : 1232,  "end" : 1233 }, 
        {"sofa" : 12,  "begin" : 1234,  "end" : 1237 }, 
        {"sofa" : 12,  "begin" : 1237,  "end" : 1238 }, 
        {"sofa" : 12,  "begin" : 1238,  "end" : 1243 }, 
        {"sofa" : 12,  "begin" : 1244,  "end" : 1250 }, 
        {"sofa" : 12,  "begin" : 1251,  "end" : 1256 }, 
        {"sofa" : 12,  "begin" : 1257,  "end" : 1261 }, 
        {"sofa" : 12,  "begin" : 1262,  "end" : 1264 }, 
        {"sofa" : 12,  "begin" : 1265,  "end" : 1268 }, 
        {"sofa" : 12,  "begin" : 1269,  "end" : 1274 }, 
        {"sofa" : 12,  "begin" : 1275,  "end" : 1277 }, 
        {"sofa" : 12,  "begin" : 1278,  "end" : 1284 }, 
        {"sofa" : 12,  "begin" : 1285,  "end" : 1287 }, 
        {"sofa" : 12,  "begin" : 1288,  "end" : 1289 }, 
        {"sofa" : 12,  "begin" : 1290,  "end" : 1295 }, 
        {"sofa" : 12,  "begin" : 1296,  "end" : 1301 }, 
        {"sofa" : 12,  "begin" : 1302,  "end" : 1308 }, 
        {"sofa" : 12,  "begin" : 1309,  "end" : 1311 }, 
        {"sofa" : 12,  "begin" : 1312,  "end" : 1315 }, 
        {"sofa" : 12,  "begin" : 1316,  "end" : 1320 }, 
        {"sofa" : 12,  "begin" : 1320,  "end" : 1321 }, 
        {"sofa" : 12,  "begin" : 1322,  "end" : 1326 }, 
        {"sofa" : 12,  "begin" : 1327,  "end" : 1329 }, 
        {"sofa" : 12,  "begin" : 1330,  "end" : 1333 }, 
        {"sofa" : 12,  "begin" : 1334,  "end" : 1340 }, 
        {"sofa" : 12,  "begin" : 1341,  "end" : 1343 }, 
        {"sofa" : 12,  "begin" : 1344,  "end" : 1345 }, 
        {"sofa" : 12,  "begin" : 1346,  "end" : 1351 }, 
        {"sofa" : 12,  "begin" : 1352,  "end" : 1357 }, 
        {"sofa" : 12,  "begin" : 1358,  "end" : 1364 }, 
        {"sofa" : 12,  "begin" : 1364,  "end" : 1365 }, 
        {"sofa" : 12,  "begin" : 1367,  "end" : 1370 }, 
        {"sofa" : 12,  "begin" : 1371,  "end" : 1377 }, 
        {"sofa" : 12,  "begin" : 1378,  "end" : 1383 }, 
        {"sofa" : 12,  "begin" : 1384,  "end" : 1388 }, 
        {"sofa" : 12,  "begin" : 1389,  "end" : 1393 }, 
        {"sofa" : 12,  "begin" : 1394,  "end" : 1399 }, 
        {"sofa" : 12,  "begin" : 1400,  "end" : 1408 }, 
        {"sofa" : 12,  "begin" : 1409,  "end" : 1414 }, 
        {"sofa" : 12,  "begin" : 1415,  "end" : 1420 }, 
        {"sofa" : 12,  "begin" : 1421,  "end" : 1424 }, 
        {"sofa" : 12,  "begin" : 1425,  "end" : 1431 }, 
        {"sofa" : 12,  "begin" : 1431,  "end" : 1432 }, 
        {"sofa" : 12,  "begin" : 1433,  "end" : 1438 }, 
        {"sofa" : 12,  "begin" : 1438,  "end" : 1439 }, 
        {"sofa" : 12,  "begin" : 1440,  "end" : 1442 }, 
        {"sofa" : 12,  "begin" : 1443,  "end" : 1448 }, 
        {"sofa" : 12,  "begin" : 1449,  "end" : 1452 }, 
        {"sofa" : 12,  "begin" : 1453,  "end" : 1464 }, 
        {"sofa" : 12,  "begin" : 1465,  "end" : 1467 }, 
        {"sofa" : 12,  "begin" : 1468,  "end" : 1476 }, 
        {"sofa" : 12,  "begin" : 1476,  "end" : 1477 }, 
        {"sofa" : 12,  "begin" : 1478,  "end" : 1480 }, 
        {"sofa" : 12,  "begin" : 1481,  "end" : 1483 }, 
        {"sofa" : 12,  "begin" : 1484,  "end" : 1488 }, 
        {"sofa" : 12,  "begin" : 1489,  "end" : 1491 }, 
        {"sofa" : 12,  "begin" : 1492,  "end" : 1497 }, 
        {"sofa" : 12,  "begin" : 1498,  "end" : 1506 }, 
        {"sofa" : 12,  "begin" : 1507,  "end" : 1509 }, 
        {"sofa" : 12,  "begin" : 1510,  "end" : 1514 }, 
        {"sofa" : 12,  "begin" : 1514,  "end" : 1515 }, 
        {"sofa" : 12,  "begin" : 1516,  "end" : 1521 }, 
        {"sofa" : 12,  "begin" : 1522,  "end" : 1525 }, 
        {"sofa" : 12,  "begin" : 1526,  "end" : 1531 }, 
        {"sofa" : 12,  "begin" : 1531,  "end" : 1532 }, 
        {"sofa" : 12,  "begin" : 1533,  "end" : 1536 }, 
        {"sofa" : 12,  "begin" : 1537,  "end" : 1539 }, 
        {"sofa" : 12,  "begin" : 1540,  "end" : 1543 }, 
        {"sofa" : 12,  "begin" : 1544,  "end" : 1548 }, 
        {"sofa" : 12,  "begin" : 1549,  "end" : 1554 }, 
        {"sofa" : 12,  "begin" : 1555,  "end" : 1560 }, 
        {"sofa" : 12,  "begin" : 1561,  "end" : 1567 }, 
        {"sofa" : 12,  "begin" : 1568,  "end" : 1574 }, 
        {"sofa" : 12,  "begin" : 1574,  "end" : 1575 }, 
        {"sofa" : 12,  "begin" : 1577,  "end" : 1584 }, 
        {"sofa" : 12,  "begin" : 1585,  "end" : 1589 }, 
        {"sofa" : 12,  "begin" : 1590,  "end" : 1594 }, 
        {"sofa" : 12,  "begin" : 1594,  "end" : 1595 }, 
        {"sofa" : 12,  "begin" : 1596,  "end" : 1598 }, 
        {"sofa" : 12,  "begin" : 1599,  "end" : 1601 }, 
        {"sofa" : 12,  "begin" : 1602,  "end" : 1608 }, 
        {"sofa" : 12,  "begin" : 1609,  "end" : 1615 }, 
        {"sofa" : 12,  "begin" : 1615,  "end" : 1616 }, 
        {"sofa" : 12,  "begin" : 1617,  "end" : 1622 }, 
        {"sofa" : 12,  "begin" : 1623,  "end" : 1626 }, 
        {"sofa" : 12,  "begin" : 1627,  "end" : 1629 }, 
        {"sofa" : 12,  "begin" : 1629,  "end" : 1630 }, 
        {"sofa" : 12,  "begin" : 1631,  "end" : 1637 }, 
        {"sofa" : 12,  "begin" : 1638,  "end" : 1640 }, 
        {"sofa" : 12,  "begin" : 1640,  "end" : 1641 }, 
        {"sofa" : 12,  "begin" : 1642,  "end" : 1649 }, 
        {"sofa" : 12,  "begin" : 1650,  "end" : 1656 }, 
        {"sofa" : 12,  "begin" : 1656,  "end" : 1657 }, 
        {"sofa" : 12,  "begin" : 1658,  "end" : 1662 }, 
        {"sofa" : 12,  "begin" : 1663,  "end" : 1668 }, 
        {"sofa" : 12,  "begin" : 1669,  "end" : 1673 }, 
        {"sofa" : 12,  "begin" : 1674,  "end" : 1679 }, 
        {"sofa" : 12,  "begin" : 1680,  "end" : 1683 }, 
        {"sofa" : 12,  "begin" : 1684,  "end" : 1688 }, 
        {"sofa" : 12,  "begin" : 1689,  "end" : 1690 }, 
        {"sofa" : 12,  "begin" : 1691,  "end" : 1696 }, 
        {"sofa" : 12,  "begin" : 1697,  "end" : 1703 }, 
        {"sofa" : 12,  "begin" : 1703,  "end" : 1704 }, 
        {"sofa" : 12,  "begin" : 1706,  "end" : 1707 }, 
        {"sofa" : 12,  "begin" : 1707,  "end" : 1708 }, 
        {"sofa" : 12,  "begin" : 1708,  "end" : 1709 }, 
        {"sofa" : 12,  "begin" : 1710,  "end" : 1713 }, 
        {"sofa" : 12,  "begin" : 1714,  "end" : 1720 }, 
        {"sofa" : 12,  "begin" : 1721,  "end" : 1725 }, 
        {"sofa" : 12,  "begin" : 1726,  "end" : 1727 }, 
        {"sofa" : 12,  "begin" : 1727,  "end" : 1728 }, 
        {"sofa" : 12,  "begin" : 1728,  "end" : 1729 }, 
        {"sofa" : 12,  "begin" : 1731,  "end" : 1736 }, 
        {"sofa" : 12,  "begin" : 1737,  "end" : 1745 }, 
        {"sofa" : 12,  "begin" : 1746,  "end" : 1753 }, 
        {"sofa" : 12,  "begin" : 1754,  "end" : 1755 }, 
        {"sofa" : 12,  "begin" : 1756,  "end" : 1764 }, 
        {"sofa" : 12,  "begin" : 1765,  "end" : 1769 }, 
        {"sofa" : 12,  "begin" : 1770,  "end" : 1773 }, 
        {"sofa" : 12,  "begin" : 1774,  "end" : 1779 }, 
        {"sofa" : 12,  "begin" : 1780,  "end" : 1788 }, 
        {"sofa" : 12,  "begin" : 1788,  "end" : 1789 } ], 
      "Persuasive_Labels" : [
        {"sofa" : 12,  "begin" : 408,  "end" : 425,  "DistinctiveLinguisticFeatures" : "distinctive linguistic features" }, 
        {"sofa" : 12,  "begin" : 408,  "end" : 425,  "DistinctiveLinguisticFeatures" : "bolded,  underline or italicized" }, 
        {"sofa" : 12,  "begin" : 537,  "end" : 556,  "EstablishingLegitimacy" : "Establishing Legitimacy" }, 
        {"sofa" : 12,  "begin" : 537,  "end" : 556,  "EstablishingLegitimacy" : "surface credibility markers - simply claiming authority or credibility" }, 
        {"sofa" : 12,  "begin" : 578,  "end" : 715,  "HighlightingUncertaintyandRisk" : "Highlighting Uncertainty and Risk" }, 
        {"sofa" : 12,  "begin" : 1099,  "end" : 1221,  "EstablishingLegitimacy" : "Establishing Legitimacy" }, 
        {"sofa" : 12,  "begin" : 1099,  "end" : 1221,  "EstablishingLegitimacy" : "citing source to establish legitimacy_source not verified" }, 
        {"sofa" : 12,  "begin" : 1706,  "end" : 1729,  "DistinctiveLinguisticFeatures" : "distinctive linguistic features" }, 
        {"sofa" : 12,  "begin" : 1706,  "end" : 1729,  "DistinctiveLinguisticFeatures" : "bolded,  underline or italicized" } ] } }, 
  "_referenced_fss" : {
    "12" : {"_type" : "Sofa",  "sofaNum" : 1,  "sofaID" : "_InitialView",  "mimeType" : "text",  "sofaString" : "﻿snes-04082 You should avoid eating green potatoes because they are poisonous. \r\nSource: https://www.nytimes.com/2007/07/03/health/nutrition/03real.html#:~:text=It%20sounds%20like%20a%20joke,nausea%2C%20headaches%20and%20neurological%20problems. \r\nFact checking: https://www.snopes.com/fact-check/tater-taught/ \r\nActual content: \r\nThe Claim: Green Potatoes Are Poisonous\r\nBy Anahad O'Connor\r\n* July 3, 2007\r\n<b> THE FACTS <b>\r\nIt sounds like a joke, or perhaps just an urban legend that grew out of Dr. Seuss's \"Green Eggs and Ham.\" But food scientists say this one is no myth. The reality is that green potatoes contain high levels of a toxin, solanine, which can cause nausea, headaches and neurological problems.\r\nPotatoes naturally produce small amounts of solanine as a defense against insects, but the levels increase with prolonged exposure to light and warm temperatures.\r\nThe green color is actually caused by high levels of chlorophyll, which by itself is harmless. But it is also a sign that levels of solanine, which is produced at the same time as chlorophyll, have increased as well.\r\nAccording to a recent report by Alexander Pavlista, a professor of agronomy and horticulture at the University of Nebraska, Lincoln, a 100-pound person would have to eat about 16 ounces of a fully green potato to get sick. That is the weight of a large baked potato.\r\nThe report noted that most green potatoes never reach the market. Still, to avoid the development of solanine, it is best to store potatoes in cool, dimly lit areas, and to cut away green areas before eating.\r\nAnother good rule: if it tastes bitter, don't eat it. Unlike Dr. Seuss's entree, this green meal would not have a happy ending.\r\n<b> THE BOTTOM LINE <b>\r\nGreen potatoes contain a chemical that can cause sickness.\r\n\r\n" } } }