{"_context" : {
    "_types" : {
      "DocumentMetaData" : {
        "_feature_types" : {"sofa" : "_ref" } }, 
      "Persuasive_Labels" : {
        "_feature_types" : {"sofa" : "_ref" } }, 
      "Sentence" : {
        "_feature_types" : {"sofa" : "_ref" } }, 
      "Sofa" : {
        "_feature_types" : {"sofaArray" : "_ref" } }, 
      "TagsetDescription" : {
        "_feature_types" : {"sofa" : "_ref",  "tags" : "_ref" } }, 
      "Token" : {
        "_feature_types" : {"sofa" : "_ref",  "parent" : "_ref",  "lemma" : "_ref",  "stem" : "_ref",  "pos" : "_ref",  "morph" : "_ref",  "form" : "_ref" } }, 
      "DocumentAnnotation" : {
        "_feature_types" : {"sofa" : "_ref" }, 
        "_subtypes" : ["DocumentMetaData" ] }, 
      "Annotation" : {
        "_feature_types" : {"sofa" : "_ref" }, 
        "_subtypes" : ["DocumentAnnotation",  "Persuasive_Labels",  "Sentence",  "TagsetDescription",  "Token" ] }, 
      "AnnotationBase" : {
        "_feature_types" : {"sofa" : "_ref" }, 
        "_subtypes" : ["Annotation" ] }, 
      "TOP" : {
        "_subtypes" : ["AnnotationBase",  "Sofa" ] } } }, 
  "_views" : {
    "_InitialView" : {
      "DocumentMetaData" : [
        {"sofa" : 12,  "end" : 4765,  "language" : "x-unspecified",  "documentTitle" : "49.%20snes-02999%20Studies%20have%20proved%20that%20having%20an%20abortion%20increases%20a%20woman's%20risk%20of%20developing%20breast%20cancer.txt",  "documentId" : "admin",  "documentUri" : "file:/C:/Users/huiyi/.webanno/repository/project/4/document/218/source/admin",  "collectionId" : "file:/C:/Users/huiyi/.webanno/repository/project/4/document/218/source/",  "documentBaseUri" : "file:/C:/Users/huiyi/.webanno/repository/project/4/document/218/source/",  "isLastSegment" : false } ], 
      "TagsetDescription" : [
        {"sofa" : 12,  "layer" : "de.tudarmstadt.ukp.dkpro.core.api.syntax.type.dependency.Dependency",  "name" : "UD Universal Dependencies (v2)",  "input" : false }, 
        {"sofa" : 12,  "layer" : "de.tudarmstadt.ukp.dkpro.core.api.ner.type.NamedEntity",  "name" : "Named Entity tags",  "input" : false }, 
        {"sofa" : 12,  "layer" : "de.tudarmstadt.ukp.dkpro.core.api.transform.type.SofaChangeAnnotation",  "name" : "Operation",  "input" : false }, 
        {"sofa" : 12,  "layer" : "de.tudarmstadt.ukp.dkpro.core.api.lexmorph.type.pos.POS",  "name" : "UD Universal POS tags (v2)",  "input" : false }, 
        {"sofa" : 12,  "layer" : "webanno.custom.Persuasive_Labels",  "name" : "2. Using Anecdotes and Personal Experience as Evidence",  "input" : false } ], 
      "Sentence" : [
        {"sofa" : 12,  "end" : 109 }, 
        {"sofa" : 12,  "begin" : 112,  "end" : 380 }, 
        {"sofa" : 12,  "begin" : 381,  "end" : 565 }, 
        {"sofa" : 12,  "begin" : 566,  "end" : 693 }, 
        {"sofa" : 12,  "begin" : 694,  "end" : 829 }, 
        {"sofa" : 12,  "begin" : 831,  "end" : 875 }, 
        {"sofa" : 12,  "begin" : 877,  "end" : 991 }, 
        {"sofa" : 12,  "begin" : 992,  "end" : 1131 }, 
        {"sofa" : 12,  "begin" : 1132,  "end" : 1253 }, 
        {"sofa" : 12,  "begin" : 1254,  "end" : 1410 }, 
        {"sofa" : 12,  "begin" : 1412,  "end" : 1603 }, 
        {"sofa" : 12,  "begin" : 1605,  "end" : 1629 }, 
        {"sofa" : 12,  "begin" : 1631,  "end" : 1870 }, 
        {"sofa" : 12,  "begin" : 1872,  "end" : 1908 }, 
        {"sofa" : 12,  "begin" : 1910,  "end" : 2390 }, 
        {"sofa" : 12,  "begin" : 2391,  "end" : 3063 }, 
        {"sofa" : 12,  "begin" : 3064,  "end" : 3353 }, 
        {"sofa" : 12,  "begin" : 3355,  "end" : 3594 }, 
        {"sofa" : 12,  "begin" : 3595,  "end" : 3839 }, 
        {"sofa" : 12,  "begin" : 3840,  "end" : 3971 }, 
        {"sofa" : 12,  "begin" : 3972,  "end" : 4145 }, 
        {"sofa" : 12,  "begin" : 4146,  "end" : 4375 }, 
        {"sofa" : 12,  "begin" : 4377,  "end" : 4610 }, 
        {"sofa" : 12,  "begin" : 4611,  "end" : 4761 } ], 
      "Token" : [
        {"sofa" : 12,  "end" : 5 }, 
        {"sofa" : 12,  "begin" : 5,  "end" : 6 }, 
        {"sofa" : 12,  "begin" : 6,  "end" : 11 }, 
        {"sofa" : 12,  "begin" : 12,  "end" : 19 }, 
        {"sofa" : 12,  "begin" : 20,  "end" : 24 }, 
        {"sofa" : 12,  "begin" : 25,  "end" : 31 }, 
        {"sofa" : 12,  "begin" : 32,  "end" : 36 }, 
        {"sofa" : 12,  "begin" : 37,  "end" : 43 }, 
        {"sofa" : 12,  "begin" : 44,  "end" : 46 }, 
        {"sofa" : 12,  "begin" : 47,  "end" : 55 }, 
        {"sofa" : 12,  "begin" : 56,  "end" : 65 }, 
        {"sofa" : 12,  "begin" : 66,  "end" : 67 }, 
        {"sofa" : 12,  "begin" : 68,  "end" : 75 }, 
        {"sofa" : 12,  "begin" : 76,  "end" : 80 }, 
        {"sofa" : 12,  "begin" : 81,  "end" : 83 }, 
        {"sofa" : 12,  "begin" : 84,  "end" : 94 }, 
        {"sofa" : 12,  "begin" : 95,  "end" : 101 }, 
        {"sofa" : 12,  "begin" : 102,  "end" : 108 }, 
        {"sofa" : 12,  "begin" : 108,  "end" : 109 }, 
        {"sofa" : 12,  "begin" : 112,  "end" : 118 }, 
        {"sofa" : 12,  "begin" : 118,  "end" : 119 }, 
        {"sofa" : 12,  "begin" : 120,  "end" : 125 }, 
        {"sofa" : 12,  "begin" : 125,  "end" : 126 }, 
        {"sofa" : 12,  "begin" : 126,  "end" : 127 }, 
        {"sofa" : 12,  "begin" : 127,  "end" : 128 }, 
        {"sofa" : 12,  "begin" : 128,  "end" : 135 }, 
        {"sofa" : 12,  "begin" : 135,  "end" : 136 }, 
        {"sofa" : 12,  "begin" : 136,  "end" : 157 }, 
        {"sofa" : 12,  "begin" : 157,  "end" : 158 }, 
        {"sofa" : 12,  "begin" : 158,  "end" : 185 }, 
        {"sofa" : 12,  "begin" : 185,  "end" : 186 }, 
        {"sofa" : 12,  "begin" : 189,  "end" : 193 }, 
        {"sofa" : 12,  "begin" : 194,  "end" : 202 }, 
        {"sofa" : 12,  "begin" : 202,  "end" : 203 }, 
        {"sofa" : 12,  "begin" : 204,  "end" : 209 }, 
        {"sofa" : 12,  "begin" : 209,  "end" : 210 }, 
        {"sofa" : 12,  "begin" : 210,  "end" : 211 }, 
        {"sofa" : 12,  "begin" : 211,  "end" : 212 }, 
        {"sofa" : 12,  "begin" : 212,  "end" : 226 }, 
        {"sofa" : 12,  "begin" : 226,  "end" : 227 }, 
        {"sofa" : 12,  "begin" : 227,  "end" : 237 }, 
        {"sofa" : 12,  "begin" : 237,  "end" : 238 }, 
        {"sofa" : 12,  "begin" : 238,  "end" : 265 }, 
        {"sofa" : 12,  "begin" : 265,  "end" : 266 }, 
        {"sofa" : 12,  "begin" : 269,  "end" : 275 }, 
        {"sofa" : 12,  "begin" : 276,  "end" : 283 }, 
        {"sofa" : 12,  "begin" : 283,  "end" : 284 }, 
        {"sofa" : 12,  "begin" : 287,  "end" : 293 }, 
        {"sofa" : 12,  "begin" : 294,  "end" : 300 }, 
        {"sofa" : 12,  "begin" : 301,  "end" : 303 }, 
        {"sofa" : 12,  "begin" : 304,  "end" : 307 }, 
        {"sofa" : 12,  "begin" : 308,  "end" : 314 }, 
        {"sofa" : 12,  "begin" : 315,  "end" : 319 }, 
        {"sofa" : 12,  "begin" : 320,  "end" : 326 }, 
        {"sofa" : 12,  "begin" : 327,  "end" : 333 }, 
        {"sofa" : 12,  "begin" : 334,  "end" : 336 }, 
        {"sofa" : 12,  "begin" : 337,  "end" : 345 }, 
        {"sofa" : 12,  "begin" : 346,  "end" : 351 }, 
        {"sofa" : 12,  "begin" : 351,  "end" : 352 }, 
        {"sofa" : 12,  "begin" : 353,  "end" : 359 }, 
        {"sofa" : 12,  "begin" : 360,  "end" : 364 }, 
        {"sofa" : 12,  "begin" : 365,  "end" : 367 }, 
        {"sofa" : 12,  "begin" : 368,  "end" : 372 }, 
        {"sofa" : 12,  "begin" : 373,  "end" : 379 }, 
        {"sofa" : 12,  "begin" : 379,  "end" : 380 }, 
        {"sofa" : 12,  "begin" : 381,  "end" : 384 }, 
        {"sofa" : 12,  "begin" : 385,  "end" : 393 }, 
        {"sofa" : 12,  "begin" : 394,  "end" : 400 }, 
        {"sofa" : 12,  "begin" : 401,  "end" : 408 }, 
        {"sofa" : 12,  "begin" : 409,  "end" : 418 }, 
        {"sofa" : 12,  "begin" : 419,  "end" : 423 }, 
        {"sofa" : 12,  "begin" : 424,  "end" : 426 }, 
        {"sofa" : 12,  "begin" : 427,  "end" : 431 }, 
        {"sofa" : 12,  "begin" : 431,  "end" : 432 }, 
        {"sofa" : 12,  "begin" : 433,  "end" : 440 }, 
        {"sofa" : 12,  "begin" : 441,  "end" : 449 }, 
        {"sofa" : 12,  "begin" : 450,  "end" : 455 }, 
        {"sofa" : 12,  "begin" : 456,  "end" : 460 }, 
        {"sofa" : 12,  "begin" : 461,  "end" : 463 }, 
        {"sofa" : 12,  "begin" : 464,  "end" : 473 }, 
        {"sofa" : 12,  "begin" : 474,  "end" : 478 }, 
        {"sofa" : 12,  "begin" : 479,  "end" : 487 }, 
        {"sofa" : 12,  "begin" : 488,  "end" : 494 }, 
        {"sofa" : 12,  "begin" : 495,  "end" : 501 }, 
        {"sofa" : 12,  "begin" : 502,  "end" : 505 }, 
        {"sofa" : 12,  "begin" : 506,  "end" : 512 }, 
        {"sofa" : 12,  "begin" : 513,  "end" : 521 }, 
        {"sofa" : 12,  "begin" : 522,  "end" : 527 }, 
        {"sofa" : 12,  "begin" : 528,  "end" : 532 }, 
        {"sofa" : 12,  "begin" : 533,  "end" : 537 }, 
        {"sofa" : 12,  "begin" : 538,  "end" : 543 }, 
        {"sofa" : 12,  "begin" : 544,  "end" : 549 }, 
        {"sofa" : 12,  "begin" : 550,  "end" : 552 }, 
        {"sofa" : 12,  "begin" : 553,  "end" : 556 }, 
        {"sofa" : 12,  "begin" : 557,  "end" : 564 }, 
        {"sofa" : 12,  "begin" : 564,  "end" : 565 }, 
        {"sofa" : 12,  "begin" : 566,  "end" : 568 }, 
        {"sofa" : 12,  "begin" : 569,  "end" : 574 }, 
        {"sofa" : 12,  "begin" : 575,  "end" : 577 }, 
        {"sofa" : 12,  "begin" : 578,  "end" : 583 }, 
        {"sofa" : 12,  "begin" : 584,  "end" : 594 }, 
        {"sofa" : 12,  "begin" : 594,  "end" : 595 }, 
        {"sofa" : 12,  "begin" : 596,  "end" : 600 }, 
        {"sofa" : 12,  "begin" : 601,  "end" : 606 }, 
        {"sofa" : 12,  "begin" : 607,  "end" : 610 }, 
        {"sofa" : 12,  "begin" : 611,  "end" : 616 }, 
        {"sofa" : 12,  "begin" : 617,  "end" : 621 }, 
        {"sofa" : 12,  "begin" : 622,  "end" : 624 }, 
        {"sofa" : 12,  "begin" : 625,  "end" : 628 }, 
        {"sofa" : 12,  "begin" : 629,  "end" : 633 }, 
        {"sofa" : 12,  "begin" : 634,  "end" : 639 }, 
        {"sofa" : 12,  "begin" : 640,  "end" : 641 }, 
        {"sofa" : 12,  "begin" : 642,  "end" : 653 }, 
        {"sofa" : 12,  "begin" : 654,  "end" : 658 }, 
        {"sofa" : 12,  "begin" : 659,  "end" : 665 }, 
        {"sofa" : 12,  "begin" : 666,  "end" : 668 }, 
        {"sofa" : 12,  "begin" : 669,  "end" : 675 }, 
        {"sofa" : 12,  "begin" : 676,  "end" : 682 }, 
        {"sofa" : 12,  "begin" : 682,  "end" : 683 }, 
        {"sofa" : 12,  "begin" : 684,  "end" : 692 }, 
        {"sofa" : 12,  "begin" : 692,  "end" : 693 }, 
        {"sofa" : 12,  "begin" : 694,  "end" : 697 }, 
        {"sofa" : 12,  "begin" : 698,  "end" : 700 }, 
        {"sofa" : 12,  "begin" : 701,  "end" : 704 }, 
        {"sofa" : 12,  "begin" : 705,  "end" : 713 }, 
        {"sofa" : 12,  "begin" : 714,  "end" : 725 }, 
        {"sofa" : 12,  "begin" : 726,  "end" : 734 }, 
        {"sofa" : 12,  "begin" : 734,  "end" : 735 }, 
        {"sofa" : 12,  "begin" : 736,  "end" : 740 }, 
        {"sofa" : 12,  "begin" : 741,  "end" : 754 }, 
        {"sofa" : 12,  "begin" : 755,  "end" : 758 }, 
        {"sofa" : 12,  "begin" : 759,  "end" : 765 }, 
        {"sofa" : 12,  "begin" : 766,  "end" : 768 }, 
        {"sofa" : 12,  "begin" : 769,  "end" : 774 }, 
        {"sofa" : 12,  "begin" : 775,  "end" : 778 }, 
        {"sofa" : 12,  "begin" : 779,  "end" : 784 }, 
        {"sofa" : 12,  "begin" : 785,  "end" : 788 }, 
        {"sofa" : 12,  "begin" : 789,  "end" : 793 }, 
        {"sofa" : 12,  "begin" : 794,  "end" : 801 }, 
        {"sofa" : 12,  "begin" : 802,  "end" : 810 }, 
        {"sofa" : 12,  "begin" : 811,  "end" : 814 }, 
        {"sofa" : 12,  "begin" : 815,  "end" : 821 }, 
        {"sofa" : 12,  "begin" : 822,  "end" : 828 }, 
        {"sofa" : 12,  "begin" : 828,  "end" : 829 }, 
        {"sofa" : 12,  "begin" : 831,  "end" : 833 }, 
        {"sofa" : 12,  "begin" : 834,  "end" : 842 }, 
        {"sofa" : 12,  "begin" : 843,  "end" : 844 }, 
        {"sofa" : 12,  "begin" : 845,  "end" : 849 }, 
        {"sofa" : 12,  "begin" : 850,  "end" : 856 }, 
        {"sofa" : 12,  "begin" : 857,  "end" : 860 }, 
        {"sofa" : 12,  "begin" : 861,  "end" : 867 }, 
        {"sofa" : 12,  "begin" : 868,  "end" : 874 }, 
        {"sofa" : 12,  "begin" : 874,  "end" : 875 }, 
        {"sofa" : 12,  "begin" : 877,  "end" : 881 }, 
        {"sofa" : 12,  "begin" : 882,  "end" : 883 }, 
        {"sofa" : 12,  "begin" : 884,  "end" : 889 }, 
        {"sofa" : 12,  "begin" : 890,  "end" : 897 }, 
        {"sofa" : 12,  "begin" : 898,  "end" : 906 }, 
        {"sofa" : 12,  "begin" : 907,  "end" : 910 }, 
        {"sofa" : 12,  "begin" : 911,  "end" : 915 }, 
        {"sofa" : 12,  "begin" : 916,  "end" : 922 }, 
        {"sofa" : 12,  "begin" : 923,  "end" : 925 }, 
        {"sofa" : 12,  "begin" : 926,  "end" : 928 }, 
        {"sofa" : 12,  "begin" : 929,  "end" : 936 }, 
        {"sofa" : 12,  "begin" : 937,  "end" : 947 }, 
        {"sofa" : 12,  "begin" : 948,  "end" : 955 }, 
        {"sofa" : 12,  "begin" : 956,  "end" : 958 }, 
        {"sofa" : 12,  "begin" : 959,  "end" : 964 }, 
        {"sofa" : 12,  "begin" : 965,  "end" : 967 }, 
        {"sofa" : 12,  "begin" : 968,  "end" : 975 }, 
        {"sofa" : 12,  "begin" : 976,  "end" : 979 }, 
        {"sofa" : 12,  "begin" : 980,  "end" : 990 }, 
        {"sofa" : 12,  "begin" : 990,  "end" : 991 }, 
        {"sofa" : 12,  "begin" : 992,  "end" : 1001 }, 
        {"sofa" : 12,  "begin" : 1002,  "end" : 1008 }, 
        {"sofa" : 12,  "begin" : 1009,  "end" : 1011 }, 
        {"sofa" : 12,  "begin" : 1012,  "end" : 1020 }, 
        {"sofa" : 12,  "begin" : 1021,  "end" : 1027 }, 
        {"sofa" : 12,  "begin" : 1028,  "end" : 1037 }, 
        {"sofa" : 12,  "begin" : 1038,  "end" : 1043 }, 
        {"sofa" : 12,  "begin" : 1044,  "end" : 1045 }, 
        {"sofa" : 12,  "begin" : 1046,  "end" : 1053 }, 
        {"sofa" : 12,  "begin" : 1054,  "end" : 1061 }, 
        {"sofa" : 12,  "begin" : 1062,  "end" : 1064 }, 
        {"sofa" : 12,  "begin" : 1065,  "end" : 1072 }, 
        {"sofa" : 12,  "begin" : 1073,  "end" : 1077 }, 
        {"sofa" : 12,  "begin" : 1078,  "end" : 1083 }, 
        {"sofa" : 12,  "begin" : 1084,  "end" : 1088 }, 
        {"sofa" : 12,  "begin" : 1089,  "end" : 1093 }, 
        {"sofa" : 12,  "begin" : 1094,  "end" : 1104 }, 
        {"sofa" : 12,  "begin" : 1105,  "end" : 1110 }, 
        {"sofa" : 12,  "begin" : 1111,  "end" : 1114 }, 
        {"sofa" : 12,  "begin" : 1115,  "end" : 1119 }, 
        {"sofa" : 12,  "begin" : 1120,  "end" : 1130 }, 
        {"sofa" : 12,  "begin" : 1130,  "end" : 1131 }, 
        {"sofa" : 12,  "begin" : 1132,  "end" : 1134 }, 
        {"sofa" : 12,  "begin" : 1135,  "end" : 1138 }, 
        {"sofa" : 12,  "begin" : 1139,  "end" : 1143 }, 
        {"sofa" : 12,  "begin" : 1144,  "end" : 1146 }, 
        {"sofa" : 12,  "begin" : 1147,  "end" : 1148 }, 
        {"sofa" : 12,  "begin" : 1149,  "end" : 1158 }, 
        {"sofa" : 12,  "begin" : 1159,  "end" : 1164 }, 
        {"sofa" : 12,  "begin" : 1165,  "end" : 1170 }, 
        {"sofa" : 12,  "begin" : 1171,  "end" : 1176 }, 
        {"sofa" : 12,  "begin" : 1177,  "end" : 1181 }, 
        {"sofa" : 12,  "begin" : 1182,  "end" : 1196 }, 
        {"sofa" : 12,  "begin" : 1197,  "end" : 1201 }, 
        {"sofa" : 12,  "begin" : 1202,  "end" : 1206 }, 
        {"sofa" : 12,  "begin" : 1207,  "end" : 1216 }, 
        {"sofa" : 12,  "begin" : 1217,  "end" : 1223 }, 
        {"sofa" : 12,  "begin" : 1224,  "end" : 1227 }, 
        {"sofa" : 12,  "begin" : 1228,  "end" : 1232 }, 
        {"sofa" : 12,  "begin" : 1233,  "end" : 1240 }, 
        {"sofa" : 12,  "begin" : 1241,  "end" : 1252 }, 
        {"sofa" : 12,  "begin" : 1252,  "end" : 1253 }, 
        {"sofa" : 12,  "begin" : 1254,  "end" : 1259 }, 
        {"sofa" : 12,  "begin" : 1260,  "end" : 1265 }, 
        {"sofa" : 12,  "begin" : 1266,  "end" : 1269 }, 
        {"sofa" : 12,  "begin" : 1270,  "end" : 1279 }, 
        {"sofa" : 12,  "begin" : 1280,  "end" : 1282 }, 
        {"sofa" : 12,  "begin" : 1283,  "end" : 1289 }, 
        {"sofa" : 12,  "begin" : 1290,  "end" : 1297 }, 
        {"sofa" : 12,  "begin" : 1298,  "end" : 1302 }, 
        {"sofa" : 12,  "begin" : 1303,  "end" : 1307 }, 
        {"sofa" : 12,  "begin" : 1308,  "end" : 1312 }, 
        {"sofa" : 12,  "begin" : 1313,  "end" : 1327 }, 
        {"sofa" : 12,  "begin" : 1328,  "end" : 1332 }, 
        {"sofa" : 12,  "begin" : 1333,  "end" : 1334 }, 
        {"sofa" : 12,  "begin" : 1335,  "end" : 1343 }, 
        {"sofa" : 12,  "begin" : 1344,  "end" : 1348 }, 
        {"sofa" : 12,  "begin" : 1349,  "end" : 1351 }, 
        {"sofa" : 12,  "begin" : 1352,  "end" : 1356 }, 
        {"sofa" : 12,  "begin" : 1357,  "end" : 1360 }, 
        {"sofa" : 12,  "begin" : 1361,  "end" : 1364 }, 
        {"sofa" : 12,  "begin" : 1365,  "end" : 1369 }, 
        {"sofa" : 12,  "begin" : 1370,  "end" : 1384 }, 
        {"sofa" : 12,  "begin" : 1385,  "end" : 1392 }, 
        {"sofa" : 12,  "begin" : 1393,  "end" : 1396 }, 
        {"sofa" : 12,  "begin" : 1397,  "end" : 1401 }, 
        {"sofa" : 12,  "begin" : 1402,  "end" : 1409 }, 
        {"sofa" : 12,  "begin" : 1409,  "end" : 1410 }, 
        {"sofa" : 12,  "begin" : 1412,  "end" : 1414 }, 
        {"sofa" : 12,  "begin" : 1415,  "end" : 1416 }, 
        {"sofa" : 12,  "begin" : 1417,  "end" : 1422 }, 
        {"sofa" : 12,  "begin" : 1423,  "end" : 1426 }, 
        {"sofa" : 12,  "begin" : 1427,  "end" : 1429 }, 
        {"sofa" : 12,  "begin" : 1430,  "end" : 1438 }, 
        {"sofa" : 12,  "begin" : 1439,  "end" : 1445 }, 
        {"sofa" : 12,  "begin" : 1446,  "end" : 1449 }, 
        {"sofa" : 12,  "begin" : 1450,  "end" : 1453 }, 
        {"sofa" : 12,  "begin" : 1454,  "end" : 1463 }, 
        {"sofa" : 12,  "begin" : 1464,  "end" : 1466 }, 
        {"sofa" : 12,  "begin" : 1467,  "end" : 1476 }, 
        {"sofa" : 12,  "begin" : 1476,  "end" : 1477 }, 
        {"sofa" : 12,  "begin" : 1478,  "end" : 1481 }, 
        {"sofa" : 12,  "begin" : 1482,  "end" : 1489 }, 
        {"sofa" : 12,  "begin" : 1490,  "end" : 1493 }, 
        {"sofa" : 12,  "begin" : 1494,  "end" : 1498 }, 
        {"sofa" : 12,  "begin" : 1499,  "end" : 1503 }, 
        {"sofa" : 12,  "begin" : 1504,  "end" : 1508 }, 
        {"sofa" : 12,  "begin" : 1509,  "end" : 1525 }, 
        {"sofa" : 12,  "begin" : 1526,  "end" : 1531 }, 
        {"sofa" : 12,  "begin" : 1532,  "end" : 1536 }, 
        {"sofa" : 12,  "begin" : 1537,  "end" : 1540 }, 
        {"sofa" : 12,  "begin" : 1541,  "end" : 1545 }, 
        {"sofa" : 12,  "begin" : 1546,  "end" : 1556 }, 
        {"sofa" : 12,  "begin" : 1557,  "end" : 1559 }, 
        {"sofa" : 12,  "begin" : 1560,  "end" : 1566 }, 
        {"sofa" : 12,  "begin" : 1567,  "end" : 1571 }, 
        {"sofa" : 12,  "begin" : 1572,  "end" : 1574 }, 
        {"sofa" : 12,  "begin" : 1575,  "end" : 1578 }, 
        {"sofa" : 12,  "begin" : 1579,  "end" : 1582 }, 
        {"sofa" : 12,  "begin" : 1583,  "end" : 1588 }, 
        {"sofa" : 12,  "begin" : 1589,  "end" : 1593 }, 
        {"sofa" : 12,  "begin" : 1594,  "end" : 1602 }, 
        {"sofa" : 12,  "begin" : 1602,  "end" : 1603 }, 
        {"sofa" : 12,  "begin" : 1605,  "end" : 1609 }, 
        {"sofa" : 12,  "begin" : 1610,  "end" : 1615 }, 
        {"sofa" : 12,  "begin" : 1616,  "end" : 1628 }, 
        {"sofa" : 12,  "begin" : 1628,  "end" : 1629 }, 
        {"sofa" : 12,  "begin" : 1631,  "end" : 1642 }, 
        {"sofa" : 12,  "begin" : 1643,  "end" : 1647 }, 
        {"sofa" : 12,  "begin" : 1648,  "end" : 1653 }, 
        {"sofa" : 12,  "begin" : 1654,  "end" : 1658 }, 
        {"sofa" : 12,  "begin" : 1659,  "end" : 1663 }, 
        {"sofa" : 12,  "begin" : 1664,  "end" : 1676 }, 
        {"sofa" : 12,  "begin" : 1677,  "end" : 1682 }, 
        {"sofa" : 12,  "begin" : 1683,  "end" : 1688 }, 
        {"sofa" : 12,  "begin" : 1689,  "end" : 1692 }, 
        {"sofa" : 12,  "begin" : 1693,  "end" : 1697 }, 
        {"sofa" : 12,  "begin" : 1698,  "end" : 1700 }, 
        {"sofa" : 12,  "begin" : 1701,  "end" : 1707 }, 
        {"sofa" : 12,  "begin" : 1708,  "end" : 1714 }, 
        {"sofa" : 12,  "begin" : 1715,  "end" : 1722 }, 
        {"sofa" : 12,  "begin" : 1723,  "end" : 1728 }, 
        {"sofa" : 12,  "begin" : 1729,  "end" : 1740 }, 
        {"sofa" : 12,  "begin" : 1741,  "end" : 1746 }, 
        {"sofa" : 12,  "begin" : 1747,  "end" : 1754 }, 
        {"sofa" : 12,  "begin" : 1755,  "end" : 1761 }, 
        {"sofa" : 12,  "begin" : 1762,  "end" : 1770 }, 
        {"sofa" : 12,  "begin" : 1770,  "end" : 1771 }, 
        {"sofa" : 12,  "begin" : 1772,  "end" : 1777 }, 
        {"sofa" : 12,  "begin" : 1778,  "end" : 1780 }, 
        {"sofa" : 12,  "begin" : 1781,  "end" : 1784 }, 
        {"sofa" : 12,  "begin" : 1785,  "end" : 1792 }, 
        {"sofa" : 12,  "begin" : 1793,  "end" : 1799 }, 
        {"sofa" : 12,  "begin" : 1800,  "end" : 1806 }, 
        {"sofa" : 12,  "begin" : 1807,  "end" : 1810 }, 
        {"sofa" : 12,  "begin" : 1811,  "end" : 1824 }, 
        {"sofa" : 12,  "begin" : 1825,  "end" : 1827 }, 
        {"sofa" : 12,  "begin" : 1828,  "end" : 1844 }, 
        {"sofa" : 12,  "begin" : 1844,  "end" : 1845 }, 
        {"sofa" : 12,  "begin" : 1846,  "end" : 1863 }, 
        {"sofa" : 12,  "begin" : 1864,  "end" : 1869 }, 
        {"sofa" : 12,  "begin" : 1869,  "end" : 1870 }, 
        {"sofa" : 12,  "begin" : 1872,  "end" : 1876 }, 
        {"sofa" : 12,  "begin" : 1877,  "end" : 1879 }, 
        {"sofa" : 12,  "begin" : 1880,  "end" : 1883 }, 
        {"sofa" : 12,  "begin" : 1884,  "end" : 1894 }, 
        {"sofa" : 12,  "begin" : 1895,  "end" : 1902 }, 
        {"sofa" : 12,  "begin" : 1903,  "end" : 1907 }, 
        {"sofa" : 12,  "begin" : 1907,  "end" : 1908 }, 
        {"sofa" : 12,  "begin" : 1910,  "end" : 1921 }, 
        {"sofa" : 12,  "begin" : 1922,  "end" : 1925 }, 
        {"sofa" : 12,  "begin" : 1926,  "end" : 1928 }, 
        {"sofa" : 12,  "begin" : 1929,  "end" : 1931 }, 
        {"sofa" : 12,  "begin" : 1932,  "end" : 1941 }, 
        {"sofa" : 12,  "begin" : 1942,  "end" : 1949 }, 
        {"sofa" : 12,  "begin" : 1950,  "end" : 1956 }, 
        {"sofa" : 12,  "begin" : 1957,  "end" : 1961 }, 
        {"sofa" : 12,  "begin" : 1962,  "end" : 1964 }, 
        {"sofa" : 12,  "begin" : 1965,  "end" : 1969 }, 
        {"sofa" : 12,  "begin" : 1970,  "end" : 1974 }, 
        {"sofa" : 12,  "begin" : 1975,  "end" : 1980 }, 
        {"sofa" : 12,  "begin" : 1981,  "end" : 1985 }, 
        {"sofa" : 12,  "begin" : 1986,  "end" : 1994 }, 
        {"sofa" : 12,  "begin" : 1995,  "end" : 2004 }, 
        {"sofa" : 12,  "begin" : 2005,  "end" : 2006 }, 
        {"sofa" : 12,  "begin" : 2007,  "end" : 2014 }, 
        {"sofa" : 12,  "begin" : 2015,  "end" : 2019 }, 
        {"sofa" : 12,  "begin" : 2020,  "end" : 2022 }, 
        {"sofa" : 12,  "begin" : 2023,  "end" : 2030 }, 
        {"sofa" : 12,  "begin" : 2031,  "end" : 2037 }, 
        {"sofa" : 12,  "begin" : 2038,  "end" : 2044 }, 
        {"sofa" : 12,  "begin" : 2044,  "end" : 2045 }, 
        {"sofa" : 12,  "begin" : 2046,  "end" : 2048 }, 
        {"sofa" : 12,  "begin" : 2049,  "end" : 2051 }, 
        {"sofa" : 12,  "begin" : 2052,  "end" : 2055 }, 
        {"sofa" : 12,  "begin" : 2056,  "end" : 2058 }, 
        {"sofa" : 12,  "begin" : 2059,  "end" : 2066 }, 
        {"sofa" : 12,  "begin" : 2067,  "end" : 2071 }, 
        {"sofa" : 12,  "begin" : 2072,  "end" : 2075 }, 
        {"sofa" : 12,  "begin" : 2076,  "end" : 2082 }, 
        {"sofa" : 12,  "begin" : 2083,  "end" : 2089 }, 
        {"sofa" : 12,  "begin" : 2090,  "end" : 2094 }, 
        {"sofa" : 12,  "begin" : 2095,  "end" : 2099 }, 
        {"sofa" : 12,  "begin" : 2100,  "end" : 2108 }, 
        {"sofa" : 12,  "begin" : 2109,  "end" : 2111 }, 
        {"sofa" : 12,  "begin" : 2112,  "end" : 2122 }, 
        {"sofa" : 12,  "begin" : 2123,  "end" : 2127 }, 
        {"sofa" : 12,  "begin" : 2128,  "end" : 2130 }, 
        {"sofa" : 12,  "begin" : 2131,  "end" : 2140 }, 
        {"sofa" : 12,  "begin" : 2141,  "end" : 2145 }, 
        {"sofa" : 12,  "begin" : 2146,  "end" : 2148 }, 
        {"sofa" : 12,  "begin" : 2149,  "end" : 2155 }, 
        {"sofa" : 12,  "begin" : 2156,  "end" : 2162 }, 
        {"sofa" : 12,  "begin" : 2162,  "end" : 2163 }, 
        {"sofa" : 12,  "begin" : 2164,  "end" : 2165 }, 
        {"sofa" : 12,  "begin" : 2165,  "end" : 2166 }, 
        {"sofa" : 12,  "begin" : 2166,  "end" : 2167 }, 
        {"sofa" : 12,  "begin" : 2169,  "end" : 2172 }, 
        {"sofa" : 12,  "begin" : 2173,  "end" : 2178 }, 
        {"sofa" : 12,  "begin" : 2179,  "end" : 2184 }, 
        {"sofa" : 12,  "begin" : 2185,  "end" : 2193 }, 
        {"sofa" : 12,  "begin" : 2194,  "end" : 2196 }, 
        {"sofa" : 12,  "begin" : 2197,  "end" : 2200 }, 
        {"sofa" : 12,  "begin" : 2201,  "end" : 2214 }, 
        {"sofa" : 12,  "begin" : 2215,  "end" : 2222 }, 
        {"sofa" : 12,  "begin" : 2223,  "end" : 2225 }, 
        {"sofa" : 12,  "begin" : 2226,  "end" : 2238 }, 
        {"sofa" : 12,  "begin" : 2239,  "end" : 2241 }, 
        {"sofa" : 12,  "begin" : 2242,  "end" : 2246 }, 
        {"sofa" : 12,  "begin" : 2247,  "end" : 2250 }, 
        {"sofa" : 12,  "begin" : 2251,  "end" : 2257 }, 
        {"sofa" : 12,  "begin" : 2258,  "end" : 2260 }, 
        {"sofa" : 12,  "begin" : 2261,  "end" : 2264 }, 
        {"sofa" : 12,  "begin" : 2265,  "end" : 2269 }, 
        {"sofa" : 12,  "begin" : 2270,  "end" : 2275 }, 
        {"sofa" : 12,  "begin" : 2276,  "end" : 2283 }, 
        {"sofa" : 12,  "begin" : 2284,  "end" : 2291 }, 
        {"sofa" : 12,  "begin" : 2292,  "end" : 2300 }, 
        {"sofa" : 12,  "begin" : 2301,  "end" : 2305 }, 
        {"sofa" : 12,  "begin" : 2306,  "end" : 2314 }, 
        {"sofa" : 12,  "begin" : 2315,  "end" : 2324 }, 
        {"sofa" : 12,  "begin" : 2325,  "end" : 2326 }, 
        {"sofa" : 12,  "begin" : 2327,  "end" : 2334 }, 
        {"sofa" : 12,  "begin" : 2335,  "end" : 2339 }, 
        {"sofa" : 12,  "begin" : 2340,  "end" : 2342 }, 
        {"sofa" : 12,  "begin" : 2343,  "end" : 2350 }, 
        {"sofa" : 12,  "begin" : 2351,  "end" : 2357 }, 
        {"sofa" : 12,  "begin" : 2358,  "end" : 2364 }, 
        {"sofa" : 12,  "begin" : 2365,  "end" : 2367 }, 
        {"sofa" : 12,  "begin" : 2368,  "end" : 2371 }, 
        {"sofa" : 12,  "begin" : 2371,  "end" : 2372 }, 
        {"sofa" : 12,  "begin" : 2373,  "end" : 2374 }, 
        {"sofa" : 12,  "begin" : 2374,  "end" : 2375 }, 
        {"sofa" : 12,  "begin" : 2375,  "end" : 2376 }, 
        {"sofa" : 12,  "begin" : 2378,  "end" : 2380 }, 
        {"sofa" : 12,  "begin" : 2381,  "end" : 2385 }, 
        {"sofa" : 12,  "begin" : 2385,  "end" : 2386 }, 
        {"sofa" : 12,  "begin" : 2387,  "end" : 2389 }, 
        {"sofa" : 12,  "begin" : 2389,  "end" : 2390 }, 
        {"sofa" : 12,  "begin" : 2391,  "end" : 2395 }, 
        {"sofa" : 12,  "begin" : 2396,  "end" : 2401 }, 
        {"sofa" : 12,  "begin" : 2402,  "end" : 2410 }, 
        {"sofa" : 12,  "begin" : 2411,  "end" : 2414 }, 
        {"sofa" : 12,  "begin" : 2415,  "end" : 2425 }, 
        {"sofa" : 12,  "begin" : 2426,  "end" : 2430 }, 
        {"sofa" : 12,  "begin" : 2431,  "end" : 2433 }, 
        {"sofa" : 12,  "begin" : 2434,  "end" : 2443 }, 
        {"sofa" : 12,  "begin" : 2444,  "end" : 2453 }, 
        {"sofa" : 12,  "begin" : 2454,  "end" : 2461 }, 
        {"sofa" : 12,  "begin" : 2462,  "end" : 2465 }, 
        {"sofa" : 12,  "begin" : 2466,  "end" : 2471 }, 
        {"sofa" : 12,  "begin" : 2472,  "end" : 2473 }, 
        {"sofa" : 12,  "begin" : 2474,  "end" : 2477 }, 
        {"sofa" : 12,  "begin" : 2478,  "end" : 2486 }, 
        {"sofa" : 12,  "begin" : 2487,  "end" : 2489 }, 
        {"sofa" : 12,  "begin" : 2490,  "end" : 2496 }, 
        {"sofa" : 12,  "begin" : 2497,  "end" : 2503 }, 
        {"sofa" : 12,  "begin" : 2504,  "end" : 2508 }, 
        {"sofa" : 12,  "begin" : 2509,  "end" : 2514 }, 
        {"sofa" : 12,  "begin" : 2515,  "end" : 2520 }, 
        {"sofa" : 12,  "begin" : 2521,  "end" : 2524 }, 
        {"sofa" : 12,  "begin" : 2525,  "end" : 2530 }, 
        {"sofa" : 12,  "begin" : 2531,  "end" : 2539 }, 
        {"sofa" : 12,  "begin" : 2540,  "end" : 2545 }, 
        {"sofa" : 12,  "begin" : 2546,  "end" : 2553 }, 
        {"sofa" : 12,  "begin" : 2554,  "end" : 2560 }, 
        {"sofa" : 12,  "begin" : 2561,  "end" : 2566 }, 
        {"sofa" : 12,  "begin" : 2567,  "end" : 2570 }, 
        {"sofa" : 12,  "begin" : 2571,  "end" : 2572 }, 
        {"sofa" : 12,  "begin" : 2573,  "end" : 2576 }, 
        {"sofa" : 12,  "begin" : 2577,  "end" : 2585 }, 
        {"sofa" : 12,  "begin" : 2586,  "end" : 2588 }, 
        {"sofa" : 12,  "begin" : 2589,  "end" : 2595 }, 
        {"sofa" : 12,  "begin" : 2596,  "end" : 2602 }, 
        {"sofa" : 12,  "begin" : 2603,  "end" : 2607 }, 
        {"sofa" : 12,  "begin" : 2608,  "end" : 2613 }, 
        {"sofa" : 12,  "begin" : 2614,  "end" : 2619 }, 
        {"sofa" : 12,  "begin" : 2620,  "end" : 2623 }, 
        {"sofa" : 12,  "begin" : 2624,  "end" : 2629 }, 
        {"sofa" : 12,  "begin" : 2630,  "end" : 2638 }, 
        {"sofa" : 12,  "begin" : 2639,  "end" : 2645 }, 
        {"sofa" : 12,  "begin" : 2646,  "end" : 2652 }, 
        {"sofa" : 12,  "begin" : 2653,  "end" : 2658 }, 
        {"sofa" : 12,  "begin" : 2658,  "end" : 2659 }, 
        {"sofa" : 12,  "begin" : 2660,  "end" : 2661 }, 
        {"sofa" : 12,  "begin" : 2661,  "end" : 2662 }, 
        {"sofa" : 12,  "begin" : 2662,  "end" : 2663 }, 
        {"sofa" : 12,  "begin" : 2665,  "end" : 2666 }, 
        {"sofa" : 12,  "begin" : 2667,  "end" : 2672 }, 
        {"sofa" : 12,  "begin" : 2673,  "end" : 2677 }, 
        {"sofa" : 12,  "begin" : 2678,  "end" : 2680 }, 
        {"sofa" : 12,  "begin" : 2681,  "end" : 2697 }, 
        {"sofa" : 12,  "begin" : 2698,  "end" : 2703 }, 
        {"sofa" : 12,  "begin" : 2704,  "end" : 2706 }, 
        {"sofa" : 12,  "begin" : 2707,  "end" : 2718 }, 
        {"sofa" : 12,  "begin" : 2719,  "end" : 2721 }, 
        {"sofa" : 12,  "begin" : 2722,  "end" : 2728 }, 
        {"sofa" : 12,  "begin" : 2729,  "end" : 2739 }, 
        {"sofa" : 12,  "begin" : 2740,  "end" : 2746 }, 
        {"sofa" : 12,  "begin" : 2747,  "end" : 2751 }, 
        {"sofa" : 12,  "begin" : 2752,  "end" : 2768 }, 
        {"sofa" : 12,  "begin" : 2769,  "end" : 2774 }, 
        {"sofa" : 12,  "begin" : 2775,  "end" : 2779 }, 
        {"sofa" : 12,  "begin" : 2780,  "end" : 2782 }, 
        {"sofa" : 12,  "begin" : 2783,  "end" : 2787 }, 
        {"sofa" : 12,  "begin" : 2788,  "end" : 2794 }, 
        {"sofa" : 12,  "begin" : 2795,  "end" : 2796 }, 
        {"sofa" : 12,  "begin" : 2797,  "end" : 2802 }, 
        {"sofa" : 12,  "begin" : 2803,  "end" : 2807 }, 
        {"sofa" : 12,  "begin" : 2808,  "end" : 2814 }, 
        {"sofa" : 12,  "begin" : 2815,  "end" : 2817 }, 
        {"sofa" : 12,  "begin" : 2818,  "end" : 2821 }, 
        {"sofa" : 12,  "begin" : 2822,  "end" : 2828 }, 
        {"sofa" : 12,  "begin" : 2829,  "end" : 2835 }, 
        {"sofa" : 12,  "begin" : 2836,  "end" : 2838 }, 
        {"sofa" : 12,  "begin" : 2839,  "end" : 2843 }, 
        {"sofa" : 12,  "begin" : 2844,  "end" : 2847 }, 
        {"sofa" : 12,  "begin" : 2848,  "end" : 2857 }, 
        {"sofa" : 12,  "begin" : 2858,  "end" : 2866 }, 
        {"sofa" : 12,  "begin" : 2867,  "end" : 2871 }, 
        {"sofa" : 12,  "begin" : 2872,  "end" : 2877 }, 
        {"sofa" : 12,  "begin" : 2878,  "end" : 2881 }, 
        {"sofa" : 12,  "begin" : 2882,  "end" : 2885 }, 
        {"sofa" : 12,  "begin" : 2886,  "end" : 2891 }, 
        {"sofa" : 12,  "begin" : 2892,  "end" : 2900 }, 
        {"sofa" : 12,  "begin" : 2901,  "end" : 2903 }, 
        {"sofa" : 12,  "begin" : 2904,  "end" : 2912 }, 
        {"sofa" : 12,  "begin" : 2912,  "end" : 2913 }, 
        {"sofa" : 12,  "begin" : 2914,  "end" : 2915 }, 
        {"sofa" : 12,  "begin" : 2915,  "end" : 2916 }, 
        {"sofa" : 12,  "begin" : 2916,  "end" : 2917 }, 
        {"sofa" : 12,  "begin" : 2919,  "end" : 2921 }, 
        {"sofa" : 12,  "begin" : 2922,  "end" : 2924 }, 
        {"sofa" : 12,  "begin" : 2925,  "end" : 2929 }, 
        {"sofa" : 12,  "begin" : 2930,  "end" : 2941 }, 
        {"sofa" : 12,  "begin" : 2942,  "end" : 2952 }, 
        {"sofa" : 12,  "begin" : 2953,  "end" : 2955 }, 
        {"sofa" : 12,  "begin" : 2956,  "end" : 2963 }, 
        {"sofa" : 12,  "begin" : 2964,  "end" : 2968 }, 
        {"sofa" : 12,  "begin" : 2969,  "end" : 2975 }, 
        {"sofa" : 12,  "begin" : 2976,  "end" : 2977 }, 
        {"sofa" : 12,  "begin" : 2978,  "end" : 2983 }, 
        {"sofa" : 12,  "begin" : 2984,  "end" : 2993 }, 
        {"sofa" : 12,  "begin" : 2994,  "end" : 2999 }, 
        {"sofa" : 12,  "begin" : 3000,  "end" : 3002 }, 
        {"sofa" : 12,  "begin" : 3003,  "end" : 3005 }, 
        {"sofa" : 12,  "begin" : 3006,  "end" : 3011 }, 
        {"sofa" : 12,  "begin" : 3012,  "end" : 3015 }, 
        {"sofa" : 12,  "begin" : 3016,  "end" : 3022 }, 
        {"sofa" : 12,  "begin" : 3023,  "end" : 3024 }, 
        {"sofa" : 12,  "begin" : 3025,  "end" : 3032 }, 
        {"sofa" : 12,  "begin" : 3033,  "end" : 3037 }, 
        {"sofa" : 12,  "begin" : 3038,  "end" : 3040 }, 
        {"sofa" : 12,  "begin" : 3041,  "end" : 3048 }, 
        {"sofa" : 12,  "begin" : 3049,  "end" : 3055 }, 
        {"sofa" : 12,  "begin" : 3056,  "end" : 3062 }, 
        {"sofa" : 12,  "begin" : 3062,  "end" : 3063 }, 
        {"sofa" : 12,  "begin" : 3064,  "end" : 3071 }, 
        {"sofa" : 12,  "begin" : 3072,  "end" : 3077 }, 
        {"sofa" : 12,  "begin" : 3078,  "end" : 3087 }, 
        {"sofa" : 12,  "begin" : 3088,  "end" : 3090 }, 
        {"sofa" : 12,  "begin" : 3091,  "end" : 3094 }, 
        {"sofa" : 12,  "begin" : 3095,  "end" : 3101 }, 
        {"sofa" : 12,  "begin" : 3102,  "end" : 3107 }, 
        {"sofa" : 12,  "begin" : 3108,  "end" : 3112 }, 
        {"sofa" : 12,  "begin" : 3113,  "end" : 3119 }, 
        {"sofa" : 12,  "begin" : 3120,  "end" : 3127 }, 
        {"sofa" : 12,  "begin" : 3128,  "end" : 3130 }, 
        {"sofa" : 12,  "begin" : 3131,  "end" : 3138 }, 
        {"sofa" : 12,  "begin" : 3139,  "end" : 3142 }, 
        {"sofa" : 12,  "begin" : 3143,  "end" : 3148 }, 
        {"sofa" : 12,  "begin" : 3149,  "end" : 3152 }, 
        {"sofa" : 12,  "begin" : 3153,  "end" : 3158 }, 
        {"sofa" : 12,  "begin" : 3159,  "end" : 3164 }, 
        {"sofa" : 12,  "begin" : 3165,  "end" : 3169 }, 
        {"sofa" : 12,  "begin" : 3170,  "end" : 3172 }, 
        {"sofa" : 12,  "begin" : 3173,  "end" : 3179 }, 
        {"sofa" : 12,  "begin" : 3180,  "end" : 3186 }, 
        {"sofa" : 12,  "begin" : 3186,  "end" : 3187 }, 
        {"sofa" : 12,  "begin" : 3188,  "end" : 3189 }, 
        {"sofa" : 12,  "begin" : 3189,  "end" : 3190 }, 
        {"sofa" : 12,  "begin" : 3190,  "end" : 3191 }, 
        {"sofa" : 12,  "begin" : 3192,  "end" : 3197 }, 
        {"sofa" : 12,  "begin" : 3198,  "end" : 3201 }, 
        {"sofa" : 12,  "begin" : 3202,  "end" : 3207 }, 
        {"sofa" : 12,  "begin" : 3208,  "end" : 3213 }, 
        {"sofa" : 12,  "begin" : 3214,  "end" : 3219 }, 
        {"sofa" : 12,  "begin" : 3220,  "end" : 3229 }, 
        {"sofa" : 12,  "begin" : 3230,  "end" : 3235 }, 
        {"sofa" : 12,  "begin" : 3236,  "end" : 3239 }, 
        {"sofa" : 12,  "begin" : 3240,  "end" : 3243 }, 
        {"sofa" : 12,  "begin" : 3244,  "end" : 3254 }, 
        {"sofa" : 12,  "begin" : 3255,  "end" : 3262 }, 
        {"sofa" : 12,  "begin" : 3263,  "end" : 3265 }, 
        {"sofa" : 12,  "begin" : 3266,  "end" : 3267 }, 
        {"sofa" : 12,  "begin" : 3268,  "end" : 3273 }, 
        {"sofa" : 12,  "begin" : 3274,  "end" : 3283 }, 
        {"sofa" : 12,  "begin" : 3284,  "end" : 3293 }, 
        {"sofa" : 12,  "begin" : 3294,  "end" : 3297 }, 
        {"sofa" : 12,  "begin" : 3298,  "end" : 3303 }, 
        {"sofa" : 12,  "begin" : 3304,  "end" : 3311 }, 
        {"sofa" : 12,  "begin" : 3312,  "end" : 3315 }, 
        {"sofa" : 12,  "begin" : 3316,  "end" : 3326 }, 
        {"sofa" : 12,  "begin" : 3327,  "end" : 3334 }, 
        {"sofa" : 12,  "begin" : 3335,  "end" : 3337 }, 
        {"sofa" : 12,  "begin" : 3338,  "end" : 3344 }, 
        {"sofa" : 12,  "begin" : 3345,  "end" : 3352 }, 
        {"sofa" : 12,  "begin" : 3352,  "end" : 3353 }, 
        {"sofa" : 12,  "begin" : 3355,  "end" : 3361 }, 
        {"sofa" : 12,  "begin" : 3362,  "end" : 3367 }, 
        {"sofa" : 12,  "begin" : 3368,  "end" : 3373 }, 
        {"sofa" : 12,  "begin" : 3374,  "end" : 3376 }, 
        {"sofa" : 12,  "begin" : 3377,  "end" : 3389 }, 
        {"sofa" : 12,  "begin" : 3390,  "end" : 3403 }, 
        {"sofa" : 12,  "begin" : 3405,  "end" : 3417 }, 
        {"sofa" : 12,  "begin" : 3418,  "end" : 3431 }, 
        {"sofa" : 12,  "begin" : 3432,  "end" : 3437 }, 
        {"sofa" : 12,  "begin" : 3438,  "end" : 3442 }, 
        {"sofa" : 12,  "begin" : 3443,  "end" : 3445 }, 
        {"sofa" : 12,  "begin" : 3446,  "end" : 3451 }, 
        {"sofa" : 12,  "begin" : 3452,  "end" : 3453 }, 
        {"sofa" : 12,  "begin" : 3454,  "end" : 3459 }, 
        {"sofa" : 12,  "begin" : 3460,  "end" : 3464 }, 
        {"sofa" : 12,  "begin" : 3465,  "end" : 3467 }, 
        {"sofa" : 12,  "begin" : 3468,  "end" : 3474 }, 
        {"sofa" : 12,  "begin" : 3475,  "end" : 3480 }, 
        {"sofa" : 12,  "begin" : 3481,  "end" : 3483 }, 
        {"sofa" : 12,  "begin" : 3484,  "end" : 3486 }, 
        {"sofa" : 12,  "begin" : 3487,  "end" : 3494 }, 
        {"sofa" : 12,  "begin" : 3495,  "end" : 3497 }, 
        {"sofa" : 12,  "begin" : 3498,  "end" : 3503 }, 
        {"sofa" : 12,  "begin" : 3504,  "end" : 3508 }, 
        {"sofa" : 12,  "begin" : 3509,  "end" : 3517 }, 
        {"sofa" : 12,  "begin" : 3518,  "end" : 3521 }, 
        {"sofa" : 12,  "begin" : 3522,  "end" : 3524 }, 
        {"sofa" : 12,  "begin" : 3525,  "end" : 3529 }, 
        {"sofa" : 12,  "begin" : 3530,  "end" : 3532 }, 
        {"sofa" : 12,  "begin" : 3533,  "end" : 3539 }, 
        {"sofa" : 12,  "begin" : 3540,  "end" : 3546 }, 
        {"sofa" : 12,  "begin" : 3546,  "end" : 3547 }, 
        {"sofa" : 12,  "begin" : 3548,  "end" : 3549 }, 
        {"sofa" : 12,  "begin" : 3549,  "end" : 3550 }, 
        {"sofa" : 12,  "begin" : 3550,  "end" : 3551 }, 
        {"sofa" : 12,  "begin" : 3552,  "end" : 3556 }, 
        {"sofa" : 12,  "begin" : 3557,  "end" : 3562 }, 
        {"sofa" : 12,  "begin" : 3563,  "end" : 3566 }, 
        {"sofa" : 12,  "begin" : 3567,  "end" : 3573 }, 
        {"sofa" : 12,  "begin" : 3574,  "end" : 3576 }, 
        {"sofa" : 12,  "begin" : 3577,  "end" : 3578 }, 
        {"sofa" : 12,  "begin" : 3579,  "end" : 3585 }, 
        {"sofa" : 12,  "begin" : 3586,  "end" : 3588 }, 
        {"sofa" : 12,  "begin" : 3589,  "end" : 3593 }, 
        {"sofa" : 12,  "begin" : 3593,  "end" : 3594 }, 
        {"sofa" : 12,  "begin" : 3595,  "end" : 3600 }, 
        {"sofa" : 12,  "begin" : 3600,  "end" : 3601 }, 
        {"sofa" : 12,  "begin" : 3602,  "end" : 3604 }, 
        {"sofa" : 12,  "begin" : 3605,  "end" : 3612 }, 
        {"sofa" : 12,  "begin" : 3613,  "end" : 3622 }, 
        {"sofa" : 12,  "begin" : 3623,  "end" : 3625 }, 
        {"sofa" : 12,  "begin" : 3626,  "end" : 3631 }, 
        {"sofa" : 12,  "begin" : 3632,  "end" : 3635 }, 
        {"sofa" : 12,  "begin" : 3636,  "end" : 3639 }, 
        {"sofa" : 12,  "begin" : 3640,  "end" : 3649 }, 
        {"sofa" : 12,  "begin" : 3650,  "end" : 3652 }, 
        {"sofa" : 12,  "begin" : 3653,  "end" : 3656 }, 
        {"sofa" : 12,  "begin" : 3657,  "end" : 3663 }, 
        {"sofa" : 12,  "begin" : 3664,  "end" : 3673 }, 
        {"sofa" : 12,  "begin" : 3674,  "end" : 3679 }, 
        {"sofa" : 12,  "begin" : 3680,  "end" : 3682 }, 
        {"sofa" : 12,  "begin" : 3683,  "end" : 3690 }, 
        {"sofa" : 12,  "begin" : 3691,  "end" : 3699 }, 
        {"sofa" : 12,  "begin" : 3700,  "end" : 3703 }, 
        {"sofa" : 12,  "begin" : 3704,  "end" : 3713 }, 
        {"sofa" : 12,  "begin" : 3714,  "end" : 3716 }, 
        {"sofa" : 12,  "begin" : 3717,  "end" : 3721 }, 
        {"sofa" : 12,  "begin" : 3721,  "end" : 3722 }, 
        {"sofa" : 12,  "begin" : 3723,  "end" : 3726 }, 
        {"sofa" : 12,  "begin" : 3727,  "end" : 3730 }, 
        {"sofa" : 12,  "begin" : 3731,  "end" : 3736 }, 
        {"sofa" : 12,  "begin" : 3737,  "end" : 3743 }, 
        {"sofa" : 12,  "begin" : 3744,  "end" : 3749 }, 
        {"sofa" : 12,  "begin" : 3750,  "end" : 3759 }, 
        {"sofa" : 12,  "begin" : 3760,  "end" : 3765 }, 
        {"sofa" : 12,  "begin" : 3766,  "end" : 3769 }, 
        {"sofa" : 12,  "begin" : 3770,  "end" : 3773 }, 
        {"sofa" : 12,  "begin" : 3774,  "end" : 3783 }, 
        {"sofa" : 12,  "begin" : 3784,  "end" : 3789 }, 
        {"sofa" : 12,  "begin" : 3790,  "end" : 3794 }, 
        {"sofa" : 12,  "begin" : 3795,  "end" : 3799 }, 
        {"sofa" : 12,  "begin" : 3800,  "end" : 3803 }, 
        {"sofa" : 12,  "begin" : 3804,  "end" : 3812 }, 
        {"sofa" : 12,  "begin" : 3813,  "end" : 3820 }, 
        {"sofa" : 12,  "begin" : 3821,  "end" : 3825 }, 
        {"sofa" : 12,  "begin" : 3826,  "end" : 3838 }, 
        {"sofa" : 12,  "begin" : 3838,  "end" : 3839 }, 
        {"sofa" : 12,  "begin" : 3840,  "end" : 3846 }, 
        {"sofa" : 12,  "begin" : 3846,  "end" : 3847 }, 
        {"sofa" : 12,  "begin" : 3848,  "end" : 3851 }, 
        {"sofa" : 12,  "begin" : 3852,  "end" : 3858 }, 
        {"sofa" : 12,  "begin" : 3859,  "end" : 3864 }, 
        {"sofa" : 12,  "begin" : 3865,  "end" : 3872 }, 
        {"sofa" : 12,  "begin" : 3873,  "end" : 3881 }, 
        {"sofa" : 12,  "begin" : 3882,  "end" : 3887 }, 
        {"sofa" : 12,  "begin" : 3888,  "end" : 3890 }, 
        {"sofa" : 12,  "begin" : 3891,  "end" : 3897 }, 
        {"sofa" : 12,  "begin" : 3898,  "end" : 3904 }, 
        {"sofa" : 12,  "begin" : 3905,  "end" : 3907 }, 
        {"sofa" : 12,  "begin" : 3908,  "end" : 3912 }, 
        {"sofa" : 12,  "begin" : 3913,  "end" : 3917 }, 
        {"sofa" : 12,  "begin" : 3918,  "end" : 3924 }, 
        {"sofa" : 12,  "begin" : 3925,  "end" : 3927 }, 
        {"sofa" : 12,  "begin" : 3928,  "end" : 3934 }, 
        {"sofa" : 12,  "begin" : 3935,  "end" : 3940 }, 
        {"sofa" : 12,  "begin" : 3941,  "end" : 3949 }, 
        {"sofa" : 12,  "begin" : 3950,  "end" : 3959 }, 
        {"sofa" : 12,  "begin" : 3960,  "end" : 3965 }, 
        {"sofa" : 12,  "begin" : 3966,  "end" : 3970 }, 
        {"sofa" : 12,  "begin" : 3970,  "end" : 3971 }, 
        {"sofa" : 12,  "begin" : 3972,  "end" : 3976 }, 
        {"sofa" : 12,  "begin" : 3977,  "end" : 3981 }, 
        {"sofa" : 12,  "begin" : 3982,  "end" : 3988 }, 
        {"sofa" : 12,  "begin" : 3989,  "end" : 3991 }, 
        {"sofa" : 12,  "begin" : 3992,  "end" : 4001 }, 
        {"sofa" : 12,  "begin" : 4002,  "end" : 4004 }, 
        {"sofa" : 12,  "begin" : 4005,  "end" : 4013 }, 
        {"sofa" : 12,  "begin" : 4014,  "end" : 4020 }, 
        {"sofa" : 12,  "begin" : 4021,  "end" : 4027 }, 
        {"sofa" : 12,  "begin" : 4028,  "end" : 4034 }, 
        {"sofa" : 12,  "begin" : 4035,  "end" : 4038 }, 
        {"sofa" : 12,  "begin" : 4039,  "end" : 4043 }, 
        {"sofa" : 12,  "begin" : 4044,  "end" : 4053 }, 
        {"sofa" : 12,  "begin" : 4054,  "end" : 4059 }, 
        {"sofa" : 12,  "begin" : 4060,  "end" : 4062 }, 
        {"sofa" : 12,  "begin" : 4063,  "end" : 4068 }, 
        {"sofa" : 12,  "begin" : 4069,  "end" : 4072 }, 
        {"sofa" : 12,  "begin" : 4073,  "end" : 4076 }, 
        {"sofa" : 12,  "begin" : 4077,  "end" : 4083 }, 
        {"sofa" : 12,  "begin" : 4084,  "end" : 4090 }, 
        {"sofa" : 12,  "begin" : 4091,  "end" : 4092 }, 
        {"sofa" : 12,  "begin" : 4093,  "end" : 4098 }, 
        {"sofa" : 12,  "begin" : 4099,  "end" : 4105 }, 
        {"sofa" : 12,  "begin" : 4106,  "end" : 4110 }, 
        {"sofa" : 12,  "begin" : 4111,  "end" : 4121 }, 
        {"sofa" : 12,  "begin" : 4122,  "end" : 4131 }, 
        {"sofa" : 12,  "begin" : 4132,  "end" : 4134 }, 
        {"sofa" : 12,  "begin" : 4135,  "end" : 4144 }, 
        {"sofa" : 12,  "begin" : 4144,  "end" : 4145 }, 
        {"sofa" : 12,  "begin" : 4146,  "end" : 4148 }, 
        {"sofa" : 12,  "begin" : 4149,  "end" : 4151 }, 
        {"sofa" : 12,  "begin" : 4152,  "end" : 4156 }, 
        {"sofa" : 12,  "begin" : 4157,  "end" : 4167 }, 
        {"sofa" : 12,  "begin" : 4168,  "end" : 4172 }, 
        {"sofa" : 12,  "begin" : 4173,  "end" : 4175 }, 
        {"sofa" : 12,  "begin" : 4176,  "end" : 4179 }, 
        {"sofa" : 12,  "begin" : 4180,  "end" : 4186 }, 
        {"sofa" : 12,  "begin" : 4187,  "end" : 4192 }, 
        {"sofa" : 12,  "begin" : 4193,  "end" : 4196 }, 
        {"sofa" : 12,  "begin" : 4197,  "end" : 4204 }, 
        {"sofa" : 12,  "begin" : 4205,  "end" : 4208 }, 
        {"sofa" : 12,  "begin" : 4209,  "end" : 4211 }, 
        {"sofa" : 12,  "begin" : 4212,  "end" : 4217 }, 
        {"sofa" : 12,  "begin" : 4218,  "end" : 4227 }, 
        {"sofa" : 12,  "begin" : 4228,  "end" : 4230 }, 
        {"sofa" : 12,  "begin" : 4231,  "end" : 4239 }, 
        {"sofa" : 12,  "begin" : 4240,  "end" : 4243 }, 
        {"sofa" : 12,  "begin" : 4244,  "end" : 4248 }, 
        {"sofa" : 12,  "begin" : 4249,  "end" : 4252 }, 
        {"sofa" : 12,  "begin" : 4253,  "end" : 4256 }, 
        {"sofa" : 12,  "begin" : 4257,  "end" : 4259 }, 
        {"sofa" : 12,  "begin" : 4260,  "end" : 4262 }, 
        {"sofa" : 12,  "begin" : 4263,  "end" : 4268 }, 
        {"sofa" : 12,  "begin" : 4269,  "end" : 4271 }, 
        {"sofa" : 12,  "begin" : 4272,  "end" : 4275 }, 
        {"sofa" : 12,  "begin" : 4276,  "end" : 4282 }, 
        {"sofa" : 12,  "begin" : 4283,  "end" : 4289 }, 
        {"sofa" : 12,  "begin" : 4290,  "end" : 4293 }, 
        {"sofa" : 12,  "begin" : 4294,  "end" : 4301 }, 
        {"sofa" : 12,  "begin" : 4302,  "end" : 4305 }, 
        {"sofa" : 12,  "begin" : 4306,  "end" : 4308 }, 
        {"sofa" : 12,  "begin" : 4309,  "end" : 4314 }, 
        {"sofa" : 12,  "begin" : 4315,  "end" : 4322 }, 
        {"sofa" : 12,  "begin" : 4323,  "end" : 4332 }, 
        {"sofa" : 12,  "begin" : 4333,  "end" : 4335 }, 
        {"sofa" : 12,  "begin" : 4336,  "end" : 4339 }, 
        {"sofa" : 12,  "begin" : 4340,  "end" : 4344 }, 
        {"sofa" : 12,  "begin" : 4345,  "end" : 4347 }, 
        {"sofa" : 12,  "begin" : 4348,  "end" : 4351 }, 
        {"sofa" : 12,  "begin" : 4352,  "end" : 4357 }, 
        {"sofa" : 12,  "begin" : 4358,  "end" : 4361 }, 
        {"sofa" : 12,  "begin" : 4362,  "end" : 4368 }, 
        {"sofa" : 12,  "begin" : 4369,  "end" : 4371 }, 
        {"sofa" : 12,  "begin" : 4372,  "end" : 4374 }, 
        {"sofa" : 12,  "begin" : 4374,  "end" : 4375 }, 
        {"sofa" : 12,  "begin" : 4377,  "end" : 4382 }, 
        {"sofa" : 12,  "begin" : 4383,  "end" : 4389 }, 
        {"sofa" : 12,  "begin" : 4390,  "end" : 4392 }, 
        {"sofa" : 12,  "begin" : 4393,  "end" : 4397 }, 
        {"sofa" : 12,  "begin" : 4399,  "end" : 4403 }, 
        {"sofa" : 12,  "begin" : 4404,  "end" : 4406 }, 
        {"sofa" : 12,  "begin" : 4407,  "end" : 4419 }, 
        {"sofa" : 12,  "begin" : 4420,  "end" : 4426 }, 
        {"sofa" : 12,  "begin" : 4427,  "end" : 4432 }, 
        {"sofa" : 12,  "begin" : 4433,  "end" : 4439 }, 
        {"sofa" : 12,  "begin" : 4440,  "end" : 4444 }, 
        {"sofa" : 12,  "begin" : 4445,  "end" : 4453 }, 
        {"sofa" : 12,  "begin" : 4454,  "end" : 4459 }, 
        {"sofa" : 12,  "begin" : 4460,  "end" : 4463 }, 
        {"sofa" : 12,  "begin" : 4464,  "end" : 4468 }, 
        {"sofa" : 12,  "begin" : 4469,  "end" : 4471 }, 
        {"sofa" : 12,  "begin" : 4472,  "end" : 4474 }, 
        {"sofa" : 12,  "begin" : 4475,  "end" : 4483 }, 
        {"sofa" : 12,  "begin" : 4484,  "end" : 4489 }, 
        {"sofa" : 12,  "begin" : 4490,  "end" : 4495 }, 
        {"sofa" : 12,  "begin" : 4496,  "end" : 4500 }, 
        {"sofa" : 12,  "begin" : 4501,  "end" : 4507 }, 
        {"sofa" : 12,  "begin" : 4508,  "end" : 4510 }, 
        {"sofa" : 12,  "begin" : 4511,  "end" : 4516 }, 
        {"sofa" : 12,  "begin" : 4517,  "end" : 4521 }, 
        {"sofa" : 12,  "begin" : 4522,  "end" : 4527 }, 
        {"sofa" : 12,  "begin" : 4528,  "end" : 4530 }, 
        {"sofa" : 12,  "begin" : 4531,  "end" : 4534 }, 
        {"sofa" : 12,  "begin" : 4535,  "end" : 4543 }, 
        {"sofa" : 12,  "begin" : 4544,  "end" : 4549 }, 
        {"sofa" : 12,  "begin" : 4550,  "end" : 4558 }, 
        {"sofa" : 12,  "begin" : 4559,  "end" : 4561 }, 
        {"sofa" : 12,  "begin" : 4562,  "end" : 4568 }, 
        {"sofa" : 12,  "begin" : 4569,  "end" : 4575 }, 
        {"sofa" : 12,  "begin" : 4576,  "end" : 4580 }, 
        {"sofa" : 12,  "begin" : 4581,  "end" : 4587 }, 
        {"sofa" : 12,  "begin" : 4588,  "end" : 4590 }, 
        {"sofa" : 12,  "begin" : 4591,  "end" : 4599 }, 
        {"sofa" : 12,  "begin" : 4600,  "end" : 4603 }, 
        {"sofa" : 12,  "begin" : 4604,  "end" : 4609 }, 
        {"sofa" : 12,  "begin" : 4609,  "end" : 4610 }, 
        {"sofa" : 12,  "begin" : 4611,  "end" : 4616 }, 
        {"sofa" : 12,  "begin" : 4617,  "end" : 4623 }, 
        {"sofa" : 12,  "begin" : 4624,  "end" : 4628 }, 
        {"sofa" : 12,  "begin" : 4629,  "end" : 4632 }, 
        {"sofa" : 12,  "begin" : 4633,  "end" : 4638 }, 
        {"sofa" : 12,  "begin" : 4639,  "end" : 4641 }, 
        {"sofa" : 12,  "begin" : 4642,  "end" : 4646 }, 
        {"sofa" : 12,  "begin" : 4647,  "end" : 4651 }, 
        {"sofa" : 12,  "begin" : 4652,  "end" : 4656 }, 
        {"sofa" : 12,  "begin" : 4657,  "end" : 4666 }, 
        {"sofa" : 12,  "begin" : 4667,  "end" : 4674 }, 
        {"sofa" : 12,  "begin" : 4675,  "end" : 4679 }, 
        {"sofa" : 12,  "begin" : 4680,  "end" : 4684 }, 
        {"sofa" : 12,  "begin" : 4685,  "end" : 4693 }, 
        {"sofa" : 12,  "begin" : 4694,  "end" : 4697 }, 
        {"sofa" : 12,  "begin" : 4698,  "end" : 4706 }, 
        {"sofa" : 12,  "begin" : 4707,  "end" : 4708 }, 
        {"sofa" : 12,  "begin" : 4709,  "end" : 4716 }, 
        {"sofa" : 12,  "begin" : 4717,  "end" : 4721 }, 
        {"sofa" : 12,  "begin" : 4722,  "end" : 4724 }, 
        {"sofa" : 12,  "begin" : 4725,  "end" : 4732 }, 
        {"sofa" : 12,  "begin" : 4733,  "end" : 4739 }, 
        {"sofa" : 12,  "begin" : 4740,  "end" : 4746 }, 
        {"sofa" : 12,  "begin" : 4747,  "end" : 4752 }, 
        {"sofa" : 12,  "begin" : 4753,  "end" : 4755 }, 
        {"sofa" : 12,  "begin" : 4756,  "end" : 4760 }, 
        {"sofa" : 12,  "begin" : 4760,  "end" : 4761 } ], 
      "Persuasive_Labels" : [
        {"sofa" : 12,  "begin" : 596,  "end" : 633,  "EmotionalAppeals" : "anger" }, 
        {"sofa" : 12,  "begin" : 596,  "end" : 633,  "EmotionalAppeals" : "emotional appeals" }, 
        {"sofa" : 12,  "begin" : 694,  "end" : 829,  "PoliticizingHealthIssues" : "politicizing health issues" }, 
        {"sofa" : 12,  "begin" : 694,  "end" : 829,  "PoliticizingHealthIssues" : "political figures or political argument" }, 
        {"sofa" : 12,  "begin" : 831,  "end" : 875,  "EstablishingLegitimacy" : "legitimate persuasive techniques: rhetorical question" }, 
        {"sofa" : 12,  "begin" : 831,  "end" : 875,  "EstablishingLegitimacy" : "Establishing Legitimacy" }, 
        {"sofa" : 12,  "begin" : 877,  "end" : 1603,  "InappropriateUseofScientificEvidence" : "lack of citation for evidence" }, 
        {"sofa" : 12,  "begin" : 877,  "end" : 1603,  "InappropriateUseofScientificEvidence" : "inappropriate use of scientific and Other evidence" }, 
        {"sofa" : 12,  "begin" : 1631,  "end" : 1653,  "EstablishingLegitimacy" : "surface credibility markers - simply claiming authority or credibility" }, 
        {"sofa" : 12,  "begin" : 1631,  "end" : 1653,  "EstablishingLegitimacy" : "Establishing Legitimacy" }, 
        {"sofa" : 12,  "begin" : 1910,  "end" : 2163,  "InappropriateUseofScientificEvidence" : "less robust evidence or outdated evidence_verified" }, 
        {"sofa" : 12,  "begin" : 1910,  "end" : 2163,  "InappropriateUseofScientificEvidence" : "inappropriate use of scientific and Other evidence" }, 
        {"sofa" : 12,  "begin" : 2942,  "end" : 2963,  "EstablishingLegitimacy" : "surface credibility markers - simply claiming authority or credibility" }, 
        {"sofa" : 12,  "begin" : 2942,  "end" : 2963,  "EstablishingLegitimacy" : "Establishing Legitimacy" }, 
        {"sofa" : 12,  "begin" : 3064,  "end" : 3101,  "EstablishingLegitimacy" : "surface credibility markers - simply claiming authority or credibility" }, 
        {"sofa" : 12,  "begin" : 3064,  "end" : 3101,  "EstablishingLegitimacy" : "Establishing Legitimacy" }, 
        {"sofa" : 12,  "begin" : 3355,  "end" : 4375,  "BiasedReasoningtoMakeaConclusion" : "biased reasoning to make a conclusion" }, 
        {"sofa" : 12,  "begin" : 3355,  "end" : 4375,  "BiasedReasoningtoMakeaConclusion" : "shifting hypothesis" }, 
        {"sofa" : 12,  "begin" : 3595,  "end" : 3839,  "ExploitingSciencesLimitations" : "Exploiting Science’s Limitations" }, 
        {"sofa" : 12,  "begin" : 4399,  "end" : 4610,  "EmotionalAppeals" : "anger" }, 
        {"sofa" : 12,  "begin" : 4399,  "end" : 4610,  "EmotionalAppeals" : "emotional appeals" }, 
        {"sofa" : 12,  "begin" : 4399,  "end" : 4495,  "PoliticizingHealthIssues" : "religion or ideology" }, 
        {"sofa" : 12,  "begin" : 4399,  "end" : 4489,  "PoliticizingHealthIssues" : "politicizing health issues" } ] } }, 
  "_referenced_fss" : {
    "12" : {"_type" : "Sofa",  "sofaNum" : 1,  "sofaID" : "_InitialView",  "mimeType" : "text",  "sofaString" : "﻿snes-02999 Studies have proved that having an abortion increases a woman's risk of developing breast cancer. \r\nSource: https://rtl.org/educational-materials/abortion-breast-cancer-link/ \r\nFact checking: https://www.snopes.com/fact-check/abortion-breast-cancer-link/ \r\nActual content: \r\nBreast cancer is the second most common cancer in American women, second only to skin cancer. The American Cancer Society estimates that in 2021, 281,550 American women will be diagnosed with invasive breast cancer and 43,600 American women will lose their lives to the disease. In spite of these statistics, many women are being kept in the dark about a preventable risk factor of breast cancer: abortion. Due to the politics surrounding abortion, many organizations are afraid to speak out about the link between abortion and breast cancer.\r\nIs abortion a risk factor for breast cancer?\r\nWhen a woman becomes pregnant her body begins to go through biological changes in order to prepare for childbirth. Increased levels of estrogen during pregnancy cause a woman's breasts to enlarge with cells that will eventually allow for milk production. By the time of a full-term birth these cells have differentiated into milk producing tissue and have stopped multiplying. These cells are resistant to cancer because they have been differentiated into a specific type of cell and the cell multiplication process has been stopped.\r\nIf a woman has an abortion before her 3rd trimester of pregnancy, her breasts are left with more undifferentiated cells that are more vulnerable to cancer than if she had never been pregnant.\r\nWhat about miscarriages?\r\nResearchers have found that most miscarriages don't raise the risk of breast cancer because these pregnancies don't produce enough estrogen, which is the driving factor behind the proliferation of undifferentiated, cancer-vulnerable cells.\r\nWhat do the scientific studies show?\r\nFifty-eight out of 74 worldwide studies dating back to 1957 have shown that abortion increases a woman's risk of getting breast cancer. 19 of the 23 studies from the United States show that abortion is associated with an increased risk of breast cancer. (1)\r\nOne study which appeared in the International Journal of Epidemiology in 1989 and relied on New York state medical records reported that abortion increased a woman's risk of getting breast cancer by 90%. (2)\r\nIn 1996, Dr. Joel Brind combined the statistics from 23 different worldwide studies and found a 30% increase of breast cancer risk among women who chose abortion after already giving birth and a 50% increase of breast cancer risk among women who chose abortion before giving birth. (3)\r\nA study done on African-American women by researchers at Howard University showed that African-American women over 50 were almost 5 times more likely to get breast cancer if they had abortions compared with women who had never received an abortion. (4)\r\nIt is also universally recognized by experts that having a first full-term birth at an early age lowers a woman's risk of getting breast cancer. Another study published in the Lancet found that breast feeding is another way women can lower their risk of breast cancer. (5) Women who abort their first pregnancy don't get the protective effects of a first full-term pregnancy and don't receive the protective effects of breast feeding.\r\nFlawed study cited by pro-abortion organizations\r\nPro-abortion organizations often like to quote a study done on Danish women in an attempt to prove that abortion has no link to breast cancer. (6) This study was flawed in a couple of ways. First, it counted thousands of women who had abortions as not having abortions since in Denmark abortion was legalized in 1939, but the study didn't start recording women who had abortions until 1973 when the abortion records were computerized. Second, the Melbye study started counting cases of breast cancer in 1968 even though it didn't start counting abortions until 1973. They were trying to determine if abortion caused breast cancer but were including cases of women who had breast cancer 5 years before they recognized abortions as occurring. It is also noteworthy that in the Melbye study the average age of women procuring an abortion was over the age of 25 while in the United States the average age of women getting abortions at the time of the study was closer to 20.\r\nWomen should be told\r\nEven if pro-abortion groups can't accept that abortion takes the life of an innocent human being they should at least warn women of the possible risks relating to breast cancer that having an abortion can cause. Women should have the right to know that many worldwide studies show that abortion can increase a woman's risk of getting breast cancer later in life.\r\n\r\n" } } }