{"_context" : {
    "_types" : {
      "DocumentMetaData" : {
        "_feature_types" : {"sofa" : "_ref" } }, 
      "Persuasive_Labels" : {
        "_feature_types" : {"sofa" : "_ref" } }, 
      "Sentence" : {
        "_feature_types" : {"sofa" : "_ref" } }, 
      "Sofa" : {
        "_feature_types" : {"sofaArray" : "_ref" } }, 
      "TagsetDescription" : {
        "_feature_types" : {"sofa" : "_ref",  "tags" : "_ref" } }, 
      "Token" : {
        "_feature_types" : {"sofa" : "_ref",  "parent" : "_ref",  "lemma" : "_ref",  "stem" : "_ref",  "pos" : "_ref",  "morph" : "_ref",  "form" : "_ref" } }, 
      "DocumentAnnotation" : {
        "_feature_types" : {"sofa" : "_ref" }, 
        "_subtypes" : ["DocumentMetaData" ] }, 
      "Annotation" : {
        "_feature_types" : {"sofa" : "_ref" }, 
        "_subtypes" : ["DocumentAnnotation",  "Persuasive_Labels",  "Sentence",  "TagsetDescription",  "Token" ] }, 
      "AnnotationBase" : {
        "_feature_types" : {"sofa" : "_ref" }, 
        "_subtypes" : ["Annotation" ] }, 
      "TOP" : {
        "_subtypes" : ["AnnotationBase",  "Sofa" ] } } }, 
  "_views" : {
    "_InitialView" : {
      "DocumentMetaData" : [
        {"sofa" : 12,  "end" : 3878,  "language" : "x-unspecified",  "documentTitle" : "129.%20tron-01830%20New%20Stroke%20Indicator%20Can%20Help%20Save%20Lives%20.txt",  "documentId" : "admin",  "documentUri" : "file:/C:/Users/huiyi/.webanno/repository/project/4/document/298/source/admin",  "collectionId" : "file:/C:/Users/huiyi/.webanno/repository/project/4/document/298/source/",  "documentBaseUri" : "file:/C:/Users/huiyi/.webanno/repository/project/4/document/298/source/",  "isLastSegment" : false } ], 
      "TagsetDescription" : [
        {"sofa" : 12,  "layer" : "de.tudarmstadt.ukp.dkpro.core.api.syntax.type.dependency.Dependency",  "name" : "UD Universal Dependencies (v2)",  "input" : false }, 
        {"sofa" : 12,  "layer" : "de.tudarmstadt.ukp.dkpro.core.api.ner.type.NamedEntity",  "name" : "Named Entity tags",  "input" : false }, 
        {"sofa" : 12,  "layer" : "de.tudarmstadt.ukp.dkpro.core.api.transform.type.SofaChangeAnnotation",  "name" : "Operation",  "input" : false }, 
        {"sofa" : 12,  "layer" : "de.tudarmstadt.ukp.dkpro.core.api.lexmorph.type.pos.POS",  "name" : "UD Universal POS tags (v2)",  "input" : false }, 
        {"sofa" : 12,  "layer" : "webanno.custom.Persuasive_Labels",  "name" : "2. Using Anecdotes and Personal Experience as Evidence",  "input" : false } ], 
      "Sentence" : [
        {"sofa" : 12,  "end" : 333 }, 
        {"sofa" : 12,  "begin" : 334,  "end" : 366 }, 
        {"sofa" : 12,  "begin" : 367,  "end" : 418 }, 
        {"sofa" : 12,  "begin" : 419,  "end" : 465 }, 
        {"sofa" : 12,  "begin" : 467,  "end" : 538 }, 
        {"sofa" : 12,  "begin" : 539,  "end" : 582 }, 
        {"sofa" : 12,  "begin" : 583,  "end" : 707 }, 
        {"sofa" : 12,  "begin" : 708,  "end" : 807 }, 
        {"sofa" : 12,  "begin" : 808,  "end" : 892 }, 
        {"sofa" : 12,  "begin" : 893,  "end" : 920 }, 
        {"sofa" : 12,  "begin" : 921,  "end" : 985 }, 
        {"sofa" : 12,  "begin" : 986,  "end" : 1080 }, 
        {"sofa" : 12,  "begin" : 1082,  "end" : 1157 }, 
        {"sofa" : 12,  "begin" : 1158,  "end" : 1239 }, 
        {"sofa" : 12,  "begin" : 1241,  "end" : 1300 }, 
        {"sofa" : 12,  "begin" : 1301,  "end" : 1547 }, 
        {"sofa" : 12,  "begin" : 1549,  "end" : 1642 }, 
        {"sofa" : 12,  "begin" : 1644,  "end" : 1752 }, 
        {"sofa" : 12,  "begin" : 1753,  "end" : 1801 }, 
        {"sofa" : 12,  "begin" : 1802,  "end" : 1852 }, 
        {"sofa" : 12,  "begin" : 1854,  "end" : 1912 }, 
        {"sofa" : 12,  "begin" : 1913,  "end" : 2023 }, 
        {"sofa" : 12,  "begin" : 2024,  "end" : 2074 }, 
        {"sofa" : 12,  "begin" : 2075,  "end" : 2111 }, 
        {"sofa" : 12,  "begin" : 2112,  "end" : 2142 }, 
        {"sofa" : 12,  "begin" : 2143,  "end" : 2257 }, 
        {"sofa" : 12,  "begin" : 2259,  "end" : 2393 }, 
        {"sofa" : 12,  "begin" : 2394,  "end" : 2416 }, 
        {"sofa" : 12,  "begin" : 2417,  "end" : 2514 }, 
        {"sofa" : 12,  "begin" : 2515,  "end" : 2581 }, 
        {"sofa" : 12,  "begin" : 2583,  "end" : 2615 }, 
        {"sofa" : 12,  "begin" : 2616,  "end" : 2664 }, 
        {"sofa" : 12,  "begin" : 2665,  "end" : 2753 }, 
        {"sofa" : 12,  "begin" : 2754,  "end" : 2821 }, 
        {"sofa" : 12,  "begin" : 2822,  "end" : 2911 }, 
        {"sofa" : 12,  "begin" : 2913,  "end" : 3037 }, 
        {"sofa" : 12,  "begin" : 3038,  "end" : 3117 }, 
        {"sofa" : 12,  "begin" : 3118,  "end" : 3145 }, 
        {"sofa" : 12,  "begin" : 3146,  "end" : 3178 }, 
        {"sofa" : 12,  "begin" : 3180,  "end" : 3312 }, 
        {"sofa" : 12,  "begin" : 3313,  "end" : 3354 }, 
        {"sofa" : 12,  "begin" : 3355,  "end" : 3400 }, 
        {"sofa" : 12,  "begin" : 3401,  "end" : 3462 }, 
        {"sofa" : 12,  "begin" : 3464,  "end" : 3516 }, 
        {"sofa" : 12,  "begin" : 3517,  "end" : 3682 }, 
        {"sofa" : 12,  "begin" : 3684,  "end" : 3740 }, 
        {"sofa" : 12,  "begin" : 3741,  "end" : 3815 }, 
        {"sofa" : 12,  "begin" : 3816,  "end" : 3843 }, 
        {"sofa" : 12,  "begin" : 3844,  "end" : 3874 } ], 
      "Token" : [
        {"sofa" : 12,  "end" : 5 }, 
        {"sofa" : 12,  "begin" : 5,  "end" : 6 }, 
        {"sofa" : 12,  "begin" : 6,  "end" : 11 }, 
        {"sofa" : 12,  "begin" : 12,  "end" : 15 }, 
        {"sofa" : 12,  "begin" : 16,  "end" : 22 }, 
        {"sofa" : 12,  "begin" : 23,  "end" : 32 }, 
        {"sofa" : 12,  "begin" : 33,  "end" : 36 }, 
        {"sofa" : 12,  "begin" : 37,  "end" : 41 }, 
        {"sofa" : 12,  "begin" : 42,  "end" : 46 }, 
        {"sofa" : 12,  "begin" : 47,  "end" : 52 }, 
        {"sofa" : 12,  "begin" : 55,  "end" : 61 }, 
        {"sofa" : 12,  "begin" : 62,  "end" : 67 }, 
        {"sofa" : 12,  "begin" : 67,  "end" : 68 }, 
        {"sofa" : 12,  "begin" : 68,  "end" : 69 }, 
        {"sofa" : 12,  "begin" : 69,  "end" : 70 }, 
        {"sofa" : 12,  "begin" : 70,  "end" : 84 }, 
        {"sofa" : 12,  "begin" : 84,  "end" : 85 }, 
        {"sofa" : 12,  "begin" : 85,  "end" : 95 }, 
        {"sofa" : 12,  "begin" : 95,  "end" : 96 }, 
        {"sofa" : 12,  "begin" : 96,  "end" : 128 }, 
        {"sofa" : 12,  "begin" : 128,  "end" : 129 }, 
        {"sofa" : 12,  "begin" : 132,  "end" : 136 }, 
        {"sofa" : 12,  "begin" : 137,  "end" : 145 }, 
        {"sofa" : 12,  "begin" : 145,  "end" : 146 }, 
        {"sofa" : 12,  "begin" : 147,  "end" : 152 }, 
        {"sofa" : 12,  "begin" : 152,  "end" : 153 }, 
        {"sofa" : 12,  "begin" : 153,  "end" : 154 }, 
        {"sofa" : 12,  "begin" : 154,  "end" : 155 }, 
        {"sofa" : 12,  "begin" : 155,  "end" : 177 }, 
        {"sofa" : 12,  "begin" : 177,  "end" : 178 }, 
        {"sofa" : 12,  "begin" : 178,  "end" : 218 }, 
        {"sofa" : 12,  "begin" : 218,  "end" : 219 }, 
        {"sofa" : 12,  "begin" : 222,  "end" : 228 }, 
        {"sofa" : 12,  "begin" : 229,  "end" : 236 }, 
        {"sofa" : 12,  "begin" : 236,  "end" : 237 }, 
        {"sofa" : 12,  "begin" : 240,  "end" : 245 }, 
        {"sofa" : 12,  "begin" : 246,  "end" : 249 }, 
        {"sofa" : 12,  "begin" : 250,  "end" : 253 }, 
        {"sofa" : 12,  "begin" : 254,  "end" : 260 }, 
        {"sofa" : 12,  "begin" : 262,  "end" : 266 }, 
        {"sofa" : 12,  "begin" : 267,  "end" : 273 }, 
        {"sofa" : 12,  "begin" : 274,  "end" : 281 }, 
        {"sofa" : 12,  "begin" : 281,  "end" : 282 }, 
        {"sofa" : 12,  "begin" : 283,  "end" : 286 }, 
        {"sofa" : 12,  "begin" : 287,  "end" : 298 }, 
        {"sofa" : 12,  "begin" : 299,  "end" : 301 }, 
        {"sofa" : 12,  "begin" : 302,  "end" : 305 }, 
        {"sofa" : 12,  "begin" : 306,  "end" : 311 }, 
        {"sofa" : 12,  "begin" : 312,  "end" : 316 }, 
        {"sofa" : 12,  "begin" : 317,  "end" : 326 }, 
        {"sofa" : 12,  "begin" : 327,  "end" : 332 }, 
        {"sofa" : 12,  "begin" : 332,  "end" : 333 }, 
        {"sofa" : 12,  "begin" : 334,  "end" : 338 }, 
        {"sofa" : 12,  "begin" : 339,  "end" : 340 }, 
        {"sofa" : 12,  "begin" : 341,  "end" : 347 }, 
        {"sofa" : 12,  "begin" : 348,  "end" : 354 }, 
        {"sofa" : 12,  "begin" : 354,  "end" : 355 }, 
        {"sofa" : 12,  "begin" : 356,  "end" : 360 }, 
        {"sofa" : 12,  "begin" : 361,  "end" : 365 }, 
        {"sofa" : 12,  "begin" : 365,  "end" : 366 }, 
        {"sofa" : 12,  "begin" : 367,  "end" : 369 }, 
        {"sofa" : 12,  "begin" : 370,  "end" : 376 }, 
        {"sofa" : 12,  "begin" : 377,  "end" : 382 }, 
        {"sofa" : 12,  "begin" : 383,  "end" : 386 }, 
        {"sofa" : 12,  "begin" : 387,  "end" : 393 }, 
        {"sofa" : 12,  "begin" : 394,  "end" : 396 }, 
        {"sofa" : 12,  "begin" : 396,  "end" : 397 }, 
        {"sofa" : 12,  "begin" : 398,  "end" : 400 }, 
        {"sofa" : 12,  "begin" : 401,  "end" : 404 }, 
        {"sofa" : 12,  "begin" : 405,  "end" : 409 }, 
        {"sofa" : 12,  "begin" : 410,  "end" : 413 }, 
        {"sofa" : 12,  "begin" : 413,  "end" : 414 }, 
        {"sofa" : 12,  "begin" : 414,  "end" : 417 }, 
        {"sofa" : 12,  "begin" : 417,  "end" : 418 }, 
        {"sofa" : 12,  "begin" : 419,  "end" : 426 }, 
        {"sofa" : 12,  "begin" : 426,  "end" : 427 }, 
        {"sofa" : 12,  "begin" : 428,  "end" : 430 }, 
        {"sofa" : 12,  "begin" : 431,  "end" : 436 }, 
        {"sofa" : 12,  "begin" : 436,  "end" : 437 }, 
        {"sofa" : 12,  "begin" : 438,  "end" : 441 }, 
        {"sofa" : 12,  "begin" : 442,  "end" : 453 }, 
        {"sofa" : 12,  "begin" : 454,  "end" : 458 }, 
        {"sofa" : 12,  "begin" : 459,  "end" : 464 }, 
        {"sofa" : 12,  "begin" : 464,  "end" : 465 }, 
        {"sofa" : 12,  "begin" : 467,  "end" : 471 }, 
        {"sofa" : 12,  "begin" : 472,  "end" : 475 }, 
        {"sofa" : 12,  "begin" : 476,  "end" : 482 }, 
        {"sofa" : 12,  "begin" : 483,  "end" : 485 }, 
        {"sofa" : 12,  "begin" : 486,  "end" : 489 }, 
        {"sofa" : 12,  "begin" : 490,  "end" : 492 }, 
        {"sofa" : 12,  "begin" : 493,  "end" : 498 }, 
        {"sofa" : 12,  "begin" : 499,  "end" : 501 }, 
        {"sofa" : 12,  "begin" : 502,  "end" : 504 }, 
        {"sofa" : 12,  "begin" : 505,  "end" : 507 }, 
        {"sofa" : 12,  "begin" : 508,  "end" : 515 }, 
        {"sofa" : 12,  "begin" : 516,  "end" : 519 }, 
        {"sofa" : 12,  "begin" : 520,  "end" : 524 }, 
        {"sofa" : 12,  "begin" : 525,  "end" : 532 }, 
        {"sofa" : 12,  "begin" : 533,  "end" : 537 }, 
        {"sofa" : 12,  "begin" : 537,  "end" : 538 }, 
        {"sofa" : 12,  "begin" : 539,  "end" : 544 }, 
        {"sofa" : 12,  "begin" : 544,  "end" : 545 }, 
        {"sofa" : 12,  "begin" : 546,  "end" : 549 }, 
        {"sofa" : 12,  "begin" : 550,  "end" : 554 }, 
        {"sofa" : 12,  "begin" : 555,  "end" : 558 }, 
        {"sofa" : 12,  "begin" : 559,  "end" : 571 }, 
        {"sofa" : 12,  "begin" : 572,  "end" : 575 }, 
        {"sofa" : 12,  "begin" : 576,  "end" : 581 }, 
        {"sofa" : 12,  "begin" : 581,  "end" : 582 }, 
        {"sofa" : 12,  "begin" : 583,  "end" : 585 }, 
        {"sofa" : 12,  "begin" : 586,  "end" : 589 }, 
        {"sofa" : 12,  "begin" : 590,  "end" : 594 }, 
        {"sofa" : 12,  "begin" : 595,  "end" : 597 }, 
        {"sofa" : 12,  "begin" : 598,  "end" : 602 }, 
        {"sofa" : 12,  "begin" : 603,  "end" : 607 }, 
        {"sofa" : 12,  "begin" : 608,  "end" : 610 }, 
        {"sofa" : 12,  "begin" : 611,  "end" : 620 }, 
        {"sofa" : 12,  "begin" : 621,  "end" : 628 }, 
        {"sofa" : 12,  "begin" : 628,  "end" : 629 }, 
        {"sofa" : 12,  "begin" : 630,  "end" : 634 }, 
        {"sofa" : 12,  "begin" : 635,  "end" : 640 }, 
        {"sofa" : 12,  "begin" : 641,  "end" : 643 }, 
        {"sofa" : 12,  "begin" : 644,  "end" : 647 }, 
        {"sofa" : 12,  "begin" : 648,  "end" : 652 }, 
        {"sofa" : 12,  "begin" : 652,  "end" : 653 }, 
        {"sofa" : 12,  "begin" : 654,  "end" : 663 }, 
        {"sofa" : 12,  "begin" : 663,  "end" : 664 }, 
        {"sofa" : 12,  "begin" : 665,  "end" : 666 }, 
        {"sofa" : 12,  "begin" : 667,  "end" : 673 }, 
        {"sofa" : 12,  "begin" : 674,  "end" : 680 }, 
        {"sofa" : 12,  "begin" : 681,  "end" : 683 }, 
        {"sofa" : 12,  "begin" : 684,  "end" : 685 }, 
        {"sofa" : 12,  "begin" : 686,  "end" : 694 }, 
        {"sofa" : 12,  "begin" : 695,  "end" : 698 }, 
        {"sofa" : 12,  "begin" : 699,  "end" : 703 }, 
        {"sofa" : 12,  "begin" : 704,  "end" : 706 }, 
        {"sofa" : 12,  "begin" : 706,  "end" : 707 }, 
        {"sofa" : 12,  "begin" : 708,  "end" : 713 }, 
        {"sofa" : 12,  "begin" : 714,  "end" : 717 }, 
        {"sofa" : 12,  "begin" : 718,  "end" : 724 }, 
        {"sofa" : 12,  "begin" : 724,  "end" : 725 }, 
        {"sofa" : 12,  "begin" : 725,  "end" : 728 }, 
        {"sofa" : 12,  "begin" : 729,  "end" : 733 }, 
        {"sofa" : 12,  "begin" : 734,  "end" : 738 }, 
        {"sofa" : 12,  "begin" : 739,  "end" : 741 }, 
        {"sofa" : 12,  "begin" : 742,  "end" : 751 }, 
        {"sofa" : 12,  "begin" : 752,  "end" : 754 }, 
        {"sofa" : 12,  "begin" : 754,  "end" : 755 }, 
        {"sofa" : 12,  "begin" : 756,  "end" : 759 }, 
        {"sofa" : 12,  "begin" : 760,  "end" : 764 }, 
        {"sofa" : 12,  "begin" : 765,  "end" : 768 }, 
        {"sofa" : 12,  "begin" : 769,  "end" : 771 }, 
        {"sofa" : 12,  "begin" : 772,  "end" : 774 }, 
        {"sofa" : 12,  "begin" : 775,  "end" : 780 }, 
        {"sofa" : 12,  "begin" : 781,  "end" : 784 }, 
        {"sofa" : 12,  "begin" : 785,  "end" : 788 }, 
        {"sofa" : 12,  "begin" : 789,  "end" : 791 }, 
        {"sofa" : 12,  "begin" : 792,  "end" : 795 }, 
        {"sofa" : 12,  "begin" : 796,  "end" : 798 }, 
        {"sofa" : 12,  "begin" : 799,  "end" : 806 }, 
        {"sofa" : 12,  "begin" : 806,  "end" : 807 }, 
        {"sofa" : 12,  "begin" : 808,  "end" : 813 }, 
        {"sofa" : 12,  "begin" : 814,  "end" : 817 }, 
        {"sofa" : 12,  "begin" : 818,  "end" : 820 }, 
        {"sofa" : 12,  "begin" : 821,  "end" : 829 }, 
        {"sofa" : 12,  "begin" : 830,  "end" : 841 }, 
        {"sofa" : 12,  "begin" : 842,  "end" : 848 }, 
        {"sofa" : 12,  "begin" : 848,  "end" : 849 }, 
        {"sofa" : 12,  "begin" : 850,  "end" : 854 }, 
        {"sofa" : 12,  "begin" : 855,  "end" : 860 }, 
        {"sofa" : 12,  "begin" : 861,  "end" : 866 }, 
        {"sofa" : 12,  "begin" : 867,  "end" : 868 }, 
        {"sofa" : 12,  "begin" : 869,  "end" : 871 }, 
        {"sofa" : 12,  "begin" : 872,  "end" : 876 }, 
        {"sofa" : 12,  "begin" : 877,  "end" : 880 }, 
        {"sofa" : 12,  "begin" : 881,  "end" : 891 }, 
        {"sofa" : 12,  "begin" : 891,  "end" : 892 }, 
        {"sofa" : 12,  "begin" : 893,  "end" : 898 }, 
        {"sofa" : 12,  "begin" : 899,  "end" : 903 }, 
        {"sofa" : 12,  "begin" : 904,  "end" : 909 }, 
        {"sofa" : 12,  "begin" : 910,  "end" : 915 }, 
        {"sofa" : 12,  "begin" : 916,  "end" : 919 }, 
        {"sofa" : 12,  "begin" : 919,  "end" : 920 }, 
        {"sofa" : 12,  "begin" : 921,  "end" : 923 }, 
        {"sofa" : 12,  "begin" : 924,  "end" : 929 }, 
        {"sofa" : 12,  "begin" : 930,  "end" : 934 }, 
        {"sofa" : 12,  "begin" : 935,  "end" : 938 }, 
        {"sofa" : 12,  "begin" : 939,  "end" : 944 }, 
        {"sofa" : 12,  "begin" : 945,  "end" : 947 }, 
        {"sofa" : 12,  "begin" : 948,  "end" : 952 }, 
        {"sofa" : 12,  "begin" : 952,  "end" : 953 }, 
        {"sofa" : 12,  "begin" : 954,  "end" : 958 }, 
        {"sofa" : 12,  "begin" : 959,  "end" : 966 }, 
        {"sofa" : 12,  "begin" : 967,  "end" : 971 }, 
        {"sofa" : 12,  "begin" : 972,  "end" : 976 }, 
        {"sofa" : 12,  "begin" : 977,  "end" : 984 }, 
        {"sofa" : 12,  "begin" : 984,  "end" : 985 }, 
        {"sofa" : 12,  "begin" : 986,  "end" : 990 }, 
        {"sofa" : 12,  "begin" : 991,  "end" : 994 }, 
        {"sofa" : 12,  "begin" : 995,  "end" : 997 }, 
        {"sofa" : 12,  "begin" : 998,  "end" : 1004 }, 
        {"sofa" : 12,  "begin" : 1005,  "end" : 1007 }, 
        {"sofa" : 12,  "begin" : 1008,  "end" : 1016 }, 
        {"sofa" : 12,  "begin" : 1016,  "end" : 1017 }, 
        {"sofa" : 12,  "begin" : 1018,  "end" : 1022 }, 
        {"sofa" : 12,  "begin" : 1023,  "end" : 1024 }, 
        {"sofa" : 12,  "begin" : 1025,  "end" : 1028 }, 
        {"sofa" : 12,  "begin" : 1029,  "end" : 1036 }, 
        {"sofa" : 12,  "begin" : 1037,  "end" : 1041 }, 
        {"sofa" : 12,  "begin" : 1042,  "end" : 1045 }, 
        {"sofa" : 12,  "begin" : 1046,  "end" : 1052 }, 
        {"sofa" : 12,  "begin" : 1054,  "end" : 1058 }, 
        {"sofa" : 12,  "begin" : 1059,  "end" : 1065 }, 
        {"sofa" : 12,  "begin" : 1066,  "end" : 1079 }, 
        {"sofa" : 12,  "begin" : 1079,  "end" : 1080 }, 
        {"sofa" : 12,  "begin" : 1082,  "end" : 1084 }, 
        {"sofa" : 12,  "begin" : 1085,  "end" : 1088 }, 
        {"sofa" : 12,  "begin" : 1089,  "end" : 1097 }, 
        {"sofa" : 12,  "begin" : 1098,  "end" : 1103 }, 
        {"sofa" : 12,  "begin" : 1104,  "end" : 1106 }, 
        {"sofa" : 12,  "begin" : 1107,  "end" : 1114 }, 
        {"sofa" : 12,  "begin" : 1114,  "end" : 1115 }, 
        {"sofa" : 12,  "begin" : 1116,  "end" : 1120 }, 
        {"sofa" : 12,  "begin" : 1121,  "end" : 1125 }, 
        {"sofa" : 12,  "begin" : 1126,  "end" : 1128 }, 
        {"sofa" : 12,  "begin" : 1129,  "end" : 1132 }, 
        {"sofa" : 12,  "begin" : 1133,  "end" : 1137 }, 
        {"sofa" : 12,  "begin" : 1138,  "end" : 1143 }, 
        {"sofa" : 12,  "begin" : 1144,  "end" : 1148 }, 
        {"sofa" : 12,  "begin" : 1149,  "end" : 1152 }, 
        {"sofa" : 12,  "begin" : 1153,  "end" : 1156 }, 
        {"sofa" : 12,  "begin" : 1156,  "end" : 1157 }, 
        {"sofa" : 12,  "begin" : 1158,  "end" : 1162 }, 
        {"sofa" : 12,  "begin" : 1163,  "end" : 1168 }, 
        {"sofa" : 12,  "begin" : 1169,  "end" : 1173 }, 
        {"sofa" : 12,  "begin" : 1174,  "end" : 1177 }, 
        {"sofa" : 12,  "begin" : 1178,  "end" : 1182 }, 
        {"sofa" : 12,  "begin" : 1183,  "end" : 1188 }, 
        {"sofa" : 12,  "begin" : 1189,  "end" : 1194 }, 
        {"sofa" : 12,  "begin" : 1195,  "end" : 1198 }, 
        {"sofa" : 12,  "begin" : 1199,  "end" : 1204 }, 
        {"sofa" : 12,  "begin" : 1205,  "end" : 1207 }, 
        {"sofa" : 12,  "begin" : 1208,  "end" : 1213 }, 
        {"sofa" : 12,  "begin" : 1214,  "end" : 1219 }, 
        {"sofa" : 12,  "begin" : 1220,  "end" : 1224 }, 
        {"sofa" : 12,  "begin" : 1225,  "end" : 1229 }, 
        {"sofa" : 12,  "begin" : 1230,  "end" : 1233 }, 
        {"sofa" : 12,  "begin" : 1234,  "end" : 1238 }, 
        {"sofa" : 12,  "begin" : 1238,  "end" : 1239 }, 
        {"sofa" : 12,  "begin" : 1241,  "end" : 1246 }, 
        {"sofa" : 12,  "begin" : 1247,  "end" : 1248 }, 
        {"sofa" : 12,  "begin" : 1249,  "end" : 1252 }, 
        {"sofa" : 12,  "begin" : 1253,  "end" : 1260 }, 
        {"sofa" : 12,  "begin" : 1261,  "end" : 1264 }, 
        {"sofa" : 12,  "begin" : 1265,  "end" : 1271 }, 
        {"sofa" : 12,  "begin" : 1272,  "end" : 1278 }, 
        {"sofa" : 12,  "begin" : 1279,  "end" : 1285 }, 
        {"sofa" : 12,  "begin" : 1286,  "end" : 1299 }, 
        {"sofa" : 12,  "begin" : 1299,  "end" : 1300 }, 
        {"sofa" : 12,  "begin" : 1301,  "end" : 1305 }, 
        {"sofa" : 12,  "begin" : 1306,  "end" : 1310 }, 
        {"sofa" : 12,  "begin" : 1311,  "end" : 1314 }, 
        {"sofa" : 12,  "begin" : 1315,  "end" : 1321 }, 
        {"sofa" : 12,  "begin" : 1322,  "end" : 1328 }, 
        {"sofa" : 12,  "begin" : 1329,  "end" : 1332 }, 
        {"sofa" : 12,  "begin" : 1333,  "end" : 1339 }, 
        {"sofa" : 12,  "begin" : 1340,  "end" : 1345 }, 
        {"sofa" : 12,  "begin" : 1346,  "end" : 1353 }, 
        {"sofa" : 12,  "begin" : 1354,  "end" : 1357 }, 
        {"sofa" : 12,  "begin" : 1358,  "end" : 1366 }, 
        {"sofa" : 12,  "begin" : 1367,  "end" : 1375 }, 
        {"sofa" : 12,  "begin" : 1376,  "end" : 1380 }, 
        {"sofa" : 12,  "begin" : 1381,  "end" : 1385 }, 
        {"sofa" : 12,  "begin" : 1386,  "end" : 1389 }, 
        {"sofa" : 12,  "begin" : 1390,  "end" : 1392 }, 
        {"sofa" : 12,  "begin" : 1393,  "end" : 1396 }, 
        {"sofa" : 12,  "begin" : 1397,  "end" : 1405 }, 
        {"sofa" : 12,  "begin" : 1405,  "end" : 1406 }, 
        {"sofa" : 12,  "begin" : 1407,  "end" : 1416 }, 
        {"sofa" : 12,  "begin" : 1416,  "end" : 1417 }, 
        {"sofa" : 12,  "begin" : 1418,  "end" : 1420 }, 
        {"sofa" : 12,  "begin" : 1421,  "end" : 1423 }, 
        {"sofa" : 12,  "begin" : 1424,  "end" : 1427 }, 
        {"sofa" : 12,  "begin" : 1428,  "end" : 1433 }, 
        {"sofa" : 12,  "begin" : 1434,  "end" : 1436 }, 
        {"sofa" : 12,  "begin" : 1437,  "end" : 1440 }, 
        {"sofa" : 12,  "begin" : 1441,  "end" : 1450 }, 
        {"sofa" : 12,  "begin" : 1451,  "end" : 1453 }, 
        {"sofa" : 12,  "begin" : 1454,  "end" : 1455 }, 
        {"sofa" : 12,  "begin" : 1456,  "end" : 1461 }, 
        {"sofa" : 12,  "begin" : 1462,  "end" : 1464 }, 
        {"sofa" : 12,  "begin" : 1465,  "end" : 1468 }, 
        {"sofa" : 12,  "begin" : 1469,  "end" : 1477 }, 
        {"sofa" : 12,  "begin" : 1477,  "end" : 1478 }, 
        {"sofa" : 12,  "begin" : 1479,  "end" : 1482 }, 
        {"sofa" : 12,  "begin" : 1483,  "end" : 1488 }, 
        {"sofa" : 12,  "begin" : 1489,  "end" : 1493 }, 
        {"sofa" : 12,  "begin" : 1494,  "end" : 1498 }, 
        {"sofa" : 12,  "begin" : 1499,  "end" : 1504 }, 
        {"sofa" : 12,  "begin" : 1505,  "end" : 1508 }, 
        {"sofa" : 12,  "begin" : 1509,  "end" : 1512 }, 
        {"sofa" : 12,  "begin" : 1513,  "end" : 1524 }, 
        {"sofa" : 12,  "begin" : 1525,  "end" : 1527 }, 
        {"sofa" : 12,  "begin" : 1528,  "end" : 1531 }, 
        {"sofa" : 12,  "begin" : 1532,  "end" : 1537 }, 
        {"sofa" : 12,  "begin" : 1538,  "end" : 1540 }, 
        {"sofa" : 12,  "begin" : 1541,  "end" : 1546 }, 
        {"sofa" : 12,  "begin" : 1546,  "end" : 1547 }, 
        {"sofa" : 12,  "begin" : 1549,  "end" : 1551 }, 
        {"sofa" : 12,  "begin" : 1552,  "end" : 1554 }, 
        {"sofa" : 12,  "begin" : 1555,  "end" : 1560 }, 
        {"sofa" : 12,  "begin" : 1561,  "end" : 1565 }, 
        {"sofa" : 12,  "begin" : 1566,  "end" : 1569 }, 
        {"sofa" : 12,  "begin" : 1570,  "end" : 1574 }, 
        {"sofa" : 12,  "begin" : 1574,  "end" : 1575 }, 
        {"sofa" : 12,  "begin" : 1576,  "end" : 1582 }, 
        {"sofa" : 12,  "begin" : 1583,  "end" : 1591 }, 
        {"sofa" : 12,  "begin" : 1592,  "end" : 1594 }, 
        {"sofa" : 12,  "begin" : 1595,  "end" : 1599 }, 
        {"sofa" : 12,  "begin" : 1599,  "end" : 1600 }, 
        {"sofa" : 12,  "begin" : 1601,  "end" : 1605 }, 
        {"sofa" : 12,  "begin" : 1606,  "end" : 1608 }, 
        {"sofa" : 12,  "begin" : 1609,  "end" : 1611 }, 
        {"sofa" : 12,  "begin" : 1612,  "end" : 1614 }, 
        {"sofa" : 12,  "begin" : 1615,  "end" : 1618 }, 
        {"sofa" : 12,  "begin" : 1619,  "end" : 1624 }, 
        {"sofa" : 12,  "begin" : 1625,  "end" : 1627 }, 
        {"sofa" : 12,  "begin" : 1628,  "end" : 1631 }, 
        {"sofa" : 12,  "begin" : 1632,  "end" : 1641 }, 
        {"sofa" : 12,  "begin" : 1641,  "end" : 1642 }, 
        {"sofa" : 12,  "begin" : 1644,  "end" : 1645 }, 
        {"sofa" : 12,  "begin" : 1646,  "end" : 1653 }, 
        {"sofa" : 12,  "begin" : 1654,  "end" : 1659 }, 
        {"sofa" : 12,  "begin" : 1660,  "end" : 1667 }, 
        {"sofa" : 12,  "begin" : 1668,  "end" : 1673 }, 
        {"sofa" : 12,  "begin" : 1674,  "end" : 1676 }, 
        {"sofa" : 12,  "begin" : 1677,  "end" : 1681 }, 
        {"sofa" : 12,  "begin" : 1682,  "end" : 1686 }, 
        {"sofa" : 12,  "begin" : 1687,  "end" : 1691 }, 
        {"sofa" : 12,  "begin" : 1692,  "end" : 1699 }, 
        {"sofa" : 12,  "begin" : 1700,  "end" : 1711 }, 
        {"sofa" : 12,  "begin" : 1712,  "end" : 1718 }, 
        {"sofa" : 12,  "begin" : 1719,  "end" : 1721 }, 
        {"sofa" : 12,  "begin" : 1722,  "end" : 1729 }, 
        {"sofa" : 12,  "begin" : 1730,  "end" : 1733 }, 
        {"sofa" : 12,  "begin" : 1734,  "end" : 1739 }, 
        {"sofa" : 12,  "begin" : 1740,  "end" : 1742 }, 
        {"sofa" : 12,  "begin" : 1743,  "end" : 1751 }, 
        {"sofa" : 12,  "begin" : 1751,  "end" : 1752 }, 
        {"sofa" : 12,  "begin" : 1753,  "end" : 1764 }, 
        {"sofa" : 12,  "begin" : 1764,  "end" : 1765 }, 
        {"sofa" : 12,  "begin" : 1766,  "end" : 1767 }, 
        {"sofa" : 12,  "begin" : 1768,  "end" : 1771 }, 
        {"sofa" : 12,  "begin" : 1772,  "end" : 1781 }, 
        {"sofa" : 12,  "begin" : 1782,  "end" : 1792 }, 
        {"sofa" : 12,  "begin" : 1793,  "end" : 1797 }, 
        {"sofa" : 12,  "begin" : 1798,  "end" : 1800 }, 
        {"sofa" : 12,  "begin" : 1800,  "end" : 1801 }, 
        {"sofa" : 12,  "begin" : 1802,  "end" : 1811 }, 
        {"sofa" : 12,  "begin" : 1812,  "end" : 1813 }, 
        {"sofa" : 12,  "begin" : 1814,  "end" : 1817 }, 
        {"sofa" : 12,  "begin" : 1818,  "end" : 1821 }, 
        {"sofa" : 12,  "begin" : 1822,  "end" : 1826 }, 
        {"sofa" : 12,  "begin" : 1827,  "end" : 1833 }, 
        {"sofa" : 12,  "begin" : 1834,  "end" : 1836 }, 
        {"sofa" : 12,  "begin" : 1837,  "end" : 1841 }, 
        {"sofa" : 12,  "begin" : 1842,  "end" : 1851 }, 
        {"sofa" : 12,  "begin" : 1851,  "end" : 1852 }, 
        {"sofa" : 12,  "begin" : 1854,  "end" : 1856 }, 
        {"sofa" : 12,  "begin" : 1857,  "end" : 1861 }, 
        {"sofa" : 12,  "begin" : 1861,  "end" : 1862 }, 
        {"sofa" : 12,  "begin" : 1863,  "end" : 1864 }, 
        {"sofa" : 12,  "begin" : 1865,  "end" : 1868 }, 
        {"sofa" : 12,  "begin" : 1869,  "end" : 1877 }, 
        {"sofa" : 12,  "begin" : 1878,  "end" : 1880 }, 
        {"sofa" : 12,  "begin" : 1881,  "end" : 1890 }, 
        {"sofa" : 12,  "begin" : 1891,  "end" : 1898 }, 
        {"sofa" : 12,  "begin" : 1899,  "end" : 1901 }, 
        {"sofa" : 12,  "begin" : 1902,  "end" : 1911 }, 
        {"sofa" : 12,  "begin" : 1911,  "end" : 1912 }, 
        {"sofa" : 12,  "begin" : 1913,  "end" : 1916 }, 
        {"sofa" : 12,  "begin" : 1917,  "end" : 1926 }, 
        {"sofa" : 12,  "begin" : 1927,  "end" : 1928 }, 
        {"sofa" : 12,  "begin" : 1929,  "end" : 1932 }, 
        {"sofa" : 12,  "begin" : 1933,  "end" : 1941 }, 
        {"sofa" : 12,  "begin" : 1942,  "end" : 1947 }, 
        {"sofa" : 12,  "begin" : 1948,  "end" : 1952 }, 
        {"sofa" : 12,  "begin" : 1953,  "end" : 1960 }, 
        {"sofa" : 12,  "begin" : 1961,  "end" : 1968 }, 
        {"sofa" : 12,  "begin" : 1969,  "end" : 1973 }, 
        {"sofa" : 12,  "begin" : 1974,  "end" : 1981 }, 
        {"sofa" : 12,  "begin" : 1982,  "end" : 1984 }, 
        {"sofa" : 12,  "begin" : 1985,  "end" : 1987 }, 
        {"sofa" : 12,  "begin" : 1988,  "end" : 1997 }, 
        {"sofa" : 12,  "begin" : 1998,  "end" : 2001 }, 
        {"sofa" : 12,  "begin" : 2002,  "end" : 2006 }, 
        {"sofa" : 12,  "begin" : 2007,  "end" : 2009 }, 
        {"sofa" : 12,  "begin" : 2010,  "end" : 2017 }, 
        {"sofa" : 12,  "begin" : 2017,  "end" : 2018 }, 
        {"sofa" : 12,  "begin" : 2019,  "end" : 2020 }, 
        {"sofa" : 12,  "begin" : 2020,  "end" : 2022 }, 
        {"sofa" : 12,  "begin" : 2022,  "end" : 2023 }, 
        {"sofa" : 12,  "begin" : 2024,  "end" : 2027 }, 
        {"sofa" : 12,  "begin" : 2027,  "end" : 2028 }, 
        {"sofa" : 12,  "begin" : 2029,  "end" : 2033 }, 
        {"sofa" : 12,  "begin" : 2034,  "end" : 2039 }, 
        {"sofa" : 12,  "begin" : 2039,  "end" : 2040 }, 
        {"sofa" : 12,  "begin" : 2041,  "end" : 2044 }, 
        {"sofa" : 12,  "begin" : 2045,  "end" : 2055 }, 
        {"sofa" : 12,  "begin" : 2056,  "end" : 2059 }, 
        {"sofa" : 12,  "begin" : 2060,  "end" : 2063 }, 
        {"sofa" : 12,  "begin" : 2064,  "end" : 2065 }, 
        {"sofa" : 12,  "begin" : 2066,  "end" : 2072 }, 
        {"sofa" : 12,  "begin" : 2072,  "end" : 2073 }, 
        {"sofa" : 12,  "begin" : 2073,  "end" : 2074 }, 
        {"sofa" : 12,  "begin" : 2075,  "end" : 2076 }, 
        {"sofa" : 12,  "begin" : 2077,  "end" : 2088 }, 
        {"sofa" : 12,  "begin" : 2089,  "end" : 2093 }, 
        {"sofa" : 12,  "begin" : 2094,  "end" : 2096 }, 
        {"sofa" : 12,  "begin" : 2097,  "end" : 2100 }, 
        {"sofa" : 12,  "begin" : 2101,  "end" : 2104 }, 
        {"sofa" : 12,  "begin" : 2105,  "end" : 2110 }, 
        {"sofa" : 12,  "begin" : 2110,  "end" : 2111 }, 
        {"sofa" : 12,  "begin" : 2112,  "end" : 2116 }, 
        {"sofa" : 12,  "begin" : 2117,  "end" : 2118 }, 
        {"sofa" : 12,  "begin" : 2119,  "end" : 2122 }, 
        {"sofa" : 12,  "begin" : 2123,  "end" : 2126 }, 
        {"sofa" : 12,  "begin" : 2127,  "end" : 2137 }, 
        {"sofa" : 12,  "begin" : 2137,  "end" : 2138 }, 
        {"sofa" : 12,  "begin" : 2139,  "end" : 2141 }, 
        {"sofa" : 12,  "begin" : 2141,  "end" : 2142 }, 
        {"sofa" : 12,  "begin" : 2143,  "end" : 2147 }, 
        {"sofa" : 12,  "begin" : 2148,  "end" : 2155 }, 
        {"sofa" : 12,  "begin" : 2155,  "end" : 2156 }, 
        {"sofa" : 12,  "begin" : 2157,  "end" : 2160 }, 
        {"sofa" : 12,  "begin" : 2161,  "end" : 2166 }, 
        {"sofa" : 12,  "begin" : 2167,  "end" : 2170 }, 
        {"sofa" : 12,  "begin" : 2171,  "end" : 2174 }, 
        {"sofa" : 12,  "begin" : 2174,  "end" : 2175 }, 
        {"sofa" : 12,  "begin" : 2176,  "end" : 2179 }, 
        {"sofa" : 12,  "begin" : 2180,  "end" : 2186 }, 
        {"sofa" : 12,  "begin" : 2187,  "end" : 2190 }, 
        {"sofa" : 12,  "begin" : 2191,  "end" : 2198 }, 
        {"sofa" : 12,  "begin" : 2198,  "end" : 2199 }, 
        {"sofa" : 12,  "begin" : 2200,  "end" : 2203 }, 
        {"sofa" : 12,  "begin" : 2204,  "end" : 2207 }, 
        {"sofa" : 12,  "begin" : 2208,  "end" : 2213 }, 
        {"sofa" : 12,  "begin" : 2214,  "end" : 2217 }, 
        {"sofa" : 12,  "begin" : 2218,  "end" : 2225 }, 
        {"sofa" : 12,  "begin" : 2226,  "end" : 2227 }, 
        {"sofa" : 12,  "begin" : 2228,  "end" : 2231 }, 
        {"sofa" : 12,  "begin" : 2232,  "end" : 2235 }, 
        {"sofa" : 12,  "begin" : 2236,  "end" : 2244 }, 
        {"sofa" : 12,  "begin" : 2245,  "end" : 2247 }, 
        {"sofa" : 12,  "begin" : 2248,  "end" : 2249 }, 
        {"sofa" : 12,  "begin" : 2250,  "end" : 2256 }, 
        {"sofa" : 12,  "begin" : 2256,  "end" : 2257 }, 
        {"sofa" : 12,  "begin" : 2259,  "end" : 2260 }, 
        {"sofa" : 12,  "begin" : 2261,  "end" : 2272 }, 
        {"sofa" : 12,  "begin" : 2273,  "end" : 2278 }, 
        {"sofa" : 12,  "begin" : 2279,  "end" : 2282 }, 
        {"sofa" : 12,  "begin" : 2283,  "end" : 2285 }, 
        {"sofa" : 12,  "begin" : 2286,  "end" : 2289 }, 
        {"sofa" : 12,  "begin" : 2290,  "end" : 2299 }, 
        {"sofa" : 12,  "begin" : 2300,  "end" : 2308 }, 
        {"sofa" : 12,  "begin" : 2309,  "end" : 2311 }, 
        {"sofa" : 12,  "begin" : 2312,  "end" : 2314 }, 
        {"sofa" : 12,  "begin" : 2315,  "end" : 2317 }, 
        {"sofa" : 12,  "begin" : 2318,  "end" : 2321 }, 
        {"sofa" : 12,  "begin" : 2322,  "end" : 2330 }, 
        {"sofa" : 12,  "begin" : 2331,  "end" : 2338 }, 
        {"sofa" : 12,  "begin" : 2339,  "end" : 2342 }, 
        {"sofa" : 12,  "begin" : 2343,  "end" : 2349 }, 
        {"sofa" : 12,  "begin" : 2350,  "end" : 2352 }, 
        {"sofa" : 12,  "begin" : 2353,  "end" : 2356 }, 
        {"sofa" : 12,  "begin" : 2357,  "end" : 2358 }, 
        {"sofa" : 12,  "begin" : 2359,  "end" : 2366 }, 
        {"sofa" : 12,  "begin" : 2366,  "end" : 2367 }, 
        {"sofa" : 12,  "begin" : 2368,  "end" : 2373 }, 
        {"sofa" : 12,  "begin" : 2374,  "end" : 2375 }, 
        {"sofa" : 12,  "begin" : 2376,  "end" : 2380 }, 
        {"sofa" : 12,  "begin" : 2381,  "end" : 2383 }, 
        {"sofa" : 12,  "begin" : 2384,  "end" : 2389 }, 
        {"sofa" : 12,  "begin" : 2390,  "end" : 2392 }, 
        {"sofa" : 12,  "begin" : 2392,  "end" : 2393 }, 
        {"sofa" : 12,  "begin" : 2394,  "end" : 2400 }, 
        {"sofa" : 12,  "begin" : 2401,  "end" : 2403 }, 
        {"sofa" : 12,  "begin" : 2404,  "end" : 2410 }, 
        {"sofa" : 12,  "begin" : 2411,  "end" : 2415 }, 
        {"sofa" : 12,  "begin" : 2415,  "end" : 2416 }, 
        {"sofa" : 12,  "begin" : 2417,  "end" : 2421 }, 
        {"sofa" : 12,  "begin" : 2422,  "end" : 2425 }, 
        {"sofa" : 12,  "begin" : 2426,  "end" : 2428 }, 
        {"sofa" : 12,  "begin" : 2429,  "end" : 2436 }, 
        {"sofa" : 12,  "begin" : 2437,  "end" : 2441 }, 
        {"sofa" : 12,  "begin" : 2442,  "end" : 2450 }, 
        {"sofa" : 12,  "begin" : 2451,  "end" : 2452 }, 
        {"sofa" : 12,  "begin" : 2452,  "end" : 2456 }, 
        {"sofa" : 12,  "begin" : 2457,  "end" : 2461 }, 
        {"sofa" : 12,  "begin" : 2462,  "end" : 2463 }, 
        {"sofa" : 12,  "begin" : 2464,  "end" : 2473 }, 
        {"sofa" : 12,  "begin" : 2474,  "end" : 2478 }, 
        {"sofa" : 12,  "begin" : 2479,  "end" : 2481 }, 
        {"sofa" : 12,  "begin" : 2482,  "end" : 2487 }, 
        {"sofa" : 12,  "begin" : 2487,  "end" : 2488 }, 
        {"sofa" : 12,  "begin" : 2488,  "end" : 2489 }, 
        {"sofa" : 12,  "begin" : 2490,  "end" : 2495 }, 
        {"sofa" : 12,  "begin" : 2496,  "end" : 2497 }, 
        {"sofa" : 12,  "begin" : 2498,  "end" : 2501 }, 
        {"sofa" : 12,  "begin" : 2502,  "end" : 2509 }, 
        {"sofa" : 12,  "begin" : 2509,  "end" : 2510 }, 
        {"sofa" : 12,  "begin" : 2511,  "end" : 2513 }, 
        {"sofa" : 12,  "begin" : 2513,  "end" : 2514 }, 
        {"sofa" : 12,  "begin" : 2515,  "end" : 2521 }, 
        {"sofa" : 12,  "begin" : 2522,  "end" : 2526 }, 
        {"sofa" : 12,  "begin" : 2527,  "end" : 2535 }, 
        {"sofa" : 12,  "begin" : 2536,  "end" : 2539 }, 
        {"sofa" : 12,  "begin" : 2540,  "end" : 2545 }, 
        {"sofa" : 12,  "begin" : 2546,  "end" : 2549 }, 
        {"sofa" : 12,  "begin" : 2550,  "end" : 2553 }, 
        {"sofa" : 12,  "begin" : 2554,  "end" : 2558 }, 
        {"sofa" : 12,  "begin" : 2558,  "end" : 2559 }, 
        {"sofa" : 12,  "begin" : 2560,  "end" : 2566 }, 
        {"sofa" : 12,  "begin" : 2567,  "end" : 2575 }, 
        {"sofa" : 12,  "begin" : 2575,  "end" : 2576 }, 
        {"sofa" : 12,  "begin" : 2577,  "end" : 2580 }, 
        {"sofa" : 12,  "begin" : 2580,  "end" : 2581 }, 
        {"sofa" : 12,  "begin" : 2583,  "end" : 2586 }, 
        {"sofa" : 12,  "begin" : 2587,  "end" : 2590 }, 
        {"sofa" : 12,  "begin" : 2591,  "end" : 2596 }, 
        {"sofa" : 12,  "begin" : 2597,  "end" : 2600 }, 
        {"sofa" : 12,  "begin" : 2601,  "end" : 2606 }, 
        {"sofa" : 12,  "begin" : 2607,  "end" : 2614 }, 
        {"sofa" : 12,  "begin" : 2614,  "end" : 2615 }, 
        {"sofa" : 12,  "begin" : 2616,  "end" : 2618 }, 
        {"sofa" : 12,  "begin" : 2619,  "end" : 2620 }, 
        {"sofa" : 12,  "begin" : 2621,  "end" : 2627 }, 
        {"sofa" : 12,  "begin" : 2628,  "end" : 2630 }, 
        {"sofa" : 12,  "begin" : 2631,  "end" : 2634 }, 
        {"sofa" : 12,  "begin" : 2635,  "end" : 2639 }, 
        {"sofa" : 12,  "begin" : 2640,  "end" : 2642 }, 
        {"sofa" : 12,  "begin" : 2643,  "end" : 2647 }, 
        {"sofa" : 12,  "begin" : 2648,  "end" : 2652 }, 
        {"sofa" : 12,  "begin" : 2653,  "end" : 2657 }, 
        {"sofa" : 12,  "begin" : 2658,  "end" : 2663 }, 
        {"sofa" : 12,  "begin" : 2663,  "end" : 2664 }, 
        {"sofa" : 12,  "begin" : 2665,  "end" : 2669 }, 
        {"sofa" : 12,  "begin" : 2670,  "end" : 2673 }, 
        {"sofa" : 12,  "begin" : 2674,  "end" : 2678 }, 
        {"sofa" : 12,  "begin" : 2679,  "end" : 2685 }, 
        {"sofa" : 12,  "begin" : 2686,  "end" : 2689 }, 
        {"sofa" : 12,  "begin" : 2689,  "end" : 2690 }, 
        {"sofa" : 12,  "begin" : 2691,  "end" : 2692 }, 
        {"sofa" : 12,  "begin" : 2693,  "end" : 2700 }, 
        {"sofa" : 12,  "begin" : 2701,  "end" : 2704 }, 
        {"sofa" : 12,  "begin" : 2705,  "end" : 2710 }, 
        {"sofa" : 12,  "begin" : 2711,  "end" : 2718 }, 
        {"sofa" : 12,  "begin" : 2719,  "end" : 2724 }, 
        {"sofa" : 12,  "begin" : 2725,  "end" : 2727 }, 
        {"sofa" : 12,  "begin" : 2728,  "end" : 2731 }, 
        {"sofa" : 12,  "begin" : 2732,  "end" : 2735 }, 
        {"sofa" : 12,  "begin" : 2736,  "end" : 2737 }, 
        {"sofa" : 12,  "begin" : 2738,  "end" : 2743 }, 
        {"sofa" : 12,  "begin" : 2744,  "end" : 2746 }, 
        {"sofa" : 12,  "begin" : 2747,  "end" : 2752 }, 
        {"sofa" : 12,  "begin" : 2752,  "end" : 2753 }, 
        {"sofa" : 12,  "begin" : 2754,  "end" : 2758 }, 
        {"sofa" : 12,  "begin" : 2759,  "end" : 2763 }, 
        {"sofa" : 12,  "begin" : 2764,  "end" : 2772 }, 
        {"sofa" : 12,  "begin" : 2773,  "end" : 2776 }, 
        {"sofa" : 12,  "begin" : 2777,  "end" : 2780 }, 
        {"sofa" : 12,  "begin" : 2781,  "end" : 2786 }, 
        {"sofa" : 12,  "begin" : 2787,  "end" : 2789 }, 
        {"sofa" : 12,  "begin" : 2790,  "end" : 2795 }, 
        {"sofa" : 12,  "begin" : 2796,  "end" : 2800 }, 
        {"sofa" : 12,  "begin" : 2800,  "end" : 2801 }, 
        {"sofa" : 12,  "begin" : 2802,  "end" : 2803 }, 
        {"sofa" : 12,  "begin" : 2804,  "end" : 2811 }, 
        {"sofa" : 12,  "begin" : 2812,  "end" : 2820 }, 
        {"sofa" : 12,  "begin" : 2820,  "end" : 2821 }, 
        {"sofa" : 12,  "begin" : 2822,  "end" : 2828 }, 
        {"sofa" : 12,  "begin" : 2829,  "end" : 2830 }, 
        {"sofa" : 12,  "begin" : 2830,  "end" : 2831 }, 
        {"sofa" : 12,  "begin" : 2831,  "end" : 2832 }, 
        {"sofa" : 12,  "begin" : 2833,  "end" : 2840 }, 
        {"sofa" : 12,  "begin" : 2841,  "end" : 2844 }, 
        {"sofa" : 12,  "begin" : 2845,  "end" : 2850 }, 
        {"sofa" : 12,  "begin" : 2851,  "end" : 2853 }, 
        {"sofa" : 12,  "begin" : 2854,  "end" : 2857 }, 
        {"sofa" : 12,  "begin" : 2858,  "end" : 2863 }, 
        {"sofa" : 12,  "begin" : 2864,  "end" : 2872 }, 
        {"sofa" : 12,  "begin" : 2873,  "end" : 2875 }, 
        {"sofa" : 12,  "begin" : 2876,  "end" : 2882 }, 
        {"sofa" : 12,  "begin" : 2883,  "end" : 2886 }, 
        {"sofa" : 12,  "begin" : 2887,  "end" : 2890 }, 
        {"sofa" : 12,  "begin" : 2891,  "end" : 2897 }, 
        {"sofa" : 12,  "begin" : 2898,  "end" : 2904 }, 
        {"sofa" : 12,  "begin" : 2905,  "end" : 2910 }, 
        {"sofa" : 12,  "begin" : 2910,  "end" : 2911 }, 
        {"sofa" : 12,  "begin" : 2913,  "end" : 2915 }, 
        {"sofa" : 12,  "begin" : 2916,  "end" : 2919 }, 
        {"sofa" : 12,  "begin" : 2920,  "end" : 2923 }, 
        {"sofa" : 12,  "begin" : 2924,  "end" : 2928 }, 
        {"sofa" : 12,  "begin" : 2929,  "end" : 2932 }, 
        {"sofa" : 12,  "begin" : 2933,  "end" : 2934 }, 
        {"sofa" : 12,  "begin" : 2935,  "end" : 2940 }, 
        {"sofa" : 12,  "begin" : 2941,  "end" : 2944 }, 
        {"sofa" : 12,  "begin" : 2945,  "end" : 2949 }, 
        {"sofa" : 12,  "begin" : 2950,  "end" : 2951 }, 
        {"sofa" : 12,  "begin" : 2952,  "end" : 2955 }, 
        {"sofa" : 12,  "begin" : 2956,  "end" : 2958 }, 
        {"sofa" : 12,  "begin" : 2959,  "end" : 2962 }, 
        {"sofa" : 12,  "begin" : 2963,  "end" : 2966 }, 
        {"sofa" : 12,  "begin" : 2966,  "end" : 2967 }, 
        {"sofa" : 12,  "begin" : 2968,  "end" : 2972 }, 
        {"sofa" : 12,  "begin" : 2973,  "end" : 2975 }, 
        {"sofa" : 12,  "begin" : 2976,  "end" : 2982 }, 
        {"sofa" : 12,  "begin" : 2983,  "end" : 2986 }, 
        {"sofa" : 12,  "begin" : 2987,  "end" : 2989 }, 
        {"sofa" : 12,  "begin" : 2990,  "end" : 2994 }, 
        {"sofa" : 12,  "begin" : 2995,  "end" : 2998 }, 
        {"sofa" : 12,  "begin" : 2999,  "end" : 3005 }, 
        {"sofa" : 12,  "begin" : 3005,  "end" : 3006 }, 
        {"sofa" : 12,  "begin" : 3007,  "end" : 3012 }, 
        {"sofa" : 12,  "begin" : 3013,  "end" : 3016 }, 
        {"sofa" : 12,  "begin" : 3017,  "end" : 3019 }, 
        {"sofa" : 12,  "begin" : 3020,  "end" : 3027 }, 
        {"sofa" : 12,  "begin" : 3028,  "end" : 3036 }, 
        {"sofa" : 12,  "begin" : 3036,  "end" : 3037 }, 
        {"sofa" : 12,  "begin" : 3038,  "end" : 3040 }, 
        {"sofa" : 12,  "begin" : 3041,  "end" : 3047 }, 
        {"sofa" : 12,  "begin" : 3048,  "end" : 3051 }, 
        {"sofa" : 12,  "begin" : 3052,  "end" : 3057 }, 
        {"sofa" : 12,  "begin" : 3058,  "end" : 3061 }, 
        {"sofa" : 12,  "begin" : 3062,  "end" : 3065 }, 
        {"sofa" : 12,  "begin" : 3066,  "end" : 3074 }, 
        {"sofa" : 12,  "begin" : 3075,  "end" : 3078 }, 
        {"sofa" : 12,  "begin" : 3079,  "end" : 3083 }, 
        {"sofa" : 12,  "begin" : 3084,  "end" : 3087 }, 
        {"sofa" : 12,  "begin" : 3088,  "end" : 3090 }, 
        {"sofa" : 12,  "begin" : 3091,  "end" : 3097 }, 
        {"sofa" : 12,  "begin" : 3098,  "end" : 3100 }, 
        {"sofa" : 12,  "begin" : 3101,  "end" : 3107 }, 
        {"sofa" : 12,  "begin" : 3108,  "end" : 3110 }, 
        {"sofa" : 12,  "begin" : 3111,  "end" : 3116 }, 
        {"sofa" : 12,  "begin" : 3116,  "end" : 3117 }, 
        {"sofa" : 12,  "begin" : 3118,  "end" : 3128 }, 
        {"sofa" : 12,  "begin" : 3129,  "end" : 3135 }, 
        {"sofa" : 12,  "begin" : 3136,  "end" : 3144 }, 
        {"sofa" : 12,  "begin" : 3144,  "end" : 3145 }, 
        {"sofa" : 12,  "begin" : 3146,  "end" : 3151 }, 
        {"sofa" : 12,  "begin" : 3152,  "end" : 3156 }, 
        {"sofa" : 12,  "begin" : 3157,  "end" : 3159 }, 
        {"sofa" : 12,  "begin" : 3160,  "end" : 3163 }, 
        {"sofa" : 12,  "begin" : 3164,  "end" : 3177 }, 
        {"sofa" : 12,  "begin" : 3177,  "end" : 3178 }, 
        {"sofa" : 12,  "begin" : 3180,  "end" : 3182 }, 
        {"sofa" : 12,  "begin" : 3183,  "end" : 3186 }, 
        {"sofa" : 12,  "begin" : 3187,  "end" : 3192 }, 
        {"sofa" : 12,  "begin" : 3193,  "end" : 3197 }, 
        {"sofa" : 12,  "begin" : 3197,  "end" : 3198 }, 
        {"sofa" : 12,  "begin" : 3199,  "end" : 3202 }, 
        {"sofa" : 12,  "begin" : 3203,  "end" : 3208 }, 
        {"sofa" : 12,  "begin" : 3209,  "end" : 3215 }, 
        {"sofa" : 12,  "begin" : 3216,  "end" : 3222 }, 
        {"sofa" : 12,  "begin" : 3223,  "end" : 3230 }, 
        {"sofa" : 12,  "begin" : 3231,  "end" : 3238 }, 
        {"sofa" : 12,  "begin" : 3239,  "end" : 3250 }, 
        {"sofa" : 12,  "begin" : 3251,  "end" : 3259 }, 
        {"sofa" : 12,  "begin" : 3260,  "end" : 3262 }, 
        {"sofa" : 12,  "begin" : 3263,  "end" : 3266 }, 
        {"sofa" : 12,  "begin" : 3267,  "end" : 3272 }, 
        {"sofa" : 12,  "begin" : 3273,  "end" : 3284 }, 
        {"sofa" : 12,  "begin" : 3285,  "end" : 3287 }, 
        {"sofa" : 12,  "begin" : 3288,  "end" : 3291 }, 
        {"sofa" : 12,  "begin" : 3292,  "end" : 3295 }, 
        {"sofa" : 12,  "begin" : 3296,  "end" : 3298 }, 
        {"sofa" : 12,  "begin" : 3299,  "end" : 3302 }, 
        {"sofa" : 12,  "begin" : 3303,  "end" : 3311 }, 
        {"sofa" : 12,  "begin" : 3311,  "end" : 3312 }, 
        {"sofa" : 12,  "begin" : 3313,  "end" : 3315 }, 
        {"sofa" : 12,  "begin" : 3316,  "end" : 3317 }, 
        {"sofa" : 12,  "begin" : 3318,  "end" : 3324 }, 
        {"sofa" : 12,  "begin" : 3324,  "end" : 3325 }, 
        {"sofa" : 12,  "begin" : 3326,  "end" : 3331 }, 
        {"sofa" : 12,  "begin" : 3332,  "end" : 3339 }, 
        {"sofa" : 12,  "begin" : 3340,  "end" : 3345 }, 
        {"sofa" : 12,  "begin" : 3346,  "end" : 3353 }, 
        {"sofa" : 12,  "begin" : 3353,  "end" : 3354 }, 
        {"sofa" : 12,  "begin" : 3355,  "end" : 3364 }, 
        {"sofa" : 12,  "begin" : 3365,  "end" : 3371 }, 
        {"sofa" : 12,  "begin" : 3372,  "end" : 3374 }, 
        {"sofa" : 12,  "begin" : 3375,  "end" : 3378 }, 
        {"sofa" : 12,  "begin" : 3379,  "end" : 3381 }, 
        {"sofa" : 12,  "begin" : 3381,  "end" : 3382 }, 
        {"sofa" : 12,  "begin" : 3383,  "end" : 3384 }, 
        {"sofa" : 12,  "begin" : 3385,  "end" : 3390 }, 
        {"sofa" : 12,  "begin" : 3391,  "end" : 3393 }, 
        {"sofa" : 12,  "begin" : 3394,  "end" : 3399 }, 
        {"sofa" : 12,  "begin" : 3399,  "end" : 3400 }, 
        {"sofa" : 12,  "begin" : 3401,  "end" : 3404 }, 
        {"sofa" : 12,  "begin" : 3405,  "end" : 3410 }, 
        {"sofa" : 12,  "begin" : 3411,  "end" : 3415 }, 
        {"sofa" : 12,  "begin" : 3416,  "end" : 3420 }, 
        {"sofa" : 12,  "begin" : 3421,  "end" : 3425 }, 
        {"sofa" : 12,  "begin" : 3426,  "end" : 3431 }, 
        {"sofa" : 12,  "begin" : 3432,  "end" : 3435 }, 
        {"sofa" : 12,  "begin" : 3436,  "end" : 3442 }, 
        {"sofa" : 12,  "begin" : 3443,  "end" : 3452 }, 
        {"sofa" : 12,  "begin" : 3453,  "end" : 3456 }, 
        {"sofa" : 12,  "begin" : 3457,  "end" : 3461 }, 
        {"sofa" : 12,  "begin" : 3461,  "end" : 3462 }, 
        {"sofa" : 12,  "begin" : 3464,  "end" : 3466 }, 
        {"sofa" : 12,  "begin" : 3467,  "end" : 3469 }, 
        {"sofa" : 12,  "begin" : 3470,  "end" : 3474 }, 
        {"sofa" : 12,  "begin" : 3475,  "end" : 3476 }, 
        {"sofa" : 12,  "begin" : 3477,  "end" : 3485 }, 
        {"sofa" : 12,  "begin" : 3486,  "end" : 3491 }, 
        {"sofa" : 12,  "begin" : 3492,  "end" : 3494 }, 
        {"sofa" : 12,  "begin" : 3495,  "end" : 3501 }, 
        {"sofa" : 12,  "begin" : 3502,  "end" : 3504 }, 
        {"sofa" : 12,  "begin" : 3505,  "end" : 3510 }, 
        {"sofa" : 12,  "begin" : 3511,  "end" : 3515 }, 
        {"sofa" : 12,  "begin" : 3515,  "end" : 3516 }, 
        {"sofa" : 12,  "begin" : 3517,  "end" : 3519 }, 
        {"sofa" : 12,  "begin" : 3520,  "end" : 3522 }, 
        {"sofa" : 12,  "begin" : 3523,  "end" : 3526 }, 
        {"sofa" : 12,  "begin" : 3527,  "end" : 3530 }, 
        {"sofa" : 12,  "begin" : 3531,  "end" : 3539 }, 
        {"sofa" : 12,  "begin" : 3540,  "end" : 3544 }, 
        {"sofa" : 12,  "begin" : 3545,  "end" : 3557 }, 
        {"sofa" : 12,  "begin" : 3558,  "end" : 3564 }, 
        {"sofa" : 12,  "begin" : 3565,  "end" : 3568 }, 
        {"sofa" : 12,  "begin" : 3569,  "end" : 3574 }, 
        {"sofa" : 12,  "begin" : 3575,  "end" : 3578 }, 
        {"sofa" : 12,  "begin" : 3579,  "end" : 3590 }, 
        {"sofa" : 12,  "begin" : 3591,  "end" : 3598 }, 
        {"sofa" : 12,  "begin" : 3599,  "end" : 3610 }, 
        {"sofa" : 12,  "begin" : 3610,  "end" : 3611 }, 
        {"sofa" : 12,  "begin" : 3612,  "end" : 3614 }, 
        {"sofa" : 12,  "begin" : 3615,  "end" : 3616 }, 
        {"sofa" : 12,  "begin" : 3617,  "end" : 3622 }, 
        {"sofa" : 12,  "begin" : 3623,  "end" : 3627 }, 
        {"sofa" : 12,  "begin" : 3627,  "end" : 3628 }, 
        {"sofa" : 12,  "begin" : 3629,  "end" : 3632 }, 
        {"sofa" : 12,  "begin" : 3633,  "end" : 3639 }, 
        {"sofa" : 12,  "begin" : 3640,  "end" : 3644 }, 
        {"sofa" : 12,  "begin" : 3645,  "end" : 3647 }, 
        {"sofa" : 12,  "begin" : 3648,  "end" : 3655 }, 
        {"sofa" : 12,  "begin" : 3656,  "end" : 3659 }, 
        {"sofa" : 12,  "begin" : 3660,  "end" : 3666 }, 
        {"sofa" : 12,  "begin" : 3667,  "end" : 3671 }, 
        {"sofa" : 12,  "begin" : 3672,  "end" : 3681 }, 
        {"sofa" : 12,  "begin" : 3681,  "end" : 3682 }, 
        {"sofa" : 12,  "begin" : 3684,  "end" : 3686 }, 
        {"sofa" : 12,  "begin" : 3687,  "end" : 3691 }, 
        {"sofa" : 12,  "begin" : 3692,  "end" : 3695 }, 
        {"sofa" : 12,  "begin" : 3696,  "end" : 3699 }, 
        {"sofa" : 12,  "begin" : 3700,  "end" : 3704 }, 
        {"sofa" : 12,  "begin" : 3705,  "end" : 3711 }, 
        {"sofa" : 12,  "begin" : 3712,  "end" : 3717 }, 
        {"sofa" : 12,  "begin" : 3718,  "end" : 3722 }, 
        {"sofa" : 12,  "begin" : 3723,  "end" : 3728 }, 
        {"sofa" : 12,  "begin" : 3729,  "end" : 3732 }, 
        {"sofa" : 12,  "begin" : 3733,  "end" : 3739 }, 
        {"sofa" : 12,  "begin" : 3739,  "end" : 3740 }, 
        {"sofa" : 12,  "begin" : 3741,  "end" : 3743 }, 
        {"sofa" : 12,  "begin" : 3744,  "end" : 3749 }, 
        {"sofa" : 12,  "begin" : 3750,  "end" : 3752 }, 
        {"sofa" : 12,  "begin" : 3752,  "end" : 3753 }, 
        {"sofa" : 12,  "begin" : 3754,  "end" : 3760 }, 
        {"sofa" : 12,  "begin" : 3761,  "end" : 3764 }, 
        {"sofa" : 12,  "begin" : 3765,  "end" : 3767 }, 
        {"sofa" : 12,  "begin" : 3768,  "end" : 3775 }, 
        {"sofa" : 12,  "begin" : 3776,  "end" : 3780 }, 
        {"sofa" : 12,  "begin" : 3781,  "end" : 3784 }, 
        {"sofa" : 12,  "begin" : 3785,  "end" : 3789 }, 
        {"sofa" : 12,  "begin" : 3790,  "end" : 3792 }, 
        {"sofa" : 12,  "begin" : 3793,  "end" : 3798 }, 
        {"sofa" : 12,  "begin" : 3799,  "end" : 3805 }, 
        {"sofa" : 12,  "begin" : 3806,  "end" : 3808 }, 
        {"sofa" : 12,  "begin" : 3809,  "end" : 3814 }, 
        {"sofa" : 12,  "begin" : 3814,  "end" : 3815 }, 
        {"sofa" : 12,  "begin" : 3816,  "end" : 3823 }, 
        {"sofa" : 12,  "begin" : 3824,  "end" : 3828 }, 
        {"sofa" : 12,  "begin" : 3829,  "end" : 3834 }, 
        {"sofa" : 12,  "begin" : 3835,  "end" : 3842 }, 
        {"sofa" : 12,  "begin" : 3842,  "end" : 3843 }, 
        {"sofa" : 12,  "begin" : 3844,  "end" : 3846 }, 
        {"sofa" : 12,  "begin" : 3847,  "end" : 3851 }, 
        {"sofa" : 12,  "begin" : 3852,  "end" : 3854 }, 
        {"sofa" : 12,  "begin" : 3855,  "end" : 3856 }, 
        {"sofa" : 12,  "begin" : 3857,  "end" : 3861 }, 
        {"sofa" : 12,  "begin" : 3862,  "end" : 3866 }, 
        {"sofa" : 12,  "begin" : 3867,  "end" : 3873 }, 
        {"sofa" : 12,  "begin" : 3873,  "end" : 3874 } ], 
      "Persuasive_Labels" : [
        {"sofa" : 12,  "begin" : 1644,  "end" : 1752,  "EstablishingLegitimacy" : "Establishing Legitimacy" }, 
        {"sofa" : 12,  "begin" : 1802,  "end" : 1852,  "RhetoricalTricks" : "exaggeration/absolute language" }, 
        {"sofa" : 12,  "begin" : 1802,  "end" : 1852,  "RhetoricalTricks" : "rhetorical tricks" }, 
        {"sofa" : 12,  "begin" : 1854,  "end" : 3178,  "UsingAnecdotesandPersonalExperienceasEvidence" : "Using Anecdotes and Personal Experience as Evidence" }, 
        {"sofa" : 12,  "begin" : 1854,  "end" : 3178,  "FabricatingNarrativewithDetails" : "Narrative with Details" }, 
        {"sofa" : 12,  "begin" : 1854,  "end" : 3178,  "FabricatingNarrativewithDetails" : "Narrative with details_verified to be false" }, 
        {"sofa" : 12,  "begin" : 3517,  "end" : 3815,  "EmotionalAppeals" : "hope" }, 
        {"sofa" : 12,  "begin" : 3517,  "end" : 3815,  "EmotionalAppeals" : "emotional appeals" }, 
        {"sofa" : 12,  "begin" : 3629,  "end" : 3682,  "RhetoricalTricks" : "exaggeration/absolute language" }, 
        {"sofa" : 12,  "begin" : 3629,  "end" : 3682,  "RhetoricalTricks" : "rhetorical tricks" }, 
        {"sofa" : 12,  "begin" : 3816,  "end" : 3843,  "EstablishingLegitimacy" : "Establishing Legitimacy" }, 
        {"sofa" : 12,  "begin" : 3816,  "end" : 3843,  "EstablishingLegitimacy" : "Call to action" } ] } }, 
  "_referenced_fss" : {
    "12" : {"_type" : "Sofa",  "sofaNum" : 1,  "sofaID" : "_InitialView",  "mimeType" : "text",  "sofaString" : "﻿tron-01830 New Stroke Indicator Can Help Save Lives \r\nSource https://www.snopes.com/fact-check/three-simple-tests-detect-stroke/ \r\nFact checking: https://www.truthorfiction.com/new-stroke-indicator-can-help-save-lives/ \r\nActual content: \r\nFirst Aid for Stroke\r\nWhen stroke strikes, the capillaries in the brain will gradually burst. When a stroke occurs, stay calm. No matter where the victim is, do not move him/her. Because, if moved, the capillaries will burst.\r\nHelp the victim to sit up where he is to prevent him from falling over. Again, and then the bloodletting can begin. If you have in your home an injection syringe, that would be the best, otherwise, a sewing needle or a straight pin will do. Place the needle/pin over fire to sterilize it, and then use it to prick the tip of all 10 fingers. There are no specific acupuncture points, just prick about a mm from the fingernail. Prick till blood comes out. If blood does not start to drip, then squeeze with your fingers. When all 10 digits is bleeding, wait a few minutes then the victim\r\nwill regain consciousness.\r\nIf the victim's mouth is crooked, then pull on his ears until they are red. Then prick each ear lobe twice until two drops of blood comes from each ear lobe.\r\nAfter a few minutes the victim should regain consciousness. Wait till the victim regain his normal state without any abnormal symptoms then take him to the hospital, otherwise, if he was taken in the ambulance in a hurry to the hospital, the bumpy trip will cause all the capillaries in his brain to burst.\r\nIf he could save his life, barely managing to walk, then it is by the grace of his ancestors.\r\nI learned about letting blood to save life from Chinese traditional doctor Ha Bu-Ting who lives in Sun-Juke. Furthermore, I had practical experience with it. Therefore I can say this method is 100% effective.\r\nIn 1979, I was teaching in Fung-Gaap College in Tai-Chung. One afternoon I was teaching class when another teacher came running to my classroom and said in panting, \"Mr. Liu, come quick, our supervisor has had a stroke!\" I immediately went to the 3rd floor. When I saw our supervisor, Mr. Chen Fu-Tien, his color was off, his speech was slurred, and his mouth was crooked - all the symptoms of a stroke.\r\nI immediately asked one of the practicum students to go to the pharmacy outside the school to buy a syringe, which I used to prick Mr. Chen's 10 finger tips. When all 10 fingers were bleeding (each with a pea-sized drop of blood), after a few minutes, Mr. Chen's face regained its color and his eyes' spirit returned, too.\r\nBut his mouth was still crooked. So I pulled on his ears to fill them with blood. When his ears became red, I pricked his right earlobe twice to let out 2 drops of blood. When both earlobes had two drops of blood each, a miracle happened. Within 3-5 minutes the shape of his mouth returned to normal and his speech became clear.\r\nWe let him rest for a while and have a cup of hot tea, then we helped him go down the stairs, drove him to Wei-Wah Hospital. He rested one night and was released the next day to return to school to teach. Everything worked normally. There were no ill after-effects.\r\nOn the other hand, the usual stroke victim usually suffers irreparable bursting of the brain capillaries on the way to the hospital. As a result, these victims never recover. Therefore stroke is the no. 2 cause of death. The lucky ones will stay alive but remain paralyzed for life.\r\nIt is such a horrible thing to happen in one's life. If we can all remember this bloodletting method and start the life-saving process immediately, in a short time, the victim will be revived and regain 100% normality.\r\nWe hope you can tell others about this first aid method. By doing so, stroke may be removed from the list of major causes of death. Forward this after reading. It will be a good deed indeed.\r\n\r\n" } } }