{"_context" : {
    "_types" : {
      "DocumentMetaData" : {
        "_feature_types" : {"sofa" : "_ref" } }, 
      "Persuasive_Labels" : {
        "_feature_types" : {"sofa" : "_ref" } }, 
      "Sentence" : {
        "_feature_types" : {"sofa" : "_ref" } }, 
      "Sofa" : {
        "_feature_types" : {"sofaArray" : "_ref" } }, 
      "TagsetDescription" : {
        "_feature_types" : {"sofa" : "_ref",  "tags" : "_ref" } }, 
      "Token" : {
        "_feature_types" : {"sofa" : "_ref",  "parent" : "_ref",  "lemma" : "_ref",  "stem" : "_ref",  "pos" : "_ref",  "morph" : "_ref",  "form" : "_ref" } }, 
      "DocumentAnnotation" : {
        "_feature_types" : {"sofa" : "_ref" }, 
        "_subtypes" : ["DocumentMetaData" ] }, 
      "Annotation" : {
        "_feature_types" : {"sofa" : "_ref" }, 
        "_subtypes" : ["DocumentAnnotation",  "Persuasive_Labels",  "Sentence",  "TagsetDescription",  "Token" ] }, 
      "AnnotationBase" : {
        "_feature_types" : {"sofa" : "_ref" }, 
        "_subtypes" : ["Annotation" ] }, 
      "TOP" : {
        "_subtypes" : ["AnnotationBase",  "Sofa" ] } } }, 
  "_views" : {
    "_InitialView" : {
      "DocumentMetaData" : [
        {"sofa" : 12,  "end" : 4835,  "language" : "x-unspecified",  "documentTitle" : "68.%20snes-05648%20Hyland's%20Teething%20Tablets%20have%20been%20discontinued%20for%20causing%20adverse%20events%20in%20children.txt",  "documentId" : "admin",  "documentUri" : "file:/C:/Users/huiyi/.webanno/repository/project/4/document/242/source/admin",  "collectionId" : "file:/C:/Users/huiyi/.webanno/repository/project/4/document/242/source/",  "documentBaseUri" : "file:/C:/Users/huiyi/.webanno/repository/project/4/document/242/source/",  "isLastSegment" : false } ], 
      "TagsetDescription" : [
        {"sofa" : 12,  "layer" : "de.tudarmstadt.ukp.dkpro.core.api.syntax.type.dependency.Dependency",  "name" : "UD Universal Dependencies (v2)",  "input" : false }, 
        {"sofa" : 12,  "layer" : "de.tudarmstadt.ukp.dkpro.core.api.ner.type.NamedEntity",  "name" : "Named Entity tags",  "input" : false }, 
        {"sofa" : 12,  "layer" : "de.tudarmstadt.ukp.dkpro.core.api.transform.type.SofaChangeAnnotation",  "name" : "Operation",  "input" : false }, 
        {"sofa" : 12,  "layer" : "de.tudarmstadt.ukp.dkpro.core.api.lexmorph.type.pos.POS",  "name" : "UD Universal POS tags (v2)",  "input" : false }, 
        {"sofa" : 12,  "layer" : "webanno.custom.Persuasive_Labels",  "name" : "2. Using Anecdotes and Personal Experience as Evidence",  "input" : false } ], 
      "Sentence" : [
        {"sofa" : 12,  "end" : 102 }, 
        {"sofa" : 12,  "begin" : 105,  "end" : 684 }, 
        {"sofa" : 12,  "begin" : 686,  "end" : 867 }, 
        {"sofa" : 12,  "begin" : 869,  "end" : 1111 }, 
        {"sofa" : 12,  "begin" : 1113,  "end" : 1286 }, 
        {"sofa" : 12,  "begin" : 1288,  "end" : 1502 }, 
        {"sofa" : 12,  "begin" : 1503,  "end" : 1613 }, 
        {"sofa" : 12,  "begin" : 1614,  "end" : 1795 }, 
        {"sofa" : 12,  "begin" : 1796,  "end" : 1874 }, 
        {"sofa" : 12,  "begin" : 1876,  "end" : 1965 }, 
        {"sofa" : 12,  "begin" : 1967,  "end" : 2096 }, 
        {"sofa" : 12,  "begin" : 2098,  "end" : 2251 }, 
        {"sofa" : 12,  "begin" : 2252,  "end" : 2385 }, 
        {"sofa" : 12,  "begin" : 2386,  "end" : 2525 }, 
        {"sofa" : 12,  "begin" : 2527,  "end" : 2677 }, 
        {"sofa" : 12,  "begin" : 2678,  "end" : 2864 }, 
        {"sofa" : 12,  "begin" : 2865,  "end" : 2980 }, 
        {"sofa" : 12,  "begin" : 2982,  "end" : 3125 }, 
        {"sofa" : 12,  "begin" : 3126,  "end" : 3283 }, 
        {"sofa" : 12,  "begin" : 3285,  "end" : 3398 }, 
        {"sofa" : 12,  "begin" : 3400,  "end" : 3507 }, 
        {"sofa" : 12,  "begin" : 3508,  "end" : 3607 }, 
        {"sofa" : 12,  "begin" : 3608,  "end" : 3730 }, 
        {"sofa" : 12,  "begin" : 3731,  "end" : 3811 }, 
        {"sofa" : 12,  "begin" : 3813,  "end" : 3939 }, 
        {"sofa" : 12,  "begin" : 3940,  "end" : 4045 }, 
        {"sofa" : 12,  "begin" : 4046,  "end" : 4178 }, 
        {"sofa" : 12,  "begin" : 4180,  "end" : 4403 }, 
        {"sofa" : 12,  "begin" : 4405,  "end" : 4695 }, 
        {"sofa" : 12,  "begin" : 4696,  "end" : 4830 } ], 
      "Token" : [
        {"sofa" : 12,  "end" : 5 }, 
        {"sofa" : 12,  "begin" : 5,  "end" : 6 }, 
        {"sofa" : 12,  "begin" : 6,  "end" : 11 }, 
        {"sofa" : 12,  "begin" : 12,  "end" : 20 }, 
        {"sofa" : 12,  "begin" : 21,  "end" : 29 }, 
        {"sofa" : 12,  "begin" : 30,  "end" : 37 }, 
        {"sofa" : 12,  "begin" : 38,  "end" : 42 }, 
        {"sofa" : 12,  "begin" : 43,  "end" : 47 }, 
        {"sofa" : 12,  "begin" : 48,  "end" : 60 }, 
        {"sofa" : 12,  "begin" : 61,  "end" : 64 }, 
        {"sofa" : 12,  "begin" : 65,  "end" : 72 }, 
        {"sofa" : 12,  "begin" : 73,  "end" : 74 }, 
        {"sofa" : 12,  "begin" : 74,  "end" : 81 }, 
        {"sofa" : 12,  "begin" : 82,  "end" : 88 }, 
        {"sofa" : 12,  "begin" : 88,  "end" : 89 }, 
        {"sofa" : 12,  "begin" : 90,  "end" : 92 }, 
        {"sofa" : 12,  "begin" : 93,  "end" : 101 }, 
        {"sofa" : 12,  "begin" : 101,  "end" : 102 }, 
        {"sofa" : 12,  "begin" : 105,  "end" : 111 }, 
        {"sofa" : 12,  "begin" : 111,  "end" : 112 }, 
        {"sofa" : 12,  "begin" : 113,  "end" : 118 }, 
        {"sofa" : 12,  "begin" : 118,  "end" : 119 }, 
        {"sofa" : 12,  "begin" : 119,  "end" : 120 }, 
        {"sofa" : 12,  "begin" : 120,  "end" : 121 }, 
        {"sofa" : 12,  "begin" : 121,  "end" : 132 }, 
        {"sofa" : 12,  "begin" : 132,  "end" : 133 }, 
        {"sofa" : 12,  "begin" : 133,  "end" : 137 }, 
        {"sofa" : 12,  "begin" : 137,  "end" : 138 }, 
        {"sofa" : 12,  "begin" : 138,  "end" : 140 }, 
        {"sofa" : 12,  "begin" : 140,  "end" : 141 }, 
        {"sofa" : 12,  "begin" : 141,  "end" : 143 }, 
        {"sofa" : 12,  "begin" : 143,  "end" : 144 }, 
        {"sofa" : 12,  "begin" : 144,  "end" : 150 }, 
        {"sofa" : 12,  "begin" : 150,  "end" : 151 }, 
        {"sofa" : 12,  "begin" : 151,  "end" : 200 }, 
        {"sofa" : 12,  "begin" : 200,  "end" : 201 }, 
        {"sofa" : 12,  "begin" : 201,  "end" : 211 }, 
        {"sofa" : 12,  "begin" : 214,  "end" : 218 }, 
        {"sofa" : 12,  "begin" : 219,  "end" : 227 }, 
        {"sofa" : 12,  "begin" : 227,  "end" : 228 }, 
        {"sofa" : 12,  "begin" : 229,  "end" : 234 }, 
        {"sofa" : 12,  "begin" : 234,  "end" : 235 }, 
        {"sofa" : 12,  "begin" : 235,  "end" : 236 }, 
        {"sofa" : 12,  "begin" : 236,  "end" : 237 }, 
        {"sofa" : 12,  "begin" : 237,  "end" : 251 }, 
        {"sofa" : 12,  "begin" : 251,  "end" : 252 }, 
        {"sofa" : 12,  "begin" : 252,  "end" : 262 }, 
        {"sofa" : 12,  "begin" : 262,  "end" : 263 }, 
        {"sofa" : 12,  "begin" : 263,  "end" : 296 }, 
        {"sofa" : 12,  "begin" : 296,  "end" : 297 }, 
        {"sofa" : 12,  "begin" : 300,  "end" : 306 }, 
        {"sofa" : 12,  "begin" : 307,  "end" : 314 }, 
        {"sofa" : 12,  "begin" : 314,  "end" : 315 }, 
        {"sofa" : 12,  "begin" : 317,  "end" : 325 }, 
        {"sofa" : 12,  "begin" : 326,  "end" : 333 }, 
        {"sofa" : 12,  "begin" : 334,  "end" : 337 }, 
        {"sofa" : 12,  "begin" : 338,  "end" : 340 }, 
        {"sofa" : 12,  "begin" : 341,  "end" : 347 }, 
        {"sofa" : 12,  "begin" : 348,  "end" : 350 }, 
        {"sofa" : 12,  "begin" : 351,  "end" : 353 }, 
        {"sofa" : 12,  "begin" : 354,  "end" : 364 }, 
        {"sofa" : 12,  "begin" : 365,  "end" : 371 }, 
        {"sofa" : 12,  "begin" : 371,  "end" : 372 }, 
        {"sofa" : 12,  "begin" : 373,  "end" : 376 }, 
        {"sofa" : 12,  "begin" : 377,  "end" : 381 }, 
        {"sofa" : 12,  "begin" : 383,  "end" : 385 }, 
        {"sofa" : 12,  "begin" : 386,  "end" : 389 }, 
        {"sofa" : 12,  "begin" : 390,  "end" : 401 }, 
        {"sofa" : 12,  "begin" : 402,  "end" : 405 }, 
        {"sofa" : 12,  "begin" : 406,  "end" : 411 }, 
        {"sofa" : 12,  "begin" : 412,  "end" : 421 }, 
        {"sofa" : 12,  "begin" : 421,  "end" : 422 }, 
        {"sofa" : 12,  "begin" : 423,  "end" : 426 }, 
        {"sofa" : 12,  "begin" : 428,  "end" : 435 }, 
        {"sofa" : 12,  "begin" : 436,  "end" : 438 }, 
        {"sofa" : 12,  "begin" : 438,  "end" : 439 }, 
        {"sofa" : 12,  "begin" : 439,  "end" : 441 }, 
        {"sofa" : 12,  "begin" : 442,  "end" : 444 }, 
        {"sofa" : 12,  "begin" : 445,  "end" : 448 }, 
        {"sofa" : 12,  "begin" : 448,  "end" : 449 }, 
        {"sofa" : 12,  "begin" : 450,  "end" : 453 }, 
        {"sofa" : 12,  "begin" : 454,  "end" : 461 }, 
        {"sofa" : 12,  "begin" : 462,  "end" : 464 }, 
        {"sofa" : 12,  "begin" : 464,  "end" : 465 }, 
        {"sofa" : 12,  "begin" : 466,  "end" : 470 }, 
        {"sofa" : 12,  "begin" : 472,  "end" : 475 }, 
        {"sofa" : 12,  "begin" : 476,  "end" : 477 }, 
        {"sofa" : 12,  "begin" : 480,  "end" : 483 }, 
        {"sofa" : 12,  "begin" : 484,  "end" : 490 }, 
        {"sofa" : 12,  "begin" : 491,  "end" : 493 }, 
        {"sofa" : 12,  "begin" : 494,  "end" : 502 }, 
        {"sofa" : 12,  "begin" : 503,  "end" : 506 }, 
        {"sofa" : 12,  "begin" : 507,  "end" : 511 }, 
        {"sofa" : 12,  "begin" : 512,  "end" : 523 }, 
        {"sofa" : 12,  "begin" : 524,  "end" : 532 }, 
        {"sofa" : 12,  "begin" : 533,  "end" : 540 }, 
        {"sofa" : 12,  "begin" : 541,  "end" : 544 }, 
        {"sofa" : 12,  "begin" : 545,  "end" : 548 }, 
        {"sofa" : 12,  "begin" : 549,  "end" : 556 }, 
        {"sofa" : 12,  "begin" : 557,  "end" : 563 }, 
        {"sofa" : 12,  "begin" : 564,  "end" : 574 }, 
        {"sofa" : 12,  "begin" : 575,  "end" : 579 }, 
        {"sofa" : 12,  "begin" : 580,  "end" : 583 }, 
        {"sofa" : 12,  "begin" : 584,  "end" : 591 }, 
        {"sofa" : 12,  "begin" : 592,  "end" : 596 }, 
        {"sofa" : 12,  "begin" : 597,  "end" : 601 }, 
        {"sofa" : 12,  "begin" : 602,  "end" : 610 }, 
        {"sofa" : 12,  "begin" : 611,  "end" : 613 }, 
        {"sofa" : 12,  "begin" : 614,  "end" : 617 }, 
        {"sofa" : 12,  "begin" : 618,  "end" : 619 }, 
        {"sofa" : 12,  "begin" : 619,  "end" : 620 }, 
        {"sofa" : 12,  "begin" : 620,  "end" : 621 }, 
        {"sofa" : 12,  "begin" : 622,  "end" : 624 }, 
        {"sofa" : 12,  "begin" : 625,  "end" : 629 }, 
        {"sofa" : 12,  "begin" : 630,  "end" : 633 }, 
        {"sofa" : 12,  "begin" : 634,  "end" : 638 }, 
        {"sofa" : 12,  "begin" : 639,  "end" : 653 }, 
        {"sofa" : 12,  "begin" : 653,  "end" : 654 }, 
        {"sofa" : 12,  "begin" : 654,  "end" : 655 }, 
        {"sofa" : 12,  "begin" : 655,  "end" : 656 }, 
        {"sofa" : 12,  "begin" : 656,  "end" : 657 }, 
        {"sofa" : 12,  "begin" : 658,  "end" : 661 }, 
        {"sofa" : 12,  "begin" : 662,  "end" : 668 }, 
        {"sofa" : 12,  "begin" : 669,  "end" : 673 }, 
        {"sofa" : 12,  "begin" : 674,  "end" : 683 }, 
        {"sofa" : 12,  "begin" : 683,  "end" : 684 }, 
        {"sofa" : 12,  "begin" : 686,  "end" : 689 }, 
        {"sofa" : 12,  "begin" : 690,  "end" : 693 }, 
        {"sofa" : 12,  "begin" : 694,  "end" : 700 }, 
        {"sofa" : 12,  "begin" : 701,  "end" : 711 }, 
        {"sofa" : 12,  "begin" : 712,  "end" : 714 }, 
        {"sofa" : 12,  "begin" : 715,  "end" : 719 }, 
        {"sofa" : 12,  "begin" : 720,  "end" : 725 }, 
        {"sofa" : 12,  "begin" : 726,  "end" : 729 }, 
        {"sofa" : 12,  "begin" : 730,  "end" : 738 }, 
        {"sofa" : 12,  "begin" : 738,  "end" : 739 }, 
        {"sofa" : 12,  "begin" : 740,  "end" : 745 }, 
        {"sofa" : 12,  "begin" : 746,  "end" : 753 }, 
        {"sofa" : 12,  "begin" : 754,  "end" : 757 }, 
        {"sofa" : 12,  "begin" : 758,  "end" : 760 }, 
        {"sofa" : 12,  "begin" : 761,  "end" : 767 }, 
        {"sofa" : 12,  "begin" : 768,  "end" : 776 }, 
        {"sofa" : 12,  "begin" : 777,  "end" : 783 }, 
        {"sofa" : 12,  "begin" : 783,  "end" : 784 }, 
        {"sofa" : 12,  "begin" : 785,  "end" : 788 }, 
        {"sofa" : 12,  "begin" : 789,  "end" : 791 }, 
        {"sofa" : 12,  "begin" : 792,  "end" : 796 }, 
        {"sofa" : 12,  "begin" : 797,  "end" : 802 }, 
        {"sofa" : 12,  "begin" : 803,  "end" : 808 }, 
        {"sofa" : 12,  "begin" : 809,  "end" : 811 }, 
        {"sofa" : 12,  "begin" : 812,  "end" : 813 }, 
        {"sofa" : 12,  "begin" : 814,  "end" : 820 }, 
        {"sofa" : 12,  "begin" : 821,  "end" : 832 }, 
        {"sofa" : 12,  "begin" : 833,  "end" : 835 }, 
        {"sofa" : 12,  "begin" : 836,  "end" : 839 }, 
        {"sofa" : 12,  "begin" : 840,  "end" : 845 }, 
        {"sofa" : 12,  "begin" : 846,  "end" : 857 }, 
        {"sofa" : 12,  "begin" : 858,  "end" : 866 }, 
        {"sofa" : 12,  "begin" : 866,  "end" : 867 }, 
        {"sofa" : 12,  "begin" : 869,  "end" : 872 }, 
        {"sofa" : 12,  "begin" : 873,  "end" : 879 }, 
        {"sofa" : 12,  "begin" : 880,  "end" : 882 }, 
        {"sofa" : 12,  "begin" : 883,  "end" : 896 }, 
        {"sofa" : 12,  "begin" : 897,  "end" : 900 }, 
        {"sofa" : 12,  "begin" : 901,  "end" : 908 }, 
        {"sofa" : 12,  "begin" : 909,  "end" : 915 }, 
        {"sofa" : 12,  "begin" : 916,  "end" : 919 }, 
        {"sofa" : 12,  "begin" : 920,  "end" : 923 }, 
        {"sofa" : 12,  "begin" : 924,  "end" : 929 }, 
        {"sofa" : 12,  "begin" : 930,  "end" : 939 }, 
        {"sofa" : 12,  "begin" : 940,  "end" : 943 }, 
        {"sofa" : 12,  "begin" : 944,  "end" : 950 }, 
        {"sofa" : 12,  "begin" : 950,  "end" : 951 }, 
        {"sofa" : 12,  "begin" : 952,  "end" : 954 }, 
        {"sofa" : 12,  "begin" : 955,  "end" : 956 }, 
        {"sofa" : 12,  "begin" : 956,  "end" : 959 }, 
        {"sofa" : 12,  "begin" : 960,  "end" : 972 }, 
        {"sofa" : 12,  "begin" : 973,  "end" : 975 }, 
        {"sofa" : 12,  "begin" : 976,  "end" : 981 }, 
        {"sofa" : 12,  "begin" : 982,  "end" : 988 }, 
        {"sofa" : 12,  "begin" : 989,  "end" : 991 }, 
        {"sofa" : 12,  "begin" : 992,  "end" : 995 }, 
        {"sofa" : 12,  "begin" : 996,  "end" : 1007 }, 
        {"sofa" : 12,  "begin" : 1008,  "end" : 1016 }, 
        {"sofa" : 12,  "begin" : 1017,  "end" : 1025 }, 
        {"sofa" : 12,  "begin" : 1026,  "end" : 1029 }, 
        {"sofa" : 12,  "begin" : 1030,  "end" : 1033 }, 
        {"sofa" : 12,  "begin" : 1034,  "end" : 1037 }, 
        {"sofa" : 12,  "begin" : 1038,  "end" : 1042 }, 
        {"sofa" : 12,  "begin" : 1043,  "end" : 1053 }, 
        {"sofa" : 12,  "begin" : 1054,  "end" : 1057 }, 
        {"sofa" : 12,  "begin" : 1058,  "end" : 1060 }, 
        {"sofa" : 12,  "begin" : 1061,  "end" : 1070 }, 
        {"sofa" : 12,  "begin" : 1071,  "end" : 1076 }, 
        {"sofa" : 12,  "begin" : 1077,  "end" : 1083 }, 
        {"sofa" : 12,  "begin" : 1083,  "end" : 1084 }, 
        {"sofa" : 12,  "begin" : 1084,  "end" : 1085 }, 
        {"sofa" : 12,  "begin" : 1086,  "end" : 1095 }, 
        {"sofa" : 12,  "begin" : 1096,  "end" : 1098 }, 
        {"sofa" : 12,  "begin" : 1099,  "end" : 1100 }, 
        {"sofa" : 12,  "begin" : 1101,  "end" : 1110 }, 
        {"sofa" : 12,  "begin" : 1110,  "end" : 1111 }, 
        {"sofa" : 12,  "begin" : 1113,  "end" : 1116 }, 
        {"sofa" : 12,  "begin" : 1117,  "end" : 1123 }, 
        {"sofa" : 12,  "begin" : 1124,  "end" : 1127 }, 
        {"sofa" : 12,  "begin" : 1128,  "end" : 1135 }, 
        {"sofa" : 12,  "begin" : 1136,  "end" : 1142 }, 
        {"sofa" : 12,  "begin" : 1143,  "end" : 1144 }, 
        {"sofa" : 12,  "begin" : 1145,  "end" : 1154 }, 
        {"sofa" : 12,  "begin" : 1155,  "end" : 1160 }, 
        {"sofa" : 12,  "begin" : 1160,  "end" : 1161 }, 
        {"sofa" : 12,  "begin" : 1162,  "end" : 1170 }, 
        {"sofa" : 12,  "begin" : 1170,  "end" : 1171 }, 
        {"sofa" : 12,  "begin" : 1172,  "end" : 1180 }, 
        {"sofa" : 12,  "begin" : 1180,  "end" : 1181 }, 
        {"sofa" : 12,  "begin" : 1182,  "end" : 1192 }, 
        {"sofa" : 12,  "begin" : 1192,  "end" : 1193 }, 
        {"sofa" : 12,  "begin" : 1194,  "end" : 1201 }, 
        {"sofa" : 12,  "begin" : 1201,  "end" : 1202 }, 
        {"sofa" : 12,  "begin" : 1203,  "end" : 1212 }, 
        {"sofa" : 12,  "begin" : 1213,  "end" : 1215 }, 
        {"sofa" : 12,  "begin" : 1216,  "end" : 1222 }, 
        {"sofa" : 12,  "begin" : 1222,  "end" : 1223 }, 
        {"sofa" : 12,  "begin" : 1224,  "end" : 1236 }, 
        {"sofa" : 12,  "begin" : 1237,  "end" : 1240 }, 
        {"sofa" : 12,  "begin" : 1241,  "end" : 1250 }, 
        {"sofa" : 12,  "begin" : 1251,  "end" : 1252 }, 
        {"sofa" : 12,  "begin" : 1253,  "end" : 1261 }, 
        {"sofa" : 12,  "begin" : 1262,  "end" : 1266 }, 
        {"sofa" : 12,  "begin" : 1267,  "end" : 1270 }, 
        {"sofa" : 12,  "begin" : 1271,  "end" : 1275 }, 
        {"sofa" : 12,  "begin" : 1276,  "end" : 1279 }, 
        {"sofa" : 12,  "begin" : 1280,  "end" : 1285 }, 
        {"sofa" : 12,  "begin" : 1285,  "end" : 1286 }, 
        {"sofa" : 12,  "begin" : 1288,  "end" : 1290 }, 
        {"sofa" : 12,  "begin" : 1291,  "end" : 1293 }, 
        {"sofa" : 12,  "begin" : 1294,  "end" : 1301 }, 
        {"sofa" : 12,  "begin" : 1302,  "end" : 1311 }, 
        {"sofa" : 12,  "begin" : 1311,  "end" : 1312 }, 
        {"sofa" : 12,  "begin" : 1313,  "end" : 1321 }, 
        {"sofa" : 12,  "begin" : 1321,  "end" : 1322 }, 
        {"sofa" : 12,  "begin" : 1323,  "end" : 1324 }, 
        {"sofa" : 12,  "begin" : 1325,  "end" : 1330 }, 
        {"sofa" : 12,  "begin" : 1331,  "end" : 1333 }, 
        {"sofa" : 12,  "begin" : 1334,  "end" : 1345 }, 
        {"sofa" : 12,  "begin" : 1346,  "end" : 1354 }, 
        {"sofa" : 12,  "begin" : 1355,  "end" : 1362 }, 
        {"sofa" : 12,  "begin" : 1363,  "end" : 1366 }, 
        {"sofa" : 12,  "begin" : 1367,  "end" : 1370 }, 
        {"sofa" : 12,  "begin" : 1370,  "end" : 1371 }, 
        {"sofa" : 12,  "begin" : 1372,  "end" : 1376 }, 
        {"sofa" : 12,  "begin" : 1376,  "end" : 1377 }, 
        {"sofa" : 12,  "begin" : 1378,  "end" : 1379 }, 
        {"sofa" : 12,  "begin" : 1379,  "end" : 1387 }, 
        {"sofa" : 12,  "begin" : 1388,  "end" : 1391 }, 
        {"sofa" : 12,  "begin" : 1392,  "end" : 1395 }, 
        {"sofa" : 12,  "begin" : 1396,  "end" : 1400 }, 
        {"sofa" : 12,  "begin" : 1401,  "end" : 1405 }, 
        {"sofa" : 12,  "begin" : 1406,  "end" : 1411 }, 
        {"sofa" : 12,  "begin" : 1412,  "end" : 1414 }, 
        {"sofa" : 12,  "begin" : 1415,  "end" : 1418 }, 
        {"sofa" : 12,  "begin" : 1419,  "end" : 1423 }, 
        {"sofa" : 12,  "begin" : 1424,  "end" : 1428 }, 
        {"sofa" : 12,  "begin" : 1429,  "end" : 1437 }, 
        {"sofa" : 12,  "begin" : 1438,  "end" : 1441 }, 
        {"sofa" : 12,  "begin" : 1442,  "end" : 1448 }, 
        {"sofa" : 12,  "begin" : 1449,  "end" : 1451 }, 
        {"sofa" : 12,  "begin" : 1452,  "end" : 1455 }, 
        {"sofa" : 12,  "begin" : 1456,  "end" : 1463 }, 
        {"sofa" : 12,  "begin" : 1464,  "end" : 1471 }, 
        {"sofa" : 12,  "begin" : 1472,  "end" : 1475 }, 
        {"sofa" : 12,  "begin" : 1476,  "end" : 1484 }, 
        {"sofa" : 12,  "begin" : 1485,  "end" : 1492 }, 
        {"sofa" : 12,  "begin" : 1493,  "end" : 1496 }, 
        {"sofa" : 12,  "begin" : 1497,  "end" : 1501 }, 
        {"sofa" : 12,  "begin" : 1501,  "end" : 1502 }, 
        {"sofa" : 12,  "begin" : 1503,  "end" : 1506 }, 
        {"sofa" : 12,  "begin" : 1507,  "end" : 1520 }, 
        {"sofa" : 12,  "begin" : 1521,  "end" : 1523 }, 
        {"sofa" : 12,  "begin" : 1524,  "end" : 1528 }, 
        {"sofa" : 12,  "begin" : 1529,  "end" : 1532 }, 
        {"sofa" : 12,  "begin" : 1533,  "end" : 1537 }, 
        {"sofa" : 12,  "begin" : 1538,  "end" : 1541 }, 
        {"sofa" : 12,  "begin" : 1542,  "end" : 1546 }, 
        {"sofa" : 12,  "begin" : 1547,  "end" : 1563 }, 
        {"sofa" : 12,  "begin" : 1564,  "end" : 1577 }, 
        {"sofa" : 12,  "begin" : 1578,  "end" : 1580 }, 
        {"sofa" : 12,  "begin" : 1581,  "end" : 1586 }, 
        {"sofa" : 12,  "begin" : 1587,  "end" : 1595 }, 
        {"sofa" : 12,  "begin" : 1596,  "end" : 1598 }, 
        {"sofa" : 12,  "begin" : 1599,  "end" : 1604 }, 
        {"sofa" : 12,  "begin" : 1605,  "end" : 1612 }, 
        {"sofa" : 12,  "begin" : 1612,  "end" : 1613 }, 
        {"sofa" : 12,  "begin" : 1614,  "end" : 1617 }, 
        {"sofa" : 12,  "begin" : 1618,  "end" : 1622 }, 
        {"sofa" : 12,  "begin" : 1623,  "end" : 1625 }, 
        {"sofa" : 12,  "begin" : 1626,  "end" : 1630 }, 
        {"sofa" : 12,  "begin" : 1631,  "end" : 1633 }, 
        {"sofa" : 12,  "begin" : 1634,  "end" : 1638 }, 
        {"sofa" : 12,  "begin" : 1639,  "end" : 1642 }, 
        {"sofa" : 12,  "begin" : 1643,  "end" : 1647 }, 
        {"sofa" : 12,  "begin" : 1648,  "end" : 1652 }, 
        {"sofa" : 12,  "begin" : 1653,  "end" : 1658 }, 
        {"sofa" : 12,  "begin" : 1659,  "end" : 1661 }, 
        {"sofa" : 12,  "begin" : 1662,  "end" : 1665 }, 
        {"sofa" : 12,  "begin" : 1666,  "end" : 1673 }, 
        {"sofa" : 12,  "begin" : 1674,  "end" : 1676 }, 
        {"sofa" : 12,  "begin" : 1677,  "end" : 1688 }, 
        {"sofa" : 12,  "begin" : 1689,  "end" : 1697 }, 
        {"sofa" : 12,  "begin" : 1698,  "end" : 1700 }, 
        {"sofa" : 12,  "begin" : 1701,  "end" : 1708 }, 
        {"sofa" : 12,  "begin" : 1709,  "end" : 1710 }, 
        {"sofa" : 12,  "begin" : 1711,  "end" : 1717 }, 
        {"sofa" : 12,  "begin" : 1718,  "end" : 1722 }, 
        {"sofa" : 12,  "begin" : 1723,  "end" : 1730 }, 
        {"sofa" : 12,  "begin" : 1731,  "end" : 1742 }, 
        {"sofa" : 12,  "begin" : 1743,  "end" : 1751 }, 
        {"sofa" : 12,  "begin" : 1752,  "end" : 1759 }, 
        {"sofa" : 12,  "begin" : 1760,  "end" : 1763 }, 
        {"sofa" : 12,  "begin" : 1764,  "end" : 1771 }, 
        {"sofa" : 12,  "begin" : 1772,  "end" : 1780 }, 
        {"sofa" : 12,  "begin" : 1781,  "end" : 1783 }, 
        {"sofa" : 12,  "begin" : 1784,  "end" : 1788 }, 
        {"sofa" : 12,  "begin" : 1789,  "end" : 1794 }, 
        {"sofa" : 12,  "begin" : 1794,  "end" : 1795 }, 
        {"sofa" : 12,  "begin" : 1796,  "end" : 1798 }, 
        {"sofa" : 12,  "begin" : 1799,  "end" : 1807 }, 
        {"sofa" : 12,  "begin" : 1808,  "end" : 1810 }, 
        {"sofa" : 12,  "begin" : 1811,  "end" : 1818 }, 
        {"sofa" : 12,  "begin" : 1819,  "end" : 1822 }, 
        {"sofa" : 12,  "begin" : 1823,  "end" : 1832 }, 
        {"sofa" : 12,  "begin" : 1833,  "end" : 1844 }, 
        {"sofa" : 12,  "begin" : 1845,  "end" : 1848 }, 
        {"sofa" : 12,  "begin" : 1849,  "end" : 1859 }, 
        {"sofa" : 12,  "begin" : 1860,  "end" : 1864 }, 
        {"sofa" : 12,  "begin" : 1865,  "end" : 1868 }, 
        {"sofa" : 12,  "begin" : 1869,  "end" : 1872 }, 
        {"sofa" : 12,  "begin" : 1872,  "end" : 1873 }, 
        {"sofa" : 12,  "begin" : 1873,  "end" : 1874 }, 
        {"sofa" : 12,  "begin" : 1876,  "end" : 1884 }, 
        {"sofa" : 12,  "begin" : 1885,  "end" : 1889 }, 
        {"sofa" : 12,  "begin" : 1890,  "end" : 1894 }, 
        {"sofa" : 12,  "begin" : 1895,  "end" : 1899 }, 
        {"sofa" : 12,  "begin" : 1900,  "end" : 1904 }, 
        {"sofa" : 12,  "begin" : 1905,  "end" : 1907 }, 
        {"sofa" : 12,  "begin" : 1908,  "end" : 1912 }, 
        {"sofa" : 12,  "begin" : 1913,  "end" : 1917 }, 
        {"sofa" : 12,  "begin" : 1918,  "end" : 1930 }, 
        {"sofa" : 12,  "begin" : 1931,  "end" : 1934 }, 
        {"sofa" : 12,  "begin" : 1935,  "end" : 1943 }, 
        {"sofa" : 12,  "begin" : 1944,  "end" : 1946 }, 
        {"sofa" : 12,  "begin" : 1947,  "end" : 1950 }, 
        {"sofa" : 12,  "begin" : 1951,  "end" : 1957 }, 
        {"sofa" : 12,  "begin" : 1958,  "end" : 1964 }, 
        {"sofa" : 12,  "begin" : 1964,  "end" : 1965 }, 
        {"sofa" : 12,  "begin" : 1967,  "end" : 1970 }, 
        {"sofa" : 12,  "begin" : 1971,  "end" : 1978 }, 
        {"sofa" : 12,  "begin" : 1979,  "end" : 1983 }, 
        {"sofa" : 12,  "begin" : 1984,  "end" : 1986 }, 
        {"sofa" : 12,  "begin" : 1987,  "end" : 1988 }, 
        {"sofa" : 12,  "begin" : 1989,  "end" : 1995 }, 
        {"sofa" : 12,  "begin" : 1996,  "end" : 2002 }, 
        {"sofa" : 12,  "begin" : 2003,  "end" : 2005 }, 
        {"sofa" : 12,  "begin" : 2006,  "end" : 2009 }, 
        {"sofa" : 12,  "begin" : 2010,  "end" : 2017 }, 
        {"sofa" : 12,  "begin" : 2018,  "end" : 2025 }, 
        {"sofa" : 12,  "begin" : 2026,  "end" : 2030 }, 
        {"sofa" : 12,  "begin" : 2031,  "end" : 2033 }, 
        {"sofa" : 12,  "begin" : 2034,  "end" : 2039 }, 
        {"sofa" : 12,  "begin" : 2040,  "end" : 2042 }, 
        {"sofa" : 12,  "begin" : 2043,  "end" : 2054 }, 
        {"sofa" : 12,  "begin" : 2055,  "end" : 2057 }, 
        {"sofa" : 12,  "begin" : 2058,  "end" : 2070 }, 
        {"sofa" : 12,  "begin" : 2071,  "end" : 2073 }, 
        {"sofa" : 12,  "begin" : 2074,  "end" : 2077 }, 
        {"sofa" : 12,  "begin" : 2078,  "end" : 2086 }, 
        {"sofa" : 12,  "begin" : 2087,  "end" : 2095 }, 
        {"sofa" : 12,  "begin" : 2095,  "end" : 2096 }, 
        {"sofa" : 12,  "begin" : 2098,  "end" : 2099 }, 
        {"sofa" : 12,  "begin" : 2099,  "end" : 2103 }, 
        {"sofa" : 12,  "begin" : 2104,  "end" : 2112 }, 
        {"sofa" : 12,  "begin" : 2113,  "end" : 2116 }, 
        {"sofa" : 12,  "begin" : 2117,  "end" : 2121 }, 
        {"sofa" : 12,  "begin" : 2122,  "end" : 2124 }, 
        {"sofa" : 12,  "begin" : 2125,  "end" : 2130 }, 
        {"sofa" : 12,  "begin" : 2131,  "end" : 2133 }, 
        {"sofa" : 12,  "begin" : 2134,  "end" : 2137 }, 
        {"sofa" : 12,  "begin" : 2138,  "end" : 2144 }, 
        {"sofa" : 12,  "begin" : 2145,  "end" : 2152 }, 
        {"sofa" : 12,  "begin" : 2153,  "end" : 2159 }, 
        {"sofa" : 12,  "begin" : 2160,  "end" : 2162 }, 
        {"sofa" : 12,  "begin" : 2163,  "end" : 2166 }, 
        {"sofa" : 12,  "begin" : 2167,  "end" : 2171 }, 
        {"sofa" : 12,  "begin" : 2172,  "end" : 2173 }, 
        {"sofa" : 12,  "begin" : 2174,  "end" : 2178 }, 
        {"sofa" : 12,  "begin" : 2179,  "end" : 2193 }, 
        {"sofa" : 12,  "begin" : 2194,  "end" : 2201 }, 
        {"sofa" : 12,  "begin" : 2202,  "end" : 2205 }, 
        {"sofa" : 12,  "begin" : 2206,  "end" : 2209 }, 
        {"sofa" : 12,  "begin" : 2210,  "end" : 2212 }, 
        {"sofa" : 12,  "begin" : 2213,  "end" : 2224 }, 
        {"sofa" : 12,  "begin" : 2225,  "end" : 2233 }, 
        {"sofa" : 12,  "begin" : 2234,  "end" : 2241 }, 
        {"sofa" : 12,  "begin" : 2242,  "end" : 2245 }, 
        {"sofa" : 12,  "begin" : 2246,  "end" : 2250 }, 
        {"sofa" : 12,  "begin" : 2250,  "end" : 2251 }, 
        {"sofa" : 12,  "begin" : 2252,  "end" : 2256 }, 
        {"sofa" : 12,  "begin" : 2257,  "end" : 2264 }, 
        {"sofa" : 12,  "begin" : 2265,  "end" : 2268 }, 
        {"sofa" : 12,  "begin" : 2269,  "end" : 2276 }, 
        {"sofa" : 12,  "begin" : 2277,  "end" : 2286 }, 
        {"sofa" : 12,  "begin" : 2287,  "end" : 2292 }, 
        {"sofa" : 12,  "begin" : 2293,  "end" : 2300 }, 
        {"sofa" : 12,  "begin" : 2301,  "end" : 2304 }, 
        {"sofa" : 12,  "begin" : 2305,  "end" : 2312 }, 
        {"sofa" : 12,  "begin" : 2313,  "end" : 2319 }, 
        {"sofa" : 12,  "begin" : 2320,  "end" : 2322 }, 
        {"sofa" : 12,  "begin" : 2323,  "end" : 2326 }, 
        {"sofa" : 12,  "begin" : 2327,  "end" : 2336 }, 
        {"sofa" : 12,  "begin" : 2336,  "end" : 2337 }, 
        {"sofa" : 12,  "begin" : 2337,  "end" : 2338 }, 
        {"sofa" : 12,  "begin" : 2339,  "end" : 2342 }, 
        {"sofa" : 12,  "begin" : 2343,  "end" : 2349 }, 
        {"sofa" : 12,  "begin" : 2350,  "end" : 2354 }, 
        {"sofa" : 12,  "begin" : 2355,  "end" : 2356 }, 
        {"sofa" : 12,  "begin" : 2356,  "end" : 2357 }, 
        {"sofa" : 12,  "begin" : 2357,  "end" : 2358 }, 
        {"sofa" : 12,  "begin" : 2358,  "end" : 2366 }, 
        {"sofa" : 12,  "begin" : 2367,  "end" : 2376 }, 
        {"sofa" : 12,  "begin" : 2377,  "end" : 2381 }, 
        {"sofa" : 12,  "begin" : 2381,  "end" : 2382 }, 
        {"sofa" : 12,  "begin" : 2382,  "end" : 2383 }, 
        {"sofa" : 12,  "begin" : 2383,  "end" : 2384 }, 
        {"sofa" : 12,  "begin" : 2384,  "end" : 2385 }, 
        {"sofa" : 12,  "begin" : 2386,  "end" : 2387 }, 
        {"sofa" : 12,  "begin" : 2387,  "end" : 2394 }, 
        {"sofa" : 12,  "begin" : 2395,  "end" : 2398 }, 
        {"sofa" : 12,  "begin" : 2399,  "end" : 2401 }, 
        {"sofa" : 12,  "begin" : 2402,  "end" : 2403 }, 
        {"sofa" : 12,  "begin" : 2404,  "end" : 2412 }, 
        {"sofa" : 12,  "begin" : 2413,  "end" : 2415 }, 
        {"sofa" : 12,  "begin" : 2416,  "end" : 2422 }, 
        {"sofa" : 12,  "begin" : 2423,  "end" : 2425 }, 
        {"sofa" : 12,  "begin" : 2426,  "end" : 2432 }, 
        {"sofa" : 12,  "begin" : 2433,  "end" : 2436 }, 
        {"sofa" : 12,  "begin" : 2437,  "end" : 2439 }, 
        {"sofa" : 12,  "begin" : 2440,  "end" : 2445 }, 
        {"sofa" : 12,  "begin" : 2446,  "end" : 2448 }, 
        {"sofa" : 12,  "begin" : 2449,  "end" : 2452 }, 
        {"sofa" : 12,  "begin" : 2453,  "end" : 2457 }, 
        {"sofa" : 12,  "begin" : 2458,  "end" : 2460 }, 
        {"sofa" : 12,  "begin" : 2461,  "end" : 2474 }, 
        {"sofa" : 12,  "begin" : 2475,  "end" : 2486 }, 
        {"sofa" : 12,  "begin" : 2487,  "end" : 2489 }, 
        {"sofa" : 12,  "begin" : 2490,  "end" : 2500 }, 
        {"sofa" : 12,  "begin" : 2501,  "end" : 2504 }, 
        {"sofa" : 12,  "begin" : 2505,  "end" : 2515 }, 
        {"sofa" : 12,  "begin" : 2516,  "end" : 2519 }, 
        {"sofa" : 12,  "begin" : 2520,  "end" : 2523 }, 
        {"sofa" : 12,  "begin" : 2523,  "end" : 2524 }, 
        {"sofa" : 12,  "begin" : 2524,  "end" : 2525 }, 
        {"sofa" : 12,  "begin" : 2527,  "end" : 2532 }, 
        {"sofa" : 12,  "begin" : 2533,  "end" : 2535 }, 
        {"sofa" : 12,  "begin" : 2536,  "end" : 2538 }, 
        {"sofa" : 12,  "begin" : 2539,  "end" : 2545 }, 
        {"sofa" : 12,  "begin" : 2546,  "end" : 2548 }, 
        {"sofa" : 12,  "begin" : 2549,  "end" : 2552 }, 
        {"sofa" : 12,  "begin" : 2553,  "end" : 2561 }, 
        {"sofa" : 12,  "begin" : 2561,  "end" : 2562 }, 
        {"sofa" : 12,  "begin" : 2563,  "end" : 2572 }, 
        {"sofa" : 12,  "begin" : 2573,  "end" : 2581 }, 
        {"sofa" : 12,  "begin" : 2582,  "end" : 2586 }, 
        {"sofa" : 12,  "begin" : 2587,  "end" : 2595 }, 
        {"sofa" : 12,  "begin" : 2596,  "end" : 2603 }, 
        {"sofa" : 12,  "begin" : 2603,  "end" : 2604 }, 
        {"sofa" : 12,  "begin" : 2605,  "end" : 2613 }, 
        {"sofa" : 12,  "begin" : 2614,  "end" : 2618 }, 
        {"sofa" : 12,  "begin" : 2619,  "end" : 2627 }, 
        {"sofa" : 12,  "begin" : 2628,  "end" : 2635 }, 
        {"sofa" : 12,  "begin" : 2636,  "end" : 2645 }, 
        {"sofa" : 12,  "begin" : 2646,  "end" : 2649 }, 
        {"sofa" : 12,  "begin" : 2650,  "end" : 2658 }, 
        {"sofa" : 12,  "begin" : 2659,  "end" : 2663 }, 
        {"sofa" : 12,  "begin" : 2664,  "end" : 2672 }, 
        {"sofa" : 12,  "begin" : 2673,  "end" : 2676 }, 
        {"sofa" : 12,  "begin" : 2676,  "end" : 2677 }, 
        {"sofa" : 12,  "begin" : 2678,  "end" : 2681 }, 
        {"sofa" : 12,  "begin" : 2681,  "end" : 2682 }, 
        {"sofa" : 12,  "begin" : 2683,  "end" : 2686 }, 
        {"sofa" : 12,  "begin" : 2687,  "end" : 2689 }, 
        {"sofa" : 12,  "begin" : 2690,  "end" : 2693 }, 
        {"sofa" : 12,  "begin" : 2694,  "end" : 2703 }, 
        {"sofa" : 12,  "begin" : 2704,  "end" : 2710 }, 
        {"sofa" : 12,  "begin" : 2711,  "end" : 2715 }, 
        {"sofa" : 12,  "begin" : 2716,  "end" : 2720 }, 
        {"sofa" : 12,  "begin" : 2721,  "end" : 2729 }, 
        {"sofa" : 12,  "begin" : 2729,  "end" : 2730 }, 
        {"sofa" : 12,  "begin" : 2731,  "end" : 2735 }, 
        {"sofa" : 12,  "begin" : 2736,  "end" : 2742 }, 
        {"sofa" : 12,  "begin" : 2743,  "end" : 2751 }, 
        {"sofa" : 12,  "begin" : 2752,  "end" : 2755 }, 
        {"sofa" : 12,  "begin" : 2756,  "end" : 2759 }, 
        {"sofa" : 12,  "begin" : 2760,  "end" : 2763 }, 
        {"sofa" : 12,  "begin" : 2764,  "end" : 2771 }, 
        {"sofa" : 12,  "begin" : 2772,  "end" : 2774 }, 
        {"sofa" : 12,  "begin" : 2775,  "end" : 2778 }, 
        {"sofa" : 12,  "begin" : 2779,  "end" : 2787 }, 
        {"sofa" : 12,  "begin" : 2788,  "end" : 2796 }, 
        {"sofa" : 12,  "begin" : 2796,  "end" : 2797 }, 
        {"sofa" : 12,  "begin" : 2798,  "end" : 2799 }, 
        {"sofa" : 12,  "begin" : 2799,  "end" : 2800 }, 
        {"sofa" : 12,  "begin" : 2800,  "end" : 2801 }, 
        {"sofa" : 12,  "begin" : 2802,  "end" : 2808 }, 
        {"sofa" : 12,  "begin" : 2809,  "end" : 2812 }, 
        {"sofa" : 12,  "begin" : 2813,  "end" : 2815 }, 
        {"sofa" : 12,  "begin" : 2816,  "end" : 2820 }, 
        {"sofa" : 12,  "begin" : 2821,  "end" : 2825 }, 
        {"sofa" : 12,  "begin" : 2826,  "end" : 2829 }, 
        {"sofa" : 12,  "begin" : 2830,  "end" : 2837 }, 
        {"sofa" : 12,  "begin" : 2838,  "end" : 2843 }, 
        {"sofa" : 12,  "begin" : 2844,  "end" : 2847 }, 
        {"sofa" : 12,  "begin" : 2848,  "end" : 2851 }, 
        {"sofa" : 12,  "begin" : 2852,  "end" : 2859 }, 
        {"sofa" : 12,  "begin" : 2860,  "end" : 2861 }, 
        {"sofa" : 12,  "begin" : 2861,  "end" : 2862 }, 
        {"sofa" : 12,  "begin" : 2862,  "end" : 2863 }, 
        {"sofa" : 12,  "begin" : 2863,  "end" : 2864 }, 
        {"sofa" : 12,  "begin" : 2865,  "end" : 2874 }, 
        {"sofa" : 12,  "begin" : 2875,  "end" : 2879 }, 
        {"sofa" : 12,  "begin" : 2880,  "end" : 2889 }, 
        {"sofa" : 12,  "begin" : 2890,  "end" : 2894 }, 
        {"sofa" : 12,  "begin" : 2895,  "end" : 2897 }, 
        {"sofa" : 12,  "begin" : 2898,  "end" : 2901 }, 
        {"sofa" : 12,  "begin" : 2902,  "end" : 2911 }, 
        {"sofa" : 12,  "begin" : 2912,  "end" : 2923 }, 
        {"sofa" : 12,  "begin" : 2924,  "end" : 2932 }, 
        {"sofa" : 12,  "begin" : 2933,  "end" : 2941 }, 
        {"sofa" : 12,  "begin" : 2942,  "end" : 2946 }, 
        {"sofa" : 12,  "begin" : 2947,  "end" : 2951 }, 
        {"sofa" : 12,  "begin" : 2952,  "end" : 2959 }, 
        {"sofa" : 12,  "begin" : 2960,  "end" : 2962 }, 
        {"sofa" : 12,  "begin" : 2963,  "end" : 2967 }, 
        {"sofa" : 12,  "begin" : 2968,  "end" : 2971 }, 
        {"sofa" : 12,  "begin" : 2972,  "end" : 2979 }, 
        {"sofa" : 12,  "begin" : 2979,  "end" : 2980 }, 
        {"sofa" : 12,  "begin" : 2982,  "end" : 2983 }, 
        {"sofa" : 12,  "begin" : 2983,  "end" : 2985 }, 
        {"sofa" : 12,  "begin" : 2986,  "end" : 2989 }, 
        {"sofa" : 12,  "begin" : 2990,  "end" : 2999 }, 
        {"sofa" : 12,  "begin" : 3000,  "end" : 3004 }, 
        {"sofa" : 12,  "begin" : 3005,  "end" : 3008 }, 
        {"sofa" : 12,  "begin" : 3009,  "end" : 3018 }, 
        {"sofa" : 12,  "begin" : 3019,  "end" : 3027 }, 
        {"sofa" : 12,  "begin" : 3028,  "end" : 3036 }, 
        {"sofa" : 12,  "begin" : 3037,  "end" : 3045 }, 
        {"sofa" : 12,  "begin" : 3045,  "end" : 3046 }, 
        {"sofa" : 12,  "begin" : 3047,  "end" : 3056 }, 
        {"sofa" : 12,  "begin" : 3057,  "end" : 3062 }, 
        {"sofa" : 12,  "begin" : 3063,  "end" : 3066 }, 
        {"sofa" : 12,  "begin" : 3067,  "end" : 3074 }, 
        {"sofa" : 12,  "begin" : 3075,  "end" : 3079 }, 
        {"sofa" : 12,  "begin" : 3079,  "end" : 3080 }, 
        {"sofa" : 12,  "begin" : 3081,  "end" : 3084 }, 
        {"sofa" : 12,  "begin" : 3085,  "end" : 3089 }, 
        {"sofa" : 12,  "begin" : 3090,  "end" : 3093 }, 
        {"sofa" : 12,  "begin" : 3094,  "end" : 3097 }, 
        {"sofa" : 12,  "begin" : 3097,  "end" : 3098 }, 
        {"sofa" : 12,  "begin" : 3098,  "end" : 3099 }, 
        {"sofa" : 12,  "begin" : 3100,  "end" : 3103 }, 
        {"sofa" : 12,  "begin" : 3104,  "end" : 3112 }, 
        {"sofa" : 12,  "begin" : 3113,  "end" : 3119 }, 
        {"sofa" : 12,  "begin" : 3120,  "end" : 3124 }, 
        {"sofa" : 12,  "begin" : 3124,  "end" : 3125 }, 
        {"sofa" : 12,  "begin" : 3126,  "end" : 3127 }, 
        {"sofa" : 12,  "begin" : 3127,  "end" : 3129 }, 
        {"sofa" : 12,  "begin" : 3130,  "end" : 3136 }, 
        {"sofa" : 12,  "begin" : 3136,  "end" : 3137 }, 
        {"sofa" : 12,  "begin" : 3138,  "end" : 3145 }, 
        {"sofa" : 12,  "begin" : 3146,  "end" : 3149 }, 
        {"sofa" : 12,  "begin" : 3150,  "end" : 3153 }, 
        {"sofa" : 12,  "begin" : 3154,  "end" : 3158 }, 
        {"sofa" : 12,  "begin" : 3159,  "end" : 3167 }, 
        {"sofa" : 12,  "begin" : 3168,  "end" : 3174 }, 
        {"sofa" : 12,  "begin" : 3175,  "end" : 3182 }, 
        {"sofa" : 12,  "begin" : 3183,  "end" : 3187 }, 
        {"sofa" : 12,  "begin" : 3188,  "end" : 3193 }, 
        {"sofa" : 12,  "begin" : 3194,  "end" : 3204 }, 
        {"sofa" : 12,  "begin" : 3205,  "end" : 3211 }, 
        {"sofa" : 12,  "begin" : 3212,  "end" : 3217 }, 
        {"sofa" : 12,  "begin" : 3218,  "end" : 3221 }, 
        {"sofa" : 12,  "begin" : 3222,  "end" : 3231 }, 
        {"sofa" : 12,  "begin" : 3231,  "end" : 3232 }, 
        {"sofa" : 12,  "begin" : 3233,  "end" : 3237 }, 
        {"sofa" : 12,  "begin" : 3238,  "end" : 3244 }, 
        {"sofa" : 12,  "begin" : 3245,  "end" : 3254 }, 
        {"sofa" : 12,  "begin" : 3255,  "end" : 3258 }, 
        {"sofa" : 12,  "begin" : 3259,  "end" : 3265 }, 
        {"sofa" : 12,  "begin" : 3266,  "end" : 3269 }, 
        {"sofa" : 12,  "begin" : 3270,  "end" : 3282 }, 
        {"sofa" : 12,  "begin" : 3282,  "end" : 3283 }, 
        {"sofa" : 12,  "begin" : 3285,  "end" : 3286 }, 
        {"sofa" : 12,  "begin" : 3286,  "end" : 3288 }, 
        {"sofa" : 12,  "begin" : 3289,  "end" : 3293 }, 
        {"sofa" : 12,  "begin" : 3294,  "end" : 3301 }, 
        {"sofa" : 12,  "begin" : 3302,  "end" : 3304 }, 
        {"sofa" : 12,  "begin" : 3305,  "end" : 3308 }, 
        {"sofa" : 12,  "begin" : 3309,  "end" : 3315 }, 
        {"sofa" : 12,  "begin" : 3316,  "end" : 3318 }, 
        {"sofa" : 12,  "begin" : 3319,  "end" : 3330 }, 
        {"sofa" : 12,  "begin" : 3331,  "end" : 3340 }, 
        {"sofa" : 12,  "begin" : 3341,  "end" : 3343 }, 
        {"sofa" : 12,  "begin" : 3344,  "end" : 3346 }, 
        {"sofa" : 12,  "begin" : 3347,  "end" : 3351 }, 
        {"sofa" : 12,  "begin" : 3352,  "end" : 3354 }, 
        {"sofa" : 12,  "begin" : 3355,  "end" : 3366 }, 
        {"sofa" : 12,  "begin" : 3367,  "end" : 3371 }, 
        {"sofa" : 12,  "begin" : 3372,  "end" : 3375 }, 
        {"sofa" : 12,  "begin" : 3376,  "end" : 3379 }, 
        {"sofa" : 12,  "begin" : 3379,  "end" : 3380 }, 
        {"sofa" : 12,  "begin" : 3380,  "end" : 3381 }, 
        {"sofa" : 12,  "begin" : 3382,  "end" : 3385 }, 
        {"sofa" : 12,  "begin" : 3386,  "end" : 3392 }, 
        {"sofa" : 12,  "begin" : 3393,  "end" : 3397 }, 
        {"sofa" : 12,  "begin" : 3397,  "end" : 3398 }, 
        {"sofa" : 12,  "begin" : 3400,  "end" : 3403 }, 
        {"sofa" : 12,  "begin" : 3404,  "end" : 3407 }, 
        {"sofa" : 12,  "begin" : 3408,  "end" : 3414 }, 
        {"sofa" : 12,  "begin" : 3415,  "end" : 3416 }, 
        {"sofa" : 12,  "begin" : 3416,  "end" : 3417 }, 
        {"sofa" : 12,  "begin" : 3417,  "end" : 3418 }, 
        {"sofa" : 12,  "begin" : 3419,  "end" : 3420 }, 
        {"sofa" : 12,  "begin" : 3421,  "end" : 3427 }, 
        {"sofa" : 12,  "begin" : 3428,  "end" : 3433 }, 
        {"sofa" : 12,  "begin" : 3434,  "end" : 3439 }, 
        {"sofa" : 12,  "begin" : 3440,  "end" : 3443 }, 
        {"sofa" : 12,  "begin" : 3444,  "end" : 3451 }, 
        {"sofa" : 12,  "begin" : 3452,  "end" : 3454 }, 
        {"sofa" : 12,  "begin" : 3455,  "end" : 3459 }, 
        {"sofa" : 12,  "begin" : 3460,  "end" : 3461 }, 
        {"sofa" : 12,  "begin" : 3461,  "end" : 3462 }, 
        {"sofa" : 12,  "begin" : 3462,  "end" : 3463 }, 
        {"sofa" : 12,  "begin" : 3463,  "end" : 3464 }, 
        {"sofa" : 12,  "begin" : 3465,  "end" : 3468 }, 
        {"sofa" : 12,  "begin" : 3469,  "end" : 3477 }, 
        {"sofa" : 12,  "begin" : 3478,  "end" : 3484 }, 
        {"sofa" : 12,  "begin" : 3485,  "end" : 3486 }, 
        {"sofa" : 12,  "begin" : 3487,  "end" : 3493 }, 
        {"sofa" : 12,  "begin" : 3494,  "end" : 3496 }, 
        {"sofa" : 12,  "begin" : 3497,  "end" : 3501 }, 
        {"sofa" : 12,  "begin" : 3502,  "end" : 3506 }, 
        {"sofa" : 12,  "begin" : 3506,  "end" : 3507 }, 
        {"sofa" : 12,  "begin" : 3508,  "end" : 3513 }, 
        {"sofa" : 12,  "begin" : 3514,  "end" : 3517 }, 
        {"sofa" : 12,  "begin" : 3518,  "end" : 3525 }, 
        {"sofa" : 12,  "begin" : 3525,  "end" : 3526 }, 
        {"sofa" : 12,  "begin" : 3527,  "end" : 3530 }, 
        {"sofa" : 12,  "begin" : 3531,  "end" : 3534 }, 
        {"sofa" : 12,  "begin" : 3535,  "end" : 3539 }, 
        {"sofa" : 12,  "begin" : 3540,  "end" : 3542 }, 
        {"sofa" : 12,  "begin" : 3543,  "end" : 3548 }, 
        {"sofa" : 12,  "begin" : 3549,  "end" : 3550 }, 
        {"sofa" : 12,  "begin" : 3550,  "end" : 3551 }, 
        {"sofa" : 12,  "begin" : 3551,  "end" : 3552 }, 
        {"sofa" : 12,  "begin" : 3553,  "end" : 3565 }, 
        {"sofa" : 12,  "begin" : 3566,  "end" : 3573 }, 
        {"sofa" : 12,  "begin" : 3574,  "end" : 3576 }, 
        {"sofa" : 12,  "begin" : 3577,  "end" : 3587 }, 
        {"sofa" : 12,  "begin" : 3588,  "end" : 3589 }, 
        {"sofa" : 12,  "begin" : 3589,  "end" : 3590 }, 
        {"sofa" : 12,  "begin" : 3590,  "end" : 3591 }, 
        {"sofa" : 12,  "begin" : 3592,  "end" : 3594 }, 
        {"sofa" : 12,  "begin" : 3595,  "end" : 3598 }, 
        {"sofa" : 12,  "begin" : 3599,  "end" : 3606 }, 
        {"sofa" : 12,  "begin" : 3606,  "end" : 3607 }, 
        {"sofa" : 12,  "begin" : 3608,  "end" : 3611 }, 
        {"sofa" : 12,  "begin" : 3612,  "end" : 3618 }, 
        {"sofa" : 12,  "begin" : 3619,  "end" : 3623 }, 
        {"sofa" : 12,  "begin" : 3624,  "end" : 3627 }, 
        {"sofa" : 12,  "begin" : 3628,  "end" : 3635 }, 
        {"sofa" : 12,  "begin" : 3636,  "end" : 3638 }, 
        {"sofa" : 12,  "begin" : 3639,  "end" : 3646 }, 
        {"sofa" : 12,  "begin" : 3647,  "end" : 3653 }, 
        {"sofa" : 12,  "begin" : 3654,  "end" : 3661 }, 
        {"sofa" : 12,  "begin" : 3662,  "end" : 3664 }, 
        {"sofa" : 12,  "begin" : 3665,  "end" : 3670 }, 
        {"sofa" : 12,  "begin" : 3671,  "end" : 3674 }, 
        {"sofa" : 12,  "begin" : 3675,  "end" : 3683 }, 
        {"sofa" : 12,  "begin" : 3684,  "end" : 3688 }, 
        {"sofa" : 12,  "begin" : 3689,  "end" : 3693 }, 
        {"sofa" : 12,  "begin" : 3694,  "end" : 3704 }, 
        {"sofa" : 12,  "begin" : 3705,  "end" : 3709 }, 
        {"sofa" : 12,  "begin" : 3710,  "end" : 3720 }, 
        {"sofa" : 12,  "begin" : 3721,  "end" : 3729 }, 
        {"sofa" : 12,  "begin" : 3729,  "end" : 3730 }, 
        {"sofa" : 12,  "begin" : 3731,  "end" : 3734 }, 
        {"sofa" : 12,  "begin" : 3735,  "end" : 3738 }, 
        {"sofa" : 12,  "begin" : 3739,  "end" : 3743 }, 
        {"sofa" : 12,  "begin" : 3744,  "end" : 3747 }, 
        {"sofa" : 12,  "begin" : 3748,  "end" : 3757 }, 
        {"sofa" : 12,  "begin" : 3758,  "end" : 3765 }, 
        {"sofa" : 12,  "begin" : 3766,  "end" : 3769 }, 
        {"sofa" : 12,  "begin" : 3770,  "end" : 3777 }, 
        {"sofa" : 12,  "begin" : 3778,  "end" : 3784 }, 
        {"sofa" : 12,  "begin" : 3785,  "end" : 3789 }, 
        {"sofa" : 12,  "begin" : 3790,  "end" : 3805 }, 
        {"sofa" : 12,  "begin" : 3806,  "end" : 3810 }, 
        {"sofa" : 12,  "begin" : 3810,  "end" : 3811 }, 
        {"sofa" : 12,  "begin" : 3813,  "end" : 3818 }, 
        {"sofa" : 12,  "begin" : 3819,  "end" : 3823 }, 
        {"sofa" : 12,  "begin" : 3823,  "end" : 3824 }, 
        {"sofa" : 12,  "begin" : 3825,  "end" : 3833 }, 
        {"sofa" : 12,  "begin" : 3834,  "end" : 3838 }, 
        {"sofa" : 12,  "begin" : 3838,  "end" : 3839 }, 
        {"sofa" : 12,  "begin" : 3840,  "end" : 3842 }, 
        {"sofa" : 12,  "begin" : 3843,  "end" : 3855 }, 
        {"sofa" : 12,  "begin" : 3856,  "end" : 3859 }, 
        {"sofa" : 12,  "begin" : 3860,  "end" : 3867 }, 
        {"sofa" : 12,  "begin" : 3868,  "end" : 3870 }, 
        {"sofa" : 12,  "begin" : 3871,  "end" : 3877 }, 
        {"sofa" : 12,  "begin" : 3878,  "end" : 3881 }, 
        {"sofa" : 12,  "begin" : 3882,  "end" : 3888 }, 
        {"sofa" : 12,  "begin" : 3889,  "end" : 3891 }, 
        {"sofa" : 12,  "begin" : 3892,  "end" : 3902 }, 
        {"sofa" : 12,  "begin" : 3903,  "end" : 3906 }, 
        {"sofa" : 12,  "begin" : 3907,  "end" : 3915 }, 
        {"sofa" : 12,  "begin" : 3916,  "end" : 3919 }, 
        {"sofa" : 12,  "begin" : 3920,  "end" : 3930 }, 
        {"sofa" : 12,  "begin" : 3931,  "end" : 3938 }, 
        {"sofa" : 12,  "begin" : 3938,  "end" : 3939 }, 
        {"sofa" : 12,  "begin" : 3940,  "end" : 3941 }, 
        {"sofa" : 12,  "begin" : 3941,  "end" : 3943 }, 
        {"sofa" : 12,  "begin" : 3944,  "end" : 3948 }, 
        {"sofa" : 12,  "begin" : 3949,  "end" : 3957 }, 
        {"sofa" : 12,  "begin" : 3958,  "end" : 3961 }, 
        {"sofa" : 12,  "begin" : 3962,  "end" : 3968 }, 
        {"sofa" : 12,  "begin" : 3969,  "end" : 3971 }, 
        {"sofa" : 12,  "begin" : 3972,  "end" : 3979 }, 
        {"sofa" : 12,  "begin" : 3979,  "end" : 3980 }, 
        {"sofa" : 12,  "begin" : 3981,  "end" : 3992 }, 
        {"sofa" : 12,  "begin" : 3993,  "end" : 3996 }, 
        {"sofa" : 12,  "begin" : 3997,  "end" : 4002 }, 
        {"sofa" : 12,  "begin" : 4003,  "end" : 4006 }, 
        {"sofa" : 12,  "begin" : 4007,  "end" : 4013 }, 
        {"sofa" : 12,  "begin" : 4014,  "end" : 4021 }, 
        {"sofa" : 12,  "begin" : 4022,  "end" : 4024 }, 
        {"sofa" : 12,  "begin" : 4025,  "end" : 4028 }, 
        {"sofa" : 12,  "begin" : 4029,  "end" : 4031 }, 
        {"sofa" : 12,  "begin" : 4032,  "end" : 4035 }, 
        {"sofa" : 12,  "begin" : 4036,  "end" : 4044 }, 
        {"sofa" : 12,  "begin" : 4044,  "end" : 4045 }, 
        {"sofa" : 12,  "begin" : 4046,  "end" : 4048 }, 
        {"sofa" : 12,  "begin" : 4049,  "end" : 4053 }, 
        {"sofa" : 12,  "begin" : 4054,  "end" : 4057 }, 
        {"sofa" : 12,  "begin" : 4058,  "end" : 4062 }, 
        {"sofa" : 12,  "begin" : 4063,  "end" : 4066 }, 
        {"sofa" : 12,  "begin" : 4067,  "end" : 4072 }, 
        {"sofa" : 12,  "begin" : 4073,  "end" : 4075 }, 
        {"sofa" : 12,  "begin" : 4076,  "end" : 4084 }, 
        {"sofa" : 12,  "begin" : 4085,  "end" : 4089 }, 
        {"sofa" : 12,  "begin" : 4090,  "end" : 4098 }, 
        {"sofa" : 12,  "begin" : 4099,  "end" : 4107 }, 
        {"sofa" : 12,  "begin" : 4108,  "end" : 4117 }, 
        {"sofa" : 12,  "begin" : 4118,  "end" : 4122 }, 
        {"sofa" : 12,  "begin" : 4123,  "end" : 4126 }, 
        {"sofa" : 12,  "begin" : 4127,  "end" : 4131 }, 
        {"sofa" : 12,  "begin" : 4132,  "end" : 4134 }, 
        {"sofa" : 12,  "begin" : 4135,  "end" : 4144 }, 
        {"sofa" : 12,  "begin" : 4144,  "end" : 4145 }, 
        {"sofa" : 12,  "begin" : 4145,  "end" : 4146 }, 
        {"sofa" : 12,  "begin" : 4147,  "end" : 4149 }, 
        {"sofa" : 12,  "begin" : 4150,  "end" : 4154 }, 
        {"sofa" : 12,  "begin" : 4155,  "end" : 4156 }, 
        {"sofa" : 12,  "begin" : 4156,  "end" : 4157 }, 
        {"sofa" : 12,  "begin" : 4157,  "end" : 4158 }, 
        {"sofa" : 12,  "begin" : 4159,  "end" : 4161 }, 
        {"sofa" : 12,  "begin" : 4162,  "end" : 4165 }, 
        {"sofa" : 12,  "begin" : 4166,  "end" : 4173 }, 
        {"sofa" : 12,  "begin" : 4174,  "end" : 4175 }, 
        {"sofa" : 12,  "begin" : 4175,  "end" : 4176 }, 
        {"sofa" : 12,  "begin" : 4176,  "end" : 4177 }, 
        {"sofa" : 12,  "begin" : 4177,  "end" : 4178 }, 
        {"sofa" : 12,  "begin" : 4180,  "end" : 4183 }, 
        {"sofa" : 12,  "begin" : 4184,  "end" : 4192 }, 
        {"sofa" : 12,  "begin" : 4193,  "end" : 4200 }, 
        {"sofa" : 12,  "begin" : 4201,  "end" : 4203 }, 
        {"sofa" : 12,  "begin" : 4204,  "end" : 4214 }, 
        {"sofa" : 12,  "begin" : 4214,  "end" : 4215 }, 
        {"sofa" : 12,  "begin" : 4216,  "end" : 4217 }, 
        {"sofa" : 12,  "begin" : 4217,  "end" : 4218 }, 
        {"sofa" : 12,  "begin" : 4218,  "end" : 4219 }, 
        {"sofa" : 12,  "begin" : 4220,  "end" : 4239 }, 
        {"sofa" : 12,  "begin" : 4240,  "end" : 4241 }, 
        {"sofa" : 12,  "begin" : 4241,  "end" : 4242 }, 
        {"sofa" : 12,  "begin" : 4242,  "end" : 4243 }, 
        {"sofa" : 12,  "begin" : 4244,  "end" : 4247 }, 
        {"sofa" : 12,  "begin" : 4248,  "end" : 4254 }, 
        {"sofa" : 12,  "begin" : 4255,  "end" : 4262 }, 
        {"sofa" : 12,  "begin" : 4263,  "end" : 4265 }, 
        {"sofa" : 12,  "begin" : 4266,  "end" : 4270 }, 
        {"sofa" : 12,  "begin" : 4271,  "end" : 4275 }, 
        {"sofa" : 12,  "begin" : 4276,  "end" : 4280 }, 
        {"sofa" : 12,  "begin" : 4281,  "end" : 4289 }, 
        {"sofa" : 12,  "begin" : 4290,  "end" : 4297 }, 
        {"sofa" : 12,  "begin" : 4298,  "end" : 4302 }, 
        {"sofa" : 12,  "begin" : 4303,  "end" : 4310 }, 
        {"sofa" : 12,  "begin" : 4311,  "end" : 4321 }, 
        {"sofa" : 12,  "begin" : 4322,  "end" : 4325 }, 
        {"sofa" : 12,  "begin" : 4326,  "end" : 4330 }, 
        {"sofa" : 12,  "begin" : 4331,  "end" : 4335 }, 
        {"sofa" : 12,  "begin" : 4336,  "end" : 4346 }, 
        {"sofa" : 12,  "begin" : 4346,  "end" : 4347 }, 
        {"sofa" : 12,  "begin" : 4348,  "end" : 4354 }, 
        {"sofa" : 12,  "begin" : 4355,  "end" : 4358 }, 
        {"sofa" : 12,  "begin" : 4359,  "end" : 4362 }, 
        {"sofa" : 12,  "begin" : 4363,  "end" : 4371 }, 
        {"sofa" : 12,  "begin" : 4372,  "end" : 4375 }, 
        {"sofa" : 12,  "begin" : 4376,  "end" : 4379 }, 
        {"sofa" : 12,  "begin" : 4380,  "end" : 4389 }, 
        {"sofa" : 12,  "begin" : 4390,  "end" : 4394 }, 
        {"sofa" : 12,  "begin" : 4395,  "end" : 4402 }, 
        {"sofa" : 12,  "begin" : 4402,  "end" : 4403 }, 
        {"sofa" : 12,  "begin" : 4405,  "end" : 4412 }, 
        {"sofa" : 12,  "begin" : 4413,  "end" : 4415 }, 
        {"sofa" : 12,  "begin" : 4416,  "end" : 4424 }, 
        {"sofa" : 12,  "begin" : 4425,  "end" : 4432 }, 
        {"sofa" : 12,  "begin" : 4433,  "end" : 4435 }, 
        {"sofa" : 12,  "begin" : 4436,  "end" : 4440 }, 
        {"sofa" : 12,  "begin" : 4440,  "end" : 4441 }, 
        {"sofa" : 12,  "begin" : 4442,  "end" : 4445 }, 
        {"sofa" : 12,  "begin" : 4446,  "end" : 4447 }, 
        {"sofa" : 12,  "begin" : 4447,  "end" : 4448 }, 
        {"sofa" : 12,  "begin" : 4448,  "end" : 4449 }, 
        {"sofa" : 12,  "begin" : 4449,  "end" : 4457 }, 
        {"sofa" : 12,  "begin" : 4458,  "end" : 4465 }, 
        {"sofa" : 12,  "begin" : 4466,  "end" : 4468 }, 
        {"sofa" : 12,  "begin" : 4469,  "end" : 4479 }, 
        {"sofa" : 12,  "begin" : 4480,  "end" : 4488 }, 
        {"sofa" : 12,  "begin" : 4489,  "end" : 4490 }, 
        {"sofa" : 12,  "begin" : 4490,  "end" : 4491 }, 
        {"sofa" : 12,  "begin" : 4491,  "end" : 4492 }, 
        {"sofa" : 12,  "begin" : 4493,  "end" : 4497 }, 
        {"sofa" : 12,  "begin" : 4498,  "end" : 4505 }, 
        {"sofa" : 12,  "begin" : 4506,  "end" : 4513 }, 
        {"sofa" : 12,  "begin" : 4514,  "end" : 4517 }, 
        {"sofa" : 12,  "begin" : 4518,  "end" : 4525 }, 
        {"sofa" : 12,  "begin" : 4526,  "end" : 4530 }, 
        {"sofa" : 12,  "begin" : 4531,  "end" : 4535 }, 
        {"sofa" : 12,  "begin" : 4536,  "end" : 4537 }, 
        {"sofa" : 12,  "begin" : 4538,  "end" : 4543 }, 
        {"sofa" : 12,  "begin" : 4544,  "end" : 4550 }, 
        {"sofa" : 12,  "begin" : 4551,  "end" : 4555 }, 
        {"sofa" : 12,  "begin" : 4556,  "end" : 4557 }, 
        {"sofa" : 12,  "begin" : 4558,  "end" : 4562 }, 
        {"sofa" : 12,  "begin" : 4563,  "end" : 4565 }, 
        {"sofa" : 12,  "begin" : 4566,  "end" : 4568 }, 
        {"sofa" : 12,  "begin" : 4569,  "end" : 4573 }, 
        {"sofa" : 12,  "begin" : 4573,  "end" : 4574 }, 
        {"sofa" : 12,  "begin" : 4575,  "end" : 4578 }, 
        {"sofa" : 12,  "begin" : 4579,  "end" : 4580 }, 
        {"sofa" : 12,  "begin" : 4581,  "end" : 4586 }, 
        {"sofa" : 12,  "begin" : 4587,  "end" : 4595 }, 
        {"sofa" : 12,  "begin" : 4596,  "end" : 4600 }, 
        {"sofa" : 12,  "begin" : 4601,  "end" : 4603 }, 
        {"sofa" : 12,  "begin" : 4604,  "end" : 4609 }, 
        {"sofa" : 12,  "begin" : 4609,  "end" : 4610 }, 
        {"sofa" : 12,  "begin" : 4611,  "end" : 4614 }, 
        {"sofa" : 12,  "begin" : 4615,  "end" : 4624 }, 
        {"sofa" : 12,  "begin" : 4625,  "end" : 4631 }, 
        {"sofa" : 12,  "begin" : 4632,  "end" : 4636 }, 
        {"sofa" : 12,  "begin" : 4637,  "end" : 4644 }, 
        {"sofa" : 12,  "begin" : 4645,  "end" : 4647 }, 
        {"sofa" : 12,  "begin" : 4648,  "end" : 4651 }, 
        {"sofa" : 12,  "begin" : 4652,  "end" : 4659 }, 
        {"sofa" : 12,  "begin" : 4659,  "end" : 4660 }, 
        {"sofa" : 12,  "begin" : 4661,  "end" : 4667 }, 
        {"sofa" : 12,  "begin" : 4668,  "end" : 4675 }, 
        {"sofa" : 12,  "begin" : 4675,  "end" : 4676 }, 
        {"sofa" : 12,  "begin" : 4677,  "end" : 4684 }, 
        {"sofa" : 12,  "begin" : 4685,  "end" : 4687 }, 
        {"sofa" : 12,  "begin" : 4688,  "end" : 4694 }, 
        {"sofa" : 12,  "begin" : 4694,  "end" : 4695 }, 
        {"sofa" : 12,  "begin" : 4696,  "end" : 4703 }, 
        {"sofa" : 12,  "begin" : 4704,  "end" : 4707 }, 
        {"sofa" : 12,  "begin" : 4708,  "end" : 4712 }, 
        {"sofa" : 12,  "begin" : 4713,  "end" : 4717 }, 
        {"sofa" : 12,  "begin" : 4718,  "end" : 4719 }, 
        {"sofa" : 12,  "begin" : 4720,  "end" : 4738 }, 
        {"sofa" : 12,  "begin" : 4739,  "end" : 4743 }, 
        {"sofa" : 12,  "begin" : 4744,  "end" : 4746 }, 
        {"sofa" : 12,  "begin" : 4747,  "end" : 4760 }, 
        {"sofa" : 12,  "begin" : 4760,  "end" : 4761 }, 
        {"sofa" : 12,  "begin" : 4762,  "end" : 4765 }, 
        {"sofa" : 12,  "begin" : 4766,  "end" : 4772 }, 
        {"sofa" : 12,  "begin" : 4773,  "end" : 4776 }, 
        {"sofa" : 12,  "begin" : 4777,  "end" : 4780 }, 
        {"sofa" : 12,  "begin" : 4781,  "end" : 4788 }, 
        {"sofa" : 12,  "begin" : 4789,  "end" : 4795 }, 
        {"sofa" : 12,  "begin" : 4796,  "end" : 4801 }, 
        {"sofa" : 12,  "begin" : 4802,  "end" : 4804 }, 
        {"sofa" : 12,  "begin" : 4805,  "end" : 4806 }, 
        {"sofa" : 12,  "begin" : 4806,  "end" : 4807 }, 
        {"sofa" : 12,  "begin" : 4807,  "end" : 4808 }, 
        {"sofa" : 12,  "begin" : 4809,  "end" : 4820 }, 
        {"sofa" : 12,  "begin" : 4821,  "end" : 4825 }, 
        {"sofa" : 12,  "begin" : 4826,  "end" : 4827 }, 
        {"sofa" : 12,  "begin" : 4827,  "end" : 4828 }, 
        {"sofa" : 12,  "begin" : 4828,  "end" : 4829 }, 
        {"sofa" : 12,  "begin" : 4829,  "end" : 4830 } ], 
      "Persuasive_Labels" : [
        {"sofa" : 12,  "begin" : 602,  "end" : 673,  "EstablishingLegitimacy" : "citing source to establish legitimacy_source verified to be credible" }, 
        {"sofa" : 12,  "begin" : 602,  "end" : 673,  "EstablishingLegitimacy" : "Establishing Legitimacy" }, 
        {"sofa" : 12,  "begin" : 686,  "end" : 700,  "EstablishingLegitimacy" : "Establishing Legitimacy" }, 
        {"sofa" : 12,  "begin" : 686,  "end" : 700,  "EstablishingLegitimacy" : "citing source to establish legitimacy_source verified to be credible" }, 
        {"sofa" : 12,  "begin" : 1113,  "end" : 1286,  "HighlightingUncertaintyandRisk" : "Highlighting Uncertainty and Risk" }, 
        {"sofa" : 12,  "begin" : 1288,  "end" : 1377,  "EstablishingLegitimacy" : "citing source to establish legitimacy_source verified to be credible" }, 
        {"sofa" : 12,  "begin" : 1288,  "end" : 1376,  "EstablishingLegitimacy" : "Establishing Legitimacy" }, 
        {"sofa" : 12,  "begin" : 4180,  "end" : 4254,  "EstablishingLegitimacy" : "Establishing Legitimacy" }, 
        {"sofa" : 12,  "begin" : 4180,  "end" : 4254,  "EstablishingLegitimacy" : "citing source to establish legitimacy_source verified to be credible" } ] } }, 
  "_referenced_fss" : {
    "12" : {"_type" : "Sofa",  "sofaNum" : 1,  "sofaID" : "_InitialView",  "mimeType" : "text",  "sofaString" : "﻿snes-05648 Hyland's Teething Tablets have been discontinued for causing \"adverse events\" in children. \r\nSource: https://www.cnn.com/2016/10/12/health/hylands-teething-tablets-discontinued-fda-warning/index.html \r\nFact checking: https://www.snopes.com/fact-check/hyland39s-teething-tablets-recall/ \r\nActual content:\r\nTeething tablets may be linked to 10 children's deaths, FDA says\r\nBy Jen Christensen and Jamie Gumbrecht, CNN\r\nUpdated 12:48 PM EDT, Thu October 13, 2016\r\nCNN - \r\nTen deaths of children who used homeopathic teething tablets and 400 adverse events associated with the tablets have been reported to the <a> US Food and Drug Administration,<a> the agency said Wednesday.\r\nThe FDA warned caregivers to stop using the products, which parents use to soothe teething babies, and to take their child to a doctor immediately if the child experiences problems.\r\nThe agency is investigating the adverse events and the cases involving the deaths, as \"the relationship of these deaths to the homeopathic teething products has not yet been determined and is currently under review,\" according to a statement.\r\nThe deaths and adverse events - including fever, lethargy, vomiting, sleepiness, tremors, shortness of breath, irritability and agitation - occurred over the past six years.\r\nIn an emailed statement, Hyland's, a maker of homeopathic teething tablets and gel, said, \"Hyland's has not been made aware of any data that supports the claims in the warning against our teething tablets and gels. Our understanding is that the Food and Drug Administration's investigation of these products is still ongoing. The fact is that we have not been made aware of any medical or statistical evidence to support a causal link between homeopathic teething tablets and adverse outcomes at this point. We continue to request any available information and statistics from the FDA.\"\r\nHyland's said this week that it will stop distributing the products in the United States.\r\nThe company said in a letter posted on its website Tuesday that it chose to discontinue US distribution of its teething products.\r\n\"This decision was made in light of the recent warning issued by the Food & Drug Administration against the use of homeopathic teething tablets and gels. This warning has created confusion among parents and limited access to the medicines,\" the letter from <a>Hyland's employees said<a>. \"Putting you in a position of having to choose who to trust in the face of contradictory information is burdensome and undermines the FDA.\"\r\nThere is no recall on the products, including Hyland's Baby Teething Tablets, Hyland's Baby Teething Tablets Nighttime and Hyland's Baby Teething Gel. CVS, one of the drugstore chains that sold Hyland's, Baby Orajel Naturals and its own version of the teething products, <a> pulled all of them from the shelves after the FDA warning <a>. Walgreens also confirmed that it has withdrawn homeopathic teething products that were subject to this FDA warning.\r\n\"We are confident that any available Hyland's teething products, including those you already have, are safe for use,\" the Hyland's letter said. \"Of course, parents who may have concerns should consult with their physicians before using any medicines, read labels carefully and follow all instructions.\r\n\"We look forward to the future of homeopathic medicines as we work in partnership with the FDA,\" the letter said.\r\nThe FDA issued <a> a safety alert about the tablets in 2010 <a>, and Hyland's issued a recall at that time. After lab testing, the FDA said it found <a> inconsistent amounts of belladonna <a> in the tablets. The agency also had reports of adverse events related to using the products that were consistent with belladonna toxicity. The FDA also was concerned because the bottles didn't have child-resistant caps.\r\nSince 2010, Hyland's said, it reformulated the product to reduce the amount of belladonna and revamped its production process. \"We also improved our system to monitor, investigate and trend all safety reports on any of our products. We have not seen any trend to indicate that Hyland's teething medicines pose any risk to consumers,\" it said <a> on its website <a>.\r\nThe American Academy of Pediatrics' <a> HealthyChildren.org <a> has warned parents to stay away from teething tablets that contain belladonna and gels with benzocaine, citing the FDA warnings and the potential side effects.\r\nInstead of teething tablets or gels, the <a>American Academy of Pediatrics suggests <a> that parents massage the child's gums with a clean finger when a baby is in pain; use a solid teething ring or clean, wet washcloth that's been chilled in the freezer; frozen bananas, berries or bagels. Parents can also give a weight-appropriate dose of acetaminophen, but should ask the child's doctor about an <a> appropriate dose <a>. \r\n\r\n" } } }