{"_context" : {
    "_types" : {
      "DocumentMetaData" : {
        "_feature_types" : {"sofa" : "_ref" } }, 
      "Persuasive_Labels" : {
        "_feature_types" : {"sofa" : "_ref" } }, 
      "Sentence" : {
        "_feature_types" : {"sofa" : "_ref" } }, 
      "Sofa" : {
        "_feature_types" : {"sofaArray" : "_ref" } }, 
      "TagsetDescription" : {
        "_feature_types" : {"sofa" : "_ref",  "tags" : "_ref" } }, 
      "Token" : {
        "_feature_types" : {"sofa" : "_ref",  "parent" : "_ref",  "lemma" : "_ref",  "stem" : "_ref",  "pos" : "_ref",  "morph" : "_ref",  "form" : "_ref" } }, 
      "DocumentAnnotation" : {
        "_feature_types" : {"sofa" : "_ref" }, 
        "_subtypes" : ["DocumentMetaData" ] }, 
      "Annotation" : {
        "_feature_types" : {"sofa" : "_ref" }, 
        "_subtypes" : ["DocumentAnnotation",  "Persuasive_Labels",  "Sentence",  "TagsetDescription",  "Token" ] }, 
      "AnnotationBase" : {
        "_feature_types" : {"sofa" : "_ref" }, 
        "_subtypes" : ["Annotation" ] }, 
      "TOP" : {
        "_subtypes" : ["AnnotationBase",  "Sofa" ] } } }, 
  "_views" : {
    "_InitialView" : {
      "DocumentMetaData" : [
        {"sofa" : 12,  "end" : 6709,  "language" : "x-unspecified",  "documentTitle" : "9.%20snes-01852%20Johns%20Hopkins%20Scientist%20Exposes%20Flu%20Vaccine%20Danger.txt",  "documentId" : "admin",  "documentUri" : "file:/C:/Users/huiyi/.webanno/repository/project/4/document/241/source/admin",  "collectionId" : "file:/C:/Users/huiyi/.webanno/repository/project/4/document/241/source/",  "documentBaseUri" : "file:/C:/Users/huiyi/.webanno/repository/project/4/document/241/source/",  "isLastSegment" : false } ], 
      "TagsetDescription" : [
        {"sofa" : 12,  "layer" : "de.tudarmstadt.ukp.dkpro.core.api.syntax.type.dependency.Dependency",  "name" : "UD Universal Dependencies (v2)",  "input" : false }, 
        {"sofa" : 12,  "layer" : "de.tudarmstadt.ukp.dkpro.core.api.ner.type.NamedEntity",  "name" : "Named Entity tags",  "input" : false }, 
        {"sofa" : 12,  "layer" : "de.tudarmstadt.ukp.dkpro.core.api.transform.type.SofaChangeAnnotation",  "name" : "Operation",  "input" : false }, 
        {"sofa" : 12,  "layer" : "de.tudarmstadt.ukp.dkpro.core.api.lexmorph.type.pos.POS",  "name" : "UD Universal POS tags (v2)",  "input" : false }, 
        {"sofa" : 12,  "layer" : "webanno.custom.Persuasive_Labels",  "name" : "2. Using Anecdotes and Personal Experience as Evidence",  "input" : false } ], 
      "Sentence" : [
        {"sofa" : 12,  "end" : 63 }, 
        {"sofa" : 12,  "begin" : 65,  "end" : 449 }, 
        {"sofa" : 12,  "begin" : 450,  "end" : 683 }, 
        {"sofa" : 12,  "begin" : 684,  "end" : 875 }, 
        {"sofa" : 12,  "begin" : 880,  "end" : 1047 }, 
        {"sofa" : 12,  "begin" : 1048,  "end" : 1181 }, 
        {"sofa" : 12,  "begin" : 1182,  "end" : 1215 }, 
        {"sofa" : 12,  "begin" : 1216,  "end" : 1328 }, 
        {"sofa" : 12,  "begin" : 1329,  "end" : 1383 }, 
        {"sofa" : 12,  "begin" : 1388,  "end" : 1525 }, 
        {"sofa" : 12,  "begin" : 1526,  "end" : 1681 }, 
        {"sofa" : 12,  "begin" : 1686,  "end" : 1920 }, 
        {"sofa" : 12,  "begin" : 1921,  "end" : 1953 }, 
        {"sofa" : 12,  "begin" : 1958,  "end" : 2183 }, 
        {"sofa" : 12,  "begin" : 2184,  "end" : 2275 }, 
        {"sofa" : 12,  "begin" : 2276,  "end" : 2436 }, 
        {"sofa" : 12,  "begin" : 2441,  "end" : 2694 }, 
        {"sofa" : 12,  "begin" : 2695,  "end" : 3009 }, 
        {"sofa" : 12,  "begin" : 3014,  "end" : 3181 }, 
        {"sofa" : 12,  "begin" : 3182,  "end" : 3226 }, 
        {"sofa" : 12,  "begin" : 3230,  "end" : 3351 }, 
        {"sofa" : 12,  "begin" : 3352,  "end" : 3510 }, 
        {"sofa" : 12,  "begin" : 3511,  "end" : 3639 }, 
        {"sofa" : 12,  "begin" : 3644,  "end" : 3678 }, 
        {"sofa" : 12,  "begin" : 3679,  "end" : 3827 }, 
        {"sofa" : 12,  "begin" : 3833,  "end" : 3870 }, 
        {"sofa" : 12,  "begin" : 3871,  "end" : 3923 }, 
        {"sofa" : 12,  "begin" : 3924,  "end" : 4000 }, 
        {"sofa" : 12,  "begin" : 4001,  "end" : 4138 }, 
        {"sofa" : 12,  "begin" : 4139,  "end" : 4298 }, 
        {"sofa" : 12,  "begin" : 4299,  "end" : 4438 }, 
        {"sofa" : 12,  "begin" : 4440,  "end" : 4603 }, 
        {"sofa" : 12,  "begin" : 4605,  "end" : 4711 }, 
        {"sofa" : 12,  "begin" : 4712,  "end" : 4885 }, 
        {"sofa" : 12,  "begin" : 4886,  "end" : 4895 }, 
        {"sofa" : 12,  "begin" : 4896,  "end" : 5012 }, 
        {"sofa" : 12,  "begin" : 5017,  "end" : 5042 }, 
        {"sofa" : 12,  "begin" : 5043,  "end" : 5133 }, 
        {"sofa" : 12,  "begin" : 5134,  "end" : 5257 }, 
        {"sofa" : 12,  "begin" : 5258,  "end" : 5326 }, 
        {"sofa" : 12,  "begin" : 5327,  "end" : 5464 }, 
        {"sofa" : 12,  "begin" : 5468,  "end" : 5528 }, 
        {"sofa" : 12,  "begin" : 5529,  "end" : 5619 }, 
        {"sofa" : 12,  "begin" : 5620,  "end" : 5746 }, 
        {"sofa" : 12,  "begin" : 5748,  "end" : 5841 }, 
        {"sofa" : 12,  "begin" : 5842,  "end" : 6013 }, 
        {"sofa" : 12,  "begin" : 6018,  "end" : 6061 }, 
        {"sofa" : 12,  "begin" : 6062,  "end" : 6094 }, 
        {"sofa" : 12,  "begin" : 6095,  "end" : 6104 }, 
        {"sofa" : 12,  "begin" : 6105,  "end" : 6152 }, 
        {"sofa" : 12,  "begin" : 6153,  "end" : 6316 }, 
        {"sofa" : 12,  "begin" : 6321,  "end" : 6373 }, 
        {"sofa" : 12,  "begin" : 6374,  "end" : 6383 }, 
        {"sofa" : 12,  "begin" : 6384,  "end" : 6518 }, 
        {"sofa" : 12,  "begin" : 6523,  "end" : 6557 }, 
        {"sofa" : 12,  "begin" : 6558,  "end" : 6567 }, 
        {"sofa" : 12,  "begin" : 6568,  "end" : 6701 } ], 
      "Token" : [
        {"sofa" : 12,  "end" : 5 }, 
        {"sofa" : 12,  "begin" : 5,  "end" : 6 }, 
        {"sofa" : 12,  "begin" : 6,  "end" : 11 }, 
        {"sofa" : 12,  "begin" : 12,  "end" : 17 }, 
        {"sofa" : 12,  "begin" : 18,  "end" : 25 }, 
        {"sofa" : 12,  "begin" : 26,  "end" : 35 }, 
        {"sofa" : 12,  "begin" : 36,  "end" : 43 }, 
        {"sofa" : 12,  "begin" : 44,  "end" : 47 }, 
        {"sofa" : 12,  "begin" : 48,  "end" : 55 }, 
        {"sofa" : 12,  "begin" : 56,  "end" : 62 }, 
        {"sofa" : 12,  "begin" : 62,  "end" : 63 }, 
        {"sofa" : 12,  "begin" : 65,  "end" : 73 }, 
        {"sofa" : 12,  "begin" : 74,  "end" : 80 }, 
        {"sofa" : 12,  "begin" : 81,  "end" : 86 }, 
        {"sofa" : 12,  "begin" : 86,  "end" : 87 }, 
        {"sofa" : 12,  "begin" : 87,  "end" : 88 }, 
        {"sofa" : 12,  "begin" : 88,  "end" : 89 }, 
        {"sofa" : 12,  "begin" : 89,  "end" : 99 }, 
        {"sofa" : 12,  "begin" : 99,  "end" : 100 }, 
        {"sofa" : 12,  "begin" : 100,  "end" : 105 }, 
        {"sofa" : 12,  "begin" : 108,  "end" : 112 }, 
        {"sofa" : 12,  "begin" : 113,  "end" : 121 }, 
        {"sofa" : 12,  "begin" : 121,  "end" : 122 }, 
        {"sofa" : 12,  "begin" : 123,  "end" : 128 }, 
        {"sofa" : 12,  "begin" : 128,  "end" : 129 }, 
        {"sofa" : 12,  "begin" : 129,  "end" : 130 }, 
        {"sofa" : 12,  "begin" : 130,  "end" : 131 }, 
        {"sofa" : 12,  "begin" : 131,  "end" : 145 }, 
        {"sofa" : 12,  "begin" : 145,  "end" : 146 }, 
        {"sofa" : 12,  "begin" : 146,  "end" : 156 }, 
        {"sofa" : 12,  "begin" : 156,  "end" : 157 }, 
        {"sofa" : 12,  "begin" : 157,  "end" : 176 }, 
        {"sofa" : 12,  "begin" : 176,  "end" : 177 }, 
        {"sofa" : 12,  "begin" : 179,  "end" : 185 }, 
        {"sofa" : 12,  "begin" : 186,  "end" : 193 }, 
        {"sofa" : 12,  "begin" : 193,  "end" : 194 }, 
        {"sofa" : 12,  "begin" : 196,  "end" : 201 }, 
        {"sofa" : 12,  "begin" : 202,  "end" : 209 }, 
        {"sofa" : 12,  "begin" : 210,  "end" : 219 }, 
        {"sofa" : 12,  "begin" : 220,  "end" : 227 }, 
        {"sofa" : 12,  "begin" : 228,  "end" : 236 }, 
        {"sofa" : 12,  "begin" : 237,  "end" : 243 }, 
        {"sofa" : 12,  "begin" : 244,  "end" : 246 }, 
        {"sofa" : 12,  "begin" : 247,  "end" : 250 }, 
        {"sofa" : 12,  "begin" : 251,  "end" : 259 }, 
        {"sofa" : 12,  "begin" : 260,  "end" : 262 }, 
        {"sofa" : 12,  "begin" : 263,  "end" : 269 }, 
        {"sofa" : 12,  "begin" : 270,  "end" : 275 }, 
        {"sofa" : 12,  "begin" : 276,  "end" : 283 }, 
        {"sofa" : 12,  "begin" : 285,  "end" : 288 }, 
        {"sofa" : 12,  "begin" : 289,  "end" : 291 }, 
        {"sofa" : 12,  "begin" : 292,  "end" : 293 }, 
        {"sofa" : 12,  "begin" : 294,  "end" : 302 }, 
        {"sofa" : 12,  "begin" : 303,  "end" : 304 }, 
        {"sofa" : 12,  "begin" : 305,  "end" : 310 }, 
        {"sofa" : 12,  "begin" : 311,  "end" : 316 }, 
        {"sofa" : 12,  "begin" : 317,  "end" : 318 }, 
        {"sofa" : 12,  "begin" : 319,  "end" : 322 }, 
        {"sofa" : 12,  "begin" : 323,  "end" : 331 }, 
        {"sofa" : 12,  "begin" : 333,  "end" : 334 }, 
        {"sofa" : 12,  "begin" : 335,  "end" : 340 }, 
        {"sofa" : 12,  "begin" : 341,  "end" : 348 }, 
        {"sofa" : 12,  "begin" : 349,  "end" : 358 }, 
        {"sofa" : 12,  "begin" : 359,  "end" : 362 }, 
        {"sofa" : 12,  "begin" : 363,  "end" : 369 }, 
        {"sofa" : 12,  "begin" : 370,  "end" : 371 }, 
        {"sofa" : 12,  "begin" : 372,  "end" : 382 }, 
        {"sofa" : 12,  "begin" : 383,  "end" : 389 }, 
        {"sofa" : 12,  "begin" : 390,  "end" : 392 }, 
        {"sofa" : 12,  "begin" : 393,  "end" : 402 }, 
        {"sofa" : 12,  "begin" : 403,  "end" : 411 }, 
        {"sofa" : 12,  "begin" : 412,  "end" : 414 }, 
        {"sofa" : 12,  "begin" : 415,  "end" : 418 }, 
        {"sofa" : 12,  "begin" : 419,  "end" : 426 }, 
        {"sofa" : 12,  "begin" : 427,  "end" : 434 }, 
        {"sofa" : 12,  "begin" : 435,  "end" : 442 }, 
        {"sofa" : 12,  "begin" : 443,  "end" : 444 }, 
        {"sofa" : 12,  "begin" : 444,  "end" : 447 }, 
        {"sofa" : 12,  "begin" : 447,  "end" : 448 }, 
        {"sofa" : 12,  "begin" : 448,  "end" : 449 }, 
        {"sofa" : 12,  "begin" : 450,  "end" : 455 }, 
        {"sofa" : 12,  "begin" : 456,  "end" : 461 }, 
        {"sofa" : 12,  "begin" : 461,  "end" : 462 }, 
        {"sofa" : 12,  "begin" : 463,  "end" : 467 }, 
        {"sofa" : 12,  "begin" : 467,  "end" : 468 }, 
        {"sofa" : 12,  "begin" : 468,  "end" : 469 }, 
        {"sofa" : 12,  "begin" : 470,  "end" : 477 }, 
        {"sofa" : 12,  "begin" : 478,  "end" : 482 }, 
        {"sofa" : 12,  "begin" : 483,  "end" : 491 }, 
        {"sofa" : 12,  "begin" : 492,  "end" : 495 }, 
        {"sofa" : 12,  "begin" : 496,  "end" : 504 }, 
        {"sofa" : 12,  "begin" : 505,  "end" : 508 }, 
        {"sofa" : 12,  "begin" : 509,  "end" : 514 }, 
        {"sofa" : 12,  "begin" : 515,  "end" : 521 }, 
        {"sofa" : 12,  "begin" : 522,  "end" : 524 }, 
        {"sofa" : 12,  "begin" : 525,  "end" : 528 }, 
        {"sofa" : 12,  "begin" : 529,  "end" : 535 }, 
        {"sofa" : 12,  "begin" : 536,  "end" : 538 }, 
        {"sofa" : 12,  "begin" : 539,  "end" : 552 }, 
        {"sofa" : 12,  "begin" : 553,  "end" : 560 }, 
        {"sofa" : 12,  "begin" : 560,  "end" : 561 }, 
        {"sofa" : 12,  "begin" : 562,  "end" : 566 }, 
        {"sofa" : 12,  "begin" : 567,  "end" : 570 }, 
        {"sofa" : 12,  "begin" : 571,  "end" : 575 }, 
        {"sofa" : 12,  "begin" : 576,  "end" : 585 }, 
        {"sofa" : 12,  "begin" : 586,  "end" : 589 }, 
        {"sofa" : 12,  "begin" : 590,  "end" : 595 }, 
        {"sofa" : 12,  "begin" : 596,  "end" : 600 }, 
        {"sofa" : 12,  "begin" : 601,  "end" : 605 }, 
        {"sofa" : 12,  "begin" : 606,  "end" : 613 }, 
        {"sofa" : 12,  "begin" : 614,  "end" : 618 }, 
        {"sofa" : 12,  "begin" : 619,  "end" : 626 }, 
        {"sofa" : 12,  "begin" : 627,  "end" : 629 }, 
        {"sofa" : 12,  "begin" : 630,  "end" : 633 }, 
        {"sofa" : 12,  "begin" : 634,  "end" : 641 }, 
        {"sofa" : 12,  "begin" : 642,  "end" : 645 }, 
        {"sofa" : 12,  "begin" : 646,  "end" : 653 }, 
        {"sofa" : 12,  "begin" : 654,  "end" : 661 }, 
        {"sofa" : 12,  "begin" : 662,  "end" : 665 }, 
        {"sofa" : 12,  "begin" : 666,  "end" : 676 }, 
        {"sofa" : 12,  "begin" : 677,  "end" : 678 }, 
        {"sofa" : 12,  "begin" : 678,  "end" : 681 }, 
        {"sofa" : 12,  "begin" : 681,  "end" : 682 }, 
        {"sofa" : 12,  "begin" : 682,  "end" : 683 }, 
        {"sofa" : 12,  "begin" : 684,  "end" : 691 }, 
        {"sofa" : 12,  "begin" : 691,  "end" : 692 }, 
        {"sofa" : 12,  "begin" : 693,  "end" : 697 }, 
        {"sofa" : 12,  "begin" : 698,  "end" : 703 }, 
        {"sofa" : 12,  "begin" : 703,  "end" : 704 }, 
        {"sofa" : 12,  "begin" : 705,  "end" : 708 }, 
        {"sofa" : 12,  "begin" : 709,  "end" : 716 }, 
        {"sofa" : 12,  "begin" : 717,  "end" : 721 }, 
        {"sofa" : 12,  "begin" : 722,  "end" : 730 }, 
        {"sofa" : 12,  "begin" : 731,  "end" : 734 }, 
        {"sofa" : 12,  "begin" : 735,  "end" : 740 }, 
        {"sofa" : 12,  "begin" : 741,  "end" : 747 }, 
        {"sofa" : 12,  "begin" : 748,  "end" : 750 }, 
        {"sofa" : 12,  "begin" : 751,  "end" : 762 }, 
        {"sofa" : 12,  "begin" : 763,  "end" : 767 }, 
        {"sofa" : 12,  "begin" : 768,  "end" : 774 }, 
        {"sofa" : 12,  "begin" : 775,  "end" : 777 }, 
        {"sofa" : 12,  "begin" : 778,  "end" : 781 }, 
        {"sofa" : 12,  "begin" : 782,  "end" : 783 }, 
        {"sofa" : 12,  "begin" : 784,  "end" : 790 }, 
        {"sofa" : 12,  "begin" : 791,  "end" : 794 }, 
        {"sofa" : 12,  "begin" : 795,  "end" : 799 }, 
        {"sofa" : 12,  "begin" : 800,  "end" : 803 }, 
        {"sofa" : 12,  "begin" : 804,  "end" : 809 }, 
        {"sofa" : 12,  "begin" : 810,  "end" : 813 }, 
        {"sofa" : 12,  "begin" : 814,  "end" : 821 }, 
        {"sofa" : 12,  "begin" : 822,  "end" : 829 }, 
        {"sofa" : 12,  "begin" : 830,  "end" : 834 }, 
        {"sofa" : 12,  "begin" : 835,  "end" : 837 }, 
        {"sofa" : 12,  "begin" : 838,  "end" : 841 }, 
        {"sofa" : 12,  "begin" : 842,  "end" : 854 }, 
        {"sofa" : 12,  "begin" : 855,  "end" : 858 }, 
        {"sofa" : 12,  "begin" : 859,  "end" : 867 }, 
        {"sofa" : 12,  "begin" : 868,  "end" : 874 }, 
        {"sofa" : 12,  "begin" : 874,  "end" : 875 }, 
        {"sofa" : 12,  "begin" : 880,  "end" : 889 }, 
        {"sofa" : 12,  "begin" : 890,  "end" : 899 }, 
        {"sofa" : 12,  "begin" : 900,  "end" : 908 }, 
        {"sofa" : 12,  "begin" : 909,  "end" : 911 }, 
        {"sofa" : 12,  "begin" : 912,  "end" : 915 }, 
        {"sofa" : 12,  "begin" : 916,  "end" : 918 }, 
        {"sofa" : 12,  "begin" : 919,  "end" : 922 }, 
        {"sofa" : 12,  "begin" : 923,  "end" : 927 }, 
        {"sofa" : 12,  "begin" : 928,  "end" : 935 }, 
        {"sofa" : 12,  "begin" : 936,  "end" : 939 }, 
        {"sofa" : 12,  "begin" : 940,  "end" : 950 }, 
        {"sofa" : 12,  "begin" : 951,  "end" : 957 }, 
        {"sofa" : 12,  "begin" : 958,  "end" : 964 }, 
        {"sofa" : 12,  "begin" : 965,  "end" : 973 }, 
        {"sofa" : 12,  "begin" : 974,  "end" : 976 }, 
        {"sofa" : 12,  "begin" : 977,  "end" : 980 }, 
        {"sofa" : 12,  "begin" : 981,  "end" : 987 }, 
        {"sofa" : 12,  "begin" : 988,  "end" : 994 }, 
        {"sofa" : 12,  "begin" : 994,  "end" : 995 }, 
        {"sofa" : 12,  "begin" : 996,  "end" : 1000 }, 
        {"sofa" : 12,  "begin" : 1001,  "end" : 1006 }, 
        {"sofa" : 12,  "begin" : 1007,  "end" : 1009 }, 
        {"sofa" : 12,  "begin" : 1010,  "end" : 1013 }, 
        {"sofa" : 12,  "begin" : 1014,  "end" : 1019 }, 
        {"sofa" : 12,  "begin" : 1020,  "end" : 1027 }, 
        {"sofa" : 12,  "begin" : 1028,  "end" : 1034 }, 
        {"sofa" : 12,  "begin" : 1035,  "end" : 1037 }, 
        {"sofa" : 12,  "begin" : 1038,  "end" : 1046 }, 
        {"sofa" : 12,  "begin" : 1046,  "end" : 1047 }, 
        {"sofa" : 12,  "begin" : 1048,  "end" : 1052 }, 
        {"sofa" : 12,  "begin" : 1053,  "end" : 1062 }, 
        {"sofa" : 12,  "begin" : 1063,  "end" : 1066 }, 
        {"sofa" : 12,  "begin" : 1067,  "end" : 1073 }, 
        {"sofa" : 12,  "begin" : 1074,  "end" : 1083 }, 
        {"sofa" : 12,  "begin" : 1084,  "end" : 1089 }, 
        {"sofa" : 12,  "begin" : 1090,  "end" : 1093 }, 
        {"sofa" : 12,  "begin" : 1094,  "end" : 1104 }, 
        {"sofa" : 12,  "begin" : 1105,  "end" : 1116 }, 
        {"sofa" : 12,  "begin" : 1117,  "end" : 1121 }, 
        {"sofa" : 12,  "begin" : 1122,  "end" : 1126 }, 
        {"sofa" : 12,  "begin" : 1126,  "end" : 1127 }, 
        {"sofa" : 12,  "begin" : 1128,  "end" : 1136 }, 
        {"sofa" : 12,  "begin" : 1137,  "end" : 1149 }, 
        {"sofa" : 12,  "begin" : 1150,  "end" : 1152 }, 
        {"sofa" : 12,  "begin" : 1153,  "end" : 1163 }, 
        {"sofa" : 12,  "begin" : 1164,  "end" : 1167 }, 
        {"sofa" : 12,  "begin" : 1168,  "end" : 1180 }, 
        {"sofa" : 12,  "begin" : 1180,  "end" : 1181 }, 
        {"sofa" : 12,  "begin" : 1182,  "end" : 1185 }, 
        {"sofa" : 12,  "begin" : 1186,  "end" : 1193 }, 
        {"sofa" : 12,  "begin" : 1194,  "end" : 1198 }, 
        {"sofa" : 12,  "begin" : 1199,  "end" : 1203 }, 
        {"sofa" : 12,  "begin" : 1204,  "end" : 1214 }, 
        {"sofa" : 12,  "begin" : 1214,  "end" : 1215 }, 
        {"sofa" : 12,  "begin" : 1216,  "end" : 1220 }, 
        {"sofa" : 12,  "begin" : 1221,  "end" : 1223 }, 
        {"sofa" : 12,  "begin" : 1224,  "end" : 1229 }, 
        {"sofa" : 12,  "begin" : 1230,  "end" : 1233 }, 
        {"sofa" : 12,  "begin" : 1233,  "end" : 1234 }, 
        {"sofa" : 12,  "begin" : 1235,  "end" : 1237 }, 
        {"sofa" : 12,  "begin" : 1238,  "end" : 1245 }, 
        {"sofa" : 12,  "begin" : 1246,  "end" : 1251 }, 
        {"sofa" : 12,  "begin" : 1252,  "end" : 1254 }, 
        {"sofa" : 12,  "begin" : 1255,  "end" : 1264 }, 
        {"sofa" : 12,  "begin" : 1265,  "end" : 1272 }, 
        {"sofa" : 12,  "begin" : 1273,  "end" : 1277 }, 
        {"sofa" : 12,  "begin" : 1278,  "end" : 1287 }, 
        {"sofa" : 12,  "begin" : 1288,  "end" : 1290 }, 
        {"sofa" : 12,  "begin" : 1291,  "end" : 1294 }, 
        {"sofa" : 12,  "begin" : 1295,  "end" : 1301 }, 
        {"sofa" : 12,  "begin" : 1302,  "end" : 1308 }, 
        {"sofa" : 12,  "begin" : 1309,  "end" : 1311 }, 
        {"sofa" : 12,  "begin" : 1312,  "end" : 1314 }, 
        {"sofa" : 12,  "begin" : 1315,  "end" : 1321 }, 
        {"sofa" : 12,  "begin" : 1322,  "end" : 1327 }, 
        {"sofa" : 12,  "begin" : 1327,  "end" : 1328 }, 
        {"sofa" : 12,  "begin" : 1329,  "end" : 1334 }, 
        {"sofa" : 12,  "begin" : 1334,  "end" : 1335 }, 
        {"sofa" : 12,  "begin" : 1336,  "end" : 1339 }, 
        {"sofa" : 12,  "begin" : 1340,  "end" : 1345 }, 
        {"sofa" : 12,  "begin" : 1346,  "end" : 1349 }, 
        {"sofa" : 12,  "begin" : 1350,  "end" : 1361 }, 
        {"sofa" : 12,  "begin" : 1362,  "end" : 1364 }, 
        {"sofa" : 12,  "begin" : 1365,  "end" : 1368 }, 
        {"sofa" : 12,  "begin" : 1369,  "end" : 1376 }, 
        {"sofa" : 12,  "begin" : 1377,  "end" : 1382 }, 
        {"sofa" : 12,  "begin" : 1382,  "end" : 1383 }, 
        {"sofa" : 12,  "begin" : 1388,  "end" : 1389 }, 
        {"sofa" : 12,  "begin" : 1389,  "end" : 1392 }, 
        {"sofa" : 12,  "begin" : 1393,  "end" : 1400 }, 
        {"sofa" : 12,  "begin" : 1401,  "end" : 1404 }, 
        {"sofa" : 12,  "begin" : 1405,  "end" : 1407 }, 
        {"sofa" : 12,  "begin" : 1408,  "end" : 1412 }, 
        {"sofa" : 12,  "begin" : 1413,  "end" : 1423 }, 
        {"sofa" : 12,  "begin" : 1424,  "end" : 1427 }, 
        {"sofa" : 12,  "begin" : 1428,  "end" : 1432 }, 
        {"sofa" : 12,  "begin" : 1433,  "end" : 1437 }, 
        {"sofa" : 12,  "begin" : 1438,  "end" : 1442 }, 
        {"sofa" : 12,  "begin" : 1443,  "end" : 1446 }, 
        {"sofa" : 12,  "begin" : 1447,  "end" : 1451 }, 
        {"sofa" : 12,  "begin" : 1452,  "end" : 1459 }, 
        {"sofa" : 12,  "begin" : 1459,  "end" : 1460 }, 
        {"sofa" : 12,  "begin" : 1461,  "end" : 1464 }, 
        {"sofa" : 12,  "begin" : 1465,  "end" : 1468 }, 
        {"sofa" : 12,  "begin" : 1469,  "end" : 1475 }, 
        {"sofa" : 12,  "begin" : 1476,  "end" : 1478 }, 
        {"sofa" : 12,  "begin" : 1479,  "end" : 1488 }, 
        {"sofa" : 12,  "begin" : 1489,  "end" : 1494 }, 
        {"sofa" : 12,  "begin" : 1495,  "end" : 1497 }, 
        {"sofa" : 12,  "begin" : 1498,  "end" : 1500 }, 
        {"sofa" : 12,  "begin" : 1501,  "end" : 1511 }, 
        {"sofa" : 12,  "begin" : 1511,  "end" : 1512 }, 
        {"sofa" : 12,  "begin" : 1512,  "end" : 1513 }, 
        {"sofa" : 12,  "begin" : 1514,  "end" : 1519 }, 
        {"sofa" : 12,  "begin" : 1520,  "end" : 1524 }, 
        {"sofa" : 12,  "begin" : 1524,  "end" : 1525 }, 
        {"sofa" : 12,  "begin" : 1526,  "end" : 1535 }, 
        {"sofa" : 12,  "begin" : 1536,  "end" : 1547 }, 
        {"sofa" : 12,  "begin" : 1548,  "end" : 1555 }, 
        {"sofa" : 12,  "begin" : 1556,  "end" : 1560 }, 
        {"sofa" : 12,  "begin" : 1561,  "end" : 1565 }, 
        {"sofa" : 12,  "begin" : 1566,  "end" : 1573 }, 
        {"sofa" : 12,  "begin" : 1573,  "end" : 1574 }, 
        {"sofa" : 12,  "begin" : 1575,  "end" : 1580 }, 
        {"sofa" : 12,  "begin" : 1581,  "end" : 1583 }, 
        {"sofa" : 12,  "begin" : 1584,  "end" : 1594 }, 
        {"sofa" : 12,  "begin" : 1595,  "end" : 1605 }, 
        {"sofa" : 12,  "begin" : 1605,  "end" : 1606 }, 
        {"sofa" : 12,  "begin" : 1607,  "end" : 1614 }, 
        {"sofa" : 12,  "begin" : 1615,  "end" : 1619 }, 
        {"sofa" : 12,  "begin" : 1620,  "end" : 1626 }, 
        {"sofa" : 12,  "begin" : 1627,  "end" : 1629 }, 
        {"sofa" : 12,  "begin" : 1630,  "end" : 1634 }, 
        {"sofa" : 12,  "begin" : 1635,  "end" : 1638 }, 
        {"sofa" : 12,  "begin" : 1639,  "end" : 1646 }, 
        {"sofa" : 12,  "begin" : 1647,  "end" : 1652 }, 
        {"sofa" : 12,  "begin" : 1653,  "end" : 1659 }, 
        {"sofa" : 12,  "begin" : 1660,  "end" : 1662 }, 
        {"sofa" : 12,  "begin" : 1663,  "end" : 1669 }, 
        {"sofa" : 12,  "begin" : 1670,  "end" : 1675 }, 
        {"sofa" : 12,  "begin" : 1676,  "end" : 1680 }, 
        {"sofa" : 12,  "begin" : 1680,  "end" : 1681 }, 
        {"sofa" : 12,  "begin" : 1686,  "end" : 1689 }, 
        {"sofa" : 12,  "begin" : 1690,  "end" : 1694 }, 
        {"sofa" : 12,  "begin" : 1695,  "end" : 1704 }, 
        {"sofa" : 12,  "begin" : 1705,  "end" : 1707 }, 
        {"sofa" : 12,  "begin" : 1708,  "end" : 1711 }, 
        {"sofa" : 12,  "begin" : 1712,  "end" : 1715 }, 
        {"sofa" : 12,  "begin" : 1716,  "end" : 1720 }, 
        {"sofa" : 12,  "begin" : 1721,  "end" : 1726 }, 
        {"sofa" : 12,  "begin" : 1727,  "end" : 1730 }, 
        {"sofa" : 12,  "begin" : 1731,  "end" : 1735 }, 
        {"sofa" : 12,  "begin" : 1736,  "end" : 1739 }, 
        {"sofa" : 12,  "begin" : 1740,  "end" : 1743 }, 
        {"sofa" : 12,  "begin" : 1744,  "end" : 1752 }, 
        {"sofa" : 12,  "begin" : 1753,  "end" : 1757 }, 
        {"sofa" : 12,  "begin" : 1758,  "end" : 1762 }, 
        {"sofa" : 12,  "begin" : 1763,  "end" : 1765 }, 
        {"sofa" : 12,  "begin" : 1766,  "end" : 1770 }, 
        {"sofa" : 12,  "begin" : 1771,  "end" : 1780 }, 
        {"sofa" : 12,  "begin" : 1781,  "end" : 1786 }, 
        {"sofa" : 12,  "begin" : 1787,  "end" : 1791 }, 
        {"sofa" : 12,  "begin" : 1792,  "end" : 1793 }, 
        {"sofa" : 12,  "begin" : 1794,  "end" : 1798 }, 
        {"sofa" : 12,  "begin" : 1799,  "end" : 1801 }, 
        {"sofa" : 12,  "begin" : 1802,  "end" : 1809 }, 
        {"sofa" : 12,  "begin" : 1810,  "end" : 1823 }, 
        {"sofa" : 12,  "begin" : 1824,  "end" : 1829 }, 
        {"sofa" : 12,  "begin" : 1830,  "end" : 1833 }, 
        {"sofa" : 12,  "begin" : 1834,  "end" : 1839 }, 
        {"sofa" : 12,  "begin" : 1840,  "end" : 1845 }, 
        {"sofa" : 12,  "begin" : 1845,  "end" : 1846 }, 
        {"sofa" : 12,  "begin" : 1847,  "end" : 1857 }, 
        {"sofa" : 12,  "begin" : 1858,  "end" : 1860 }, 
        {"sofa" : 12,  "begin" : 1861,  "end" : 1867 }, 
        {"sofa" : 12,  "begin" : 1868,  "end" : 1876 }, 
        {"sofa" : 12,  "begin" : 1877,  "end" : 1880 }, 
        {"sofa" : 12,  "begin" : 1881,  "end" : 1886 }, 
        {"sofa" : 12,  "begin" : 1887,  "end" : 1896 }, 
        {"sofa" : 12,  "begin" : 1897,  "end" : 1901 }, 
        {"sofa" : 12,  "begin" : 1902,  "end" : 1909 }, 
        {"sofa" : 12,  "begin" : 1910,  "end" : 1919 }, 
        {"sofa" : 12,  "begin" : 1919,  "end" : 1920 }, 
        {"sofa" : 12,  "begin" : 1921,  "end" : 1927 }, 
        {"sofa" : 12,  "begin" : 1928,  "end" : 1931 }, 
        {"sofa" : 12,  "begin" : 1932,  "end" : 1935 }, 
        {"sofa" : 12,  "begin" : 1936,  "end" : 1940 }, 
        {"sofa" : 12,  "begin" : 1940,  "end" : 1941 }, 
        {"sofa" : 12,  "begin" : 1942,  "end" : 1946 }, 
        {"sofa" : 12,  "begin" : 1947,  "end" : 1952 }, 
        {"sofa" : 12,  "begin" : 1952,  "end" : 1953 }, 
        {"sofa" : 12,  "begin" : 1958,  "end" : 1962 }, 
        {"sofa" : 12,  "begin" : 1963,  "end" : 1967 }, 
        {"sofa" : 12,  "begin" : 1968,  "end" : 1977 }, 
        {"sofa" : 12,  "begin" : 1977,  "end" : 1978 }, 
        {"sofa" : 12,  "begin" : 1979,  "end" : 1982 }, 
        {"sofa" : 12,  "begin" : 1983,  "end" : 1986 }, 
        {"sofa" : 12,  "begin" : 1987,  "end" : 1999 }, 
        {"sofa" : 12,  "begin" : 2000,  "end" : 2004 }, 
        {"sofa" : 12,  "begin" : 2005,  "end" : 2012 }, 
        {"sofa" : 12,  "begin" : 2013,  "end" : 2020 }, 
        {"sofa" : 12,  "begin" : 2021,  "end" : 2024 }, 
        {"sofa" : 12,  "begin" : 2025,  "end" : 2034 }, 
        {"sofa" : 12,  "begin" : 2035,  "end" : 2044 }, 
        {"sofa" : 12,  "begin" : 2045,  "end" : 2047 }, 
        {"sofa" : 12,  "begin" : 2048,  "end" : 2053 }, 
        {"sofa" : 12,  "begin" : 2054,  "end" : 2059 }, 
        {"sofa" : 12,  "begin" : 2060,  "end" : 2063 }, 
        {"sofa" : 12,  "begin" : 2064,  "end" : 2066 }, 
        {"sofa" : 12,  "begin" : 2067,  "end" : 2070 }, 
        {"sofa" : 12,  "begin" : 2071,  "end" : 2073 }, 
        {"sofa" : 12,  "begin" : 2074,  "end" : 2077 }, 
        {"sofa" : 12,  "begin" : 2078,  "end" : 2079 }, 
        {"sofa" : 12,  "begin" : 2079,  "end" : 2091 }, 
        {"sofa" : 12,  "begin" : 2092,  "end" : 2098 }, 
        {"sofa" : 12,  "begin" : 2098,  "end" : 2099 }, 
        {"sofa" : 12,  "begin" : 2100,  "end" : 2101 }, 
        {"sofa" : 12,  "begin" : 2102,  "end" : 2105 }, 
        {"sofa" : 12,  "begin" : 2106,  "end" : 2114 }, 
        {"sofa" : 12,  "begin" : 2115,  "end" : 2118 }, 
        {"sofa" : 12,  "begin" : 2119,  "end" : 2128 }, 
        {"sofa" : 12,  "begin" : 2129,  "end" : 2135 }, 
        {"sofa" : 12,  "begin" : 2136,  "end" : 2138 }, 
        {"sofa" : 12,  "begin" : 2139,  "end" : 2141 }, 
        {"sofa" : 12,  "begin" : 2142,  "end" : 2152 }, 
        {"sofa" : 12,  "begin" : 2153,  "end" : 2157 }, 
        {"sofa" : 12,  "begin" : 2158,  "end" : 2162 }, 
        {"sofa" : 12,  "begin" : 2163,  "end" : 2175 }, 
        {"sofa" : 12,  "begin" : 2176,  "end" : 2182 }, 
        {"sofa" : 12,  "begin" : 2182,  "end" : 2183 }, 
        {"sofa" : 12,  "begin" : 2184,  "end" : 2187 }, 
        {"sofa" : 12,  "begin" : 2188,  "end" : 2192 }, 
        {"sofa" : 12,  "begin" : 2193,  "end" : 2203 }, 
        {"sofa" : 12,  "begin" : 2204,  "end" : 2209 }, 
        {"sofa" : 12,  "begin" : 2210,  "end" : 2212 }, 
        {"sofa" : 12,  "begin" : 2213,  "end" : 2222 }, 
        {"sofa" : 12,  "begin" : 2223,  "end" : 2230 }, 
        {"sofa" : 12,  "begin" : 2231,  "end" : 2233 }, 
        {"sofa" : 12,  "begin" : 2234,  "end" : 2239 }, 
        {"sofa" : 12,  "begin" : 2240,  "end" : 2246 }, 
        {"sofa" : 12,  "begin" : 2247,  "end" : 2252 }, 
        {"sofa" : 12,  "begin" : 2253,  "end" : 2255 }, 
        {"sofa" : 12,  "begin" : 2256,  "end" : 2264 }, 
        {"sofa" : 12,  "begin" : 2265,  "end" : 2267 }, 
        {"sofa" : 12,  "begin" : 2268,  "end" : 2274 }, 
        {"sofa" : 12,  "begin" : 2274,  "end" : 2275 }, 
        {"sofa" : 12,  "begin" : 2276,  "end" : 2277 }, 
        {"sofa" : 12,  "begin" : 2277,  "end" : 2281 }, 
        {"sofa" : 12,  "begin" : 2282,  "end" : 2287 }, 
        {"sofa" : 12,  "begin" : 2288,  "end" : 2292 }, 
        {"sofa" : 12,  "begin" : 2293,  "end" : 2302 }, 
        {"sofa" : 12,  "begin" : 2303,  "end" : 2311 }, 
        {"sofa" : 12,  "begin" : 2312,  "end" : 2315 }, 
        {"sofa" : 12,  "begin" : 2316,  "end" : 2324 }, 
        {"sofa" : 12,  "begin" : 2325,  "end" : 2328 }, 
        {"sofa" : 12,  "begin" : 2329,  "end" : 2332 }, 
        {"sofa" : 12,  "begin" : 2333,  "end" : 2335 }, 
        {"sofa" : 12,  "begin" : 2336,  "end" : 2341 }, 
        {"sofa" : 12,  "begin" : 2342,  "end" : 2348 }, 
        {"sofa" : 12,  "begin" : 2349,  "end" : 2356 }, 
        {"sofa" : 12,  "begin" : 2357,  "end" : 2360 }, 
        {"sofa" : 12,  "begin" : 2361,  "end" : 2369 }, 
        {"sofa" : 12,  "begin" : 2370,  "end" : 2376 }, 
        {"sofa" : 12,  "begin" : 2377,  "end" : 2390 }, 
        {"sofa" : 12,  "begin" : 2391,  "end" : 2392 }, 
        {"sofa" : 12,  "begin" : 2393,  "end" : 2402 }, 
        {"sofa" : 12,  "begin" : 2403,  "end" : 2405 }, 
        {"sofa" : 12,  "begin" : 2406,  "end" : 2413 }, 
        {"sofa" : 12,  "begin" : 2414,  "end" : 2422 }, 
        {"sofa" : 12,  "begin" : 2422,  "end" : 2423 }, 
        {"sofa" : 12,  "begin" : 2423,  "end" : 2424 }, 
        {"sofa" : 12,  "begin" : 2425,  "end" : 2429 }, 
        {"sofa" : 12,  "begin" : 2430,  "end" : 2435 }, 
        {"sofa" : 12,  "begin" : 2435,  "end" : 2436 }, 
        {"sofa" : 12,  "begin" : 2441,  "end" : 2445 }, 
        {"sofa" : 12,  "begin" : 2446,  "end" : 2450 }, 
        {"sofa" : 12,  "begin" : 2451,  "end" : 2454 }, 
        {"sofa" : 12,  "begin" : 2455,  "end" : 2462 }, 
        {"sofa" : 12,  "begin" : 2463,  "end" : 2465 }, 
        {"sofa" : 12,  "begin" : 2466,  "end" : 2473 }, 
        {"sofa" : 12,  "begin" : 2474,  "end" : 2481 }, 
        {"sofa" : 12,  "begin" : 2482,  "end" : 2484 }, 
        {"sofa" : 12,  "begin" : 2485,  "end" : 2488 }, 
        {"sofa" : 12,  "begin" : 2489,  "end" : 2493 }, 
        {"sofa" : 12,  "begin" : 2494,  "end" : 2496 }, 
        {"sofa" : 12,  "begin" : 2497,  "end" : 2506 }, 
        {"sofa" : 12,  "begin" : 2507,  "end" : 2513 }, 
        {"sofa" : 12,  "begin" : 2514,  "end" : 2523 }, 
        {"sofa" : 12,  "begin" : 2523,  "end" : 2524 }, 
        {"sofa" : 12,  "begin" : 2525,  "end" : 2530 }, 
        {"sofa" : 12,  "begin" : 2531,  "end" : 2538 }, 
        {"sofa" : 12,  "begin" : 2539,  "end" : 2545 }, 
        {"sofa" : 12,  "begin" : 2546,  "end" : 2551 }, 
        {"sofa" : 12,  "begin" : 2552,  "end" : 2556 }, 
        {"sofa" : 12,  "begin" : 2556,  "end" : 2557 }, 
        {"sofa" : 12,  "begin" : 2558,  "end" : 2568 }, 
        {"sofa" : 12,  "begin" : 2568,  "end" : 2569 }, 
        {"sofa" : 12,  "begin" : 2570,  "end" : 2580 }, 
        {"sofa" : 12,  "begin" : 2581,  "end" : 2587 }, 
        {"sofa" : 12,  "begin" : 2588,  "end" : 2590 }, 
        {"sofa" : 12,  "begin" : 2591,  "end" : 2598 }, 
        {"sofa" : 12,  "begin" : 2599,  "end" : 2605 }, 
        {"sofa" : 12,  "begin" : 2606,  "end" : 2611 }, 
        {"sofa" : 12,  "begin" : 2612,  "end" : 2616 }, 
        {"sofa" : 12,  "begin" : 2617,  "end" : 2628 }, 
        {"sofa" : 12,  "begin" : 2629,  "end" : 2636 }, 
        {"sofa" : 12,  "begin" : 2637,  "end" : 2639 }, 
        {"sofa" : 12,  "begin" : 2640,  "end" : 2643 }, 
        {"sofa" : 12,  "begin" : 2644,  "end" : 2647 }, 
        {"sofa" : 12,  "begin" : 2648,  "end" : 2654 }, 
        {"sofa" : 12,  "begin" : 2655,  "end" : 2663 }, 
        {"sofa" : 12,  "begin" : 2664,  "end" : 2666 }, 
        {"sofa" : 12,  "begin" : 2667,  "end" : 2670 }, 
        {"sofa" : 12,  "begin" : 2671,  "end" : 2675 }, 
        {"sofa" : 12,  "begin" : 2676,  "end" : 2680 }, 
        {"sofa" : 12,  "begin" : 2681,  "end" : 2683 }, 
        {"sofa" : 12,  "begin" : 2684,  "end" : 2693 }, 
        {"sofa" : 12,  "begin" : 2693,  "end" : 2694 }, 
        {"sofa" : 12,  "begin" : 2695,  "end" : 2697 }, 
        {"sofa" : 12,  "begin" : 2698,  "end" : 2706 }, 
        {"sofa" : 12,  "begin" : 2706,  "end" : 2707 }, 
        {"sofa" : 12,  "begin" : 2708,  "end" : 2712 }, 
        {"sofa" : 12,  "begin" : 2713,  "end" : 2718 }, 
        {"sofa" : 12,  "begin" : 2718,  "end" : 2719 }, 
        {"sofa" : 12,  "begin" : 2720,  "end" : 2722 }, 
        {"sofa" : 12,  "begin" : 2723,  "end" : 2731 }, 
        {"sofa" : 12,  "begin" : 2732,  "end" : 2738 }, 
        {"sofa" : 12,  "begin" : 2739,  "end" : 2741 }, 
        {"sofa" : 12,  "begin" : 2742,  "end" : 2746 }, 
        {"sofa" : 12,  "begin" : 2747,  "end" : 2751 }, 
        {"sofa" : 12,  "begin" : 2752,  "end" : 2756 }, 
        {"sofa" : 12,  "begin" : 2757,  "end" : 2766 }, 
        {"sofa" : 12,  "begin" : 2767,  "end" : 2769 }, 
        {"sofa" : 12,  "begin" : 2770,  "end" : 2773 }, 
        {"sofa" : 12,  "begin" : 2774,  "end" : 2778 }, 
        {"sofa" : 12,  "begin" : 2779,  "end" : 2781 }, 
        {"sofa" : 12,  "begin" : 2782,  "end" : 2791 }, 
        {"sofa" : 12,  "begin" : 2792,  "end" : 2795 }, 
        {"sofa" : 12,  "begin" : 2796,  "end" : 2797 }, 
        {"sofa" : 12,  "begin" : 2798,  "end" : 2806 }, 
        {"sofa" : 12,  "begin" : 2807,  "end" : 2817 }, 
        {"sofa" : 12,  "begin" : 2818,  "end" : 2819 }, 
        {"sofa" : 12,  "begin" : 2820,  "end" : 2824 }, 
        {"sofa" : 12,  "begin" : 2825,  "end" : 2827 }, 
        {"sofa" : 12,  "begin" : 2828,  "end" : 2831 }, 
        {"sofa" : 12,  "begin" : 2832,  "end" : 2838 }, 
        {"sofa" : 12,  "begin" : 2839,  "end" : 2845 }, 
        {"sofa" : 12,  "begin" : 2845,  "end" : 2846 }, 
        {"sofa" : 12,  "begin" : 2847,  "end" : 2852 }, 
        {"sofa" : 12,  "begin" : 2853,  "end" : 2860 }, 
        {"sofa" : 12,  "begin" : 2861,  "end" : 2867 }, 
        {"sofa" : 12,  "begin" : 2867,  "end" : 2868 }, 
        {"sofa" : 12,  "begin" : 2869,  "end" : 2872 }, 
        {"sofa" : 12,  "begin" : 2873,  "end" : 2880 }, 
        {"sofa" : 12,  "begin" : 2881,  "end" : 2882 }, 
        {"sofa" : 12,  "begin" : 2883,  "end" : 2895 }, 
        {"sofa" : 12,  "begin" : 2896,  "end" : 2900 }, 
        {"sofa" : 12,  "begin" : 2901,  "end" : 2904 }, 
        {"sofa" : 12,  "begin" : 2905,  "end" : 2912 }, 
        {"sofa" : 12,  "begin" : 2913,  "end" : 2917 }, 
        {"sofa" : 12,  "begin" : 2918,  "end" : 2920 }, 
        {"sofa" : 12,  "begin" : 2921,  "end" : 2928 }, 
        {"sofa" : 12,  "begin" : 2929,  "end" : 2942 }, 
        {"sofa" : 12,  "begin" : 2943,  "end" : 2947 }, 
        {"sofa" : 12,  "begin" : 2948,  "end" : 2957 }, 
        {"sofa" : 12,  "begin" : 2957,  "end" : 2958 }, 
        {"sofa" : 12,  "begin" : 2959,  "end" : 2963 }, 
        {"sofa" : 12,  "begin" : 2964,  "end" : 2966 }, 
        {"sofa" : 12,  "begin" : 2967,  "end" : 2983 }, 
        {"sofa" : 12,  "begin" : 2984,  "end" : 2986 }, 
        {"sofa" : 12,  "begin" : 2987,  "end" : 2993 }, 
        {"sofa" : 12,  "begin" : 2993,  "end" : 2994 }, 
        {"sofa" : 12,  "begin" : 2995,  "end" : 3000 }, 
        {"sofa" : 12,  "begin" : 3001,  "end" : 3008 }, 
        {"sofa" : 12,  "begin" : 3008,  "end" : 3009 }, 
        {"sofa" : 12,  "begin" : 3014,  "end" : 3015 }, 
        {"sofa" : 12,  "begin" : 3015,  "end" : 3018 }, 
        {"sofa" : 12,  "begin" : 3019,  "end" : 3023 }, 
        {"sofa" : 12,  "begin" : 3024,  "end" : 3030 }, 
        {"sofa" : 12,  "begin" : 3030,  "end" : 3031 }, 
        {"sofa" : 12,  "begin" : 3032,  "end" : 3035 }, 
        {"sofa" : 12,  "begin" : 3036,  "end" : 3044 }, 
        {"sofa" : 12,  "begin" : 3045,  "end" : 3049 }, 
        {"sofa" : 12,  "begin" : 3050,  "end" : 3057 }, 
        {"sofa" : 12,  "begin" : 3057,  "end" : 3058 }, 
        {"sofa" : 12,  "begin" : 3059,  "end" : 3068 }, 
        {"sofa" : 12,  "begin" : 3069,  "end" : 3073 }, 
        {"sofa" : 12,  "begin" : 3074,  "end" : 3078 }, 
        {"sofa" : 12,  "begin" : 3079,  "end" : 3084 }, 
        {"sofa" : 12,  "begin" : 3085,  "end" : 3089 }, 
        {"sofa" : 12,  "begin" : 3090,  "end" : 3098 }, 
        {"sofa" : 12,  "begin" : 3099,  "end" : 3103 }, 
        {"sofa" : 12,  "begin" : 3104,  "end" : 3109 }, 
        {"sofa" : 12,  "begin" : 3109,  "end" : 3110 }, 
        {"sofa" : 12,  "begin" : 3111,  "end" : 3114 }, 
        {"sofa" : 12,  "begin" : 3115,  "end" : 3117 }, 
        {"sofa" : 12,  "begin" : 3118,  "end" : 3120 }, 
        {"sofa" : 12,  "begin" : 3121,  "end" : 3128 }, 
        {"sofa" : 12,  "begin" : 3129,  "end" : 3134 }, 
        {"sofa" : 12,  "begin" : 3135,  "end" : 3139 }, 
        {"sofa" : 12,  "begin" : 3140,  "end" : 3142 }, 
        {"sofa" : 12,  "begin" : 3143,  "end" : 3148 }, 
        {"sofa" : 12,  "begin" : 3149,  "end" : 3157 }, 
        {"sofa" : 12,  "begin" : 3158,  "end" : 3164 }, 
        {"sofa" : 12,  "begin" : 3165,  "end" : 3167 }, 
        {"sofa" : 12,  "begin" : 3167,  "end" : 3168 }, 
        {"sofa" : 12,  "begin" : 3168,  "end" : 3169 }, 
        {"sofa" : 12,  "begin" : 3170,  "end" : 3174 }, 
        {"sofa" : 12,  "begin" : 3175,  "end" : 3180 }, 
        {"sofa" : 12,  "begin" : 3180,  "end" : 3181 }, 
        {"sofa" : 12,  "begin" : 3182,  "end" : 3195 }, 
        {"sofa" : 12,  "begin" : 3195,  "end" : 3196 }, 
        {"sofa" : 12,  "begin" : 3197,  "end" : 3203 }, 
        {"sofa" : 12,  "begin" : 3204,  "end" : 3207 }, 
        {"sofa" : 12,  "begin" : 3208,  "end" : 3211 }, 
        {"sofa" : 12,  "begin" : 3212,  "end" : 3216 }, 
        {"sofa" : 12,  "begin" : 3216,  "end" : 3217 }, 
        {"sofa" : 12,  "begin" : 3218,  "end" : 3220 }, 
        {"sofa" : 12,  "begin" : 3221,  "end" : 3225 }, 
        {"sofa" : 12,  "begin" : 3225,  "end" : 3226 }, 
        {"sofa" : 12,  "begin" : 3230,  "end" : 3238 }, 
        {"sofa" : 12,  "begin" : 3239,  "end" : 3242 }, 
        {"sofa" : 12,  "begin" : 3243,  "end" : 3246 }, 
        {"sofa" : 12,  "begin" : 3248,  "end" : 3255 }, 
        {"sofa" : 12,  "begin" : 3256,  "end" : 3260 }, 
        {"sofa" : 12,  "begin" : 3261,  "end" : 3264 }, 
        {"sofa" : 12,  "begin" : 3265,  "end" : 3273 }, 
        {"sofa" : 12,  "begin" : 3274,  "end" : 3277 }, 
        {"sofa" : 12,  "begin" : 3278,  "end" : 3282 }, 
        {"sofa" : 12,  "begin" : 3283,  "end" : 3286 }, 
        {"sofa" : 12,  "begin" : 3287,  "end" : 3294 }, 
        {"sofa" : 12,  "begin" : 3295,  "end" : 3297 }, 
        {"sofa" : 12,  "begin" : 3298,  "end" : 3302 }, 
        {"sofa" : 12,  "begin" : 3303,  "end" : 3305 }, 
        {"sofa" : 12,  "begin" : 3306,  "end" : 3311 }, 
        {"sofa" : 12,  "begin" : 3312,  "end" : 3320 }, 
        {"sofa" : 12,  "begin" : 3321,  "end" : 3328 }, 
        {"sofa" : 12,  "begin" : 3329,  "end" : 3333 }, 
        {"sofa" : 12,  "begin" : 3333,  "end" : 3334 }, 
        {"sofa" : 12,  "begin" : 3335,  "end" : 3340 }, 
        {"sofa" : 12,  "begin" : 3341,  "end" : 3350 }, 
        {"sofa" : 12,  "begin" : 3350,  "end" : 3351 }, 
        {"sofa" : 12,  "begin" : 3352,  "end" : 3354 }, 
        {"sofa" : 12,  "begin" : 3355,  "end" : 3361 }, 
        {"sofa" : 12,  "begin" : 3362,  "end" : 3364 }, 
        {"sofa" : 12,  "begin" : 3365,  "end" : 3367 }, 
        {"sofa" : 12,  "begin" : 3368,  "end" : 3378 }, 
        {"sofa" : 12,  "begin" : 3379,  "end" : 3384 }, 
        {"sofa" : 12,  "begin" : 3385,  "end" : 3389 }, 
        {"sofa" : 12,  "begin" : 3390,  "end" : 3395 }, 
        {"sofa" : 12,  "begin" : 3396,  "end" : 3399 }, 
        {"sofa" : 12,  "begin" : 3400,  "end" : 3402 }, 
        {"sofa" : 12,  "begin" : 3403,  "end" : 3408 }, 
        {"sofa" : 12,  "begin" : 3409,  "end" : 3412 }, 
        {"sofa" : 12,  "begin" : 3413,  "end" : 3421 }, 
        {"sofa" : 12,  "begin" : 3422,  "end" : 3427 }, 
        {"sofa" : 12,  "begin" : 3428,  "end" : 3431 }, 
        {"sofa" : 12,  "begin" : 3432,  "end" : 3435 }, 
        {"sofa" : 12,  "begin" : 3436,  "end" : 3438 }, 
        {"sofa" : 12,  "begin" : 3439,  "end" : 3443 }, 
        {"sofa" : 12,  "begin" : 3444,  "end" : 3447 }, 
        {"sofa" : 12,  "begin" : 3448,  "end" : 3459 }, 
        {"sofa" : 12,  "begin" : 3460,  "end" : 3469 }, 
        {"sofa" : 12,  "begin" : 3470,  "end" : 3482 }, 
        {"sofa" : 12,  "begin" : 3483,  "end" : 3485 }, 
        {"sofa" : 12,  "begin" : 3486,  "end" : 3490 }, 
        {"sofa" : 12,  "begin" : 3491,  "end" : 3494 }, 
        {"sofa" : 12,  "begin" : 3495,  "end" : 3499 }, 
        {"sofa" : 12,  "begin" : 3500,  "end" : 3509 }, 
        {"sofa" : 12,  "begin" : 3509,  "end" : 3510 }, 
        {"sofa" : 12,  "begin" : 3511,  "end" : 3521 }, 
        {"sofa" : 12,  "begin" : 3522,  "end" : 3536 }, 
        {"sofa" : 12,  "begin" : 3537,  "end" : 3542 }, 
        {"sofa" : 12,  "begin" : 3543,  "end" : 3547 }, 
        {"sofa" : 12,  "begin" : 3548,  "end" : 3551 }, 
        {"sofa" : 12,  "begin" : 3552,  "end" : 3556 }, 
        {"sofa" : 12,  "begin" : 3557,  "end" : 3564 }, 
        {"sofa" : 12,  "begin" : 3565,  "end" : 3568 }, 
        {"sofa" : 12,  "begin" : 3569,  "end" : 3573 }, 
        {"sofa" : 12,  "begin" : 3574,  "end" : 3584 }, 
        {"sofa" : 12,  "begin" : 3585,  "end" : 3589 }, 
        {"sofa" : 12,  "begin" : 3590,  "end" : 3591 }, 
        {"sofa" : 12,  "begin" : 3592,  "end" : 3597 }, 
        {"sofa" : 12,  "begin" : 3598,  "end" : 3600 }, 
        {"sofa" : 12,  "begin" : 3601,  "end" : 3606 }, 
        {"sofa" : 12,  "begin" : 3607,  "end" : 3609 }, 
        {"sofa" : 12,  "begin" : 3610,  "end" : 3620 }, 
        {"sofa" : 12,  "begin" : 3621,  "end" : 3626 }, 
        {"sofa" : 12,  "begin" : 3627,  "end" : 3638 }, 
        {"sofa" : 12,  "begin" : 3638,  "end" : 3639 }, 
        {"sofa" : 12,  "begin" : 3644,  "end" : 3651 }, 
        {"sofa" : 12,  "begin" : 3652,  "end" : 3660 }, 
        {"sofa" : 12,  "begin" : 3661,  "end" : 3665 }, 
        {"sofa" : 12,  "begin" : 3666,  "end" : 3671 }, 
        {"sofa" : 12,  "begin" : 3672,  "end" : 3674 }, 
        {"sofa" : 12,  "begin" : 3675,  "end" : 3677 }, 
        {"sofa" : 12,  "begin" : 3677,  "end" : 3678 }, 
        {"sofa" : 12,  "begin" : 3679,  "end" : 3686 }, 
        {"sofa" : 12,  "begin" : 3687,  "end" : 3695 }, 
        {"sofa" : 12,  "begin" : 3695,  "end" : 3696 }, 
        {"sofa" : 12,  "begin" : 3697,  "end" : 3698 }, 
        {"sofa" : 12,  "begin" : 3699,  "end" : 3711 }, 
        {"sofa" : 12,  "begin" : 3712,  "end" : 3715 }, 
        {"sofa" : 12,  "begin" : 3716,  "end" : 3722 }, 
        {"sofa" : 12,  "begin" : 3723,  "end" : 3725 }, 
        {"sofa" : 12,  "begin" : 3726,  "end" : 3727 }, 
        {"sofa" : 12,  "begin" : 3727,  "end" : 3730 }, 
        {"sofa" : 12,  "begin" : 3731,  "end" : 3739 }, 
        {"sofa" : 12,  "begin" : 3740,  "end" : 3748 }, 
        {"sofa" : 12,  "begin" : 3749,  "end" : 3755 }, 
        {"sofa" : 12,  "begin" : 3755,  "end" : 3756 }, 
        {"sofa" : 12,  "begin" : 3757,  "end" : 3760 }, 
        {"sofa" : 12,  "begin" : 3761,  "end" : 3764 }, 
        {"sofa" : 12,  "begin" : 3765,  "end" : 3769 }, 
        {"sofa" : 12,  "begin" : 3770,  "end" : 3778 }, 
        {"sofa" : 12,  "begin" : 3779,  "end" : 3783 }, 
        {"sofa" : 12,  "begin" : 3784,  "end" : 3787 }, 
        {"sofa" : 12,  "begin" : 3788,  "end" : 3794 }, 
        {"sofa" : 12,  "begin" : 3795,  "end" : 3798 }, 
        {"sofa" : 12,  "begin" : 3799,  "end" : 3807 }, 
        {"sofa" : 12,  "begin" : 3808,  "end" : 3810 }, 
        {"sofa" : 12,  "begin" : 3811,  "end" : 3814 }, 
        {"sofa" : 12,  "begin" : 3815,  "end" : 3818 }, 
        {"sofa" : 12,  "begin" : 3819,  "end" : 3826 }, 
        {"sofa" : 12,  "begin" : 3826,  "end" : 3827 }, 
        {"sofa" : 12,  "begin" : 3833,  "end" : 3836 }, 
        {"sofa" : 12,  "begin" : 3837,  "end" : 3841 }, 
        {"sofa" : 12,  "begin" : 3842,  "end" : 3844 }, 
        {"sofa" : 12,  "begin" : 3845,  "end" : 3848 }, 
        {"sofa" : 12,  "begin" : 3849,  "end" : 3856 }, 
        {"sofa" : 12,  "begin" : 3857,  "end" : 3860 }, 
        {"sofa" : 12,  "begin" : 3861,  "end" : 3865 }, 
        {"sofa" : 12,  "begin" : 3865,  "end" : 3866 }, 
        {"sofa" : 12,  "begin" : 3867,  "end" : 3869 }, 
        {"sofa" : 12,  "begin" : 3869,  "end" : 3870 }, 
        {"sofa" : 12,  "begin" : 3871,  "end" : 3879 }, 
        {"sofa" : 12,  "begin" : 3880,  "end" : 3885 }, 
        {"sofa" : 12,  "begin" : 3886,  "end" : 3893 }, 
        {"sofa" : 12,  "begin" : 3894,  "end" : 3900 }, 
        {"sofa" : 12,  "begin" : 3900,  "end" : 3901 }, 
        {"sofa" : 12,  "begin" : 3902,  "end" : 3904 }, 
        {"sofa" : 12,  "begin" : 3905,  "end" : 3912 }, 
        {"sofa" : 12,  "begin" : 3913,  "end" : 3917 }, 
        {"sofa" : 12,  "begin" : 3918,  "end" : 3922 }, 
        {"sofa" : 12,  "begin" : 3922,  "end" : 3923 }, 
        {"sofa" : 12,  "begin" : 3924,  "end" : 3925 }, 
        {"sofa" : 12,  "begin" : 3925,  "end" : 3928 }, 
        {"sofa" : 12,  "begin" : 3929,  "end" : 3936 }, 
        {"sofa" : 12,  "begin" : 3937,  "end" : 3939 }, 
        {"sofa" : 12,  "begin" : 3940,  "end" : 3950 }, 
        {"sofa" : 12,  "begin" : 3951,  "end" : 3960 }, 
        {"sofa" : 12,  "begin" : 3960,  "end" : 3961 }, 
        {"sofa" : 12,  "begin" : 3962,  "end" : 3965 }, 
        {"sofa" : 12,  "begin" : 3966,  "end" : 3969 }, 
        {"sofa" : 12,  "begin" : 3970,  "end" : 3980 }, 
        {"sofa" : 12,  "begin" : 3981,  "end" : 3986 }, 
        {"sofa" : 12,  "begin" : 3987,  "end" : 3989 }, 
        {"sofa" : 12,  "begin" : 3989,  "end" : 3990 }, 
        {"sofa" : 12,  "begin" : 3990,  "end" : 3991 }, 
        {"sofa" : 12,  "begin" : 3992,  "end" : 3994 }, 
        {"sofa" : 12,  "begin" : 3995,  "end" : 3999 }, 
        {"sofa" : 12,  "begin" : 3999,  "end" : 4000 }, 
        {"sofa" : 12,  "begin" : 4001,  "end" : 4002 }, 
        {"sofa" : 12,  "begin" : 4002,  "end" : 4007 }, 
        {"sofa" : 12,  "begin" : 4008,  "end" : 4011 }, 
        {"sofa" : 12,  "begin" : 4012,  "end" : 4017 }, 
        {"sofa" : 12,  "begin" : 4018,  "end" : 4025 }, 
        {"sofa" : 12,  "begin" : 4026,  "end" : 4029 }, 
        {"sofa" : 12,  "begin" : 4030,  "end" : 4040 }, 
        {"sofa" : 12,  "begin" : 4041,  "end" : 4046 }, 
        {"sofa" : 12,  "begin" : 4047,  "end" : 4050 }, 
        {"sofa" : 12,  "begin" : 4051,  "end" : 4058 }, 
        {"sofa" : 12,  "begin" : 4059,  "end" : 4062 }, 
        {"sofa" : 12,  "begin" : 4063,  "end" : 4067 }, 
        {"sofa" : 12,  "begin" : 4068,  "end" : 4074 }, 
        {"sofa" : 12,  "begin" : 4075,  "end" : 4078 }, 
        {"sofa" : 12,  "begin" : 4079,  "end" : 4082 }, 
        {"sofa" : 12,  "begin" : 4083,  "end" : 4088 }, 
        {"sofa" : 12,  "begin" : 4088,  "end" : 4089 }, 
        {"sofa" : 12,  "begin" : 4090,  "end" : 4099 }, 
        {"sofa" : 12,  "begin" : 4100,  "end" : 4109 }, 
        {"sofa" : 12,  "begin" : 4109,  "end" : 4110 }, 
        {"sofa" : 12,  "begin" : 4111,  "end" : 4126 }, 
        {"sofa" : 12,  "begin" : 4126,  "end" : 4127 }, 
        {"sofa" : 12,  "begin" : 4128,  "end" : 4131 }, 
        {"sofa" : 12,  "begin" : 4132,  "end" : 4137 }, 
        {"sofa" : 12,  "begin" : 4137,  "end" : 4138 }, 
        {"sofa" : 12,  "begin" : 4139,  "end" : 4142 }, 
        {"sofa" : 12,  "begin" : 4143,  "end" : 4144 }, 
        {"sofa" : 12,  "begin" : 4145,  "end" : 4150 }, 
        {"sofa" : 12,  "begin" : 4151,  "end" : 4153 }, 
        {"sofa" : 12,  "begin" : 4154,  "end" : 4157 }, 
        {"sofa" : 12,  "begin" : 4158,  "end" : 4166 }, 
        {"sofa" : 12,  "begin" : 4167,  "end" : 4172 }, 
        {"sofa" : 12,  "begin" : 4173,  "end" : 4180 }, 
        {"sofa" : 12,  "begin" : 4181,  "end" : 4189 }, 
        {"sofa" : 12,  "begin" : 4190,  "end" : 4192 }, 
        {"sofa" : 12,  "begin" : 4193,  "end" : 4202 }, 
        {"sofa" : 12,  "begin" : 4203,  "end" : 4205 }, 
        {"sofa" : 12,  "begin" : 4206,  "end" : 4212 }, 
        {"sofa" : 12,  "begin" : 4213,  "end" : 4216 }, 
        {"sofa" : 12,  "begin" : 4217,  "end" : 4222 }, 
        {"sofa" : 12,  "begin" : 4223,  "end" : 4225 }, 
        {"sofa" : 12,  "begin" : 4226,  "end" : 4233 }, 
        {"sofa" : 12,  "begin" : 4234,  "end" : 4238 }, 
        {"sofa" : 12,  "begin" : 4239,  "end" : 4249 }, 
        {"sofa" : 12,  "begin" : 4250,  "end" : 4253 }, 
        {"sofa" : 12,  "begin" : 4254,  "end" : 4259 }, 
        {"sofa" : 12,  "begin" : 4260,  "end" : 4265 }, 
        {"sofa" : 12,  "begin" : 4266,  "end" : 4272 }, 
        {"sofa" : 12,  "begin" : 4273,  "end" : 4275 }, 
        {"sofa" : 12,  "begin" : 4276,  "end" : 4279 }, 
        {"sofa" : 12,  "begin" : 4280,  "end" : 4287 }, 
        {"sofa" : 12,  "begin" : 4288,  "end" : 4297 }, 
        {"sofa" : 12,  "begin" : 4297,  "end" : 4298 }, 
        {"sofa" : 12,  "begin" : 4299,  "end" : 4301 }, 
        {"sofa" : 12,  "begin" : 4302,  "end" : 4309 }, 
        {"sofa" : 12,  "begin" : 4310,  "end" : 4316 }, 
        {"sofa" : 12,  "begin" : 4317,  "end" : 4319 }, 
        {"sofa" : 12,  "begin" : 4320,  "end" : 4327 }, 
        {"sofa" : 12,  "begin" : 4328,  "end" : 4333 }, 
        {"sofa" : 12,  "begin" : 4334,  "end" : 4338 }, 
        {"sofa" : 12,  "begin" : 4339,  "end" : 4347 }, 
        {"sofa" : 12,  "begin" : 4348,  "end" : 4355 }, 
        {"sofa" : 12,  "begin" : 4356,  "end" : 4359 }, 
        {"sofa" : 12,  "begin" : 4360,  "end" : 4363 }, 
        {"sofa" : 12,  "begin" : 4364,  "end" : 4365 }, 
        {"sofa" : 12,  "begin" : 4366,  "end" : 4368 }, 
        {"sofa" : 12,  "begin" : 4369,  "end" : 4373 }, 
        {"sofa" : 12,  "begin" : 4374,  "end" : 4383 }, 
        {"sofa" : 12,  "begin" : 4384,  "end" : 4385 }, 
        {"sofa" : 12,  "begin" : 4386,  "end" : 4389 }, 
        {"sofa" : 12,  "begin" : 4390,  "end" : 4394 }, 
        {"sofa" : 12,  "begin" : 4395,  "end" : 4398 }, 
        {"sofa" : 12,  "begin" : 4399,  "end" : 4403 }, 
        {"sofa" : 12,  "begin" : 4404,  "end" : 4406 }, 
        {"sofa" : 12,  "begin" : 4407,  "end" : 4411 }, 
        {"sofa" : 12,  "begin" : 4412,  "end" : 4418 }, 
        {"sofa" : 12,  "begin" : 4419,  "end" : 4422 }, 
        {"sofa" : 12,  "begin" : 4423,  "end" : 4428 }, 
        {"sofa" : 12,  "begin" : 4429,  "end" : 4436 }, 
        {"sofa" : 12,  "begin" : 4436,  "end" : 4437 }, 
        {"sofa" : 12,  "begin" : 4437,  "end" : 4438 }, 
        {"sofa" : 12,  "begin" : 4440,  "end" : 4441 }, 
        {"sofa" : 12,  "begin" : 4442,  "end" : 4447 }, 
        {"sofa" : 12,  "begin" : 4448,  "end" : 4456 }, 
        {"sofa" : 12,  "begin" : 4457,  "end" : 4459 }, 
        {"sofa" : 12,  "begin" : 4460,  "end" : 4468 }, 
        {"sofa" : 12,  "begin" : 4469,  "end" : 4474 }, 
        {"sofa" : 12,  "begin" : 4475,  "end" : 4479 }, 
        {"sofa" : 12,  "begin" : 4480,  "end" : 4483 }, 
        {"sofa" : 12,  "begin" : 4484,  "end" : 4487 }, 
        {"sofa" : 12,  "begin" : 4488,  "end" : 4492 }, 
        {"sofa" : 12,  "begin" : 4493,  "end" : 4496 }, 
        {"sofa" : 12,  "begin" : 4497,  "end" : 4501 }, 
        {"sofa" : 12,  "begin" : 4502,  "end" : 4503 }, 
        {"sofa" : 12,  "begin" : 4504,  "end" : 4511 }, 
        {"sofa" : 12,  "begin" : 4512,  "end" : 4521 }, 
        {"sofa" : 12,  "begin" : 4522,  "end" : 4524 }, 
        {"sofa" : 12,  "begin" : 4525,  "end" : 4535 }, 
        {"sofa" : 12,  "begin" : 4536,  "end" : 4543 }, 
        {"sofa" : 12,  "begin" : 4544,  "end" : 4551 }, 
        {"sofa" : 12,  "begin" : 4552,  "end" : 4555 }, 
        {"sofa" : 12,  "begin" : 4556,  "end" : 4560 }, 
        {"sofa" : 12,  "begin" : 4560,  "end" : 4561 }, 
        {"sofa" : 12,  "begin" : 4561,  "end" : 4565 }, 
        {"sofa" : 12,  "begin" : 4566,  "end" : 4574 }, 
        {"sofa" : 12,  "begin" : 4575,  "end" : 4579 }, 
        {"sofa" : 12,  "begin" : 4580,  "end" : 4588 }, 
        {"sofa" : 12,  "begin" : 4589,  "end" : 4598 }, 
        {"sofa" : 12,  "begin" : 4599,  "end" : 4602 }, 
        {"sofa" : 12,  "begin" : 4602,  "end" : 4603 }, 
        {"sofa" : 12,  "begin" : 4605,  "end" : 4611 }, 
        {"sofa" : 12,  "begin" : 4612,  "end" : 4616 }, 
        {"sofa" : 12,  "begin" : 4617,  "end" : 4622 }, 
        {"sofa" : 12,  "begin" : 4623,  "end" : 4625 }, 
        {"sofa" : 12,  "begin" : 4626,  "end" : 4630 }, 
        {"sofa" : 12,  "begin" : 4631,  "end" : 4636 }, 
        {"sofa" : 12,  "begin" : 4637,  "end" : 4645 }, 
        {"sofa" : 12,  "begin" : 4646,  "end" : 4649 }, 
        {"sofa" : 12,  "begin" : 4650,  "end" : 4653 }, 
        {"sofa" : 12,  "begin" : 4654,  "end" : 4659 }, 
        {"sofa" : 12,  "begin" : 4660,  "end" : 4663 }, 
        {"sofa" : 12,  "begin" : 4664,  "end" : 4667 }, 
        {"sofa" : 12,  "begin" : 4668,  "end" : 4675 }, 
        {"sofa" : 12,  "begin" : 4676,  "end" : 4679 }, 
        {"sofa" : 12,  "begin" : 4680,  "end" : 4682 }, 
        {"sofa" : 12,  "begin" : 4683,  "end" : 4693 }, 
        {"sofa" : 12,  "begin" : 4694,  "end" : 4698 }, 
        {"sofa" : 12,  "begin" : 4699,  "end" : 4702 }, 
        {"sofa" : 12,  "begin" : 4703,  "end" : 4710 }, 
        {"sofa" : 12,  "begin" : 4710,  "end" : 4711 }, 
        {"sofa" : 12,  "begin" : 4712,  "end" : 4713 }, 
        {"sofa" : 12,  "begin" : 4713,  "end" : 4716 }, 
        {"sofa" : 12,  "begin" : 4717,  "end" : 4727 }, 
        {"sofa" : 12,  "begin" : 4728,  "end" : 4732 }, 
        {"sofa" : 12,  "begin" : 4733,  "end" : 4737 }, 
        {"sofa" : 12,  "begin" : 4738,  "end" : 4742 }, 
        {"sofa" : 12,  "begin" : 4743,  "end" : 4748 }, 
        {"sofa" : 12,  "begin" : 4749,  "end" : 4753 }, 
        {"sofa" : 12,  "begin" : 4754,  "end" : 4758 }, 
        {"sofa" : 12,  "begin" : 4759,  "end" : 4762 }, 
        {"sofa" : 12,  "begin" : 4763,  "end" : 4766 }, 
        {"sofa" : 12,  "begin" : 4767,  "end" : 4769 }, 
        {"sofa" : 12,  "begin" : 4770,  "end" : 4773 }, 
        {"sofa" : 12,  "begin" : 4774,  "end" : 4780 }, 
        {"sofa" : 12,  "begin" : 4781,  "end" : 4787 }, 
        {"sofa" : 12,  "begin" : 4788,  "end" : 4792 }, 
        {"sofa" : 12,  "begin" : 4793,  "end" : 4794 }, 
        {"sofa" : 12,  "begin" : 4795,  "end" : 4802 }, 
        {"sofa" : 12,  "begin" : 4802,  "end" : 4803 }, 
        {"sofa" : 12,  "begin" : 4804,  "end" : 4807 }, 
        {"sofa" : 12,  "begin" : 4808,  "end" : 4812 }, 
        {"sofa" : 12,  "begin" : 4813,  "end" : 4817 }, 
        {"sofa" : 12,  "begin" : 4818,  "end" : 4820 }, 
        {"sofa" : 12,  "begin" : 4821,  "end" : 4829 }, 
        {"sofa" : 12,  "begin" : 4830,  "end" : 4831 }, 
        {"sofa" : 12,  "begin" : 4832,  "end" : 4836 }, 
        {"sofa" : 12,  "begin" : 4837,  "end" : 4839 }, 
        {"sofa" : 12,  "begin" : 4840,  "end" : 4847 }, 
        {"sofa" : 12,  "begin" : 4848,  "end" : 4852 }, 
        {"sofa" : 12,  "begin" : 4853,  "end" : 4855 }, 
        {"sofa" : 12,  "begin" : 4856,  "end" : 4861 }, 
        {"sofa" : 12,  "begin" : 4862,  "end" : 4864 }, 
        {"sofa" : 12,  "begin" : 4865,  "end" : 4868 }, 
        {"sofa" : 12,  "begin" : 4869,  "end" : 4874 }, 
        {"sofa" : 12,  "begin" : 4874,  "end" : 4875 }, 
        {"sofa" : 12,  "begin" : 4875,  "end" : 4876 }, 
        {"sofa" : 12,  "begin" : 4877,  "end" : 4881 }, 
        {"sofa" : 12,  "begin" : 4882,  "end" : 4884 }, 
        {"sofa" : 12,  "begin" : 4884,  "end" : 4885 }, 
        {"sofa" : 12,  "begin" : 4886,  "end" : 4894 }, 
        {"sofa" : 12,  "begin" : 4894,  "end" : 4895 }, 
        {"sofa" : 12,  "begin" : 4896,  "end" : 4897 }, 
        {"sofa" : 12,  "begin" : 4897,  "end" : 4901 }, 
        {"sofa" : 12,  "begin" : 4902,  "end" : 4906 }, 
        {"sofa" : 12,  "begin" : 4907,  "end" : 4911 }, 
        {"sofa" : 12,  "begin" : 4912,  "end" : 4915 }, 
        {"sofa" : 12,  "begin" : 4916,  "end" : 4923 }, 
        {"sofa" : 12,  "begin" : 4924,  "end" : 4928 }, 
        {"sofa" : 12,  "begin" : 4929,  "end" : 4934 }, 
        {"sofa" : 12,  "begin" : 4935,  "end" : 4939 }, 
        {"sofa" : 12,  "begin" : 4940,  "end" : 4943 }, 
        {"sofa" : 12,  "begin" : 4944,  "end" : 4947 }, 
        {"sofa" : 12,  "begin" : 4948,  "end" : 4955 }, 
        {"sofa" : 12,  "begin" : 4956,  "end" : 4959 }, 
        {"sofa" : 12,  "begin" : 4960,  "end" : 4964 }, 
        {"sofa" : 12,  "begin" : 4965,  "end" : 4966 }, 
        {"sofa" : 12,  "begin" : 4967,  "end" : 4971 }, 
        {"sofa" : 12,  "begin" : 4972,  "end" : 4973 }, 
        {"sofa" : 12,  "begin" : 4974,  "end" : 4987 }, 
        {"sofa" : 12,  "begin" : 4988,  "end" : 4990 }, 
        {"sofa" : 12,  "begin" : 4991,  "end" : 4999 }, 
        {"sofa" : 12,  "begin" : 5000,  "end" : 5005 }, 
        {"sofa" : 12,  "begin" : 5006,  "end" : 5010 }, 
        {"sofa" : 12,  "begin" : 5010,  "end" : 5011 }, 
        {"sofa" : 12,  "begin" : 5011,  "end" : 5012 }, 
        {"sofa" : 12,  "begin" : 5017,  "end" : 5020 }, 
        {"sofa" : 12,  "begin" : 5021,  "end" : 5025 }, 
        {"sofa" : 12,  "begin" : 5026,  "end" : 5032 }, 
        {"sofa" : 12,  "begin" : 5032,  "end" : 5033 }, 
        {"sofa" : 12,  "begin" : 5034,  "end" : 5038 }, 
        {"sofa" : 12,  "begin" : 5039,  "end" : 5041 }, 
        {"sofa" : 12,  "begin" : 5041,  "end" : 5042 }, 
        {"sofa" : 12,  "begin" : 5043,  "end" : 5051 }, 
        {"sofa" : 12,  "begin" : 5051,  "end" : 5052 }, 
        {"sofa" : 12,  "begin" : 5053,  "end" : 5056 }, 
        {"sofa" : 12,  "begin" : 5057,  "end" : 5065 }, 
        {"sofa" : 12,  "begin" : 5066,  "end" : 5071 }, 
        {"sofa" : 12,  "begin" : 5072,  "end" : 5079 }, 
        {"sofa" : 12,  "begin" : 5080,  "end" : 5083 }, 
        {"sofa" : 12,  "begin" : 5084,  "end" : 5087 }, 
        {"sofa" : 12,  "begin" : 5088,  "end" : 5091 }, 
        {"sofa" : 12,  "begin" : 5092,  "end" : 5100 }, 
        {"sofa" : 12,  "begin" : 5101,  "end" : 5109 }, 
        {"sofa" : 12,  "begin" : 5110,  "end" : 5113 }, 
        {"sofa" : 12,  "begin" : 5114,  "end" : 5118 }, 
        {"sofa" : 12,  "begin" : 5119,  "end" : 5121 }, 
        {"sofa" : 12,  "begin" : 5122,  "end" : 5129 }, 
        {"sofa" : 12,  "begin" : 5130,  "end" : 5132 }, 
        {"sofa" : 12,  "begin" : 5132,  "end" : 5133 }, 
        {"sofa" : 12,  "begin" : 5134,  "end" : 5137 }, 
        {"sofa" : 12,  "begin" : 5138,  "end" : 5145 }, 
        {"sofa" : 12,  "begin" : 5146,  "end" : 5155 }, 
        {"sofa" : 12,  "begin" : 5156,  "end" : 5158 }, 
        {"sofa" : 12,  "begin" : 5159,  "end" : 5167 }, 
        {"sofa" : 12,  "begin" : 5168,  "end" : 5170 }, 
        {"sofa" : 12,  "begin" : 5171,  "end" : 5175 }, 
        {"sofa" : 12,  "begin" : 5176,  "end" : 5177 }, 
        {"sofa" : 12,  "begin" : 5178,  "end" : 5184 }, 
        {"sofa" : 12,  "begin" : 5185,  "end" : 5191 }, 
        {"sofa" : 12,  "begin" : 5192,  "end" : 5202 }, 
        {"sofa" : 12,  "begin" : 5203,  "end" : 5207 }, 
        {"sofa" : 12,  "begin" : 5208,  "end" : 5209 }, 
        {"sofa" : 12,  "begin" : 5210,  "end" : 5213 }, 
        {"sofa" : 12,  "begin" : 5214,  "end" : 5218 }, 
        {"sofa" : 12,  "begin" : 5219,  "end" : 5229 }, 
        {"sofa" : 12,  "begin" : 5230,  "end" : 5238 }, 
        {"sofa" : 12,  "begin" : 5239,  "end" : 5242 }, 
        {"sofa" : 12,  "begin" : 5243,  "end" : 5250 }, 
        {"sofa" : 12,  "begin" : 5251,  "end" : 5256 }, 
        {"sofa" : 12,  "begin" : 5256,  "end" : 5257 }, 
        {"sofa" : 12,  "begin" : 5258,  "end" : 5259 }, 
        {"sofa" : 12,  "begin" : 5259,  "end" : 5263 }, 
        {"sofa" : 12,  "begin" : 5264,  "end" : 5269 }, 
        {"sofa" : 12,  "begin" : 5270,  "end" : 5276 }, 
        {"sofa" : 12,  "begin" : 5277,  "end" : 5283 }, 
        {"sofa" : 12,  "begin" : 5284,  "end" : 5295 }, 
        {"sofa" : 12,  "begin" : 5296,  "end" : 5298 }, 
        {"sofa" : 12,  "begin" : 5299,  "end" : 5307 }, 
        {"sofa" : 12,  "begin" : 5308,  "end" : 5311 }, 
        {"sofa" : 12,  "begin" : 5312,  "end" : 5315 }, 
        {"sofa" : 12,  "begin" : 5315,  "end" : 5316 }, 
        {"sofa" : 12,  "begin" : 5316,  "end" : 5317 }, 
        {"sofa" : 12,  "begin" : 5318,  "end" : 5320 }, 
        {"sofa" : 12,  "begin" : 5321,  "end" : 5325 }, 
        {"sofa" : 12,  "begin" : 5325,  "end" : 5326 }, 
        {"sofa" : 12,  "begin" : 5327,  "end" : 5328 }, 
        {"sofa" : 12,  "begin" : 5328,  "end" : 5332 }, 
        {"sofa" : 12,  "begin" : 5333,  "end" : 5336 }, 
        {"sofa" : 12,  "begin" : 5337,  "end" : 5341 }, 
        {"sofa" : 12,  "begin" : 5342,  "end" : 5347 }, 
        {"sofa" : 12,  "begin" : 5348,  "end" : 5351 }, 
        {"sofa" : 12,  "begin" : 5352,  "end" : 5359 }, 
        {"sofa" : 12,  "begin" : 5360,  "end" : 5364 }, 
        {"sofa" : 12,  "begin" : 5365,  "end" : 5369 }, 
        {"sofa" : 12,  "begin" : 5370,  "end" : 5373 }, 
        {"sofa" : 12,  "begin" : 5374,  "end" : 5377 }, 
        {"sofa" : 12,  "begin" : 5377,  "end" : 5378 }, 
        {"sofa" : 12,  "begin" : 5379,  "end" : 5382 }, 
        {"sofa" : 12,  "begin" : 5383,  "end" : 5389 }, 
        {"sofa" : 12,  "begin" : 5390,  "end" : 5393 }, 
        {"sofa" : 12,  "begin" : 5394,  "end" : 5398 }, 
        {"sofa" : 12,  "begin" : 5399,  "end" : 5400 }, 
        {"sofa" : 12,  "begin" : 5401,  "end" : 5403 }, 
        {"sofa" : 12,  "begin" : 5404,  "end" : 5413 }, 
        {"sofa" : 12,  "begin" : 5414,  "end" : 5419 }, 
        {"sofa" : 12,  "begin" : 5420,  "end" : 5426 }, 
        {"sofa" : 12,  "begin" : 5427,  "end" : 5433 }, 
        {"sofa" : 12,  "begin" : 5434,  "end" : 5437 }, 
        {"sofa" : 12,  "begin" : 5438,  "end" : 5442 }, 
        {"sofa" : 12,  "begin" : 5443,  "end" : 5447 }, 
        {"sofa" : 12,  "begin" : 5448,  "end" : 5454 }, 
        {"sofa" : 12,  "begin" : 5455,  "end" : 5458 }, 
        {"sofa" : 12,  "begin" : 5459,  "end" : 5462 }, 
        {"sofa" : 12,  "begin" : 5462,  "end" : 5463 }, 
        {"sofa" : 12,  "begin" : 5463,  "end" : 5464 }, 
        {"sofa" : 12,  "begin" : 5468,  "end" : 5475 }, 
        {"sofa" : 12,  "begin" : 5476,  "end" : 5490 }, 
        {"sofa" : 12,  "begin" : 5491,  "end" : 5494 }, 
        {"sofa" : 12,  "begin" : 5495,  "end" : 5500 }, 
        {"sofa" : 12,  "begin" : 5501,  "end" : 5504 }, 
        {"sofa" : 12,  "begin" : 5505,  "end" : 5512 }, 
        {"sofa" : 12,  "begin" : 5513,  "end" : 5518 }, 
        {"sofa" : 12,  "begin" : 5518,  "end" : 5519 }, 
        {"sofa" : 12,  "begin" : 5520,  "end" : 5524 }, 
        {"sofa" : 12,  "begin" : 5525,  "end" : 5527 }, 
        {"sofa" : 12,  "begin" : 5527,  "end" : 5528 }, 
        {"sofa" : 12,  "begin" : 5529,  "end" : 5537 }, 
        {"sofa" : 12,  "begin" : 5537,  "end" : 5538 }, 
        {"sofa" : 12,  "begin" : 5539,  "end" : 5542 }, 
        {"sofa" : 12,  "begin" : 5543,  "end" : 5547 }, 
        {"sofa" : 12,  "begin" : 5548,  "end" : 5558 }, 
        {"sofa" : 12,  "begin" : 5559,  "end" : 5561 }, 
        {"sofa" : 12,  "begin" : 5562,  "end" : 5565 }, 
        {"sofa" : 12,  "begin" : 5566,  "end" : 5571 }, 
        {"sofa" : 12,  "begin" : 5572,  "end" : 5574 }, 
        {"sofa" : 12,  "begin" : 5575,  "end" : 5586 }, 
        {"sofa" : 12,  "begin" : 5587,  "end" : 5590 }, 
        {"sofa" : 12,  "begin" : 5591,  "end" : 5596 }, 
        {"sofa" : 12,  "begin" : 5597,  "end" : 5609 }, 
        {"sofa" : 12,  "begin" : 5610,  "end" : 5618 }, 
        {"sofa" : 12,  "begin" : 5618,  "end" : 5619 }, 
        {"sofa" : 12,  "begin" : 5620,  "end" : 5623 }, 
        {"sofa" : 12,  "begin" : 5624,  "end" : 5629 }, 
        {"sofa" : 12,  "begin" : 5630,  "end" : 5635 }, 
        {"sofa" : 12,  "begin" : 5636,  "end" : 5640 }, 
        {"sofa" : 12,  "begin" : 5641,  "end" : 5646 }, 
        {"sofa" : 12,  "begin" : 5647,  "end" : 5650 }, 
        {"sofa" : 12,  "begin" : 5651,  "end" : 5654 }, 
        {"sofa" : 12,  "begin" : 5655,  "end" : 5658 }, 
        {"sofa" : 12,  "begin" : 5659,  "end" : 5662 }, 
        {"sofa" : 12,  "begin" : 5663,  "end" : 5670 }, 
        {"sofa" : 12,  "begin" : 5671,  "end" : 5674 }, 
        {"sofa" : 12,  "begin" : 5675,  "end" : 5680 }, 
        {"sofa" : 12,  "begin" : 5681,  "end" : 5683 }, 
        {"sofa" : 12,  "begin" : 5684,  "end" : 5688 }, 
        {"sofa" : 12,  "begin" : 5689,  "end" : 5694 }, 
        {"sofa" : 12,  "begin" : 5695,  "end" : 5703 }, 
        {"sofa" : 12,  "begin" : 5704,  "end" : 5709 }, 
        {"sofa" : 12,  "begin" : 5710,  "end" : 5714 }, 
        {"sofa" : 12,  "begin" : 5715,  "end" : 5717 }, 
        {"sofa" : 12,  "begin" : 5718,  "end" : 5729 }, 
        {"sofa" : 12,  "begin" : 5730,  "end" : 5737 }, 
        {"sofa" : 12,  "begin" : 5738,  "end" : 5740 }, 
        {"sofa" : 12,  "begin" : 5740,  "end" : 5741 }, 
        {"sofa" : 12,  "begin" : 5741,  "end" : 5745 }, 
        {"sofa" : 12,  "begin" : 5745,  "end" : 5746 }, 
        {"sofa" : 12,  "begin" : 5748,  "end" : 5753 }, 
        {"sofa" : 12,  "begin" : 5754,  "end" : 5761 }, 
        {"sofa" : 12,  "begin" : 5762,  "end" : 5766 }, 
        {"sofa" : 12,  "begin" : 5767,  "end" : 5776 }, 
        {"sofa" : 12,  "begin" : 5777,  "end" : 5779 }, 
        {"sofa" : 12,  "begin" : 5780,  "end" : 5781 }, 
        {"sofa" : 12,  "begin" : 5782,  "end" : 5786 }, 
        {"sofa" : 12,  "begin" : 5787,  "end" : 5789 }, 
        {"sofa" : 12,  "begin" : 5790,  "end" : 5791 }, 
        {"sofa" : 12,  "begin" : 5791,  "end" : 5798 }, 
        {"sofa" : 12,  "begin" : 5799,  "end" : 5808 }, 
        {"sofa" : 12,  "begin" : 5808,  "end" : 5809 }, 
        {"sofa" : 12,  "begin" : 5810,  "end" : 5812 }, 
        {"sofa" : 12,  "begin" : 5813,  "end" : 5815 }, 
        {"sofa" : 12,  "begin" : 5816,  "end" : 5822 }, 
        {"sofa" : 12,  "begin" : 5823,  "end" : 5825 }, 
        {"sofa" : 12,  "begin" : 5826,  "end" : 5832 }, 
        {"sofa" : 12,  "begin" : 5833,  "end" : 5840 }, 
        {"sofa" : 12,  "begin" : 5840,  "end" : 5841 }, 
        {"sofa" : 12,  "begin" : 5842,  "end" : 5844 }, 
        {"sofa" : 12,  "begin" : 5845,  "end" : 5851 }, 
        {"sofa" : 12,  "begin" : 5852,  "end" : 5854 }, 
        {"sofa" : 12,  "begin" : 5855,  "end" : 5858 }, 
        {"sofa" : 12,  "begin" : 5859,  "end" : 5863 }, 
        {"sofa" : 12,  "begin" : 5864,  "end" : 5868 }, 
        {"sofa" : 12,  "begin" : 5869,  "end" : 5875 }, 
        {"sofa" : 12,  "begin" : 5876,  "end" : 5880 }, 
        {"sofa" : 12,  "begin" : 5881,  "end" : 5884 }, 
        {"sofa" : 12,  "begin" : 5885,  "end" : 5893 }, 
        {"sofa" : 12,  "begin" : 5894,  "end" : 5901 }, 
        {"sofa" : 12,  "begin" : 5902,  "end" : 5908 }, 
        {"sofa" : 12,  "begin" : 5909,  "end" : 5912 }, 
        {"sofa" : 12,  "begin" : 5913,  "end" : 5919 }, 
        {"sofa" : 12,  "begin" : 5920,  "end" : 5922 }, 
        {"sofa" : 12,  "begin" : 5923,  "end" : 5926 }, 
        {"sofa" : 12,  "begin" : 5927,  "end" : 5931 }, 
        {"sofa" : 12,  "begin" : 5932,  "end" : 5939 }, 
        {"sofa" : 12,  "begin" : 5939,  "end" : 5940 }, 
        {"sofa" : 12,  "begin" : 5941,  "end" : 5945 }, 
        {"sofa" : 12,  "begin" : 5946,  "end" : 5952 }, 
        {"sofa" : 12,  "begin" : 5953,  "end" : 5956 }, 
        {"sofa" : 12,  "begin" : 5957,  "end" : 5961 }, 
        {"sofa" : 12,  "begin" : 5962,  "end" : 5969 }, 
        {"sofa" : 12,  "begin" : 5970,  "end" : 5979 }, 
        {"sofa" : 12,  "begin" : 5980,  "end" : 5984 }, 
        {"sofa" : 12,  "begin" : 5985,  "end" : 5991 }, 
        {"sofa" : 12,  "begin" : 5992,  "end" : 5995 }, 
        {"sofa" : 12,  "begin" : 5996,  "end" : 5999 }, 
        {"sofa" : 12,  "begin" : 6000,  "end" : 6004 }, 
        {"sofa" : 12,  "begin" : 6005,  "end" : 6012 }, 
        {"sofa" : 12,  "begin" : 6012,  "end" : 6013 }, 
        {"sofa" : 12,  "begin" : 6018,  "end" : 6021 }, 
        {"sofa" : 12,  "begin" : 6022,  "end" : 6024 }, 
        {"sofa" : 12,  "begin" : 6025,  "end" : 6029 }, 
        {"sofa" : 12,  "begin" : 6030,  "end" : 6039 }, 
        {"sofa" : 12,  "begin" : 6040,  "end" : 6044 }, 
        {"sofa" : 12,  "begin" : 6045,  "end" : 6048 }, 
        {"sofa" : 12,  "begin" : 6049,  "end" : 6052 }, 
        {"sofa" : 12,  "begin" : 6053,  "end" : 6060 }, 
        {"sofa" : 12,  "begin" : 6060,  "end" : 6061 }, 
        {"sofa" : 12,  "begin" : 6062,  "end" : 6063 }, 
        {"sofa" : 12,  "begin" : 6063,  "end" : 6067 }, 
        {"sofa" : 12,  "begin" : 6068,  "end" : 6071 }, 
        {"sofa" : 12,  "begin" : 6072,  "end" : 6077 }, 
        {"sofa" : 12,  "begin" : 6078,  "end" : 6083 }, 
        {"sofa" : 12,  "begin" : 6083,  "end" : 6084 }, 
        {"sofa" : 12,  "begin" : 6084,  "end" : 6085 }, 
        {"sofa" : 12,  "begin" : 6086,  "end" : 6090 }, 
        {"sofa" : 12,  "begin" : 6091,  "end" : 6093 }, 
        {"sofa" : 12,  "begin" : 6093,  "end" : 6094 }, 
        {"sofa" : 12,  "begin" : 6095,  "end" : 6103 }, 
        {"sofa" : 12,  "begin" : 6103,  "end" : 6104 }, 
        {"sofa" : 12,  "begin" : 6105,  "end" : 6106 }, 
        {"sofa" : 12,  "begin" : 6106,  "end" : 6114 }, 
        {"sofa" : 12,  "begin" : 6115,  "end" : 6118 }, 
        {"sofa" : 12,  "begin" : 6119,  "end" : 6120 }, 
        {"sofa" : 12,  "begin" : 6121,  "end" : 6135 }, 
        {"sofa" : 12,  "begin" : 6136,  "end" : 6145 }, 
        {"sofa" : 12,  "begin" : 6146,  "end" : 6151 }, 
        {"sofa" : 12,  "begin" : 6151,  "end" : 6152 }, 
        {"sofa" : 12,  "begin" : 6153,  "end" : 6157 }, 
        {"sofa" : 12,  "begin" : 6158,  "end" : 6162 }, 
        {"sofa" : 12,  "begin" : 6163,  "end" : 6164 }, 
        {"sofa" : 12,  "begin" : 6165,  "end" : 6172 }, 
        {"sofa" : 12,  "begin" : 6173,  "end" : 6177 }, 
        {"sofa" : 12,  "begin" : 6178,  "end" : 6182 }, 
        {"sofa" : 12,  "begin" : 6183,  "end" : 6186 }, 
        {"sofa" : 12,  "begin" : 6187,  "end" : 6197 }, 
        {"sofa" : 12,  "begin" : 6198,  "end" : 6201 }, 
        {"sofa" : 12,  "begin" : 6202,  "end" : 6205 }, 
        {"sofa" : 12,  "begin" : 6206,  "end" : 6211 }, 
        {"sofa" : 12,  "begin" : 6212,  "end" : 6216 }, 
        {"sofa" : 12,  "begin" : 6217,  "end" : 6221 }, 
        {"sofa" : 12,  "begin" : 6222,  "end" : 6226 }, 
        {"sofa" : 12,  "begin" : 6227,  "end" : 6231 }, 
        {"sofa" : 12,  "begin" : 6231,  "end" : 6232 }, 
        {"sofa" : 12,  "begin" : 6233,  "end" : 6236 }, 
        {"sofa" : 12,  "begin" : 6237,  "end" : 6242 }, 
        {"sofa" : 12,  "begin" : 6243,  "end" : 6251 }, 
        {"sofa" : 12,  "begin" : 6252,  "end" : 6255 }, 
        {"sofa" : 12,  "begin" : 6256,  "end" : 6265 }, 
        {"sofa" : 12,  "begin" : 6265,  "end" : 6266 }, 
        {"sofa" : 12,  "begin" : 6267,  "end" : 6271 }, 
        {"sofa" : 12,  "begin" : 6272,  "end" : 6277 }, 
        {"sofa" : 12,  "begin" : 6278,  "end" : 6280 }, 
        {"sofa" : 12,  "begin" : 6281,  "end" : 6285 }, 
        {"sofa" : 12,  "begin" : 6286,  "end" : 6288 }, 
        {"sofa" : 12,  "begin" : 6289,  "end" : 6295 }, 
        {"sofa" : 12,  "begin" : 6296,  "end" : 6299 }, 
        {"sofa" : 12,  "begin" : 6300,  "end" : 6301 }, 
        {"sofa" : 12,  "begin" : 6302,  "end" : 6314 }, 
        {"sofa" : 12,  "begin" : 6314,  "end" : 6315 }, 
        {"sofa" : 12,  "begin" : 6315,  "end" : 6316 }, 
        {"sofa" : 12,  "begin" : 6321,  "end" : 6328 }, 
        {"sofa" : 12,  "begin" : 6329,  "end" : 6336 }, 
        {"sofa" : 12,  "begin" : 6337,  "end" : 6338 }, 
        {"sofa" : 12,  "begin" : 6338,  "end" : 6340 }, 
        {"sofa" : 12,  "begin" : 6341,  "end" : 6342 }, 
        {"sofa" : 12,  "begin" : 6343,  "end" : 6349 }, 
        {"sofa" : 12,  "begin" : 6350,  "end" : 6352 }, 
        {"sofa" : 12,  "begin" : 6353,  "end" : 6358 }, 
        {"sofa" : 12,  "begin" : 6359,  "end" : 6362 }, 
        {"sofa" : 12,  "begin" : 6362,  "end" : 6363 }, 
        {"sofa" : 12,  "begin" : 6363,  "end" : 6364 }, 
        {"sofa" : 12,  "begin" : 6365,  "end" : 6369 }, 
        {"sofa" : 12,  "begin" : 6370,  "end" : 6372 }, 
        {"sofa" : 12,  "begin" : 6372,  "end" : 6373 }, 
        {"sofa" : 12,  "begin" : 6374,  "end" : 6382 }, 
        {"sofa" : 12,  "begin" : 6382,  "end" : 6383 }, 
        {"sofa" : 12,  "begin" : 6384,  "end" : 6385 }, 
        {"sofa" : 12,  "begin" : 6385,  "end" : 6389 }, 
        {"sofa" : 12,  "begin" : 6390,  "end" : 6397 }, 
        {"sofa" : 12,  "begin" : 6398,  "end" : 6405 }, 
        {"sofa" : 12,  "begin" : 6406,  "end" : 6408 }, 
        {"sofa" : 12,  "begin" : 6409,  "end" : 6421 }, 
        {"sofa" : 12,  "begin" : 6422,  "end" : 6425 }, 
        {"sofa" : 12,  "begin" : 6426,  "end" : 6436 }, 
        {"sofa" : 12,  "begin" : 6437,  "end" : 6442 }, 
        {"sofa" : 12,  "begin" : 6443,  "end" : 6447 }, 
        {"sofa" : 12,  "begin" : 6448,  "end" : 6451 }, 
        {"sofa" : 12,  "begin" : 6452,  "end" : 6456 }, 
        {"sofa" : 12,  "begin" : 6457,  "end" : 6462 }, 
        {"sofa" : 12,  "begin" : 6463,  "end" : 6466 }, 
        {"sofa" : 12,  "begin" : 6467,  "end" : 6468 }, 
        {"sofa" : 12,  "begin" : 6469,  "end" : 6473 }, 
        {"sofa" : 12,  "begin" : 6474,  "end" : 6478 }, 
        {"sofa" : 12,  "begin" : 6479,  "end" : 6480 }, 
        {"sofa" : 12,  "begin" : 6481,  "end" : 6484 }, 
        {"sofa" : 12,  "begin" : 6485,  "end" : 6488 }, 
        {"sofa" : 12,  "begin" : 6489,  "end" : 6496 }, 
        {"sofa" : 12,  "begin" : 6497,  "end" : 6506 }, 
        {"sofa" : 12,  "begin" : 6507,  "end" : 6509 }, 
        {"sofa" : 12,  "begin" : 6510,  "end" : 6511 }, 
        {"sofa" : 12,  "begin" : 6512,  "end" : 6517 }, 
        {"sofa" : 12,  "begin" : 6517,  "end" : 6518 }, 
        {"sofa" : 12,  "begin" : 6523,  "end" : 6524 }, 
        {"sofa" : 12,  "begin" : 6524,  "end" : 6530 }, 
        {"sofa" : 12,  "begin" : 6531,  "end" : 6534 }, 
        {"sofa" : 12,  "begin" : 6535,  "end" : 6541 }, 
        {"sofa" : 12,  "begin" : 6542,  "end" : 6546 }, 
        {"sofa" : 12,  "begin" : 6546,  "end" : 6547 }, 
        {"sofa" : 12,  "begin" : 6547,  "end" : 6548 }, 
        {"sofa" : 12,  "begin" : 6549,  "end" : 6553 }, 
        {"sofa" : 12,  "begin" : 6554,  "end" : 6556 }, 
        {"sofa" : 12,  "begin" : 6556,  "end" : 6557 }, 
        {"sofa" : 12,  "begin" : 6558,  "end" : 6566 }, 
        {"sofa" : 12,  "begin" : 6566,  "end" : 6567 }, 
        {"sofa" : 12,  "begin" : 6568,  "end" : 6569 }, 
        {"sofa" : 12,  "begin" : 6569,  "end" : 6572 }, 
        {"sofa" : 12,  "begin" : 6573,  "end" : 6577 }, 
        {"sofa" : 12,  "begin" : 6578,  "end" : 6584 }, 
        {"sofa" : 12,  "begin" : 6585,  "end" : 6587 }, 
        {"sofa" : 12,  "begin" : 6588,  "end" : 6594 }, 
        {"sofa" : 12,  "begin" : 6595,  "end" : 6598 }, 
        {"sofa" : 12,  "begin" : 6599,  "end" : 6602 }, 
        {"sofa" : 12,  "begin" : 6603,  "end" : 6606 }, 
        {"sofa" : 12,  "begin" : 6607,  "end" : 6610 }, 
        {"sofa" : 12,  "begin" : 6611,  "end" : 6618 }, 
        {"sofa" : 12,  "begin" : 6619,  "end" : 6625 }, 
        {"sofa" : 12,  "begin" : 6626,  "end" : 6631 }, 
        {"sofa" : 12,  "begin" : 6632,  "end" : 6634 }, 
        {"sofa" : 12,  "begin" : 6635,  "end" : 6638 }, 
        {"sofa" : 12,  "begin" : 6639,  "end" : 6642 }, 
        {"sofa" : 12,  "begin" : 6643,  "end" : 6650 }, 
        {"sofa" : 12,  "begin" : 6650,  "end" : 6651 }, 
        {"sofa" : 12,  "begin" : 6652,  "end" : 6655 }, 
        {"sofa" : 12,  "begin" : 6656,  "end" : 6660 }, 
        {"sofa" : 12,  "begin" : 6661,  "end" : 6664 }, 
        {"sofa" : 12,  "begin" : 6665,  "end" : 6668 }, 
        {"sofa" : 12,  "begin" : 6669,  "end" : 6671 }, 
        {"sofa" : 12,  "begin" : 6672,  "end" : 6675 }, 
        {"sofa" : 12,  "begin" : 6676,  "end" : 6681 }, 
        {"sofa" : 12,  "begin" : 6682,  "end" : 6685 }, 
        {"sofa" : 12,  "begin" : 6686,  "end" : 6699 }, 
        {"sofa" : 12,  "begin" : 6699,  "end" : 6700 }, 
        {"sofa" : 12,  "begin" : 6700,  "end" : 6701 } ], 
      "Persuasive_Labels" : [
        {"sofa" : 12,  "begin" : 196,  "end" : 259,  "DistinctiveLinguisticFeatures" : "title of article" }, 
        {"sofa" : 12,  "begin" : 196,  "end" : 259,  "DistinctiveLinguisticFeatures" : "distinctive linguistic features" }, 
        {"sofa" : 12,  "begin" : 450,  "end" : 469,  "EstablishingLegitimacy" : "Establishing Legitimacy" }, 
        {"sofa" : 12,  "begin" : 450,  "end" : 469,  "EstablishingLegitimacy" : "citing source to establish legitimacy_source verified to not be credible in this context" }, 
        {"sofa" : 12,  "begin" : 705,  "end" : 875,  "ExploitingSciencesLimitations" : "Exploiting Science’s Limitations" }, 
        {"sofa" : 12,  "begin" : 996,  "end" : 1047,  "EstablishingLegitimacy" : "Establishing Legitimacy" }, 
        {"sofa" : 12,  "begin" : 996,  "end" : 1047,  "EstablishingLegitimacy" : "citing source to establish legitimacy_source verified to not be credible in this context" }, 
        {"sofa" : 12,  "begin" : 1048,  "end" : 1126,  "DistrustingGovernmentorPharmaceuticalCompanies" : "distrusting government or pharmaceutical companies" }, 
        {"sofa" : 12,  "begin" : 1216,  "end" : 1383,  "DistrustingGovernmentorPharmaceuticalCompanies" : "financial motivation" }, 
        {"sofa" : 12,  "begin" : 1216,  "end" : 1383,  "DistrustingGovernmentorPharmaceuticalCompanies" : "distrusting government or pharmaceutical companies" }, 
        {"sofa" : 12,  "begin" : 1607,  "end" : 1681,  "PoliticizingHealthIssues" : "freedom of choice and agency" }, 
        {"sofa" : 12,  "begin" : 1607,  "end" : 1681,  "PoliticizingHealthIssues" : "politicizing health issues" }, 
        {"sofa" : 12,  "begin" : 1958,  "end" : 2183,  "ExploitingSciencesLimitations" : "Exploiting Science’s Limitations" }, 
        {"sofa" : 12,  "begin" : 2570,  "end" : 2694,  "InappropriateUseofScientificEvidence" : "claims without evidence" }, 
        {"sofa" : 12,  "begin" : 2570,  "end" : 2694,  "InappropriateUseofScientificEvidence" : "inappropriate use of scientific evidence" }, 
        {"sofa" : 12,  "begin" : 3352,  "end" : 3384,  "EstablishingLegitimacy" : "Establishing Legitimacy" }, 
        {"sofa" : 12,  "begin" : 3352,  "end" : 3384,  "EstablishingLegitimacy" : "surface credibility markers - simply claiming authority or credibility" }, 
        {"sofa" : 12,  "begin" : 3511,  "end" : 3547,  "EstablishingLegitimacy" : "Establishing Legitimacy" }, 
        {"sofa" : 12,  "begin" : 3511,  "end" : 3547,  "EstablishingLegitimacy" : "surface credibility markers - simply claiming authority or credibility" }, 
        {"sofa" : 12,  "begin" : 3548,  "end" : 3639,  "HighlightingUncertaintyandRisk" : "Highlighting Uncertainty and Risk" }, 
        {"sofa" : 12,  "begin" : 3675,  "end" : 3756,  "EstablishingLegitimacy" : "Establishing Legitimacy" }, 
        {"sofa" : 12,  "begin" : 3675,  "end" : 3756,  "EstablishingLegitimacy" : "citing source to establish legitimacy_source not verified" }, 
        {"sofa" : 12,  "begin" : 4143,  "end" : 4172,  "EstablishingLegitimacy" : "Establishing Legitimacy" }, 
        {"sofa" : 12,  "begin" : 4143,  "end" : 4172,  "EstablishingLegitimacy" : "citing source to establish legitimacy_source not verified" }, 
        {"sofa" : 12,  "begin" : 4440,  "end" : 4468,  "EstablishingLegitimacy" : "Establishing Legitimacy" }, 
        {"sofa" : 12,  "begin" : 4440,  "end" : 4468,  "EstablishingLegitimacy" : "surface credibility markers - simply claiming authority or credibility" }, 
        {"sofa" : 12,  "begin" : 4808,  "end" : 4874,  "HighlightingUncertaintyandRisk" : "Highlighting Uncertainty and Risk" }, 
        {"sofa" : 12,  "begin" : 5468,  "end" : 5619,  "HighlightingUncertaintyandRisk" : "Highlighting Uncertainty and Risk" }, 
        {"sofa" : 12,  "begin" : 5520,  "end" : 5537,  "EstablishingLegitimacy" : "Establishing Legitimacy" }, 
        {"sofa" : 12,  "begin" : 5520,  "end" : 5537,  "EstablishingLegitimacy" : "citing source to establish legitimacy_source not verified" }, 
        {"sofa" : 12,  "begin" : 5620,  "end" : 5640,  "EstablishingLegitimacy" : "Establishing Legitimacy" }, 
        {"sofa" : 12,  "begin" : 5620,  "end" : 5640,  "EstablishingLegitimacy" : "surface credibility markers - simply claiming authority or credibility" }, 
        {"sofa" : 12,  "begin" : 5790,  "end" : 5809,  "RhetoricalTricks" : "exaggeration" }, 
        {"sofa" : 12,  "begin" : 5790,  "end" : 5809,  "RhetoricalTricks" : "rhetorical tricks" }, 
        {"sofa" : 12,  "begin" : 5842,  "end" : 6013,  "BiasedReasoningtoMakeaConclusion" : "inappropriate analogy or false connection" }, 
        {"sofa" : 12,  "begin" : 5842,  "end" : 6013,  "BiasedReasoningtoMakeaConclusion" : "biased reasoning to make a conclusion" }, 
        {"sofa" : 12,  "begin" : 6018,  "end" : 6061,  "EstablishingLegitimacy" : "Establishing Legitimacy" }, 
        {"sofa" : 12,  "begin" : 6018,  "end" : 6061,  "EstablishingLegitimacy" : "legitimate persuasive techniques: rhetorical question" }, 
        {"sofa" : 12,  "begin" : 6062,  "end" : 6152,  "DistrustingGovernmentorPharmaceuticalCompanies" : "financial motivation" }, 
        {"sofa" : 12,  "begin" : 6062,  "end" : 6152,  "DistrustingGovernmentorPharmaceuticalCompanies" : "distrusting government or pharmaceutical companies" }, 
        {"sofa" : 12,  "begin" : 6086,  "end" : 6104,  "EstablishingLegitimacy" : "Establishing Legitimacy" }, 
        {"sofa" : 12,  "begin" : 6086,  "end" : 6104,  "EstablishingLegitimacy" : "citing source to establish legitimacy_source not verified" }, 
        {"sofa" : 12,  "begin" : 6365,  "end" : 6383,  "EstablishingLegitimacy" : "Establishing Legitimacy" }, 
        {"sofa" : 12,  "begin" : 6365,  "end" : 6383,  "EstablishingLegitimacy" : "citing source to establish legitimacy_source not verified" }, 
        {"sofa" : 12,  "begin" : 6549,  "end" : 6567,  "EstablishingLegitimacy" : "Establishing Legitimacy" }, 
        {"sofa" : 12,  "begin" : 6549,  "end" : 6567,  "EstablishingLegitimacy" : "citing source to establish legitimacy_source not verified" }, 
        {"sofa" : 12,  "begin" : 6568,  "end" : 6701,  "HighlightingUncertaintyandRisk" : "Highlighting Uncertainty and Risk" } ] } }, 
  "_referenced_fss" : {
    "12" : {"_type" : "Sofa",  "sofaNum" : 1,  "sofaID" : "_InitialView",  "mimeType" : "text",  "sofaString" : "﻿snes-01852 Johns Hopkins Scientist Exposes Flu Vaccine Danger?\r\nOriginal source https://archive.ph/wgQXj \r\nFact checking: https://www.snopes.com/fact-check/flu-vaccine-dangers/\r\nActual content:\r\nJohns Hopkins Scientist Reveals Shocking Report on Flu Vaccines by SYLVIA BOOTH HUBBARD\r\nOCT 17 • VACCINES • 35197 VIEWS • 401 COMMENTS\r\nA Johns Hopkins scientist has issued a blistering report on influenza vaccines in the British Medical Journal (BMJ). Peter Doshi, Ph.D., charges that although the vaccines are being pushed on the public in unprecedented numbers, they are less effective and cause more side effects than alleged by the Centers for Disease Control and Prevention (CDC). Further, says Doshi, the studies that underlie the CDC's policy of encouraging most people to get a yearly flu shot are often low quality studies that do not substantiate the official claims.\r\n \r\nPromoting influenza vaccines is one of the most visible and aggressive public health policies in the United States, says Doshi of the Johns Hopkins School of Medicine. Drug companies and public officials press for widespread vaccination each fall, offering vaccinations in drugstores and supermarkets. The results have been phenomenal. Only 20 years ago, 32 million doses of influenza vaccine were available in the United States on an annual basis. Today, the total has skyrocketed to 135 million doses.\r\n \r\n\"The vaccine may be less beneficial and less safe than has been claimed, and the threat of influenza seems to be overstated,\" Doshi says. Mandatory vaccination polices have been enacted, often in healthcare facilities, forcing some people to take the vaccine under threat of losing their jobs.\r\n \r\nThe main assertion of the CDC that fuels the push for flu vaccines each year is that influenza comes with a risk of serious complications which can cause death, especially in senior citizens and those suffering from chronic illnesses. That's not the case, said Doshi.\r\n \r\nWhen read carefully, the CDC acknowledges that studies finding any perceived reduction in death rates may be due to the \"healthy-user effect\" - the tendency for healthier people to be vaccinated more than less-healthy people. The only randomized trial of influenza vaccine in older people found no decrease in deaths. \"This means that influenza vaccines are approved for use in older people despite any clinical trials demonstrating a reduction in serious outcomes,\" says Doshi.\r\n \r\nEven when the vaccine is closely matched to the type of influenza that's prevalent, which doesn't happen every year, randomized, controlled trials of healthy adults found that vaccinating between 33 and 100 people resulted in one less case of influenza. In addition, says Doshi, no evidence exists to show that this reduction in the risk of influenza for a specific population - here in the United States, among healthy adults, for example - extrapolates into any reduced risk of serious complications from influenza, such as hospitalizations or deaths, among seniors.\r\n \r\n\"For most people, and possibly most doctors, officials need only claim that vaccines save lives, and it is assumed there must be solid research behind it,\" says Doshi. Unfortunately, that's not the case, he says.\r\n\r\nAlthough the CDC  implies that flu vaccines are safe and there's no need to weigh benefits against risk, Doshi disagrees. He points to an Australian study that found one in every 110 children under the age of five had convulsions following vaccinations in 2009 for H1N1 influenza. Additional investigations found that the H1N1 vaccine was also associated with a spike in cases of narcolepsy among adolescents.\r\n \r\nDoshi's concerns echo those of Dr. Russell Blaylock, a neurosurgeon and author of \"The Blaylock Wellness Report\" who has deep concerns over the safety and efficacy of the flu vaccine.\r\n\r\n\r\nNot only is the vaccine not safe, Dr. Blaylock tells Newsmax Health, it doesn't even work. \"The vaccine is completely worthless, and the government knows it,\" he says. \"There are three reasons the government tells the elderly why they should get flu shots: secondary pneumonia, hospitalization, and death. Yet a study by the Cochrane group studied hundreds of thousands of people and found it offered zero protection for those three things in the general community. It offered people in nursing homes some immunity against the flu - at best one-third - but that was only if they picked the right vaccine.\"\r\nA study released in February found that the flu shot was only 9 percent effective in protecting seniors against the 2012-2013 season's most virulent influenza bug.\r\nWhat's even worse is that small children who are given the flu vaccine get no protection from the disease. \"The government also says that every baby over the age of six months should have a vaccine, and they know it contains a dose of mercury that is toxic to the brain,\" says Dr. Blaylock. \"They also know the studies have shown that the flu vaccine has zero - zero - effectiveness in children under five.\"\r\n \r\nFor most people, says Dr. Blaylock, flu vaccines don't prevent the flu but actually increase the odds of getting it. The mercury contained in vaccines is such a strong immune depressant that a flu shot suppresses immunity for several weeks. \"This makes people highly susceptible to catching the flu,\" he says. \"They may even think the vaccine gave them the flu, but that's not true - it depressed their immune system and then they caught the flu.\"\r\n\r\nMercury overstimulates the brain for several years, says Dr. Blaylock, and that activation is the cause of Alzheimer's and other degenerative diseases. One study found that those who get the flu vaccine for three to five years increase their risk of Alzheimer's disease 10-fold.\r\nDoshi asserts that influenza is a case of \"disease mongering\" in an effort to expand markets. He points to the fact that deaths from flu declined sharply during the middle of the 20th century, long before the huge vaccine campaigns that kicked off the 21st century.\r\n \r\nWhy do drug companies push the flu vaccine? \"It's all about money,\" says Dr. Blaylock. \"Vaccines are a pharmaceutical company's dream. They have a product that both the government and the media will help them sell, and since vaccines are protected, they can't be sued if anyone has a complication.\"\r\n \r\nDoshi's article \"is a breath of fresh air,\" says Dr. Blaylock. \"This article exposes in well-defined and articulate terms what has been known for a long time - the flu vaccine promotion is a fraud.\r\n \r\n\"Here's the bottom line,\" says Dr. Blaylock. \"The vast number of people who get the flu vaccine aren't going to get any benefit, but they get all of the risks and complications.\"\r\n\r\n\r\n\r\n" } } }