{"_context" : {
    "_types" : {
      "DocumentMetaData" : {
        "_feature_types" : {"sofa" : "_ref" } }, 
      "Persuasive_Labels" : {
        "_feature_types" : {"sofa" : "_ref" } }, 
      "Sentence" : {
        "_feature_types" : {"sofa" : "_ref" } }, 
      "Sofa" : {
        "_feature_types" : {"sofaArray" : "_ref" } }, 
      "TagsetDescription" : {
        "_feature_types" : {"sofa" : "_ref",  "tags" : "_ref" } }, 
      "Token" : {
        "_feature_types" : {"sofa" : "_ref",  "parent" : "_ref",  "lemma" : "_ref",  "stem" : "_ref",  "pos" : "_ref",  "morph" : "_ref",  "form" : "_ref" } }, 
      "DocumentAnnotation" : {
        "_feature_types" : {"sofa" : "_ref" }, 
        "_subtypes" : ["DocumentMetaData" ] }, 
      "Annotation" : {
        "_feature_types" : {"sofa" : "_ref" }, 
        "_subtypes" : ["DocumentAnnotation",  "Persuasive_Labels",  "Sentence",  "TagsetDescription",  "Token" ] }, 
      "AnnotationBase" : {
        "_feature_types" : {"sofa" : "_ref" }, 
        "_subtypes" : ["Annotation" ] }, 
      "TOP" : {
        "_subtypes" : ["AnnotationBase",  "Sofa" ] } } }, 
  "_views" : {
    "_InitialView" : {
      "DocumentMetaData" : [
        {"sofa" : 12,  "end" : 521,  "language" : "x-unspecified",  "documentTitle" : "215.%20snes-02900%20A%20cook%20attempted%20to%20poison%20George%20Washington%20by%20feeding%20him%20tomatoes.txt",  "documentId" : "admin",  "documentUri" : "file:/C:/Users/huiyi/.webanno/repository/project/4/document/610/source/admin",  "collectionId" : "file:/C:/Users/huiyi/.webanno/repository/project/4/document/610/source/",  "documentBaseUri" : "file:/C:/Users/huiyi/.webanno/repository/project/4/document/610/source/",  "isLastSegment" : false } ], 
      "TagsetDescription" : [
        {"sofa" : 12,  "layer" : "de.tudarmstadt.ukp.dkpro.core.api.syntax.type.dependency.Dependency",  "name" : "UD Universal Dependencies (v2)",  "input" : false }, 
        {"sofa" : 12,  "layer" : "de.tudarmstadt.ukp.dkpro.core.api.ner.type.NamedEntity",  "name" : "Named Entity tags",  "input" : false }, 
        {"sofa" : 12,  "layer" : "de.tudarmstadt.ukp.dkpro.core.api.transform.type.SofaChangeAnnotation",  "name" : "Operation",  "input" : false }, 
        {"sofa" : 12,  "layer" : "de.tudarmstadt.ukp.dkpro.core.api.lexmorph.type.pos.POS",  "name" : "UD Universal POS tags (v2)",  "input" : false }, 
        {"sofa" : 12,  "layer" : "webanno.custom.Persuasive_Labels",  "name" : "2. Using Anecdotes and Personal Experience as Evidence",  "input" : false } ], 
      "Sentence" : [
        {"sofa" : 12,  "end" : 81 }, 
        {"sofa" : 12,  "begin" : 83,  "end" : 322 }, 
        {"sofa" : 12,  "begin" : 323,  "end" : 472 }, 
        {"sofa" : 12,  "begin" : 473,  "end" : 519 } ], 
      "Token" : [
        {"sofa" : 12,  "end" : 5 }, 
        {"sofa" : 12,  "begin" : 5,  "end" : 6 }, 
        {"sofa" : 12,  "begin" : 6,  "end" : 11 }, 
        {"sofa" : 12,  "begin" : 12,  "end" : 13 }, 
        {"sofa" : 12,  "begin" : 14,  "end" : 18 }, 
        {"sofa" : 12,  "begin" : 19,  "end" : 28 }, 
        {"sofa" : 12,  "begin" : 29,  "end" : 31 }, 
        {"sofa" : 12,  "begin" : 32,  "end" : 38 }, 
        {"sofa" : 12,  "begin" : 39,  "end" : 45 }, 
        {"sofa" : 12,  "begin" : 46,  "end" : 56 }, 
        {"sofa" : 12,  "begin" : 57,  "end" : 59 }, 
        {"sofa" : 12,  "begin" : 60,  "end" : 67 }, 
        {"sofa" : 12,  "begin" : 68,  "end" : 71 }, 
        {"sofa" : 12,  "begin" : 72,  "end" : 80 }, 
        {"sofa" : 12,  "begin" : 80,  "end" : 81 }, 
        {"sofa" : 12,  "begin" : 83,  "end" : 89 }, 
        {"sofa" : 12,  "begin" : 89,  "end" : 90 }, 
        {"sofa" : 12,  "begin" : 91,  "end" : 96 }, 
        {"sofa" : 12,  "begin" : 96,  "end" : 97 }, 
        {"sofa" : 12,  "begin" : 97,  "end" : 98 }, 
        {"sofa" : 12,  "begin" : 98,  "end" : 99 }, 
        {"sofa" : 12,  "begin" : 99,  "end" : 113 }, 
        {"sofa" : 12,  "begin" : 113,  "end" : 114 }, 
        {"sofa" : 12,  "begin" : 114,  "end" : 124 }, 
        {"sofa" : 12,  "begin" : 124,  "end" : 125 }, 
        {"sofa" : 12,  "begin" : 125,  "end" : 134 }, 
        {"sofa" : 12,  "begin" : 134,  "end" : 135 }, 
        {"sofa" : 12,  "begin" : 138,  "end" : 142 }, 
        {"sofa" : 12,  "begin" : 143,  "end" : 151 }, 
        {"sofa" : 12,  "begin" : 151,  "end" : 152 }, 
        {"sofa" : 12,  "begin" : 153,  "end" : 158 }, 
        {"sofa" : 12,  "begin" : 158,  "end" : 159 }, 
        {"sofa" : 12,  "begin" : 159,  "end" : 160 }, 
        {"sofa" : 12,  "begin" : 160,  "end" : 161 }, 
        {"sofa" : 12,  "begin" : 161,  "end" : 175 }, 
        {"sofa" : 12,  "begin" : 175,  "end" : 176 }, 
        {"sofa" : 12,  "begin" : 176,  "end" : 186 }, 
        {"sofa" : 12,  "begin" : 186,  "end" : 187 }, 
        {"sofa" : 12,  "begin" : 187,  "end" : 196 }, 
        {"sofa" : 12,  "begin" : 196,  "end" : 197 }, 
        {"sofa" : 12,  "begin" : 200,  "end" : 206 }, 
        {"sofa" : 12,  "begin" : 207,  "end" : 214 }, 
        {"sofa" : 12,  "begin" : 214,  "end" : 215 }, 
        {"sofa" : 12,  "begin" : 218,  "end" : 219 }, 
        {"sofa" : 12,  "begin" : 220,  "end" : 228 }, 
        {"sofa" : 12,  "begin" : 229,  "end" : 232 }, 
        {"sofa" : 12,  "begin" : 233,  "end" : 235 }, 
        {"sofa" : 12,  "begin" : 236,  "end" : 238 }, 
        {"sofa" : 12,  "begin" : 239,  "end" : 245 }, 
        {"sofa" : 12,  "begin" : 246,  "end" : 250 }, 
        {"sofa" : 12,  "begin" : 251,  "end" : 258 }, 
        {"sofa" : 12,  "begin" : 259,  "end" : 267 }, 
        {"sofa" : 12,  "begin" : 268,  "end" : 275 }, 
        {"sofa" : 12,  "begin" : 276,  "end" : 278 }, 
        {"sofa" : 12,  "begin" : 279,  "end" : 280 }, 
        {"sofa" : 12,  "begin" : 281,  "end" : 288 }, 
        {"sofa" : 12,  "begin" : 289,  "end" : 293 }, 
        {"sofa" : 12,  "begin" : 294,  "end" : 296 }, 
        {"sofa" : 12,  "begin" : 297,  "end" : 303 }, 
        {"sofa" : 12,  "begin" : 304,  "end" : 316 }, 
        {"sofa" : 12,  "begin" : 317,  "end" : 321 }, 
        {"sofa" : 12,  "begin" : 321,  "end" : 322 }, 
        {"sofa" : 12,  "begin" : 323,  "end" : 326 }, 
        {"sofa" : 12,  "begin" : 327,  "end" : 333 }, 
        {"sofa" : 12,  "begin" : 334,  "end" : 336 }, 
        {"sofa" : 12,  "begin" : 337,  "end" : 340 }, 
        {"sofa" : 12,  "begin" : 341,  "end" : 345 }, 
        {"sofa" : 12,  "begin" : 346,  "end" : 350 }, 
        {"sofa" : 12,  "begin" : 351,  "end" : 353 }, 
        {"sofa" : 12,  "begin" : 354,  "end" : 359 }, 
        {"sofa" : 12,  "begin" : 360,  "end" : 363 }, 
        {"sofa" : 12,  "begin" : 364,  "end" : 371 }, 
        {"sofa" : 12,  "begin" : 372,  "end" : 384 }, 
        {"sofa" : 12,  "begin" : 385,  "end" : 392 }, 
        {"sofa" : 12,  "begin" : 393,  "end" : 400 }, 
        {"sofa" : 12,  "begin" : 401,  "end" : 404 }, 
        {"sofa" : 12,  "begin" : 405,  "end" : 412 }, 
        {"sofa" : 12,  "begin" : 413,  "end" : 416 }, 
        {"sofa" : 12,  "begin" : 417,  "end" : 420 }, 
        {"sofa" : 12,  "begin" : 421,  "end" : 430 }, 
        {"sofa" : 12,  "begin" : 431,  "end" : 438 }, 
        {"sofa" : 12,  "begin" : 439,  "end" : 441 }, 
        {"sofa" : 12,  "begin" : 442,  "end" : 448 }, 
        {"sofa" : 12,  "begin" : 449,  "end" : 452 }, 
        {"sofa" : 12,  "begin" : 452,  "end" : 453 }, 
        {"sofa" : 12,  "begin" : 454,  "end" : 458 }, 
        {"sofa" : 12,  "begin" : 459,  "end" : 463 }, 
        {"sofa" : 12,  "begin" : 464,  "end" : 471 }, 
        {"sofa" : 12,  "begin" : 471,  "end" : 472 }, 
        {"sofa" : 12,  "begin" : 473,  "end" : 476 }, 
        {"sofa" : 12,  "begin" : 477,  "end" : 483 }, 
        {"sofa" : 12,  "begin" : 484,  "end" : 486 }, 
        {"sofa" : 12,  "begin" : 487,  "end" : 491 }, 
        {"sofa" : 12,  "begin" : 492,  "end" : 494 }, 
        {"sofa" : 12,  "begin" : 495,  "end" : 505 }, 
        {"sofa" : 12,  "begin" : 506,  "end" : 509 }, 
        {"sofa" : 12,  "begin" : 510,  "end" : 511 }, 
        {"sofa" : 12,  "begin" : 512,  "end" : 518 }, 
        {"sofa" : 12,  "begin" : 518,  "end" : 519 } ], 
      "Persuasive_Labels" : [
        {"sofa" : 12,  "begin" : 218,  "end" : 519,  "UsingAnecdotesandPersonalExperienceasEvidence" : "Using Anecdotes and Personal Experience as Evidence" } ] } }, 
  "_referenced_fss" : {
    "12" : {"_type" : "Sofa",  "sofaNum" : 1,  "sofaID" : "_InitialView",  "mimeType" : "text",  "sofaString" : "﻿snes-02900 A cook attempted to poison George Washington by feeding him tomatoes.\r\nSource: https://www.snopes.com/fact-check/red-death/ \r\nFact checking: https://www.snopes.com/fact-check/red-death/ \r\nActual content: \r\nI remember one of my junior high history teachers reading us a suicide note by George Washington's cook. The author of the note said he could not forgive Washington's treason against the British and had therefore decided to poison him, then kill himself. The poison he used on Washington was a tomato.\r\n" } } }