{"_context" : {
    "_types" : {
      "DocumentMetaData" : {
        "_feature_types" : {"sofa" : "_ref" } }, 
      "Persuasive_Labels" : {
        "_feature_types" : {"sofa" : "_ref" } }, 
      "Sentence" : {
        "_feature_types" : {"sofa" : "_ref" } }, 
      "Sofa" : {
        "_feature_types" : {"sofaArray" : "_ref" } }, 
      "TagsetDescription" : {
        "_feature_types" : {"sofa" : "_ref",  "tags" : "_ref" } }, 
      "Token" : {
        "_feature_types" : {"sofa" : "_ref",  "parent" : "_ref",  "lemma" : "_ref",  "stem" : "_ref",  "pos" : "_ref",  "morph" : "_ref",  "form" : "_ref" } }, 
      "DocumentAnnotation" : {
        "_feature_types" : {"sofa" : "_ref" }, 
        "_subtypes" : ["DocumentMetaData" ] }, 
      "Annotation" : {
        "_feature_types" : {"sofa" : "_ref" }, 
        "_subtypes" : ["DocumentAnnotation",  "Persuasive_Labels",  "Sentence",  "TagsetDescription",  "Token" ] }, 
      "AnnotationBase" : {
        "_feature_types" : {"sofa" : "_ref" }, 
        "_subtypes" : ["Annotation" ] }, 
      "TOP" : {
        "_subtypes" : ["AnnotationBase",  "Sofa" ] } } }, 
  "_views" : {
    "_InitialView" : {
      "DocumentMetaData" : [
        {"sofa" : 12,  "end" : 1259,  "language" : "x-unspecified",  "documentTitle" : "202.%20tron-02278%20Savannah%20Foraker-forward%20emails%20to%20help%20with%20her%20medical%20costs.txt",  "documentId" : "admin",  "documentUri" : "file:/C:/Users/huiyi/.webanno/repository/project/4/document/623/source/admin",  "collectionId" : "file:/C:/Users/huiyi/.webanno/repository/project/4/document/623/source/",  "documentBaseUri" : "file:/C:/Users/huiyi/.webanno/repository/project/4/document/623/source/",  "isLastSegment" : false } ], 
      "TagsetDescription" : [
        {"sofa" : 12,  "layer" : "de.tudarmstadt.ukp.dkpro.core.api.syntax.type.dependency.Dependency",  "name" : "UD Universal Dependencies (v2)",  "input" : false }, 
        {"sofa" : 12,  "layer" : "de.tudarmstadt.ukp.dkpro.core.api.ner.type.NamedEntity",  "name" : "Named Entity tags",  "input" : false }, 
        {"sofa" : 12,  "layer" : "de.tudarmstadt.ukp.dkpro.core.api.transform.type.SofaChangeAnnotation",  "name" : "Operation",  "input" : false }, 
        {"sofa" : 12,  "layer" : "de.tudarmstadt.ukp.dkpro.core.api.lexmorph.type.pos.POS",  "name" : "UD Universal POS tags (v2)",  "input" : false }, 
        {"sofa" : 12,  "layer" : "webanno.custom.Persuasive_Labels",  "name" : "2. Using Anecdotes and Personal Experience as Evidence",  "input" : false } ], 
      "Sentence" : [
        {"sofa" : 12,  "end" : 314 }, 
        {"sofa" : 12,  "begin" : 315,  "end" : 406 }, 
        {"sofa" : 12,  "begin" : 407,  "end" : 554 }, 
        {"sofa" : 12,  "begin" : 556,  "end" : 621 }, 
        {"sofa" : 12,  "begin" : 622,  "end" : 672 }, 
        {"sofa" : 12,  "begin" : 673,  "end" : 766 }, 
        {"sofa" : 12,  "begin" : 768,  "end" : 883 }, 
        {"sofa" : 12,  "begin" : 884,  "end" : 927 }, 
        {"sofa" : 12,  "begin" : 928,  "end" : 985 }, 
        {"sofa" : 12,  "begin" : 986,  "end" : 1185 }, 
        {"sofa" : 12,  "begin" : 1187,  "end" : 1257 } ], 
      "Token" : [
        {"sofa" : 12,  "end" : 5 }, 
        {"sofa" : 12,  "begin" : 5,  "end" : 6 }, 
        {"sofa" : 12,  "begin" : 6,  "end" : 11 }, 
        {"sofa" : 12,  "begin" : 12,  "end" : 20 }, 
        {"sofa" : 12,  "begin" : 21,  "end" : 36 }, 
        {"sofa" : 12,  "begin" : 37,  "end" : 43 }, 
        {"sofa" : 12,  "begin" : 44,  "end" : 46 }, 
        {"sofa" : 12,  "begin" : 47,  "end" : 51 }, 
        {"sofa" : 12,  "begin" : 52,  "end" : 56 }, 
        {"sofa" : 12,  "begin" : 57,  "end" : 60 }, 
        {"sofa" : 12,  "begin" : 61,  "end" : 68 }, 
        {"sofa" : 12,  "begin" : 69,  "end" : 74 }, 
        {"sofa" : 12,  "begin" : 76,  "end" : 82 }, 
        {"sofa" : 12,  "begin" : 82,  "end" : 83 }, 
        {"sofa" : 12,  "begin" : 84,  "end" : 89 }, 
        {"sofa" : 12,  "begin" : 89,  "end" : 90 }, 
        {"sofa" : 12,  "begin" : 90,  "end" : 91 }, 
        {"sofa" : 12,  "begin" : 91,  "end" : 92 }, 
        {"sofa" : 12,  "begin" : 92,  "end" : 106 }, 
        {"sofa" : 12,  "begin" : 106,  "end" : 107 }, 
        {"sofa" : 12,  "begin" : 107,  "end" : 117 }, 
        {"sofa" : 12,  "begin" : 117,  "end" : 118 }, 
        {"sofa" : 12,  "begin" : 118,  "end" : 134 }, 
        {"sofa" : 12,  "begin" : 134,  "end" : 135 }, 
        {"sofa" : 12,  "begin" : 138,  "end" : 142 }, 
        {"sofa" : 12,  "begin" : 143,  "end" : 151 }, 
        {"sofa" : 12,  "begin" : 151,  "end" : 152 }, 
        {"sofa" : 12,  "begin" : 153,  "end" : 158 }, 
        {"sofa" : 12,  "begin" : 158,  "end" : 159 }, 
        {"sofa" : 12,  "begin" : 159,  "end" : 160 }, 
        {"sofa" : 12,  "begin" : 160,  "end" : 161 }, 
        {"sofa" : 12,  "begin" : 161,  "end" : 183 }, 
        {"sofa" : 12,  "begin" : 183,  "end" : 184 }, 
        {"sofa" : 12,  "begin" : 184,  "end" : 198 }, 
        {"sofa" : 12,  "begin" : 198,  "end" : 199 }, 
        {"sofa" : 12,  "begin" : 202,  "end" : 208 }, 
        {"sofa" : 12,  "begin" : 209,  "end" : 216 }, 
        {"sofa" : 12,  "begin" : 216,  "end" : 217 }, 
        {"sofa" : 12,  "begin" : 220,  "end" : 221 }, 
        {"sofa" : 12,  "begin" : 221,  "end" : 230 }, 
        {"sofa" : 12,  "begin" : 231,  "end" : 233 }, 
        {"sofa" : 12,  "begin" : 234,  "end" : 237 }, 
        {"sofa" : 12,  "begin" : 238,  "end" : 246 }, 
        {"sofa" : 12,  "begin" : 246,  "end" : 247 }, 
        {"sofa" : 12,  "begin" : 248,  "end" : 252 }, 
        {"sofa" : 12,  "begin" : 252,  "end" : 253 }, 
        {"sofa" : 12,  "begin" : 255,  "end" : 259 }, 
        {"sofa" : 12,  "begin" : 260,  "end" : 267 }, 
        {"sofa" : 12,  "begin" : 267,  "end" : 268 }, 
        {"sofa" : 12,  "begin" : 270,  "end" : 272 }, 
        {"sofa" : 12,  "begin" : 273,  "end" : 277 }, 
        {"sofa" : 12,  "begin" : 278,  "end" : 280 }, 
        {"sofa" : 12,  "begin" : 281,  "end" : 288 }, 
        {"sofa" : 12,  "begin" : 289,  "end" : 296 }, 
        {"sofa" : 12,  "begin" : 297,  "end" : 301 }, 
        {"sofa" : 12,  "begin" : 302,  "end" : 309 }, 
        {"sofa" : 12,  "begin" : 309,  "end" : 310 }, 
        {"sofa" : 12,  "begin" : 311,  "end" : 313 }, 
        {"sofa" : 12,  "begin" : 313,  "end" : 314 }, 
        {"sofa" : 12,  "begin" : 315,  "end" : 317 }, 
        {"sofa" : 12,  "begin" : 318,  "end" : 326 }, 
        {"sofa" : 12,  "begin" : 327,  "end" : 335 }, 
        {"sofa" : 12,  "begin" : 335,  "end" : 336 }, 
        {"sofa" : 12,  "begin" : 337,  "end" : 345 }, 
        {"sofa" : 12,  "begin" : 345,  "end" : 346 }, 
        {"sofa" : 12,  "begin" : 347,  "end" : 350 }, 
        {"sofa" : 12,  "begin" : 351,  "end" : 360 }, 
        {"sofa" : 12,  "begin" : 361,  "end" : 365 }, 
        {"sofa" : 12,  "begin" : 366,  "end" : 367 }, 
        {"sofa" : 12,  "begin" : 368,  "end" : 372 }, 
        {"sofa" : 12,  "begin" : 373,  "end" : 378 }, 
        {"sofa" : 12,  "begin" : 379,  "end" : 386 }, 
        {"sofa" : 12,  "begin" : 387,  "end" : 389 }, 
        {"sofa" : 12,  "begin" : 390,  "end" : 397 }, 
        {"sofa" : 12,  "begin" : 398,  "end" : 400 }, 
        {"sofa" : 12,  "begin" : 401,  "end" : 405 }, 
        {"sofa" : 12,  "begin" : 405,  "end" : 406 }, 
        {"sofa" : 12,  "begin" : 407,  "end" : 415 }, 
        {"sofa" : 12,  "begin" : 415,  "end" : 416 }, 
        {"sofa" : 12,  "begin" : 417,  "end" : 420 }, 
        {"sofa" : 12,  "begin" : 421,  "end" : 425 }, 
        {"sofa" : 12,  "begin" : 426,  "end" : 430 }, 
        {"sofa" : 12,  "begin" : 431,  "end" : 435 }, 
        {"sofa" : 12,  "begin" : 436,  "end" : 438 }, 
        {"sofa" : 12,  "begin" : 439,  "end" : 447 }, 
        {"sofa" : 12,  "begin" : 448,  "end" : 450 }, 
        {"sofa" : 12,  "begin" : 450,  "end" : 451 }, 
        {"sofa" : 12,  "begin" : 452,  "end" : 454 }, 
        {"sofa" : 12,  "begin" : 455,  "end" : 456 }, 
        {"sofa" : 12,  "begin" : 457,  "end" : 463 }, 
        {"sofa" : 12,  "begin" : 463,  "end" : 464 }, 
        {"sofa" : 12,  "begin" : 465,  "end" : 470 }, 
        {"sofa" : 12,  "begin" : 471,  "end" : 476 }, 
        {"sofa" : 12,  "begin" : 477,  "end" : 481 }, 
        {"sofa" : 12,  "begin" : 482,  "end" : 485 }, 
        {"sofa" : 12,  "begin" : 486,  "end" : 491 }, 
        {"sofa" : 12,  "begin" : 492,  "end" : 500 }, 
        {"sofa" : 12,  "begin" : 501,  "end" : 507 }, 
        {"sofa" : 12,  "begin" : 508,  "end" : 514 }, 
        {"sofa" : 12,  "begin" : 515,  "end" : 518 }, 
        {"sofa" : 12,  "begin" : 519,  "end" : 526 }, 
        {"sofa" : 12,  "begin" : 527,  "end" : 531 }, 
        {"sofa" : 12,  "begin" : 532,  "end" : 535 }, 
        {"sofa" : 12,  "begin" : 536,  "end" : 539 }, 
        {"sofa" : 12,  "begin" : 540,  "end" : 545 }, 
        {"sofa" : 12,  "begin" : 546,  "end" : 553 }, 
        {"sofa" : 12,  "begin" : 553,  "end" : 554 }, 
        {"sofa" : 12,  "begin" : 556,  "end" : 569 }, 
        {"sofa" : 12,  "begin" : 569,  "end" : 570 }, 
        {"sofa" : 12,  "begin" : 571,  "end" : 576 }, 
        {"sofa" : 12,  "begin" : 577,  "end" : 582 }, 
        {"sofa" : 12,  "begin" : 583,  "end" : 587 }, 
        {"sofa" : 12,  "begin" : 588,  "end" : 595 }, 
        {"sofa" : 12,  "begin" : 596,  "end" : 599 }, 
        {"sofa" : 12,  "begin" : 600,  "end" : 602 }, 
        {"sofa" : 12,  "begin" : 603,  "end" : 606 }, 
        {"sofa" : 12,  "begin" : 607,  "end" : 610 }, 
        {"sofa" : 12,  "begin" : 611,  "end" : 616 }, 
        {"sofa" : 12,  "begin" : 617,  "end" : 620 }, 
        {"sofa" : 12,  "begin" : 620,  "end" : 621 }, 
        {"sofa" : 12,  "begin" : 622,  "end" : 625 }, 
        {"sofa" : 12,  "begin" : 626,  "end" : 633 }, 
        {"sofa" : 12,  "begin" : 634,  "end" : 639 }, 
        {"sofa" : 12,  "begin" : 640,  "end" : 644 }, 
        {"sofa" : 12,  "begin" : 645,  "end" : 651 }, 
        {"sofa" : 12,  "begin" : 652,  "end" : 661 }, 
        {"sofa" : 12,  "begin" : 662,  "end" : 671 }, 
        {"sofa" : 12,  "begin" : 671,  "end" : 672 }, 
        {"sofa" : 12,  "begin" : 673,  "end" : 678 }, 
        {"sofa" : 12,  "begin" : 679,  "end" : 684 }, 
        {"sofa" : 12,  "begin" : 685,  "end" : 694 }, 
        {"sofa" : 12,  "begin" : 695,  "end" : 699 }, 
        {"sofa" : 12,  "begin" : 700,  "end" : 708 }, 
        {"sofa" : 12,  "begin" : 709,  "end" : 711 }, 
        {"sofa" : 12,  "begin" : 712,  "end" : 716 }, 
        {"sofa" : 12,  "begin" : 717,  "end" : 718 }, 
        {"sofa" : 12,  "begin" : 718,  "end" : 721 }, 
        {"sofa" : 12,  "begin" : 722,  "end" : 726 }, 
        {"sofa" : 12,  "begin" : 727,  "end" : 730 }, 
        {"sofa" : 12,  "begin" : 731,  "end" : 736 }, 
        {"sofa" : 12,  "begin" : 737,  "end" : 741 }, 
        {"sofa" : 12,  "begin" : 742,  "end" : 746 }, 
        {"sofa" : 12,  "begin" : 747,  "end" : 752 }, 
        {"sofa" : 12,  "begin" : 753,  "end" : 755 }, 
        {"sofa" : 12,  "begin" : 756,  "end" : 765 }, 
        {"sofa" : 12,  "begin" : 765,  "end" : 766 }, 
        {"sofa" : 12,  "begin" : 768,  "end" : 770 }, 
        {"sofa" : 12,  "begin" : 771,  "end" : 774 }, 
        {"sofa" : 12,  "begin" : 775,  "end" : 783 }, 
        {"sofa" : 12,  "begin" : 784,  "end" : 788 }, 
        {"sofa" : 12,  "begin" : 789,  "end" : 799 }, 
        {"sofa" : 12,  "begin" : 800,  "end" : 804 }, 
        {"sofa" : 12,  "begin" : 805,  "end" : 807 }, 
        {"sofa" : 12,  "begin" : 808,  "end" : 816 }, 
        {"sofa" : 12,  "begin" : 817,  "end" : 819 }, 
        {"sofa" : 12,  "begin" : 820,  "end" : 824 }, 
        {"sofa" : 12,  "begin" : 825,  "end" : 829 }, 
        {"sofa" : 12,  "begin" : 830,  "end" : 831 }, 
        {"sofa" : 12,  "begin" : 832,  "end" : 837 }, 
        {"sofa" : 12,  "begin" : 838,  "end" : 845 }, 
        {"sofa" : 12,  "begin" : 846,  "end" : 856 }, 
        {"sofa" : 12,  "begin" : 857,  "end" : 859 }, 
        {"sofa" : 12,  "begin" : 860,  "end" : 862 }, 
        {"sofa" : 12,  "begin" : 863,  "end" : 867 }, 
        {"sofa" : 12,  "begin" : 868,  "end" : 870 }, 
        {"sofa" : 12,  "begin" : 871,  "end" : 873 }, 
        {"sofa" : 12,  "begin" : 874,  "end" : 882 }, 
        {"sofa" : 12,  "begin" : 882,  "end" : 883 }, 
        {"sofa" : 12,  "begin" : 884,  "end" : 888 }, 
        {"sofa" : 12,  "begin" : 889,  "end" : 893 }, 
        {"sofa" : 12,  "begin" : 894,  "end" : 899 }, 
        {"sofa" : 12,  "begin" : 900,  "end" : 905 }, 
        {"sofa" : 12,  "begin" : 906,  "end" : 912 }, 
        {"sofa" : 12,  "begin" : 913,  "end" : 917 }, 
        {"sofa" : 12,  "begin" : 918,  "end" : 921 }, 
        {"sofa" : 12,  "begin" : 922,  "end" : 926 }, 
        {"sofa" : 12,  "begin" : 926,  "end" : 927 }, 
        {"sofa" : 12,  "begin" : 928,  "end" : 934 }, 
        {"sofa" : 12,  "begin" : 935,  "end" : 939 }, 
        {"sofa" : 12,  "begin" : 940,  "end" : 941 }, 
        {"sofa" : 12,  "begin" : 942,  "end" : 945 }, 
        {"sofa" : 12,  "begin" : 946,  "end" : 953 }, 
        {"sofa" : 12,  "begin" : 954,  "end" : 956 }, 
        {"sofa" : 12,  "begin" : 957,  "end" : 961 }, 
        {"sofa" : 12,  "begin" : 962,  "end" : 964 }, 
        {"sofa" : 12,  "begin" : 965,  "end" : 967 }, 
        {"sofa" : 12,  "begin" : 968,  "end" : 971 }, 
        {"sofa" : 12,  "begin" : 972,  "end" : 976 }, 
        {"sofa" : 12,  "begin" : 977,  "end" : 979 }, 
        {"sofa" : 12,  "begin" : 980,  "end" : 984 }, 
        {"sofa" : 12,  "begin" : 984,  "end" : 985 }, 
        {"sofa" : 12,  "begin" : 986,  "end" : 987 }, 
        {"sofa" : 12,  "begin" : 988,  "end" : 992 }, 
        {"sofa" : 12,  "begin" : 993,  "end" : 996 }, 
        {"sofa" : 12,  "begin" : 997,  "end" : 1001 }, 
        {"sofa" : 12,  "begin" : 1002,  "end" : 1004 }, 
        {"sofa" : 12,  "begin" : 1005,  "end" : 1010 }, 
        {"sofa" : 12,  "begin" : 1011,  "end" : 1013 }, 
        {"sofa" : 12,  "begin" : 1014,  "end" : 1020 }, 
        {"sofa" : 12,  "begin" : 1021,  "end" : 1024 }, 
        {"sofa" : 12,  "begin" : 1025,  "end" : 1026 }, 
        {"sofa" : 12,  "begin" : 1027,  "end" : 1031 }, 
        {"sofa" : 12,  "begin" : 1032,  "end" : 1035 }, 
        {"sofa" : 12,  "begin" : 1036,  "end" : 1038 }, 
        {"sofa" : 12,  "begin" : 1039,  "end" : 1043 }, 
        {"sofa" : 12,  "begin" : 1044,  "end" : 1048 }, 
        {"sofa" : 12,  "begin" : 1049,  "end" : 1053 }, 
        {"sofa" : 12,  "begin" : 1054,  "end" : 1060 }, 
        {"sofa" : 12,  "begin" : 1061,  "end" : 1065 }, 
        {"sofa" : 12,  "begin" : 1065,  "end" : 1066 }, 
        {"sofa" : 12,  "begin" : 1067,  "end" : 1069 }, 
        {"sofa" : 12,  "begin" : 1070,  "end" : 1073 }, 
        {"sofa" : 12,  "begin" : 1074,  "end" : 1079 }, 
        {"sofa" : 12,  "begin" : 1080,  "end" : 1084 }, 
        {"sofa" : 12,  "begin" : 1085,  "end" : 1087 }, 
        {"sofa" : 12,  "begin" : 1088,  "end" : 1095 }, 
        {"sofa" : 12,  "begin" : 1096,  "end" : 1098 }, 
        {"sofa" : 12,  "begin" : 1098,  "end" : 1099 }, 
        {"sofa" : 12,  "begin" : 1100,  "end" : 1103 }, 
        {"sofa" : 12,  "begin" : 1104,  "end" : 1110 }, 
        {"sofa" : 12,  "begin" : 1111,  "end" : 1118 }, 
        {"sofa" : 12,  "begin" : 1119,  "end" : 1121 }, 
        {"sofa" : 12,  "begin" : 1121,  "end" : 1122 }, 
        {"sofa" : 12,  "begin" : 1123,  "end" : 1124 }, 
        {"sofa" : 12,  "begin" : 1124,  "end" : 1135 }, 
        {"sofa" : 12,  "begin" : 1135,  "end" : 1136 }, 
        {"sofa" : 12,  "begin" : 1136,  "end" : 1145 }, 
        {"sofa" : 12,  "begin" : 1145,  "end" : 1146 }, 
        {"sofa" : 12,  "begin" : 1148,  "end" : 1154 }, 
        {"sofa" : 12,  "begin" : 1155,  "end" : 1159 }, 
        {"sofa" : 12,  "begin" : 1160,  "end" : 1161 }, 
        {"sofa" : 12,  "begin" : 1162,  "end" : 1167 }, 
        {"sofa" : 12,  "begin" : 1168,  "end" : 1171 }, 
        {"sofa" : 12,  "begin" : 1172,  "end" : 1179 }, 
        {"sofa" : 12,  "begin" : 1180,  "end" : 1184 }, 
        {"sofa" : 12,  "begin" : 1184,  "end" : 1185 }, 
        {"sofa" : 12,  "begin" : 1187,  "end" : 1192 }, 
        {"sofa" : 12,  "begin" : 1193,  "end" : 1196 }, 
        {"sofa" : 12,  "begin" : 1196,  "end" : 1197 }, 
        {"sofa" : 12,  "begin" : 1199,  "end" : 1202 }, 
        {"sofa" : 12,  "begin" : 1203,  "end" : 1211 }, 
        {"sofa" : 12,  "begin" : 1213,  "end" : 1217 }, 
        {"sofa" : 12,  "begin" : 1217,  "end" : 1218 }, 
        {"sofa" : 12,  "begin" : 1219,  "end" : 1226 }, 
        {"sofa" : 12,  "begin" : 1226,  "end" : 1227 }, 
        {"sofa" : 12,  "begin" : 1228,  "end" : 1236 }, 
        {"sofa" : 12,  "begin" : 1236,  "end" : 1237 }, 
        {"sofa" : 12,  "begin" : 1238,  "end" : 1243 }, 
        {"sofa" : 12,  "begin" : 1243,  "end" : 1244 }, 
        {"sofa" : 12,  "begin" : 1245,  "end" : 1248 }, 
        {"sofa" : 12,  "begin" : 1249,  "end" : 1257 } ], 
      "Persuasive_Labels" : [
        {"sofa" : 12,  "begin" : 270,  "end" : 766,  "FabricatingNarrativewithDetails" : "Narrative with Details" }, 
        {"sofa" : 12,  "begin" : 270,  "end" : 766,  "FabricatingNarrativewithDetails" : "Narrative with details_verified to be false" }, 
        {"sofa" : 12,  "begin" : 768,  "end" : 883,  "EstablishingLegitimacy" : "Establishing Legitimacy" }, 
        {"sofa" : 12,  "begin" : 768,  "end" : 883,  "EstablishingLegitimacy" : "Call to action" }, 
        {"sofa" : 12,  "begin" : 884,  "end" : 927,  "EmotionalAppeals" : "emotional appeals" }, 
        {"sofa" : 12,  "begin" : 884,  "end" : 927,  "EmotionalAppeals" : "hope" }, 
        {"sofa" : 12,  "begin" : 986,  "end" : 1185,  "EstablishingLegitimacy" : "Establishing Legitimacy" }, 
        {"sofa" : 12,  "begin" : 986,  "end" : 1185,  "EstablishingLegitimacy" : "Call to action" } ] } }, 
  "_referenced_fss" : {
    "12" : {"_type" : "Sofa",  "sofaNum" : 1,  "sofaID" : "_InitialView",  "mimeType" : "text",  "sofaString" : "﻿tron-02278 Savannah Foraker-forward emails to help with her medical costs\r\nSource: https://www.snopes.com/fact-check/savannah-foraker/ \r\nFact checking: https://www.truthorfiction.com/antoniaforaker/ \r\nActual content: \r\n[Collected on the Internet, 1999]\r\nDear Friends,\r\nMy name is Antonia Foraker from Delight, WV. My youngest daughter, Savannah, was diagnosed with a rare blood disease in January of 2000. Savannah, who will turn four on February 29, is a bright, happy young girl who likes watching Sesame Street and playing with her two older sisters.\r\nUnfortunately, there isn't much doctors can do for her right now. Our medical costs have become extremely expensive. Three local companies have promised to give $.05 each for every time this email is forwarded.\r\nIf you wouldn't mind forwarding this to everyone on your list I would greatly appreciate it as well as my daughter. Your good deeds could really save her life. Please take a few seconds to help us in our time of need. I know how many of these go around and I want you to know that they really help, if you would like to contact us, our e-mail address is: <foraker0401@yahoo.com>\r\nPlease have a heart and forward this.\r\nThank you,\r\nThe Forakers\r\nEarl, Antonia, Michaela, Amber, and Savannah\r\n" } } }