{"_context" : {
    "_types" : {
      "DocumentMetaData" : {
        "_feature_types" : {"sofa" : "_ref" } }, 
      "Persuasive_Labels" : {
        "_feature_types" : {"sofa" : "_ref" } }, 
      "Sentence" : {
        "_feature_types" : {"sofa" : "_ref" } }, 
      "Sofa" : {
        "_feature_types" : {"sofaArray" : "_ref" } }, 
      "TagsetDescription" : {
        "_feature_types" : {"sofa" : "_ref",  "tags" : "_ref" } }, 
      "Token" : {
        "_feature_types" : {"sofa" : "_ref",  "parent" : "_ref",  "lemma" : "_ref",  "stem" : "_ref",  "pos" : "_ref",  "morph" : "_ref",  "form" : "_ref" } }, 
      "DocumentAnnotation" : {
        "_feature_types" : {"sofa" : "_ref" }, 
        "_subtypes" : ["DocumentMetaData" ] }, 
      "Annotation" : {
        "_feature_types" : {"sofa" : "_ref" }, 
        "_subtypes" : ["DocumentAnnotation",  "Persuasive_Labels",  "Sentence",  "TagsetDescription",  "Token" ] }, 
      "AnnotationBase" : {
        "_feature_types" : {"sofa" : "_ref" }, 
        "_subtypes" : ["Annotation" ] }, 
      "TOP" : {
        "_subtypes" : ["AnnotationBase",  "Sofa" ] } } }, 
  "_views" : {
    "_InitialView" : {
      "DocumentMetaData" : [
        {"sofa" : 12,  "end" : 605,  "language" : "x-unspecified",  "documentTitle" : "1.%20snes-03347%20Everyone%20with%20cancer%20has%20a%20pH%20that%20is%20too%20acidic.txt",  "documentId" : "admin",  "documentUri" : "file:/C:/Users/huiyi/.webanno/repository/project/4/document/176/source/admin",  "collectionId" : "file:/C:/Users/huiyi/.webanno/repository/project/4/document/176/source/",  "documentBaseUri" : "file:/C:/Users/huiyi/.webanno/repository/project/4/document/176/source/",  "isLastSegment" : false } ], 
      "TagsetDescription" : [
        {"sofa" : 12,  "layer" : "de.tudarmstadt.ukp.dkpro.core.api.syntax.type.dependency.Dependency",  "name" : "UD Universal Dependencies (v2)",  "input" : false }, 
        {"sofa" : 12,  "layer" : "de.tudarmstadt.ukp.dkpro.core.api.ner.type.NamedEntity",  "name" : "Named Entity tags",  "input" : false }, 
        {"sofa" : 12,  "layer" : "de.tudarmstadt.ukp.dkpro.core.api.transform.type.SofaChangeAnnotation",  "name" : "Operation",  "input" : false }, 
        {"sofa" : 12,  "layer" : "de.tudarmstadt.ukp.dkpro.core.api.lexmorph.type.pos.POS",  "name" : "UD Universal POS tags (v2)",  "input" : false }, 
        {"sofa" : 12,  "layer" : "webanno.custom.Persuasive_Labels",  "name" : "2. Using Anecdotes and Personal Experience as Evidence",  "input" : false } ], 
      "Sentence" : [
        {"sofa" : 12,  "end" : 415 }, 
        {"sofa" : 12,  "begin" : 418,  "end" : 421 }, 
        {"sofa" : 12,  "begin" : 422,  "end" : 588 }, 
        {"sofa" : 12,  "begin" : 589,  "end" : 602 } ], 
      "Token" : [
        {"sofa" : 12,  "end" : 5 }, 
        {"sofa" : 12,  "begin" : 5,  "end" : 6 }, 
        {"sofa" : 12,  "begin" : 6,  "end" : 11 }, 
        {"sofa" : 12,  "begin" : 12,  "end" : 13 }, 
        {"sofa" : 12,  "begin" : 13,  "end" : 21 }, 
        {"sofa" : 12,  "begin" : 22,  "end" : 26 }, 
        {"sofa" : 12,  "begin" : 27,  "end" : 33 }, 
        {"sofa" : 12,  "begin" : 34,  "end" : 37 }, 
        {"sofa" : 12,  "begin" : 38,  "end" : 39 }, 
        {"sofa" : 12,  "begin" : 40,  "end" : 42 }, 
        {"sofa" : 12,  "begin" : 43,  "end" : 47 }, 
        {"sofa" : 12,  "begin" : 48,  "end" : 50 }, 
        {"sofa" : 12,  "begin" : 51,  "end" : 54 }, 
        {"sofa" : 12,  "begin" : 55,  "end" : 61 }, 
        {"sofa" : 12,  "begin" : 61,  "end" : 62 }, 
        {"sofa" : 12,  "begin" : 65,  "end" : 73 }, 
        {"sofa" : 12,  "begin" : 74,  "end" : 80 }, 
        {"sofa" : 12,  "begin" : 80,  "end" : 81 }, 
        {"sofa" : 12,  "begin" : 82,  "end" : 87 }, 
        {"sofa" : 12,  "begin" : 87,  "end" : 88 }, 
        {"sofa" : 12,  "begin" : 88,  "end" : 89 }, 
        {"sofa" : 12,  "begin" : 89,  "end" : 90 }, 
        {"sofa" : 12,  "begin" : 90,  "end" : 107 }, 
        {"sofa" : 12,  "begin" : 107,  "end" : 108 }, 
        {"sofa" : 12,  "begin" : 108,  "end" : 111 }, 
        {"sofa" : 12,  "begin" : 111,  "end" : 112 }, 
        {"sofa" : 12,  "begin" : 112,  "end" : 129 }, 
        {"sofa" : 12,  "begin" : 129,  "end" : 130 }, 
        {"sofa" : 12,  "begin" : 132,  "end" : 136 }, 
        {"sofa" : 12,  "begin" : 137,  "end" : 145 }, 
        {"sofa" : 12,  "begin" : 145,  "end" : 146 }, 
        {"sofa" : 12,  "begin" : 147,  "end" : 152 }, 
        {"sofa" : 12,  "begin" : 152,  "end" : 153 }, 
        {"sofa" : 12,  "begin" : 153,  "end" : 154 }, 
        {"sofa" : 12,  "begin" : 154,  "end" : 155 }, 
        {"sofa" : 12,  "begin" : 155,  "end" : 169 }, 
        {"sofa" : 12,  "begin" : 169,  "end" : 170 }, 
        {"sofa" : 12,  "begin" : 170,  "end" : 180 }, 
        {"sofa" : 12,  "begin" : 180,  "end" : 181 }, 
        {"sofa" : 12,  "begin" : 181,  "end" : 232 }, 
        {"sofa" : 12,  "begin" : 232,  "end" : 233 }, 
        {"sofa" : 12,  "begin" : 237,  "end" : 243 }, 
        {"sofa" : 12,  "begin" : 244,  "end" : 251 }, 
        {"sofa" : 12,  "begin" : 251,  "end" : 252 }, 
        {"sofa" : 12,  "begin" : 255,  "end" : 256 }, 
        {"sofa" : 12,  "begin" : 256,  "end" : 261 }, 
        {"sofa" : 12,  "begin" : 262,  "end" : 269 }, 
        {"sofa" : 12,  "begin" : 269,  "end" : 270 }, 
        {"sofa" : 12,  "begin" : 271,  "end" : 272 }, 
        {"sofa" : 12,  "begin" : 272,  "end" : 277 }, 
        {"sofa" : 12,  "begin" : 278,  "end" : 284 }, 
        {"sofa" : 12,  "begin" : 285,  "end" : 291 }, 
        {"sofa" : 12,  "begin" : 292,  "end" : 295 }, 
        {"sofa" : 12,  "begin" : 296,  "end" : 299 }, 
        {"sofa" : 12,  "begin" : 300,  "end" : 306 }, 
        {"sofa" : 12,  "begin" : 307,  "end" : 310 }, 
        {"sofa" : 12,  "begin" : 311,  "end" : 312 }, 
        {"sofa" : 12,  "begin" : 313,  "end" : 315 }, 
        {"sofa" : 12,  "begin" : 316,  "end" : 320 }, 
        {"sofa" : 12,  "begin" : 321,  "end" : 323 }, 
        {"sofa" : 12,  "begin" : 324,  "end" : 327 }, 
        {"sofa" : 12,  "begin" : 328,  "end" : 334 }, 
        {"sofa" : 12,  "begin" : 334,  "end" : 335 }, 
        {"sofa" : 12,  "begin" : 338,  "end" : 339 }, 
        {"sofa" : 12,  "begin" : 339,  "end" : 340 }, 
        {"sofa" : 12,  "begin" : 341,  "end" : 345 }, 
        {"sofa" : 12,  "begin" : 346,  "end" : 349 }, 
        {"sofa" : 12,  "begin" : 350,  "end" : 354 }, 
        {"sofa" : 12,  "begin" : 355,  "end" : 361 }, 
        {"sofa" : 12,  "begin" : 362,  "end" : 364 }, 
        {"sofa" : 12,  "begin" : 365,  "end" : 371 }, 
        {"sofa" : 12,  "begin" : 372,  "end" : 375 }, 
        {"sofa" : 12,  "begin" : 376,  "end" : 383 }, 
        {"sofa" : 12,  "begin" : 384,  "end" : 390 }, 
        {"sofa" : 12,  "begin" : 391,  "end" : 396 }, 
        {"sofa" : 12,  "begin" : 397,  "end" : 399 }, 
        {"sofa" : 12,  "begin" : 400,  "end" : 403 }, 
        {"sofa" : 12,  "begin" : 404,  "end" : 408 }, 
        {"sofa" : 12,  "begin" : 409,  "end" : 413 }, 
        {"sofa" : 12,  "begin" : 413,  "end" : 414 }, 
        {"sofa" : 12,  "begin" : 414,  "end" : 415 }, 
        {"sofa" : 12,  "begin" : 418,  "end" : 420 }, 
        {"sofa" : 12,  "begin" : 420,  "end" : 421 }, 
        {"sofa" : 12,  "begin" : 422,  "end" : 426 }, 
        {"sofa" : 12,  "begin" : 427,  "end" : 434 }, 
        {"sofa" : 12,  "begin" : 435,  "end" : 438 }, 
        {"sofa" : 12,  "begin" : 439,  "end" : 442 }, 
        {"sofa" : 12,  "begin" : 443,  "end" : 448 }, 
        {"sofa" : 12,  "begin" : 449,  "end" : 454 }, 
        {"sofa" : 12,  "begin" : 455,  "end" : 457 }, 
        {"sofa" : 12,  "begin" : 458,  "end" : 462 }, 
        {"sofa" : 12,  "begin" : 463,  "end" : 466 }, 
        {"sofa" : 12,  "begin" : 467,  "end" : 474 }, 
        {"sofa" : 12,  "begin" : 475,  "end" : 479 }, 
        {"sofa" : 12,  "begin" : 480,  "end" : 486 }, 
        {"sofa" : 12,  "begin" : 487,  "end" : 492 }, 
        {"sofa" : 12,  "begin" : 493,  "end" : 500 }, 
        {"sofa" : 12,  "begin" : 501,  "end" : 503 }, 
        {"sofa" : 12,  "begin" : 504,  "end" : 506 }, 
        {"sofa" : 12,  "begin" : 507,  "end" : 515 }, 
        {"sofa" : 12,  "begin" : 516,  "end" : 522 }, 
        {"sofa" : 12,  "begin" : 523,  "end" : 527 }, 
        {"sofa" : 12,  "begin" : 528,  "end" : 539 }, 
        {"sofa" : 12,  "begin" : 540,  "end" : 543 }, 
        {"sofa" : 12,  "begin" : 544,  "end" : 551 }, 
        {"sofa" : 12,  "begin" : 552,  "end" : 554 }, 
        {"sofa" : 12,  "begin" : 555,  "end" : 557 }, 
        {"sofa" : 12,  "begin" : 558,  "end" : 564 }, 
        {"sofa" : 12,  "begin" : 565,  "end" : 568 }, 
        {"sofa" : 12,  "begin" : 569,  "end" : 575 }, 
        {"sofa" : 12,  "begin" : 576,  "end" : 587 }, 
        {"sofa" : 12,  "begin" : 587,  "end" : 588 }, 
        {"sofa" : 12,  "begin" : 589,  "end" : 593 }, 
        {"sofa" : 12,  "begin" : 594,  "end" : 601 }, 
        {"sofa" : 12,  "begin" : 601,  "end" : 602 } ], 
      "Persuasive_Labels" : [
        {"sofa" : 12,  "begin" : 271,  "end" : 335,  "RhetoricalTricks" : "rhetorical tricks" }, 
        {"sofa" : 12,  "begin" : 272,  "end" : 291,  "RhetoricalTricks" : "exaggeration/absolute language" }, 
        {"sofa" : 12,  "begin" : 338,  "end" : 415,  "FabricatingNarrativewithDetails" : "Narrative with Details" }, 
        {"sofa" : 12,  "begin" : 338,  "end" : 414,  "FabricatingNarrativewithDetails" : "Narrative with details_details not verified" }, 
        {"sofa" : 12,  "begin" : 418,  "end" : 434,  "EstablishingLegitimacy" : "citing source to establish legitimacy_source verified to be credible" }, 
        {"sofa" : 12,  "begin" : 418,  "end" : 434,  "EstablishingLegitimacy" : "Establishing Legitimacy" }, 
        {"sofa" : 12,  "begin" : 422,  "end" : 588,  "InappropriateUseofScientificEvidence" : "Inappropriate Use of Scientific and Other Evidence - out of context_verified" }, 
        {"sofa" : 12,  "begin" : 422,  "end" : 587,  "InappropriateUseofScientificEvidence" : "inappropriate use of scientific and Other evidence" } ] } }, 
  "_referenced_fss" : {
    "12" : {"_type" : "Sofa",  "sofaNum" : 1,  "sofaID" : "_InitialView",  "mimeType" : "text",  "sofaString" : "﻿snes-03347 \"Everyone with cancer has a pH that is too acidic\" \r\nOriginal Source: https://www.pinterest.com/pin/46654546115218155/\r\nFact Checking: https://www.snopes.com/fact-check/everyone-who-has-cancer-has-a-ph-that-is-too-acidic/ \r\n Actual content: \r\n[Image content: \"Every single person who has cancer has a pH that is too acidic\" \r\n\"8 year old girl raises pH levels and shrinks cancer tumor by 75% with diet\". \r\nDr. Otto Warburg won the Nobel Prize in 1931 for proving that cancer can't survive in an alkaline oxygen rich environment but thrives in an acidic low oxygen environment. Dave Sommers] \r\n" } } }