{"_context" : {
    "_types" : {
      "DocumentMetaData" : {
        "_feature_types" : {"sofa" : "_ref" } }, 
      "Persuasive_Labels" : {
        "_feature_types" : {"sofa" : "_ref" } }, 
      "Sentence" : {
        "_feature_types" : {"sofa" : "_ref" } }, 
      "Sofa" : {
        "_feature_types" : {"sofaArray" : "_ref" } }, 
      "TagsetDescription" : {
        "_feature_types" : {"sofa" : "_ref",  "tags" : "_ref" } }, 
      "Token" : {
        "_feature_types" : {"sofa" : "_ref",  "parent" : "_ref",  "lemma" : "_ref",  "stem" : "_ref",  "pos" : "_ref",  "morph" : "_ref",  "form" : "_ref" } }, 
      "DocumentAnnotation" : {
        "_feature_types" : {"sofa" : "_ref" }, 
        "_subtypes" : ["DocumentMetaData" ] }, 
      "Annotation" : {
        "_feature_types" : {"sofa" : "_ref" }, 
        "_subtypes" : ["DocumentAnnotation",  "Persuasive_Labels",  "Sentence",  "TagsetDescription",  "Token" ] }, 
      "AnnotationBase" : {
        "_feature_types" : {"sofa" : "_ref" }, 
        "_subtypes" : ["Annotation" ] }, 
      "TOP" : {
        "_subtypes" : ["AnnotationBase",  "Sofa" ] } } }, 
  "_views" : {
    "_InitialView" : {
      "DocumentMetaData" : [
        {"sofa" : 12,  "end" : 3238,  "language" : "x-unspecified",  "documentTitle" : "176.%20tron-01429%20Contaminated%20Lemon%20Slices%20in%20Restaurants%20.txt",  "documentId" : "admin",  "documentUri" : "file:/C:/Users/huiyi/.webanno/repository/project/4/document/332/source/admin",  "collectionId" : "file:/C:/Users/huiyi/.webanno/repository/project/4/document/332/source/",  "documentBaseUri" : "file:/C:/Users/huiyi/.webanno/repository/project/4/document/332/source/",  "isLastSegment" : false } ], 
      "TagsetDescription" : [
        {"sofa" : 12,  "layer" : "de.tudarmstadt.ukp.dkpro.core.api.syntax.type.dependency.Dependency",  "name" : "UD Universal Dependencies (v2)",  "input" : false }, 
        {"sofa" : 12,  "layer" : "de.tudarmstadt.ukp.dkpro.core.api.ner.type.NamedEntity",  "name" : "Named Entity tags",  "input" : false }, 
        {"sofa" : 12,  "layer" : "de.tudarmstadt.ukp.dkpro.core.api.transform.type.SofaChangeAnnotation",  "name" : "Operation",  "input" : false }, 
        {"sofa" : 12,  "layer" : "de.tudarmstadt.ukp.dkpro.core.api.lexmorph.type.pos.POS",  "name" : "UD Universal POS tags (v2)",  "input" : false }, 
        {"sofa" : 12,  "layer" : "webanno.custom.Persuasive_Labels",  "name" : "2. Using Anecdotes and Personal Experience as Evidence",  "input" : false } ], 
      "Sentence" : [
        {"sofa" : 12,  "end" : 358 }, 
        {"sofa" : 12,  "begin" : 360,  "end" : 479 }, 
        {"sofa" : 12,  "begin" : 480,  "end" : 556 }, 
        {"sofa" : 12,  "begin" : 558,  "end" : 655 }, 
        {"sofa" : 12,  "begin" : 656,  "end" : 778 }, 
        {"sofa" : 12,  "begin" : 779,  "end" : 843 }, 
        {"sofa" : 12,  "begin" : 845,  "end" : 980 }, 
        {"sofa" : 12,  "begin" : 981,  "end" : 1095 }, 
        {"sofa" : 12,  "begin" : 1096,  "end" : 1177 }, 
        {"sofa" : 12,  "begin" : 1179,  "end" : 1300 }, 
        {"sofa" : 12,  "begin" : 1301,  "end" : 1307 }, 
        {"sofa" : 12,  "begin" : 1308,  "end" : 1372 }, 
        {"sofa" : 12,  "begin" : 1374,  "end" : 1532 }, 
        {"sofa" : 12,  "begin" : 1533,  "end" : 1632 }, 
        {"sofa" : 12,  "begin" : 1633,  "end" : 1820 }, 
        {"sofa" : 12,  "begin" : 1821,  "end" : 1907 }, 
        {"sofa" : 12,  "begin" : 1909,  "end" : 2055 }, 
        {"sofa" : 12,  "begin" : 2056,  "end" : 2183 }, 
        {"sofa" : 12,  "begin" : 2184,  "end" : 2343 }, 
        {"sofa" : 12,  "begin" : 2344,  "end" : 2446 }, 
        {"sofa" : 12,  "begin" : 2448,  "end" : 2536 }, 
        {"sofa" : 12,  "begin" : 2537,  "end" : 2680 }, 
        {"sofa" : 12,  "begin" : 2681,  "end" : 2709 }, 
        {"sofa" : 12,  "begin" : 2710,  "end" : 2753 }, 
        {"sofa" : 12,  "begin" : 2755,  "end" : 2847 }, 
        {"sofa" : 12,  "begin" : 2848,  "end" : 2938 }, 
        {"sofa" : 12,  "begin" : 2939,  "end" : 3047 }, 
        {"sofa" : 12,  "begin" : 3048,  "end" : 3151 }, 
        {"sofa" : 12,  "begin" : 3152,  "end" : 3210 }, 
        {"sofa" : 12,  "begin" : 3212,  "end" : 3234 } ], 
      "Token" : [
        {"sofa" : 12,  "end" : 5 }, 
        {"sofa" : 12,  "begin" : 5,  "end" : 6 }, 
        {"sofa" : 12,  "begin" : 6,  "end" : 11 }, 
        {"sofa" : 12,  "begin" : 12,  "end" : 24 }, 
        {"sofa" : 12,  "begin" : 25,  "end" : 30 }, 
        {"sofa" : 12,  "begin" : 31,  "end" : 37 }, 
        {"sofa" : 12,  "begin" : 38,  "end" : 40 }, 
        {"sofa" : 12,  "begin" : 41,  "end" : 52 }, 
        {"sofa" : 12,  "begin" : 55,  "end" : 61 }, 
        {"sofa" : 12,  "begin" : 61,  "end" : 62 }, 
        {"sofa" : 12,  "begin" : 63,  "end" : 68 }, 
        {"sofa" : 12,  "begin" : 68,  "end" : 69 }, 
        {"sofa" : 12,  "begin" : 69,  "end" : 70 }, 
        {"sofa" : 12,  "begin" : 70,  "end" : 71 }, 
        {"sofa" : 12,  "begin" : 71,  "end" : 89 }, 
        {"sofa" : 12,  "begin" : 89,  "end" : 90 }, 
        {"sofa" : 12,  "begin" : 90,  "end" : 99 }, 
        {"sofa" : 12,  "begin" : 99,  "end" : 100 }, 
        {"sofa" : 12,  "begin" : 100,  "end" : 117 }, 
        {"sofa" : 12,  "begin" : 117,  "end" : 118 }, 
        {"sofa" : 12,  "begin" : 121,  "end" : 125 }, 
        {"sofa" : 12,  "begin" : 126,  "end" : 134 }, 
        {"sofa" : 12,  "begin" : 134,  "end" : 135 }, 
        {"sofa" : 12,  "begin" : 136,  "end" : 141 }, 
        {"sofa" : 12,  "begin" : 141,  "end" : 142 }, 
        {"sofa" : 12,  "begin" : 142,  "end" : 143 }, 
        {"sofa" : 12,  "begin" : 143,  "end" : 144 }, 
        {"sofa" : 12,  "begin" : 144,  "end" : 166 }, 
        {"sofa" : 12,  "begin" : 166,  "end" : 167 }, 
        {"sofa" : 12,  "begin" : 167,  "end" : 173 }, 
        {"sofa" : 12,  "begin" : 173,  "end" : 174 }, 
        {"sofa" : 12,  "begin" : 177,  "end" : 183 }, 
        {"sofa" : 12,  "begin" : 184,  "end" : 191 }, 
        {"sofa" : 12,  "begin" : 191,  "end" : 192 }, 
        {"sofa" : 12,  "begin" : 195,  "end" : 198 }, 
        {"sofa" : 12,  "begin" : 199,  "end" : 206 }, 
        {"sofa" : 12,  "begin" : 207,  "end" : 213 }, 
        {"sofa" : 12,  "begin" : 214,  "end" : 217 }, 
        {"sofa" : 12,  "begin" : 218,  "end" : 222 }, 
        {"sofa" : 12,  "begin" : 223,  "end" : 225 }, 
        {"sofa" : 12,  "begin" : 226,  "end" : 230 }, 
        {"sofa" : 12,  "begin" : 231,  "end" : 238 }, 
        {"sofa" : 12,  "begin" : 239,  "end" : 244 }, 
        {"sofa" : 12,  "begin" : 245,  "end" : 251 }, 
        {"sofa" : 12,  "begin" : 252,  "end" : 256 }, 
        {"sofa" : 12,  "begin" : 257,  "end" : 261 }, 
        {"sofa" : 12,  "begin" : 262,  "end" : 267 }, 
        {"sofa" : 12,  "begin" : 269,  "end" : 276 }, 
        {"sofa" : 12,  "begin" : 277,  "end" : 293 }, 
        {"sofa" : 12,  "begin" : 293,  "end" : 294 }, 
        {"sofa" : 12,  "begin" : 295,  "end" : 298 }, 
        {"sofa" : 12,  "begin" : 298,  "end" : 299 }, 
        {"sofa" : 12,  "begin" : 300,  "end" : 302 }, 
        {"sofa" : 12,  "begin" : 302,  "end" : 303 }, 
        {"sofa" : 12,  "begin" : 304,  "end" : 308 }, 
        {"sofa" : 12,  "begin" : 310,  "end" : 320 }, 
        {"sofa" : 12,  "begin" : 321,  "end" : 328 }, 
        {"sofa" : 12,  "begin" : 329,  "end" : 331 }, 
        {"sofa" : 12,  "begin" : 332,  "end" : 336 }, 
        {"sofa" : 12,  "begin" : 337,  "end" : 342 }, 
        {"sofa" : 12,  "begin" : 343,  "end" : 347 }, 
        {"sofa" : 12,  "begin" : 348,  "end" : 353 }, 
        {"sofa" : 12,  "begin" : 354,  "end" : 357 }, 
        {"sofa" : 12,  "begin" : 357,  "end" : 358 }, 
        {"sofa" : 12,  "begin" : 360,  "end" : 364 }, 
        {"sofa" : 12,  "begin" : 365,  "end" : 371 }, 
        {"sofa" : 12,  "begin" : 372,  "end" : 375 }, 
        {"sofa" : 12,  "begin" : 376,  "end" : 381 }, 
        {"sofa" : 12,  "begin" : 382,  "end" : 387 }, 
        {"sofa" : 12,  "begin" : 388,  "end" : 392 }, 
        {"sofa" : 12,  "begin" : 393,  "end" : 399 }, 
        {"sofa" : 12,  "begin" : 400,  "end" : 404 }, 
        {"sofa" : 12,  "begin" : 405,  "end" : 408 }, 
        {"sofa" : 12,  "begin" : 409,  "end" : 413 }, 
        {"sofa" : 12,  "begin" : 414,  "end" : 417 }, 
        {"sofa" : 12,  "begin" : 418,  "end" : 421 }, 
        {"sofa" : 12,  "begin" : 422,  "end" : 426 }, 
        {"sofa" : 12,  "begin" : 427,  "end" : 430 }, 
        {"sofa" : 12,  "begin" : 431,  "end" : 432 }, 
        {"sofa" : 12,  "begin" : 433,  "end" : 443 }, 
        {"sofa" : 12,  "begin" : 444,  "end" : 448 }, 
        {"sofa" : 12,  "begin" : 448,  "end" : 449 }, 
        {"sofa" : 12,  "begin" : 450,  "end" : 454 }, 
        {"sofa" : 12,  "begin" : 455,  "end" : 460 }, 
        {"sofa" : 12,  "begin" : 461,  "end" : 464 }, 
        {"sofa" : 12,  "begin" : 465,  "end" : 469 }, 
        {"sofa" : 12,  "begin" : 470,  "end" : 472 }, 
        {"sofa" : 12,  "begin" : 473,  "end" : 478 }, 
        {"sofa" : 12,  "begin" : 478,  "end" : 479 }, 
        {"sofa" : 12,  "begin" : 480,  "end" : 484 }, 
        {"sofa" : 12,  "begin" : 484,  "end" : 485 }, 
        {"sofa" : 12,  "begin" : 486,  "end" : 493 }, 
        {"sofa" : 12,  "begin" : 494,  "end" : 497 }, 
        {"sofa" : 12,  "begin" : 498,  "end" : 508 }, 
        {"sofa" : 12,  "begin" : 509,  "end" : 516 }, 
        {"sofa" : 12,  "begin" : 517,  "end" : 522 }, 
        {"sofa" : 12,  "begin" : 523,  "end" : 527 }, 
        {"sofa" : 12,  "begin" : 528,  "end" : 531 }, 
        {"sofa" : 12,  "begin" : 532,  "end" : 537 }, 
        {"sofa" : 12,  "begin" : 538,  "end" : 541 }, 
        {"sofa" : 12,  "begin" : 542,  "end" : 546 }, 
        {"sofa" : 12,  "begin" : 547,  "end" : 549 }, 
        {"sofa" : 12,  "begin" : 550,  "end" : 555 }, 
        {"sofa" : 12,  "begin" : 555,  "end" : 556 }, 
        {"sofa" : 12,  "begin" : 558,  "end" : 565 }, 
        {"sofa" : 12,  "begin" : 566,  "end" : 569 }, 
        {"sofa" : 12,  "begin" : 570,  "end" : 573 }, 
        {"sofa" : 12,  "begin" : 574,  "end" : 577 }, 
        {"sofa" : 12,  "begin" : 578,  "end" : 580 }, 
        {"sofa" : 12,  "begin" : 581,  "end" : 583 }, 
        {"sofa" : 12,  "begin" : 584,  "end" : 587 }, 
        {"sofa" : 12,  "begin" : 587,  "end" : 588 }, 
        {"sofa" : 12,  "begin" : 589,  "end" : 590 }, 
        {"sofa" : 12,  "begin" : 591,  "end" : 596 }, 
        {"sofa" : 12,  "begin" : 597,  "end" : 599 }, 
        {"sofa" : 12,  "begin" : 600,  "end" : 605 }, 
        {"sofa" : 12,  "begin" : 606,  "end" : 608 }, 
        {"sofa" : 12,  "begin" : 609,  "end" : 613 }, 
        {"sofa" : 12,  "begin" : 614,  "end" : 618 }, 
        {"sofa" : 12,  "begin" : 619,  "end" : 626 }, 
        {"sofa" : 12,  "begin" : 627,  "end" : 632 }, 
        {"sofa" : 12,  "begin" : 633,  "end" : 637 }, 
        {"sofa" : 12,  "begin" : 638,  "end" : 639 }, 
        {"sofa" : 12,  "begin" : 640,  "end" : 645 }, 
        {"sofa" : 12,  "begin" : 646,  "end" : 648 }, 
        {"sofa" : 12,  "begin" : 649,  "end" : 654 }, 
        {"sofa" : 12,  "begin" : 654,  "end" : 655 }, 
        {"sofa" : 12,  "begin" : 656,  "end" : 659 }, 
        {"sofa" : 12,  "begin" : 660,  "end" : 662 }, 
        {"sofa" : 12,  "begin" : 663,  "end" : 669 }, 
        {"sofa" : 12,  "begin" : 669,  "end" : 670 }, 
        {"sofa" : 12,  "begin" : 671,  "end" : 678 }, 
        {"sofa" : 12,  "begin" : 679,  "end" : 682 }, 
        {"sofa" : 12,  "begin" : 683,  "end" : 686 }, 
        {"sofa" : 12,  "begin" : 687,  "end" : 693 }, 
        {"sofa" : 12,  "begin" : 694,  "end" : 702 }, 
        {"sofa" : 12,  "begin" : 703,  "end" : 705 }, 
        {"sofa" : 12,  "begin" : 706,  "end" : 711 }, 
        {"sofa" : 12,  "begin" : 712,  "end" : 717 }, 
        {"sofa" : 12,  "begin" : 717,  "end" : 718 }, 
        {"sofa" : 12,  "begin" : 719,  "end" : 722 }, 
        {"sofa" : 12,  "begin" : 723,  "end" : 728 }, 
        {"sofa" : 12,  "begin" : 729,  "end" : 733 }, 
        {"sofa" : 12,  "begin" : 734,  "end" : 736 }, 
        {"sofa" : 12,  "begin" : 737,  "end" : 741 }, 
        {"sofa" : 12,  "begin" : 742,  "end" : 746 }, 
        {"sofa" : 12,  "begin" : 747,  "end" : 753 }, 
        {"sofa" : 12,  "begin" : 754,  "end" : 756 }, 
        {"sofa" : 12,  "begin" : 757,  "end" : 762 }, 
        {"sofa" : 12,  "begin" : 763,  "end" : 766 }, 
        {"sofa" : 12,  "begin" : 767,  "end" : 773 }, 
        {"sofa" : 12,  "begin" : 774,  "end" : 777 }, 
        {"sofa" : 12,  "begin" : 777,  "end" : 778 }, 
        {"sofa" : 12,  "begin" : 779,  "end" : 784 }, 
        {"sofa" : 12,  "begin" : 785,  "end" : 789 }, 
        {"sofa" : 12,  "begin" : 790,  "end" : 795 }, 
        {"sofa" : 12,  "begin" : 796,  "end" : 801 }, 
        {"sofa" : 12,  "begin" : 802,  "end" : 803 }, 
        {"sofa" : 12,  "begin" : 804,  "end" : 809 }, 
        {"sofa" : 12,  "begin" : 810,  "end" : 815 }, 
        {"sofa" : 12,  "begin" : 816,  "end" : 821 }, 
        {"sofa" : 12,  "begin" : 822,  "end" : 827 }, 
        {"sofa" : 12,  "begin" : 828,  "end" : 830 }, 
        {"sofa" : 12,  "begin" : 831,  "end" : 842 }, 
        {"sofa" : 12,  "begin" : 842,  "end" : 843 }, 
        {"sofa" : 12,  "begin" : 845,  "end" : 846 }, 
        {"sofa" : 12,  "begin" : 847,  "end" : 851 }, 
        {"sofa" : 12,  "begin" : 852,  "end" : 857 }, 
        {"sofa" : 12,  "begin" : 858,  "end" : 860 }, 
        {"sofa" : 12,  "begin" : 861,  "end" : 864 }, 
        {"sofa" : 12,  "begin" : 865,  "end" : 872 }, 
        {"sofa" : 12,  "begin" : 873,  "end" : 875 }, 
        {"sofa" : 12,  "begin" : 876,  "end" : 889 }, 
        {"sofa" : 12,  "begin" : 890,  "end" : 896 }, 
        {"sofa" : 12,  "begin" : 897,  "end" : 903 }, 
        {"sofa" : 12,  "begin" : 904,  "end" : 906 }, 
        {"sofa" : 12,  "begin" : 907,  "end" : 913 }, 
        {"sofa" : 12,  "begin" : 914,  "end" : 918 }, 
        {"sofa" : 12,  "begin" : 919,  "end" : 921 }, 
        {"sofa" : 12,  "begin" : 922,  "end" : 933 }, 
        {"sofa" : 12,  "begin" : 934,  "end" : 937 }, 
        {"sofa" : 12,  "begin" : 938,  "end" : 943 }, 
        {"sofa" : 12,  "begin" : 944,  "end" : 947 }, 
        {"sofa" : 12,  "begin" : 948,  "end" : 951 }, 
        {"sofa" : 12,  "begin" : 952,  "end" : 956 }, 
        {"sofa" : 12,  "begin" : 957,  "end" : 963 }, 
        {"sofa" : 12,  "begin" : 964,  "end" : 970 }, 
        {"sofa" : 12,  "begin" : 971,  "end" : 979 }, 
        {"sofa" : 12,  "begin" : 979,  "end" : 980 }, 
        {"sofa" : 12,  "begin" : 981,  "end" : 987 }, 
        {"sofa" : 12,  "begin" : 988,  "end" : 990 }, 
        {"sofa" : 12,  "begin" : 991,  "end" : 998 }, 
        {"sofa" : 12,  "begin" : 999,  "end" : 1001 }, 
        {"sofa" : 12,  "begin" : 1002,  "end" : 1005 }, 
        {"sofa" : 12,  "begin" : 1006,  "end" : 1011 }, 
        {"sofa" : 12,  "begin" : 1012,  "end" : 1018 }, 
        {"sofa" : 12,  "begin" : 1019,  "end" : 1022 }, 
        {"sofa" : 12,  "begin" : 1023,  "end" : 1031 }, 
        {"sofa" : 12,  "begin" : 1031,  "end" : 1032 }, 
        {"sofa" : 12,  "begin" : 1033,  "end" : 1040 }, 
        {"sofa" : 12,  "begin" : 1040,  "end" : 1041 }, 
        {"sofa" : 12,  "begin" : 1042,  "end" : 1045 }, 
        {"sofa" : 12,  "begin" : 1046,  "end" : 1051 }, 
        {"sofa" : 12,  "begin" : 1052,  "end" : 1070 }, 
        {"sofa" : 12,  "begin" : 1071,  "end" : 1086 }, 
        {"sofa" : 12,  "begin" : 1087,  "end" : 1088 }, 
        {"sofa" : 12,  "begin" : 1088,  "end" : 1089 }, 
        {"sofa" : 12,  "begin" : 1090,  "end" : 1094 }, 
        {"sofa" : 12,  "begin" : 1094,  "end" : 1095 }, 
        {"sofa" : 12,  "begin" : 1096,  "end" : 1100 }, 
        {"sofa" : 12,  "begin" : 1101,  "end" : 1107 }, 
        {"sofa" : 12,  "begin" : 1108,  "end" : 1113 }, 
        {"sofa" : 12,  "begin" : 1114,  "end" : 1116 }, 
        {"sofa" : 12,  "begin" : 1117,  "end" : 1118 }, 
        {"sofa" : 12,  "begin" : 1119,  "end" : 1126 }, 
        {"sofa" : 12,  "begin" : 1127,  "end" : 1138 }, 
        {"sofa" : 12,  "begin" : 1138,  "end" : 1139 }, 
        {"sofa" : 12,  "begin" : 1140,  "end" : 1142 }, 
        {"sofa" : 12,  "begin" : 1143,  "end" : 1146 }, 
        {"sofa" : 12,  "begin" : 1147,  "end" : 1152 }, 
        {"sofa" : 12,  "begin" : 1153,  "end" : 1156 }, 
        {"sofa" : 12,  "begin" : 1157,  "end" : 1169 }, 
        {"sofa" : 12,  "begin" : 1170,  "end" : 1176 }, 
        {"sofa" : 12,  "begin" : 1176,  "end" : 1177 }, 
        {"sofa" : 12,  "begin" : 1179,  "end" : 1186 }, 
        {"sofa" : 12,  "begin" : 1187,  "end" : 1190 }, 
        {"sofa" : 12,  "begin" : 1191,  "end" : 1204 }, 
        {"sofa" : 12,  "begin" : 1205,  "end" : 1212 }, 
        {"sofa" : 12,  "begin" : 1213,  "end" : 1216 }, 
        {"sofa" : 12,  "begin" : 1217,  "end" : 1222 }, 
        {"sofa" : 12,  "begin" : 1223,  "end" : 1225 }, 
        {"sofa" : 12,  "begin" : 1226,  "end" : 1228 }, 
        {"sofa" : 12,  "begin" : 1229,  "end" : 1238 }, 
        {"sofa" : 12,  "begin" : 1239,  "end" : 1250 }, 
        {"sofa" : 12,  "begin" : 1251,  "end" : 1256 }, 
        {"sofa" : 12,  "begin" : 1257,  "end" : 1261 }, 
        {"sofa" : 12,  "begin" : 1262,  "end" : 1266 }, 
        {"sofa" : 12,  "begin" : 1267,  "end" : 1270 }, 
        {"sofa" : 12,  "begin" : 1271,  "end" : 1277 }, 
        {"sofa" : 12,  "begin" : 1278,  "end" : 1287 }, 
        {"sofa" : 12,  "begin" : 1288,  "end" : 1293 }, 
        {"sofa" : 12,  "begin" : 1294,  "end" : 1299 }, 
        {"sofa" : 12,  "begin" : 1299,  "end" : 1300 }, 
        {"sofa" : 12,  "begin" : 1301,  "end" : 1306 }, 
        {"sofa" : 12,  "begin" : 1306,  "end" : 1307 }, 
        {"sofa" : 12,  "begin" : 1308,  "end" : 1313 }, 
        {"sofa" : 12,  "begin" : 1314,  "end" : 1317 }, 
        {"sofa" : 12,  "begin" : 1318,  "end" : 1323 }, 
        {"sofa" : 12,  "begin" : 1324,  "end" : 1329 }, 
        {"sofa" : 12,  "begin" : 1330,  "end" : 1335 }, 
        {"sofa" : 12,  "begin" : 1336,  "end" : 1342 }, 
        {"sofa" : 12,  "begin" : 1343,  "end" : 1354 }, 
        {"sofa" : 12,  "begin" : 1355,  "end" : 1357 }, 
        {"sofa" : 12,  "begin" : 1358,  "end" : 1360 }, 
        {"sofa" : 12,  "begin" : 1361,  "end" : 1365 }, 
        {"sofa" : 12,  "begin" : 1366,  "end" : 1371 }, 
        {"sofa" : 12,  "begin" : 1371,  "end" : 1372 }, 
        {"sofa" : 12,  "begin" : 1374,  "end" : 1379 }, 
        {"sofa" : 12,  "begin" : 1380,  "end" : 1386 }, 
        {"sofa" : 12,  "begin" : 1387,  "end" : 1390 }, 
        {"sofa" : 12,  "begin" : 1391,  "end" : 1394 }, 
        {"sofa" : 12,  "begin" : 1395,  "end" : 1399 }, 
        {"sofa" : 12,  "begin" : 1400,  "end" : 1406 }, 
        {"sofa" : 12,  "begin" : 1407,  "end" : 1409 }, 
        {"sofa" : 12,  "begin" : 1410,  "end" : 1414 }, 
        {"sofa" : 12,  "begin" : 1415,  "end" : 1423 }, 
        {"sofa" : 12,  "begin" : 1424,  "end" : 1428 }, 
        {"sofa" : 12,  "begin" : 1429,  "end" : 1432 }, 
        {"sofa" : 12,  "begin" : 1433,  "end" : 1437 }, 
        {"sofa" : 12,  "begin" : 1438,  "end" : 1441 }, 
        {"sofa" : 12,  "begin" : 1442,  "end" : 1447 }, 
        {"sofa" : 12,  "begin" : 1448,  "end" : 1450 }, 
        {"sofa" : 12,  "begin" : 1451,  "end" : 1452 }, 
        {"sofa" : 12,  "begin" : 1453,  "end" : 1458 }, 
        {"sofa" : 12,  "begin" : 1459,  "end" : 1466 }, 
        {"sofa" : 12,  "begin" : 1467,  "end" : 1477 }, 
        {"sofa" : 12,  "begin" : 1478,  "end" : 1484 }, 
        {"sofa" : 12,  "begin" : 1485,  "end" : 1494 }, 
        {"sofa" : 12,  "begin" : 1495,  "end" : 1499 }, 
        {"sofa" : 12,  "begin" : 1500,  "end" : 1502 }, 
        {"sofa" : 12,  "begin" : 1503,  "end" : 1505 }, 
        {"sofa" : 12,  "begin" : 1506,  "end" : 1510 }, 
        {"sofa" : 12,  "begin" : 1511,  "end" : 1517 }, 
        {"sofa" : 12,  "begin" : 1518,  "end" : 1521 }, 
        {"sofa" : 12,  "begin" : 1522,  "end" : 1531 }, 
        {"sofa" : 12,  "begin" : 1531,  "end" : 1532 }, 
        {"sofa" : 12,  "begin" : 1533,  "end" : 1536 }, 
        {"sofa" : 12,  "begin" : 1537,  "end" : 1540 }, 
        {"sofa" : 12,  "begin" : 1541,  "end" : 1554 }, 
        {"sofa" : 12,  "begin" : 1555,  "end" : 1562 }, 
        {"sofa" : 12,  "begin" : 1563,  "end" : 1567 }, 
        {"sofa" : 12,  "begin" : 1568,  "end" : 1578 }, 
        {"sofa" : 12,  "begin" : 1579,  "end" : 1586 }, 
        {"sofa" : 12,  "begin" : 1587,  "end" : 1592 }, 
        {"sofa" : 12,  "begin" : 1593,  "end" : 1600 }, 
        {"sofa" : 12,  "begin" : 1601,  "end" : 1607 }, 
        {"sofa" : 12,  "begin" : 1608,  "end" : 1615 }, 
        {"sofa" : 12,  "begin" : 1616,  "end" : 1622 }, 
        {"sofa" : 12,  "begin" : 1623,  "end" : 1625 }, 
        {"sofa" : 12,  "begin" : 1626,  "end" : 1631 }, 
        {"sofa" : 12,  "begin" : 1631,  "end" : 1632 }, 
        {"sofa" : 12,  "begin" : 1633,  "end" : 1635 }, 
        {"sofa" : 12,  "begin" : 1636,  "end" : 1640 }, 
        {"sofa" : 12,  "begin" : 1641,  "end" : 1647 }, 
        {"sofa" : 12,  "begin" : 1648,  "end" : 1653 }, 
        {"sofa" : 12,  "begin" : 1654,  "end" : 1659 }, 
        {"sofa" : 12,  "begin" : 1660,  "end" : 1665 }, 
        {"sofa" : 12,  "begin" : 1666,  "end" : 1676 }, 
        {"sofa" : 12,  "begin" : 1677,  "end" : 1682 }, 
        {"sofa" : 12,  "begin" : 1683,  "end" : 1688 }, 
        {"sofa" : 12,  "begin" : 1689,  "end" : 1692 }, 
        {"sofa" : 12,  "begin" : 1693,  "end" : 1701 }, 
        {"sofa" : 12,  "begin" : 1702,  "end" : 1704 }, 
        {"sofa" : 12,  "begin" : 1705,  "end" : 1713 }, 
        {"sofa" : 12,  "begin" : 1714,  "end" : 1721 }, 
        {"sofa" : 12,  "begin" : 1722,  "end" : 1733 }, 
        {"sofa" : 12,  "begin" : 1734,  "end" : 1738 }, 
        {"sofa" : 12,  "begin" : 1738,  "end" : 1739 }, 
        {"sofa" : 12,  "begin" : 1740,  "end" : 1747 }, 
        {"sofa" : 12,  "begin" : 1748,  "end" : 1749 }, 
        {"sofa" : 12,  "begin" : 1750,  "end" : 1754 }, 
        {"sofa" : 12,  "begin" : 1755,  "end" : 1761 }, 
        {"sofa" : 12,  "begin" : 1762,  "end" : 1766 }, 
        {"sofa" : 12,  "begin" : 1767,  "end" : 1772 }, 
        {"sofa" : 12,  "begin" : 1773,  "end" : 1778 }, 
        {"sofa" : 12,  "begin" : 1779,  "end" : 1783 }, 
        {"sofa" : 12,  "begin" : 1784,  "end" : 1792 }, 
        {"sofa" : 12,  "begin" : 1793,  "end" : 1795 }, 
        {"sofa" : 12,  "begin" : 1796,  "end" : 1799 }, 
        {"sofa" : 12,  "begin" : 1800,  "end" : 1805 }, 
        {"sofa" : 12,  "begin" : 1806,  "end" : 1808 }, 
        {"sofa" : 12,  "begin" : 1809,  "end" : 1813 }, 
        {"sofa" : 12,  "begin" : 1814,  "end" : 1819 }, 
        {"sofa" : 12,  "begin" : 1819,  "end" : 1820 }, 
        {"sofa" : 12,  "begin" : 1821,  "end" : 1825 }, 
        {"sofa" : 12,  "begin" : 1825,  "end" : 1826 }, 
        {"sofa" : 12,  "begin" : 1827,  "end" : 1838 }, 
        {"sofa" : 12,  "begin" : 1839,  "end" : 1844 }, 
        {"sofa" : 12,  "begin" : 1845,  "end" : 1849 }, 
        {"sofa" : 12,  "begin" : 1850,  "end" : 1855 }, 
        {"sofa" : 12,  "begin" : 1856,  "end" : 1859 }, 
        {"sofa" : 12,  "begin" : 1860,  "end" : 1864 }, 
        {"sofa" : 12,  "begin" : 1865,  "end" : 1872 }, 
        {"sofa" : 12,  "begin" : 1873,  "end" : 1875 }, 
        {"sofa" : 12,  "begin" : 1876,  "end" : 1882 }, 
        {"sofa" : 12,  "begin" : 1883,  "end" : 1887 }, 
        {"sofa" : 12,  "begin" : 1888,  "end" : 1893 }, 
        {"sofa" : 12,  "begin" : 1894,  "end" : 1895 }, 
        {"sofa" : 12,  "begin" : 1896,  "end" : 1900 }, 
        {"sofa" : 12,  "begin" : 1901,  "end" : 1906 }, 
        {"sofa" : 12,  "begin" : 1906,  "end" : 1907 }, 
        {"sofa" : 12,  "begin" : 1909,  "end" : 1912 }, 
        {"sofa" : 12,  "begin" : 1913,  "end" : 1919 }, 
        {"sofa" : 12,  "begin" : 1920,  "end" : 1923 }, 
        {"sofa" : 12,  "begin" : 1924,  "end" : 1929 }, 
        {"sofa" : 12,  "begin" : 1930,  "end" : 1936 }, 
        {"sofa" : 12,  "begin" : 1937,  "end" : 1944 }, 
        {"sofa" : 12,  "begin" : 1945,  "end" : 1948 }, 
        {"sofa" : 12,  "begin" : 1949,  "end" : 1954 }, 
        {"sofa" : 12,  "begin" : 1955,  "end" : 1960 }, 
        {"sofa" : 12,  "begin" : 1961,  "end" : 1965 }, 
        {"sofa" : 12,  "begin" : 1966,  "end" : 1969 }, 
        {"sofa" : 12,  "begin" : 1970,  "end" : 1973 }, 
        {"sofa" : 12,  "begin" : 1974,  "end" : 1978 }, 
        {"sofa" : 12,  "begin" : 1979,  "end" : 1987 }, 
        {"sofa" : 12,  "begin" : 1988,  "end" : 1993 }, 
        {"sofa" : 12,  "begin" : 1994,  "end" : 1999 }, 
        {"sofa" : 12,  "begin" : 1999,  "end" : 2000 }, 
        {"sofa" : 12,  "begin" : 2001,  "end" : 2005 }, 
        {"sofa" : 12,  "begin" : 2006,  "end" : 2010 }, 
        {"sofa" : 12,  "begin" : 2011,  "end" : 2014 }, 
        {"sofa" : 12,  "begin" : 2015,  "end" : 2022 }, 
        {"sofa" : 12,  "begin" : 2023,  "end" : 2028 }, 
        {"sofa" : 12,  "begin" : 2029,  "end" : 2040 }, 
        {"sofa" : 12,  "begin" : 2041,  "end" : 2045 }, 
        {"sofa" : 12,  "begin" : 2046,  "end" : 2049 }, 
        {"sofa" : 12,  "begin" : 2050,  "end" : 2054 }, 
        {"sofa" : 12,  "begin" : 2054,  "end" : 2055 }, 
        {"sofa" : 12,  "begin" : 2056,  "end" : 2059 }, 
        {"sofa" : 12,  "begin" : 2060,  "end" : 2064 }, 
        {"sofa" : 12,  "begin" : 2065,  "end" : 2070 }, 
        {"sofa" : 12,  "begin" : 2071,  "end" : 2078 }, 
        {"sofa" : 12,  "begin" : 2079,  "end" : 2087 }, 
        {"sofa" : 12,  "begin" : 2088,  "end" : 2093 }, 
        {"sofa" : 12,  "begin" : 2094,  "end" : 2101 }, 
        {"sofa" : 12,  "begin" : 2102,  "end" : 2106 }, 
        {"sofa" : 12,  "begin" : 2107,  "end" : 2110 }, 
        {"sofa" : 12,  "begin" : 2111,  "end" : 2119 }, 
        {"sofa" : 12,  "begin" : 2120,  "end" : 2122 }, 
        {"sofa" : 12,  "begin" : 2123,  "end" : 2132 }, 
        {"sofa" : 12,  "begin" : 2133,  "end" : 2139 }, 
        {"sofa" : 12,  "begin" : 2140,  "end" : 2142 }, 
        {"sofa" : 12,  "begin" : 2143,  "end" : 2149 }, 
        {"sofa" : 12,  "begin" : 2149,  "end" : 2150 }, 
        {"sofa" : 12,  "begin" : 2151,  "end" : 2154 }, 
        {"sofa" : 12,  "begin" : 2155,  "end" : 2159 }, 
        {"sofa" : 12,  "begin" : 2160,  "end" : 2165 }, 
        {"sofa" : 12,  "begin" : 2166,  "end" : 2171 }, 
        {"sofa" : 12,  "begin" : 2172,  "end" : 2176 }, 
        {"sofa" : 12,  "begin" : 2177,  "end" : 2182 }, 
        {"sofa" : 12,  "begin" : 2182,  "end" : 2183 }, 
        {"sofa" : 12,  "begin" : 2184,  "end" : 2187 }, 
        {"sofa" : 12,  "begin" : 2188,  "end" : 2200 }, 
        {"sofa" : 12,  "begin" : 2201,  "end" : 2207 }, 
        {"sofa" : 12,  "begin" : 2208,  "end" : 2214 }, 
        {"sofa" : 12,  "begin" : 2215,  "end" : 2221 }, 
        {"sofa" : 12,  "begin" : 2221,  "end" : 2222 }, 
        {"sofa" : 12,  "begin" : 2223,  "end" : 2226 }, 
        {"sofa" : 12,  "begin" : 2226,  "end" : 2227 }, 
        {"sofa" : 12,  "begin" : 2228,  "end" : 2231 }, 
        {"sofa" : 12,  "begin" : 2232,  "end" : 2235 }, 
        {"sofa" : 12,  "begin" : 2236,  "end" : 2239 }, 
        {"sofa" : 12,  "begin" : 2240,  "end" : 2243 }, 
        {"sofa" : 12,  "begin" : 2244,  "end" : 2257 }, 
        {"sofa" : 12,  "begin" : 2257,  "end" : 2258 }, 
        {"sofa" : 12,  "begin" : 2259,  "end" : 2263 }, 
        {"sofa" : 12,  "begin" : 2264,  "end" : 2268 }, 
        {"sofa" : 12,  "begin" : 2269,  "end" : 2275 }, 
        {"sofa" : 12,  "begin" : 2276,  "end" : 2282 }, 
        {"sofa" : 12,  "begin" : 2283,  "end" : 2287 }, 
        {"sofa" : 12,  "begin" : 2288,  "end" : 2295 }, 
        {"sofa" : 12,  "begin" : 2296,  "end" : 2303 }, 
        {"sofa" : 12,  "begin" : 2304,  "end" : 2307 }, 
        {"sofa" : 12,  "begin" : 2308,  "end" : 2312 }, 
        {"sofa" : 12,  "begin" : 2313,  "end" : 2320 }, 
        {"sofa" : 12,  "begin" : 2321,  "end" : 2325 }, 
        {"sofa" : 12,  "begin" : 2326,  "end" : 2330 }, 
        {"sofa" : 12,  "begin" : 2331,  "end" : 2336 }, 
        {"sofa" : 12,  "begin" : 2337,  "end" : 2342 }, 
        {"sofa" : 12,  "begin" : 2342,  "end" : 2343 }, 
        {"sofa" : 12,  "begin" : 2344,  "end" : 2350 }, 
        {"sofa" : 12,  "begin" : 2351,  "end" : 2358 }, 
        {"sofa" : 12,  "begin" : 2359,  "end" : 2363 }, 
        {"sofa" : 12,  "begin" : 2364,  "end" : 2366 }, 
        {"sofa" : 12,  "begin" : 2367,  "end" : 2368 }, 
        {"sofa" : 12,  "begin" : 2369,  "end" : 2374 }, 
        {"sofa" : 12,  "begin" : 2374,  "end" : 2375 }, 
        {"sofa" : 12,  "begin" : 2376,  "end" : 2381 }, 
        {"sofa" : 12,  "begin" : 2382,  "end" : 2385 }, 
        {"sofa" : 12,  "begin" : 2386,  "end" : 2389 }, 
        {"sofa" : 12,  "begin" : 2390,  "end" : 2395 }, 
        {"sofa" : 12,  "begin" : 2396,  "end" : 2399 }, 
        {"sofa" : 12,  "begin" : 2400,  "end" : 2405 }, 
        {"sofa" : 12,  "begin" : 2406,  "end" : 2412 }, 
        {"sofa" : 12,  "begin" : 2413,  "end" : 2418 }, 
        {"sofa" : 12,  "begin" : 2419,  "end" : 2421 }, 
        {"sofa" : 12,  "begin" : 2422,  "end" : 2425 }, 
        {"sofa" : 12,  "begin" : 2426,  "end" : 2428 }, 
        {"sofa" : 12,  "begin" : 2429,  "end" : 2430 }, 
        {"sofa" : 12,  "begin" : 2431,  "end" : 2434 }, 
        {"sofa" : 12,  "begin" : 2435,  "end" : 2445 }, 
        {"sofa" : 12,  "begin" : 2445,  "end" : 2446 }, 
        {"sofa" : 12,  "begin" : 2448,  "end" : 2449 }, 
        {"sofa" : 12,  "begin" : 2449,  "end" : 2452 }, 
        {"sofa" : 12,  "begin" : 2453,  "end" : 2458 }, 
        {"sofa" : 12,  "begin" : 2459,  "end" : 2465 }, 
        {"sofa" : 12,  "begin" : 2466,  "end" : 2470 }, 
        {"sofa" : 12,  "begin" : 2471,  "end" : 2479 }, 
        {"sofa" : 12,  "begin" : 2480,  "end" : 2486 }, 
        {"sofa" : 12,  "begin" : 2487,  "end" : 2489 }, 
        {"sofa" : 12,  "begin" : 2490,  "end" : 2492 }, 
        {"sofa" : 12,  "begin" : 2493,  "end" : 2502 }, 
        {"sofa" : 12,  "begin" : 2502,  "end" : 2503 }, 
        {"sofa" : 12,  "begin" : 2504,  "end" : 2507 }, 
        {"sofa" : 12,  "begin" : 2508,  "end" : 2513 }, 
        {"sofa" : 12,  "begin" : 2514,  "end" : 2516 }, 
        {"sofa" : 12,  "begin" : 2517,  "end" : 2518 }, 
        {"sofa" : 12,  "begin" : 2519,  "end" : 2530 }, 
        {"sofa" : 12,  "begin" : 2530,  "end" : 2531 }, 
        {"sofa" : 12,  "begin" : 2531,  "end" : 2532 }, 
        {"sofa" : 12,  "begin" : 2533,  "end" : 2535 }, 
        {"sofa" : 12,  "begin" : 2535,  "end" : 2536 }, 
        {"sofa" : 12,  "begin" : 2537,  "end" : 2543 }, 
        {"sofa" : 12,  "begin" : 2543,  "end" : 2544 }, 
        {"sofa" : 12,  "begin" : 2545,  "end" : 2553 }, 
        {"sofa" : 12,  "begin" : 2554,  "end" : 2563 }, 
        {"sofa" : 12,  "begin" : 2564,  "end" : 2566 }, 
        {"sofa" : 12,  "begin" : 2567,  "end" : 2579 }, 
        {"sofa" : 12,  "begin" : 2580,  "end" : 2583 }, 
        {"sofa" : 12,  "begin" : 2584,  "end" : 2593 }, 
        {"sofa" : 12,  "begin" : 2594,  "end" : 2596 }, 
        {"sofa" : 12,  "begin" : 2597,  "end" : 2600 }, 
        {"sofa" : 12,  "begin" : 2601,  "end" : 2608 }, 
        {"sofa" : 12,  "begin" : 2609,  "end" : 2616 }, 
        {"sofa" : 12,  "begin" : 2617,  "end" : 2623 }, 
        {"sofa" : 12,  "begin" : 2623,  "end" : 2624 }, 
        {"sofa" : 12,  "begin" : 2625,  "end" : 2630 }, 
        {"sofa" : 12,  "begin" : 2631,  "end" : 2634 }, 
        {"sofa" : 12,  "begin" : 2635,  "end" : 2645 }, 
        {"sofa" : 12,  "begin" : 2646,  "end" : 2650 }, 
        {"sofa" : 12,  "begin" : 2651,  "end" : 2655 }, 
        {"sofa" : 12,  "begin" : 2656,  "end" : 2666 }, 
        {"sofa" : 12,  "begin" : 2667,  "end" : 2670 }, 
        {"sofa" : 12,  "begin" : 2671,  "end" : 2679 }, 
        {"sofa" : 12,  "begin" : 2679,  "end" : 2680 }, 
        {"sofa" : 12,  "begin" : 2681,  "end" : 2682 }, 
        {"sofa" : 12,  "begin" : 2682,  "end" : 2685 }, 
        {"sofa" : 12,  "begin" : 2686,  "end" : 2691 }, 
        {"sofa" : 12,  "begin" : 2692,  "end" : 2696 }, 
        {"sofa" : 12,  "begin" : 2697,  "end" : 2699 }, 
        {"sofa" : 12,  "begin" : 2700,  "end" : 2701 }, 
        {"sofa" : 12,  "begin" : 2702,  "end" : 2708 }, 
        {"sofa" : 12,  "begin" : 2708,  "end" : 2709 }, 
        {"sofa" : 12,  "begin" : 2710,  "end" : 2714 }, 
        {"sofa" : 12,  "begin" : 2715,  "end" : 2721 }, 
        {"sofa" : 12,  "begin" : 2722,  "end" : 2728 }, 
        {"sofa" : 12,  "begin" : 2729,  "end" : 2731 }, 
        {"sofa" : 12,  "begin" : 2732,  "end" : 2739 }, 
        {"sofa" : 12,  "begin" : 2740,  "end" : 2746 }, 
        {"sofa" : 12,  "begin" : 2747,  "end" : 2751 }, 
        {"sofa" : 12,  "begin" : 2751,  "end" : 2752 }, 
        {"sofa" : 12,  "begin" : 2752,  "end" : 2753 }, 
        {"sofa" : 12,  "begin" : 2755,  "end" : 2760 }, 
        {"sofa" : 12,  "begin" : 2760,  "end" : 2761 }, 
        {"sofa" : 12,  "begin" : 2762,  "end" : 2764 }, 
        {"sofa" : 12,  "begin" : 2765,  "end" : 2771 }, 
        {"sofa" : 12,  "begin" : 2772,  "end" : 2781 }, 
        {"sofa" : 12,  "begin" : 2781,  "end" : 2782 }, 
        {"sofa" : 12,  "begin" : 2783,  "end" : 2787 }, 
        {"sofa" : 12,  "begin" : 2788,  "end" : 2795 }, 
        {"sofa" : 12,  "begin" : 2796,  "end" : 2800 }, 
        {"sofa" : 12,  "begin" : 2801,  "end" : 2807 }, 
        {"sofa" : 12,  "begin" : 2808,  "end" : 2813 }, 
        {"sofa" : 12,  "begin" : 2814,  "end" : 2818 }, 
        {"sofa" : 12,  "begin" : 2819,  "end" : 2824 }, 
        {"sofa" : 12,  "begin" : 2825,  "end" : 2827 }, 
        {"sofa" : 12,  "begin" : 2828,  "end" : 2832 }, 
        {"sofa" : 12,  "begin" : 2833,  "end" : 2837 }, 
        {"sofa" : 12,  "begin" : 2838,  "end" : 2840 }, 
        {"sofa" : 12,  "begin" : 2841,  "end" : 2846 }, 
        {"sofa" : 12,  "begin" : 2846,  "end" : 2847 }, 
        {"sofa" : 12,  "begin" : 2848,  "end" : 2851 }, 
        {"sofa" : 12,  "begin" : 2852,  "end" : 2854 }, 
        {"sofa" : 12,  "begin" : 2855,  "end" : 2858 }, 
        {"sofa" : 12,  "begin" : 2859,  "end" : 2864 }, 
        {"sofa" : 12,  "begin" : 2865,  "end" : 2869 }, 
        {"sofa" : 12,  "begin" : 2870,  "end" : 2877 }, 
        {"sofa" : 12,  "begin" : 2878,  "end" : 2880 }, 
        {"sofa" : 12,  "begin" : 2880,  "end" : 2881 }, 
        {"sofa" : 12,  "begin" : 2882,  "end" : 2885 }, 
        {"sofa" : 12,  "begin" : 2886,  "end" : 2895 }, 
        {"sofa" : 12,  "begin" : 2896,  "end" : 2898 }, 
        {"sofa" : 12,  "begin" : 2899,  "end" : 2902 }, 
        {"sofa" : 12,  "begin" : 2903,  "end" : 2908 }, 
        {"sofa" : 12,  "begin" : 2909,  "end" : 2913 }, 
        {"sofa" : 12,  "begin" : 2914,  "end" : 2921 }, 
        {"sofa" : 12,  "begin" : 2922,  "end" : 2925 }, 
        {"sofa" : 12,  "begin" : 2926,  "end" : 2931 }, 
        {"sofa" : 12,  "begin" : 2932,  "end" : 2937 }, 
        {"sofa" : 12,  "begin" : 2937,  "end" : 2938 }, 
        {"sofa" : 12,  "begin" : 2939,  "end" : 2943 }, 
        {"sofa" : 12,  "begin" : 2944,  "end" : 2950 }, 
        {"sofa" : 12,  "begin" : 2951,  "end" : 2954 }, 
        {"sofa" : 12,  "begin" : 2955,  "end" : 2960 }, 
        {"sofa" : 12,  "begin" : 2961,  "end" : 2964 }, 
        {"sofa" : 12,  "begin" : 2965,  "end" : 2973 }, 
        {"sofa" : 12,  "begin" : 2973,  "end" : 2974 }, 
        {"sofa" : 12,  "begin" : 2975,  "end" : 2977 }, 
        {"sofa" : 12,  "begin" : 2978,  "end" : 2983 }, 
        {"sofa" : 12,  "begin" : 2984,  "end" : 2987 }, 
        {"sofa" : 12,  "begin" : 2988,  "end" : 2993 }, 
        {"sofa" : 12,  "begin" : 2994,  "end" : 2998 }, 
        {"sofa" : 12,  "begin" : 2999,  "end" : 3004 }, 
        {"sofa" : 12,  "begin" : 3005,  "end" : 3009 }, 
        {"sofa" : 12,  "begin" : 3010,  "end" : 3013 }, 
        {"sofa" : 12,  "begin" : 3014,  "end" : 3018 }, 
        {"sofa" : 12,  "begin" : 3019,  "end" : 3027 }, 
        {"sofa" : 12,  "begin" : 3028,  "end" : 3030 }, 
        {"sofa" : 12,  "begin" : 3031,  "end" : 3035 }, 
        {"sofa" : 12,  "begin" : 3036,  "end" : 3041 }, 
        {"sofa" : 12,  "begin" : 3041,  "end" : 3042 }, 
        {"sofa" : 12,  "begin" : 3043,  "end" : 3046 }, 
        {"sofa" : 12,  "begin" : 3046,  "end" : 3047 }, 
        {"sofa" : 12,  "begin" : 3048,  "end" : 3053 }, 
        {"sofa" : 12,  "begin" : 3054,  "end" : 3058 }, 
        {"sofa" : 12,  "begin" : 3059,  "end" : 3062 }, 
        {"sofa" : 12,  "begin" : 3063,  "end" : 3068 }, 
        {"sofa" : 12,  "begin" : 3069,  "end" : 3074 }, 
        {"sofa" : 12,  "begin" : 3075,  "end" : 3077 }, 
        {"sofa" : 12,  "begin" : 3078,  "end" : 3082 }, 
        {"sofa" : 12,  "begin" : 3083,  "end" : 3089 }, 
        {"sofa" : 12,  "begin" : 3089,  "end" : 3090 }, 
        {"sofa" : 12,  "begin" : 3091,  "end" : 3098 }, 
        {"sofa" : 12,  "begin" : 3099,  "end" : 3107 }, 
        {"sofa" : 12,  "begin" : 3108,  "end" : 3113 }, 
        {"sofa" : 12,  "begin" : 3114,  "end" : 3119 }, 
        {"sofa" : 12,  "begin" : 3120,  "end" : 3123 }, 
        {"sofa" : 12,  "begin" : 3124,  "end" : 3134 }, 
        {"sofa" : 12,  "begin" : 3135,  "end" : 3141 }, 
        {"sofa" : 12,  "begin" : 3142,  "end" : 3150 }, 
        {"sofa" : 12,  "begin" : 3150,  "end" : 3151 }, 
        {"sofa" : 12,  "begin" : 3152,  "end" : 3156 }, 
        {"sofa" : 12,  "begin" : 3157,  "end" : 3161 }, 
        {"sofa" : 12,  "begin" : 3162,  "end" : 3166 }, 
        {"sofa" : 12,  "begin" : 3167,  "end" : 3169 }, 
        {"sofa" : 12,  "begin" : 3170,  "end" : 3174 }, 
        {"sofa" : 12,  "begin" : 3175,  "end" : 3177 }, 
        {"sofa" : 12,  "begin" : 3178,  "end" : 3184 }, 
        {"sofa" : 12,  "begin" : 3185,  "end" : 3192 }, 
        {"sofa" : 12,  "begin" : 3193,  "end" : 3195 }, 
        {"sofa" : 12,  "begin" : 3196,  "end" : 3198 }, 
        {"sofa" : 12,  "begin" : 3199,  "end" : 3203 }, 
        {"sofa" : 12,  "begin" : 3204,  "end" : 3209 }, 
        {"sofa" : 12,  "begin" : 3209,  "end" : 3210 }, 
        {"sofa" : 12,  "begin" : 3212,  "end" : 3213 }, 
        {"sofa" : 12,  "begin" : 3213,  "end" : 3219 }, 
        {"sofa" : 12,  "begin" : 3219,  "end" : 3220 }, 
        {"sofa" : 12,  "begin" : 3221,  "end" : 3233 }, 
        {"sofa" : 12,  "begin" : 3233,  "end" : 3234 } ], 
      "Persuasive_Labels" : [
        {"sofa" : 12,  "begin" : 195,  "end" : 267,  "EmotionalAppeals" : "emotional appeals" }, 
        {"sofa" : 12,  "begin" : 195,  "end" : 267,  "EmotionalAppeals" : "anxiety" }, 
        {"sofa" : 12,  "begin" : 656,  "end" : 670,  "EmotionalAppeals" : "emotional appeals" }, 
        {"sofa" : 12,  "begin" : 656,  "end" : 669,  "EmotionalAppeals" : "anxiety" }, 
        {"sofa" : 12,  "begin" : 845,  "end" : 980,  "EstablishingLegitimacy" : "Establishing Legitimacy" }, 
        {"sofa" : 12,  "begin" : 845,  "end" : 980,  "EstablishingLegitimacy" : "citing source to establish legitimacy_source verified to be credible" }, 
        {"sofa" : 12,  "begin" : 1179,  "end" : 1212,  "EstablishingLegitimacy" : "Establishing Legitimacy" }, 
        {"sofa" : 12,  "begin" : 1179,  "end" : 1212,  "EstablishingLegitimacy" : "citing source to establish legitimacy_source not verified" }, 
        {"sofa" : 12,  "begin" : 2184,  "end" : 2258,  "EstablishingLegitimacy" : "citing source to establish legitimacy_source not verified" }, 
        {"sofa" : 12,  "begin" : 2184,  "end" : 2257,  "EstablishingLegitimacy" : "Establishing Legitimacy" }, 
        {"sofa" : 12,  "begin" : 2533,  "end" : 2650,  "EstablishingLegitimacy" : "Establishing Legitimacy" }, 
        {"sofa" : 12,  "begin" : 2533,  "end" : 2650,  "EstablishingLegitimacy" : "citing source to establish legitimacy_source not verified" } ] } }, 
  "_referenced_fss" : {
    "12" : {"_type" : "Sofa",  "sofaNum" : 1,  "sofaID" : "_InitialView",  "mimeType" : "text",  "sofaString" : "﻿tron-01429 Contaminated Lemon Slices in Restaurants \r\nSource: https://www.thehealthy.com/hydration/lemon-water-germs/ \r\nFact checking: https://www.truthorfiction.com/lemons/ \r\nActual content: \r\nThe Serious Reason You Need to Stop Putting Lemon Wedges Into Your Water\r\nMarissa LaliberteUpdated: Feb. 27, 2019\r\nGuaranteed someone at your table will order one.\r\nIt's likely the first thing your server will ask when you sit down for a restaurant meal: What would you like to drink? Well, there's one incredibly popular drink that you might not want to order.\r\nWhether you ask for it or not, a glass of water or Diet Coke usually comes with a slice of lemon. But be warned: Despite all the health benefits of lemon water, you might want to tell your server to leave the citrus out. Don't miss these other 7 foods chefs never order at restaurants.\r\nA 2007 study in the Journal of Environmental Health tested 76 lemons from 21 restaurants for germs and had some pretty freaky findings. Nearly 70 percent of the lemon slices had bacteria, viruses, and other microbes-including disease-causing E. coli. Even though lemon is a natural germ-killer, it can still get contaminated itself.\r\nAnother ABC investigation testing one lemon at 10 different restaurants found that half the wedges contained human waste. Gross! Check out these other gross things restaurants do to save money.\r\nLemon wedges are way more likely to have bacteria than the food you order on a plate because restaurant health standards tend to be less strict for garnishes. The ABC investigation noticed that restaurant workers often grabbed lemons without gloves or tongs. If they didn't scrub their hands thoroughly after using the bathroom or touching another germ-ridden spot, there's a good chance they could leave that bacteria on the lemon in your drink. Plus, restaurants might just rinse the skin instead of giving each fruit a good scrub.\r\nBut before you start giving servers the death glare when you see them carrying lemon water, know that the garnish won't necessarily make you sick. The 2007 study authors admitted there haven't been any diseases or outbreaks linked to lemons, and that still holds true today. And microbiology expert Philip Tierno, PhD, who led the ABC investigation, says your immune system will usually protect you from getting sick from lemon water. Before sitting down at a table, watch out for these red flags you're about to eat at a bad restaurant.\r\n\"The usual course will probably result in no infection, but there is a possibility,\" Dr. Tierno, clinical professor of microbiology and pathology at NYU Langone Medical Center, tells the Huffington Post when discussing his findings. \"You can't live in a bubble. Your immune system is usually pretty good.\"\r\nStill, if you're concerned, just request your server bring your water or soda with no lemon. And if you can't live without it, try squeezing in the juice then setting the wedge aside. Even though the juice has bacteria, at least you won't have germs from the rind floating in your glass, too. Don't skip the lemon water at home though, because drinking lemon water has incredible health benefits. Just make sure to wash it before putting it in your glass.\r\n[Source: Cosmopolitan]\r\n\r\n" } } }