{"_context" : {
    "_types" : {
      "DocumentMetaData" : {
        "_feature_types" : {"sofa" : "_ref" } }, 
      "Persuasive_Labels" : {
        "_feature_types" : {"sofa" : "_ref" } }, 
      "Sentence" : {
        "_feature_types" : {"sofa" : "_ref" } }, 
      "Sofa" : {
        "_feature_types" : {"sofaArray" : "_ref" } }, 
      "TagsetDescription" : {
        "_feature_types" : {"sofa" : "_ref",  "tags" : "_ref" } }, 
      "Token" : {
        "_feature_types" : {"sofa" : "_ref",  "parent" : "_ref",  "lemma" : "_ref",  "stem" : "_ref",  "pos" : "_ref",  "morph" : "_ref",  "form" : "_ref" } }, 
      "DocumentAnnotation" : {
        "_feature_types" : {"sofa" : "_ref" }, 
        "_subtypes" : ["DocumentMetaData" ] }, 
      "Annotation" : {
        "_feature_types" : {"sofa" : "_ref" }, 
        "_subtypes" : ["DocumentAnnotation",  "Persuasive_Labels",  "Sentence",  "TagsetDescription",  "Token" ] }, 
      "AnnotationBase" : {
        "_feature_types" : {"sofa" : "_ref" }, 
        "_subtypes" : ["Annotation" ] }, 
      "TOP" : {
        "_subtypes" : ["AnnotationBase",  "Sofa" ] } } }, 
  "_views" : {
    "_InitialView" : {
      "DocumentMetaData" : [
        {"sofa" : 12,  "end" : 2480,  "language" : "x-unspecified",  "documentTitle" : "175.%20snes-02061%20Margarine%20was%20originally%20manufactured%20to%20fatten%20turkeys.txt",  "documentId" : "admin",  "documentUri" : "file:/C:/Users/huiyi/.webanno/repository/project/4/document/631/source/admin",  "collectionId" : "file:/C:/Users/huiyi/.webanno/repository/project/4/document/631/source/",  "documentBaseUri" : "file:/C:/Users/huiyi/.webanno/repository/project/4/document/631/source/",  "isLastSegment" : false } ], 
      "TagsetDescription" : [
        {"sofa" : 12,  "layer" : "de.tudarmstadt.ukp.dkpro.core.api.syntax.type.dependency.Dependency",  "name" : "UD Universal Dependencies (v2)",  "input" : false }, 
        {"sofa" : 12,  "layer" : "de.tudarmstadt.ukp.dkpro.core.api.ner.type.NamedEntity",  "name" : "Named Entity tags",  "input" : false }, 
        {"sofa" : 12,  "layer" : "de.tudarmstadt.ukp.dkpro.core.api.transform.type.SofaChangeAnnotation",  "name" : "Operation",  "input" : false }, 
        {"sofa" : 12,  "layer" : "de.tudarmstadt.ukp.dkpro.core.api.lexmorph.type.pos.POS",  "name" : "UD Universal POS tags (v2)",  "input" : false }, 
        {"sofa" : 12,  "layer" : "webanno.custom.Persuasive_Labels",  "name" : "2. Using Anecdotes and Personal Experience as Evidence",  "input" : false } ], 
      "Sentence" : [
        {"sofa" : 12,  "end" : 68 }, 
        {"sofa" : 12,  "begin" : 70,  "end" : 263 }, 
        {"sofa" : 12,  "begin" : 265,  "end" : 379 }, 
        {"sofa" : 12,  "begin" : 380,  "end" : 522 }, 
        {"sofa" : 12,  "begin" : 524,  "end" : 694 }, 
        {"sofa" : 12,  "begin" : 695,  "end" : 782 }, 
        {"sofa" : 12,  "begin" : 783,  "end" : 876 }, 
        {"sofa" : 12,  "begin" : 878,  "end" : 1211 }, 
        {"sofa" : 12,  "begin" : 1213,  "end" : 1255 }, 
        {"sofa" : 12,  "begin" : 1257,  "end" : 1310 }, 
        {"sofa" : 12,  "begin" : 1311,  "end" : 1493 }, 
        {"sofa" : 12,  "begin" : 1495,  "end" : 1786 }, 
        {"sofa" : 12,  "begin" : 1787,  "end" : 1918 }, 
        {"sofa" : 12,  "begin" : 1919,  "end" : 1923 }, 
        {"sofa" : 12,  "begin" : 1925,  "end" : 1954 }, 
        {"sofa" : 12,  "begin" : 1955,  "end" : 2016 }, 
        {"sofa" : 12,  "begin" : 2021,  "end" : 2077 }, 
        {"sofa" : 12,  "begin" : 2078,  "end" : 2278 }, 
        {"sofa" : 12,  "begin" : 2279,  "end" : 2406 }, 
        {"sofa" : 12,  "begin" : 2407,  "end" : 2426 }, 
        {"sofa" : 12,  "begin" : 2427,  "end" : 2478 } ], 
      "Token" : [
        {"sofa" : 12,  "end" : 5 }, 
        {"sofa" : 12,  "begin" : 5,  "end" : 6 }, 
        {"sofa" : 12,  "begin" : 6,  "end" : 11 }, 
        {"sofa" : 12,  "begin" : 12,  "end" : 21 }, 
        {"sofa" : 12,  "begin" : 22,  "end" : 25 }, 
        {"sofa" : 12,  "begin" : 26,  "end" : 36 }, 
        {"sofa" : 12,  "begin" : 37,  "end" : 49 }, 
        {"sofa" : 12,  "begin" : 50,  "end" : 52 }, 
        {"sofa" : 12,  "begin" : 53,  "end" : 59 }, 
        {"sofa" : 12,  "begin" : 60,  "end" : 67 }, 
        {"sofa" : 12,  "begin" : 67,  "end" : 68 }, 
        {"sofa" : 12,  "begin" : 70,  "end" : 76 }, 
        {"sofa" : 12,  "begin" : 76,  "end" : 77 }, 
        {"sofa" : 12,  "begin" : 78,  "end" : 83 }, 
        {"sofa" : 12,  "begin" : 83,  "end" : 84 }, 
        {"sofa" : 12,  "begin" : 84,  "end" : 85 }, 
        {"sofa" : 12,  "begin" : 85,  "end" : 86 }, 
        {"sofa" : 12,  "begin" : 86,  "end" : 100 }, 
        {"sofa" : 12,  "begin" : 100,  "end" : 101 }, 
        {"sofa" : 12,  "begin" : 101,  "end" : 111 }, 
        {"sofa" : 12,  "begin" : 111,  "end" : 112 }, 
        {"sofa" : 12,  "begin" : 112,  "end" : 128 }, 
        {"sofa" : 12,  "begin" : 128,  "end" : 129 }, 
        {"sofa" : 12,  "begin" : 132,  "end" : 136 }, 
        {"sofa" : 12,  "begin" : 137,  "end" : 145 }, 
        {"sofa" : 12,  "begin" : 145,  "end" : 146 }, 
        {"sofa" : 12,  "begin" : 147,  "end" : 152 }, 
        {"sofa" : 12,  "begin" : 152,  "end" : 153 }, 
        {"sofa" : 12,  "begin" : 153,  "end" : 154 }, 
        {"sofa" : 12,  "begin" : 154,  "end" : 155 }, 
        {"sofa" : 12,  "begin" : 155,  "end" : 169 }, 
        {"sofa" : 12,  "begin" : 169,  "end" : 170 }, 
        {"sofa" : 12,  "begin" : 170,  "end" : 180 }, 
        {"sofa" : 12,  "begin" : 180,  "end" : 181 }, 
        {"sofa" : 12,  "begin" : 181,  "end" : 197 }, 
        {"sofa" : 12,  "begin" : 197,  "end" : 198 }, 
        {"sofa" : 12,  "begin" : 201,  "end" : 207 }, 
        {"sofa" : 12,  "begin" : 208,  "end" : 215 }, 
        {"sofa" : 12,  "begin" : 215,  "end" : 216 }, 
        {"sofa" : 12,  "begin" : 219,  "end" : 222 }, 
        {"sofa" : 12,  "begin" : 223,  "end" : 233 }, 
        {"sofa" : 12,  "begin" : 234,  "end" : 241 }, 
        {"sofa" : 12,  "begin" : 242,  "end" : 248 }, 
        {"sofa" : 12,  "begin" : 249,  "end" : 252 }, 
        {"sofa" : 12,  "begin" : 253,  "end" : 262 }, 
        {"sofa" : 12,  "begin" : 262,  "end" : 263 }, 
        {"sofa" : 12,  "begin" : 265,  "end" : 269 }, 
        {"sofa" : 12,  "begin" : 270,  "end" : 274 }, 
        {"sofa" : 12,  "begin" : 275,  "end" : 278 }, 
        {"sofa" : 12,  "begin" : 279,  "end" : 283 }, 
        {"sofa" : 12,  "begin" : 284,  "end" : 290 }, 
        {"sofa" : 12,  "begin" : 291,  "end" : 293 }, 
        {"sofa" : 12,  "begin" : 294,  "end" : 302 }, 
        {"sofa" : 12,  "begin" : 302,  "end" : 303 }, 
        {"sofa" : 12,  "begin" : 304,  "end" : 310 }, 
        {"sofa" : 12,  "begin" : 311,  "end" : 313 }, 
        {"sofa" : 12,  "begin" : 314,  "end" : 322 }, 
        {"sofa" : 12,  "begin" : 323,  "end" : 329 }, 
        {"sofa" : 12,  "begin" : 330,  "end" : 332 }, 
        {"sofa" : 12,  "begin" : 333,  "end" : 342 }, 
        {"sofa" : 12,  "begin" : 343,  "end" : 347 }, 
        {"sofa" : 12,  "begin" : 348,  "end" : 350 }, 
        {"sofa" : 12,  "begin" : 351,  "end" : 352 }, 
        {"sofa" : 12,  "begin" : 353,  "end" : 358 }, 
        {"sofa" : 12,  "begin" : 359,  "end" : 367 }, 
        {"sofa" : 12,  "begin" : 368,  "end" : 370 }, 
        {"sofa" : 12,  "begin" : 371,  "end" : 372 }, 
        {"sofa" : 12,  "begin" : 373,  "end" : 378 }, 
        {"sofa" : 12,  "begin" : 378,  "end" : 379 }, 
        {"sofa" : 12,  "begin" : 380,  "end" : 386 }, 
        {"sofa" : 12,  "begin" : 387,  "end" : 396 }, 
        {"sofa" : 12,  "begin" : 397,  "end" : 400 }, 
        {"sofa" : 12,  "begin" : 401,  "end" : 409 }, 
        {"sofa" : 12,  "begin" : 410,  "end" : 415 }, 
        {"sofa" : 12,  "begin" : 416,  "end" : 423 }, 
        {"sofa" : 12,  "begin" : 424,  "end" : 426 }, 
        {"sofa" : 12,  "begin" : 427,  "end" : 432 }, 
        {"sofa" : 12,  "begin" : 433,  "end" : 435 }, 
        {"sofa" : 12,  "begin" : 436,  "end" : 439 }, 
        {"sofa" : 12,  "begin" : 440,  "end" : 444 }, 
        {"sofa" : 12,  "begin" : 445,  "end" : 451 }, 
        {"sofa" : 12,  "begin" : 452,  "end" : 455 }, 
        {"sofa" : 12,  "begin" : 456,  "end" : 460 }, 
        {"sofa" : 12,  "begin" : 461,  "end" : 467 }, 
        {"sofa" : 12,  "begin" : 468,  "end" : 470 }, 
        {"sofa" : 12,  "begin" : 471,  "end" : 477 }, 
        {"sofa" : 12,  "begin" : 478,  "end" : 487 }, 
        {"sofa" : 12,  "begin" : 488,  "end" : 490 }, 
        {"sofa" : 12,  "begin" : 491,  "end" : 492 }, 
        {"sofa" : 12,  "begin" : 493,  "end" : 499 }, 
        {"sofa" : 12,  "begin" : 500,  "end" : 507 }, 
        {"sofa" : 12,  "begin" : 508,  "end" : 515 }, 
        {"sofa" : 12,  "begin" : 516,  "end" : 521 }, 
        {"sofa" : 12,  "begin" : 521,  "end" : 522 }, 
        {"sofa" : 12,  "begin" : 524,  "end" : 530 }, 
        {"sofa" : 12,  "begin" : 531,  "end" : 537 }, 
        {"sofa" : 12,  "begin" : 538,  "end" : 547 }, 
        {"sofa" : 12,  "begin" : 548,  "end" : 551 }, 
        {"sofa" : 12,  "begin" : 552,  "end" : 562 }, 
        {"sofa" : 12,  "begin" : 563,  "end" : 565 }, 
        {"sofa" : 12,  "begin" : 566,  "end" : 570 }, 
        {"sofa" : 12,  "begin" : 571,  "end" : 576 }, 
        {"sofa" : 12,  "begin" : 577,  "end" : 586 }, 
        {"sofa" : 12,  "begin" : 587,  "end" : 589 }, 
        {"sofa" : 12,  "begin" : 590,  "end" : 595 }, 
        {"sofa" : 12,  "begin" : 596,  "end" : 601 }, 
        {"sofa" : 12,  "begin" : 601,  "end" : 602 }, 
        {"sofa" : 12,  "begin" : 603,  "end" : 609 }, 
        {"sofa" : 12,  "begin" : 610,  "end" : 613 }, 
        {"sofa" : 12,  "begin" : 614,  "end" : 618 }, 
        {"sofa" : 12,  "begin" : 619,  "end" : 630 }, 
        {"sofa" : 12,  "begin" : 631,  "end" : 639 }, 
        {"sofa" : 12,  "begin" : 640,  "end" : 645 }, 
        {"sofa" : 12,  "begin" : 646,  "end" : 655 }, 
        {"sofa" : 12,  "begin" : 656,  "end" : 659 }, 
        {"sofa" : 12,  "begin" : 660,  "end" : 661 }, 
        {"sofa" : 12,  "begin" : 662,  "end" : 665 }, 
        {"sofa" : 12,  "begin" : 666,  "end" : 670 }, 
        {"sofa" : 12,  "begin" : 671,  "end" : 678 }, 
        {"sofa" : 12,  "begin" : 679,  "end" : 683 }, 
        {"sofa" : 12,  "begin" : 684,  "end" : 687 }, 
        {"sofa" : 12,  "begin" : 688,  "end" : 693 }, 
        {"sofa" : 12,  "begin" : 693,  "end" : 694 }, 
        {"sofa" : 12,  "begin" : 695,  "end" : 701 }, 
        {"sofa" : 12,  "begin" : 702,  "end" : 708 }, 
        {"sofa" : 12,  "begin" : 709,  "end" : 713 }, 
        {"sofa" : 12,  "begin" : 714,  "end" : 720 }, 
        {"sofa" : 12,  "begin" : 721,  "end" : 725 }, 
        {"sofa" : 12,  "begin" : 726,  "end" : 735 }, 
        {"sofa" : 12,  "begin" : 736,  "end" : 739 }, 
        {"sofa" : 12,  "begin" : 740,  "end" : 742 }, 
        {"sofa" : 12,  "begin" : 743,  "end" : 746 }, 
        {"sofa" : 12,  "begin" : 747,  "end" : 754 }, 
        {"sofa" : 12,  "begin" : 755,  "end" : 758 }, 
        {"sofa" : 12,  "begin" : 759,  "end" : 766 }, 
        {"sofa" : 12,  "begin" : 767,  "end" : 769 }, 
        {"sofa" : 12,  "begin" : 770,  "end" : 775 }, 
        {"sofa" : 12,  "begin" : 776,  "end" : 781 }, 
        {"sofa" : 12,  "begin" : 781,  "end" : 782 }, 
        {"sofa" : 12,  "begin" : 783,  "end" : 789 }, 
        {"sofa" : 12,  "begin" : 790,  "end" : 793 }, 
        {"sofa" : 12,  "begin" : 794,  "end" : 798 }, 
        {"sofa" : 12,  "begin" : 799,  "end" : 805 }, 
        {"sofa" : 12,  "begin" : 806,  "end" : 809 }, 
        {"sofa" : 12,  "begin" : 810,  "end" : 819 }, 
        {"sofa" : 12,  "begin" : 820,  "end" : 825 }, 
        {"sofa" : 12,  "begin" : 826,  "end" : 835 }, 
        {"sofa" : 12,  "begin" : 836,  "end" : 839 }, 
        {"sofa" : 12,  "begin" : 840,  "end" : 844 }, 
        {"sofa" : 12,  "begin" : 845,  "end" : 851 }, 
        {"sofa" : 12,  "begin" : 852,  "end" : 855 }, 
        {"sofa" : 12,  "begin" : 856,  "end" : 860 }, 
        {"sofa" : 12,  "begin" : 861,  "end" : 865 }, 
        {"sofa" : 12,  "begin" : 866,  "end" : 869 }, 
        {"sofa" : 12,  "begin" : 870,  "end" : 875 }, 
        {"sofa" : 12,  "begin" : 875,  "end" : 876 }, 
        {"sofa" : 12,  "begin" : 878,  "end" : 881 }, 
        {"sofa" : 12,  "begin" : 882,  "end" : 885 }, 
        {"sofa" : 12,  "begin" : 886,  "end" : 895 }, 
        {"sofa" : 12,  "begin" : 895,  "end" : 896 }, 
        {"sofa" : 12,  "begin" : 897,  "end" : 901 }, 
        {"sofa" : 12,  "begin" : 902,  "end" : 906 }, 
        {"sofa" : 12,  "begin" : 907,  "end" : 909 }, 
        {"sofa" : 12,  "begin" : 910,  "end" : 915 }, 
        {"sofa" : 12,  "begin" : 916,  "end" : 921 }, 
        {"sofa" : 12,  "begin" : 922,  "end" : 927 }, 
        {"sofa" : 12,  "begin" : 928,  "end" : 934 }, 
        {"sofa" : 12,  "begin" : 935,  "end" : 939 }, 
        {"sofa" : 12,  "begin" : 940,  "end" : 942 }, 
        {"sofa" : 12,  "begin" : 943,  "end" : 951 }, 
        {"sofa" : 12,  "begin" : 952,  "end" : 957 }, 
        {"sofa" : 12,  "begin" : 958,  "end" : 965 }, 
        {"sofa" : 12,  "begin" : 965,  "end" : 966 }, 
        {"sofa" : 12,  "begin" : 967,  "end" : 976 }, 
        {"sofa" : 12,  "begin" : 977,  "end" : 982 }, 
        {"sofa" : 12,  "begin" : 983,  "end" : 986 }, 
        {"sofa" : 12,  "begin" : 987,  "end" : 990 }, 
        {"sofa" : 12,  "begin" : 991,  "end" : 992 }, 
        {"sofa" : 12,  "begin" : 993,  "end" : 997 }, 
        {"sofa" : 12,  "begin" : 998,  "end" : 1000 }, 
        {"sofa" : 12,  "begin" : 1001,  "end" : 1004 }, 
        {"sofa" : 12,  "begin" : 1005,  "end" : 1008 }, 
        {"sofa" : 12,  "begin" : 1009,  "end" : 1020 }, 
        {"sofa" : 12,  "begin" : 1020,  "end" : 1021 }, 
        {"sofa" : 12,  "begin" : 1021,  "end" : 1022 }, 
        {"sofa" : 12,  "begin" : 1023,  "end" : 1029 }, 
        {"sofa" : 12,  "begin" : 1030,  "end" : 1033 }, 
        {"sofa" : 12,  "begin" : 1034,  "end" : 1045 }, 
        {"sofa" : 12,  "begin" : 1046,  "end" : 1049 }, 
        {"sofa" : 12,  "begin" : 1050,  "end" : 1054 }, 
        {"sofa" : 12,  "begin" : 1055,  "end" : 1057 }, 
        {"sofa" : 12,  "begin" : 1058,  "end" : 1061 }, 
        {"sofa" : 12,  "begin" : 1062,  "end" : 1066 }, 
        {"sofa" : 12,  "begin" : 1067,  "end" : 1070 }, 
        {"sofa" : 12,  "begin" : 1070,  "end" : 1071 }, 
        {"sofa" : 12,  "begin" : 1072,  "end" : 1081 }, 
        {"sofa" : 12,  "begin" : 1082,  "end" : 1085 }, 
        {"sofa" : 12,  "begin" : 1086,  "end" : 1090 }, 
        {"sofa" : 12,  "begin" : 1091,  "end" : 1093 }, 
        {"sofa" : 12,  "begin" : 1094,  "end" : 1101 }, 
        {"sofa" : 12,  "begin" : 1102,  "end" : 1104 }, 
        {"sofa" : 12,  "begin" : 1105,  "end" : 1107 }, 
        {"sofa" : 12,  "begin" : 1108,  "end" : 1110 }, 
        {"sofa" : 12,  "begin" : 1111,  "end" : 1115 }, 
        {"sofa" : 12,  "begin" : 1116,  "end" : 1120 }, 
        {"sofa" : 12,  "begin" : 1120,  "end" : 1121 }, 
        {"sofa" : 12,  "begin" : 1122,  "end" : 1128 }, 
        {"sofa" : 12,  "begin" : 1129,  "end" : 1136 }, 
        {"sofa" : 12,  "begin" : 1137,  "end" : 1139 }, 
        {"sofa" : 12,  "begin" : 1140,  "end" : 1146 }, 
        {"sofa" : 12,  "begin" : 1147,  "end" : 1151 }, 
        {"sofa" : 12,  "begin" : 1151,  "end" : 1152 }, 
        {"sofa" : 12,  "begin" : 1153,  "end" : 1162 }, 
        {"sofa" : 12,  "begin" : 1163,  "end" : 1169 }, 
        {"sofa" : 12,  "begin" : 1170,  "end" : 1178 }, 
        {"sofa" : 12,  "begin" : 1178,  "end" : 1179 }, 
        {"sofa" : 12,  "begin" : 1180,  "end" : 1183 }, 
        {"sofa" : 12,  "begin" : 1184,  "end" : 1193 }, 
        {"sofa" : 12,  "begin" : 1194,  "end" : 1201 }, 
        {"sofa" : 12,  "begin" : 1202,  "end" : 1210 }, 
        {"sofa" : 12,  "begin" : 1210,  "end" : 1211 }, 
        {"sofa" : 12,  "begin" : 1213,  "end" : 1216 }, 
        {"sofa" : 12,  "begin" : 1217,  "end" : 1221 }, 
        {"sofa" : 12,  "begin" : 1222,  "end" : 1224 }, 
        {"sofa" : 12,  "begin" : 1225,  "end" : 1228 }, 
        {"sofa" : 12,  "begin" : 1229,  "end" : 1233 }, 
        {"sofa" : 12,  "begin" : 1234,  "end" : 1244 }, 
        {"sofa" : 12,  "begin" : 1245,  "end" : 1249 }, 
        {"sofa" : 12,  "begin" : 1249,  "end" : 1250 }, 
        {"sofa" : 12,  "begin" : 1250,  "end" : 1251 }, 
        {"sofa" : 12,  "begin" : 1251,  "end" : 1252 }, 
        {"sofa" : 12,  "begin" : 1252,  "end" : 1253 }, 
        {"sofa" : 12,  "begin" : 1253,  "end" : 1254 }, 
        {"sofa" : 12,  "begin" : 1254,  "end" : 1255 }, 
        {"sofa" : 12,  "begin" : 1257,  "end" : 1266 }, 
        {"sofa" : 12,  "begin" : 1267,  "end" : 1269 }, 
        {"sofa" : 12,  "begin" : 1270,  "end" : 1273 }, 
        {"sofa" : 12,  "begin" : 1274,  "end" : 1277 }, 
        {"sofa" : 12,  "begin" : 1278,  "end" : 1286 }, 
        {"sofa" : 12,  "begin" : 1287,  "end" : 1291 }, 
        {"sofa" : 12,  "begin" : 1292,  "end" : 1297 }, 
        {"sofa" : 12,  "begin" : 1298,  "end" : 1305 }, 
        {"sofa" : 12,  "begin" : 1305,  "end" : 1306 }, 
        {"sofa" : 12,  "begin" : 1306,  "end" : 1307 }, 
        {"sofa" : 12,  "begin" : 1307,  "end" : 1308 }, 
        {"sofa" : 12,  "begin" : 1308,  "end" : 1309 }, 
        {"sofa" : 12,  "begin" : 1309,  "end" : 1310 }, 
        {"sofa" : 12,  "begin" : 1311,  "end" : 1312 }, 
        {"sofa" : 12,  "begin" : 1312,  "end" : 1316 }, 
        {"sofa" : 12,  "begin" : 1317,  "end" : 1321 }, 
        {"sofa" : 12,  "begin" : 1322,  "end" : 1327 }, 
        {"sofa" : 12,  "begin" : 1328,  "end" : 1331 }, 
        {"sofa" : 12,  "begin" : 1332,  "end" : 1338 }, 
        {"sofa" : 12,  "begin" : 1339,  "end" : 1341 }, 
        {"sofa" : 12,  "begin" : 1342,  "end" : 1346 }, 
        {"sofa" : 12,  "begin" : 1347,  "end" : 1349 }, 
        {"sofa" : 12,  "begin" : 1350,  "end" : 1358 }, 
        {"sofa" : 12,  "begin" : 1359,  "end" : 1368 }, 
        {"sofa" : 12,  "begin" : 1369,  "end" : 1372 }, 
        {"sofa" : 12,  "begin" : 1373,  "end" : 1377 }, 
        {"sofa" : 12,  "begin" : 1378,  "end" : 1381 }, 
        {"sofa" : 12,  "begin" : 1382,  "end" : 1390 }, 
        {"sofa" : 12,  "begin" : 1391,  "end" : 1395 }, 
        {"sofa" : 12,  "begin" : 1396,  "end" : 1400 }, 
        {"sofa" : 12,  "begin" : 1401,  "end" : 1403 }, 
        {"sofa" : 12,  "begin" : 1404,  "end" : 1416 }, 
        {"sofa" : 12,  "begin" : 1416,  "end" : 1417 }, 
        {"sofa" : 12,  "begin" : 1418,  "end" : 1422 }, 
        {"sofa" : 12,  "begin" : 1423,  "end" : 1428 }, 
        {"sofa" : 12,  "begin" : 1429,  "end" : 1437 }, 
        {"sofa" : 12,  "begin" : 1438,  "end" : 1440 }, 
        {"sofa" : 12,  "begin" : 1441,  "end" : 1446 }, 
        {"sofa" : 12,  "begin" : 1447,  "end" : 1455 }, 
        {"sofa" : 12,  "begin" : 1456,  "end" : 1459 }, 
        {"sofa" : 12,  "begin" : 1460,  "end" : 1469 }, 
        {"sofa" : 12,  "begin" : 1470,  "end" : 1479 }, 
        {"sofa" : 12,  "begin" : 1480,  "end" : 1482 }, 
        {"sofa" : 12,  "begin" : 1483,  "end" : 1486 }, 
        {"sofa" : 12,  "begin" : 1487,  "end" : 1491 }, 
        {"sofa" : 12,  "begin" : 1491,  "end" : 1492 }, 
        {"sofa" : 12,  "begin" : 1492,  "end" : 1493 }, 
        {"sofa" : 12,  "begin" : 1495,  "end" : 1498 }, 
        {"sofa" : 12,  "begin" : 1499,  "end" : 1502 }, 
        {"sofa" : 12,  "begin" : 1503,  "end" : 1506 }, 
        {"sofa" : 12,  "begin" : 1507,  "end" : 1511 }, 
        {"sofa" : 12,  "begin" : 1512,  "end" : 1515 }, 
        {"sofa" : 12,  "begin" : 1516,  "end" : 1524 }, 
        {"sofa" : 12,  "begin" : 1524,  "end" : 1525 }, 
        {"sofa" : 12,  "begin" : 1526,  "end" : 1534 }, 
        {"sofa" : 12,  "begin" : 1535,  "end" : 1536 }, 
        {"sofa" : 12,  "begin" : 1537,  "end" : 1540 }, 
        {"sofa" : 12,  "begin" : 1541,  "end" : 1543 }, 
        {"sofa" : 12,  "begin" : 1544,  "end" : 1553 }, 
        {"sofa" : 12,  "begin" : 1554,  "end" : 1557 }, 
        {"sofa" : 12,  "begin" : 1558,  "end" : 1563 }, 
        {"sofa" : 12,  "begin" : 1564,  "end" : 1566 }, 
        {"sofa" : 12,  "begin" : 1567,  "end" : 1569 }, 
        {"sofa" : 12,  "begin" : 1570,  "end" : 1574 }, 
        {"sofa" : 12,  "begin" : 1575,  "end" : 1581 }, 
        {"sofa" : 12,  "begin" : 1582,  "end" : 1584 }, 
        {"sofa" : 12,  "begin" : 1585,  "end" : 1591 }, 
        {"sofa" : 12,  "begin" : 1592,  "end" : 1596 }, 
        {"sofa" : 12,  "begin" : 1596,  "end" : 1597 }, 
        {"sofa" : 12,  "begin" : 1598,  "end" : 1604 }, 
        {"sofa" : 12,  "begin" : 1605,  "end" : 1606 }, 
        {"sofa" : 12,  "begin" : 1607,  "end" : 1613 }, 
        {"sofa" : 12,  "begin" : 1614,  "end" : 1616 }, 
        {"sofa" : 12,  "begin" : 1617,  "end" : 1621 }, 
        {"sofa" : 12,  "begin" : 1622,  "end" : 1625 }, 
        {"sofa" : 12,  "begin" : 1626,  "end" : 1630 }, 
        {"sofa" : 12,  "begin" : 1631,  "end" : 1635 }, 
        {"sofa" : 12,  "begin" : 1636,  "end" : 1637 }, 
        {"sofa" : 12,  "begin" : 1638,  "end" : 1644 }, 
        {"sofa" : 12,  "begin" : 1645,  "end" : 1647 }, 
        {"sofa" : 12,  "begin" : 1648,  "end" : 1654 }, 
        {"sofa" : 12,  "begin" : 1654,  "end" : 1655 }, 
        {"sofa" : 12,  "begin" : 1656,  "end" : 1658 }, 
        {"sofa" : 12,  "begin" : 1659,  "end" : 1664 }, 
        {"sofa" : 12,  "begin" : 1664,  "end" : 1665 }, 
        {"sofa" : 12,  "begin" : 1666,  "end" : 1669 }, 
        {"sofa" : 12,  "begin" : 1670,  "end" : 1674 }, 
        {"sofa" : 12,  "begin" : 1675,  "end" : 1680 }, 
        {"sofa" : 12,  "begin" : 1681,  "end" : 1686 }, 
        {"sofa" : 12,  "begin" : 1687,  "end" : 1692 }, 
        {"sofa" : 12,  "begin" : 1693,  "end" : 1698 }, 
        {"sofa" : 12,  "begin" : 1699,  "end" : 1703 }, 
        {"sofa" : 12,  "begin" : 1704,  "end" : 1706 }, 
        {"sofa" : 12,  "begin" : 1707,  "end" : 1711 }, 
        {"sofa" : 12,  "begin" : 1712,  "end" : 1714 }, 
        {"sofa" : 12,  "begin" : 1714,  "end" : 1715 }, 
        {"sofa" : 12,  "begin" : 1716,  "end" : 1717 }, 
        {"sofa" : 12,  "begin" : 1717,  "end" : 1721 }, 
        {"sofa" : 12,  "begin" : 1722,  "end" : 1728 }, 
        {"sofa" : 12,  "begin" : 1729,  "end" : 1733 }, 
        {"sofa" : 12,  "begin" : 1734,  "end" : 1737 }, 
        {"sofa" : 12,  "begin" : 1738,  "end" : 1747 }, 
        {"sofa" : 12,  "begin" : 1747,  "end" : 1748 }, 
        {"sofa" : 12,  "begin" : 1749,  "end" : 1751 }, 
        {"sofa" : 12,  "begin" : 1752,  "end" : 1756 }, 
        {"sofa" : 12,  "begin" : 1757,  "end" : 1760 }, 
        {"sofa" : 12,  "begin" : 1761,  "end" : 1764 }, 
        {"sofa" : 12,  "begin" : 1764,  "end" : 1765 }, 
        {"sofa" : 12,  "begin" : 1766,  "end" : 1771 }, 
        {"sofa" : 12,  "begin" : 1772,  "end" : 1783 }, 
        {"sofa" : 12,  "begin" : 1783,  "end" : 1784 }, 
        {"sofa" : 12,  "begin" : 1784,  "end" : 1785 }, 
        {"sofa" : 12,  "begin" : 1785,  "end" : 1786 }, 
        {"sofa" : 12,  "begin" : 1787,  "end" : 1794 }, 
        {"sofa" : 12,  "begin" : 1795,  "end" : 1797 }, 
        {"sofa" : 12,  "begin" : 1798,  "end" : 1801 }, 
        {"sofa" : 12,  "begin" : 1802,  "end" : 1804 }, 
        {"sofa" : 12,  "begin" : 1805,  "end" : 1816 }, 
        {"sofa" : 12,  "begin" : 1817,  "end" : 1822 }, 
        {"sofa" : 12,  "begin" : 1822,  "end" : 1823 }, 
        {"sofa" : 12,  "begin" : 1824,  "end" : 1831 }, 
        {"sofa" : 12,  "begin" : 1832,  "end" : 1836 }, 
        {"sofa" : 12,  "begin" : 1837,  "end" : 1841 }, 
        {"sofa" : 12,  "begin" : 1842,  "end" : 1844 }, 
        {"sofa" : 12,  "begin" : 1845,  "end" : 1847 }, 
        {"sofa" : 12,  "begin" : 1847,  "end" : 1848 }, 
        {"sofa" : 12,  "begin" : 1849,  "end" : 1853 }, 
        {"sofa" : 12,  "begin" : 1854,  "end" : 1859 }, 
        {"sofa" : 12,  "begin" : 1860,  "end" : 1865 }, 
        {"sofa" : 12,  "begin" : 1866,  "end" : 1871 }, 
        {"sofa" : 12,  "begin" : 1872,  "end" : 1886 }, 
        {"sofa" : 12,  "begin" : 1887,  "end" : 1891 }, 
        {"sofa" : 12,  "begin" : 1892,  "end" : 1895 }, 
        {"sofa" : 12,  "begin" : 1896,  "end" : 1900 }, 
        {"sofa" : 12,  "begin" : 1901,  "end" : 1902 }, 
        {"sofa" : 12,  "begin" : 1903,  "end" : 1907 }, 
        {"sofa" : 12,  "begin" : 1908,  "end" : 1910 }, 
        {"sofa" : 12,  "begin" : 1911,  "end" : 1915 }, 
        {"sofa" : 12,  "begin" : 1915,  "end" : 1916 }, 
        {"sofa" : 12,  "begin" : 1916,  "end" : 1917 }, 
        {"sofa" : 12,  "begin" : 1917,  "end" : 1918 }, 
        {"sofa" : 12,  "begin" : 1919,  "end" : 1922 }, 
        {"sofa" : 12,  "begin" : 1922,  "end" : 1923 }, 
        {"sofa" : 12,  "begin" : 1925,  "end" : 1932 }, 
        {"sofa" : 12,  "begin" : 1933,  "end" : 1935 }, 
        {"sofa" : 12,  "begin" : 1936,  "end" : 1938 }, 
        {"sofa" : 12,  "begin" : 1939,  "end" : 1945 }, 
        {"sofa" : 12,  "begin" : 1946,  "end" : 1953 }, 
        {"sofa" : 12,  "begin" : 1953,  "end" : 1954 }, 
        {"sofa" : 12,  "begin" : 1955,  "end" : 1960 }, 
        {"sofa" : 12,  "begin" : 1961,  "end" : 1964 }, 
        {"sofa" : 12,  "begin" : 1965,  "end" : 1969 }, 
        {"sofa" : 12,  "begin" : 1970,  "end" : 1974 }, 
        {"sofa" : 12,  "begin" : 1975,  "end" : 1985 }, 
        {"sofa" : 12,  "begin" : 1986,  "end" : 1989 }, 
        {"sofa" : 12,  "begin" : 1990,  "end" : 1996 }, 
        {"sofa" : 12,  "begin" : 1997,  "end" : 2001 }, 
        {"sofa" : 12,  "begin" : 2002,  "end" : 2004 }, 
        {"sofa" : 12,  "begin" : 2005,  "end" : 2009 }, 
        {"sofa" : 12,  "begin" : 2010,  "end" : 2015 }, 
        {"sofa" : 12,  "begin" : 2015,  "end" : 2016 }, 
        {"sofa" : 12,  "begin" : 2021,  "end" : 2030 }, 
        {"sofa" : 12,  "begin" : 2031,  "end" : 2034 }, 
        {"sofa" : 12,  "begin" : 2035,  "end" : 2045 }, 
        {"sofa" : 12,  "begin" : 2046,  "end" : 2058 }, 
        {"sofa" : 12,  "begin" : 2059,  "end" : 2061 }, 
        {"sofa" : 12,  "begin" : 2062,  "end" : 2068 }, 
        {"sofa" : 12,  "begin" : 2069,  "end" : 2076 }, 
        {"sofa" : 12,  "begin" : 2076,  "end" : 2077 }, 
        {"sofa" : 12,  "begin" : 2078,  "end" : 2082 }, 
        {"sofa" : 12,  "begin" : 2083,  "end" : 2085 }, 
        {"sofa" : 12,  "begin" : 2086,  "end" : 2092 }, 
        {"sofa" : 12,  "begin" : 2093,  "end" : 2096 }, 
        {"sofa" : 12,  "begin" : 2097,  "end" : 2104 }, 
        {"sofa" : 12,  "begin" : 2104,  "end" : 2105 }, 
        {"sofa" : 12,  "begin" : 2106,  "end" : 2109 }, 
        {"sofa" : 12,  "begin" : 2110,  "end" : 2116 }, 
        {"sofa" : 12,  "begin" : 2117,  "end" : 2120 }, 
        {"sofa" : 12,  "begin" : 2121,  "end" : 2124 }, 
        {"sofa" : 12,  "begin" : 2125,  "end" : 2128 }, 
        {"sofa" : 12,  "begin" : 2129,  "end" : 2132 }, 
        {"sofa" : 12,  "begin" : 2133,  "end" : 2136 }, 
        {"sofa" : 12,  "begin" : 2137,  "end" : 2142 }, 
        {"sofa" : 12,  "begin" : 2143,  "end" : 2147 }, 
        {"sofa" : 12,  "begin" : 2148,  "end" : 2151 }, 
        {"sofa" : 12,  "begin" : 2152,  "end" : 2160 }, 
        {"sofa" : 12,  "begin" : 2161,  "end" : 2167 }, 
        {"sofa" : 12,  "begin" : 2168,  "end" : 2169 }, 
        {"sofa" : 12,  "begin" : 2170,  "end" : 2177 }, 
        {"sofa" : 12,  "begin" : 2178,  "end" : 2180 }, 
        {"sofa" : 12,  "begin" : 2181,  "end" : 2185 }, 
        {"sofa" : 12,  "begin" : 2186,  "end" : 2189 }, 
        {"sofa" : 12,  "begin" : 2190,  "end" : 2195 }, 
        {"sofa" : 12,  "begin" : 2196,  "end" : 2201 }, 
        {"sofa" : 12,  "begin" : 2202,  "end" : 2210 }, 
        {"sofa" : 12,  "begin" : 2211,  "end" : 2213 }, 
        {"sofa" : 12,  "begin" : 2214,  "end" : 2220 }, 
        {"sofa" : 12,  "begin" : 2221,  "end" : 2224 }, 
        {"sofa" : 12,  "begin" : 2225,  "end" : 2229 }, 
        {"sofa" : 12,  "begin" : 2230,  "end" : 2232 }, 
        {"sofa" : 12,  "begin" : 2233,  "end" : 2235 }, 
        {"sofa" : 12,  "begin" : 2236,  "end" : 2240 }, 
        {"sofa" : 12,  "begin" : 2241,  "end" : 2245 }, 
        {"sofa" : 12,  "begin" : 2246,  "end" : 2253 }, 
        {"sofa" : 12,  "begin" : 2254,  "end" : 2256 }, 
        {"sofa" : 12,  "begin" : 2257,  "end" : 2260 }, 
        {"sofa" : 12,  "begin" : 2261,  "end" : 2266 }, 
        {"sofa" : 12,  "begin" : 2267,  "end" : 2272 }, 
        {"sofa" : 12,  "begin" : 2273,  "end" : 2277 }, 
        {"sofa" : 12,  "begin" : 2277,  "end" : 2278 }, 
        {"sofa" : 12,  "begin" : 2279,  "end" : 2281 }, 
        {"sofa" : 12,  "begin" : 2282,  "end" : 2285 }, 
        {"sofa" : 12,  "begin" : 2286,  "end" : 2287 }, 
        {"sofa" : 12,  "begin" : 2288,  "end" : 2293 }, 
        {"sofa" : 12,  "begin" : 2294,  "end" : 2303 }, 
        {"sofa" : 12,  "begin" : 2304,  "end" : 2308 }, 
        {"sofa" : 12,  "begin" : 2309,  "end" : 2311 }, 
        {"sofa" : 12,  "begin" : 2312,  "end" : 2316 }, 
        {"sofa" : 12,  "begin" : 2317,  "end" : 2323 }, 
        {"sofa" : 12,  "begin" : 2324,  "end" : 2326 }, 
        {"sofa" : 12,  "begin" : 2327,  "end" : 2331 }, 
        {"sofa" : 12,  "begin" : 2332,  "end" : 2337 }, 
        {"sofa" : 12,  "begin" : 2338,  "end" : 2341 }, 
        {"sofa" : 12,  "begin" : 2342,  "end" : 2348 }, 
        {"sofa" : 12,  "begin" : 2349,  "end" : 2357 }, 
        {"sofa" : 12,  "begin" : 2358,  "end" : 2361 }, 
        {"sofa" : 12,  "begin" : 2362,  "end" : 2366 }, 
        {"sofa" : 12,  "begin" : 2367,  "end" : 2369 }, 
        {"sofa" : 12,  "begin" : 2370,  "end" : 2372 }, 
        {"sofa" : 12,  "begin" : 2373,  "end" : 2379 }, 
        {"sofa" : 12,  "begin" : 2380,  "end" : 2382 }, 
        {"sofa" : 12,  "begin" : 2383,  "end" : 2386 }, 
        {"sofa" : 12,  "begin" : 2387,  "end" : 2389 }, 
        {"sofa" : 12,  "begin" : 2390,  "end" : 2395 }, 
        {"sofa" : 12,  "begin" : 2396,  "end" : 2398 }, 
        {"sofa" : 12,  "begin" : 2399,  "end" : 2405 }, 
        {"sofa" : 12,  "begin" : 2405,  "end" : 2406 }, 
        {"sofa" : 12,  "begin" : 2407,  "end" : 2410 }, 
        {"sofa" : 12,  "begin" : 2411,  "end" : 2413 }, 
        {"sofa" : 12,  "begin" : 2414,  "end" : 2417 }, 
        {"sofa" : 12,  "begin" : 2418,  "end" : 2422 }, 
        {"sofa" : 12,  "begin" : 2423,  "end" : 2425 }, 
        {"sofa" : 12,  "begin" : 2425,  "end" : 2426 }, 
        {"sofa" : 12,  "begin" : 2427,  "end" : 2431 }, 
        {"sofa" : 12,  "begin" : 2432,  "end" : 2436 }, 
        {"sofa" : 12,  "begin" : 2437,  "end" : 2441 }, 
        {"sofa" : 12,  "begin" : 2442,  "end" : 2445 }, 
        {"sofa" : 12,  "begin" : 2446,  "end" : 2450 }, 
        {"sofa" : 12,  "begin" : 2451,  "end" : 2455 }, 
        {"sofa" : 12,  "begin" : 2456,  "end" : 2462 }, 
        {"sofa" : 12,  "begin" : 2463,  "end" : 2466 }, 
        {"sofa" : 12,  "begin" : 2467,  "end" : 2477 }, 
        {"sofa" : 12,  "begin" : 2477,  "end" : 2478 } ], 
      "Persuasive_Labels" : [
        {"sofa" : 12,  "begin" : 478,  "end" : 522,  "EstablishingLegitimacy" : "Establishing Legitimacy" }, 
        {"sofa" : 12,  "begin" : 478,  "end" : 522,  "EstablishingLegitimacy" : "surface credibility markers - simply claiming authority or credibility" }, 
        {"sofa" : 12,  "begin" : 897,  "end" : 1070,  "EstablishingLegitimacy" : "Establishing Legitimacy" }, 
        {"sofa" : 12,  "begin" : 897,  "end" : 1070,  "EstablishingLegitimacy" : "surface credibility markers - medical or scientific jargon" }, 
        {"sofa" : 12,  "begin" : 1072,  "end" : 1211,  "HighlightingUncertaintyandRisk" : "Highlighting Uncertainty and Risk" }, 
        {"sofa" : 12,  "begin" : 1249,  "end" : 1255,  "DistinctiveLinguisticFeatures" : "distinctive linguistic features" }, 
        {"sofa" : 12,  "begin" : 1249,  "end" : 1255,  "DistinctiveLinguisticFeatures" : "ellipses, exaggerated/excessive usage of punctuation marks" }, 
        {"sofa" : 12,  "begin" : 1298,  "end" : 1305,  "DistinctiveLinguisticFeatures" : "distinctive linguistic features" }, 
        {"sofa" : 12,  "begin" : 1298,  "end" : 1305,  "DistinctiveLinguisticFeatures" : "uppercase words" }, 
        {"sofa" : 12,  "begin" : 1305,  "end" : 1310,  "DistinctiveLinguisticFeatures" : "distinctive linguistic features" }, 
        {"sofa" : 12,  "begin" : 1305,  "end" : 1310,  "DistinctiveLinguisticFeatures" : "ellipses, exaggerated/excessive usage of punctuation marks" }, 
        {"sofa" : 12,  "begin" : 1783,  "end" : 1786,  "DistinctiveLinguisticFeatures" : "distinctive linguistic features" }, 
        {"sofa" : 12,  "begin" : 1783,  "end" : 1786,  "DistinctiveLinguisticFeatures" : "ellipses, exaggerated/excessive usage of punctuation marks" }, 
        {"sofa" : 12,  "begin" : 1915,  "end" : 1918,  "DistinctiveLinguisticFeatures" : "distinctive linguistic features" }, 
        {"sofa" : 12,  "begin" : 1915,  "end" : 1918,  "DistinctiveLinguisticFeatures" : "ellipses, exaggerated/excessive usage of punctuation marks" }, 
        {"sofa" : 12,  "begin" : 1919,  "end" : 1923,  "EstablishingLegitimacy" : "legitimate persuasive techniques: rhetorical question" }, 
        {"sofa" : 12,  "begin" : 1919,  "end" : 1923,  "EstablishingLegitimacy" : "Establishing Legitimacy" }, 
        {"sofa" : 12,  "begin" : 1955,  "end" : 2016,  "EstablishingLegitimacy" : "Establishing Legitimacy" }, 
        {"sofa" : 12,  "begin" : 1955,  "end" : 2016,  "EstablishingLegitimacy" : "legitimate persuasive techniques: rhetorical question" }, 
        {"sofa" : 12,  "begin" : 2021,  "end" : 2077,  "BiasedReasoningtoMakeaConclusion" : "lack of evidence or use unverified and incomplete evidence to make a claim" }, 
        {"sofa" : 12,  "begin" : 2021,  "end" : 2077,  "BiasedReasoningtoMakeaConclusion" : "biased reasoning to make a conclusion" }, 
        {"sofa" : 12,  "begin" : 2106,  "end" : 2278,  "DistrustingGovernmentorPharmaceuticalCompanies" : "financial motivation" }, 
        {"sofa" : 12,  "begin" : 2106,  "end" : 2278,  "DistrustingGovernmentorPharmaceuticalCompanies" : "distrusting government or corporations" } ] } }, 
  "_referenced_fss" : {
    "12" : {"_type" : "Sofa",  "sofaNum" : 1,  "sofaID" : "_InitialView",  "mimeType" : "text",  "sofaString" : "﻿snes-02061 Margarine was originally manufactured to fatten turkeys.\r\nSource: https://www.snopes.com/fact-check/the-butter-truth/ \r\nFact checking: https://www.snopes.com/fact-check/the-butter-truth/ \r\nActual content: \r\nThe difference between butter and margarine?\r\nBoth have the same amount of calories, butter is slightly higher in saturated fats at 8 grams compared to 5 grams. Eating margarine can increase heart disease in women by 53% over eating the same amount of butter according to a recent Harvard Medical Study.\r\nEating butter increases the absorption of many other nutrients in other foods, butter has many nutritional benefits where margarine has a few only because they are added! Butter tastes much better than margarine and it can enhance the flavors of other foods. Butter has been around for centuries where margarine has been around for less than 100 years.\r\nNow for Margarine, very high in trans fatty acids triple risk of Coronary Heart Disease, Increases total and LDL ( This is the bad Cholesterol), Lowers HDL cholesterol and this is the good one, Increases the risk of cancers by up to five fold, lowers quality of breast milk, decreases immune response, and decreases insulin response.\r\nAnd here is the most disturbing fact......\r\nMargarine is but one molecule from being PLASTIC..... (This fact alone was enough to have me avoiding margarine for life and anything else that is hydrogenated, this means hydrogen is added changing the molecular structure of the food.)\r\nYou can try this for yourself, purchase a tub of margarine and leave it in your garage or shaded area, within a couple of days you will note a couple of things, no flies, not even those pesky fruit flies will go near it, (that should tell you something) it does not rot, smell differently... Because it has no nutritional value, nothing will grow on it, even those teeny weeny microorganisms will not find a home to grow... Why?\r\nBecause it is nearly plastic. Would you melt your Tupperware and spread that on your toast? \r\n\r\nMargarine was originally manufactured to fatten turkeys. When it killed the turkeys, the people who had put all the money into the research wanted a payback so they put their heads together to figure out what to do with this product to get their money back. It was a white substance with no food appeal so they added the yellow coloring and sold it to people to use in place of butter. How do you like it? They have come out with some clever new flavorings.\r\n" } } }