{"_context" : {
    "_types" : {
      "DocumentMetaData" : {
        "_feature_types" : {"sofa" : "_ref" } }, 
      "Persuasive_Labels" : {
        "_feature_types" : {"sofa" : "_ref" } }, 
      "Sentence" : {
        "_feature_types" : {"sofa" : "_ref" } }, 
      "Sofa" : {
        "_feature_types" : {"sofaArray" : "_ref" } }, 
      "TagsetDescription" : {
        "_feature_types" : {"sofa" : "_ref",  "tags" : "_ref" } }, 
      "Token" : {
        "_feature_types" : {"sofa" : "_ref",  "parent" : "_ref",  "lemma" : "_ref",  "stem" : "_ref",  "pos" : "_ref",  "morph" : "_ref",  "form" : "_ref" } }, 
      "DocumentAnnotation" : {
        "_feature_types" : {"sofa" : "_ref" }, 
        "_subtypes" : ["DocumentMetaData" ] }, 
      "Annotation" : {
        "_feature_types" : {"sofa" : "_ref" }, 
        "_subtypes" : ["DocumentAnnotation",  "Persuasive_Labels",  "Sentence",  "TagsetDescription",  "Token" ] }, 
      "AnnotationBase" : {
        "_feature_types" : {"sofa" : "_ref" }, 
        "_subtypes" : ["Annotation" ] }, 
      "TOP" : {
        "_subtypes" : ["AnnotationBase",  "Sofa" ] } } }, 
  "_views" : {
    "_InitialView" : {
      "DocumentMetaData" : [
        {"sofa" : 12,  "end" : 1832,  "language" : "x-unspecified",  "documentTitle" : "91.%20snes-01172%20Sushi%20Fanatic%20Pulls%205-Foot-Long%20Tapeworm%20Out%20of%20His%20Body%20.txt",  "documentId" : "admin",  "documentUri" : "file:/C:/Users/huiyi/.webanno/repository/project/4/document/267/source/admin",  "collectionId" : "file:/C:/Users/huiyi/.webanno/repository/project/4/document/267/source/",  "documentBaseUri" : "file:/C:/Users/huiyi/.webanno/repository/project/4/document/267/source/",  "isLastSegment" : false } ], 
      "TagsetDescription" : [
        {"sofa" : 12,  "layer" : "de.tudarmstadt.ukp.dkpro.core.api.syntax.type.dependency.Dependency",  "name" : "UD Universal Dependencies (v2)",  "input" : false }, 
        {"sofa" : 12,  "layer" : "de.tudarmstadt.ukp.dkpro.core.api.ner.type.NamedEntity",  "name" : "Named Entity tags",  "input" : false }, 
        {"sofa" : 12,  "layer" : "de.tudarmstadt.ukp.dkpro.core.api.transform.type.SofaChangeAnnotation",  "name" : "Operation",  "input" : false }, 
        {"sofa" : 12,  "layer" : "de.tudarmstadt.ukp.dkpro.core.api.lexmorph.type.pos.POS",  "name" : "UD Universal POS tags (v2)",  "input" : false }, 
        {"sofa" : 12,  "layer" : "webanno.custom.Persuasive_Labels",  "name" : "2. Using Anecdotes and Personal Experience as Evidence",  "input" : false } ], 
      "Sentence" : [
        {"sofa" : 12,  "end" : 389 }, 
        {"sofa" : 12,  "begin" : 391,  "end" : 494 }, 
        {"sofa" : 12,  "begin" : 495,  "end" : 586 }, 
        {"sofa" : 12,  "begin" : 587,  "end" : 677 }, 
        {"sofa" : 12,  "begin" : 678,  "end" : 898 }, 
        {"sofa" : 12,  "begin" : 900,  "end" : 1103 }, 
        {"sofa" : 12,  "begin" : 1104,  "end" : 1183 }, 
        {"sofa" : 12,  "begin" : 1184,  "end" : 1316 }, 
        {"sofa" : 12,  "begin" : 1317,  "end" : 1373 }, 
        {"sofa" : 12,  "begin" : 1375,  "end" : 1490 }, 
        {"sofa" : 12,  "begin" : 1491,  "end" : 1581 }, 
        {"sofa" : 12,  "begin" : 1583,  "end" : 1755 }, 
        {"sofa" : 12,  "begin" : 1757,  "end" : 1825 } ], 
      "Token" : [
        {"sofa" : 12,  "end" : 5 }, 
        {"sofa" : 12,  "begin" : 5,  "end" : 6 }, 
        {"sofa" : 12,  "begin" : 6,  "end" : 11 }, 
        {"sofa" : 12,  "begin" : 12,  "end" : 17 }, 
        {"sofa" : 12,  "begin" : 18,  "end" : 25 }, 
        {"sofa" : 12,  "begin" : 26,  "end" : 31 }, 
        {"sofa" : 12,  "begin" : 32,  "end" : 33 }, 
        {"sofa" : 12,  "begin" : 33,  "end" : 34 }, 
        {"sofa" : 12,  "begin" : 34,  "end" : 43 }, 
        {"sofa" : 12,  "begin" : 44,  "end" : 52 }, 
        {"sofa" : 12,  "begin" : 53,  "end" : 56 }, 
        {"sofa" : 12,  "begin" : 57,  "end" : 59 }, 
        {"sofa" : 12,  "begin" : 60,  "end" : 63 }, 
        {"sofa" : 12,  "begin" : 64,  "end" : 68 }, 
        {"sofa" : 12,  "begin" : 71,  "end" : 77 }, 
        {"sofa" : 12,  "begin" : 77,  "end" : 78 }, 
        {"sofa" : 12,  "begin" : 79,  "end" : 84 }, 
        {"sofa" : 12,  "begin" : 84,  "end" : 85 }, 
        {"sofa" : 12,  "begin" : 85,  "end" : 86 }, 
        {"sofa" : 12,  "begin" : 86,  "end" : 87 }, 
        {"sofa" : 12,  "begin" : 87,  "end" : 102 }, 
        {"sofa" : 12,  "begin" : 102,  "end" : 103 }, 
        {"sofa" : 12,  "begin" : 103,  "end" : 109 }, 
        {"sofa" : 12,  "begin" : 109,  "end" : 110 }, 
        {"sofa" : 12,  "begin" : 110,  "end" : 183 }, 
        {"sofa" : 12,  "begin" : 186,  "end" : 190 }, 
        {"sofa" : 12,  "begin" : 191,  "end" : 199 }, 
        {"sofa" : 12,  "begin" : 199,  "end" : 200 }, 
        {"sofa" : 12,  "begin" : 201,  "end" : 206 }, 
        {"sofa" : 12,  "begin" : 206,  "end" : 207 }, 
        {"sofa" : 12,  "begin" : 207,  "end" : 208 }, 
        {"sofa" : 12,  "begin" : 208,  "end" : 209 }, 
        {"sofa" : 12,  "begin" : 209,  "end" : 223 }, 
        {"sofa" : 12,  "begin" : 223,  "end" : 224 }, 
        {"sofa" : 12,  "begin" : 224,  "end" : 234 }, 
        {"sofa" : 12,  "begin" : 234,  "end" : 235 }, 
        {"sofa" : 12,  "begin" : 235,  "end" : 248 }, 
        {"sofa" : 12,  "begin" : 248,  "end" : 249 }, 
        {"sofa" : 12,  "begin" : 249,  "end" : 250 }, 
        {"sofa" : 12,  "begin" : 250,  "end" : 251 }, 
        {"sofa" : 12,  "begin" : 251,  "end" : 269 }, 
        {"sofa" : 12,  "begin" : 269,  "end" : 270 }, 
        {"sofa" : 12,  "begin" : 273,  "end" : 279 }, 
        {"sofa" : 12,  "begin" : 280,  "end" : 287 }, 
        {"sofa" : 12,  "begin" : 287,  "end" : 288 }, 
        {"sofa" : 12,  "begin" : 291,  "end" : 300 }, 
        {"sofa" : 12,  "begin" : 301,  "end" : 305 }, 
        {"sofa" : 12,  "begin" : 306,  "end" : 314 }, 
        {"sofa" : 12,  "begin" : 315,  "end" : 319 }, 
        {"sofa" : 12,  "begin" : 320,  "end" : 321 }, 
        {"sofa" : 12,  "begin" : 321,  "end" : 329 }, 
        {"sofa" : 12,  "begin" : 330,  "end" : 333 }, 
        {"sofa" : 12,  "begin" : 333,  "end" : 334 }, 
        {"sofa" : 12,  "begin" : 335,  "end" : 337 }, 
        {"sofa" : 12,  "begin" : 338,  "end" : 343 }, 
        {"sofa" : 12,  "begin" : 344,  "end" : 348 }, 
        {"sofa" : 12,  "begin" : 349,  "end" : 354 }, 
        {"sofa" : 12,  "begin" : 355,  "end" : 357 }, 
        {"sofa" : 12,  "begin" : 358,  "end" : 361 }, 
        {"sofa" : 12,  "begin" : 362,  "end" : 367 }, 
        {"sofa" : 12,  "begin" : 369,  "end" : 374 }, 
        {"sofa" : 12,  "begin" : 375,  "end" : 381 }, 
        {"sofa" : 12,  "begin" : 382,  "end" : 388 }, 
        {"sofa" : 12,  "begin" : 388,  "end" : 389 }, 
        {"sofa" : 12,  "begin" : 391,  "end" : 392 }, 
        {"sofa" : 12,  "begin" : 393,  "end" : 403 }, 
        {"sofa" : 12,  "begin" : 404,  "end" : 407 }, 
        {"sofa" : 12,  "begin" : 408,  "end" : 411 }, 
        {"sofa" : 12,  "begin" : 412,  "end" : 415 }, 
        {"sofa" : 12,  "begin" : 416,  "end" : 421 }, 
        {"sofa" : 12,  "begin" : 422,  "end" : 427 }, 
        {"sofa" : 12,  "begin" : 428,  "end" : 431 }, 
        {"sofa" : 12,  "begin" : 432,  "end" : 437 }, 
        {"sofa" : 12,  "begin" : 438,  "end" : 440 }, 
        {"sofa" : 12,  "begin" : 441,  "end" : 445 }, 
        {"sofa" : 12,  "begin" : 446,  "end" : 447 }, 
        {"sofa" : 12,  "begin" : 448,  "end" : 449 }, 
        {"sofa" : 12,  "begin" : 449,  "end" : 450 }, 
        {"sofa" : 12,  "begin" : 450,  "end" : 459 }, 
        {"sofa" : 12,  "begin" : 460,  "end" : 464 }, 
        {"sofa" : 12,  "begin" : 465,  "end" : 473 }, 
        {"sofa" : 12,  "begin" : 474,  "end" : 484 }, 
        {"sofa" : 12,  "begin" : 485,  "end" : 488 }, 
        {"sofa" : 12,  "begin" : 489,  "end" : 493 }, 
        {"sofa" : 12,  "begin" : 493,  "end" : 494 }, 
        {"sofa" : 12,  "begin" : 495,  "end" : 498 }, 
        {"sofa" : 12,  "begin" : 499,  "end" : 505 }, 
        {"sofa" : 12,  "begin" : 506,  "end" : 510 }, 
        {"sofa" : 12,  "begin" : 511,  "end" : 515 }, 
        {"sofa" : 12,  "begin" : 516,  "end" : 518 }, 
        {"sofa" : 12,  "begin" : 519,  "end" : 522 }, 
        {"sofa" : 12,  "begin" : 523,  "end" : 532 }, 
        {"sofa" : 12,  "begin" : 533,  "end" : 537 }, 
        {"sofa" : 12,  "begin" : 538,  "end" : 549 }, 
        {"sofa" : 12,  "begin" : 550,  "end" : 552 }, 
        {"sofa" : 12,  "begin" : 553,  "end" : 559 }, 
        {"sofa" : 12,  "begin" : 560,  "end" : 568 }, 
        {"sofa" : 12,  "begin" : 568,  "end" : 569 }, 
        {"sofa" : 12,  "begin" : 570,  "end" : 579 }, 
        {"sofa" : 12,  "begin" : 580,  "end" : 582 }, 
        {"sofa" : 12,  "begin" : 583,  "end" : 585 }, 
        {"sofa" : 12,  "begin" : 585,  "end" : 586 }, 
        {"sofa" : 12,  "begin" : 587,  "end" : 592 }, 
        {"sofa" : 12,  "begin" : 593,  "end" : 597 }, 
        {"sofa" : 12,  "begin" : 597,  "end" : 598 }, 
        {"sofa" : 12,  "begin" : 599,  "end" : 602 }, 
        {"sofa" : 12,  "begin" : 603,  "end" : 609 }, 
        {"sofa" : 12,  "begin" : 610,  "end" : 613 }, 
        {"sofa" : 12,  "begin" : 614,  "end" : 619 }, 
        {"sofa" : 12,  "begin" : 620,  "end" : 622 }, 
        {"sofa" : 12,  "begin" : 623,  "end" : 626 }, 
        {"sofa" : 12,  "begin" : 627,  "end" : 634 }, 
        {"sofa" : 12,  "begin" : 635,  "end" : 637 }, 
        {"sofa" : 12,  "begin" : 638,  "end" : 641 }, 
        {"sofa" : 12,  "begin" : 642,  "end" : 649 }, 
        {"sofa" : 12,  "begin" : 650,  "end" : 651 }, 
        {"sofa" : 12,  "begin" : 651,  "end" : 652 }, 
        {"sofa" : 12,  "begin" : 652,  "end" : 653 }, 
        {"sofa" : 12,  "begin" : 653,  "end" : 654 }, 
        {"sofa" : 12,  "begin" : 654,  "end" : 658 }, 
        {"sofa" : 12,  "begin" : 659,  "end" : 664 }, 
        {"sofa" : 12,  "begin" : 665,  "end" : 669 }, 
        {"sofa" : 12,  "begin" : 670,  "end" : 671 }, 
        {"sofa" : 12,  "begin" : 672,  "end" : 675 }, 
        {"sofa" : 12,  "begin" : 675,  "end" : 676 }, 
        {"sofa" : 12,  "begin" : 676,  "end" : 677 }, 
        {"sofa" : 12,  "begin" : 678,  "end" : 679 }, 
        {"sofa" : 12,  "begin" : 679,  "end" : 680 }, 
        {"sofa" : 12,  "begin" : 680,  "end" : 681 }, 
        {"sofa" : 12,  "begin" : 683,  "end" : 686 }, 
        {"sofa" : 12,  "begin" : 687,  "end" : 696 }, 
        {"sofa" : 12,  "begin" : 697,  "end" : 701 }, 
        {"sofa" : 12,  "begin" : 702,  "end" : 711 }, 
        {"sofa" : 12,  "begin" : 712,  "end" : 715 }, 
        {"sofa" : 12,  "begin" : 716,  "end" : 725 }, 
        {"sofa" : 12,  "begin" : 726,  "end" : 735 }, 
        {"sofa" : 12,  "begin" : 736,  "end" : 740 }, 
        {"sofa" : 12,  "begin" : 741,  "end" : 744 }, 
        {"sofa" : 12,  "begin" : 745,  "end" : 748 }, 
        {"sofa" : 12,  "begin" : 749,  "end" : 757 }, 
        {"sofa" : 12,  "begin" : 758,  "end" : 760 }, 
        {"sofa" : 12,  "begin" : 761,  "end" : 770 }, 
        {"sofa" : 12,  "begin" : 771,  "end" : 773 }, 
        {"sofa" : 12,  "begin" : 774,  "end" : 783 }, 
        {"sofa" : 12,  "begin" : 784,  "end" : 792 }, 
        {"sofa" : 12,  "begin" : 793,  "end" : 800 }, 
        {"sofa" : 12,  "begin" : 801,  "end" : 807 }, 
        {"sofa" : 12,  "begin" : 807,  "end" : 808 }, 
        {"sofa" : 12,  "begin" : 809,  "end" : 810 }, 
        {"sofa" : 12,  "begin" : 810,  "end" : 811 }, 
        {"sofa" : 12,  "begin" : 812,  "end" : 818 }, 
        {"sofa" : 12,  "begin" : 819,  "end" : 823 }, 
        {"sofa" : 12,  "begin" : 824,  "end" : 826 }, 
        {"sofa" : 12,  "begin" : 827,  "end" : 830 }, 
        {"sofa" : 12,  "begin" : 831,  "end" : 838 }, 
        {"sofa" : 12,  "begin" : 839,  "end" : 842 }, 
        {"sofa" : 12,  "begin" : 843,  "end" : 848 }, 
        {"sofa" : 12,  "begin" : 848,  "end" : 849 }, 
        {"sofa" : 12,  "begin" : 850,  "end" : 851 }, 
        {"sofa" : 12,  "begin" : 852,  "end" : 857 }, 
        {"sofa" : 12,  "begin" : 858,  "end" : 860 }, 
        {"sofa" : 12,  "begin" : 861,  "end" : 864 }, 
        {"sofa" : 12,  "begin" : 865,  "end" : 868 }, 
        {"sofa" : 12,  "begin" : 869,  "end" : 876 }, 
        {"sofa" : 12,  "begin" : 877,  "end" : 880 }, 
        {"sofa" : 12,  "begin" : 881,  "end" : 891 }, 
        {"sofa" : 12,  "begin" : 892,  "end" : 897 }, 
        {"sofa" : 12,  "begin" : 897,  "end" : 898 }, 
        {"sofa" : 12,  "begin" : 900,  "end" : 901 }, 
        {"sofa" : 12,  "begin" : 901,  "end" : 902 }, 
        {"sofa" : 12,  "begin" : 902,  "end" : 903 }, 
        {"sofa" : 12,  "begin" : 904,  "end" : 911 }, 
        {"sofa" : 12,  "begin" : 912,  "end" : 918 }, 
        {"sofa" : 12,  "begin" : 919,  "end" : 920 }, 
        {"sofa" : 12,  "begin" : 920,  "end" : 921 }, 
        {"sofa" : 12,  "begin" : 921,  "end" : 930 }, 
        {"sofa" : 12,  "begin" : 931,  "end" : 939 }, 
        {"sofa" : 12,  "begin" : 940,  "end" : 944 }, 
        {"sofa" : 12,  "begin" : 945,  "end" : 950 }, 
        {"sofa" : 12,  "begin" : 951,  "end" : 954 }, 
        {"sofa" : 12,  "begin" : 955,  "end" : 956 }, 
        {"sofa" : 12,  "begin" : 956,  "end" : 957 }, 
        {"sofa" : 12,  "begin" : 957,  "end" : 958 }, 
        {"sofa" : 12,  "begin" : 962,  "end" : 963 }, 
        {"sofa" : 12,  "begin" : 963,  "end" : 964 }, 
        {"sofa" : 12,  "begin" : 965,  "end" : 969 }, 
        {"sofa" : 12,  "begin" : 970,  "end" : 973 }, 
        {"sofa" : 12,  "begin" : 974,  "end" : 975 }, 
        {"sofa" : 12,  "begin" : 976,  "end" : 982 }, 
        {"sofa" : 12,  "begin" : 983,  "end" : 988 }, 
        {"sofa" : 12,  "begin" : 989,  "end" : 993 }, 
        {"sofa" : 12,  "begin" : 993,  "end" : 994 }, 
        {"sofa" : 12,  "begin" : 995,  "end" : 998 }, 
        {"sofa" : 12,  "begin" : 999,  "end" : 1006 }, 
        {"sofa" : 12,  "begin" : 1007,  "end" : 1013 }, 
        {"sofa" : 12,  "begin" : 1014,  "end" : 1016 }, 
        {"sofa" : 12,  "begin" : 1017,  "end" : 1019 }, 
        {"sofa" : 12,  "begin" : 1020,  "end" : 1026 }, 
        {"sofa" : 12,  "begin" : 1027,  "end" : 1029 }, 
        {"sofa" : 12,  "begin" : 1030,  "end" : 1034 }, 
        {"sofa" : 12,  "begin" : 1035,  "end" : 1040 }, 
        {"sofa" : 12,  "begin" : 1041,  "end" : 1045 }, 
        {"sofa" : 12,  "begin" : 1046,  "end" : 1050 }, 
        {"sofa" : 12,  "begin" : 1051,  "end" : 1056 }, 
        {"sofa" : 12,  "begin" : 1056,  "end" : 1057 }, 
        {"sofa" : 12,  "begin" : 1058,  "end" : 1062 }, 
        {"sofa" : 12,  "begin" : 1063,  "end" : 1071 }, 
        {"sofa" : 12,  "begin" : 1071,  "end" : 1072 }, 
        {"sofa" : 12,  "begin" : 1072,  "end" : 1073 }, 
        {"sofa" : 12,  "begin" : 1074,  "end" : 1075 }, 
        {"sofa" : 12,  "begin" : 1075,  "end" : 1076 }, 
        {"sofa" : 12,  "begin" : 1076,  "end" : 1077 }, 
        {"sofa" : 12,  "begin" : 1078,  "end" : 1082 }, 
        {"sofa" : 12,  "begin" : 1083,  "end" : 1087 }, 
        {"sofa" : 12,  "begin" : 1088,  "end" : 1090 }, 
        {"sofa" : 12,  "begin" : 1091,  "end" : 1094 }, 
        {"sofa" : 12,  "begin" : 1095,  "end" : 1102 }, 
        {"sofa" : 12,  "begin" : 1102,  "end" : 1103 }, 
        {"sofa" : 12,  "begin" : 1104,  "end" : 1105 }, 
        {"sofa" : 12,  "begin" : 1105,  "end" : 1106 }, 
        {"sofa" : 12,  "begin" : 1106,  "end" : 1107 }, 
        {"sofa" : 12,  "begin" : 1109,  "end" : 1114 }, 
        {"sofa" : 12,  "begin" : 1115,  "end" : 1120 }, 
        {"sofa" : 12,  "begin" : 1121,  "end" : 1130 }, 
        {"sofa" : 12,  "begin" : 1130,  "end" : 1131 }, 
        {"sofa" : 12,  "begin" : 1132,  "end" : 1135 }, 
        {"sofa" : 12,  "begin" : 1136,  "end" : 1144 }, 
        {"sofa" : 12,  "begin" : 1145,  "end" : 1150 }, 
        {"sofa" : 12,  "begin" : 1151,  "end" : 1153 }, 
        {"sofa" : 12,  "begin" : 1154,  "end" : 1159 }, 
        {"sofa" : 12,  "begin" : 1160,  "end" : 1161 }, 
        {"sofa" : 12,  "begin" : 1161,  "end" : 1162 }, 
        {"sofa" : 12,  "begin" : 1162,  "end" : 1172 }, 
        {"sofa" : 12,  "begin" : 1173,  "end" : 1177 }, 
        {"sofa" : 12,  "begin" : 1178,  "end" : 1182 }, 
        {"sofa" : 12,  "begin" : 1182,  "end" : 1183 }, 
        {"sofa" : 12,  "begin" : 1184,  "end" : 1188 }, 
        {"sofa" : 12,  "begin" : 1189,  "end" : 1197 }, 
        {"sofa" : 12,  "begin" : 1198,  "end" : 1201 }, 
        {"sofa" : 12,  "begin" : 1202,  "end" : 1205 }, 
        {"sofa" : 12,  "begin" : 1206,  "end" : 1213 }, 
        {"sofa" : 12,  "begin" : 1214,  "end" : 1218 }, 
        {"sofa" : 12,  "begin" : 1219,  "end" : 1221 }, 
        {"sofa" : 12,  "begin" : 1222,  "end" : 1226 }, 
        {"sofa" : 12,  "begin" : 1227,  "end" : 1230 }, 
        {"sofa" : 12,  "begin" : 1231,  "end" : 1235 }, 
        {"sofa" : 12,  "begin" : 1236,  "end" : 1237 }, 
        {"sofa" : 12,  "begin" : 1237,  "end" : 1245 }, 
        {"sofa" : 12,  "begin" : 1246,  "end" : 1249 }, 
        {"sofa" : 12,  "begin" : 1249,  "end" : 1250 }, 
        {"sofa" : 12,  "begin" : 1251,  "end" : 1254 }, 
        {"sofa" : 12,  "begin" : 1255,  "end" : 1259 }, 
        {"sofa" : 12,  "begin" : 1260,  "end" : 1264 }, 
        {"sofa" : 12,  "begin" : 1265,  "end" : 1266 }, 
        {"sofa" : 12,  "begin" : 1266,  "end" : 1269 }, 
        {"sofa" : 12,  "begin" : 1270,  "end" : 1274 }, 
        {"sofa" : 12,  "begin" : 1275,  "end" : 1279 }, 
        {"sofa" : 12,  "begin" : 1280,  "end" : 1286 }, 
        {"sofa" : 12,  "begin" : 1287,  "end" : 1290 }, 
        {"sofa" : 12,  "begin" : 1290,  "end" : 1291 }, 
        {"sofa" : 12,  "begin" : 1292,  "end" : 1294 }, 
        {"sofa" : 12,  "begin" : 1295,  "end" : 1297 }, 
        {"sofa" : 12,  "begin" : 1298,  "end" : 1301 }, 
        {"sofa" : 12,  "begin" : 1302,  "end" : 1304 }, 
        {"sofa" : 12,  "begin" : 1305,  "end" : 1308 }, 
        {"sofa" : 12,  "begin" : 1309,  "end" : 1315 }, 
        {"sofa" : 12,  "begin" : 1315,  "end" : 1316 }, 
        {"sofa" : 12,  "begin" : 1317,  "end" : 1319 }, 
        {"sofa" : 12,  "begin" : 1320,  "end" : 1324 }, 
        {"sofa" : 12,  "begin" : 1324,  "end" : 1325 }, 
        {"sofa" : 12,  "begin" : 1326,  "end" : 1331 }, 
        {"sofa" : 12,  "begin" : 1332,  "end" : 1334 }, 
        {"sofa" : 12,  "begin" : 1335,  "end" : 1341 }, 
        {"sofa" : 12,  "begin" : 1342,  "end" : 1345 }, 
        {"sofa" : 12,  "begin" : 1346,  "end" : 1350 }, 
        {"sofa" : 12,  "begin" : 1350,  "end" : 1351 }, 
        {"sofa" : 12,  "begin" : 1352,  "end" : 1357 }, 
        {"sofa" : 12,  "begin" : 1358,  "end" : 1365 }, 
        {"sofa" : 12,  "begin" : 1366,  "end" : 1372 }, 
        {"sofa" : 12,  "begin" : 1372,  "end" : 1373 }, 
        {"sofa" : 12,  "begin" : 1375,  "end" : 1376 }, 
        {"sofa" : 12,  "begin" : 1376,  "end" : 1377 }, 
        {"sofa" : 12,  "begin" : 1377,  "end" : 1378 }, 
        {"sofa" : 12,  "begin" : 1379,  "end" : 1381 }, 
        {"sofa" : 12,  "begin" : 1382,  "end" : 1387 }, 
        {"sofa" : 12,  "begin" : 1388,  "end" : 1393 }, 
        {"sofa" : 12,  "begin" : 1394,  "end" : 1402 }, 
        {"sofa" : 12,  "begin" : 1403,  "end" : 1407 }, 
        {"sofa" : 12,  "begin" : 1408,  "end" : 1415 }, 
        {"sofa" : 12,  "begin" : 1416,  "end" : 1419 }, 
        {"sofa" : 12,  "begin" : 1420,  "end" : 1422 }, 
        {"sofa" : 12,  "begin" : 1423,  "end" : 1430 }, 
        {"sofa" : 12,  "begin" : 1431,  "end" : 1435 }, 
        {"sofa" : 12,  "begin" : 1436,  "end" : 1437 }, 
        {"sofa" : 12,  "begin" : 1437,  "end" : 1438 }, 
        {"sofa" : 12,  "begin" : 1438,  "end" : 1439 }, 
        {"sofa" : 12,  "begin" : 1441,  "end" : 1445 }, 
        {"sofa" : 12,  "begin" : 1446,  "end" : 1450 }, 
        {"sofa" : 12,  "begin" : 1451,  "end" : 1454 }, 
        {"sofa" : 12,  "begin" : 1455,  "end" : 1458 }, 
        {"sofa" : 12,  "begin" : 1459,  "end" : 1462 }, 
        {"sofa" : 12,  "begin" : 1463,  "end" : 1471 }, 
        {"sofa" : 12,  "begin" : 1472,  "end" : 1474 }, 
        {"sofa" : 12,  "begin" : 1475,  "end" : 1478 }, 
        {"sofa" : 12,  "begin" : 1479,  "end" : 1480 }, 
        {"sofa" : 12,  "begin" : 1481,  "end" : 1489 }, 
        {"sofa" : 12,  "begin" : 1489,  "end" : 1490 }, 
        {"sofa" : 12,  "begin" : 1491,  "end" : 1494 }, 
        {"sofa" : 12,  "begin" : 1495,  "end" : 1502 }, 
        {"sofa" : 12,  "begin" : 1503,  "end" : 1506 }, 
        {"sofa" : 12,  "begin" : 1507,  "end" : 1514 }, 
        {"sofa" : 12,  "begin" : 1515,  "end" : 1519 }, 
        {"sofa" : 12,  "begin" : 1520,  "end" : 1530 }, 
        {"sofa" : 12,  "begin" : 1531,  "end" : 1533 }, 
        {"sofa" : 12,  "begin" : 1534,  "end" : 1538 }, 
        {"sofa" : 12,  "begin" : 1539,  "end" : 1545 }, 
        {"sofa" : 12,  "begin" : 1546,  "end" : 1549 }, 
        {"sofa" : 12,  "begin" : 1550,  "end" : 1554 }, 
        {"sofa" : 12,  "begin" : 1555,  "end" : 1557 }, 
        {"sofa" : 12,  "begin" : 1558,  "end" : 1561 }, 
        {"sofa" : 12,  "begin" : 1562,  "end" : 1566 }, 
        {"sofa" : 12,  "begin" : 1567,  "end" : 1571 }, 
        {"sofa" : 12,  "begin" : 1572,  "end" : 1575 }, 
        {"sofa" : 12,  "begin" : 1576,  "end" : 1580 }, 
        {"sofa" : 12,  "begin" : 1580,  "end" : 1581 }, 
        {"sofa" : 12,  "begin" : 1583,  "end" : 1586 }, 
        {"sofa" : 12,  "begin" : 1587,  "end" : 1588 }, 
        {"sofa" : 12,  "begin" : 1588,  "end" : 1589 }, 
        {"sofa" : 12,  "begin" : 1589,  "end" : 1590 }, 
        {"sofa" : 12,  "begin" : 1591,  "end" : 1598 }, 
        {"sofa" : 12,  "begin" : 1599,  "end" : 1602 }, 
        {"sofa" : 12,  "begin" : 1603,  "end" : 1610 }, 
        {"sofa" : 12,  "begin" : 1611,  "end" : 1618 }, 
        {"sofa" : 12,  "begin" : 1619,  "end" : 1622 }, 
        {"sofa" : 12,  "begin" : 1623,  "end" : 1633 }, 
        {"sofa" : 12,  "begin" : 1634,  "end" : 1635 }, 
        {"sofa" : 12,  "begin" : 1635,  "end" : 1636 }, 
        {"sofa" : 12,  "begin" : 1636,  "end" : 1637 }, 
        {"sofa" : 12,  "begin" : 1638,  "end" : 1647 }, 
        {"sofa" : 12,  "begin" : 1648,  "end" : 1649 }, 
        {"sofa" : 12,  "begin" : 1650,  "end" : 1655 }, 
        {"sofa" : 12,  "begin" : 1656,  "end" : 1660 }, 
        {"sofa" : 12,  "begin" : 1661,  "end" : 1665 }, 
        {"sofa" : 12,  "begin" : 1666,  "end" : 1674 }, 
        {"sofa" : 12,  "begin" : 1675,  "end" : 1678 }, 
        {"sofa" : 12,  "begin" : 1679,  "end" : 1683 }, 
        {"sofa" : 12,  "begin" : 1684,  "end" : 1695 }, 
        {"sofa" : 12,  "begin" : 1696,  "end" : 1702 }, 
        {"sofa" : 12,  "begin" : 1703,  "end" : 1709 }, 
        {"sofa" : 12,  "begin" : 1710,  "end" : 1713 }, 
        {"sofa" : 12,  "begin" : 1714,  "end" : 1717 }, 
        {"sofa" : 12,  "begin" : 1718,  "end" : 1723 }, 
        {"sofa" : 12,  "begin" : 1724,  "end" : 1726 }, 
        {"sofa" : 12,  "begin" : 1727,  "end" : 1733 }, 
        {"sofa" : 12,  "begin" : 1734,  "end" : 1737 }, 
        {"sofa" : 12,  "begin" : 1738,  "end" : 1745 }, 
        {"sofa" : 12,  "begin" : 1746,  "end" : 1754 }, 
        {"sofa" : 12,  "begin" : 1754,  "end" : 1755 }, 
        {"sofa" : 12,  "begin" : 1757,  "end" : 1760 }, 
        {"sofa" : 12,  "begin" : 1761,  "end" : 1771 }, 
        {"sofa" : 12,  "begin" : 1772,  "end" : 1780 }, 
        {"sofa" : 12,  "begin" : 1781,  "end" : 1785 }, 
        {"sofa" : 12,  "begin" : 1786,  "end" : 1788 }, 
        {"sofa" : 12,  "begin" : 1789,  "end" : 1794 }, 
        {"sofa" : 12,  "begin" : 1795,  "end" : 1797 }, 
        {"sofa" : 12,  "begin" : 1798,  "end" : 1804 }, 
        {"sofa" : 12,  "begin" : 1805,  "end" : 1811 }, 
        {"sofa" : 12,  "begin" : 1812,  "end" : 1819 }, 
        {"sofa" : 12,  "begin" : 1820,  "end" : 1824 }, 
        {"sofa" : 12,  "begin" : 1824,  "end" : 1825 } ], 
      "Persuasive_Labels" : [
        {"sofa" : 12,  "begin" : 369,  "end" : 389,  "EmotionalAppeals" : "emotional appeals" }, 
        {"sofa" : 12,  "begin" : 369,  "end" : 389,  "EmotionalAppeals" : "anxiety" }, 
        {"sofa" : 12,  "begin" : 391,  "end" : 569,  "FabricatingNarrativewithDetails" : "Narrative with details_details verified to be true" }, 
        {"sofa" : 12,  "begin" : 391,  "end" : 569,  "FabricatingNarrativewithDetails" : "Narrative with Details" }, 
        {"sofa" : 12,  "begin" : 570,  "end" : 598,  "EstablishingLegitimacy" : "Establishing Legitimacy" }, 
        {"sofa" : 12,  "begin" : 570,  "end" : 598,  "EstablishingLegitimacy" : "citing source to establish legitimacy_source verified to be credible" }, 
        {"sofa" : 12,  "begin" : 904,  "end" : 954,  "DistinctiveLinguisticFeatures" : "uppercase words" }, 
        {"sofa" : 12,  "begin" : 904,  "end" : 954,  "DistinctiveLinguisticFeatures" : "distinctive linguistic features" }, 
        {"sofa" : 12,  "begin" : 1379,  "end" : 1435,  "DistinctiveLinguisticFeatures" : "distinctive linguistic features" }, 
        {"sofa" : 12,  "begin" : 1379,  "end" : 1435,  "DistinctiveLinguisticFeatures" : "uppercase words" }, 
        {"sofa" : 12,  "begin" : 1583,  "end" : 1637,  "EstablishingLegitimacy" : "Establishing Legitimacy" }, 
        {"sofa" : 12,  "begin" : 1583,  "end" : 1637,  "EstablishingLegitimacy" : "citing source to establish legitimacy_source verified to be credible" } ] } }, 
  "_referenced_fss" : {
    "12" : {"_type" : "Sofa",  "sofaNum" : 1,  "sofaID" : "_InitialView",  "mimeType" : "text",  "sofaString" : "﻿snes-01172 Sushi Fanatic Pulls 5-Foot-Long Tapeworm Out of His Body \r\nSource: https://www.foxnews.com/health/five-foot-long-tapeworm-came-wiggling-out-of-mans-body-after-he-ate-sushi \r\nFact checking: https://www.snopes.com/fact-check/sushi-fanatic-5-foot-long-tapeworm/ \r\nActual content: \r\nFive-foot long tapeworm came 'wiggling out' of man's body after he ate sushi\r\nSushi lovers beware!\r\nA California man who ate sushi every day ended up with a 5-foot-plus long tapeworm inhabiting his body. The Fresno male went to the emergency room complaining of bloody diarrhea, according to Dr. Kenny Bahn, who shared the story of his patient on the podcast <a>\"This Won't Hurt A Bit.\" <a>\r\nThe emergency room physician was initially skeptical when the man insisted to residents at Community Regional Medical Center, \"I really want to get treated for worms\" - until he saw for himself the disgusting proof.\r\n<a> DOCTORS REMOVE 6-FOOT-LONG TAPEWORM FROM MAN'S GUT <a>\r\n\r\n\"I take out a toilet paper roll, and wrapped around it of course is what looks like this giant, long tapeworm,\" <a> Bahn said on the podcast. <a>\r\nAfter being unraveled, the tapeworm ended up being 5-and-a-half feet long. Bahn recalled how the patient said he felt the worm \"wiggling out\" and felt like \"his guts were coming out\" as he sat on the toilet. He then, began to remove the worm, which started moving.\r\n<a> VA STUDY SHOWS PARASITE FROM VIETNAM MAY BE KILLING VETS <a>\r\nBahn said the man was relieved it was a tapeworm. The patient was treated with medication to help remove the rest of the worm from his body.\r\nThe <a> Centers for Disease Control and Prevention <a> published a study last year pointing out that wild-caught salmon caught off the coast of Alaska may contain tapeworm.\r\nThe California resident said he won't be eating salmon anytime soon.\r\n\r\n \r\n" } } }