{"_context" : {
    "_types" : {
      "DocumentMetaData" : {
        "_feature_types" : {"sofa" : "_ref" } }, 
      "Persuasive_Labels" : {
        "_feature_types" : {"sofa" : "_ref" } }, 
      "Sentence" : {
        "_feature_types" : {"sofa" : "_ref" } }, 
      "Sofa" : {
        "_feature_types" : {"sofaArray" : "_ref" } }, 
      "TagsetDescription" : {
        "_feature_types" : {"sofa" : "_ref",  "tags" : "_ref" } }, 
      "Token" : {
        "_feature_types" : {"sofa" : "_ref",  "parent" : "_ref",  "lemma" : "_ref",  "stem" : "_ref",  "pos" : "_ref",  "morph" : "_ref",  "form" : "_ref" } }, 
      "DocumentAnnotation" : {
        "_feature_types" : {"sofa" : "_ref" }, 
        "_subtypes" : ["DocumentMetaData" ] }, 
      "Annotation" : {
        "_feature_types" : {"sofa" : "_ref" }, 
        "_subtypes" : ["DocumentAnnotation",  "Persuasive_Labels",  "Sentence",  "TagsetDescription",  "Token" ] }, 
      "AnnotationBase" : {
        "_feature_types" : {"sofa" : "_ref" }, 
        "_subtypes" : ["Annotation" ] }, 
      "TOP" : {
        "_subtypes" : ["AnnotationBase",  "Sofa" ] } } }, 
  "_views" : {
    "_InitialView" : {
      "DocumentMetaData" : [
        {"sofa" : 12,  "end" : 2622,  "language" : "x-unspecified",  "documentTitle" : "203.%20snes-00768%20A%20new%20study%20published%20in%20the%20Lancet%20has%20officially%20declared%20that%20fluoride%20is%20a%20neurotoxin.txt",  "documentId" : "admin",  "documentUri" : "file:/C:/Users/huiyi/.webanno/repository/project/4/document/625/source/admin",  "collectionId" : "file:/C:/Users/huiyi/.webanno/repository/project/4/document/625/source/",  "documentBaseUri" : "file:/C:/Users/huiyi/.webanno/repository/project/4/document/625/source/",  "isLastSegment" : false } ], 
      "TagsetDescription" : [
        {"sofa" : 12,  "layer" : "de.tudarmstadt.ukp.dkpro.core.api.syntax.type.dependency.Dependency",  "name" : "UD Universal Dependencies (v2)",  "input" : false }, 
        {"sofa" : 12,  "layer" : "de.tudarmstadt.ukp.dkpro.core.api.ner.type.NamedEntity",  "name" : "Named Entity tags",  "input" : false }, 
        {"sofa" : 12,  "layer" : "de.tudarmstadt.ukp.dkpro.core.api.transform.type.SofaChangeAnnotation",  "name" : "Operation",  "input" : false }, 
        {"sofa" : 12,  "layer" : "de.tudarmstadt.ukp.dkpro.core.api.lexmorph.type.pos.POS",  "name" : "UD Universal POS tags (v2)",  "input" : false }, 
        {"sofa" : 12,  "layer" : "webanno.custom.Persuasive_Labels",  "name" : "2. Using Anecdotes and Personal Experience as Evidence",  "input" : false } ], 
      "Sentence" : [
        {"sofa" : 12,  "end" : 471 }, 
        {"sofa" : 12,  "begin" : 472,  "end" : 603 }, 
        {"sofa" : 12,  "begin" : 605,  "end" : 644 }, 
        {"sofa" : 12,  "begin" : 645,  "end" : 685 }, 
        {"sofa" : 12,  "begin" : 686,  "end" : 784 }, 
        {"sofa" : 12,  "begin" : 785,  "end" : 861 }, 
        {"sofa" : 12,  "begin" : 863,  "end" : 1050 }, 
        {"sofa" : 12,  "begin" : 1051,  "end" : 1156 }, 
        {"sofa" : 12,  "begin" : 1157,  "end" : 1273 }, 
        {"sofa" : 12,  "begin" : 1274,  "end" : 1528 }, 
        {"sofa" : 12,  "begin" : 1530,  "end" : 1785 }, 
        {"sofa" : 12,  "begin" : 1787,  "end" : 1940 }, 
        {"sofa" : 12,  "begin" : 1941,  "end" : 2028 }, 
        {"sofa" : 12,  "begin" : 2029,  "end" : 2119 }, 
        {"sofa" : 12,  "begin" : 2120,  "end" : 2202 }, 
        {"sofa" : 12,  "begin" : 2204,  "end" : 2335 }, 
        {"sofa" : 12,  "begin" : 2336,  "end" : 2348 }, 
        {"sofa" : 12,  "begin" : 2349,  "end" : 2404 }, 
        {"sofa" : 12,  "begin" : 2405,  "end" : 2486 }, 
        {"sofa" : 12,  "begin" : 2487,  "end" : 2620 } ], 
      "Token" : [
        {"sofa" : 12,  "end" : 5 }, 
        {"sofa" : 12,  "begin" : 5,  "end" : 6 }, 
        {"sofa" : 12,  "begin" : 6,  "end" : 11 }, 
        {"sofa" : 12,  "begin" : 12,  "end" : 13 }, 
        {"sofa" : 12,  "begin" : 14,  "end" : 17 }, 
        {"sofa" : 12,  "begin" : 18,  "end" : 23 }, 
        {"sofa" : 12,  "begin" : 24,  "end" : 33 }, 
        {"sofa" : 12,  "begin" : 34,  "end" : 36 }, 
        {"sofa" : 12,  "begin" : 37,  "end" : 40 }, 
        {"sofa" : 12,  "begin" : 41,  "end" : 47 }, 
        {"sofa" : 12,  "begin" : 48,  "end" : 51 }, 
        {"sofa" : 12,  "begin" : 52,  "end" : 62 }, 
        {"sofa" : 12,  "begin" : 63,  "end" : 71 }, 
        {"sofa" : 12,  "begin" : 72,  "end" : 76 }, 
        {"sofa" : 12,  "begin" : 77,  "end" : 85 }, 
        {"sofa" : 12,  "begin" : 86,  "end" : 88 }, 
        {"sofa" : 12,  "begin" : 89,  "end" : 90 }, 
        {"sofa" : 12,  "begin" : 91,  "end" : 101 }, 
        {"sofa" : 12,  "begin" : 103,  "end" : 109 }, 
        {"sofa" : 12,  "begin" : 109,  "end" : 110 }, 
        {"sofa" : 12,  "begin" : 111,  "end" : 116 }, 
        {"sofa" : 12,  "begin" : 116,  "end" : 117 }, 
        {"sofa" : 12,  "begin" : 117,  "end" : 118 }, 
        {"sofa" : 12,  "begin" : 118,  "end" : 119 }, 
        {"sofa" : 12,  "begin" : 119,  "end" : 129 }, 
        {"sofa" : 12,  "begin" : 129,  "end" : 130 }, 
        {"sofa" : 12,  "begin" : 130,  "end" : 135 }, 
        {"sofa" : 12,  "begin" : 138,  "end" : 142 }, 
        {"sofa" : 12,  "begin" : 143,  "end" : 151 }, 
        {"sofa" : 12,  "begin" : 151,  "end" : 152 }, 
        {"sofa" : 12,  "begin" : 153,  "end" : 158 }, 
        {"sofa" : 12,  "begin" : 158,  "end" : 159 }, 
        {"sofa" : 12,  "begin" : 159,  "end" : 160 }, 
        {"sofa" : 12,  "begin" : 160,  "end" : 161 }, 
        {"sofa" : 12,  "begin" : 161,  "end" : 175 }, 
        {"sofa" : 12,  "begin" : 175,  "end" : 176 }, 
        {"sofa" : 12,  "begin" : 176,  "end" : 186 }, 
        {"sofa" : 12,  "begin" : 186,  "end" : 187 }, 
        {"sofa" : 12,  "begin" : 187,  "end" : 235 }, 
        {"sofa" : 12,  "begin" : 235,  "end" : 236 }, 
        {"sofa" : 12,  "begin" : 239,  "end" : 245 }, 
        {"sofa" : 12,  "begin" : 246,  "end" : 253 }, 
        {"sofa" : 12,  "begin" : 253,  "end" : 254 }, 
        {"sofa" : 12,  "begin" : 257,  "end" : 265 }, 
        {"sofa" : 12,  "begin" : 266,  "end" : 276 }, 
        {"sofa" : 12,  "begin" : 277,  "end" : 287 }, 
        {"sofa" : 12,  "begin" : 288,  "end" : 290 }, 
        {"sofa" : 12,  "begin" : 291,  "end" : 292 }, 
        {"sofa" : 12,  "begin" : 293,  "end" : 303 }, 
        {"sofa" : 12,  "begin" : 304,  "end" : 306 }, 
        {"sofa" : 12,  "begin" : 307,  "end" : 314 }, 
        {"sofa" : 12,  "begin" : 315,  "end" : 318 }, 
        {"sofa" : 12,  "begin" : 319,  "end" : 326 }, 
        {"sofa" : 12,  "begin" : 327,  "end" : 335 }, 
        {"sofa" : 12,  "begin" : 337,  "end" : 338 }, 
        {"sofa" : 12,  "begin" : 339,  "end" : 343 }, 
        {"sofa" : 12,  "begin" : 344,  "end" : 347 }, 
        {"sofa" : 12,  "begin" : 349,  "end" : 357 }, 
        {"sofa" : 12,  "begin" : 358,  "end" : 360 }, 
        {"sofa" : 12,  "begin" : 361,  "end" : 364 }, 
        {"sofa" : 12,  "begin" : 365,  "end" : 375 }, 
        {"sofa" : 12,  "begin" : 376,  "end" : 384 }, 
        {"sofa" : 12,  "begin" : 385,  "end" : 388 }, 
        {"sofa" : 12,  "begin" : 389,  "end" : 395 }, 
        {"sofa" : 12,  "begin" : 396,  "end" : 399 }, 
        {"sofa" : 12,  "begin" : 400,  "end" : 406 }, 
        {"sofa" : 12,  "begin" : 407,  "end" : 410 }, 
        {"sofa" : 12,  "begin" : 411,  "end" : 415 }, 
        {"sofa" : 12,  "begin" : 416,  "end" : 426 }, 
        {"sofa" : 12,  "begin" : 427,  "end" : 429 }, 
        {"sofa" : 12,  "begin" : 430,  "end" : 435 }, 
        {"sofa" : 12,  "begin" : 436,  "end" : 440 }, 
        {"sofa" : 12,  "begin" : 441,  "end" : 451 }, 
        {"sofa" : 12,  "begin" : 452,  "end" : 455 }, 
        {"sofa" : 12,  "begin" : 456,  "end" : 460 }, 
        {"sofa" : 12,  "begin" : 461,  "end" : 464 }, 
        {"sofa" : 12,  "begin" : 465,  "end" : 470 }, 
        {"sofa" : 12,  "begin" : 470,  "end" : 471 }, 
        {"sofa" : 12,  "begin" : 472,  "end" : 478 }, 
        {"sofa" : 12,  "begin" : 479,  "end" : 482 }, 
        {"sofa" : 12,  "begin" : 483,  "end" : 489 }, 
        {"sofa" : 12,  "begin" : 490,  "end" : 494 }, 
        {"sofa" : 12,  "begin" : 495,  "end" : 497 }, 
        {"sofa" : 12,  "begin" : 498,  "end" : 506 }, 
        {"sofa" : 12,  "begin" : 507,  "end" : 516 }, 
        {"sofa" : 12,  "begin" : 517,  "end" : 519 }, 
        {"sofa" : 12,  "begin" : 520,  "end" : 524 }, 
        {"sofa" : 12,  "begin" : 525,  "end" : 529 }, 
        {"sofa" : 12,  "begin" : 530,  "end" : 537 }, 
        {"sofa" : 12,  "begin" : 538,  "end" : 540 }, 
        {"sofa" : 12,  "begin" : 541,  "end" : 544 }, 
        {"sofa" : 12,  "begin" : 545,  "end" : 548 }, 
        {"sofa" : 12,  "begin" : 549,  "end" : 555 }, 
        {"sofa" : 12,  "begin" : 556,  "end" : 564 }, 
        {"sofa" : 12,  "begin" : 565,  "end" : 572 }, 
        {"sofa" : 12,  "begin" : 573,  "end" : 577 }, 
        {"sofa" : 12,  "begin" : 578,  "end" : 581 }, 
        {"sofa" : 12,  "begin" : 582,  "end" : 589 }, 
        {"sofa" : 12,  "begin" : 590,  "end" : 595 }, 
        {"sofa" : 12,  "begin" : 596,  "end" : 602 }, 
        {"sofa" : 12,  "begin" : 602,  "end" : 603 }, 
        {"sofa" : 12,  "begin" : 605,  "end" : 606 }, 
        {"sofa" : 12,  "begin" : 607,  "end" : 610 }, 
        {"sofa" : 12,  "begin" : 611,  "end" : 615 }, 
        {"sofa" : 12,  "begin" : 616,  "end" : 619 }, 
        {"sofa" : 12,  "begin" : 620,  "end" : 624 }, 
        {"sofa" : 12,  "begin" : 625,  "end" : 629 }, 
        {"sofa" : 12,  "begin" : 630,  "end" : 634 }, 
        {"sofa" : 12,  "begin" : 635,  "end" : 643 }, 
        {"sofa" : 12,  "begin" : 643,  "end" : 644 }, 
        {"sofa" : 12,  "begin" : 645,  "end" : 647 }, 
        {"sofa" : 12,  "begin" : 648,  "end" : 651 }, 
        {"sofa" : 12,  "begin" : 652,  "end" : 656 }, 
        {"sofa" : 12,  "begin" : 657,  "end" : 668 }, 
        {"sofa" : 12,  "begin" : 669,  "end" : 676 }, 
        {"sofa" : 12,  "begin" : 677,  "end" : 684 }, 
        {"sofa" : 12,  "begin" : 684,  "end" : 685 }, 
        {"sofa" : 12,  "begin" : 686,  "end" : 689 }, 
        {"sofa" : 12,  "begin" : 690,  "end" : 695 }, 
        {"sofa" : 12,  "begin" : 696,  "end" : 698 }, 
        {"sofa" : 12,  "begin" : 699,  "end" : 702 }, 
        {"sofa" : 12,  "begin" : 703,  "end" : 709 }, 
        {"sofa" : 12,  "begin" : 709,  "end" : 710 }, 
        {"sofa" : 12,  "begin" : 711,  "end" : 719 }, 
        {"sofa" : 12,  "begin" : 720,  "end" : 723 }, 
        {"sofa" : 12,  "begin" : 724,  "end" : 728 }, 
        {"sofa" : 12,  "begin" : 729,  "end" : 731 }, 
        {"sofa" : 12,  "begin" : 732,  "end" : 736 }, 
        {"sofa" : 12,  "begin" : 737,  "end" : 747 }, 
        {"sofa" : 12,  "begin" : 748,  "end" : 750 }, 
        {"sofa" : 12,  "begin" : 751,  "end" : 752 }, 
        {"sofa" : 12,  "begin" : 753,  "end" : 763 }, 
        {"sofa" : 12,  "begin" : 764,  "end" : 767 }, 
        {"sofa" : 12,  "begin" : 768,  "end" : 775 }, 
        {"sofa" : 12,  "begin" : 776,  "end" : 783 }, 
        {"sofa" : 12,  "begin" : 783,  "end" : 784 }, 
        {"sofa" : 12,  "begin" : 785,  "end" : 789 }, 
        {"sofa" : 12,  "begin" : 790,  "end" : 794 }, 
        {"sofa" : 12,  "begin" : 795,  "end" : 797 }, 
        {"sofa" : 12,  "begin" : 798,  "end" : 800 }, 
        {"sofa" : 12,  "begin" : 801,  "end" : 804 }, 
        {"sofa" : 12,  "begin" : 805,  "end" : 809 }, 
        {"sofa" : 12,  "begin" : 810,  "end" : 818 }, 
        {"sofa" : 12,  "begin" : 819,  "end" : 821 }, 
        {"sofa" : 12,  "begin" : 822,  "end" : 828 }, 
        {"sofa" : 12,  "begin" : 829,  "end" : 833 }, 
        {"sofa" : 12,  "begin" : 834,  "end" : 838 }, 
        {"sofa" : 12,  "begin" : 838,  "end" : 839 }, 
        {"sofa" : 12,  "begin" : 840,  "end" : 847 }, 
        {"sofa" : 12,  "begin" : 847,  "end" : 848 }, 
        {"sofa" : 12,  "begin" : 849,  "end" : 852 }, 
        {"sofa" : 12,  "begin" : 853,  "end" : 860 }, 
        {"sofa" : 12,  "begin" : 860,  "end" : 861 }, 
        {"sofa" : 12,  "begin" : 863,  "end" : 867 }, 
        {"sofa" : 12,  "begin" : 868,  "end" : 872 }, 
        {"sofa" : 12,  "begin" : 873,  "end" : 876 }, 
        {"sofa" : 12,  "begin" : 877,  "end" : 885 }, 
        {"sofa" : 12,  "begin" : 886,  "end" : 888 }, 
        {"sofa" : 12,  "begin" : 889,  "end" : 892 }, 
        {"sofa" : 12,  "begin" : 893,  "end" : 899 }, 
        {"sofa" : 12,  "begin" : 900,  "end" : 906 }, 
        {"sofa" : 12,  "begin" : 907,  "end" : 912 }, 
        {"sofa" : 12,  "begin" : 913,  "end" : 916 }, 
        {"sofa" : 12,  "begin" : 917,  "end" : 925 }, 
        {"sofa" : 12,  "begin" : 926,  "end" : 931 }, 
        {"sofa" : 12,  "begin" : 932,  "end" : 933 }, 
        {"sofa" : 12,  "begin" : 934,  "end" : 940 }, 
        {"sofa" : 12,  "begin" : 941,  "end" : 945 }, 
        {"sofa" : 12,  "begin" : 946,  "end" : 949 }, 
        {"sofa" : 12,  "begin" : 950,  "end" : 954 }, 
        {"sofa" : 12,  "begin" : 955,  "end" : 964 }, 
        {"sofa" : 12,  "begin" : 965,  "end" : 967 }, 
        {"sofa" : 12,  "begin" : 968,  "end" : 971 }, 
        {"sofa" : 12,  "begin" : 972,  "end" : 978 }, 
        {"sofa" : 12,  "begin" : 979,  "end" : 988 }, 
        {"sofa" : 12,  "begin" : 988,  "end" : 989 }, 
        {"sofa" : 12,  "begin" : 990,  "end" : 996 }, 
        {"sofa" : 12,  "begin" : 997,  "end" : 999 }, 
        {"sofa" : 12,  "begin" : 999,  "end" : 1000 }, 
        {"sofa" : 12,  "begin" : 1001,  "end" : 1006 }, 
        {"sofa" : 12,  "begin" : 1007,  "end" : 1008 }, 
        {"sofa" : 12,  "begin" : 1009,  "end" : 1011 }, 
        {"sofa" : 12,  "begin" : 1012,  "end" : 1014 }, 
        {"sofa" : 12,  "begin" : 1015,  "end" : 1020 }, 
        {"sofa" : 12,  "begin" : 1021,  "end" : 1023 }, 
        {"sofa" : 12,  "begin" : 1024,  "end" : 1027 }, 
        {"sofa" : 12,  "begin" : 1028,  "end" : 1033 }, 
        {"sofa" : 12,  "begin" : 1034,  "end" : 1036 }, 
        {"sofa" : 12,  "begin" : 1037,  "end" : 1041 }, 
        {"sofa" : 12,  "begin" : 1042,  "end" : 1049 }, 
        {"sofa" : 12,  "begin" : 1049,  "end" : 1050 }, 
        {"sofa" : 12,  "begin" : 1051,  "end" : 1053 }, 
        {"sofa" : 12,  "begin" : 1054,  "end" : 1058 }, 
        {"sofa" : 12,  "begin" : 1058,  "end" : 1059 }, 
        {"sofa" : 12,  "begin" : 1060,  "end" : 1063 }, 
        {"sofa" : 12,  "begin" : 1064,  "end" : 1071 }, 
        {"sofa" : 12,  "begin" : 1072,  "end" : 1078 }, 
        {"sofa" : 12,  "begin" : 1079,  "end" : 1083 }, 
        {"sofa" : 12,  "begin" : 1084,  "end" : 1088 }, 
        {"sofa" : 12,  "begin" : 1089,  "end" : 1093 }, 
        {"sofa" : 12,  "begin" : 1094,  "end" : 1096 }, 
        {"sofa" : 12,  "begin" : 1097,  "end" : 1102 }, 
        {"sofa" : 12,  "begin" : 1103,  "end" : 1114 }, 
        {"sofa" : 12,  "begin" : 1115,  "end" : 1121 }, 
        {"sofa" : 12,  "begin" : 1122,  "end" : 1134 }, 
        {"sofa" : 12,  "begin" : 1135,  "end" : 1145 }, 
        {"sofa" : 12,  "begin" : 1146,  "end" : 1149 }, 
        {"sofa" : 12,  "begin" : 1150,  "end" : 1155 }, 
        {"sofa" : 12,  "begin" : 1155,  "end" : 1156 }, 
        {"sofa" : 12,  "begin" : 1157,  "end" : 1161 }, 
        {"sofa" : 12,  "begin" : 1162,  "end" : 1167 }, 
        {"sofa" : 12,  "begin" : 1168,  "end" : 1172 }, 
        {"sofa" : 12,  "begin" : 1173,  "end" : 1177 }, 
        {"sofa" : 12,  "begin" : 1178,  "end" : 1186 }, 
        {"sofa" : 12,  "begin" : 1187,  "end" : 1190 }, 
        {"sofa" : 12,  "begin" : 1191,  "end" : 1194 }, 
        {"sofa" : 12,  "begin" : 1195,  "end" : 1200 }, 
        {"sofa" : 12,  "begin" : 1201,  "end" : 1209 }, 
        {"sofa" : 12,  "begin" : 1210,  "end" : 1212 }, 
        {"sofa" : 12,  "begin" : 1213,  "end" : 1231 }, 
        {"sofa" : 12,  "begin" : 1232,  "end" : 1244 }, 
        {"sofa" : 12,  "begin" : 1245,  "end" : 1251 }, 
        {"sofa" : 12,  "begin" : 1252,  "end" : 1254 }, 
        {"sofa" : 12,  "begin" : 1255,  "end" : 1260 }, 
        {"sofa" : 12,  "begin" : 1261,  "end" : 1272 }, 
        {"sofa" : 12,  "begin" : 1272,  "end" : 1273 }, 
        {"sofa" : 12,  "begin" : 1274,  "end" : 1279 }, 
        {"sofa" : 12,  "begin" : 1280,  "end" : 1287 }, 
        {"sofa" : 12,  "begin" : 1288,  "end" : 1292 }, 
        {"sofa" : 12,  "begin" : 1293,  "end" : 1298 }, 
        {"sofa" : 12,  "begin" : 1299,  "end" : 1303 }, 
        {"sofa" : 12,  "begin" : 1304,  "end" : 1309 }, 
        {"sofa" : 12,  "begin" : 1310,  "end" : 1318 }, 
        {"sofa" : 12,  "begin" : 1319,  "end" : 1321 }, 
        {"sofa" : 12,  "begin" : 1322,  "end" : 1325 }, 
        {"sofa" : 12,  "begin" : 1326,  "end" : 1331 }, 
        {"sofa" : 12,  "begin" : 1332,  "end" : 1340 }, 
        {"sofa" : 12,  "begin" : 1341,  "end" : 1343 }, 
        {"sofa" : 12,  "begin" : 1344,  "end" : 1345 }, 
        {"sofa" : 12,  "begin" : 1346,  "end" : 1351 }, 
        {"sofa" : 12,  "begin" : 1352,  "end" : 1357 }, 
        {"sofa" : 12,  "begin" : 1358,  "end" : 1360 }, 
        {"sofa" : 12,  "begin" : 1361,  "end" : 1366 }, 
        {"sofa" : 12,  "begin" : 1367,  "end" : 1372 }, 
        {"sofa" : 12,  "begin" : 1373,  "end" : 1375 }, 
        {"sofa" : 12,  "begin" : 1376,  "end" : 1383 }, 
        {"sofa" : 12,  "begin" : 1384,  "end" : 1389 }, 
        {"sofa" : 12,  "begin" : 1390,  "end" : 1395 }, 
        {"sofa" : 12,  "begin" : 1396,  "end" : 1398 }, 
        {"sofa" : 12,  "begin" : 1399,  "end" : 1403 }, 
        {"sofa" : 12,  "begin" : 1403,  "end" : 1404 }, 
        {"sofa" : 12,  "begin" : 1405,  "end" : 1413 }, 
        {"sofa" : 12,  "begin" : 1414,  "end" : 1417 }, 
        {"sofa" : 12,  "begin" : 1418,  "end" : 1426 }, 
        {"sofa" : 12,  "begin" : 1427,  "end" : 1431 }, 
        {"sofa" : 12,  "begin" : 1432,  "end" : 1434 }, 
        {"sofa" : 12,  "begin" : 1435,  "end" : 1440 }, 
        {"sofa" : 12,  "begin" : 1441,  "end" : 1443 }, 
        {"sofa" : 12,  "begin" : 1444,  "end" : 1451 }, 
        {"sofa" : 12,  "begin" : 1452,  "end" : 1461 }, 
        {"sofa" : 12,  "begin" : 1462,  "end" : 1468 }, 
        {"sofa" : 12,  "begin" : 1469,  "end" : 1471 }, 
        {"sofa" : 12,  "begin" : 1472,  "end" : 1475 }, 
        {"sofa" : 12,  "begin" : 1476,  "end" : 1480 }, 
        {"sofa" : 12,  "begin" : 1481,  "end" : 1484 }, 
        {"sofa" : 12,  "begin" : 1485,  "end" : 1490 }, 
        {"sofa" : 12,  "begin" : 1491,  "end" : 1493 }, 
        {"sofa" : 12,  "begin" : 1494,  "end" : 1498 }, 
        {"sofa" : 12,  "begin" : 1499,  "end" : 1505 }, 
        {"sofa" : 12,  "begin" : 1506,  "end" : 1512 }, 
        {"sofa" : 12,  "begin" : 1513,  "end" : 1521 }, 
        {"sofa" : 12,  "begin" : 1522,  "end" : 1527 }, 
        {"sofa" : 12,  "begin" : 1527,  "end" : 1528 }, 
        {"sofa" : 12,  "begin" : 1530,  "end" : 1535 }, 
        {"sofa" : 12,  "begin" : 1536,  "end" : 1543 }, 
        {"sofa" : 12,  "begin" : 1544,  "end" : 1548 }, 
        {"sofa" : 12,  "begin" : 1549,  "end" : 1554 }, 
        {"sofa" : 12,  "begin" : 1555,  "end" : 1559 }, 
        {"sofa" : 12,  "begin" : 1560,  "end" : 1565 }, 
        {"sofa" : 12,  "begin" : 1566,  "end" : 1574 }, 
        {"sofa" : 12,  "begin" : 1575,  "end" : 1577 }, 
        {"sofa" : 12,  "begin" : 1578,  "end" : 1581 }, 
        {"sofa" : 12,  "begin" : 1582,  "end" : 1587 }, 
        {"sofa" : 12,  "begin" : 1588,  "end" : 1596 }, 
        {"sofa" : 12,  "begin" : 1597,  "end" : 1599 }, 
        {"sofa" : 12,  "begin" : 1600,  "end" : 1601 }, 
        {"sofa" : 12,  "begin" : 1602,  "end" : 1607 }, 
        {"sofa" : 12,  "begin" : 1608,  "end" : 1613 }, 
        {"sofa" : 12,  "begin" : 1614,  "end" : 1617 }, 
        {"sofa" : 12,  "begin" : 1618,  "end" : 1623 }, 
        {"sofa" : 12,  "begin" : 1624,  "end" : 1629 }, 
        {"sofa" : 12,  "begin" : 1630,  "end" : 1632 }, 
        {"sofa" : 12,  "begin" : 1633,  "end" : 1640 }, 
        {"sofa" : 12,  "begin" : 1641,  "end" : 1646 }, 
        {"sofa" : 12,  "begin" : 1647,  "end" : 1652 }, 
        {"sofa" : 12,  "begin" : 1653,  "end" : 1655 }, 
        {"sofa" : 12,  "begin" : 1656,  "end" : 1660 }, 
        {"sofa" : 12,  "begin" : 1660,  "end" : 1661 }, 
        {"sofa" : 12,  "begin" : 1662,  "end" : 1670 }, 
        {"sofa" : 12,  "begin" : 1671,  "end" : 1674 }, 
        {"sofa" : 12,  "begin" : 1675,  "end" : 1683 }, 
        {"sofa" : 12,  "begin" : 1684,  "end" : 1688 }, 
        {"sofa" : 12,  "begin" : 1689,  "end" : 1691 }, 
        {"sofa" : 12,  "begin" : 1692,  "end" : 1697 }, 
        {"sofa" : 12,  "begin" : 1698,  "end" : 1700 }, 
        {"sofa" : 12,  "begin" : 1701,  "end" : 1708 }, 
        {"sofa" : 12,  "begin" : 1709,  "end" : 1718 }, 
        {"sofa" : 12,  "begin" : 1719,  "end" : 1725 }, 
        {"sofa" : 12,  "begin" : 1726,  "end" : 1728 }, 
        {"sofa" : 12,  "begin" : 1729,  "end" : 1732 }, 
        {"sofa" : 12,  "begin" : 1733,  "end" : 1737 }, 
        {"sofa" : 12,  "begin" : 1738,  "end" : 1741 }, 
        {"sofa" : 12,  "begin" : 1742,  "end" : 1747 }, 
        {"sofa" : 12,  "begin" : 1748,  "end" : 1750 }, 
        {"sofa" : 12,  "begin" : 1751,  "end" : 1755 }, 
        {"sofa" : 12,  "begin" : 1756,  "end" : 1762 }, 
        {"sofa" : 12,  "begin" : 1763,  "end" : 1769 }, 
        {"sofa" : 12,  "begin" : 1770,  "end" : 1778 }, 
        {"sofa" : 12,  "begin" : 1779,  "end" : 1784 }, 
        {"sofa" : 12,  "begin" : 1784,  "end" : 1785 }, 
        {"sofa" : 12,  "begin" : 1787,  "end" : 1791 }, 
        {"sofa" : 12,  "begin" : 1792,  "end" : 1799 }, 
        {"sofa" : 12,  "begin" : 1800,  "end" : 1804 }, 
        {"sofa" : 12,  "begin" : 1805,  "end" : 1809 }, 
        {"sofa" : 12,  "begin" : 1810,  "end" : 1818 }, 
        {"sofa" : 12,  "begin" : 1819,  "end" : 1830 }, 
        {"sofa" : 12,  "begin" : 1831,  "end" : 1841 }, 
        {"sofa" : 12,  "begin" : 1842,  "end" : 1852 }, 
        {"sofa" : 12,  "begin" : 1853,  "end" : 1856 }, 
        {"sofa" : 12,  "begin" : 1857,  "end" : 1860 }, 
        {"sofa" : 12,  "begin" : 1861,  "end" : 1868 }, 
        {"sofa" : 12,  "begin" : 1869,  "end" : 1871 }, 
        {"sofa" : 12,  "begin" : 1872,  "end" : 1875 }, 
        {"sofa" : 12,  "begin" : 1876,  "end" : 1883 }, 
        {"sofa" : 12,  "begin" : 1884,  "end" : 1893 }, 
        {"sofa" : 12,  "begin" : 1894,  "end" : 1896 }, 
        {"sofa" : 12,  "begin" : 1897,  "end" : 1902 }, 
        {"sofa" : 12,  "begin" : 1903,  "end" : 1905 }, 
        {"sofa" : 12,  "begin" : 1906,  "end" : 1910 }, 
        {"sofa" : 12,  "begin" : 1911,  "end" : 1917 }, 
        {"sofa" : 12,  "begin" : 1918,  "end" : 1923 }, 
        {"sofa" : 12,  "begin" : 1924,  "end" : 1932 }, 
        {"sofa" : 12,  "begin" : 1933,  "end" : 1939 }, 
        {"sofa" : 12,  "begin" : 1939,  "end" : 1940 }, 
        {"sofa" : 12,  "begin" : 1941,  "end" : 1942 }, 
        {"sofa" : 12,  "begin" : 1943,  "end" : 1947 }, 
        {"sofa" : 12,  "begin" : 1948,  "end" : 1955 }, 
        {"sofa" : 12,  "begin" : 1956,  "end" : 1961 }, 
        {"sofa" : 12,  "begin" : 1962,  "end" : 1967 }, 
        {"sofa" : 12,  "begin" : 1968,  "end" : 1970 }, 
        {"sofa" : 12,  "begin" : 1971,  "end" : 1976 }, 
        {"sofa" : 12,  "begin" : 1977,  "end" : 1979 }, 
        {"sofa" : 12,  "begin" : 1980,  "end" : 1990 }, 
        {"sofa" : 12,  "begin" : 1991,  "end" : 1994 }, 
        {"sofa" : 12,  "begin" : 1995,  "end" : 2000 }, 
        {"sofa" : 12,  "begin" : 2001,  "end" : 2004 }, 
        {"sofa" : 12,  "begin" : 2005,  "end" : 2008 }, 
        {"sofa" : 12,  "begin" : 2009,  "end" : 2012 }, 
        {"sofa" : 12,  "begin" : 2013,  "end" : 2015 }, 
        {"sofa" : 12,  "begin" : 2016,  "end" : 2021 }, 
        {"sofa" : 12,  "begin" : 2022,  "end" : 2024 }, 
        {"sofa" : 12,  "begin" : 2025,  "end" : 2027 }, 
        {"sofa" : 12,  "begin" : 2027,  "end" : 2028 }, 
        {"sofa" : 12,  "begin" : 2029,  "end" : 2031 }, 
        {"sofa" : 12,  "begin" : 2032,  "end" : 2035 }, 
        {"sofa" : 12,  "begin" : 2036,  "end" : 2040 }, 
        {"sofa" : 12,  "begin" : 2041,  "end" : 2043 }, 
        {"sofa" : 12,  "begin" : 2044,  "end" : 2047 }, 
        {"sofa" : 12,  "begin" : 2048,  "end" : 2052 }, 
        {"sofa" : 12,  "begin" : 2053,  "end" : 2057 }, 
        {"sofa" : 12,  "begin" : 2058,  "end" : 2069 }, 
        {"sofa" : 12,  "begin" : 2070,  "end" : 2080 }, 
        {"sofa" : 12,  "begin" : 2081,  "end" : 2082 }, 
        {"sofa" : 12,  "begin" : 2083,  "end" : 2090 }, 
        {"sofa" : 12,  "begin" : 2091,  "end" : 2096 }, 
        {"sofa" : 12,  "begin" : 2097,  "end" : 2099 }, 
        {"sofa" : 12,  "begin" : 2100,  "end" : 2102 }, 
        {"sofa" : 12,  "begin" : 2103,  "end" : 2109 }, 
        {"sofa" : 12,  "begin" : 2110,  "end" : 2114 }, 
        {"sofa" : 12,  "begin" : 2115,  "end" : 2118 }, 
        {"sofa" : 12,  "begin" : 2118,  "end" : 2119 }, 
        {"sofa" : 12,  "begin" : 2120,  "end" : 2121 }, 
        {"sofa" : 12,  "begin" : 2122,  "end" : 2126 }, 
        {"sofa" : 12,  "begin" : 2127,  "end" : 2134 }, 
        {"sofa" : 12,  "begin" : 2135,  "end" : 2136 }, 
        {"sofa" : 12,  "begin" : 2137,  "end" : 2142 }, 
        {"sofa" : 12,  "begin" : 2143,  "end" : 2145 }, 
        {"sofa" : 12,  "begin" : 2146,  "end" : 2149 }, 
        {"sofa" : 12,  "begin" : 2150,  "end" : 2153 }, 
        {"sofa" : 12,  "begin" : 2154,  "end" : 2156 }, 
        {"sofa" : 12,  "begin" : 2157,  "end" : 2160 }, 
        {"sofa" : 12,  "begin" : 2161,  "end" : 2163 }, 
        {"sofa" : 12,  "begin" : 2164,  "end" : 2168 }, 
        {"sofa" : 12,  "begin" : 2169,  "end" : 2176 }, 
        {"sofa" : 12,  "begin" : 2177,  "end" : 2185 }, 
        {"sofa" : 12,  "begin" : 2186,  "end" : 2190 }, 
        {"sofa" : 12,  "begin" : 2191,  "end" : 2201 }, 
        {"sofa" : 12,  "begin" : 2201,  "end" : 2202 }, 
        {"sofa" : 12,  "begin" : 2204,  "end" : 2212 }, 
        {"sofa" : 12,  "begin" : 2213,  "end" : 2216 }, 
        {"sofa" : 12,  "begin" : 2217,  "end" : 2223 }, 
        {"sofa" : 12,  "begin" : 2225,  "end" : 2233 }, 
        {"sofa" : 12,  "begin" : 2234,  "end" : 2236 }, 
        {"sofa" : 12,  "begin" : 2237,  "end" : 2242 }, 
        {"sofa" : 12,  "begin" : 2243,  "end" : 2245 }, 
        {"sofa" : 12,  "begin" : 2246,  "end" : 2249 }, 
        {"sofa" : 12,  "begin" : 2250,  "end" : 2255 }, 
        {"sofa" : 12,  "begin" : 2256,  "end" : 2262 }, 
        {"sofa" : 12,  "begin" : 2263,  "end" : 2273 }, 
        {"sofa" : 12,  "begin" : 2274,  "end" : 2279 }, 
        {"sofa" : 12,  "begin" : 2280,  "end" : 2287 }, 
        {"sofa" : 12,  "begin" : 2288,  "end" : 2291 }, 
        {"sofa" : 12,  "begin" : 2292,  "end" : 2294 }, 
        {"sofa" : 12,  "begin" : 2295,  "end" : 2299 }, 
        {"sofa" : 12,  "begin" : 2300,  "end" : 2305 }, 
        {"sofa" : 12,  "begin" : 2306,  "end" : 2315 }, 
        {"sofa" : 12,  "begin" : 2316,  "end" : 2324 }, 
        {"sofa" : 12,  "begin" : 2325,  "end" : 2327 }, 
        {"sofa" : 12,  "begin" : 2328,  "end" : 2334 }, 
        {"sofa" : 12,  "begin" : 2334,  "end" : 2335 }, 
        {"sofa" : 12,  "begin" : 2336,  "end" : 2339 }, 
        {"sofa" : 12,  "begin" : 2340,  "end" : 2342 }, 
        {"sofa" : 12,  "begin" : 2343,  "end" : 2347 }, 
        {"sofa" : 12,  "begin" : 2347,  "end" : 2348 }, 
        {"sofa" : 12,  "begin" : 2349,  "end" : 2356 }, 
        {"sofa" : 12,  "begin" : 2357,  "end" : 2365 }, 
        {"sofa" : 12,  "begin" : 2366,  "end" : 2368 }, 
        {"sofa" : 12,  "begin" : 2369,  "end" : 2378 }, 
        {"sofa" : 12,  "begin" : 2379,  "end" : 2388 }, 
        {"sofa" : 12,  "begin" : 2389,  "end" : 2392 }, 
        {"sofa" : 12,  "begin" : 2393,  "end" : 2396 }, 
        {"sofa" : 12,  "begin" : 2397,  "end" : 2403 }, 
        {"sofa" : 12,  "begin" : 2403,  "end" : 2404 }, 
        {"sofa" : 12,  "begin" : 2405,  "end" : 2413 }, 
        {"sofa" : 12,  "begin" : 2414,  "end" : 2416 }, 
        {"sofa" : 12,  "begin" : 2417,  "end" : 2420 }, 
        {"sofa" : 12,  "begin" : 2421,  "end" : 2429 }, 
        {"sofa" : 12,  "begin" : 2430,  "end" : 2435 }, 
        {"sofa" : 12,  "begin" : 2436,  "end" : 2439 }, 
        {"sofa" : 12,  "begin" : 2440,  "end" : 2444 }, 
        {"sofa" : 12,  "begin" : 2445,  "end" : 2451 }, 
        {"sofa" : 12,  "begin" : 2452,  "end" : 2454 }, 
        {"sofa" : 12,  "begin" : 2455,  "end" : 2459 }, 
        {"sofa" : 12,  "begin" : 2460,  "end" : 2469 }, 
        {"sofa" : 12,  "begin" : 2470,  "end" : 2475 }, 
        {"sofa" : 12,  "begin" : 2476,  "end" : 2478 }, 
        {"sofa" : 12,  "begin" : 2479,  "end" : 2485 }, 
        {"sofa" : 12,  "begin" : 2485,  "end" : 2486 }, 
        {"sofa" : 12,  "begin" : 2487,  "end" : 2489 }, 
        {"sofa" : 12,  "begin" : 2490,  "end" : 2493 }, 
        {"sofa" : 12,  "begin" : 2494,  "end" : 2501 }, 
        {"sofa" : 12,  "begin" : 2502,  "end" : 2509 }, 
        {"sofa" : 12,  "begin" : 2509,  "end" : 2510 }, 
        {"sofa" : 12,  "begin" : 2511,  "end" : 2520 }, 
        {"sofa" : 12,  "begin" : 2521,  "end" : 2524 }, 
        {"sofa" : 12,  "begin" : 2525,  "end" : 2528 }, 
        {"sofa" : 12,  "begin" : 2529,  "end" : 2537 }, 
        {"sofa" : 12,  "begin" : 2538,  "end" : 2540 }, 
        {"sofa" : 12,  "begin" : 2541,  "end" : 2545 }, 
        {"sofa" : 12,  "begin" : 2546,  "end" : 2551 }, 
        {"sofa" : 12,  "begin" : 2552,  "end" : 2554 }, 
        {"sofa" : 12,  "begin" : 2555,  "end" : 2556 }, 
        {"sofa" : 12,  "begin" : 2557,  "end" : 2561 }, 
        {"sofa" : 12,  "begin" : 2562,  "end" : 2564 }, 
        {"sofa" : 12,  "begin" : 2565,  "end" : 2568 }, 
        {"sofa" : 12,  "begin" : 2569,  "end" : 2573 }, 
        {"sofa" : 12,  "begin" : 2574,  "end" : 2576 }, 
        {"sofa" : 12,  "begin" : 2577,  "end" : 2581 }, 
        {"sofa" : 12,  "begin" : 2582,  "end" : 2590 }, 
        {"sofa" : 12,  "begin" : 2591,  "end" : 2594 }, 
        {"sofa" : 12,  "begin" : 2595,  "end" : 2599 }, 
        {"sofa" : 12,  "begin" : 2600,  "end" : 2606 }, 
        {"sofa" : 12,  "begin" : 2607,  "end" : 2611 }, 
        {"sofa" : 12,  "begin" : 2612,  "end" : 2619 }, 
        {"sofa" : 12,  "begin" : 2619,  "end" : 2620 } ], 
      "Persuasive_Labels" : [
        {"sofa" : 12,  "begin" : 257,  "end" : 335,  "DistinctiveLinguisticFeatures" : "distinctive linguistic features" }, 
        {"sofa" : 12,  "begin" : 257,  "end" : 335,  "DistinctiveLinguisticFeatures" : "title of article as clickbait" }, 
        {"sofa" : 12,  "begin" : 304,  "end" : 335,  "EstablishingLegitimacy" : "Establishing Legitimacy" }, 
        {"sofa" : 12,  "begin" : 304,  "end" : 335,  "EstablishingLegitimacy" : "surface credibility markers - simply claiming authority or credibility" }, 
        {"sofa" : 12,  "begin" : 349,  "end" : 471,  "EstablishingLegitimacy" : "Establishing Legitimacy" }, 
        {"sofa" : 12,  "begin" : 349,  "end" : 471,  "EstablishingLegitimacy" : "surface credibility markers - simply claiming authority or credibility" }, 
        {"sofa" : 12,  "begin" : 645,  "end" : 710,  "EstablishingLegitimacy" : "Establishing Legitimacy" }, 
        {"sofa" : 12,  "begin" : 645,  "end" : 710,  "EstablishingLegitimacy" : "surface credibility markers - simply claiming authority or credibility" }, 
        {"sofa" : 12,  "begin" : 764,  "end" : 784,  "RhetoricalTricks" : "rhetorical tricks" }, 
        {"sofa" : 12,  "begin" : 764,  "end" : 784,  "RhetoricalTricks" : "exaggeration/absolute language" }, 
        {"sofa" : 12,  "begin" : 863,  "end" : 1050,  "EstablishingLegitimacy" : "Establishing Legitimacy" }, 
        {"sofa" : 12,  "begin" : 863,  "end" : 1050,  "EstablishingLegitimacy" : "citing source to establish legitimacy_source verified to not be credible in this context" }, 
        {"sofa" : 12,  "begin" : 1051,  "end" : 1785,  "InappropriateUseofScientificEvidence" : "inappropriate use of scientific and Other evidence" }, 
        {"sofa" : 12,  "begin" : 1051,  "end" : 1785,  "InappropriateUseofScientificEvidence" : "less robust evidence or outdated evidence_verified" }, 
        {"sofa" : 12,  "begin" : 1941,  "end" : 1967,  "EstablishingLegitimacy" : "Establishing Legitimacy" }, 
        {"sofa" : 12,  "begin" : 1941,  "end" : 1967,  "EstablishingLegitimacy" : "surface credibility markers - words associated with nature or healthiness" }, 
        {"sofa" : 12,  "begin" : 2336,  "end" : 2348,  "EstablishingLegitimacy" : "Establishing Legitimacy" }, 
        {"sofa" : 12,  "begin" : 2336,  "end" : 2348,  "EstablishingLegitimacy" : "legitimate persuasive techniques: rhetorical question" }, 
        {"sofa" : 12,  "begin" : 2366,  "end" : 2404,  "EmotionalAppeals" : "emotional appeals" }, 
        {"sofa" : 12,  "begin" : 2366,  "end" : 2404,  "EmotionalAppeals" : "fear" }, 
        {"sofa" : 12,  "begin" : 2405,  "end" : 2486,  "HighlightingUncertaintyandRisk" : "Highlighting Uncertainty and Risk" } ] } }, 
  "_referenced_fss" : {
    "12" : {"_type" : "Sofa",  "sofaNum" : 1,  "sofaID" : "_InitialView",  "mimeType" : "text",  "sofaString" : "﻿snes-00768 A new study published in the Lancet has officially declared that fluoride is a neurotoxin\r\nSource: https://archive.ph/rmDtk \r\nFact checking: https://www.snopes.com/fact-check/new-study-officially-declare-fluoride-neurotoxin/ \r\nActual content: \r\nFluoride Officially Classified As A Neurotoxin In World's Top Medical Journals\r\n1 WEEK AGO\r\nEvidence of how negatively fluoride can impact our health has been increasing in rapid pace throughout the past few years. People are hoping that by bringing awareness to this that somehow we can get sodium fluoride removed from the world's water supply.\r\nA big step has been made here recently. In the most prestigious medical journal. One known as The Lancet. fluoride has been at last classified as a neurotoxin one hundred percent. This puts it in the same category as things like lead, arsenic, and mercury.\r\nThis news was released by the author Stefan Smyle who actually cited a report that had been published in The Lancet Neurology, Volume 13, Issue 3 to be exact in the March of 2014 edition. In this, the authors stated that many more of these neurotoxins remain undiscovered throughout the world. They noted that many children are now being affected by neurodevelopmental disabilities caused by these neurotoxins. These authors have found that while fluoride in our water supplies is a major cause an issue there is another major cause as well, fluoride can actually also be found in heavily processed brands of tea that are grown in most likely overly polluted areas.\r\nThese authors have found that while fluoride in our water supplies is a major cause and issue there is another major cause as well, fluoride can actually also be found in heavily processed brands of tea that are grown in most likely overly polluted areas.\r\nMost parents have been avoiding fluoridated toothpaste altogether and are jumping on the natural bandwagon in order to help ensure their families safety. A good natural go-to brand is known as Earthpaste for those who may not be aware of it. If you want to get away from fluoridated toothpaste I suggest using it or making your own. I will include a video at the end on how to make natural fluoride free toothpaste.\r\nFluoride and Cancer\r\nFluoride is added to our water supply throughout North America but in most other countries fluoride is banned. Why is this? Because fluoride is extremely dangerous for our health. Fluoride in our drinking water has been linked to many different kinds of cancer. If you haven't already, filtering out the fluoride in your water is a must if you want to help yourself and your family stay healthy.\r\n" } } }