{"_context" : {
    "_types" : {
      "DocumentMetaData" : {
        "_feature_types" : {"sofa" : "_ref" } }, 
      "Persuasive_Labels" : {
        "_feature_types" : {"sofa" : "_ref" } }, 
      "Sentence" : {
        "_feature_types" : {"sofa" : "_ref" } }, 
      "Sofa" : {
        "_feature_types" : {"sofaArray" : "_ref" } }, 
      "TagsetDescription" : {
        "_feature_types" : {"sofa" : "_ref",  "tags" : "_ref" } }, 
      "Token" : {
        "_feature_types" : {"sofa" : "_ref",  "parent" : "_ref",  "lemma" : "_ref",  "stem" : "_ref",  "pos" : "_ref",  "morph" : "_ref",  "form" : "_ref" } }, 
      "DocumentAnnotation" : {
        "_feature_types" : {"sofa" : "_ref" }, 
        "_subtypes" : ["DocumentMetaData" ] }, 
      "Annotation" : {
        "_feature_types" : {"sofa" : "_ref" }, 
        "_subtypes" : ["DocumentAnnotation",  "Persuasive_Labels",  "Sentence",  "TagsetDescription",  "Token" ] }, 
      "AnnotationBase" : {
        "_feature_types" : {"sofa" : "_ref" }, 
        "_subtypes" : ["Annotation" ] }, 
      "TOP" : {
        "_subtypes" : ["AnnotationBase",  "Sofa" ] } } }, 
  "_views" : {
    "_InitialView" : {
      "DocumentMetaData" : [
        {"sofa" : 12,  "end" : 1221,  "language" : "x-unspecified",  "documentTitle" : "123.%20snes-06365%20The%20fruit%20of%20the%20graviola%20tree%20or%20other%20components%20of%20the%20plant%20(A.%20muricata),%20are%20a%20viable%20cure%20for%20cancer.txt",  "documentId" : "admin",  "documentUri" : "file:/C:/Users/huiyi/.webanno/repository/project/4/document/303/source/admin",  "collectionId" : "file:/C:/Users/huiyi/.webanno/repository/project/4/document/303/source/",  "documentBaseUri" : "file:/C:/Users/huiyi/.webanno/repository/project/4/document/303/source/",  "isLastSegment" : false } ], 
      "TagsetDescription" : [
        {"sofa" : 12,  "layer" : "de.tudarmstadt.ukp.dkpro.core.api.syntax.type.dependency.Dependency",  "name" : "UD Universal Dependencies (v2)",  "input" : false }, 
        {"sofa" : 12,  "layer" : "de.tudarmstadt.ukp.dkpro.core.api.ner.type.NamedEntity",  "name" : "Named Entity tags",  "input" : false }, 
        {"sofa" : 12,  "layer" : "de.tudarmstadt.ukp.dkpro.core.api.transform.type.SofaChangeAnnotation",  "name" : "Operation",  "input" : false }, 
        {"sofa" : 12,  "layer" : "de.tudarmstadt.ukp.dkpro.core.api.lexmorph.type.pos.POS",  "name" : "UD Universal POS tags (v2)",  "input" : false }, 
        {"sofa" : 12,  "layer" : "webanno.custom.Persuasive_Labels",  "name" : "2. Using Anecdotes and Personal Experience as Evidence",  "input" : false } ], 
      "Sentence" : [
        {"sofa" : 12,  "end" : 143 }, 
        {"sofa" : 12,  "begin" : 145,  "end" : 566 }, 
        {"sofa" : 12,  "begin" : 567,  "end" : 660 }, 
        {"sofa" : 12,  "begin" : 661,  "end" : 766 }, 
        {"sofa" : 12,  "begin" : 768,  "end" : 944 }, 
        {"sofa" : 12,  "begin" : 945,  "end" : 982 }, 
        {"sofa" : 12,  "begin" : 983,  "end" : 1119 }, 
        {"sofa" : 12,  "begin" : 1120,  "end" : 1217 } ], 
      "Token" : [
        {"sofa" : 12,  "end" : 5 }, 
        {"sofa" : 12,  "begin" : 5,  "end" : 6 }, 
        {"sofa" : 12,  "begin" : 6,  "end" : 11 }, 
        {"sofa" : 12,  "begin" : 12,  "end" : 15 }, 
        {"sofa" : 12,  "begin" : 16,  "end" : 21 }, 
        {"sofa" : 12,  "begin" : 22,  "end" : 24 }, 
        {"sofa" : 12,  "begin" : 25,  "end" : 28 }, 
        {"sofa" : 12,  "begin" : 29,  "end" : 37 }, 
        {"sofa" : 12,  "begin" : 38,  "end" : 42 }, 
        {"sofa" : 12,  "begin" : 43,  "end" : 44 }, 
        {"sofa" : 12,  "begin" : 44,  "end" : 51 }, 
        {"sofa" : 12,  "begin" : 52,  "end" : 54 }, 
        {"sofa" : 12,  "begin" : 55,  "end" : 63 }, 
        {"sofa" : 12,  "begin" : 63,  "end" : 64 }, 
        {"sofa" : 12,  "begin" : 64,  "end" : 65 }, 
        {"sofa" : 12,  "begin" : 66,  "end" : 68 }, 
        {"sofa" : 12,  "begin" : 69,  "end" : 74 }, 
        {"sofa" : 12,  "begin" : 75,  "end" : 85 }, 
        {"sofa" : 12,  "begin" : 86,  "end" : 88 }, 
        {"sofa" : 12,  "begin" : 89,  "end" : 92 }, 
        {"sofa" : 12,  "begin" : 93,  "end" : 98 }, 
        {"sofa" : 12,  "begin" : 99,  "end" : 100 }, 
        {"sofa" : 12,  "begin" : 100,  "end" : 101 }, 
        {"sofa" : 12,  "begin" : 101,  "end" : 102 }, 
        {"sofa" : 12,  "begin" : 103,  "end" : 111 }, 
        {"sofa" : 12,  "begin" : 111,  "end" : 112 }, 
        {"sofa" : 12,  "begin" : 112,  "end" : 113 }, 
        {"sofa" : 12,  "begin" : 114,  "end" : 117 }, 
        {"sofa" : 12,  "begin" : 118,  "end" : 119 }, 
        {"sofa" : 12,  "begin" : 120,  "end" : 126 }, 
        {"sofa" : 12,  "begin" : 127,  "end" : 131 }, 
        {"sofa" : 12,  "begin" : 132,  "end" : 135 }, 
        {"sofa" : 12,  "begin" : 136,  "end" : 142 }, 
        {"sofa" : 12,  "begin" : 142,  "end" : 143 }, 
        {"sofa" : 12,  "begin" : 145,  "end" : 151 }, 
        {"sofa" : 12,  "begin" : 151,  "end" : 152 }, 
        {"sofa" : 12,  "begin" : 153,  "end" : 158 }, 
        {"sofa" : 12,  "begin" : 158,  "end" : 159 }, 
        {"sofa" : 12,  "begin" : 159,  "end" : 160 }, 
        {"sofa" : 12,  "begin" : 160,  "end" : 161 }, 
        {"sofa" : 12,  "begin" : 161,  "end" : 175 }, 
        {"sofa" : 12,  "begin" : 175,  "end" : 176 }, 
        {"sofa" : 12,  "begin" : 176,  "end" : 186 }, 
        {"sofa" : 12,  "begin" : 186,  "end" : 187 }, 
        {"sofa" : 12,  "begin" : 187,  "end" : 238 }, 
        {"sofa" : 12,  "begin" : 238,  "end" : 239 }, 
        {"sofa" : 12,  "begin" : 242,  "end" : 246 }, 
        {"sofa" : 12,  "begin" : 247,  "end" : 255 }, 
        {"sofa" : 12,  "begin" : 255,  "end" : 256 }, 
        {"sofa" : 12,  "begin" : 257,  "end" : 262 }, 
        {"sofa" : 12,  "begin" : 262,  "end" : 263 }, 
        {"sofa" : 12,  "begin" : 263,  "end" : 264 }, 
        {"sofa" : 12,  "begin" : 264,  "end" : 265 }, 
        {"sofa" : 12,  "begin" : 265,  "end" : 279 }, 
        {"sofa" : 12,  "begin" : 279,  "end" : 280 }, 
        {"sofa" : 12,  "begin" : 280,  "end" : 290 }, 
        {"sofa" : 12,  "begin" : 290,  "end" : 291 }, 
        {"sofa" : 12,  "begin" : 291,  "end" : 342 }, 
        {"sofa" : 12,  "begin" : 342,  "end" : 343 }, 
        {"sofa" : 12,  "begin" : 346,  "end" : 352 }, 
        {"sofa" : 12,  "begin" : 353,  "end" : 360 }, 
        {"sofa" : 12,  "begin" : 360,  "end" : 361 }, 
        {"sofa" : 12,  "begin" : 364,  "end" : 369 }, 
        {"sofa" : 12,  "begin" : 370,  "end" : 373 }, 
        {"sofa" : 12,  "begin" : 374,  "end" : 379 }, 
        {"sofa" : 12,  "begin" : 379,  "end" : 380 }, 
        {"sofa" : 12,  "begin" : 381,  "end" : 384 }, 
        {"sofa" : 12,  "begin" : 385,  "end" : 389 }, 
        {"sofa" : 12,  "begin" : 389,  "end" : 390 }, 
        {"sofa" : 12,  "begin" : 391,  "end" : 397 }, 
        {"sofa" : 12,  "begin" : 397,  "end" : 398 }, 
        {"sofa" : 12,  "begin" : 399,  "end" : 404 }, 
        {"sofa" : 12,  "begin" : 404,  "end" : 405 }, 
        {"sofa" : 12,  "begin" : 406,  "end" : 411 }, 
        {"sofa" : 12,  "begin" : 411,  "end" : 412 }, 
        {"sofa" : 12,  "begin" : 413,  "end" : 416 }, 
        {"sofa" : 12,  "begin" : 417,  "end" : 422 }, 
        {"sofa" : 12,  "begin" : 423,  "end" : 428 }, 
        {"sofa" : 12,  "begin" : 429,  "end" : 431 }, 
        {"sofa" : 12,  "begin" : 432,  "end" : 435 }, 
        {"sofa" : 12,  "begin" : 436,  "end" : 445 }, 
        {"sofa" : 12,  "begin" : 446,  "end" : 454 }, 
        {"sofa" : 12,  "begin" : 455,  "end" : 459 }, 
        {"sofa" : 12,  "begin" : 460,  "end" : 464 }, 
        {"sofa" : 12,  "begin" : 465,  "end" : 469 }, 
        {"sofa" : 12,  "begin" : 470,  "end" : 477 }, 
        {"sofa" : 12,  "begin" : 478,  "end" : 480 }, 
        {"sofa" : 12,  "begin" : 481,  "end" : 489 }, 
        {"sofa" : 12,  "begin" : 490,  "end" : 500 }, 
        {"sofa" : 12,  "begin" : 501,  "end" : 506 }, 
        {"sofa" : 12,  "begin" : 507,  "end" : 510 }, 
        {"sofa" : 12,  "begin" : 511,  "end" : 515 }, 
        {"sofa" : 12,  "begin" : 516,  "end" : 521 }, 
        {"sofa" : 12,  "begin" : 522,  "end" : 532 }, 
        {"sofa" : 12,  "begin" : 533,  "end" : 540 }, 
        {"sofa" : 12,  "begin" : 541,  "end" : 545 }, 
        {"sofa" : 12,  "begin" : 546,  "end" : 550 }, 
        {"sofa" : 12,  "begin" : 551,  "end" : 557 }, 
        {"sofa" : 12,  "begin" : 558,  "end" : 565 }, 
        {"sofa" : 12,  "begin" : 565,  "end" : 566 }, 
        {"sofa" : 12,  "begin" : 567,  "end" : 574 }, 
        {"sofa" : 12,  "begin" : 575,  "end" : 580 }, 
        {"sofa" : 12,  "begin" : 581,  "end" : 584 }, 
        {"sofa" : 12,  "begin" : 584,  "end" : 585 }, 
        {"sofa" : 12,  "begin" : 586,  "end" : 587 }, 
        {"sofa" : 12,  "begin" : 588,  "end" : 593 }, 
        {"sofa" : 12,  "begin" : 594,  "end" : 608 }, 
        {"sofa" : 12,  "begin" : 609,  "end" : 616 }, 
        {"sofa" : 12,  "begin" : 617,  "end" : 622 }, 
        {"sofa" : 12,  "begin" : 623,  "end" : 632 }, 
        {"sofa" : 12,  "begin" : 633,  "end" : 644 }, 
        {"sofa" : 12,  "begin" : 645,  "end" : 653 }, 
        {"sofa" : 12,  "begin" : 654,  "end" : 656 }, 
        {"sofa" : 12,  "begin" : 657,  "end" : 659 }, 
        {"sofa" : 12,  "begin" : 659,  "end" : 660 }, 
        {"sofa" : 12,  "begin" : 661,  "end" : 665 }, 
        {"sofa" : 12,  "begin" : 666,  "end" : 673 }, 
        {"sofa" : 12,  "begin" : 674,  "end" : 678 }, 
        {"sofa" : 12,  "begin" : 679,  "end" : 686 }, 
        {"sofa" : 12,  "begin" : 687,  "end" : 695 }, 
        {"sofa" : 12,  "begin" : 696,  "end" : 698 }, 
        {"sofa" : 12,  "begin" : 699,  "end" : 702 }, 
        {"sofa" : 12,  "begin" : 703,  "end" : 707 }, 
        {"sofa" : 12,  "begin" : 708,  "end" : 716 }, 
        {"sofa" : 12,  "begin" : 717,  "end" : 721 }, 
        {"sofa" : 12,  "begin" : 722,  "end" : 725 }, 
        {"sofa" : 12,  "begin" : 725,  "end" : 726 }, 
        {"sofa" : 12,  "begin" : 727,  "end" : 733 }, 
        {"sofa" : 12,  "begin" : 733,  "end" : 734 }, 
        {"sofa" : 12,  "begin" : 735,  "end" : 738 }, 
        {"sofa" : 12,  "begin" : 739,  "end" : 746 }, 
        {"sofa" : 12,  "begin" : 747,  "end" : 753 }, 
        {"sofa" : 12,  "begin" : 754,  "end" : 759 }, 
        {"sofa" : 12,  "begin" : 759,  "end" : 760 }, 
        {"sofa" : 12,  "begin" : 761,  "end" : 762 }, 
        {"sofa" : 12,  "begin" : 762,  "end" : 763 }, 
        {"sofa" : 12,  "begin" : 763,  "end" : 764 }, 
        {"sofa" : 12,  "begin" : 764,  "end" : 765 }, 
        {"sofa" : 12,  "begin" : 765,  "end" : 766 }, 
        {"sofa" : 12,  "begin" : 768,  "end" : 773 }, 
        {"sofa" : 12,  "begin" : 774,  "end" : 778 }, 
        {"sofa" : 12,  "begin" : 779,  "end" : 783 }, 
        {"sofa" : 12,  "begin" : 784,  "end" : 789 }, 
        {"sofa" : 12,  "begin" : 790,  "end" : 795 }, 
        {"sofa" : 12,  "begin" : 796,  "end" : 798 }, 
        {"sofa" : 12,  "begin" : 799,  "end" : 803 }, 
        {"sofa" : 12,  "begin" : 804,  "end" : 810 }, 
        {"sofa" : 12,  "begin" : 811,  "end" : 817 }, 
        {"sofa" : 12,  "begin" : 818,  "end" : 823 }, 
        {"sofa" : 12,  "begin" : 823,  "end" : 824 }, 
        {"sofa" : 12,  "begin" : 825,  "end" : 836 }, 
        {"sofa" : 12,  "begin" : 837,  "end" : 839 }, 
        {"sofa" : 12,  "begin" : 840,  "end" : 844 }, 
        {"sofa" : 12,  "begin" : 845,  "end" : 852 }, 
        {"sofa" : 12,  "begin" : 853,  "end" : 861 }, 
        {"sofa" : 12,  "begin" : 862,  "end" : 866 }, 
        {"sofa" : 12,  "begin" : 867,  "end" : 875 }, 
        {"sofa" : 12,  "begin" : 876,  "end" : 885 }, 
        {"sofa" : 12,  "begin" : 886,  "end" : 889 }, 
        {"sofa" : 12,  "begin" : 890,  "end" : 896 }, 
        {"sofa" : 12,  "begin" : 897,  "end" : 904 }, 
        {"sofa" : 12,  "begin" : 905,  "end" : 915 }, 
        {"sofa" : 12,  "begin" : 916,  "end" : 920 }, 
        {"sofa" : 12,  "begin" : 921,  "end" : 922 }, 
        {"sofa" : 12,  "begin" : 923,  "end" : 933 }, 
        {"sofa" : 12,  "begin" : 934,  "end" : 943 }, 
        {"sofa" : 12,  "begin" : 943,  "end" : 944 }, 
        {"sofa" : 12,  "begin" : 945,  "end" : 947 }, 
        {"sofa" : 12,  "begin" : 948,  "end" : 952 }, 
        {"sofa" : 12,  "begin" : 953,  "end" : 957 }, 
        {"sofa" : 12,  "begin" : 958,  "end" : 962 }, 
        {"sofa" : 12,  "begin" : 963,  "end" : 966 }, 
        {"sofa" : 12,  "begin" : 967,  "end" : 973 }, 
        {"sofa" : 12,  "begin" : 974,  "end" : 981 }, 
        {"sofa" : 12,  "begin" : 981,  "end" : 982 }, 
        {"sofa" : 12,  "begin" : 983,  "end" : 985 }, 
        {"sofa" : 12,  "begin" : 986,  "end" : 995 }, 
        {"sofa" : 12,  "begin" : 996,  "end" : 1000 }, 
        {"sofa" : 12,  "begin" : 1001,  "end" : 1005 }, 
        {"sofa" : 12,  "begin" : 1006,  "end" : 1008 }, 
        {"sofa" : 12,  "begin" : 1009,  "end" : 1016 }, 
        {"sofa" : 12,  "begin" : 1017,  "end" : 1021 }, 
        {"sofa" : 12,  "begin" : 1022,  "end" : 1030 }, 
        {"sofa" : 12,  "begin" : 1031,  "end" : 1035 }, 
        {"sofa" : 12,  "begin" : 1036,  "end" : 1040 }, 
        {"sofa" : 12,  "begin" : 1041,  "end" : 1048 }, 
        {"sofa" : 12,  "begin" : 1048,  "end" : 1049 }, 
        {"sofa" : 12,  "begin" : 1050,  "end" : 1054 }, 
        {"sofa" : 12,  "begin" : 1055,  "end" : 1060 }, 
        {"sofa" : 12,  "begin" : 1061,  "end" : 1065 }, 
        {"sofa" : 12,  "begin" : 1066,  "end" : 1069 }, 
        {"sofa" : 12,  "begin" : 1070,  "end" : 1074 }, 
        {"sofa" : 12,  "begin" : 1075,  "end" : 1077 }, 
        {"sofa" : 12,  "begin" : 1078,  "end" : 1082 }, 
        {"sofa" : 12,  "begin" : 1083,  "end" : 1091 }, 
        {"sofa" : 12,  "begin" : 1092,  "end" : 1096 }, 
        {"sofa" : 12,  "begin" : 1097,  "end" : 1098 }, 
        {"sofa" : 12,  "begin" : 1099,  "end" : 1111 }, 
        {"sofa" : 12,  "begin" : 1112,  "end" : 1118 }, 
        {"sofa" : 12,  "begin" : 1118,  "end" : 1119 }, 
        {"sofa" : 12,  "begin" : 1120,  "end" : 1123 }, 
        {"sofa" : 12,  "begin" : 1124,  "end" : 1127 }, 
        {"sofa" : 12,  "begin" : 1128,  "end" : 1138 }, 
        {"sofa" : 12,  "begin" : 1139,  "end" : 1147 }, 
        {"sofa" : 12,  "begin" : 1148,  "end" : 1152 }, 
        {"sofa" : 12,  "begin" : 1153,  "end" : 1157 }, 
        {"sofa" : 12,  "begin" : 1157,  "end" : 1158 }, 
        {"sofa" : 12,  "begin" : 1159,  "end" : 1162 }, 
        {"sofa" : 12,  "begin" : 1163,  "end" : 1170 }, 
        {"sofa" : 12,  "begin" : 1171,  "end" : 1173 }, 
        {"sofa" : 12,  "begin" : 1174,  "end" : 1178 }, 
        {"sofa" : 12,  "begin" : 1179,  "end" : 1182 }, 
        {"sofa" : 12,  "begin" : 1183,  "end" : 1186 }, 
        {"sofa" : 12,  "begin" : 1187,  "end" : 1191 }, 
        {"sofa" : 12,  "begin" : 1192,  "end" : 1195 }, 
        {"sofa" : 12,  "begin" : 1196,  "end" : 1200 }, 
        {"sofa" : 12,  "begin" : 1201,  "end" : 1203 }, 
        {"sofa" : 12,  "begin" : 1204,  "end" : 1210 }, 
        {"sofa" : 12,  "begin" : 1211,  "end" : 1216 }, 
        {"sofa" : 12,  "begin" : 1216,  "end" : 1217 } ], 
      "Persuasive_Labels" : [
        {"sofa" : 12,  "begin" : 364,  "end" : 760,  "InappropriateUseofScientificEvidence" : "lack of citation for evidence" }, 
        {"sofa" : 12,  "begin" : 364,  "end" : 760,  "InappropriateUseofScientificEvidence" : "inappropriate use of scientific and Other evidence" }, 
        {"sofa" : 12,  "begin" : 470,  "end" : 506,  "EstablishingLegitimacy" : "Establishing Legitimacy" }, 
        {"sofa" : 12,  "begin" : 470,  "end" : 506,  "EstablishingLegitimacy" : "surface credibility markers - simply claiming authority or credibility" }, 
        {"sofa" : 12,  "begin" : 768,  "end" : 1119,  "DistrustingGovernmentorPharmaceuticalCompanies" : "financial motivation" }, 
        {"sofa" : 12,  "begin" : 768,  "end" : 1119,  "DistrustingGovernmentorPharmaceuticalCompanies" : "distrusting government or corporations" }, 
        {"sofa" : 12,  "begin" : 1120,  "end" : 1157,  "EstablishingLegitimacy" : "Establishing Legitimacy" }, 
        {"sofa" : 12,  "begin" : 1120,  "end" : 1157,  "EstablishingLegitimacy" : "surface credibility markers - simply claiming authority or credibility" } ] } }, 
  "_referenced_fss" : {
    "12" : {"_type" : "Sofa",  "sofaNum" : 1,  "sofaID" : "_InitialView",  "mimeType" : "text",  "sofaString" : "﻿snes-06365 The fruit of the graviola tree (soursop or guyabano), or other components of the plant (A. muricata), are a viable cure for cancer.\r\nSource: https://www.snopes.com/fact-check/soursop-guyabano-graviola-tree-ultimate-cure-cancer/ \r\nFact checking: https://www.snopes.com/fact-check/soursop-guyabano-graviola-tree-ultimate-cure-cancer/ \r\nActual content: \r\nSince the 1970s, the bark, leaves, roots, fruit, and fruit seeds of the Amazonian Graviola tree have been studied in numerous laboratory tests and have shown remarkable results with this deadly disease. Several years ago, a major pharmaceutical company began extensive independent research on it. They learned that certain extracts of the tree actually seek out, attack, and destroy cancer cells. [...]\r\nAfter more than seven years of work behind closed doors, researchers at this company realized they couldn't duplicate the tree's natural properties with a patentable substance. So they shut down the entire project. It basically came down to this-if they couldn't make huge profits, they would keep the news of this possible cure a well-guarded secret. But one researcher couldn't bear that, and decided to risk his job with the hope of saving lives.\r\n\r\n" } } }