{"_context" : {
    "_types" : {
      "DocumentMetaData" : {
        "_feature_types" : {"sofa" : "_ref" } }, 
      "Persuasive_Labels" : {
        "_feature_types" : {"sofa" : "_ref" } }, 
      "Sentence" : {
        "_feature_types" : {"sofa" : "_ref" } }, 
      "Sofa" : {
        "_feature_types" : {"sofaArray" : "_ref" } }, 
      "TagsetDescription" : {
        "_feature_types" : {"sofa" : "_ref",  "tags" : "_ref" } }, 
      "Token" : {
        "_feature_types" : {"sofa" : "_ref",  "parent" : "_ref",  "lemma" : "_ref",  "stem" : "_ref",  "pos" : "_ref",  "morph" : "_ref",  "form" : "_ref" } }, 
      "DocumentAnnotation" : {
        "_feature_types" : {"sofa" : "_ref" }, 
        "_subtypes" : ["DocumentMetaData" ] }, 
      "Annotation" : {
        "_feature_types" : {"sofa" : "_ref" }, 
        "_subtypes" : ["DocumentAnnotation",  "Persuasive_Labels",  "Sentence",  "TagsetDescription",  "Token" ] }, 
      "AnnotationBase" : {
        "_feature_types" : {"sofa" : "_ref" }, 
        "_subtypes" : ["Annotation" ] }, 
      "TOP" : {
        "_subtypes" : ["AnnotationBase",  "Sofa" ] } } }, 
  "_views" : {
    "_InitialView" : {
      "DocumentMetaData" : [
        {"sofa" : 12,  "end" : 2474,  "language" : "x-unspecified",  "documentTitle" : "156.%20snes-06005%20Gelatin%20is%20made%20from%20the%20bones,%20hides,%20and%20other%20parts%20of%20animals,%20including%20horses.txt",  "documentId" : "admin",  "documentUri" : "file:/C:/Users/huiyi/.webanno/repository/project/4/document/571/source/admin",  "collectionId" : "file:/C:/Users/huiyi/.webanno/repository/project/4/document/571/source/",  "documentBaseUri" : "file:/C:/Users/huiyi/.webanno/repository/project/4/document/571/source/",  "isLastSegment" : false } ], 
      "TagsetDescription" : [
        {"sofa" : 12,  "layer" : "de.tudarmstadt.ukp.dkpro.core.api.syntax.type.dependency.Dependency",  "name" : "UD Universal Dependencies (v2)",  "input" : false }, 
        {"sofa" : 12,  "layer" : "de.tudarmstadt.ukp.dkpro.core.api.ner.type.NamedEntity",  "name" : "Named Entity tags",  "input" : false }, 
        {"sofa" : 12,  "layer" : "de.tudarmstadt.ukp.dkpro.core.api.transform.type.SofaChangeAnnotation",  "name" : "Operation",  "input" : false }, 
        {"sofa" : 12,  "layer" : "de.tudarmstadt.ukp.dkpro.core.api.lexmorph.type.pos.POS",  "name" : "UD Universal POS tags (v2)",  "input" : false }, 
        {"sofa" : 12,  "layer" : "webanno.custom.Persuasive_Labels",  "name" : "2. Using Anecdotes and Personal Experience as Evidence",  "input" : false } ], 
      "Sentence" : [
        {"sofa" : 12,  "end" : 96 }, 
        {"sofa" : 12,  "begin" : 98,  "end" : 264 }, 
        {"sofa" : 12,  "begin" : 266,  "end" : 375 }, 
        {"sofa" : 12,  "begin" : 377,  "end" : 462 }, 
        {"sofa" : 12,  "begin" : 463,  "end" : 594 }, 
        {"sofa" : 12,  "begin" : 595,  "end" : 647 }, 
        {"sofa" : 12,  "begin" : 650,  "end" : 746 }, 
        {"sofa" : 12,  "begin" : 747,  "end" : 793 }, 
        {"sofa" : 12,  "begin" : 812,  "end" : 946 }, 
        {"sofa" : 12,  "begin" : 947,  "end" : 1058 }, 
        {"sofa" : 12,  "begin" : 1059,  "end" : 1221 }, 
        {"sofa" : 12,  "begin" : 1223,  "end" : 1339 }, 
        {"sofa" : 12,  "begin" : 1341,  "end" : 1530 }, 
        {"sofa" : 12,  "begin" : 1531,  "end" : 1613 }, 
        {"sofa" : 12,  "begin" : 1618,  "end" : 1710 }, 
        {"sofa" : 12,  "begin" : 1711,  "end" : 1856 }, 
        {"sofa" : 12,  "begin" : 1857,  "end" : 1955 }, 
        {"sofa" : 12,  "begin" : 1957,  "end" : 2011 }, 
        {"sofa" : 12,  "begin" : 2012,  "end" : 2067 }, 
        {"sofa" : 12,  "begin" : 2068,  "end" : 2330 }, 
        {"sofa" : 12,  "begin" : 2331,  "end" : 2431 }, 
        {"sofa" : 12,  "begin" : 2435,  "end" : 2472 } ], 
      "Token" : [
        {"sofa" : 12,  "end" : 5 }, 
        {"sofa" : 12,  "begin" : 5,  "end" : 6 }, 
        {"sofa" : 12,  "begin" : 6,  "end" : 11 }, 
        {"sofa" : 12,  "begin" : 12,  "end" : 19 }, 
        {"sofa" : 12,  "begin" : 20,  "end" : 22 }, 
        {"sofa" : 12,  "begin" : 23,  "end" : 27 }, 
        {"sofa" : 12,  "begin" : 28,  "end" : 32 }, 
        {"sofa" : 12,  "begin" : 33,  "end" : 36 }, 
        {"sofa" : 12,  "begin" : 37,  "end" : 42 }, 
        {"sofa" : 12,  "begin" : 42,  "end" : 43 }, 
        {"sofa" : 12,  "begin" : 44,  "end" : 49 }, 
        {"sofa" : 12,  "begin" : 49,  "end" : 50 }, 
        {"sofa" : 12,  "begin" : 51,  "end" : 54 }, 
        {"sofa" : 12,  "begin" : 55,  "end" : 60 }, 
        {"sofa" : 12,  "begin" : 61,  "end" : 66 }, 
        {"sofa" : 12,  "begin" : 67,  "end" : 69 }, 
        {"sofa" : 12,  "begin" : 70,  "end" : 77 }, 
        {"sofa" : 12,  "begin" : 77,  "end" : 78 }, 
        {"sofa" : 12,  "begin" : 79,  "end" : 88 }, 
        {"sofa" : 12,  "begin" : 89,  "end" : 95 }, 
        {"sofa" : 12,  "begin" : 95,  "end" : 96 }, 
        {"sofa" : 12,  "begin" : 98,  "end" : 104 }, 
        {"sofa" : 12,  "begin" : 105,  "end" : 110 }, 
        {"sofa" : 12,  "begin" : 110,  "end" : 111 }, 
        {"sofa" : 12,  "begin" : 111,  "end" : 112 }, 
        {"sofa" : 12,  "begin" : 112,  "end" : 113 }, 
        {"sofa" : 12,  "begin" : 113,  "end" : 132 }, 
        {"sofa" : 12,  "begin" : 132,  "end" : 133 }, 
        {"sofa" : 12,  "begin" : 133,  "end" : 138 }, 
        {"sofa" : 12,  "begin" : 138,  "end" : 139 }, 
        {"sofa" : 12,  "begin" : 139,  "end" : 164 }, 
        {"sofa" : 12,  "begin" : 167,  "end" : 171 }, 
        {"sofa" : 12,  "begin" : 172,  "end" : 180 }, 
        {"sofa" : 12,  "begin" : 180,  "end" : 181 }, 
        {"sofa" : 12,  "begin" : 182,  "end" : 187 }, 
        {"sofa" : 12,  "begin" : 187,  "end" : 188 }, 
        {"sofa" : 12,  "begin" : 188,  "end" : 189 }, 
        {"sofa" : 12,  "begin" : 189,  "end" : 190 }, 
        {"sofa" : 12,  "begin" : 190,  "end" : 212 }, 
        {"sofa" : 12,  "begin" : 212,  "end" : 213 }, 
        {"sofa" : 12,  "begin" : 213,  "end" : 227 }, 
        {"sofa" : 12,  "begin" : 227,  "end" : 228 }, 
        {"sofa" : 12,  "begin" : 231,  "end" : 237 }, 
        {"sofa" : 12,  "begin" : 238,  "end" : 245 }, 
        {"sofa" : 12,  "begin" : 245,  "end" : 246 }, 
        {"sofa" : 12,  "begin" : 249,  "end" : 253 }, 
        {"sofa" : 12,  "begin" : 254,  "end" : 256 }, 
        {"sofa" : 12,  "begin" : 257,  "end" : 263 }, 
        {"sofa" : 12,  "begin" : 263,  "end" : 264 }, 
        {"sofa" : 12,  "begin" : 266,  "end" : 268 }, 
        {"sofa" : 12,  "begin" : 269,  "end" : 276 }, 
        {"sofa" : 12,  "begin" : 277,  "end" : 281 }, 
        {"sofa" : 12,  "begin" : 282,  "end" : 291 }, 
        {"sofa" : 12,  "begin" : 292,  "end" : 300 }, 
        {"sofa" : 12,  "begin" : 301,  "end" : 303 }, 
        {"sofa" : 12,  "begin" : 303,  "end" : 304 }, 
        {"sofa" : 12,  "begin" : 305,  "end" : 309 }, 
        {"sofa" : 12,  "begin" : 311,  "end" : 317 }, 
        {"sofa" : 12,  "begin" : 318,  "end" : 320 }, 
        {"sofa" : 12,  "begin" : 321,  "end" : 325 }, 
        {"sofa" : 12,  "begin" : 326,  "end" : 328 }, 
        {"sofa" : 12,  "begin" : 329,  "end" : 336 }, 
        {"sofa" : 12,  "begin" : 336,  "end" : 337 }, 
        {"sofa" : 12,  "begin" : 338,  "end" : 347 }, 
        {"sofa" : 12,  "begin" : 347,  "end" : 348 }, 
        {"sofa" : 12,  "begin" : 349,  "end" : 352 }, 
        {"sofa" : 12,  "begin" : 353,  "end" : 363 }, 
        {"sofa" : 12,  "begin" : 364,  "end" : 374 }, 
        {"sofa" : 12,  "begin" : 374,  "end" : 375 }, 
        {"sofa" : 12,  "begin" : 377,  "end" : 383 }, 
        {"sofa" : 12,  "begin" : 384,  "end" : 386 }, 
        {"sofa" : 12,  "begin" : 387,  "end" : 388 }, 
        {"sofa" : 12,  "begin" : 389,  "end" : 398 }, 
        {"sofa" : 12,  "begin" : 399,  "end" : 406 }, 
        {"sofa" : 12,  "begin" : 407,  "end" : 414 }, 
        {"sofa" : 12,  "begin" : 415,  "end" : 419 }, 
        {"sofa" : 12,  "begin" : 420,  "end" : 422 }, 
        {"sofa" : 12,  "begin" : 423,  "end" : 430 }, 
        {"sofa" : 12,  "begin" : 431,  "end" : 434 }, 
        {"sofa" : 12,  "begin" : 435,  "end" : 440 }, 
        {"sofa" : 12,  "begin" : 441,  "end" : 444 }, 
        {"sofa" : 12,  "begin" : 445,  "end" : 450 }, 
        {"sofa" : 12,  "begin" : 451,  "end" : 453 }, 
        {"sofa" : 12,  "begin" : 454,  "end" : 461 }, 
        {"sofa" : 12,  "begin" : 461,  "end" : 462 }, 
        {"sofa" : 12,  "begin" : 463,  "end" : 464 }, 
        {"sofa" : 12,  "begin" : 464,  "end" : 469 }, 
        {"sofa" : 12,  "begin" : 470,  "end" : 476 }, 
        {"sofa" : 12,  "begin" : 476,  "end" : 477 }, 
        {"sofa" : 12,  "begin" : 478,  "end" : 490 }, 
        {"sofa" : 12,  "begin" : 490,  "end" : 491 }, 
        {"sofa" : 12,  "begin" : 493,  "end" : 497 }, 
        {"sofa" : 12,  "begin" : 498,  "end" : 514 }, 
        {"sofa" : 12,  "begin" : 514,  "end" : 515 }, 
        {"sofa" : 12,  "begin" : 516,  "end" : 522 }, 
        {"sofa" : 12,  "begin" : 523,  "end" : 526 }, 
        {"sofa" : 12,  "begin" : 527,  "end" : 528 }, 
        {"sofa" : 12,  "begin" : 529,  "end" : 537 }, 
        {"sofa" : 12,  "begin" : 538,  "end" : 540 }, 
        {"sofa" : 12,  "begin" : 541,  "end" : 547 }, 
        {"sofa" : 12,  "begin" : 548,  "end" : 554 }, 
        {"sofa" : 12,  "begin" : 555,  "end" : 558 }, 
        {"sofa" : 12,  "begin" : 559,  "end" : 563 }, 
        {"sofa" : 12,  "begin" : 564,  "end" : 571 }, 
        {"sofa" : 12,  "begin" : 572,  "end" : 582 }, 
        {"sofa" : 12,  "begin" : 583,  "end" : 585 }, 
        {"sofa" : 12,  "begin" : 586,  "end" : 593 }, 
        {"sofa" : 12,  "begin" : 593,  "end" : 594 }, 
        {"sofa" : 12,  "begin" : 595,  "end" : 599 }, 
        {"sofa" : 12,  "begin" : 600,  "end" : 606 }, 
        {"sofa" : 12,  "begin" : 606,  "end" : 607 }, 
        {"sofa" : 12,  "begin" : 608,  "end" : 609 }, 
        {"sofa" : 12,  "begin" : 610,  "end" : 617 }, 
        {"sofa" : 12,  "begin" : 618,  "end" : 624 }, 
        {"sofa" : 12,  "begin" : 625,  "end" : 629 }, 
        {"sofa" : 12,  "begin" : 630,  "end" : 634 }, 
        {"sofa" : 12,  "begin" : 635,  "end" : 640 }, 
        {"sofa" : 12,  "begin" : 641,  "end" : 645 }, 
        {"sofa" : 12,  "begin" : 646,  "end" : 647 }, 
        {"sofa" : 12,  "begin" : 650,  "end" : 653 }, 
        {"sofa" : 12,  "begin" : 654,  "end" : 660 }, 
        {"sofa" : 12,  "begin" : 661,  "end" : 666 }, 
        {"sofa" : 12,  "begin" : 667,  "end" : 673 }, 
        {"sofa" : 12,  "begin" : 674,  "end" : 676 }, 
        {"sofa" : 12,  "begin" : 677,  "end" : 681 }, 
        {"sofa" : 12,  "begin" : 682,  "end" : 689 }, 
        {"sofa" : 12,  "begin" : 690,  "end" : 697 }, 
        {"sofa" : 12,  "begin" : 698,  "end" : 708 }, 
        {"sofa" : 12,  "begin" : 709,  "end" : 712 }, 
        {"sofa" : 12,  "begin" : 713,  "end" : 721 }, 
        {"sofa" : 12,  "begin" : 721,  "end" : 722 }, 
        {"sofa" : 12,  "begin" : 723,  "end" : 727 }, 
        {"sofa" : 12,  "begin" : 728,  "end" : 735 }, 
        {"sofa" : 12,  "begin" : 736,  "end" : 738 }, 
        {"sofa" : 12,  "begin" : 739,  "end" : 745 }, 
        {"sofa" : 12,  "begin" : 745,  "end" : 746 }, 
        {"sofa" : 12,  "begin" : 747,  "end" : 750 }, 
        {"sofa" : 12,  "begin" : 751,  "end" : 754 }, 
        {"sofa" : 12,  "begin" : 755,  "end" : 759 }, 
        {"sofa" : 12,  "begin" : 760,  "end" : 762 }, 
        {"sofa" : 12,  "begin" : 763,  "end" : 767 }, 
        {"sofa" : 12,  "begin" : 768,  "end" : 772 }, 
        {"sofa" : 12,  "begin" : 773,  "end" : 784 }, 
        {"sofa" : 12,  "begin" : 785,  "end" : 792 }, 
        {"sofa" : 12,  "begin" : 792,  "end" : 793 }, 
        {"sofa" : 12,  "begin" : 812,  "end" : 823 }, 
        {"sofa" : 12,  "begin" : 823,  "end" : 824 }, 
        {"sofa" : 12,  "begin" : 825,  "end" : 826 }, 
        {"sofa" : 12,  "begin" : 826,  "end" : 832 }, 
        {"sofa" : 12,  "begin" : 832,  "end" : 833 }, 
        {"sofa" : 12,  "begin" : 834,  "end" : 836 }, 
        {"sofa" : 12,  "begin" : 837,  "end" : 845 }, 
        {"sofa" : 12,  "begin" : 846,  "end" : 847 }, 
        {"sofa" : 12,  "begin" : 848,  "end" : 853 }, 
        {"sofa" : 12,  "begin" : 854,  "end" : 858 }, 
        {"sofa" : 12,  "begin" : 858,  "end" : 859 }, 
        {"sofa" : 12,  "begin" : 860,  "end" : 869 }, 
        {"sofa" : 12,  "begin" : 870,  "end" : 875 }, 
        {"sofa" : 12,  "begin" : 876,  "end" : 878 }, 
        {"sofa" : 12,  "begin" : 879,  "end" : 884 }, 
        {"sofa" : 12,  "begin" : 885,  "end" : 890 }, 
        {"sofa" : 12,  "begin" : 890,  "end" : 891 }, 
        {"sofa" : 12,  "begin" : 892,  "end" : 896 }, 
        {"sofa" : 12,  "begin" : 897,  "end" : 899 }, 
        {"sofa" : 12,  "begin" : 900,  "end" : 904 }, 
        {"sofa" : 12,  "begin" : 905,  "end" : 907 }, 
        {"sofa" : 12,  "begin" : 908,  "end" : 914 }, 
        {"sofa" : 12,  "begin" : 915,  "end" : 916 }, 
        {"sofa" : 12,  "begin" : 917,  "end" : 922 }, 
        {"sofa" : 12,  "begin" : 923,  "end" : 925 }, 
        {"sofa" : 12,  "begin" : 926,  "end" : 934 }, 
        {"sofa" : 12,  "begin" : 935,  "end" : 938 }, 
        {"sofa" : 12,  "begin" : 939,  "end" : 945 }, 
        {"sofa" : 12,  "begin" : 945,  "end" : 946 }, 
        {"sofa" : 12,  "begin" : 947,  "end" : 950 }, 
        {"sofa" : 12,  "begin" : 951,  "end" : 955 }, 
        {"sofa" : 12,  "begin" : 956,  "end" : 962 }, 
        {"sofa" : 12,  "begin" : 963,  "end" : 966 }, 
        {"sofa" : 12,  "begin" : 967,  "end" : 970 }, 
        {"sofa" : 12,  "begin" : 971,  "end" : 975 }, 
        {"sofa" : 12,  "begin" : 976,  "end" : 978 }, 
        {"sofa" : 12,  "begin" : 979,  "end" : 984 }, 
        {"sofa" : 12,  "begin" : 985,  "end" : 987 }, 
        {"sofa" : 12,  "begin" : 988,  "end" : 991 }, 
        {"sofa" : 12,  "begin" : 992,  "end" : 1005 }, 
        {"sofa" : 12,  "begin" : 1006,  "end" : 1014 }, 
        {"sofa" : 12,  "begin" : 1015,  "end" : 1019 }, 
        {"sofa" : 12,  "begin" : 1020,  "end" : 1023 }, 
        {"sofa" : 12,  "begin" : 1024,  "end" : 1028 }, 
        {"sofa" : 12,  "begin" : 1029,  "end" : 1033 }, 
        {"sofa" : 12,  "begin" : 1034,  "end" : 1039 }, 
        {"sofa" : 12,  "begin" : 1040,  "end" : 1043 }, 
        {"sofa" : 12,  "begin" : 1044,  "end" : 1045 }, 
        {"sofa" : 12,  "begin" : 1045,  "end" : 1051 }, 
        {"sofa" : 12,  "begin" : 1051,  "end" : 1052 }, 
        {"sofa" : 12,  "begin" : 1053,  "end" : 1057 }, 
        {"sofa" : 12,  "begin" : 1057,  "end" : 1058 }, 
        {"sofa" : 12,  "begin" : 1059,  "end" : 1062 }, 
        {"sofa" : 12,  "begin" : 1063,  "end" : 1069 }, 
        {"sofa" : 12,  "begin" : 1070,  "end" : 1073 }, 
        {"sofa" : 12,  "begin" : 1074,  "end" : 1081 }, 
        {"sofa" : 12,  "begin" : 1082,  "end" : 1084 }, 
        {"sofa" : 12,  "begin" : 1085,  "end" : 1090 }, 
        {"sofa" : 12,  "begin" : 1091,  "end" : 1093 }, 
        {"sofa" : 12,  "begin" : 1094,  "end" : 1096 }, 
        {"sofa" : 12,  "begin" : 1097,  "end" : 1103 }, 
        {"sofa" : 12,  "begin" : 1104,  "end" : 1106 }, 
        {"sofa" : 12,  "begin" : 1107,  "end" : 1111 }, 
        {"sofa" : 12,  "begin" : 1112,  "end" : 1114 }, 
        {"sofa" : 12,  "begin" : 1115,  "end" : 1117 }, 
        {"sofa" : 12,  "begin" : 1118,  "end" : 1124 }, 
        {"sofa" : 12,  "begin" : 1125,  "end" : 1128 }, 
        {"sofa" : 12,  "begin" : 1129,  "end" : 1134 }, 
        {"sofa" : 12,  "begin" : 1134,  "end" : 1135 }, 
        {"sofa" : 12,  "begin" : 1136,  "end" : 1144 }, 
        {"sofa" : 12,  "begin" : 1145,  "end" : 1148 }, 
        {"sofa" : 12,  "begin" : 1149,  "end" : 1152 }, 
        {"sofa" : 12,  "begin" : 1153,  "end" : 1163 }, 
        {"sofa" : 12,  "begin" : 1164,  "end" : 1168 }, 
        {"sofa" : 12,  "begin" : 1169,  "end" : 1174 }, 
        {"sofa" : 12,  "begin" : 1175,  "end" : 1181 }, 
        {"sofa" : 12,  "begin" : 1182,  "end" : 1185 }, 
        {"sofa" : 12,  "begin" : 1186,  "end" : 1197 }, 
        {"sofa" : 12,  "begin" : 1198,  "end" : 1209 }, 
        {"sofa" : 12,  "begin" : 1210,  "end" : 1212 }, 
        {"sofa" : 12,  "begin" : 1213,  "end" : 1220 }, 
        {"sofa" : 12,  "begin" : 1220,  "end" : 1221 }, 
        {"sofa" : 12,  "begin" : 1223,  "end" : 1224 }, 
        {"sofa" : 12,  "begin" : 1224,  "end" : 1227 }, 
        {"sofa" : 12,  "begin" : 1228,  "end" : 1235 }, 
        {"sofa" : 12,  "begin" : 1236,  "end" : 1240 }, 
        {"sofa" : 12,  "begin" : 1241,  "end" : 1249 }, 
        {"sofa" : 12,  "begin" : 1250,  "end" : 1260 }, 
        {"sofa" : 12,  "begin" : 1261,  "end" : 1267 }, 
        {"sofa" : 12,  "begin" : 1267,  "end" : 1268 }, 
        {"sofa" : 12,  "begin" : 1269,  "end" : 1279 }, 
        {"sofa" : 12,  "begin" : 1280,  "end" : 1283 }, 
        {"sofa" : 12,  "begin" : 1284,  "end" : 1289 }, 
        {"sofa" : 12,  "begin" : 1290,  "end" : 1300 }, 
        {"sofa" : 12,  "begin" : 1300,  "end" : 1301 }, 
        {"sofa" : 12,  "begin" : 1302,  "end" : 1306 }, 
        {"sofa" : 12,  "begin" : 1307,  "end" : 1309 }, 
        {"sofa" : 12,  "begin" : 1310,  "end" : 1320 }, 
        {"sofa" : 12,  "begin" : 1320,  "end" : 1321 }, 
        {"sofa" : 12,  "begin" : 1322,  "end" : 1328 }, 
        {"sofa" : 12,  "begin" : 1329,  "end" : 1332 }, 
        {"sofa" : 12,  "begin" : 1333,  "end" : 1337 }, 
        {"sofa" : 12,  "begin" : 1337,  "end" : 1338 }, 
        {"sofa" : 12,  "begin" : 1338,  "end" : 1339 }, 
        {"sofa" : 12,  "begin" : 1341,  "end" : 1348 }, 
        {"sofa" : 12,  "begin" : 1349,  "end" : 1355 }, 
        {"sofa" : 12,  "begin" : 1356,  "end" : 1358 }, 
        {"sofa" : 12,  "begin" : 1359,  "end" : 1360 }, 
        {"sofa" : 12,  "begin" : 1361,  "end" : 1371 }, 
        {"sofa" : 12,  "begin" : 1372,  "end" : 1374 }, 
        {"sofa" : 12,  "begin" : 1375,  "end" : 1379 }, 
        {"sofa" : 12,  "begin" : 1379,  "end" : 1380 }, 
        {"sofa" : 12,  "begin" : 1381,  "end" : 1388 }, 
        {"sofa" : 12,  "begin" : 1389,  "end" : 1401 }, 
        {"sofa" : 12,  "begin" : 1402,  "end" : 1410 }, 
        {"sofa" : 12,  "begin" : 1411,  "end" : 1417 }, 
        {"sofa" : 12,  "begin" : 1418,  "end" : 1426 }, 
        {"sofa" : 12,  "begin" : 1426,  "end" : 1427 }, 
        {"sofa" : 12,  "begin" : 1428,  "end" : 1433 }, 
        {"sofa" : 12,  "begin" : 1434,  "end" : 1438 }, 
        {"sofa" : 12,  "begin" : 1439,  "end" : 1447 }, 
        {"sofa" : 12,  "begin" : 1448,  "end" : 1450 }, 
        {"sofa" : 12,  "begin" : 1451,  "end" : 1465 }, 
        {"sofa" : 12,  "begin" : 1466,  "end" : 1473 }, 
        {"sofa" : 12,  "begin" : 1474,  "end" : 1484 }, 
        {"sofa" : 12,  "begin" : 1485,  "end" : 1486 }, 
        {"sofa" : 12,  "begin" : 1487,  "end" : 1494 }, 
        {"sofa" : 12,  "begin" : 1495,  "end" : 1497 }, 
        {"sofa" : 12,  "begin" : 1498,  "end" : 1501 }, 
        {"sofa" : 12,  "begin" : 1502,  "end" : 1514 }, 
        {"sofa" : 12,  "begin" : 1515,  "end" : 1522 }, 
        {"sofa" : 12,  "begin" : 1523,  "end" : 1525 }, 
        {"sofa" : 12,  "begin" : 1526,  "end" : 1529 }, 
        {"sofa" : 12,  "begin" : 1529,  "end" : 1530 }, 
        {"sofa" : 12,  "begin" : 1531,  "end" : 1533 }, 
        {"sofa" : 12,  "begin" : 1534,  "end" : 1536 }, 
        {"sofa" : 12,  "begin" : 1537,  "end" : 1544 }, 
        {"sofa" : 12,  "begin" : 1545,  "end" : 1547 }, 
        {"sofa" : 12,  "begin" : 1548,  "end" : 1555 }, 
        {"sofa" : 12,  "begin" : 1556,  "end" : 1560 }, 
        {"sofa" : 12,  "begin" : 1561,  "end" : 1569 }, 
        {"sofa" : 12,  "begin" : 1569,  "end" : 1570 }, 
        {"sofa" : 12,  "begin" : 1571,  "end" : 1580 }, 
        {"sofa" : 12,  "begin" : 1581,  "end" : 1583 }, 
        {"sofa" : 12,  "begin" : 1584,  "end" : 1594 }, 
        {"sofa" : 12,  "begin" : 1594,  "end" : 1595 }, 
        {"sofa" : 12,  "begin" : 1595,  "end" : 1600 }, 
        {"sofa" : 12,  "begin" : 1601,  "end" : 1603 }, 
        {"sofa" : 12,  "begin" : 1604,  "end" : 1607 }, 
        {"sofa" : 12,  "begin" : 1608,  "end" : 1611 }, 
        {"sofa" : 12,  "begin" : 1611,  "end" : 1612 }, 
        {"sofa" : 12,  "begin" : 1612,  "end" : 1613 }, 
        {"sofa" : 12,  "begin" : 1618,  "end" : 1623 }, 
        {"sofa" : 12,  "begin" : 1624,  "end" : 1631 }, 
        {"sofa" : 12,  "begin" : 1632,  "end" : 1637 }, 
        {"sofa" : 12,  "begin" : 1638,  "end" : 1642 }, 
        {"sofa" : 12,  "begin" : 1643,  "end" : 1650 }, 
        {"sofa" : 12,  "begin" : 1651,  "end" : 1656 }, 
        {"sofa" : 12,  "begin" : 1657,  "end" : 1661 }, 
        {"sofa" : 12,  "begin" : 1662,  "end" : 1667 }, 
        {"sofa" : 12,  "begin" : 1668,  "end" : 1670 }, 
        {"sofa" : 12,  "begin" : 1671,  "end" : 1674 }, 
        {"sofa" : 12,  "begin" : 1675,  "end" : 1681 }, 
        {"sofa" : 12,  "begin" : 1681,  "end" : 1682 }, 
        {"sofa" : 12,  "begin" : 1683,  "end" : 1689 }, 
        {"sofa" : 12,  "begin" : 1690,  "end" : 1696 }, 
        {"sofa" : 12,  "begin" : 1697,  "end" : 1700 }, 
        {"sofa" : 12,  "begin" : 1701,  "end" : 1704 }, 
        {"sofa" : 12,  "begin" : 1705,  "end" : 1709 }, 
        {"sofa" : 12,  "begin" : 1709,  "end" : 1710 }, 
        {"sofa" : 12,  "begin" : 1711,  "end" : 1714 }, 
        {"sofa" : 12,  "begin" : 1715,  "end" : 1723 }, 
        {"sofa" : 12,  "begin" : 1724,  "end" : 1726 }, 
        {"sofa" : 12,  "begin" : 1727,  "end" : 1734 }, 
        {"sofa" : 12,  "begin" : 1735,  "end" : 1739 }, 
        {"sofa" : 12,  "begin" : 1740,  "end" : 1744 }, 
        {"sofa" : 12,  "begin" : 1745,  "end" : 1749 }, 
        {"sofa" : 12,  "begin" : 1750,  "end" : 1757 }, 
        {"sofa" : 12,  "begin" : 1758,  "end" : 1761 }, 
        {"sofa" : 12,  "begin" : 1762,  "end" : 1767 }, 
        {"sofa" : 12,  "begin" : 1768,  "end" : 1771 }, 
        {"sofa" : 12,  "begin" : 1772,  "end" : 1777 }, 
        {"sofa" : 12,  "begin" : 1778,  "end" : 1780 }, 
        {"sofa" : 12,  "begin" : 1781,  "end" : 1788 }, 
        {"sofa" : 12,  "begin" : 1789,  "end" : 1798 }, 
        {"sofa" : 12,  "begin" : 1799,  "end" : 1802 }, 
        {"sofa" : 12,  "begin" : 1803,  "end" : 1808 }, 
        {"sofa" : 12,  "begin" : 1809,  "end" : 1813 }, 
        {"sofa" : 12,  "begin" : 1814,  "end" : 1815 }, 
        {"sofa" : 12,  "begin" : 1815,  "end" : 1822 }, 
        {"sofa" : 12,  "begin" : 1823,  "end" : 1827 }, 
        {"sofa" : 12,  "begin" : 1828,  "end" : 1831 }, 
        {"sofa" : 12,  "begin" : 1832,  "end" : 1836 }, 
        {"sofa" : 12,  "begin" : 1836,  "end" : 1837 }, 
        {"sofa" : 12,  "begin" : 1837,  "end" : 1842 }, 
        {"sofa" : 12,  "begin" : 1843,  "end" : 1845 }, 
        {"sofa" : 12,  "begin" : 1846,  "end" : 1849 }, 
        {"sofa" : 12,  "begin" : 1850,  "end" : 1853 }, 
        {"sofa" : 12,  "begin" : 1853,  "end" : 1854 }, 
        {"sofa" : 12,  "begin" : 1854,  "end" : 1855 }, 
        {"sofa" : 12,  "begin" : 1855,  "end" : 1856 }, 
        {"sofa" : 12,  "begin" : 1857,  "end" : 1860 }, 
        {"sofa" : 12,  "begin" : 1861,  "end" : 1867 }, 
        {"sofa" : 12,  "begin" : 1868,  "end" : 1875 }, 
        {"sofa" : 12,  "begin" : 1876,  "end" : 1878 }, 
        {"sofa" : 12,  "begin" : 1879,  "end" : 1880 }, 
        {"sofa" : 12,  "begin" : 1881,  "end" : 1890 }, 
        {"sofa" : 12,  "begin" : 1891,  "end" : 1898 }, 
        {"sofa" : 12,  "begin" : 1898,  "end" : 1899 }, 
        {"sofa" : 12,  "begin" : 1900,  "end" : 1907 }, 
        {"sofa" : 12,  "begin" : 1907,  "end" : 1908 }, 
        {"sofa" : 12,  "begin" : 1908,  "end" : 1913 }, 
        {"sofa" : 12,  "begin" : 1914,  "end" : 1916 }, 
        {"sofa" : 12,  "begin" : 1917,  "end" : 1920 }, 
        {"sofa" : 12,  "begin" : 1921,  "end" : 1924 }, 
        {"sofa" : 12,  "begin" : 1924,  "end" : 1925 }, 
        {"sofa" : 12,  "begin" : 1925,  "end" : 1926 }, 
        {"sofa" : 12,  "begin" : 1927,  "end" : 1932 }, 
        {"sofa" : 12,  "begin" : 1933,  "end" : 1938 }, 
        {"sofa" : 12,  "begin" : 1939,  "end" : 1946 }, 
        {"sofa" : 12,  "begin" : 1947,  "end" : 1954 }, 
        {"sofa" : 12,  "begin" : 1954,  "end" : 1955 }, 
        {"sofa" : 12,  "begin" : 1957,  "end" : 1959 }, 
        {"sofa" : 12,  "begin" : 1960,  "end" : 1964 }, 
        {"sofa" : 12,  "begin" : 1965,  "end" : 1971 }, 
        {"sofa" : 12,  "begin" : 1971,  "end" : 1972 }, 
        {"sofa" : 12,  "begin" : 1973,  "end" : 1976 }, 
        {"sofa" : 12,  "begin" : 1977,  "end" : 1981 }, 
        {"sofa" : 12,  "begin" : 1982,  "end" : 1984 }, 
        {"sofa" : 12,  "begin" : 1985,  "end" : 1989 }, 
        {"sofa" : 12,  "begin" : 1990,  "end" : 1993 }, 
        {"sofa" : 12,  "begin" : 1994,  "end" : 2001 }, 
        {"sofa" : 12,  "begin" : 2002,  "end" : 2004 }, 
        {"sofa" : 12,  "begin" : 2005,  "end" : 2010 }, 
        {"sofa" : 12,  "begin" : 2010,  "end" : 2011 }, 
        {"sofa" : 12,  "begin" : 2012,  "end" : 2019 }, 
        {"sofa" : 12,  "begin" : 2020,  "end" : 2026 }, 
        {"sofa" : 12,  "begin" : 2027,  "end" : 2030 }, 
        {"sofa" : 12,  "begin" : 2031,  "end" : 2036 }, 
        {"sofa" : 12,  "begin" : 2037,  "end" : 2044 }, 
        {"sofa" : 12,  "begin" : 2045,  "end" : 2048 }, 
        {"sofa" : 12,  "begin" : 2049,  "end" : 2057 }, 
        {"sofa" : 12,  "begin" : 2058,  "end" : 2066 }, 
        {"sofa" : 12,  "begin" : 2066,  "end" : 2067 }, 
        {"sofa" : 12,  "begin" : 2068,  "end" : 2072 }, 
        {"sofa" : 12,  "begin" : 2072,  "end" : 2073 }, 
        {"sofa" : 12,  "begin" : 2074,  "end" : 2077 }, 
        {"sofa" : 12,  "begin" : 2078,  "end" : 2084 }, 
        {"sofa" : 12,  "begin" : 2085,  "end" : 2098 }, 
        {"sofa" : 12,  "begin" : 2099,  "end" : 2107 }, 
        {"sofa" : 12,  "begin" : 2108,  "end" : 2112 }, 
        {"sofa" : 12,  "begin" : 2113,  "end" : 2115 }, 
        {"sofa" : 12,  "begin" : 2116,  "end" : 2122 }, 
        {"sofa" : 12,  "begin" : 2122,  "end" : 2123 }, 
        {"sofa" : 12,  "begin" : 2124,  "end" : 2132 }, 
        {"sofa" : 12,  "begin" : 2133,  "end" : 2136 }, 
        {"sofa" : 12,  "begin" : 2137,  "end" : 2145 }, 
        {"sofa" : 12,  "begin" : 2146,  "end" : 2153 }, 
        {"sofa" : 12,  "begin" : 2154,  "end" : 2156 }, 
        {"sofa" : 12,  "begin" : 2157,  "end" : 2163 }, 
        {"sofa" : 12,  "begin" : 2164,  "end" : 2166 }, 
        {"sofa" : 12,  "begin" : 2167,  "end" : 2168 }, 
        {"sofa" : 12,  "begin" : 2169,  "end" : 2176 }, 
        {"sofa" : 12,  "begin" : 2176,  "end" : 2177 }, 
        {"sofa" : 12,  "begin" : 2178,  "end" : 2181 }, 
        {"sofa" : 12,  "begin" : 2182,  "end" : 2184 }, 
        {"sofa" : 12,  "begin" : 2185,  "end" : 2189 }, 
        {"sofa" : 12,  "begin" : 2190,  "end" : 2196 }, 
        {"sofa" : 12,  "begin" : 2197,  "end" : 2201 }, 
        {"sofa" : 12,  "begin" : 2202,  "end" : 2205 }, 
        {"sofa" : 12,  "begin" : 2206,  "end" : 2211 }, 
        {"sofa" : 12,  "begin" : 2212,  "end" : 2218 }, 
        {"sofa" : 12,  "begin" : 2218,  "end" : 2219 }, 
        {"sofa" : 12,  "begin" : 2220,  "end" : 2225 }, 
        {"sofa" : 12,  "begin" : 2226,  "end" : 2235 }, 
        {"sofa" : 12,  "begin" : 2236,  "end" : 2240 }, 
        {"sofa" : 12,  "begin" : 2241,  "end" : 2244 }, 
        {"sofa" : 12,  "begin" : 2245,  "end" : 2252 }, 
        {"sofa" : 12,  "begin" : 2253,  "end" : 2259 }, 
        {"sofa" : 12,  "begin" : 2260,  "end" : 2264 }, 
        {"sofa" : 12,  "begin" : 2265,  "end" : 2281 }, 
        {"sofa" : 12,  "begin" : 2281,  "end" : 2282 }, 
        {"sofa" : 12,  "begin" : 2283,  "end" : 2293 }, 
        {"sofa" : 12,  "begin" : 2294,  "end" : 2302 }, 
        {"sofa" : 12,  "begin" : 2303,  "end" : 2311 }, 
        {"sofa" : 12,  "begin" : 2311,  "end" : 2312 }, 
        {"sofa" : 12,  "begin" : 2312,  "end" : 2317 }, 
        {"sofa" : 12,  "begin" : 2318,  "end" : 2320 }, 
        {"sofa" : 12,  "begin" : 2321,  "end" : 2324 }, 
        {"sofa" : 12,  "begin" : 2325,  "end" : 2328 }, 
        {"sofa" : 12,  "begin" : 2328,  "end" : 2329 }, 
        {"sofa" : 12,  "begin" : 2329,  "end" : 2330 }, 
        {"sofa" : 12,  "begin" : 2331,  "end" : 2334 }, 
        {"sofa" : 12,  "begin" : 2335,  "end" : 2343 }, 
        {"sofa" : 12,  "begin" : 2344,  "end" : 2351 }, 
        {"sofa" : 12,  "begin" : 2352,  "end" : 2357 }, 
        {"sofa" : 12,  "begin" : 2358,  "end" : 2364 }, 
        {"sofa" : 12,  "begin" : 2365,  "end" : 2368 }, 
        {"sofa" : 12,  "begin" : 2369,  "end" : 2378 }, 
        {"sofa" : 12,  "begin" : 2379,  "end" : 2389 }, 
        {"sofa" : 12,  "begin" : 2389,  "end" : 2390 }, 
        {"sofa" : 12,  "begin" : 2391,  "end" : 2396 }, 
        {"sofa" : 12,  "begin" : 2397,  "end" : 2400 }, 
        {"sofa" : 12,  "begin" : 2401,  "end" : 2408 }, 
        {"sofa" : 12,  "begin" : 2409,  "end" : 2414 }, 
        {"sofa" : 12,  "begin" : 2415,  "end" : 2420 }, 
        {"sofa" : 12,  "begin" : 2421,  "end" : 2423 }, 
        {"sofa" : 12,  "begin" : 2424,  "end" : 2430 }, 
        {"sofa" : 12,  "begin" : 2430,  "end" : 2431 }, 
        {"sofa" : 12,  "begin" : 2435,  "end" : 2445 }, 
        {"sofa" : 12,  "begin" : 2446,  "end" : 2455 }, 
        {"sofa" : 12,  "begin" : 2456,  "end" : 2458 }, 
        {"sofa" : 12,  "begin" : 2459,  "end" : 2463 }, 
        {"sofa" : 12,  "begin" : 2464,  "end" : 2471 }, 
        {"sofa" : 12,  "begin" : 2471,  "end" : 2472 } ], 
      "Persuasive_Labels" : [
        {"sofa" : 12,  "begin" : 723,  "end" : 746,  "EstablishingLegitimacy" : "legitimate persuasive techniques: rhetorical question" }, 
        {"sofa" : 12,  "begin" : 723,  "end" : 746,  "EstablishingLegitimacy" : "Establishing Legitimacy" }, 
        {"sofa" : 12,  "begin" : 747,  "end" : 793,  "DistinctiveLinguisticFeatures" : "distinctive linguistic features" }, 
        {"sofa" : 12,  "begin" : 747,  "end" : 793,  "EstablishingLegitimacy" : "legitimate persuasive techniques: rhetorical question" }, 
        {"sofa" : 12,  "begin" : 1571,  "end" : 1594,  "EstablishingLegitimacy" : "Establishing Legitimacy" }, 
        {"sofa" : 12,  "begin" : 1571,  "end" : 1594,  "EstablishingLegitimacy" : "citing source to establish legitimacy_source not verified" }, 
        {"sofa" : 12,  "begin" : 2283,  "end" : 2311,  "EstablishingLegitimacy" : "Establishing Legitimacy" }, 
        {"sofa" : 12,  "begin" : 2283,  "end" : 2311,  "EstablishingLegitimacy" : "citing source to establish legitimacy_source not verified" } ] } }, 
  "_referenced_fss" : {
    "12" : {"_type" : "Sofa",  "sofaNum" : 1,  "sofaID" : "_InitialView",  "mimeType" : "text",  "sofaString" : "﻿snes-06005 Gelatin is made from the bones, hides, and other parts of animals, including horses.\r\nSource https://www.livescience.com/42088-what-is-jello-jell-o.html \r\nFact checking: https://www.truthorfiction.com/pyrex-explodes/ \r\nActual content: \r\nWhat is Jell-O?\r\nBy Michael Dhar published December 19, 2013\r\nJell-O is made of gelatin, sweetener, and artificial flavorings.\r\nJell-O is a sweetened gelatin product made by boiling the bones and hides of animals. (Image credit: Shutterstock)\r\nIt's brightly-colored, jiggly and a mainstay of dinner tables and frat parties everywhere in America. It's Jell-O, a dessert that's been sold since 1897 . \r\nBut anyone whose chewed on that weirdly squishy confection has wondered: what exactly is Jell-O? And why does it have that distinctive texture?                 \r\nTechnically, \"Jell-O\" is actually a brand name, currently owned by Kraft Heinz, that is used to market a range of desserts and snacks. But most people use the term to refer to the gelatin-based desserts that are also sold under the \"Jell-O\" name. The jiggly red dessert we think of as Jell-O is made up of almost 90% sugar, although the key ingredient that gives Jell-O its distinctive consistency is gelatin.  (The dessert also contains artificial colors, sweeteners and other flavorings, such as strawberry, orange and lime.)\r\nGelatin itself is a collection of long, stringy animal-based proteins called collagen, which bond together in three-stranded helical structures - similar to the two-stranded helices of DNA. It is created by cooking that collagen, according to Healthline(opens in new tab). \r\n\r\nUrban legends claim that gelatin comes from horse or cow hooves, though that's not the case. The collagen in gelatin does come from boiling the bones and hides of animals processed for their meat (usually cows and pigs(opens in new tab)). But hooves consist of a different protein, keratin(opens in new tab), which can't produce gelatin.\r\nTo make Jell-O, you need to heat the gelatin in water. Heating breaks the bonds holding the collagen together. Next, the heated water-gelatin solution must be cooled, allowing the collagen strands to rebond in a network, but if it's cooled with the right timing, water molecules will get trapped inside this collagen-network, Scientific American reported(opens in new tab). The collagen network gives Jell-O its semisolid properties, while the trapped water keeps it jiggly.\r\n\r\nOriginally published on Live Science.\r\n" } } }