{"_context" : {
    "_types" : {
      "DocumentMetaData" : {
        "_feature_types" : {"sofa" : "_ref" } }, 
      "Persuasive_Labels" : {
        "_feature_types" : {"sofa" : "_ref" } }, 
      "Sentence" : {
        "_feature_types" : {"sofa" : "_ref" } }, 
      "Sofa" : {
        "_feature_types" : {"sofaArray" : "_ref" } }, 
      "TagsetDescription" : {
        "_feature_types" : {"sofa" : "_ref",  "tags" : "_ref" } }, 
      "Token" : {
        "_feature_types" : {"sofa" : "_ref",  "parent" : "_ref",  "lemma" : "_ref",  "stem" : "_ref",  "pos" : "_ref",  "morph" : "_ref",  "form" : "_ref" } }, 
      "DocumentAnnotation" : {
        "_feature_types" : {"sofa" : "_ref" }, 
        "_subtypes" : ["DocumentMetaData" ] }, 
      "Annotation" : {
        "_feature_types" : {"sofa" : "_ref" }, 
        "_subtypes" : ["DocumentAnnotation",  "Persuasive_Labels",  "Sentence",  "TagsetDescription",  "Token" ] }, 
      "AnnotationBase" : {
        "_feature_types" : {"sofa" : "_ref" }, 
        "_subtypes" : ["Annotation" ] }, 
      "TOP" : {
        "_subtypes" : ["AnnotationBase",  "Sofa" ] } } }, 
  "_views" : {
    "_InitialView" : {
      "DocumentMetaData" : [
        {"sofa" : 12,  "end" : 859,  "language" : "x-unspecified",  "documentTitle" : "34.%20snes-02801%20Drug%20dealers%20are%20selling%20colored%20and%20flavored%20crystal%20methamphetamine%20known%20as%20Strawberry%20Quick%20to%20children%20.txt",  "documentId" : "admin",  "documentUri" : "file:/C:/Users/huiyi/.webanno/repository/project/4/document/202/source/admin",  "collectionId" : "file:/C:/Users/huiyi/.webanno/repository/project/4/document/202/source/",  "documentBaseUri" : "file:/C:/Users/huiyi/.webanno/repository/project/4/document/202/source/",  "isLastSegment" : false } ], 
      "TagsetDescription" : [
        {"sofa" : 12,  "layer" : "de.tudarmstadt.ukp.dkpro.core.api.syntax.type.dependency.Dependency",  "name" : "UD Universal Dependencies (v2)",  "input" : false }, 
        {"sofa" : 12,  "layer" : "de.tudarmstadt.ukp.dkpro.core.api.ner.type.NamedEntity",  "name" : "Named Entity tags",  "input" : false }, 
        {"sofa" : 12,  "layer" : "de.tudarmstadt.ukp.dkpro.core.api.transform.type.SofaChangeAnnotation",  "name" : "Operation",  "input" : false }, 
        {"sofa" : 12,  "layer" : "de.tudarmstadt.ukp.dkpro.core.api.lexmorph.type.pos.POS",  "name" : "UD Universal POS tags (v2)",  "input" : false }, 
        {"sofa" : 12,  "layer" : "webanno.custom.Persuasive_Labels",  "name" : "2. Using Anecdotes and Personal Experience as Evidence",  "input" : false } ], 
      "Sentence" : [
        {"sofa" : 12,  "end" : 323 }, 
        {"sofa" : 12,  "begin" : 324,  "end" : 543 }, 
        {"sofa" : 12,  "begin" : 544,  "end" : 763 }, 
        {"sofa" : 12,  "begin" : 764,  "end" : 810 }, 
        {"sofa" : 12,  "begin" : 811,  "end" : 857 } ], 
      "Token" : [
        {"sofa" : 12,  "end" : 5 }, 
        {"sofa" : 12,  "begin" : 5,  "end" : 6 }, 
        {"sofa" : 12,  "begin" : 6,  "end" : 11 }, 
        {"sofa" : 12,  "begin" : 12,  "end" : 16 }, 
        {"sofa" : 12,  "begin" : 17,  "end" : 24 }, 
        {"sofa" : 12,  "begin" : 25,  "end" : 28 }, 
        {"sofa" : 12,  "begin" : 29,  "end" : 36 }, 
        {"sofa" : 12,  "begin" : 37,  "end" : 44 }, 
        {"sofa" : 12,  "begin" : 45,  "end" : 48 }, 
        {"sofa" : 12,  "begin" : 49,  "end" : 57 }, 
        {"sofa" : 12,  "begin" : 58,  "end" : 65 }, 
        {"sofa" : 12,  "begin" : 66,  "end" : 81 }, 
        {"sofa" : 12,  "begin" : 82,  "end" : 87 }, 
        {"sofa" : 12,  "begin" : 88,  "end" : 90 }, 
        {"sofa" : 12,  "begin" : 91,  "end" : 92 }, 
        {"sofa" : 12,  "begin" : 92,  "end" : 102 }, 
        {"sofa" : 12,  "begin" : 103,  "end" : 108 }, 
        {"sofa" : 12,  "begin" : 108,  "end" : 109 }, 
        {"sofa" : 12,  "begin" : 110,  "end" : 112 }, 
        {"sofa" : 12,  "begin" : 113,  "end" : 121 }, 
        {"sofa" : 12,  "begin" : 124,  "end" : 130 }, 
        {"sofa" : 12,  "begin" : 130,  "end" : 131 }, 
        {"sofa" : 12,  "begin" : 132,  "end" : 137 }, 
        {"sofa" : 12,  "begin" : 137,  "end" : 138 }, 
        {"sofa" : 12,  "begin" : 138,  "end" : 139 }, 
        {"sofa" : 12,  "begin" : 139,  "end" : 140 }, 
        {"sofa" : 12,  "begin" : 140,  "end" : 151 }, 
        {"sofa" : 12,  "begin" : 151,  "end" : 152 }, 
        {"sofa" : 12,  "begin" : 152,  "end" : 160 }, 
        {"sofa" : 12,  "begin" : 163,  "end" : 167 }, 
        {"sofa" : 12,  "begin" : 168,  "end" : 176 }, 
        {"sofa" : 12,  "begin" : 176,  "end" : 177 }, 
        {"sofa" : 12,  "begin" : 178,  "end" : 183 }, 
        {"sofa" : 12,  "begin" : 183,  "end" : 184 }, 
        {"sofa" : 12,  "begin" : 184,  "end" : 185 }, 
        {"sofa" : 12,  "begin" : 185,  "end" : 186 }, 
        {"sofa" : 12,  "begin" : 186,  "end" : 200 }, 
        {"sofa" : 12,  "begin" : 200,  "end" : 201 }, 
        {"sofa" : 12,  "begin" : 201,  "end" : 211 }, 
        {"sofa" : 12,  "begin" : 211,  "end" : 212 }, 
        {"sofa" : 12,  "begin" : 212,  "end" : 252 }, 
        {"sofa" : 12,  "begin" : 252,  "end" : 253 }, 
        {"sofa" : 12,  "begin" : 258,  "end" : 266 }, 
        {"sofa" : 12,  "begin" : 267,  "end" : 271 }, 
        {"sofa" : 12,  "begin" : 272,  "end" : 273 }, 
        {"sofa" : 12,  "begin" : 274,  "end" : 280 }, 
        {"sofa" : 12,  "begin" : 281,  "end" : 288 }, 
        {"sofa" : 12,  "begin" : 288,  "end" : 289 }, 
        {"sofa" : 12,  "begin" : 292,  "end" : 295 }, 
        {"sofa" : 12,  "begin" : 296,  "end" : 303 }, 
        {"sofa" : 12,  "begin" : 304,  "end" : 312 }, 
        {"sofa" : 12,  "begin" : 313,  "end" : 315 }, 
        {"sofa" : 12,  "begin" : 316,  "end" : 321 }, 
        {"sofa" : 12,  "begin" : 321,  "end" : 322 }, 
        {"sofa" : 12,  "begin" : 322,  "end" : 323 }, 
        {"sofa" : 12,  "begin" : 324,  "end" : 325 }, 
        {"sofa" : 12,  "begin" : 325,  "end" : 326 }, 
        {"sofa" : 12,  "begin" : 326,  "end" : 327 }, 
        {"sofa" : 12,  "begin" : 327,  "end" : 332 }, 
        {"sofa" : 12,  "begin" : 333,  "end" : 335 }, 
        {"sofa" : 12,  "begin" : 336,  "end" : 337 }, 
        {"sofa" : 12,  "begin" : 338,  "end" : 342 }, 
        {"sofa" : 12,  "begin" : 343,  "end" : 348 }, 
        {"sofa" : 12,  "begin" : 349,  "end" : 355 }, 
        {"sofa" : 12,  "begin" : 356,  "end" : 359 }, 
        {"sofa" : 12,  "begin" : 360,  "end" : 367 }, 
        {"sofa" : 12,  "begin" : 368,  "end" : 369 }, 
        {"sofa" : 12,  "begin" : 369,  "end" : 370 }, 
        {"sofa" : 12,  "begin" : 370,  "end" : 371 }, 
        {"sofa" : 12,  "begin" : 371,  "end" : 374 }, 
        {"sofa" : 12,  "begin" : 375,  "end" : 380 }, 
        {"sofa" : 12,  "begin" : 381,  "end" : 383 }, 
        {"sofa" : 12,  "begin" : 384,  "end" : 394 }, 
        {"sofa" : 12,  "begin" : 395,  "end" : 400 }, 
        {"sofa" : 12,  "begin" : 401,  "end" : 402 }, 
        {"sofa" : 12,  "begin" : 402,  "end" : 403 }, 
        {"sofa" : 12,  "begin" : 403,  "end" : 404 }, 
        {"sofa" : 12,  "begin" : 404,  "end" : 406 }, 
        {"sofa" : 12,  "begin" : 407,  "end" : 417 }, 
        {"sofa" : 12,  "begin" : 418,  "end" : 422 }, 
        {"sofa" : 12,  "begin" : 423,  "end" : 424 }, 
        {"sofa" : 12,  "begin" : 424,  "end" : 425 }, 
        {"sofa" : 12,  "begin" : 425,  "end" : 426 }, 
        {"sofa" : 12,  "begin" : 426,  "end" : 428 }, 
        {"sofa" : 12,  "begin" : 429,  "end" : 434 }, 
        {"sofa" : 12,  "begin" : 435,  "end" : 439 }, 
        {"sofa" : 12,  "begin" : 440,  "end" : 443 }, 
        {"sofa" : 12,  "begin" : 444,  "end" : 449 }, 
        {"sofa" : 12,  "begin" : 450,  "end" : 454 }, 
        {"sofa" : 12,  "begin" : 455,  "end" : 458 }, 
        {"sofa" : 12,  "begin" : 459,  "end" : 460 }, 
        {"sofa" : 12,  "begin" : 461,  "end" : 465 }, 
        {"sofa" : 12,  "begin" : 466,  "end" : 472 }, 
        {"sofa" : 12,  "begin" : 473,  "end" : 477 }, 
        {"sofa" : 12,  "begin" : 478,  "end" : 490 }, 
        {"sofa" : 12,  "begin" : 491,  "end" : 492 }, 
        {"sofa" : 12,  "begin" : 493,  "end" : 497 }, 
        {"sofa" : 12,  "begin" : 498,  "end" : 503 }, 
        {"sofa" : 12,  "begin" : 504,  "end" : 506 }, 
        {"sofa" : 12,  "begin" : 507,  "end" : 512 }, 
        {"sofa" : 12,  "begin" : 513,  "end" : 520 }, 
        {"sofa" : 12,  "begin" : 521,  "end" : 525 }, 
        {"sofa" : 12,  "begin" : 526,  "end" : 535 }, 
        {"sofa" : 12,  "begin" : 536,  "end" : 539 }, 
        {"sofa" : 12,  "begin" : 540,  "end" : 541 }, 
        {"sofa" : 12,  "begin" : 541,  "end" : 542 }, 
        {"sofa" : 12,  "begin" : 542,  "end" : 543 }, 
        {"sofa" : 12,  "begin" : 544,  "end" : 550 }, 
        {"sofa" : 12,  "begin" : 551,  "end" : 555 }, 
        {"sofa" : 12,  "begin" : 556,  "end" : 560 }, 
        {"sofa" : 12,  "begin" : 561,  "end" : 569 }, 
        {"sofa" : 12,  "begin" : 570,  "end" : 573 }, 
        {"sofa" : 12,  "begin" : 574,  "end" : 576 }, 
        {"sofa" : 12,  "begin" : 577,  "end" : 581 }, 
        {"sofa" : 12,  "begin" : 582,  "end" : 587 }, 
        {"sofa" : 12,  "begin" : 588,  "end" : 592 }, 
        {"sofa" : 12,  "begin" : 593,  "end" : 599 }, 
        {"sofa" : 12,  "begin" : 600,  "end" : 601 }, 
        {"sofa" : 12,  "begin" : 602,  "end" : 606 }, 
        {"sofa" : 12,  "begin" : 607,  "end" : 608 }, 
        {"sofa" : 12,  "begin" : 609,  "end" : 614 }, 
        {"sofa" : 12,  "begin" : 615,  "end" : 619 }, 
        {"sofa" : 12,  "begin" : 620,  "end" : 621 }, 
        {"sofa" : 12,  "begin" : 622,  "end" : 629 }, 
        {"sofa" : 12,  "begin" : 630,  "end" : 634 }, 
        {"sofa" : 12,  "begin" : 635,  "end" : 639 }, 
        {"sofa" : 12,  "begin" : 640,  "end" : 644 }, 
        {"sofa" : 12,  "begin" : 645,  "end" : 650 }, 
        {"sofa" : 12,  "begin" : 651,  "end" : 655 }, 
        {"sofa" : 12,  "begin" : 656,  "end" : 659 }, 
        {"sofa" : 12,  "begin" : 660,  "end" : 665 }, 
        {"sofa" : 12,  "begin" : 666,  "end" : 668 }, 
        {"sofa" : 12,  "begin" : 669,  "end" : 677 }, 
        {"sofa" : 12,  "begin" : 678,  "end" : 685 }, 
        {"sofa" : 12,  "begin" : 686,  "end" : 690 }, 
        {"sofa" : 12,  "begin" : 691,  "end" : 697 }, 
        {"sofa" : 12,  "begin" : 698,  "end" : 700 }, 
        {"sofa" : 12,  "begin" : 701,  "end" : 705 }, 
        {"sofa" : 12,  "begin" : 706,  "end" : 716 }, 
        {"sofa" : 12,  "begin" : 717,  "end" : 723 }, 
        {"sofa" : 12,  "begin" : 724,  "end" : 725 }, 
        {"sofa" : 12,  "begin" : 726,  "end" : 729 }, 
        {"sofa" : 12,  "begin" : 730,  "end" : 734 }, 
        {"sofa" : 12,  "begin" : 735,  "end" : 739 }, 
        {"sofa" : 12,  "begin" : 740,  "end" : 741 }, 
        {"sofa" : 12,  "begin" : 741,  "end" : 742 }, 
        {"sofa" : 12,  "begin" : 742,  "end" : 743 }, 
        {"sofa" : 12,  "begin" : 744,  "end" : 745 }, 
        {"sofa" : 12,  "begin" : 745,  "end" : 746 }, 
        {"sofa" : 12,  "begin" : 746,  "end" : 747 }, 
        {"sofa" : 12,  "begin" : 747,  "end" : 753 }, 
        {"sofa" : 12,  "begin" : 754,  "end" : 760 }, 
        {"sofa" : 12,  "begin" : 760,  "end" : 761 }, 
        {"sofa" : 12,  "begin" : 761,  "end" : 762 }, 
        {"sofa" : 12,  "begin" : 762,  "end" : 763 }, 
        {"sofa" : 12,  "begin" : 764,  "end" : 766 }, 
        {"sofa" : 12,  "begin" : 767,  "end" : 770 }, 
        {"sofa" : 12,  "begin" : 771,  "end" : 778 }, 
        {"sofa" : 12,  "begin" : 779,  "end" : 782 }, 
        {"sofa" : 12,  "begin" : 783,  "end" : 788 }, 
        {"sofa" : 12,  "begin" : 789,  "end" : 791 }, 
        {"sofa" : 12,  "begin" : 792,  "end" : 796 }, 
        {"sofa" : 12,  "begin" : 797,  "end" : 798 }, 
        {"sofa" : 12,  "begin" : 798,  "end" : 799 }, 
        {"sofa" : 12,  "begin" : 799,  "end" : 800 }, 
        {"sofa" : 12,  "begin" : 800,  "end" : 805 }, 
        {"sofa" : 12,  "begin" : 806,  "end" : 809 }, 
        {"sofa" : 12,  "begin" : 809,  "end" : 810 }, 
        {"sofa" : 12,  "begin" : 811,  "end" : 815 }, 
        {"sofa" : 12,  "begin" : 816,  "end" : 818 }, 
        {"sofa" : 12,  "begin" : 819,  "end" : 828 }, 
        {"sofa" : 12,  "begin" : 829,  "end" : 832 }, 
        {"sofa" : 12,  "begin" : 833,  "end" : 837 }, 
        {"sofa" : 12,  "begin" : 838,  "end" : 841 }, 
        {"sofa" : 12,  "begin" : 842,  "end" : 849 }, 
        {"sofa" : 12,  "begin" : 849,  "end" : 850 }, 
        {"sofa" : 12,  "begin" : 850,  "end" : 851 }, 
        {"sofa" : 12,  "begin" : 851,  "end" : 852 }, 
        {"sofa" : 12,  "begin" : 853,  "end" : 854 }, 
        {"sofa" : 12,  "begin" : 854,  "end" : 855 }, 
        {"sofa" : 12,  "begin" : 855,  "end" : 856 }, 
        {"sofa" : 12,  "begin" : 856,  "end" : 857 } ], 
      "Persuasive_Labels" : [
        {"sofa" : 12,  "begin" : 292,  "end" : 323,  "DistinctiveLinguisticFeatures" : "uppercase words" }, 
        {"sofa" : 12,  "begin" : 292,  "end" : 323,  "DistinctiveLinguisticFeatures" : "distinctive linguistic features" }, 
        {"sofa" : 12,  "begin" : 304,  "end" : 323,  "EmotionalAppeals" : "anxiety" }, 
        {"sofa" : 12,  "begin" : 304,  "end" : 323,  "EmotionalAppeals" : "emotional appeals" }, 
        {"sofa" : 12,  "begin" : 321,  "end" : 323,  "DistinctiveLinguisticFeatures" : "ellipses, exaggerated/excessive usage of punctuation marks" }, 
        {"sofa" : 12,  "begin" : 324,  "end" : 327,  "DistinctiveLinguisticFeatures" : "ellipses, exaggerated/excessive usage of punctuation marks" }, 
        {"sofa" : 12,  "begin" : 324,  "end" : 327,  "DistinctiveLinguisticFeatures" : "distinctive linguistic features" }, 
        {"sofa" : 12,  "begin" : 368,  "end" : 371,  "DistinctiveLinguisticFeatures" : "ellipses, exaggerated/excessive usage of punctuation marks" }, 
        {"sofa" : 12,  "begin" : 368,  "end" : 371,  "DistinctiveLinguisticFeatures" : "distinctive linguistic features" }, 
        {"sofa" : 12,  "begin" : 401,  "end" : 404,  "DistinctiveLinguisticFeatures" : "ellipses, exaggerated/excessive usage of punctuation marks" }, 
        {"sofa" : 12,  "begin" : 401,  "end" : 404,  "DistinctiveLinguisticFeatures" : "distinctive linguistic features" }, 
        {"sofa" : 12,  "begin" : 423,  "end" : 426,  "DistinctiveLinguisticFeatures" : "ellipses, exaggerated/excessive usage of punctuation marks" }, 
        {"sofa" : 12,  "begin" : 423,  "end" : 426,  "DistinctiveLinguisticFeatures" : "distinctive linguistic features" }, 
        {"sofa" : 12,  "begin" : 540,  "end" : 543,  "DistinctiveLinguisticFeatures" : "ellipses, exaggerated/excessive usage of punctuation marks" }, 
        {"sofa" : 12,  "begin" : 540,  "end" : 543,  "DistinctiveLinguisticFeatures" : "distinctive linguistic features" }, 
        {"sofa" : 12,  "begin" : 544,  "end" : 739,  "EmotionalAppeals" : "emotional appeals" }, 
        {"sofa" : 12,  "begin" : 593,  "end" : 599,  "DistinctiveLinguisticFeatures" : "uppercase words" }, 
        {"sofa" : 12,  "begin" : 593,  "end" : 599,  "DistinctiveLinguisticFeatures" : "distinctive linguistic features" }, 
        {"sofa" : 12,  "begin" : 726,  "end" : 739,  "EmotionalAppeals" : "fear" }, 
        {"sofa" : 12,  "begin" : 740,  "end" : 743,  "DistinctiveLinguisticFeatures" : "distinctive linguistic features" }, 
        {"sofa" : 12,  "begin" : 744,  "end" : 747,  "DistinctiveLinguisticFeatures" : "ellipses, exaggerated/excessive usage of punctuation marks" }, 
        {"sofa" : 12,  "begin" : 744,  "end" : 747,  "DistinctiveLinguisticFeatures" : "distinctive linguistic features" }, 
        {"sofa" : 12,  "begin" : 747,  "end" : 760,  "DistinctiveLinguisticFeatures" : "uppercase words" }, 
        {"sofa" : 12,  "begin" : 747,  "end" : 760,  "DistinctiveLinguisticFeatures" : "distinctive linguistic features" }, 
        {"sofa" : 12,  "begin" : 747,  "end" : 760,  "EstablishingLegitimacy" : "Establishing Legitimacy" }, 
        {"sofa" : 12,  "begin" : 760,  "end" : 763,  "DistinctiveLinguisticFeatures" : "distinctive linguistic features" }, 
        {"sofa" : 12,  "begin" : 760,  "end" : 763,  "DistinctiveLinguisticFeatures" : "ellipses, exaggerated/excessive usage of punctuation marks" }, 
        {"sofa" : 12,  "begin" : 797,  "end" : 800,  "DistinctiveLinguisticFeatures" : "ellipses, exaggerated/excessive usage of punctuation marks" }, 
        {"sofa" : 12,  "begin" : 797,  "end" : 800,  "DistinctiveLinguisticFeatures" : "distinctive linguistic features" }, 
        {"sofa" : 12,  "begin" : 811,  "end" : 849,  "RhetoricalTricks" : "exaggeration/absolute language" }, 
        {"sofa" : 12,  "begin" : 811,  "end" : 849,  "RhetoricalTricks" : "rhetorical tricks" }, 
        {"sofa" : 12,  "begin" : 849,  "end" : 857,  "DistinctiveLinguisticFeatures" : "distinctive linguistic features" }, 
        {"sofa" : 12,  "begin" : 849,  "end" : 857,  "DistinctiveLinguisticFeatures" : "ellipses, exaggerated/excessive usage of punctuation marks" } ] } }, 
  "_referenced_fss" : {
    "12" : {"_type" : "Sofa",  "sofaNum" : 1,  "sofaID" : "_InitialView",  "mimeType" : "text",  "sofaString" : "﻿snes-02801 Drug dealers are selling colored and flavored crystal methamphetamine known as \"Strawberry Quick\" to children \r\nSource: https://tinyurl.com/swxe7v7r \r\nFact checking: https://www.snopes.com/fact-check/strawberry-quick-methamphetamine-warning/ \r\n\r\nFacebook post - Actual content: \r\nALL PARENTS PLEEEASE BE AWARE!! ...There is a drug going around the schools ...Its known as Strawberry Quick ...or strawberry meth ...it looks like pop rocks kids eat & also smells like strawberries & also comes in other flavors like chocolate ect ... Please tell your children not to take candy from ANYONE - even a class mate - because this drug that looks like pop rocks is actually crystal meth rocked up with strawberry flavor & can kill them :'( ...PLEASE REPOST!!! so all parents are aware of this ...Thank You! This is happening all over the country... :(..\r\n" } } }