{"_context" : {
    "_types" : {
      "DocumentMetaData" : {
        "_feature_types" : {"sofa" : "_ref" } }, 
      "Persuasive_Labels" : {
        "_feature_types" : {"sofa" : "_ref" } }, 
      "Sentence" : {
        "_feature_types" : {"sofa" : "_ref" } }, 
      "Sofa" : {
        "_feature_types" : {"sofaArray" : "_ref" } }, 
      "TagsetDescription" : {
        "_feature_types" : {"sofa" : "_ref",  "tags" : "_ref" } }, 
      "Token" : {
        "_feature_types" : {"sofa" : "_ref",  "parent" : "_ref",  "lemma" : "_ref",  "stem" : "_ref",  "pos" : "_ref",  "morph" : "_ref",  "form" : "_ref" } }, 
      "DocumentAnnotation" : {
        "_feature_types" : {"sofa" : "_ref" }, 
        "_subtypes" : ["DocumentMetaData" ] }, 
      "Annotation" : {
        "_feature_types" : {"sofa" : "_ref" }, 
        "_subtypes" : ["DocumentAnnotation",  "Persuasive_Labels",  "Sentence",  "TagsetDescription",  "Token" ] }, 
      "AnnotationBase" : {
        "_feature_types" : {"sofa" : "_ref" }, 
        "_subtypes" : ["Annotation" ] }, 
      "TOP" : {
        "_subtypes" : ["AnnotationBase",  "Sofa" ] } } }, 
  "_views" : {
    "_InitialView" : {
      "DocumentMetaData" : [
        {"sofa" : 12,  "end" : 6200,  "language" : "x-unspecified",  "documentTitle" : "97.%20snes-01314%20After%20shaving%20her%20legs%20a%20woman%20developed%20a%20life-threatening%20skin%20infection%20that%20required%20the%20removal%20of%20massive%20amounts%20of%20skin%20and%20muscle%20tissue.txt",  "documentId" : "admin",  "documentUri" : "file:/C:/Users/huiyi/.webanno/repository/project/4/document/273/source/admin",  "collectionId" : "file:/C:/Users/huiyi/.webanno/repository/project/4/document/273/source/",  "documentBaseUri" : "file:/C:/Users/huiyi/.webanno/repository/project/4/document/273/source/",  "isLastSegment" : false } ], 
      "TagsetDescription" : [
        {"sofa" : 12,  "layer" : "de.tudarmstadt.ukp.dkpro.core.api.syntax.type.dependency.Dependency",  "name" : "UD Universal Dependencies (v2)",  "input" : false }, 
        {"sofa" : 12,  "layer" : "de.tudarmstadt.ukp.dkpro.core.api.ner.type.NamedEntity",  "name" : "Named Entity tags",  "input" : false }, 
        {"sofa" : 12,  "layer" : "de.tudarmstadt.ukp.dkpro.core.api.transform.type.SofaChangeAnnotation",  "name" : "Operation",  "input" : false }, 
        {"sofa" : 12,  "layer" : "de.tudarmstadt.ukp.dkpro.core.api.lexmorph.type.pos.POS",  "name" : "UD Universal POS tags (v2)",  "input" : false }, 
        {"sofa" : 12,  "layer" : "webanno.custom.Persuasive_Labels",  "name" : "2. Using Anecdotes and Personal Experience as Evidence",  "input" : false } ], 
      "Sentence" : [
        {"sofa" : 12,  "end" : 159 }, 
        {"sofa" : 12,  "begin" : 161,  "end" : 684 }, 
        {"sofa" : 12,  "begin" : 686,  "end" : 809 }, 
        {"sofa" : 12,  "begin" : 811,  "end" : 966 }, 
        {"sofa" : 12,  "begin" : 968,  "end" : 1111 }, 
        {"sofa" : 12,  "begin" : 1113,  "end" : 1263 }, 
        {"sofa" : 12,  "begin" : 1265,  "end" : 1421 }, 
        {"sofa" : 12,  "begin" : 1424,  "end" : 1601 }, 
        {"sofa" : 12,  "begin" : 1603,  "end" : 1680 }, 
        {"sofa" : 12,  "begin" : 1681,  "end" : 1720 }, 
        {"sofa" : 12,  "begin" : 1722,  "end" : 1819 }, 
        {"sofa" : 12,  "begin" : 1820,  "end" : 1885 }, 
        {"sofa" : 12,  "begin" : 1887,  "end" : 1958 }, 
        {"sofa" : 12,  "begin" : 1960,  "end" : 2001 }, 
        {"sofa" : 12,  "begin" : 2002,  "end" : 2075 }, 
        {"sofa" : 12,  "begin" : 2077,  "end" : 2187 }, 
        {"sofa" : 12,  "begin" : 2189,  "end" : 2303 }, 
        {"sofa" : 12,  "begin" : 2305,  "end" : 2434 }, 
        {"sofa" : 12,  "begin" : 2436,  "end" : 2503 }, 
        {"sofa" : 12,  "begin" : 2505,  "end" : 2669 }, 
        {"sofa" : 12,  "begin" : 2671,  "end" : 2804 }, 
        {"sofa" : 12,  "begin" : 2806,  "end" : 2907 }, 
        {"sofa" : 12,  "begin" : 2908,  "end" : 2955 }, 
        {"sofa" : 12,  "begin" : 2957,  "end" : 3016 }, 
        {"sofa" : 12,  "begin" : 3017,  "end" : 3129 }, 
        {"sofa" : 12,  "begin" : 3131,  "end" : 3238 }, 
        {"sofa" : 12,  "begin" : 3240,  "end" : 3384 }, 
        {"sofa" : 12,  "begin" : 3387,  "end" : 3486 }, 
        {"sofa" : 12,  "begin" : 3488,  "end" : 3584 }, 
        {"sofa" : 12,  "begin" : 3585,  "end" : 3622 }, 
        {"sofa" : 12,  "begin" : 3624,  "end" : 3724 }, 
        {"sofa" : 12,  "begin" : 3726,  "end" : 3821 }, 
        {"sofa" : 12,  "begin" : 3823,  "end" : 3956 }, 
        {"sofa" : 12,  "begin" : 3959,  "end" : 3986 }, 
        {"sofa" : 12,  "begin" : 3987,  "end" : 4062 }, 
        {"sofa" : 12,  "begin" : 4063,  "end" : 4099 }, 
        {"sofa" : 12,  "begin" : 4101,  "end" : 4154 }, 
        {"sofa" : 12,  "begin" : 4155,  "end" : 4206 }, 
        {"sofa" : 12,  "begin" : 4208,  "end" : 4332 }, 
        {"sofa" : 12,  "begin" : 4334,  "end" : 4384 }, 
        {"sofa" : 12,  "begin" : 4386,  "end" : 4478 }, 
        {"sofa" : 12,  "begin" : 4480,  "end" : 4586 }, 
        {"sofa" : 12,  "begin" : 4588,  "end" : 4705 }, 
        {"sofa" : 12,  "begin" : 4707,  "end" : 4774 }, 
        {"sofa" : 12,  "begin" : 4775,  "end" : 4808 }, 
        {"sofa" : 12,  "begin" : 4810,  "end" : 4941 }, 
        {"sofa" : 12,  "begin" : 4942,  "end" : 5033 }, 
        {"sofa" : 12,  "begin" : 5035,  "end" : 5110 }, 
        {"sofa" : 12,  "begin" : 5112,  "end" : 5287 }, 
        {"sofa" : 12,  "begin" : 5289,  "end" : 5398 }, 
        {"sofa" : 12,  "begin" : 5399,  "end" : 5505 }, 
        {"sofa" : 12,  "begin" : 5507,  "end" : 5537 }, 
        {"sofa" : 12,  "begin" : 5539,  "end" : 5628 }, 
        {"sofa" : 12,  "begin" : 5630,  "end" : 5727 }, 
        {"sofa" : 12,  "begin" : 5729,  "end" : 5797 }, 
        {"sofa" : 12,  "begin" : 5799,  "end" : 5949 }, 
        {"sofa" : 12,  "begin" : 5952,  "end" : 6010 }, 
        {"sofa" : 12,  "begin" : 6013,  "end" : 6103 }, 
        {"sofa" : 12,  "begin" : 6106,  "end" : 6196 } ], 
      "Token" : [
        {"sofa" : 12,  "end" : 5 }, 
        {"sofa" : 12,  "begin" : 5,  "end" : 6 }, 
        {"sofa" : 12,  "begin" : 6,  "end" : 11 }, 
        {"sofa" : 12,  "begin" : 12,  "end" : 17 }, 
        {"sofa" : 12,  "begin" : 18,  "end" : 25 }, 
        {"sofa" : 12,  "begin" : 26,  "end" : 29 }, 
        {"sofa" : 12,  "begin" : 30,  "end" : 34 }, 
        {"sofa" : 12,  "begin" : 34,  "end" : 35 }, 
        {"sofa" : 12,  "begin" : 36,  "end" : 37 }, 
        {"sofa" : 12,  "begin" : 38,  "end" : 43 }, 
        {"sofa" : 12,  "begin" : 44,  "end" : 53 }, 
        {"sofa" : 12,  "begin" : 54,  "end" : 55 }, 
        {"sofa" : 12,  "begin" : 56,  "end" : 72 }, 
        {"sofa" : 12,  "begin" : 73,  "end" : 77 }, 
        {"sofa" : 12,  "begin" : 78,  "end" : 87 }, 
        {"sofa" : 12,  "begin" : 88,  "end" : 92 }, 
        {"sofa" : 12,  "begin" : 93,  "end" : 101 }, 
        {"sofa" : 12,  "begin" : 102,  "end" : 105 }, 
        {"sofa" : 12,  "begin" : 106,  "end" : 113 }, 
        {"sofa" : 12,  "begin" : 114,  "end" : 116 }, 
        {"sofa" : 12,  "begin" : 117,  "end" : 124 }, 
        {"sofa" : 12,  "begin" : 125,  "end" : 132 }, 
        {"sofa" : 12,  "begin" : 133,  "end" : 135 }, 
        {"sofa" : 12,  "begin" : 136,  "end" : 140 }, 
        {"sofa" : 12,  "begin" : 141,  "end" : 144 }, 
        {"sofa" : 12,  "begin" : 145,  "end" : 151 }, 
        {"sofa" : 12,  "begin" : 152,  "end" : 158 }, 
        {"sofa" : 12,  "begin" : 158,  "end" : 159 }, 
        {"sofa" : 12,  "begin" : 161,  "end" : 167 }, 
        {"sofa" : 12,  "begin" : 167,  "end" : 168 }, 
        {"sofa" : 12,  "begin" : 169,  "end" : 174 }, 
        {"sofa" : 12,  "begin" : 174,  "end" : 175 }, 
        {"sofa" : 12,  "begin" : 175,  "end" : 176 }, 
        {"sofa" : 12,  "begin" : 176,  "end" : 177 }, 
        {"sofa" : 12,  "begin" : 177,  "end" : 187 }, 
        {"sofa" : 12,  "begin" : 187,  "end" : 188 }, 
        {"sofa" : 12,  "begin" : 188,  "end" : 193 }, 
        {"sofa" : 12,  "begin" : 196,  "end" : 200 }, 
        {"sofa" : 12,  "begin" : 201,  "end" : 209 }, 
        {"sofa" : 12,  "begin" : 209,  "end" : 210 }, 
        {"sofa" : 12,  "begin" : 211,  "end" : 216 }, 
        {"sofa" : 12,  "begin" : 216,  "end" : 217 }, 
        {"sofa" : 12,  "begin" : 217,  "end" : 218 }, 
        {"sofa" : 12,  "begin" : 218,  "end" : 219 }, 
        {"sofa" : 12,  "begin" : 219,  "end" : 233 }, 
        {"sofa" : 12,  "begin" : 233,  "end" : 234 }, 
        {"sofa" : 12,  "begin" : 234,  "end" : 244 }, 
        {"sofa" : 12,  "begin" : 244,  "end" : 245 }, 
        {"sofa" : 12,  "begin" : 245,  "end" : 283 }, 
        {"sofa" : 12,  "begin" : 283,  "end" : 284 }, 
        {"sofa" : 12,  "begin" : 287,  "end" : 293 }, 
        {"sofa" : 12,  "begin" : 294,  "end" : 301 }, 
        {"sofa" : 12,  "begin" : 301,  "end" : 302 }, 
        {"sofa" : 12,  "begin" : 305,  "end" : 320 }, 
        {"sofa" : 12,  "begin" : 320,  "end" : 321 }, 
        {"sofa" : 12,  "begin" : 322,  "end" : 324 }, 
        {"sofa" : 12,  "begin" : 324,  "end" : 325 }, 
        {"sofa" : 12,  "begin" : 326,  "end" : 334 }, 
        {"sofa" : 12,  "begin" : 335,  "end" : 341 }, 
        {"sofa" : 12,  "begin" : 342,  "end" : 351 }, 
        {"sofa" : 12,  "begin" : 352,  "end" : 355 }, 
        {"sofa" : 12,  "begin" : 356,  "end" : 362 }, 
        {"sofa" : 12,  "begin" : 363,  "end" : 368 }, 
        {"sofa" : 12,  "begin" : 369,  "end" : 372 }, 
        {"sofa" : 12,  "begin" : 373,  "end" : 377 }, 
        {"sofa" : 12,  "begin" : 378,  "end" : 383 }, 
        {"sofa" : 12,  "begin" : 384,  "end" : 392 }, 
        {"sofa" : 12,  "begin" : 393,  "end" : 396 }, 
        {"sofa" : 12,  "begin" : 397,  "end" : 402 }, 
        {"sofa" : 12,  "begin" : 403,  "end" : 407 }, 
        {"sofa" : 12,  "begin" : 408,  "end" : 412 }, 
        {"sofa" : 12,  "begin" : 413,  "end" : 414 }, 
        {"sofa" : 12,  "begin" : 415,  "end" : 420 }, 
        {"sofa" : 12,  "begin" : 421,  "end" : 424 }, 
        {"sofa" : 12,  "begin" : 425,  "end" : 430 }, 
        {"sofa" : 12,  "begin" : 432,  "end" : 434 }, 
        {"sofa" : 12,  "begin" : 435,  "end" : 442 }, 
        {"sofa" : 12,  "begin" : 443,  "end" : 451 }, 
        {"sofa" : 12,  "begin" : 452,  "end" : 455 }, 
        {"sofa" : 12,  "begin" : 456,  "end" : 466 }, 
        {"sofa" : 12,  "begin" : 469,  "end" : 478 }, 
        {"sofa" : 12,  "begin" : 478,  "end" : 479 }, 
        {"sofa" : 12,  "begin" : 480,  "end" : 482 }, 
        {"sofa" : 12,  "begin" : 482,  "end" : 483 }, 
        {"sofa" : 12,  "begin" : 483,  "end" : 485 }, 
        {"sofa" : 12,  "begin" : 486,  "end" : 489 }, 
        {"sofa" : 12,  "begin" : 489,  "end" : 490 }, 
        {"sofa" : 12,  "begin" : 491,  "end" : 493 }, 
        {"sofa" : 12,  "begin" : 494,  "end" : 499 }, 
        {"sofa" : 12,  "begin" : 500,  "end" : 504 }, 
        {"sofa" : 12,  "begin" : 505,  "end" : 506 }, 
        {"sofa" : 12,  "begin" : 507,  "end" : 514 }, 
        {"sofa" : 12,  "begin" : 514,  "end" : 515 }, 
        {"sofa" : 12,  "begin" : 516,  "end" : 518 }, 
        {"sofa" : 12,  "begin" : 518,  "end" : 519 }, 
        {"sofa" : 12,  "begin" : 519,  "end" : 521 }, 
        {"sofa" : 12,  "begin" : 522,  "end" : 525 }, 
        {"sofa" : 12,  "begin" : 525,  "end" : 526 }, 
        {"sofa" : 12,  "begin" : 527,  "end" : 529 }, 
        {"sofa" : 12,  "begin" : 530,  "end" : 535 }, 
        {"sofa" : 12,  "begin" : 536,  "end" : 540 }, 
        {"sofa" : 12,  "begin" : 542,  "end" : 543 }, 
        {"sofa" : 12,  "begin" : 544,  "end" : 559 }, 
        {"sofa" : 12,  "begin" : 560,  "end" : 563 }, 
        {"sofa" : 12,  "begin" : 564,  "end" : 570 }, 
        {"sofa" : 12,  "begin" : 571,  "end" : 573 }, 
        {"sofa" : 12,  "begin" : 574,  "end" : 577 }, 
        {"sofa" : 12,  "begin" : 578,  "end" : 584 }, 
        {"sofa" : 12,  "begin" : 585,  "end" : 590 }, 
        {"sofa" : 12,  "begin" : 591,  "end" : 594 }, 
        {"sofa" : 12,  "begin" : 595,  "end" : 601 }, 
        {"sofa" : 12,  "begin" : 602,  "end" : 606 }, 
        {"sofa" : 12,  "begin" : 607,  "end" : 610 }, 
        {"sofa" : 12,  "begin" : 611,  "end" : 615 }, 
        {"sofa" : 12,  "begin" : 616,  "end" : 618 }, 
        {"sofa" : 12,  "begin" : 619,  "end" : 620 }, 
        {"sofa" : 12,  "begin" : 621,  "end" : 627 }, 
        {"sofa" : 12,  "begin" : 628,  "end" : 637 }, 
        {"sofa" : 12,  "begin" : 638,  "end" : 643 }, 
        {"sofa" : 12,  "begin" : 644,  "end" : 647 }, 
        {"sofa" : 12,  "begin" : 648,  "end" : 654 }, 
        {"sofa" : 12,  "begin" : 655,  "end" : 659 }, 
        {"sofa" : 12,  "begin" : 660,  "end" : 667 }, 
        {"sofa" : 12,  "begin" : 668,  "end" : 671 }, 
        {"sofa" : 12,  "begin" : 672,  "end" : 678 }, 
        {"sofa" : 12,  "begin" : 679,  "end" : 683 }, 
        {"sofa" : 12,  "begin" : 683,  "end" : 684 }, 
        {"sofa" : 12,  "begin" : 686,  "end" : 690 }, 
        {"sofa" : 12,  "begin" : 691,  "end" : 700 }, 
        {"sofa" : 12,  "begin" : 700,  "end" : 701 }, 
        {"sofa" : 12,  "begin" : 702,  "end" : 704 }, 
        {"sofa" : 12,  "begin" : 704,  "end" : 705 }, 
        {"sofa" : 12,  "begin" : 706,  "end" : 710 }, 
        {"sofa" : 12,  "begin" : 711,  "end" : 720 }, 
        {"sofa" : 12,  "begin" : 720,  "end" : 721 }, 
        {"sofa" : 12,  "begin" : 722,  "end" : 729 }, 
        {"sofa" : 12,  "begin" : 730,  "end" : 733 }, 
        {"sofa" : 12,  "begin" : 734,  "end" : 739 }, 
        {"sofa" : 12,  "begin" : 740,  "end" : 744 }, 
        {"sofa" : 12,  "begin" : 745,  "end" : 749 }, 
        {"sofa" : 12,  "begin" : 750,  "end" : 751 }, 
        {"sofa" : 12,  "begin" : 752,  "end" : 757 }, 
        {"sofa" : 12,  "begin" : 758,  "end" : 761 }, 
        {"sofa" : 12,  "begin" : 762,  "end" : 767 }, 
        {"sofa" : 12,  "begin" : 768,  "end" : 771 }, 
        {"sofa" : 12,  "begin" : 772,  "end" : 777 }, 
        {"sofa" : 12,  "begin" : 778,  "end" : 780 }, 
        {"sofa" : 12,  "begin" : 781,  "end" : 788 }, 
        {"sofa" : 12,  "begin" : 789,  "end" : 790 }, 
        {"sofa" : 12,  "begin" : 791,  "end" : 795 }, 
        {"sofa" : 12,  "begin" : 796,  "end" : 798 }, 
        {"sofa" : 12,  "begin" : 799,  "end" : 802 }, 
        {"sofa" : 12,  "begin" : 803,  "end" : 808 }, 
        {"sofa" : 12,  "begin" : 808,  "end" : 809 }, 
        {"sofa" : 12,  "begin" : 811,  "end" : 814 }, 
        {"sofa" : 12,  "begin" : 815,  "end" : 819 }, 
        {"sofa" : 12,  "begin" : 820,  "end" : 826 }, 
        {"sofa" : 12,  "begin" : 827,  "end" : 838 }, 
        {"sofa" : 12,  "begin" : 839,  "end" : 843 }, 
        {"sofa" : 12,  "begin" : 844,  "end" : 848 }, 
        {"sofa" : 12,  "begin" : 849,  "end" : 854 }, 
        {"sofa" : 12,  "begin" : 854,  "end" : 855 }, 
        {"sofa" : 12,  "begin" : 856,  "end" : 863 }, 
        {"sofa" : 12,  "begin" : 864,  "end" : 865 }, 
        {"sofa" : 12,  "begin" : 866,  "end" : 869 }, 
        {"sofa" : 12,  "begin" : 870,  "end" : 874 }, 
        {"sofa" : 12,  "begin" : 875,  "end" : 877 }, 
        {"sofa" : 12,  "begin" : 878,  "end" : 881 }, 
        {"sofa" : 12,  "begin" : 882,  "end" : 886 }, 
        {"sofa" : 12,  "begin" : 887,  "end" : 893 }, 
        {"sofa" : 12,  "begin" : 894,  "end" : 898 }, 
        {"sofa" : 12,  "begin" : 899,  "end" : 905 }, 
        {"sofa" : 12,  "begin" : 906,  "end" : 911 }, 
        {"sofa" : 12,  "begin" : 912,  "end" : 916 }, 
        {"sofa" : 12,  "begin" : 917,  "end" : 928 }, 
        {"sofa" : 12,  "begin" : 929,  "end" : 938 }, 
        {"sofa" : 12,  "begin" : 939,  "end" : 940 }, 
        {"sofa" : 12,  "begin" : 941,  "end" : 942 }, 
        {"sofa" : 12,  "begin" : 943,  "end" : 955 }, 
        {"sofa" : 12,  "begin" : 956,  "end" : 965 }, 
        {"sofa" : 12,  "begin" : 965,  "end" : 966 }, 
        {"sofa" : 12,  "begin" : 968,  "end" : 974 }, 
        {"sofa" : 12,  "begin" : 975,  "end" : 977 }, 
        {"sofa" : 12,  "begin" : 978,  "end" : 987 }, 
        {"sofa" : 12,  "begin" : 988,  "end" : 992 }, 
        {"sofa" : 12,  "begin" : 992,  "end" : 993 }, 
        {"sofa" : 12,  "begin" : 994,  "end" : 1001 }, 
        {"sofa" : 12,  "begin" : 1002,  "end" : 1010 }, 
        {"sofa" : 12,  "begin" : 1011,  "end" : 1013 }, 
        {"sofa" : 12,  "begin" : 1014,  "end" : 1020 }, 
        {"sofa" : 12,  "begin" : 1021,  "end" : 1023 }, 
        {"sofa" : 12,  "begin" : 1024,  "end" : 1028 }, 
        {"sofa" : 12,  "begin" : 1029,  "end" : 1031 }, 
        {"sofa" : 12,  "begin" : 1032,  "end" : 1035 }, 
        {"sofa" : 12,  "begin" : 1036,  "end" : 1043 }, 
        {"sofa" : 12,  "begin" : 1044,  "end" : 1048 }, 
        {"sofa" : 12,  "begin" : 1049,  "end" : 1051 }, 
        {"sofa" : 12,  "begin" : 1052,  "end" : 1056 }, 
        {"sofa" : 12,  "begin" : 1057,  "end" : 1062 }, 
        {"sofa" : 12,  "begin" : 1063,  "end" : 1064 }, 
        {"sofa" : 12,  "begin" : 1065,  "end" : 1068 }, 
        {"sofa" : 12,  "begin" : 1069,  "end" : 1072 }, 
        {"sofa" : 12,  "begin" : 1073,  "end" : 1082 }, 
        {"sofa" : 12,  "begin" : 1083,  "end" : 1089 }, 
        {"sofa" : 12,  "begin" : 1090,  "end" : 1096 }, 
        {"sofa" : 12,  "begin" : 1097,  "end" : 1100 }, 
        {"sofa" : 12,  "begin" : 1101,  "end" : 1110 }, 
        {"sofa" : 12,  "begin" : 1110,  "end" : 1111 }, 
        {"sofa" : 12,  "begin" : 1113,  "end" : 1116 }, 
        {"sofa" : 12,  "begin" : 1117,  "end" : 1120 }, 
        {"sofa" : 12,  "begin" : 1121,  "end" : 1127 }, 
        {"sofa" : 12,  "begin" : 1128,  "end" : 1130 }, 
        {"sofa" : 12,  "begin" : 1131,  "end" : 1132 }, 
        {"sofa" : 12,  "begin" : 1133,  "end" : 1137 }, 
        {"sofa" : 12,  "begin" : 1138,  "end" : 1140 }, 
        {"sofa" : 12,  "begin" : 1141,  "end" : 1144 }, 
        {"sofa" : 12,  "begin" : 1145,  "end" : 1151 }, 
        {"sofa" : 12,  "begin" : 1152,  "end" : 1156 }, 
        {"sofa" : 12,  "begin" : 1157,  "end" : 1161 }, 
        {"sofa" : 12,  "begin" : 1162,  "end" : 1165 }, 
        {"sofa" : 12,  "begin" : 1166,  "end" : 1169 }, 
        {"sofa" : 12,  "begin" : 1170,  "end" : 1174 }, 
        {"sofa" : 12,  "begin" : 1175,  "end" : 1176 }, 
        {"sofa" : 12,  "begin" : 1177,  "end" : 1179 }, 
        {"sofa" : 12,  "begin" : 1180,  "end" : 1183 }, 
        {"sofa" : 12,  "begin" : 1184,  "end" : 1188 }, 
        {"sofa" : 12,  "begin" : 1189,  "end" : 1195 }, 
        {"sofa" : 12,  "begin" : 1196,  "end" : 1198 }, 
        {"sofa" : 12,  "begin" : 1199,  "end" : 1207 }, 
        {"sofa" : 12,  "begin" : 1208,  "end" : 1210 }, 
        {"sofa" : 12,  "begin" : 1211,  "end" : 1214 }, 
        {"sofa" : 12,  "begin" : 1215,  "end" : 1222 }, 
        {"sofa" : 12,  "begin" : 1223,  "end" : 1229 }, 
        {"sofa" : 12,  "begin" : 1230,  "end" : 1233 }, 
        {"sofa" : 12,  "begin" : 1234,  "end" : 1237 }, 
        {"sofa" : 12,  "begin" : 1238,  "end" : 1243 }, 
        {"sofa" : 12,  "begin" : 1244,  "end" : 1251 }, 
        {"sofa" : 12,  "begin" : 1252,  "end" : 1256 }, 
        {"sofa" : 12,  "begin" : 1257,  "end" : 1262 }, 
        {"sofa" : 12,  "begin" : 1262,  "end" : 1263 }, 
        {"sofa" : 12,  "begin" : 1265,  "end" : 1271 }, 
        {"sofa" : 12,  "begin" : 1272,  "end" : 1279 }, 
        {"sofa" : 12,  "begin" : 1280,  "end" : 1282 }, 
        {"sofa" : 12,  "begin" : 1283,  "end" : 1290 }, 
        {"sofa" : 12,  "begin" : 1291,  "end" : 1294 }, 
        {"sofa" : 12,  "begin" : 1295,  "end" : 1303 }, 
        {"sofa" : 12,  "begin" : 1304,  "end" : 1310 }, 
        {"sofa" : 12,  "begin" : 1310,  "end" : 1311 }, 
        {"sofa" : 12,  "begin" : 1312,  "end" : 1315 }, 
        {"sofa" : 12,  "begin" : 1316,  "end" : 1325 }, 
        {"sofa" : 12,  "begin" : 1326,  "end" : 1328 }, 
        {"sofa" : 12,  "begin" : 1329,  "end" : 1339 }, 
        {"sofa" : 12,  "begin" : 1340,  "end" : 1342 }, 
        {"sofa" : 12,  "begin" : 1343,  "end" : 1349 }, 
        {"sofa" : 12,  "begin" : 1350,  "end" : 1353 }, 
        {"sofa" : 12,  "begin" : 1354,  "end" : 1360 }, 
        {"sofa" : 12,  "begin" : 1361,  "end" : 1363 }, 
        {"sofa" : 12,  "begin" : 1364,  "end" : 1367 }, 
        {"sofa" : 12,  "begin" : 1368,  "end" : 1372 }, 
        {"sofa" : 12,  "begin" : 1373,  "end" : 1374 }, 
        {"sofa" : 12,  "begin" : 1375,  "end" : 1378 }, 
        {"sofa" : 12,  "begin" : 1379,  "end" : 1386 }, 
        {"sofa" : 12,  "begin" : 1387,  "end" : 1393 }, 
        {"sofa" : 12,  "begin" : 1394,  "end" : 1397 }, 
        {"sofa" : 12,  "begin" : 1398,  "end" : 1403 }, 
        {"sofa" : 12,  "begin" : 1404,  "end" : 1409 }, 
        {"sofa" : 12,  "begin" : 1410,  "end" : 1414 }, 
        {"sofa" : 12,  "begin" : 1415,  "end" : 1420 }, 
        {"sofa" : 12,  "begin" : 1420,  "end" : 1421 }, 
        {"sofa" : 12,  "begin" : 1424,  "end" : 1427 }, 
        {"sofa" : 12,  "begin" : 1428,  "end" : 1432 }, 
        {"sofa" : 12,  "begin" : 1433,  "end" : 1436 }, 
        {"sofa" : 12,  "begin" : 1437,  "end" : 1444 }, 
        {"sofa" : 12,  "begin" : 1445,  "end" : 1447 }, 
        {"sofa" : 12,  "begin" : 1448,  "end" : 1451 }, 
        {"sofa" : 12,  "begin" : 1452,  "end" : 1459 }, 
        {"sofa" : 12,  "begin" : 1459,  "end" : 1460 }, 
        {"sofa" : 12,  "begin" : 1461,  "end" : 1467 }, 
        {"sofa" : 12,  "begin" : 1467,  "end" : 1468 }, 
        {"sofa" : 12,  "begin" : 1469,  "end" : 1471 }, 
        {"sofa" : 12,  "begin" : 1471,  "end" : 1472 }, 
        {"sofa" : 12,  "begin" : 1473,  "end" : 1476 }, 
        {"sofa" : 12,  "begin" : 1477,  "end" : 1480 }, 
        {"sofa" : 12,  "begin" : 1481,  "end" : 1484 }, 
        {"sofa" : 12,  "begin" : 1485,  "end" : 1494 }, 
        {"sofa" : 12,  "begin" : 1495,  "end" : 1498 }, 
        {"sofa" : 12,  "begin" : 1499,  "end" : 1502 }, 
        {"sofa" : 12,  "begin" : 1503,  "end" : 1507 }, 
        {"sofa" : 12,  "begin" : 1508,  "end" : 1513 }, 
        {"sofa" : 12,  "begin" : 1514,  "end" : 1522 }, 
        {"sofa" : 12,  "begin" : 1523,  "end" : 1526 }, 
        {"sofa" : 12,  "begin" : 1527,  "end" : 1529 }, 
        {"sofa" : 12,  "begin" : 1530,  "end" : 1534 }, 
        {"sofa" : 12,  "begin" : 1535,  "end" : 1537 }, 
        {"sofa" : 12,  "begin" : 1538,  "end" : 1542 }, 
        {"sofa" : 12,  "begin" : 1543,  "end" : 1547 }, 
        {"sofa" : 12,  "begin" : 1548,  "end" : 1551 }, 
        {"sofa" : 12,  "begin" : 1552,  "end" : 1560 }, 
        {"sofa" : 12,  "begin" : 1561,  "end" : 1562 }, 
        {"sofa" : 12,  "begin" : 1563,  "end" : 1568 }, 
        {"sofa" : 12,  "begin" : 1568,  "end" : 1569 }, 
        {"sofa" : 12,  "begin" : 1570,  "end" : 1572 }, 
        {"sofa" : 12,  "begin" : 1572,  "end" : 1573 }, 
        {"sofa" : 12,  "begin" : 1574,  "end" : 1579 }, 
        {"sofa" : 12,  "begin" : 1579,  "end" : 1580 }, 
        {"sofa" : 12,  "begin" : 1581,  "end" : 1583 }, 
        {"sofa" : 12,  "begin" : 1583,  "end" : 1584 }, 
        {"sofa" : 12,  "begin" : 1585,  "end" : 1588 }, 
        {"sofa" : 12,  "begin" : 1589,  "end" : 1594 }, 
        {"sofa" : 12,  "begin" : 1594,  "end" : 1595 }, 
        {"sofa" : 12,  "begin" : 1596,  "end" : 1600 }, 
        {"sofa" : 12,  "begin" : 1600,  "end" : 1601 }, 
        {"sofa" : 12,  "begin" : 1603,  "end" : 1606 }, 
        {"sofa" : 12,  "begin" : 1607,  "end" : 1616 }, 
        {"sofa" : 12,  "begin" : 1617,  "end" : 1621 }, 
        {"sofa" : 12,  "begin" : 1621,  "end" : 1622 }, 
        {"sofa" : 12,  "begin" : 1623,  "end" : 1624 }, 
        {"sofa" : 12,  "begin" : 1624,  "end" : 1628 }, 
        {"sofa" : 12,  "begin" : 1629,  "end" : 1630 }, 
        {"sofa" : 12,  "begin" : 1631,  "end" : 1634 }, 
        {"sofa" : 12,  "begin" : 1635,  "end" : 1637 }, 
        {"sofa" : 12,  "begin" : 1638,  "end" : 1643 }, 
        {"sofa" : 12,  "begin" : 1643,  "end" : 1644 }, 
        {"sofa" : 12,  "begin" : 1645,  "end" : 1646 }, 
        {"sofa" : 12,  "begin" : 1647,  "end" : 1652 }, 
        {"sofa" : 12,  "begin" : 1653,  "end" : 1655 }, 
        {"sofa" : 12,  "begin" : 1656,  "end" : 1660 }, 
        {"sofa" : 12,  "begin" : 1661,  "end" : 1662 }, 
        {"sofa" : 12,  "begin" : 1663,  "end" : 1667 }, 
        {"sofa" : 12,  "begin" : 1668,  "end" : 1674 }, 
        {"sofa" : 12,  "begin" : 1675,  "end" : 1679 }, 
        {"sofa" : 12,  "begin" : 1679,  "end" : 1680 }, 
        {"sofa" : 12,  "begin" : 1681,  "end" : 1683 }, 
        {"sofa" : 12,  "begin" : 1684,  "end" : 1685 }, 
        {"sofa" : 12,  "begin" : 1686,  "end" : 1689 }, 
        {"sofa" : 12,  "begin" : 1690,  "end" : 1691 }, 
        {"sofa" : 12,  "begin" : 1692,  "end" : 1697 }, 
        {"sofa" : 12,  "begin" : 1698,  "end" : 1702 }, 
        {"sofa" : 12,  "begin" : 1703,  "end" : 1707 }, 
        {"sofa" : 12,  "begin" : 1708,  "end" : 1709 }, 
        {"sofa" : 12,  "begin" : 1710,  "end" : 1713 }, 
        {"sofa" : 12,  "begin" : 1714,  "end" : 1719 }, 
        {"sofa" : 12,  "begin" : 1719,  "end" : 1720 }, 
        {"sofa" : 12,  "begin" : 1722,  "end" : 1723 }, 
        {"sofa" : 12,  "begin" : 1723,  "end" : 1726 }, 
        {"sofa" : 12,  "begin" : 1727,  "end" : 1731 }, 
        {"sofa" : 12,  "begin" : 1732,  "end" : 1735 }, 
        {"sofa" : 12,  "begin" : 1736,  "end" : 1743 }, 
        {"sofa" : 12,  "begin" : 1743,  "end" : 1744 }, 
        {"sofa" : 12,  "begin" : 1745,  "end" : 1746 }, 
        {"sofa" : 12,  "begin" : 1747,  "end" : 1751 }, 
        {"sofa" : 12,  "begin" : 1752,  "end" : 1758 }, 
        {"sofa" : 12,  "begin" : 1759,  "end" : 1762 }, 
        {"sofa" : 12,  "begin" : 1763,  "end" : 1770 }, 
        {"sofa" : 12,  "begin" : 1771,  "end" : 1772 }, 
        {"sofa" : 12,  "begin" : 1773,  "end" : 1779 }, 
        {"sofa" : 12,  "begin" : 1780,  "end" : 1786 }, 
        {"sofa" : 12,  "begin" : 1787,  "end" : 1789 }, 
        {"sofa" : 12,  "begin" : 1790,  "end" : 1792 }, 
        {"sofa" : 12,  "begin" : 1793,  "end" : 1798 }, 
        {"sofa" : 12,  "begin" : 1799,  "end" : 1804 }, 
        {"sofa" : 12,  "begin" : 1805,  "end" : 1809 }, 
        {"sofa" : 12,  "begin" : 1810,  "end" : 1818 }, 
        {"sofa" : 12,  "begin" : 1818,  "end" : 1819 }, 
        {"sofa" : 12,  "begin" : 1820,  "end" : 1821 }, 
        {"sofa" : 12,  "begin" : 1822,  "end" : 1828 }, 
        {"sofa" : 12,  "begin" : 1829,  "end" : 1834 }, 
        {"sofa" : 12,  "begin" : 1835,  "end" : 1843 }, 
        {"sofa" : 12,  "begin" : 1844,  "end" : 1846 }, 
        {"sofa" : 12,  "begin" : 1847,  "end" : 1849 }, 
        {"sofa" : 12,  "begin" : 1850,  "end" : 1852 }, 
        {"sofa" : 12,  "begin" : 1853,  "end" : 1854 }, 
        {"sofa" : 12,  "begin" : 1855,  "end" : 1860 }, 
        {"sofa" : 12,  "begin" : 1861,  "end" : 1864 }, 
        {"sofa" : 12,  "begin" : 1865,  "end" : 1866 }, 
        {"sofa" : 12,  "begin" : 1867,  "end" : 1871 }, 
        {"sofa" : 12,  "begin" : 1872,  "end" : 1876 }, 
        {"sofa" : 12,  "begin" : 1877,  "end" : 1884 }, 
        {"sofa" : 12,  "begin" : 1884,  "end" : 1885 }, 
        {"sofa" : 12,  "begin" : 1887,  "end" : 1888 }, 
        {"sofa" : 12,  "begin" : 1888,  "end" : 1894 }, 
        {"sofa" : 12,  "begin" : 1895,  "end" : 1898 }, 
        {"sofa" : 12,  "begin" : 1899,  "end" : 1900 }, 
        {"sofa" : 12,  "begin" : 1901,  "end" : 1905 }, 
        {"sofa" : 12,  "begin" : 1906,  "end" : 1910 }, 
        {"sofa" : 12,  "begin" : 1911,  "end" : 1915 }, 
        {"sofa" : 12,  "begin" : 1916,  "end" : 1920 }, 
        {"sofa" : 12,  "begin" : 1921,  "end" : 1927 }, 
        {"sofa" : 12,  "begin" : 1928,  "end" : 1933 }, 
        {"sofa" : 12,  "begin" : 1934,  "end" : 1940 }, 
        {"sofa" : 12,  "begin" : 1941,  "end" : 1945 }, 
        {"sofa" : 12,  "begin" : 1946,  "end" : 1948 }, 
        {"sofa" : 12,  "begin" : 1949,  "end" : 1951 }, 
        {"sofa" : 12,  "begin" : 1952,  "end" : 1956 }, 
        {"sofa" : 12,  "begin" : 1956,  "end" : 1957 }, 
        {"sofa" : 12,  "begin" : 1957,  "end" : 1958 }, 
        {"sofa" : 12,  "begin" : 1960,  "end" : 1963 }, 
        {"sofa" : 12,  "begin" : 1964,  "end" : 1975 }, 
        {"sofa" : 12,  "begin" : 1976,  "end" : 1982 }, 
        {"sofa" : 12,  "begin" : 1983,  "end" : 1988 }, 
        {"sofa" : 12,  "begin" : 1989,  "end" : 1991 }, 
        {"sofa" : 12,  "begin" : 1992,  "end" : 1995 }, 
        {"sofa" : 12,  "begin" : 1996,  "end" : 2000 }, 
        {"sofa" : 12,  "begin" : 2000,  "end" : 2001 }, 
        {"sofa" : 12,  "begin" : 2002,  "end" : 2005 }, 
        {"sofa" : 12,  "begin" : 2006,  "end" : 2010 }, 
        {"sofa" : 12,  "begin" : 2011,  "end" : 2016 }, 
        {"sofa" : 12,  "begin" : 2017,  "end" : 2022 }, 
        {"sofa" : 12,  "begin" : 2023,  "end" : 2029 }, 
        {"sofa" : 12,  "begin" : 2029,  "end" : 2030 }, 
        {"sofa" : 12,  "begin" : 2031,  "end" : 2034 }, 
        {"sofa" : 12,  "begin" : 2035,  "end" : 2040 }, 
        {"sofa" : 12,  "begin" : 2041,  "end" : 2053 }, 
        {"sofa" : 12,  "begin" : 2054,  "end" : 2063 }, 
        {"sofa" : 12,  "begin" : 2064,  "end" : 2067 }, 
        {"sofa" : 12,  "begin" : 2068,  "end" : 2074 }, 
        {"sofa" : 12,  "begin" : 2074,  "end" : 2075 }, 
        {"sofa" : 12,  "begin" : 2077,  "end" : 2080 }, 
        {"sofa" : 12,  "begin" : 2081,  "end" : 2088 }, 
        {"sofa" : 12,  "begin" : 2089,  "end" : 2092 }, 
        {"sofa" : 12,  "begin" : 2093,  "end" : 2095 }, 
        {"sofa" : 12,  "begin" : 2095,  "end" : 2096 }, 
        {"sofa" : 12,  "begin" : 2097,  "end" : 2100 }, 
        {"sofa" : 12,  "begin" : 2101,  "end" : 2105 }, 
        {"sofa" : 12,  "begin" : 2106,  "end" : 2111 }, 
        {"sofa" : 12,  "begin" : 2112,  "end" : 2114 }, 
        {"sofa" : 12,  "begin" : 2115,  "end" : 2118 }, 
        {"sofa" : 12,  "begin" : 2119,  "end" : 2123 }, 
        {"sofa" : 12,  "begin" : 2124,  "end" : 2127 }, 
        {"sofa" : 12,  "begin" : 2128,  "end" : 2138 }, 
        {"sofa" : 12,  "begin" : 2139,  "end" : 2142 }, 
        {"sofa" : 12,  "begin" : 2143,  "end" : 2154 }, 
        {"sofa" : 12,  "begin" : 2155,  "end" : 2157 }, 
        {"sofa" : 12,  "begin" : 2158,  "end" : 2164 }, 
        {"sofa" : 12,  "begin" : 2165,  "end" : 2166 }, 
        {"sofa" : 12,  "begin" : 2167,  "end" : 2176 }, 
        {"sofa" : 12,  "begin" : 2177,  "end" : 2186 }, 
        {"sofa" : 12,  "begin" : 2186,  "end" : 2187 }, 
        {"sofa" : 12,  "begin" : 2189,  "end" : 2194 }, 
        {"sofa" : 12,  "begin" : 2195,  "end" : 2199 }, 
        {"sofa" : 12,  "begin" : 2200,  "end" : 2203 }, 
        {"sofa" : 12,  "begin" : 2203,  "end" : 2204 }, 
        {"sofa" : 12,  "begin" : 2205,  "end" : 2208 }, 
        {"sofa" : 12,  "begin" : 2209,  "end" : 2215 }, 
        {"sofa" : 12,  "begin" : 2216,  "end" : 2224 }, 
        {"sofa" : 12,  "begin" : 2225,  "end" : 2230 }, 
        {"sofa" : 12,  "begin" : 2231,  "end" : 2241 }, 
        {"sofa" : 12,  "begin" : 2242,  "end" : 2245 }, 
        {"sofa" : 12,  "begin" : 2246,  "end" : 2251 }, 
        {"sofa" : 12,  "begin" : 2252,  "end" : 2254 }, 
        {"sofa" : 12,  "begin" : 2255,  "end" : 2258 }, 
        {"sofa" : 12,  "begin" : 2258,  "end" : 2259 }, 
        {"sofa" : 12,  "begin" : 2260,  "end" : 2264 }, 
        {"sofa" : 12,  "begin" : 2265,  "end" : 2268 }, 
        {"sofa" : 12,  "begin" : 2269,  "end" : 2273 }, 
        {"sofa" : 12,  "begin" : 2274,  "end" : 2281 }, 
        {"sofa" : 12,  "begin" : 2282,  "end" : 2284 }, 
        {"sofa" : 12,  "begin" : 2285,  "end" : 2286 }, 
        {"sofa" : 12,  "begin" : 2287,  "end" : 2293 }, 
        {"sofa" : 12,  "begin" : 2294,  "end" : 2297 }, 
        {"sofa" : 12,  "begin" : 2298,  "end" : 2302 }, 
        {"sofa" : 12,  "begin" : 2302,  "end" : 2303 }, 
        {"sofa" : 12,  "begin" : 2305,  "end" : 2315 }, 
        {"sofa" : 12,  "begin" : 2315,  "end" : 2316 }, 
        {"sofa" : 12,  "begin" : 2317,  "end" : 2320 }, 
        {"sofa" : 12,  "begin" : 2321,  "end" : 2323 }, 
        {"sofa" : 12,  "begin" : 2324,  "end" : 2330 }, 
        {"sofa" : 12,  "begin" : 2331,  "end" : 2333 }, 
        {"sofa" : 12,  "begin" : 2334,  "end" : 2337 }, 
        {"sofa" : 12,  "begin" : 2338,  "end" : 2342 }, 
        {"sofa" : 12,  "begin" : 2343,  "end" : 2346 }, 
        {"sofa" : 12,  "begin" : 2347,  "end" : 2352 }, 
        {"sofa" : 12,  "begin" : 2353,  "end" : 2356 }, 
        {"sofa" : 12,  "begin" : 2357,  "end" : 2365 }, 
        {"sofa" : 12,  "begin" : 2366,  "end" : 2368 }, 
        {"sofa" : 12,  "begin" : 2369,  "end" : 2372 }, 
        {"sofa" : 12,  "begin" : 2373,  "end" : 2380 }, 
        {"sofa" : 12,  "begin" : 2381,  "end" : 2384 }, 
        {"sofa" : 12,  "begin" : 2385,  "end" : 2389 }, 
        {"sofa" : 12,  "begin" : 2390,  "end" : 2393 }, 
        {"sofa" : 12,  "begin" : 2394,  "end" : 2400 }, 
        {"sofa" : 12,  "begin" : 2401,  "end" : 2403 }, 
        {"sofa" : 12,  "begin" : 2404,  "end" : 2406 }, 
        {"sofa" : 12,  "begin" : 2407,  "end" : 2409 }, 
        {"sofa" : 12,  "begin" : 2410,  "end" : 2413 }, 
        {"sofa" : 12,  "begin" : 2414,  "end" : 2421 }, 
        {"sofa" : 12,  "begin" : 2422,  "end" : 2433 }, 
        {"sofa" : 12,  "begin" : 2433,  "end" : 2434 }, 
        {"sofa" : 12,  "begin" : 2436,  "end" : 2439 }, 
        {"sofa" : 12,  "begin" : 2440,  "end" : 2444 }, 
        {"sofa" : 12,  "begin" : 2445,  "end" : 2448 }, 
        {"sofa" : 12,  "begin" : 2449,  "end" : 2456 }, 
        {"sofa" : 12,  "begin" : 2457,  "end" : 2464 }, 
        {"sofa" : 12,  "begin" : 2465,  "end" : 2468 }, 
        {"sofa" : 12,  "begin" : 2469,  "end" : 2472 }, 
        {"sofa" : 12,  "begin" : 2473,  "end" : 2475 }, 
        {"sofa" : 12,  "begin" : 2476,  "end" : 2479 }, 
        {"sofa" : 12,  "begin" : 2480,  "end" : 2487 }, 
        {"sofa" : 12,  "begin" : 2487,  "end" : 2488 }, 
        {"sofa" : 12,  "begin" : 2489,  "end" : 2492 }, 
        {"sofa" : 12,  "begin" : 2493,  "end" : 2502 }, 
        {"sofa" : 12,  "begin" : 2502,  "end" : 2503 }, 
        {"sofa" : 12,  "begin" : 2505,  "end" : 2507 }, 
        {"sofa" : 12,  "begin" : 2508,  "end" : 2517 }, 
        {"sofa" : 12,  "begin" : 2518,  "end" : 2521 }, 
        {"sofa" : 12,  "begin" : 2522,  "end" : 2528 }, 
        {"sofa" : 12,  "begin" : 2529,  "end" : 2532 }, 
        {"sofa" : 12,  "begin" : 2533,  "end" : 2536 }, 
        {"sofa" : 12,  "begin" : 2537,  "end" : 2540 }, 
        {"sofa" : 12,  "begin" : 2541,  "end" : 2547 }, 
        {"sofa" : 12,  "begin" : 2548,  "end" : 2550 }, 
        {"sofa" : 12,  "begin" : 2551,  "end" : 2554 }, 
        {"sofa" : 12,  "begin" : 2555,  "end" : 2561 }, 
        {"sofa" : 12,  "begin" : 2562,  "end" : 2566 }, 
        {"sofa" : 12,  "begin" : 2567,  "end" : 2569 }, 
        {"sofa" : 12,  "begin" : 2570,  "end" : 2573 }, 
        {"sofa" : 12,  "begin" : 2574,  "end" : 2582 }, 
        {"sofa" : 12,  "begin" : 2583,  "end" : 2590 }, 
        {"sofa" : 12,  "begin" : 2591,  "end" : 2599 }, 
        {"sofa" : 12,  "begin" : 2600,  "end" : 2602 }, 
        {"sofa" : 12,  "begin" : 2603,  "end" : 2612 }, 
        {"sofa" : 12,  "begin" : 2612,  "end" : 2613 }, 
        {"sofa" : 12,  "begin" : 2614,  "end" : 2619 }, 
        {"sofa" : 12,  "begin" : 2620,  "end" : 2627 }, 
        {"sofa" : 12,  "begin" : 2628,  "end" : 2637 }, 
        {"sofa" : 12,  "begin" : 2638,  "end" : 2641 }, 
        {"sofa" : 12,  "begin" : 2642,  "end" : 2646 }, 
        {"sofa" : 12,  "begin" : 2647,  "end" : 2658 }, 
        {"sofa" : 12,  "begin" : 2659,  "end" : 2668 }, 
        {"sofa" : 12,  "begin" : 2668,  "end" : 2669 }, 
        {"sofa" : 12,  "begin" : 2671,  "end" : 2674 }, 
        {"sofa" : 12,  "begin" : 2675,  "end" : 2684 }, 
        {"sofa" : 12,  "begin" : 2685,  "end" : 2691 }, 
        {"sofa" : 12,  "begin" : 2692,  "end" : 2700 }, 
        {"sofa" : 12,  "begin" : 2701,  "end" : 2703 }, 
        {"sofa" : 12,  "begin" : 2704,  "end" : 2711 }, 
        {"sofa" : 12,  "begin" : 2712,  "end" : 2718 }, 
        {"sofa" : 12,  "begin" : 2719,  "end" : 2723 }, 
        {"sofa" : 12,  "begin" : 2724,  "end" : 2730 }, 
        {"sofa" : 12,  "begin" : 2731,  "end" : 2734 }, 
        {"sofa" : 12,  "begin" : 2735,  "end" : 2746 }, 
        {"sofa" : 12,  "begin" : 2747,  "end" : 2751 }, 
        {"sofa" : 12,  "begin" : 2752,  "end" : 2758 }, 
        {"sofa" : 12,  "begin" : 2758,  "end" : 2759 }, 
        {"sofa" : 12,  "begin" : 2760,  "end" : 2763 }, 
        {"sofa" : 12,  "begin" : 2764,  "end" : 2767 }, 
        {"sofa" : 12,  "begin" : 2768,  "end" : 2770 }, 
        {"sofa" : 12,  "begin" : 2771,  "end" : 2777 }, 
        {"sofa" : 12,  "begin" : 2778,  "end" : 2780 }, 
        {"sofa" : 12,  "begin" : 2781,  "end" : 2782 }, 
        {"sofa" : 12,  "begin" : 2783,  "end" : 2788 }, 
        {"sofa" : 12,  "begin" : 2789,  "end" : 2792 }, 
        {"sofa" : 12,  "begin" : 2793,  "end" : 2795 }, 
        {"sofa" : 12,  "begin" : 2796,  "end" : 2803 }, 
        {"sofa" : 12,  "begin" : 2803,  "end" : 2804 }, 
        {"sofa" : 12,  "begin" : 2806,  "end" : 2809 }, 
        {"sofa" : 12,  "begin" : 2810,  "end" : 2819 }, 
        {"sofa" : 12,  "begin" : 2820,  "end" : 2824 }, 
        {"sofa" : 12,  "begin" : 2824,  "end" : 2825 }, 
        {"sofa" : 12,  "begin" : 2826,  "end" : 2827 }, 
        {"sofa" : 12,  "begin" : 2827,  "end" : 2829 }, 
        {"sofa" : 12,  "begin" : 2830,  "end" : 2833 }, 
        {"sofa" : 12,  "begin" : 2834,  "end" : 2838 }, 
        {"sofa" : 12,  "begin" : 2839,  "end" : 2840 }, 
        {"sofa" : 12,  "begin" : 2841,  "end" : 2844 }, 
        {"sofa" : 12,  "begin" : 2845,  "end" : 2847 }, 
        {"sofa" : 12,  "begin" : 2848,  "end" : 2851 }, 
        {"sofa" : 12,  "begin" : 2852,  "end" : 2860 }, 
        {"sofa" : 12,  "begin" : 2860,  "end" : 2861 }, 
        {"sofa" : 12,  "begin" : 2862,  "end" : 2864 }, 
        {"sofa" : 12,  "begin" : 2865,  "end" : 2869 }, 
        {"sofa" : 12,  "begin" : 2870,  "end" : 2874 }, 
        {"sofa" : 12,  "begin" : 2875,  "end" : 2882 }, 
        {"sofa" : 12,  "begin" : 2883,  "end" : 2885 }, 
        {"sofa" : 12,  "begin" : 2886,  "end" : 2891 }, 
        {"sofa" : 12,  "begin" : 2891,  "end" : 2892 }, 
        {"sofa" : 12,  "begin" : 2893,  "end" : 2900 }, 
        {"sofa" : 12,  "begin" : 2901,  "end" : 2906 }, 
        {"sofa" : 12,  "begin" : 2906,  "end" : 2907 }, 
        {"sofa" : 12,  "begin" : 2908,  "end" : 2910 }, 
        {"sofa" : 12,  "begin" : 2911,  "end" : 2914 }, 
        {"sofa" : 12,  "begin" : 2915,  "end" : 2927 }, 
        {"sofa" : 12,  "begin" : 2928,  "end" : 2930 }, 
        {"sofa" : 12,  "begin" : 2931,  "end" : 2933 }, 
        {"sofa" : 12,  "begin" : 2934,  "end" : 2941 }, 
        {"sofa" : 12,  "begin" : 2942,  "end" : 2945 }, 
        {"sofa" : 12,  "begin" : 2946,  "end" : 2950 }, 
        {"sofa" : 12,  "begin" : 2951,  "end" : 2953 }, 
        {"sofa" : 12,  "begin" : 2953,  "end" : 2954 }, 
        {"sofa" : 12,  "begin" : 2954,  "end" : 2955 }, 
        {"sofa" : 12,  "begin" : 2957,  "end" : 2961 }, 
        {"sofa" : 12,  "begin" : 2962,  "end" : 2965 }, 
        {"sofa" : 12,  "begin" : 2966,  "end" : 2970 }, 
        {"sofa" : 12,  "begin" : 2971,  "end" : 2974 }, 
        {"sofa" : 12,  "begin" : 2975,  "end" : 2980 }, 
        {"sofa" : 12,  "begin" : 2980,  "end" : 2981 }, 
        {"sofa" : 12,  "begin" : 2982,  "end" : 2990 }, 
        {"sofa" : 12,  "begin" : 2991,  "end" : 2998 }, 
        {"sofa" : 12,  "begin" : 2999,  "end" : 3001 }, 
        {"sofa" : 12,  "begin" : 3002,  "end" : 3006 }, 
        {"sofa" : 12,  "begin" : 3007,  "end" : 3010 }, 
        {"sofa" : 12,  "begin" : 3011,  "end" : 3015 }, 
        {"sofa" : 12,  "begin" : 3015,  "end" : 3016 }, 
        {"sofa" : 12,  "begin" : 3017,  "end" : 3024 }, 
        {"sofa" : 12,  "begin" : 3025,  "end" : 3032 }, 
        {"sofa" : 12,  "begin" : 3033,  "end" : 3038 }, 
        {"sofa" : 12,  "begin" : 3039,  "end" : 3045 }, 
        {"sofa" : 12,  "begin" : 3046,  "end" : 3048 }, 
        {"sofa" : 12,  "begin" : 3049,  "end" : 3057 }, 
        {"sofa" : 12,  "begin" : 3058,  "end" : 3062 }, 
        {"sofa" : 12,  "begin" : 3062,  "end" : 3063 }, 
        {"sofa" : 12,  "begin" : 3064,  "end" : 3068 }, 
        {"sofa" : 12,  "begin" : 3069,  "end" : 3076 }, 
        {"sofa" : 12,  "begin" : 3077,  "end" : 3080 }, 
        {"sofa" : 12,  "begin" : 3081,  "end" : 3089 }, 
        {"sofa" : 12,  "begin" : 3090,  "end" : 3095 }, 
        {"sofa" : 12,  "begin" : 3096,  "end" : 3099 }, 
        {"sofa" : 12,  "begin" : 3100,  "end" : 3109 }, 
        {"sofa" : 12,  "begin" : 3110,  "end" : 3114 }, 
        {"sofa" : 12,  "begin" : 3115,  "end" : 3119 }, 
        {"sofa" : 12,  "begin" : 3120,  "end" : 3123 }, 
        {"sofa" : 12,  "begin" : 3124,  "end" : 3128 }, 
        {"sofa" : 12,  "begin" : 3128,  "end" : 3129 }, 
        {"sofa" : 12,  "begin" : 3131,  "end" : 3137 }, 
        {"sofa" : 12,  "begin" : 3138,  "end" : 3145 }, 
        {"sofa" : 12,  "begin" : 3145,  "end" : 3146 }, 
        {"sofa" : 12,  "begin" : 3147,  "end" : 3150 }, 
        {"sofa" : 12,  "begin" : 3151,  "end" : 3160 }, 
        {"sofa" : 12,  "begin" : 3161,  "end" : 3167 }, 
        {"sofa" : 12,  "begin" : 3168,  "end" : 3171 }, 
        {"sofa" : 12,  "begin" : 3172,  "end" : 3175 }, 
        {"sofa" : 12,  "begin" : 3176,  "end" : 3181 }, 
        {"sofa" : 12,  "begin" : 3182,  "end" : 3183 }, 
        {"sofa" : 12,  "begin" : 3184,  "end" : 3188 }, 
        {"sofa" : 12,  "begin" : 3189,  "end" : 3195 }, 
        {"sofa" : 12,  "begin" : 3196,  "end" : 3198 }, 
        {"sofa" : 12,  "begin" : 3199,  "end" : 3207 }, 
        {"sofa" : 12,  "begin" : 3208,  "end" : 3213 }, 
        {"sofa" : 12,  "begin" : 3214,  "end" : 3219 }, 
        {"sofa" : 12,  "begin" : 3220,  "end" : 3224 }, 
        {"sofa" : 12,  "begin" : 3225,  "end" : 3231 }, 
        {"sofa" : 12,  "begin" : 3232,  "end" : 3237 }, 
        {"sofa" : 12,  "begin" : 3237,  "end" : 3238 }, 
        {"sofa" : 12,  "begin" : 3240,  "end" : 3243 }, 
        {"sofa" : 12,  "begin" : 3244,  "end" : 3245 }, 
        {"sofa" : 12,  "begin" : 3245,  "end" : 3251 }, 
        {"sofa" : 12,  "begin" : 3252,  "end" : 3258 }, 
        {"sofa" : 12,  "begin" : 3258,  "end" : 3259 }, 
        {"sofa" : 12,  "begin" : 3260,  "end" : 3267 }, 
        {"sofa" : 12,  "begin" : 3268,  "end" : 3272 }, 
        {"sofa" : 12,  "begin" : 3273,  "end" : 3275 }, 
        {"sofa" : 12,  "begin" : 3276,  "end" : 3285 }, 
        {"sofa" : 12,  "begin" : 3286,  "end" : 3290 }, 
        {"sofa" : 12,  "begin" : 3291,  "end" : 3293 }, 
        {"sofa" : 12,  "begin" : 3294,  "end" : 3299 }, 
        {"sofa" : 12,  "begin" : 3300,  "end" : 3309 }, 
        {"sofa" : 12,  "begin" : 3310,  "end" : 3316 }, 
        {"sofa" : 12,  "begin" : 3317,  "end" : 3318 }, 
        {"sofa" : 12,  "begin" : 3319,  "end" : 3326 }, 
        {"sofa" : 12,  "begin" : 3327,  "end" : 3333 }, 
        {"sofa" : 12,  "begin" : 3334,  "end" : 3342 }, 
        {"sofa" : 12,  "begin" : 3343,  "end" : 3345 }, 
        {"sofa" : 12,  "begin" : 3346,  "end" : 3351 }, 
        {"sofa" : 12,  "begin" : 3352,  "end" : 3355 }, 
        {"sofa" : 12,  "begin" : 3356,  "end" : 3360 }, 
        {"sofa" : 12,  "begin" : 3361,  "end" : 3368 }, 
        {"sofa" : 12,  "begin" : 3369,  "end" : 3372 }, 
        {"sofa" : 12,  "begin" : 3373,  "end" : 3376 }, 
        {"sofa" : 12,  "begin" : 3377,  "end" : 3383 }, 
        {"sofa" : 12,  "begin" : 3383,  "end" : 3384 }, 
        {"sofa" : 12,  "begin" : 3387,  "end" : 3389 }, 
        {"sofa" : 12,  "begin" : 3390,  "end" : 3398 }, 
        {"sofa" : 12,  "begin" : 3399,  "end" : 3402 }, 
        {"sofa" : 12,  "begin" : 3403,  "end" : 3410 }, 
        {"sofa" : 12,  "begin" : 3411,  "end" : 3413 }, 
        {"sofa" : 12,  "begin" : 3414,  "end" : 3422 }, 
        {"sofa" : 12,  "begin" : 3422,  "end" : 3423 }, 
        {"sofa" : 12,  "begin" : 3424,  "end" : 3431 }, 
        {"sofa" : 12,  "begin" : 3432,  "end" : 3439 }, 
        {"sofa" : 12,  "begin" : 3440,  "end" : 3442 }, 
        {"sofa" : 12,  "begin" : 3443,  "end" : 3446 }, 
        {"sofa" : 12,  "begin" : 3447,  "end" : 3450 }, 
        {"sofa" : 12,  "begin" : 3451,  "end" : 3455 }, 
        {"sofa" : 12,  "begin" : 3456,  "end" : 3458 }, 
        {"sofa" : 12,  "begin" : 3459,  "end" : 3466 }, 
        {"sofa" : 12,  "begin" : 3467,  "end" : 3471 }, 
        {"sofa" : 12,  "begin" : 3472,  "end" : 3475 }, 
        {"sofa" : 12,  "begin" : 3476,  "end" : 3480 }, 
        {"sofa" : 12,  "begin" : 3481,  "end" : 3485 }, 
        {"sofa" : 12,  "begin" : 3485,  "end" : 3486 }, 
        {"sofa" : 12,  "begin" : 3488,  "end" : 3491 }, 
        {"sofa" : 12,  "begin" : 3492,  "end" : 3496 }, 
        {"sofa" : 12,  "begin" : 3496,  "end" : 3497 }, 
        {"sofa" : 12,  "begin" : 3498,  "end" : 3499 }, 
        {"sofa" : 12,  "begin" : 3499,  "end" : 3503 }, 
        {"sofa" : 12,  "begin" : 3504,  "end" : 3505 }, 
        {"sofa" : 12,  "begin" : 3506,  "end" : 3510 }, 
        {"sofa" : 12,  "begin" : 3511,  "end" : 3513 }, 
        {"sofa" : 12,  "begin" : 3513,  "end" : 3514 }, 
        {"sofa" : 12,  "begin" : 3515,  "end" : 3517 }, 
        {"sofa" : 12,  "begin" : 3518,  "end" : 3522 }, 
        {"sofa" : 12,  "begin" : 3523,  "end" : 3527 }, 
        {"sofa" : 12,  "begin" : 3528,  "end" : 3535 }, 
        {"sofa" : 12,  "begin" : 3536,  "end" : 3538 }, 
        {"sofa" : 12,  "begin" : 3539,  "end" : 3547 }, 
        {"sofa" : 12,  "begin" : 3548,  "end" : 3551 }, 
        {"sofa" : 12,  "begin" : 3552,  "end" : 3553 }, 
        {"sofa" : 12,  "begin" : 3554,  "end" : 3557 }, 
        {"sofa" : 12,  "begin" : 3558,  "end" : 3560 }, 
        {"sofa" : 12,  "begin" : 3561,  "end" : 3565 }, 
        {"sofa" : 12,  "begin" : 3566,  "end" : 3570 }, 
        {"sofa" : 12,  "begin" : 3571,  "end" : 3574 }, 
        {"sofa" : 12,  "begin" : 3575,  "end" : 3583 }, 
        {"sofa" : 12,  "begin" : 3583,  "end" : 3584 }, 
        {"sofa" : 12,  "begin" : 3585,  "end" : 3586 }, 
        {"sofa" : 12,  "begin" : 3587,  "end" : 3594 }, 
        {"sofa" : 12,  "begin" : 3595,  "end" : 3598 }, 
        {"sofa" : 12,  "begin" : 3599,  "end" : 3603 }, 
        {"sofa" : 12,  "begin" : 3604,  "end" : 3606 }, 
        {"sofa" : 12,  "begin" : 3607,  "end" : 3608 }, 
        {"sofa" : 12,  "begin" : 3609,  "end" : 3612 }, 
        {"sofa" : 12,  "begin" : 3613,  "end" : 3621 }, 
        {"sofa" : 12,  "begin" : 3621,  "end" : 3622 }, 
        {"sofa" : 12,  "begin" : 3624,  "end" : 3625 }, 
        {"sofa" : 12,  "begin" : 3625,  "end" : 3628 }, 
        {"sofa" : 12,  "begin" : 3629,  "end" : 3633 }, 
        {"sofa" : 12,  "begin" : 3634,  "end" : 3637 }, 
        {"sofa" : 12,  "begin" : 3638,  "end" : 3645 }, 
        {"sofa" : 12,  "begin" : 3646,  "end" : 3651 }, 
        {"sofa" : 12,  "begin" : 3652,  "end" : 3654 }, 
        {"sofa" : 12,  "begin" : 3655,  "end" : 3657 }, 
        {"sofa" : 12,  "begin" : 3658,  "end" : 3659 }, 
        {"sofa" : 12,  "begin" : 3660,  "end" : 3670 }, 
        {"sofa" : 12,  "begin" : 3671,  "end" : 3678 }, 
        {"sofa" : 12,  "begin" : 3678,  "end" : 3679 }, 
        {"sofa" : 12,  "begin" : 3680,  "end" : 3681 }, 
        {"sofa" : 12,  "begin" : 3682,  "end" : 3690 }, 
        {"sofa" : 12,  "begin" : 3691,  "end" : 3699 }, 
        {"sofa" : 12,  "begin" : 3700,  "end" : 3708 }, 
        {"sofa" : 12,  "begin" : 3709,  "end" : 3711 }, 
        {"sofa" : 12,  "begin" : 3712,  "end" : 3718 }, 
        {"sofa" : 12,  "begin" : 3719,  "end" : 3723 }, 
        {"sofa" : 12,  "begin" : 3723,  "end" : 3724 }, 
        {"sofa" : 12,  "begin" : 3726,  "end" : 3727 }, 
        {"sofa" : 12,  "begin" : 3727,  "end" : 3729 }, 
        {"sofa" : 12,  "begin" : 3730,  "end" : 3734 }, 
        {"sofa" : 12,  "begin" : 3735,  "end" : 3737 }, 
        {"sofa" : 12,  "begin" : 3738,  "end" : 3742 }, 
        {"sofa" : 12,  "begin" : 3743,  "end" : 3746 }, 
        {"sofa" : 12,  "begin" : 3747,  "end" : 3751 }, 
        {"sofa" : 12,  "begin" : 3752,  "end" : 3754 }, 
        {"sofa" : 12,  "begin" : 3755,  "end" : 3757 }, 
        {"sofa" : 12,  "begin" : 3758,  "end" : 3763 }, 
        {"sofa" : 12,  "begin" : 3764,  "end" : 3767 }, 
        {"sofa" : 12,  "begin" : 3768,  "end" : 3774 }, 
        {"sofa" : 12,  "begin" : 3775,  "end" : 3783 }, 
        {"sofa" : 12,  "begin" : 3783,  "end" : 3784 }, 
        {"sofa" : 12,  "begin" : 3785,  "end" : 3788 }, 
        {"sofa" : 12,  "begin" : 3789,  "end" : 3792 }, 
        {"sofa" : 12,  "begin" : 3793,  "end" : 3797 }, 
        {"sofa" : 12,  "begin" : 3798,  "end" : 3802 }, 
        {"sofa" : 12,  "begin" : 3803,  "end" : 3808 }, 
        {"sofa" : 12,  "begin" : 3809,  "end" : 3811 }, 
        {"sofa" : 12,  "begin" : 3812,  "end" : 3819 }, 
        {"sofa" : 12,  "begin" : 3819,  "end" : 3820 }, 
        {"sofa" : 12,  "begin" : 3820,  "end" : 3821 }, 
        {"sofa" : 12,  "begin" : 3823,  "end" : 3826 }, 
        {"sofa" : 12,  "begin" : 3827,  "end" : 3836 }, 
        {"sofa" : 12,  "begin" : 3837,  "end" : 3840 }, 
        {"sofa" : 12,  "begin" : 3841,  "end" : 3852 }, 
        {"sofa" : 12,  "begin" : 3853,  "end" : 3855 }, 
        {"sofa" : 12,  "begin" : 3856,  "end" : 3859 }, 
        {"sofa" : 12,  "begin" : 3860,  "end" : 3870 }, 
        {"sofa" : 12,  "begin" : 3871,  "end" : 3876 }, 
        {"sofa" : 12,  "begin" : 3877,  "end" : 3881 }, 
        {"sofa" : 12,  "begin" : 3882,  "end" : 3885 }, 
        {"sofa" : 12,  "begin" : 3886,  "end" : 3896 }, 
        {"sofa" : 12,  "begin" : 3897,  "end" : 3906 }, 
        {"sofa" : 12,  "begin" : 3906,  "end" : 3907 }, 
        {"sofa" : 12,  "begin" : 3908,  "end" : 3911 }, 
        {"sofa" : 12,  "begin" : 3912,  "end" : 3915 }, 
        {"sofa" : 12,  "begin" : 3916,  "end" : 3920 }, 
        {"sofa" : 12,  "begin" : 3921,  "end" : 3923 }, 
        {"sofa" : 12,  "begin" : 3924,  "end" : 3927 }, 
        {"sofa" : 12,  "begin" : 3928,  "end" : 3931 }, 
        {"sofa" : 12,  "begin" : 3932,  "end" : 3936 }, 
        {"sofa" : 12,  "begin" : 3937,  "end" : 3940 }, 
        {"sofa" : 12,  "begin" : 3941,  "end" : 3944 }, 
        {"sofa" : 12,  "begin" : 3945,  "end" : 3950 }, 
        {"sofa" : 12,  "begin" : 3951,  "end" : 3955 }, 
        {"sofa" : 12,  "begin" : 3955,  "end" : 3956 }, 
        {"sofa" : 12,  "begin" : 3959,  "end" : 3962 }, 
        {"sofa" : 12,  "begin" : 3963,  "end" : 3967 }, 
        {"sofa" : 12,  "begin" : 3967,  "end" : 3968 }, 
        {"sofa" : 12,  "begin" : 3969,  "end" : 3970 }, 
        {"sofa" : 12,  "begin" : 3970,  "end" : 3972 }, 
        {"sofa" : 12,  "begin" : 3973,  "end" : 3976 }, 
        {"sofa" : 12,  "begin" : 3977,  "end" : 3985 }, 
        {"sofa" : 12,  "begin" : 3985,  "end" : 3986 }, 
        {"sofa" : 12,  "begin" : 3987,  "end" : 3990 }, 
        {"sofa" : 12,  "begin" : 3991,  "end" : 3993 }, 
        {"sofa" : 12,  "begin" : 3994,  "end" : 3996 }, 
        {"sofa" : 12,  "begin" : 3997,  "end" : 4003 }, 
        {"sofa" : 12,  "begin" : 4004,  "end" : 4007 }, 
        {"sofa" : 12,  "begin" : 4008,  "end" : 4014 }, 
        {"sofa" : 12,  "begin" : 4015,  "end" : 4019 }, 
        {"sofa" : 12,  "begin" : 4019,  "end" : 4020 }, 
        {"sofa" : 12,  "begin" : 4021,  "end" : 4024 }, 
        {"sofa" : 12,  "begin" : 4025,  "end" : 4026 }, 
        {"sofa" : 12,  "begin" : 4027,  "end" : 4030 }, 
        {"sofa" : 12,  "begin" : 4031,  "end" : 4032 }, 
        {"sofa" : 12,  "begin" : 4033,  "end" : 4039 }, 
        {"sofa" : 12,  "begin" : 4040,  "end" : 4042 }, 
        {"sofa" : 12,  "begin" : 4043,  "end" : 4047 }, 
        {"sofa" : 12,  "begin" : 4048,  "end" : 4052 }, 
        {"sofa" : 12,  "begin" : 4053,  "end" : 4055 }, 
        {"sofa" : 12,  "begin" : 4056,  "end" : 4061 }, 
        {"sofa" : 12,  "begin" : 4061,  "end" : 4062 }, 
        {"sofa" : 12,  "begin" : 4063,  "end" : 4064 }, 
        {"sofa" : 12,  "begin" : 4065,  "end" : 4069 }, 
        {"sofa" : 12,  "begin" : 4070,  "end" : 4074 }, 
        {"sofa" : 12,  "begin" : 4075,  "end" : 4076 }, 
        {"sofa" : 12,  "begin" : 4077,  "end" : 4080 }, 
        {"sofa" : 12,  "begin" : 4081,  "end" : 4086 }, 
        {"sofa" : 12,  "begin" : 4087,  "end" : 4089 }, 
        {"sofa" : 12,  "begin" : 4090,  "end" : 4095 }, 
        {"sofa" : 12,  "begin" : 4096,  "end" : 4098 }, 
        {"sofa" : 12,  "begin" : 4098,  "end" : 4099 }, 
        {"sofa" : 12,  "begin" : 4101,  "end" : 4102 }, 
        {"sofa" : 12,  "begin" : 4102,  "end" : 4105 }, 
        {"sofa" : 12,  "begin" : 4106,  "end" : 4107 }, 
        {"sofa" : 12,  "begin" : 4108,  "end" : 4112 }, 
        {"sofa" : 12,  "begin" : 4113,  "end" : 4117 }, 
        {"sofa" : 12,  "begin" : 4118,  "end" : 4120 }, 
        {"sofa" : 12,  "begin" : 4121,  "end" : 4126 }, 
        {"sofa" : 12,  "begin" : 4127,  "end" : 4131 }, 
        {"sofa" : 12,  "begin" : 4132,  "end" : 4136 }, 
        {"sofa" : 12,  "begin" : 4137,  "end" : 4141 }, 
        {"sofa" : 12,  "begin" : 4141,  "end" : 4142 }, 
        {"sofa" : 12,  "begin" : 4143,  "end" : 4147 }, 
        {"sofa" : 12,  "begin" : 4148,  "end" : 4153 }, 
        {"sofa" : 12,  "begin" : 4153,  "end" : 4154 }, 
        {"sofa" : 12,  "begin" : 4155,  "end" : 4156 }, 
        {"sofa" : 12,  "begin" : 4157,  "end" : 4162 }, 
        {"sofa" : 12,  "begin" : 4163,  "end" : 4169 }, 
        {"sofa" : 12,  "begin" : 4170,  "end" : 4174 }, 
        {"sofa" : 12,  "begin" : 4175,  "end" : 4179 }, 
        {"sofa" : 12,  "begin" : 4180,  "end" : 4182 }, 
        {"sofa" : 12,  "begin" : 4183,  "end" : 4187 }, 
        {"sofa" : 12,  "begin" : 4188,  "end" : 4189 }, 
        {"sofa" : 12,  "begin" : 4190,  "end" : 4192 }, 
        {"sofa" : 12,  "begin" : 4193,  "end" : 4198 }, 
        {"sofa" : 12,  "begin" : 4198,  "end" : 4199 }, 
        {"sofa" : 12,  "begin" : 4200,  "end" : 4204 }, 
        {"sofa" : 12,  "begin" : 4204,  "end" : 4205 }, 
        {"sofa" : 12,  "begin" : 4205,  "end" : 4206 }, 
        {"sofa" : 12,  "begin" : 4208,  "end" : 4215 }, 
        {"sofa" : 12,  "begin" : 4216,  "end" : 4222 }, 
        {"sofa" : 12,  "begin" : 4223,  "end" : 4227 }, 
        {"sofa" : 12,  "begin" : 4228,  "end" : 4233 }, 
        {"sofa" : 12,  "begin" : 4234,  "end" : 4239 }, 
        {"sofa" : 12,  "begin" : 4240,  "end" : 4244 }, 
        {"sofa" : 12,  "begin" : 4245,  "end" : 4250 }, 
        {"sofa" : 12,  "begin" : 4251,  "end" : 4254 }, 
        {"sofa" : 12,  "begin" : 4255,  "end" : 4258 }, 
        {"sofa" : 12,  "begin" : 4259,  "end" : 4265 }, 
        {"sofa" : 12,  "begin" : 4266,  "end" : 4270 }, 
        {"sofa" : 12,  "begin" : 4271,  "end" : 4274 }, 
        {"sofa" : 12,  "begin" : 4275,  "end" : 4282 }, 
        {"sofa" : 12,  "begin" : 4283,  "end" : 4285 }, 
        {"sofa" : 12,  "begin" : 4286,  "end" : 4290 }, 
        {"sofa" : 12,  "begin" : 4291,  "end" : 4293 }, 
        {"sofa" : 12,  "begin" : 4294,  "end" : 4302 }, 
        {"sofa" : 12,  "begin" : 4302,  "end" : 4303 }, 
        {"sofa" : 12,  "begin" : 4304,  "end" : 4309 }, 
        {"sofa" : 12,  "begin" : 4310,  "end" : 4317 }, 
        {"sofa" : 12,  "begin" : 4318,  "end" : 4331 }, 
        {"sofa" : 12,  "begin" : 4331,  "end" : 4332 }, 
        {"sofa" : 12,  "begin" : 4334,  "end" : 4337 }, 
        {"sofa" : 12,  "begin" : 4338,  "end" : 4343 }, 
        {"sofa" : 12,  "begin" : 4344,  "end" : 4349 }, 
        {"sofa" : 12,  "begin" : 4349,  "end" : 4350 }, 
        {"sofa" : 12,  "begin" : 4351,  "end" : 4354 }, 
        {"sofa" : 12,  "begin" : 4355,  "end" : 4358 }, 
        {"sofa" : 12,  "begin" : 4359,  "end" : 4369 }, 
        {"sofa" : 12,  "begin" : 4370,  "end" : 4374 }, 
        {"sofa" : 12,  "begin" : 4375,  "end" : 4383 }, 
        {"sofa" : 12,  "begin" : 4383,  "end" : 4384 }, 
        {"sofa" : 12,  "begin" : 4386,  "end" : 4390 }, 
        {"sofa" : 12,  "begin" : 4391,  "end" : 4394 }, 
        {"sofa" : 12,  "begin" : 4395,  "end" : 4399 }, 
        {"sofa" : 12,  "begin" : 4400,  "end" : 4404 }, 
        {"sofa" : 12,  "begin" : 4405,  "end" : 4410 }, 
        {"sofa" : 12,  "begin" : 4410,  "end" : 4411 }, 
        {"sofa" : 12,  "begin" : 4412,  "end" : 4415 }, 
        {"sofa" : 12,  "begin" : 4416,  "end" : 4425 }, 
        {"sofa" : 12,  "begin" : 4426,  "end" : 4428 }, 
        {"sofa" : 12,  "begin" : 4429,  "end" : 4439 }, 
        {"sofa" : 12,  "begin" : 4440,  "end" : 4442 }, 
        {"sofa" : 12,  "begin" : 4443,  "end" : 4450 }, 
        {"sofa" : 12,  "begin" : 4451,  "end" : 4454 }, 
        {"sofa" : 12,  "begin" : 4455,  "end" : 4465 }, 
        {"sofa" : 12,  "begin" : 4466,  "end" : 4468 }, 
        {"sofa" : 12,  "begin" : 4469,  "end" : 4472 }, 
        {"sofa" : 12,  "begin" : 4473,  "end" : 4477 }, 
        {"sofa" : 12,  "begin" : 4477,  "end" : 4478 }, 
        {"sofa" : 12,  "begin" : 4480,  "end" : 4483 }, 
        {"sofa" : 12,  "begin" : 4484,  "end" : 4493 }, 
        {"sofa" : 12,  "begin" : 4493,  "end" : 4494 }, 
        {"sofa" : 12,  "begin" : 4495,  "end" : 4498 }, 
        {"sofa" : 12,  "begin" : 4499,  "end" : 4502 }, 
        {"sofa" : 12,  "begin" : 4503,  "end" : 4507 }, 
        {"sofa" : 12,  "begin" : 4508,  "end" : 4512 }, 
        {"sofa" : 12,  "begin" : 4513,  "end" : 4517 }, 
        {"sofa" : 12,  "begin" : 4518,  "end" : 4527 }, 
        {"sofa" : 12,  "begin" : 4528,  "end" : 4536 }, 
        {"sofa" : 12,  "begin" : 4536,  "end" : 4537 }, 
        {"sofa" : 12,  "begin" : 4538,  "end" : 4542 }, 
        {"sofa" : 12,  "begin" : 4542,  "end" : 4543 }, 
        {"sofa" : 12,  "begin" : 4544,  "end" : 4545 }, 
        {"sofa" : 12,  "begin" : 4545,  "end" : 4547 }, 
        {"sofa" : 12,  "begin" : 4548,  "end" : 4554 }, 
        {"sofa" : 12,  "begin" : 4555,  "end" : 4559 }, 
        {"sofa" : 12,  "begin" : 4560,  "end" : 4564 }, 
        {"sofa" : 12,  "begin" : 4565,  "end" : 4567 }, 
        {"sofa" : 12,  "begin" : 4568,  "end" : 4571 }, 
        {"sofa" : 12,  "begin" : 4572,  "end" : 4576 }, 
        {"sofa" : 12,  "begin" : 4577,  "end" : 4580 }, 
        {"sofa" : 12,  "begin" : 4581,  "end" : 4585 }, 
        {"sofa" : 12,  "begin" : 4585,  "end" : 4586 }, 
        {"sofa" : 12,  "begin" : 4588,  "end" : 4589 }, 
        {"sofa" : 12,  "begin" : 4589,  "end" : 4592 }, 
        {"sofa" : 12,  "begin" : 4593,  "end" : 4597 }, 
        {"sofa" : 12,  "begin" : 4598,  "end" : 4603 }, 
        {"sofa" : 12,  "begin" : 4604,  "end" : 4611 }, 
        {"sofa" : 12,  "begin" : 4611,  "end" : 4612 }, 
        {"sofa" : 12,  "begin" : 4613,  "end" : 4614 }, 
        {"sofa" : 12,  "begin" : 4615,  "end" : 4619 }, 
        {"sofa" : 12,  "begin" : 4620,  "end" : 4622 }, 
        {"sofa" : 12,  "begin" : 4623,  "end" : 4626 }, 
        {"sofa" : 12,  "begin" : 4627,  "end" : 4630 }, 
        {"sofa" : 12,  "begin" : 4631,  "end" : 4636 }, 
        {"sofa" : 12,  "begin" : 4637,  "end" : 4639 }, 
        {"sofa" : 12,  "begin" : 4640,  "end" : 4641 }, 
        {"sofa" : 12,  "begin" : 4642,  "end" : 4650 }, 
        {"sofa" : 12,  "begin" : 4651,  "end" : 4653 }, 
        {"sofa" : 12,  "begin" : 4654,  "end" : 4657 }, 
        {"sofa" : 12,  "begin" : 4658,  "end" : 4663 }, 
        {"sofa" : 12,  "begin" : 4664,  "end" : 4667 }, 
        {"sofa" : 12,  "begin" : 4668,  "end" : 4672 }, 
        {"sofa" : 12,  "begin" : 4672,  "end" : 4673 }, 
        {"sofa" : 12,  "begin" : 4674,  "end" : 4677 }, 
        {"sofa" : 12,  "begin" : 4678,  "end" : 4681 }, 
        {"sofa" : 12,  "begin" : 4682,  "end" : 4687 }, 
        {"sofa" : 12,  "begin" : 4688,  "end" : 4689 }, 
        {"sofa" : 12,  "begin" : 4690,  "end" : 4693 }, 
        {"sofa" : 12,  "begin" : 4694,  "end" : 4696 }, 
        {"sofa" : 12,  "begin" : 4697,  "end" : 4704 }, 
        {"sofa" : 12,  "begin" : 4704,  "end" : 4705 }, 
        {"sofa" : 12,  "begin" : 4707,  "end" : 4708 }, 
        {"sofa" : 12,  "begin" : 4708,  "end" : 4712 }, 
        {"sofa" : 12,  "begin" : 4713,  "end" : 4723 }, 
        {"sofa" : 12,  "begin" : 4724,  "end" : 4726 }, 
        {"sofa" : 12,  "begin" : 4727,  "end" : 4732 }, 
        {"sofa" : 12,  "begin" : 4733,  "end" : 4734 }, 
        {"sofa" : 12,  "begin" : 4735,  "end" : 4739 }, 
        {"sofa" : 12,  "begin" : 4740,  "end" : 4747 }, 
        {"sofa" : 12,  "begin" : 4748,  "end" : 4752 }, 
        {"sofa" : 12,  "begin" : 4753,  "end" : 4758 }, 
        {"sofa" : 12,  "begin" : 4759,  "end" : 4763 }, 
        {"sofa" : 12,  "begin" : 4764,  "end" : 4770 }, 
        {"sofa" : 12,  "begin" : 4771,  "end" : 4773 }, 
        {"sofa" : 12,  "begin" : 4773,  "end" : 4774 }, 
        {"sofa" : 12,  "begin" : 4775,  "end" : 4776 }, 
        {"sofa" : 12,  "begin" : 4777,  "end" : 4780 }, 
        {"sofa" : 12,  "begin" : 4781,  "end" : 4782 }, 
        {"sofa" : 12,  "begin" : 4783,  "end" : 4787 }, 
        {"sofa" : 12,  "begin" : 4788,  "end" : 4793 }, 
        {"sofa" : 12,  "begin" : 4794,  "end" : 4799 }, 
        {"sofa" : 12,  "begin" : 4800,  "end" : 4806 }, 
        {"sofa" : 12,  "begin" : 4806,  "end" : 4807 }, 
        {"sofa" : 12,  "begin" : 4807,  "end" : 4808 }, 
        {"sofa" : 12,  "begin" : 4810,  "end" : 4812 }, 
        {"sofa" : 12,  "begin" : 4813,  "end" : 4816 }, 
        {"sofa" : 12,  "begin" : 4817,  "end" : 4824 }, 
        {"sofa" : 12,  "begin" : 4825,  "end" : 4828 }, 
        {"sofa" : 12,  "begin" : 4828,  "end" : 4829 }, 
        {"sofa" : 12,  "begin" : 4830,  "end" : 4835 }, 
        {"sofa" : 12,  "begin" : 4836,  "end" : 4845 }, 
        {"sofa" : 12,  "begin" : 4846,  "end" : 4848 }, 
        {"sofa" : 12,  "begin" : 4849,  "end" : 4852 }, 
        {"sofa" : 12,  "begin" : 4853,  "end" : 4855 }, 
        {"sofa" : 12,  "begin" : 4856,  "end" : 4862 }, 
        {"sofa" : 12,  "begin" : 4863,  "end" : 4868 }, 
        {"sofa" : 12,  "begin" : 4868,  "end" : 4869 }, 
        {"sofa" : 12,  "begin" : 4870,  "end" : 4874 }, 
        {"sofa" : 12,  "begin" : 4874,  "end" : 4875 }, 
        {"sofa" : 12,  "begin" : 4876,  "end" : 4877 }, 
        {"sofa" : 12,  "begin" : 4877,  "end" : 4884 }, 
        {"sofa" : 12,  "begin" : 4885,  "end" : 4889 }, 
        {"sofa" : 12,  "begin" : 4890,  "end" : 4896 }, 
        {"sofa" : 12,  "begin" : 4897,  "end" : 4907 }, 
        {"sofa" : 12,  "begin" : 4908,  "end" : 4911 }, 
        {"sofa" : 12,  "begin" : 4912,  "end" : 4919 }, 
        {"sofa" : 12,  "begin" : 4920,  "end" : 4926 }, 
        {"sofa" : 12,  "begin" : 4927,  "end" : 4933 }, 
        {"sofa" : 12,  "begin" : 4934,  "end" : 4937 }, 
        {"sofa" : 12,  "begin" : 4938,  "end" : 4940 }, 
        {"sofa" : 12,  "begin" : 4940,  "end" : 4941 }, 
        {"sofa" : 12,  "begin" : 4942,  "end" : 4947 }, 
        {"sofa" : 12,  "begin" : 4948,  "end" : 4951 }, 
        {"sofa" : 12,  "begin" : 4952,  "end" : 4954 }, 
        {"sofa" : 12,  "begin" : 4955,  "end" : 4958 }, 
        {"sofa" : 12,  "begin" : 4959,  "end" : 4961 }, 
        {"sofa" : 12,  "begin" : 4961,  "end" : 4962 }, 
        {"sofa" : 12,  "begin" : 4963,  "end" : 4974 }, 
        {"sofa" : 12,  "begin" : 4975,  "end" : 4978 }, 
        {"sofa" : 12,  "begin" : 4979,  "end" : 4987 }, 
        {"sofa" : 12,  "begin" : 4988,  "end" : 4992 }, 
        {"sofa" : 12,  "begin" : 4993,  "end" : 4998 }, 
        {"sofa" : 12,  "begin" : 4999,  "end" : 5004 }, 
        {"sofa" : 12,  "begin" : 5005,  "end" : 5009 }, 
        {"sofa" : 12,  "begin" : 5010,  "end" : 5015 }, 
        {"sofa" : 12,  "begin" : 5016,  "end" : 5018 }, 
        {"sofa" : 12,  "begin" : 5019,  "end" : 5022 }, 
        {"sofa" : 12,  "begin" : 5023,  "end" : 5032 }, 
        {"sofa" : 12,  "begin" : 5032,  "end" : 5033 }, 
        {"sofa" : 12,  "begin" : 5035,  "end" : 5036 }, 
        {"sofa" : 12,  "begin" : 5036,  "end" : 5039 }, 
        {"sofa" : 12,  "begin" : 5040,  "end" : 5047 }, 
        {"sofa" : 12,  "begin" : 5048,  "end" : 5054 }, 
        {"sofa" : 12,  "begin" : 5055,  "end" : 5064 }, 
        {"sofa" : 12,  "begin" : 5064,  "end" : 5065 }, 
        {"sofa" : 12,  "begin" : 5066,  "end" : 5075 }, 
        {"sofa" : 12,  "begin" : 5076,  "end" : 5078 }, 
        {"sofa" : 12,  "begin" : 5079,  "end" : 5084 }, 
        {"sofa" : 12,  "begin" : 5085,  "end" : 5090 }, 
        {"sofa" : 12,  "begin" : 5091,  "end" : 5093 }, 
        {"sofa" : 12,  "begin" : 5094,  "end" : 5099 }, 
        {"sofa" : 12,  "begin" : 5100,  "end" : 5104 }, 
        {"sofa" : 12,  "begin" : 5105,  "end" : 5109 }, 
        {"sofa" : 12,  "begin" : 5109,  "end" : 5110 }, 
        {"sofa" : 12,  "begin" : 5112,  "end" : 5113 }, 
        {"sofa" : 12,  "begin" : 5113,  "end" : 5118 }, 
        {"sofa" : 12,  "begin" : 5119,  "end" : 5130 }, 
        {"sofa" : 12,  "begin" : 5131,  "end" : 5140 }, 
        {"sofa" : 12,  "begin" : 5141,  "end" : 5143 }, 
        {"sofa" : 12,  "begin" : 5144,  "end" : 5145 }, 
        {"sofa" : 12,  "begin" : 5146,  "end" : 5150 }, 
        {"sofa" : 12,  "begin" : 5151,  "end" : 5156 }, 
        {"sofa" : 12,  "begin" : 5157,  "end" : 5159 }, 
        {"sofa" : 12,  "begin" : 5160,  "end" : 5166 }, 
        {"sofa" : 12,  "begin" : 5166,  "end" : 5167 }, 
        {"sofa" : 12,  "begin" : 5168,  "end" : 5172 }, 
        {"sofa" : 12,  "begin" : 5173,  "end" : 5180 }, 
        {"sofa" : 12,  "begin" : 5181,  "end" : 5185 }, 
        {"sofa" : 12,  "begin" : 5186,  "end" : 5193 }, 
        {"sofa" : 12,  "begin" : 5194,  "end" : 5196 }, 
        {"sofa" : 12,  "begin" : 5197,  "end" : 5200 }, 
        {"sofa" : 12,  "begin" : 5201,  "end" : 5207 }, 
        {"sofa" : 12,  "begin" : 5208,  "end" : 5211 }, 
        {"sofa" : 12,  "begin" : 5212,  "end" : 5222 }, 
        {"sofa" : 12,  "begin" : 5223,  "end" : 5236 }, 
        {"sofa" : 12,  "begin" : 5237,  "end" : 5245 }, 
        {"sofa" : 12,  "begin" : 5246,  "end" : 5248 }, 
        {"sofa" : 12,  "begin" : 5249,  "end" : 5253 }, 
        {"sofa" : 12,  "begin" : 5254,  "end" : 5263 }, 
        {"sofa" : 12,  "begin" : 5264,  "end" : 5268 }, 
        {"sofa" : 12,  "begin" : 5269,  "end" : 5271 }, 
        {"sofa" : 12,  "begin" : 5272,  "end" : 5278 }, 
        {"sofa" : 12,  "begin" : 5279,  "end" : 5286 }, 
        {"sofa" : 12,  "begin" : 5286,  "end" : 5287 }, 
        {"sofa" : 12,  "begin" : 5289,  "end" : 5290 }, 
        {"sofa" : 12,  "begin" : 5290,  "end" : 5296 }, 
        {"sofa" : 12,  "begin" : 5297,  "end" : 5301 }, 
        {"sofa" : 12,  "begin" : 5302,  "end" : 5310 }, 
        {"sofa" : 12,  "begin" : 5311,  "end" : 5319 }, 
        {"sofa" : 12,  "begin" : 5320,  "end" : 5323 }, 
        {"sofa" : 12,  "begin" : 5324,  "end" : 5327 }, 
        {"sofa" : 12,  "begin" : 5328,  "end" : 5330 }, 
        {"sofa" : 12,  "begin" : 5331,  "end" : 5335 }, 
        {"sofa" : 12,  "begin" : 5336,  "end" : 5338 }, 
        {"sofa" : 12,  "begin" : 5339,  "end" : 5342 }, 
        {"sofa" : 12,  "begin" : 5343,  "end" : 5346 }, 
        {"sofa" : 12,  "begin" : 5347,  "end" : 5352 }, 
        {"sofa" : 12,  "begin" : 5353,  "end" : 5355 }, 
        {"sofa" : 12,  "begin" : 5356,  "end" : 5362 }, 
        {"sofa" : 12,  "begin" : 5363,  "end" : 5367 }, 
        {"sofa" : 12,  "begin" : 5368,  "end" : 5372 }, 
        {"sofa" : 12,  "begin" : 5373,  "end" : 5375 }, 
        {"sofa" : 12,  "begin" : 5376,  "end" : 5385 }, 
        {"sofa" : 12,  "begin" : 5386,  "end" : 5397 }, 
        {"sofa" : 12,  "begin" : 5397,  "end" : 5398 }, 
        {"sofa" : 12,  "begin" : 5399,  "end" : 5403 }, 
        {"sofa" : 12,  "begin" : 5404,  "end" : 5409 }, 
        {"sofa" : 12,  "begin" : 5410,  "end" : 5414 }, 
        {"sofa" : 12,  "begin" : 5415,  "end" : 5419 }, 
        {"sofa" : 12,  "begin" : 5420,  "end" : 5426 }, 
        {"sofa" : 12,  "begin" : 5427,  "end" : 5433 }, 
        {"sofa" : 12,  "begin" : 5434,  "end" : 5437 }, 
        {"sofa" : 12,  "begin" : 5438,  "end" : 5445 }, 
        {"sofa" : 12,  "begin" : 5446,  "end" : 5457 }, 
        {"sofa" : 12,  "begin" : 5458,  "end" : 5461 }, 
        {"sofa" : 12,  "begin" : 5462,  "end" : 5474 }, 
        {"sofa" : 12,  "begin" : 5474,  "end" : 5475 }, 
        {"sofa" : 12,  "begin" : 5476,  "end" : 5479 }, 
        {"sofa" : 12,  "begin" : 5480,  "end" : 5484 }, 
        {"sofa" : 12,  "begin" : 5485,  "end" : 5487 }, 
        {"sofa" : 12,  "begin" : 5488,  "end" : 5493 }, 
        {"sofa" : 12,  "begin" : 5494,  "end" : 5503 }, 
        {"sofa" : 12,  "begin" : 5503,  "end" : 5504 }, 
        {"sofa" : 12,  "begin" : 5504,  "end" : 5505 }, 
        {"sofa" : 12,  "begin" : 5507,  "end" : 5511 }, 
        {"sofa" : 12,  "begin" : 5512,  "end" : 5514 }, 
        {"sofa" : 12,  "begin" : 5515,  "end" : 5526 }, 
        {"sofa" : 12,  "begin" : 5527,  "end" : 5536 }, 
        {"sofa" : 12,  "begin" : 5536,  "end" : 5537 }, 
        {"sofa" : 12,  "begin" : 5539,  "end" : 5550 }, 
        {"sofa" : 12,  "begin" : 5551,  "end" : 5560 }, 
        {"sofa" : 12,  "begin" : 5561,  "end" : 5563 }, 
        {"sofa" : 12,  "begin" : 5564,  "end" : 5568 }, 
        {"sofa" : 12,  "begin" : 5569,  "end" : 5577 }, 
        {"sofa" : 12,  "begin" : 5578,  "end" : 5584 }, 
        {"sofa" : 12,  "begin" : 5585,  "end" : 5587 }, 
        {"sofa" : 12,  "begin" : 5588,  "end" : 5590 }, 
        {"sofa" : 12,  "begin" : 5591,  "end" : 5600 }, 
        {"sofa" : 12,  "begin" : 5601,  "end" : 5605 }, 
        {"sofa" : 12,  "begin" : 5606,  "end" : 5611 }, 
        {"sofa" : 12,  "begin" : 5612,  "end" : 5613 }, 
        {"sofa" : 12,  "begin" : 5614,  "end" : 5627 }, 
        {"sofa" : 12,  "begin" : 5627,  "end" : 5628 }, 
        {"sofa" : 12,  "begin" : 5630,  "end" : 5635 }, 
        {"sofa" : 12,  "begin" : 5636,  "end" : 5646 }, 
        {"sofa" : 12,  "begin" : 5647,  "end" : 5655 }, 
        {"sofa" : 12,  "begin" : 5656,  "end" : 5660 }, 
        {"sofa" : 12,  "begin" : 5661,  "end" : 5665 }, 
        {"sofa" : 12,  "begin" : 5666,  "end" : 5667 }, 
        {"sofa" : 12,  "begin" : 5668,  "end" : 5671 }, 
        {"sofa" : 12,  "begin" : 5672,  "end" : 5676 }, 
        {"sofa" : 12,  "begin" : 5677,  "end" : 5678 }, 
        {"sofa" : 12,  "begin" : 5679,  "end" : 5683 }, 
        {"sofa" : 12,  "begin" : 5684,  "end" : 5687 }, 
        {"sofa" : 12,  "begin" : 5688,  "end" : 5692 }, 
        {"sofa" : 12,  "begin" : 5693,  "end" : 5696 }, 
        {"sofa" : 12,  "begin" : 5697,  "end" : 5706 }, 
        {"sofa" : 12,  "begin" : 5707,  "end" : 5712 }, 
        {"sofa" : 12,  "begin" : 5713,  "end" : 5723 }, 
        {"sofa" : 12,  "begin" : 5724,  "end" : 5726 }, 
        {"sofa" : 12,  "begin" : 5726,  "end" : 5727 }, 
        {"sofa" : 12,  "begin" : 5729,  "end" : 5732 }, 
        {"sofa" : 12,  "begin" : 5733,  "end" : 5735 }, 
        {"sofa" : 12,  "begin" : 5736,  "end" : 5740 }, 
        {"sofa" : 12,  "begin" : 5741,  "end" : 5748 }, 
        {"sofa" : 12,  "begin" : 5749,  "end" : 5754 }, 
        {"sofa" : 12,  "begin" : 5755,  "end" : 5757 }, 
        {"sofa" : 12,  "begin" : 5758,  "end" : 5761 }, 
        {"sofa" : 12,  "begin" : 5762,  "end" : 5769 }, 
        {"sofa" : 12,  "begin" : 5770,  "end" : 5774 }, 
        {"sofa" : 12,  "begin" : 5775,  "end" : 5786 }, 
        {"sofa" : 12,  "begin" : 5787,  "end" : 5796 }, 
        {"sofa" : 12,  "begin" : 5796,  "end" : 5797 }, 
        {"sofa" : 12,  "begin" : 5799,  "end" : 5803 }, 
        {"sofa" : 12,  "begin" : 5804,  "end" : 5810 }, 
        {"sofa" : 12,  "begin" : 5811,  "end" : 5815 }, 
        {"sofa" : 12,  "begin" : 5816,  "end" : 5822 }, 
        {"sofa" : 12,  "begin" : 5823,  "end" : 5825 }, 
        {"sofa" : 12,  "begin" : 5826,  "end" : 5827 }, 
        {"sofa" : 12,  "begin" : 5828,  "end" : 5836 }, 
        {"sofa" : 12,  "begin" : 5837,  "end" : 5842 }, 
        {"sofa" : 12,  "begin" : 5843,  "end" : 5845 }, 
        {"sofa" : 12,  "begin" : 5846,  "end" : 5849 }, 
        {"sofa" : 12,  "begin" : 5850,  "end" : 5856 }, 
        {"sofa" : 12,  "begin" : 5856,  "end" : 5857 }, 
        {"sofa" : 12,  "begin" : 5858,  "end" : 5863 }, 
        {"sofa" : 12,  "begin" : 5864,  "end" : 5867 }, 
        {"sofa" : 12,  "begin" : 5868,  "end" : 5878 }, 
        {"sofa" : 12,  "begin" : 5879,  "end" : 5884 }, 
        {"sofa" : 12,  "begin" : 5885,  "end" : 5887 }, 
        {"sofa" : 12,  "begin" : 5888,  "end" : 5894 }, 
        {"sofa" : 12,  "begin" : 5895,  "end" : 5899 }, 
        {"sofa" : 12,  "begin" : 5900,  "end" : 5908 }, 
        {"sofa" : 12,  "begin" : 5909,  "end" : 5916 }, 
        {"sofa" : 12,  "begin" : 5916,  "end" : 5917 }, 
        {"sofa" : 12,  "begin" : 5918,  "end" : 5924 }, 
        {"sofa" : 12,  "begin" : 5924,  "end" : 5925 }, 
        {"sofa" : 12,  "begin" : 5926,  "end" : 5929 }, 
        {"sofa" : 12,  "begin" : 5929,  "end" : 5930 }, 
        {"sofa" : 12,  "begin" : 5931,  "end" : 5934 }, 
        {"sofa" : 12,  "begin" : 5935,  "end" : 5940 }, 
        {"sofa" : 12,  "begin" : 5941,  "end" : 5948 }, 
        {"sofa" : 12,  "begin" : 5948,  "end" : 5949 }, 
        {"sofa" : 12,  "begin" : 5952,  "end" : 5955 }, 
        {"sofa" : 12,  "begin" : 5956,  "end" : 5965 }, 
        {"sofa" : 12,  "begin" : 5966,  "end" : 5970 }, 
        {"sofa" : 12,  "begin" : 5971,  "end" : 5978 }, 
        {"sofa" : 12,  "begin" : 5979,  "end" : 5982 }, 
        {"sofa" : 12,  "begin" : 5983,  "end" : 5990 }, 
        {"sofa" : 12,  "begin" : 5991,  "end" : 5995 }, 
        {"sofa" : 12,  "begin" : 5996,  "end" : 5998 }, 
        {"sofa" : 12,  "begin" : 5999,  "end" : 6002 }, 
        {"sofa" : 12,  "begin" : 6003,  "end" : 6009 }, 
        {"sofa" : 12,  "begin" : 6009,  "end" : 6010 }, 
        {"sofa" : 12,  "begin" : 6013,  "end" : 6022 }, 
        {"sofa" : 12,  "begin" : 6023,  "end" : 6029 }, 
        {"sofa" : 12,  "begin" : 6030,  "end" : 6034 }, 
        {"sofa" : 12,  "begin" : 6035,  "end" : 6037 }, 
        {"sofa" : 12,  "begin" : 6038,  "end" : 6043 }, 
        {"sofa" : 12,  "begin" : 6044,  "end" : 6052 }, 
        {"sofa" : 12,  "begin" : 6053,  "end" : 6060 }, 
        {"sofa" : 12,  "begin" : 6061,  "end" : 6064 }, 
        {"sofa" : 12,  "begin" : 6065,  "end" : 6071 }, 
        {"sofa" : 12,  "begin" : 6072,  "end" : 6076 }, 
        {"sofa" : 12,  "begin" : 6077,  "end" : 6083 }, 
        {"sofa" : 12,  "begin" : 6083,  "end" : 6084 }, 
        {"sofa" : 12,  "begin" : 6085,  "end" : 6092 }, 
        {"sofa" : 12,  "begin" : 6093,  "end" : 6095 }, 
        {"sofa" : 12,  "begin" : 6096,  "end" : 6098 }, 
        {"sofa" : 12,  "begin" : 6099,  "end" : 6102 }, 
        {"sofa" : 12,  "begin" : 6102,  "end" : 6103 }, 
        {"sofa" : 12,  "begin" : 6106,  "end" : 6110 }, 
        {"sofa" : 12,  "begin" : 6111,  "end" : 6115 }, 
        {"sofa" : 12,  "begin" : 6116,  "end" : 6123 }, 
        {"sofa" : 12,  "begin" : 6123,  "end" : 6124 }, 
        {"sofa" : 12,  "begin" : 6125,  "end" : 6128 }, 
        {"sofa" : 12,  "begin" : 6129,  "end" : 6138 }, 
        {"sofa" : 12,  "begin" : 6139,  "end" : 6141 }, 
        {"sofa" : 12,  "begin" : 6142,  "end" : 6146 }, 
        {"sofa" : 12,  "begin" : 6147,  "end" : 6154 }, 
        {"sofa" : 12,  "begin" : 6155,  "end" : 6158 }, 
        {"sofa" : 12,  "begin" : 6159,  "end" : 6162 }, 
        {"sofa" : 12,  "begin" : 6163,  "end" : 6169 }, 
        {"sofa" : 12,  "begin" : 6170,  "end" : 6172 }, 
        {"sofa" : 12,  "begin" : 6173,  "end" : 6177 }, 
        {"sofa" : 12,  "begin" : 6178,  "end" : 6180 }, 
        {"sofa" : 12,  "begin" : 6181,  "end" : 6186 }, 
        {"sofa" : 12,  "begin" : 6187,  "end" : 6189 }, 
        {"sofa" : 12,  "begin" : 6190,  "end" : 6195 }, 
        {"sofa" : 12,  "begin" : 6195,  "end" : 6196 } ], 
      "Persuasive_Labels" : [
        {"sofa" : 12,  "begin" : 397,  "end" : 407,  "DistinctiveLinguisticFeatures" : "uppercase words" }, 
        {"sofa" : 12,  "begin" : 397,  "end" : 407,  "DistinctiveLinguisticFeatures" : "distinctive linguistic features" }, 
        {"sofa" : 12,  "begin" : 686,  "end" : 1601,  "FabricatingNarrativewithDetails" : "Narrative with details_details verified to be true" }, 
        {"sofa" : 12,  "begin" : 686,  "end" : 1601,  "FabricatingNarrativewithDetails" : "Narrative with Details" }, 
        {"sofa" : 12,  "begin" : 1960,  "end" : 2669,  "FabricatingNarrativewithDetails" : "Narrative with details_details verified to be true" }, 
        {"sofa" : 12,  "begin" : 1960,  "end" : 2669,  "FabricatingNarrativewithDetails" : "Narrative with Details" }, 
        {"sofa" : 12,  "begin" : 3240,  "end" : 3259,  "EmotionalAppeals" : "emotional appeals" }, 
        {"sofa" : 12,  "begin" : 3240,  "end" : 3259,  "EmotionalAppeals" : "fear" }, 
        {"sofa" : 12,  "begin" : 4810,  "end" : 4869,  "EstablishingLegitimacy" : "Establishing Legitimacy" }, 
        {"sofa" : 12,  "begin" : 4810,  "end" : 4869,  "EstablishingLegitimacy" : "citing source to establish legitimacy_source not verified" }, 
        {"sofa" : 12,  "begin" : 5507,  "end" : 5537,  "DistinctiveLinguisticFeatures" : "uppercase words" }, 
        {"sofa" : 12,  "begin" : 5507,  "end" : 5537,  "DistinctiveLinguisticFeatures" : "distinctive linguistic features" }, 
        {"sofa" : 12,  "begin" : 5507,  "end" : 5537,  "EstablishingLegitimacy" : "Establishing Legitimacy" }, 
        {"sofa" : 12,  "begin" : 5507,  "end" : 5537,  "EstablishingLegitimacy" : "legitimate persuasive techniques: rhetorical question" } ] } }, 
  "_referenced_fss" : {
    "12" : {"_type" : "Sofa",  "sofaNum" : 1,  "sofaID" : "_InitialView",  "mimeType" : "text",  "sofaString" : "﻿snes-01314 After shaving her legs, a woman developed a life-threatening skin infection that required the removal of massive amounts of skin and muscle tissue.\r\nSource: https://archive.ph/sBwGK \r\nFact checking: https://www.snopes.com/fact-check/woman-almost-loses-leg-cutting-shaving/ \r\nActual content: \r\nMother-of-three, 44, develops deadly infection and nearly loses her legs after trimming her PUBIC HAIR with a brand new razor\r\nBy STEPHEN MATTHEWS FOR MAILONLINE \r\nPUBLISHED: 04:14 EST, 26 April 2017 | UPDATED: 23:18 EST, 26 April 2017\r\nA mother-of-three has spoken of her terror after she almost lost her legs to a deadly infection which she caught from shaving her bikini line.\r\nDana Sedgewick, 44, from Sheffield, trimmed her pubic area with a brand new razor but ended up cutting a spot on her groin.\r\nHer body almost immediately went into shock, causing a red rash on her legs before they turned black from necrotising fasciitis - a flesh-eating infection.\r\nRushed to intensive care, doctors operated to remove as much of the rotting skin as they could - but she developed sepsis during the procedure.\r\nShe was placed in a coma as her family were told she had just a 30 per cent chance of survival as her kidneys failed and her heart stopped four times.\r\nHaving managed to survive the horrific ordeal, she underwent 21 operations to repair the damage to her skin - but doctors warned she would never walk again. \r\nBut with the support of her husband, Mathew, 47, she has now recovered and can walk using crutches and is back at home with her children - Megan, 18, Freya, 14, and Klara, nine.\r\nMrs Sedgewick said: 'Like a lot of women, I tried to keep a tidy bikini line. So I had a quick trim with a new razor.\r\n'But over the weekend, I felt unwell and noticed a little pimple on my groin which kept bleeding. I didn't think anything of it as I often got a rash from shaving.\r\n'Little did I know that this tiny pimple would almost cost me my life.'\r\nMrs Sedgewick's ordeal began in May 2012. Two days after she'd shaved, she began experiencing dizziness and nausea.\r\nShe visited her GP, who took swabs of the area and prescribed her antibiotics to combat a suspected infection.\r\nLater that day, her eldest daughter Megan discovered her lying in bed, with her legs covered in a bloody red rash.\r\nAfterwards, her GP called to say that the swabs had revealed it was serious and that she needed to go in for another examination.\r\nBut when her husband dropped her off at the surgery, she collapsed.\r\nAn ambulance was called and she was rushed to the trauma unit at the Northern General Hospital in Sheffield, where doctors diagnosed her with necrotising fasciitis.\r\nThe condition causes bacteria to release toxins that attack the surrounding soft tissue, and can be caused by a minor cut or scratch.\r\nMrs Sedgewick said: 'By the time I got to the hospital, my legs were covered in black, rotting flesh. It was touch-and-go as to whether I'd make it.'\r\nOver the next ten hours, surgeons battled to save her legs. Cutting through seven inches of infected skin, they removed the diseased flesh and reapplied skin from her back.\r\nDuring surgery, she developed sepsis and was given a slim chance of survival after going into septic shock.\r\nThe 'silent killer' strikes when an infection such as blood poisoning sparks a violent immune response in which the body attacks its own organs. \r\nTo increase her chances of survival, doctors decided to put her into an induced coma for nine days.\r\nShe said: 'When I woke up, my legs were covered in bandages and I had no idea what had happened. I thought I'd been in a car accident.\r\n'But when the surgeon asked me if I remembered shaving, I suddenly recalled trimming my bikini line.\r\n'He told me that the spot on my groin had become infected, and I'd been very lucky to survive.'\r\nMrs Sedgewick was transferred to the hospital's burns unit for specialist treatment, and was able to see her legs for the first time. \r\nShe said: 'It was horrific. All of my muscle had rotted away, and I had a crater of skin near my groin. I felt like I was going to throw up.\r\n'But I knew that it could have been much, much worse. I could easily have lost my legs - or worse, died.'\r\nDoctors warned that she'd never walk again but she defied them and managed to walk on crutches, after intense physiotherapy.\r\nSix weeks later, she was discharged from hospital.\r\nOver the next four years, she underwent 21 operations to improve the appearance of her skin.\r\nMrs Sedgewick, who has been left with extensive scarring, said: 'It didn't feel like my own body any more.\r\n'But with Mat's support, I grew to see the scars as a reminder of how brave I'd been, and how lucky I was to survive.\r\n'It's incredible to think a tiny shaving spot could have killed me. I had a very close shave indeed.'\r\nDr Ron Daniels BEM, chief executive of the UK Sepsis Trust, said: 'Stories like Dana's illustrate the serious damage sepsis can do. Every day in the UK, individuals and families have their lives torn apart by the condition.\r\n'But through better awareness, thousands of lives could be saved each year.\r\n'While necrotising fasciitis is a rare cause of sepsis, it's crucial that members of the public and healthcare professionals consider it when presented with an unwell patient.\r\n'Anyone with flu-like symptoms and one or more of the key signs of sepsis must call an ambulance immediately. With every hour that passes before the correct antibiotics are administered, the risk of death increases.'\r\nWHAT IS NECROTISING FASCIITIS?\r\nNecrotising fasciitis is most commonly caused by an infection with group A Streptococcus.\r\nThose infections normally last just a few days - they are mild and typically clear themselves up.\r\nBut in some unusual cases it can develop into necrotising fasciitis.\r\nThey infect flat layers of a membrane known as the fascia, which are connective bands of tissue that surround muscles, nerves, fat, and blood vessels. \r\nThe infection also damages the tissues next to the fascia. \r\nSometimes toxins made by these bacteria destroy the tissue they infect, causing it to die. \r\nWhen this happens, the infection is very serious and can result in loss of limbs or death.\r\n\r\n" } } }