{"_context" : {
    "_types" : {
      "DocumentMetaData" : {
        "_feature_types" : {"sofa" : "_ref" } }, 
      "Persuasive_Labels" : {
        "_feature_types" : {"sofa" : "_ref" } }, 
      "Sentence" : {
        "_feature_types" : {"sofa" : "_ref" } }, 
      "Sofa" : {
        "_feature_types" : {"sofaArray" : "_ref" } }, 
      "TagsetDescription" : {
        "_feature_types" : {"sofa" : "_ref",  "tags" : "_ref" } }, 
      "Token" : {
        "_feature_types" : {"sofa" : "_ref",  "parent" : "_ref",  "lemma" : "_ref",  "stem" : "_ref",  "pos" : "_ref",  "morph" : "_ref",  "form" : "_ref" } }, 
      "DocumentAnnotation" : {
        "_feature_types" : {"sofa" : "_ref" }, 
        "_subtypes" : ["DocumentMetaData" ] }, 
      "Annotation" : {
        "_feature_types" : {"sofa" : "_ref" }, 
        "_subtypes" : ["DocumentAnnotation",  "Persuasive_Labels",  "Sentence",  "TagsetDescription",  "Token" ] }, 
      "AnnotationBase" : {
        "_feature_types" : {"sofa" : "_ref" }, 
        "_subtypes" : ["Annotation" ] }, 
      "TOP" : {
        "_subtypes" : ["AnnotationBase",  "Sofa" ] } } }, 
  "_views" : {
    "_InitialView" : {
      "DocumentMetaData" : [
        {"sofa" : 12,  "end" : 3771,  "language" : "x-unspecified",  "documentTitle" : "72.%20tron-02200%20FDA%20Confirms%20DTaP%20Vaccine%20Causes%20Autism%20in%20November%202017%20.txt",  "documentId" : "admin",  "documentUri" : "file:/C:/Users/huiyi/.webanno/repository/project/4/document/247/source/admin",  "collectionId" : "file:/C:/Users/huiyi/.webanno/repository/project/4/document/247/source/",  "documentBaseUri" : "file:/C:/Users/huiyi/.webanno/repository/project/4/document/247/source/",  "isLastSegment" : false } ], 
      "TagsetDescription" : [
        {"sofa" : 12,  "layer" : "de.tudarmstadt.ukp.dkpro.core.api.syntax.type.dependency.Dependency",  "name" : "UD Universal Dependencies (v2)",  "input" : false }, 
        {"sofa" : 12,  "layer" : "de.tudarmstadt.ukp.dkpro.core.api.ner.type.NamedEntity",  "name" : "Named Entity tags",  "input" : false }, 
        {"sofa" : 12,  "layer" : "de.tudarmstadt.ukp.dkpro.core.api.transform.type.SofaChangeAnnotation",  "name" : "Operation",  "input" : false }, 
        {"sofa" : 12,  "layer" : "de.tudarmstadt.ukp.dkpro.core.api.lexmorph.type.pos.POS",  "name" : "UD Universal POS tags (v2)",  "input" : false }, 
        {"sofa" : 12,  "layer" : "webanno.custom.Persuasive_Labels",  "name" : "2. Using Anecdotes and Personal Experience as Evidence",  "input" : false } ], 
      "Sentence" : [
        {"sofa" : 12,  "end" : 326 }, 
        {"sofa" : 12,  "begin" : 328,  "end" : 457 }, 
        {"sofa" : 12,  "begin" : 459,  "end" : 649 }, 
        {"sofa" : 12,  "begin" : 651,  "end" : 913 }, 
        {"sofa" : 12,  "begin" : 914,  "end" : 1001 }, 
        {"sofa" : 12,  "begin" : 1002,  "end" : 1222 }, 
        {"sofa" : 12,  "begin" : 1224,  "end" : 1404 }, 
        {"sofa" : 12,  "begin" : 1406,  "end" : 1707 }, 
        {"sofa" : 12,  "begin" : 1708,  "end" : 1790 }, 
        {"sofa" : 12,  "begin" : 1792,  "end" : 1811 }, 
        {"sofa" : 12,  "begin" : 1813,  "end" : 2106 }, 
        {"sofa" : 12,  "begin" : 2108,  "end" : 2156 }, 
        {"sofa" : 12,  "begin" : 2158,  "end" : 2642 }, 
        {"sofa" : 12,  "begin" : 2643,  "end" : 2715 }, 
        {"sofa" : 12,  "begin" : 2717,  "end" : 2994 }, 
        {"sofa" : 12,  "begin" : 2996,  "end" : 3165 }, 
        {"sofa" : 12,  "begin" : 3166,  "end" : 3300 }, 
        {"sofa" : 12,  "begin" : 3301,  "end" : 3423 }, 
        {"sofa" : 12,  "begin" : 3425,  "end" : 3628 }, 
        {"sofa" : 12,  "begin" : 3630,  "end" : 3665 }, 
        {"sofa" : 12,  "begin" : 3666,  "end" : 3767 } ], 
      "Token" : [
        {"sofa" : 12,  "end" : 5 }, 
        {"sofa" : 12,  "begin" : 5,  "end" : 6 }, 
        {"sofa" : 12,  "begin" : 6,  "end" : 11 }, 
        {"sofa" : 12,  "begin" : 12,  "end" : 15 }, 
        {"sofa" : 12,  "begin" : 16,  "end" : 24 }, 
        {"sofa" : 12,  "begin" : 25,  "end" : 29 }, 
        {"sofa" : 12,  "begin" : 30,  "end" : 37 }, 
        {"sofa" : 12,  "begin" : 38,  "end" : 44 }, 
        {"sofa" : 12,  "begin" : 45,  "end" : 51 }, 
        {"sofa" : 12,  "begin" : 52,  "end" : 54 }, 
        {"sofa" : 12,  "begin" : 55,  "end" : 63 }, 
        {"sofa" : 12,  "begin" : 64,  "end" : 68 }, 
        {"sofa" : 12,  "begin" : 71,  "end" : 77 }, 
        {"sofa" : 12,  "begin" : 77,  "end" : 78 }, 
        {"sofa" : 12,  "begin" : 79,  "end" : 84 }, 
        {"sofa" : 12,  "begin" : 84,  "end" : 85 }, 
        {"sofa" : 12,  "begin" : 85,  "end" : 86 }, 
        {"sofa" : 12,  "begin" : 86,  "end" : 87 }, 
        {"sofa" : 12,  "begin" : 87,  "end" : 103 }, 
        {"sofa" : 12,  "begin" : 103,  "end" : 104 }, 
        {"sofa" : 12,  "begin" : 104,  "end" : 154 }, 
        {"sofa" : 12,  "begin" : 154,  "end" : 155 }, 
        {"sofa" : 12,  "begin" : 158,  "end" : 162 }, 
        {"sofa" : 12,  "begin" : 163,  "end" : 171 }, 
        {"sofa" : 12,  "begin" : 171,  "end" : 172 }, 
        {"sofa" : 12,  "begin" : 173,  "end" : 178 }, 
        {"sofa" : 12,  "begin" : 178,  "end" : 179 }, 
        {"sofa" : 12,  "begin" : 179,  "end" : 180 }, 
        {"sofa" : 12,  "begin" : 180,  "end" : 181 }, 
        {"sofa" : 12,  "begin" : 181,  "end" : 203 }, 
        {"sofa" : 12,  "begin" : 203,  "end" : 204 }, 
        {"sofa" : 12,  "begin" : 204,  "end" : 243 }, 
        {"sofa" : 12,  "begin" : 243,  "end" : 244 }, 
        {"sofa" : 12,  "begin" : 244,  "end" : 248 }, 
        {"sofa" : 12,  "begin" : 248,  "end" : 249 }, 
        {"sofa" : 12,  "begin" : 252,  "end" : 258 }, 
        {"sofa" : 12,  "begin" : 259,  "end" : 266 }, 
        {"sofa" : 12,  "begin" : 266,  "end" : 267 }, 
        {"sofa" : 12,  "begin" : 269,  "end" : 272 }, 
        {"sofa" : 12,  "begin" : 273,  "end" : 276 }, 
        {"sofa" : 12,  "begin" : 277,  "end" : 283 }, 
        {"sofa" : 12,  "begin" : 284,  "end" : 292 }, 
        {"sofa" : 12,  "begin" : 293,  "end" : 297 }, 
        {"sofa" : 12,  "begin" : 298,  "end" : 306 }, 
        {"sofa" : 12,  "begin" : 307,  "end" : 310 }, 
        {"sofa" : 12,  "begin" : 311,  "end" : 318 }, 
        {"sofa" : 12,  "begin" : 319,  "end" : 325 }, 
        {"sofa" : 12,  "begin" : 325,  "end" : 326 }, 
        {"sofa" : 12,  "begin" : 328,  "end" : 331 }, 
        {"sofa" : 12,  "begin" : 332,  "end" : 333 }, 
        {"sofa" : 12,  "begin" : 334,  "end" : 341 }, 
        {"sofa" : 12,  "begin" : 342,  "end" : 354 }, 
        {"sofa" : 12,  "begin" : 355,  "end" : 361 }, 
        {"sofa" : 12,  "begin" : 362,  "end" : 364 }, 
        {"sofa" : 12,  "begin" : 365,  "end" : 368 }, 
        {"sofa" : 12,  "begin" : 369,  "end" : 376 }, 
        {"sofa" : 12,  "begin" : 377,  "end" : 383 }, 
        {"sofa" : 12,  "begin" : 384,  "end" : 388 }, 
        {"sofa" : 12,  "begin" : 389,  "end" : 394 }, 
        {"sofa" : 12,  "begin" : 395,  "end" : 406 }, 
        {"sofa" : 12,  "begin" : 407,  "end" : 410 }, 
        {"sofa" : 12,  "begin" : 411,  "end" : 416 }, 
        {"sofa" : 12,  "begin" : 417,  "end" : 423 }, 
        {"sofa" : 12,  "begin" : 424,  "end" : 426 }, 
        {"sofa" : 12,  "begin" : 427,  "end" : 430 }, 
        {"sofa" : 12,  "begin" : 431,  "end" : 433 }, 
        {"sofa" : 12,  "begin" : 434,  "end" : 438 }, 
        {"sofa" : 12,  "begin" : 439,  "end" : 446 }, 
        {"sofa" : 12,  "begin" : 447,  "end" : 456 }, 
        {"sofa" : 12,  "begin" : 456,  "end" : 457 }, 
        {"sofa" : 12,  "begin" : 459,  "end" : 468 }, 
        {"sofa" : 12,  "begin" : 469,  "end" : 471 }, 
        {"sofa" : 12,  "begin" : 472,  "end" : 475 }, 
        {"sofa" : 12,  "begin" : 476,  "end" : 481 }, 
        {"sofa" : 12,  "begin" : 482,  "end" : 488 }, 
        {"sofa" : 12,  "begin" : 489,  "end" : 498 }, 
        {"sofa" : 12,  "begin" : 499,  "end" : 504 }, 
        {"sofa" : 12,  "begin" : 505,  "end" : 513 }, 
        {"sofa" : 12,  "begin" : 514,  "end" : 522 }, 
        {"sofa" : 12,  "begin" : 522,  "end" : 523 }, 
        {"sofa" : 12,  "begin" : 524,  "end" : 525 }, 
        {"sofa" : 12,  "begin" : 526,  "end" : 533 }, 
        {"sofa" : 12,  "begin" : 534,  "end" : 546 }, 
        {"sofa" : 12,  "begin" : 547,  "end" : 553 }, 
        {"sofa" : 12,  "begin" : 554,  "end" : 556 }, 
        {"sofa" : 12,  "begin" : 557,  "end" : 560 }, 
        {"sofa" : 12,  "begin" : 561,  "end" : 568 }, 
        {"sofa" : 12,  "begin" : 569,  "end" : 575 }, 
        {"sofa" : 12,  "begin" : 576,  "end" : 580 }, 
        {"sofa" : 12,  "begin" : 581,  "end" : 586 }, 
        {"sofa" : 12,  "begin" : 587,  "end" : 598 }, 
        {"sofa" : 12,  "begin" : 599,  "end" : 602 }, 
        {"sofa" : 12,  "begin" : 603,  "end" : 608 }, 
        {"sofa" : 12,  "begin" : 609,  "end" : 615 }, 
        {"sofa" : 12,  "begin" : 616,  "end" : 618 }, 
        {"sofa" : 12,  "begin" : 619,  "end" : 622 }, 
        {"sofa" : 12,  "begin" : 623,  "end" : 625 }, 
        {"sofa" : 12,  "begin" : 626,  "end" : 630 }, 
        {"sofa" : 12,  "begin" : 631,  "end" : 638 }, 
        {"sofa" : 12,  "begin" : 639,  "end" : 648 }, 
        {"sofa" : 12,  "begin" : 648,  "end" : 649 }, 
        {"sofa" : 12,  "begin" : 651,  "end" : 656 }, 
        {"sofa" : 12,  "begin" : 657,  "end" : 664 }, 
        {"sofa" : 12,  "begin" : 665,  "end" : 671 }, 
        {"sofa" : 12,  "begin" : 672,  "end" : 680 }, 
        {"sofa" : 12,  "begin" : 681,  "end" : 687 }, 
        {"sofa" : 12,  "begin" : 688,  "end" : 701 }, 
        {"sofa" : 12,  "begin" : 702,  "end" : 705 }, 
        {"sofa" : 12,  "begin" : 706,  "end" : 708 }, 
        {"sofa" : 12,  "begin" : 709,  "end" : 717 }, 
        {"sofa" : 12,  "begin" : 718,  "end" : 725 }, 
        {"sofa" : 12,  "begin" : 726,  "end" : 733 }, 
        {"sofa" : 12,  "begin" : 734,  "end" : 744 }, 
        {"sofa" : 12,  "begin" : 745,  "end" : 761 }, 
        {"sofa" : 12,  "begin" : 762,  "end" : 769 }, 
        {"sofa" : 12,  "begin" : 769,  "end" : 770 }, 
        {"sofa" : 12,  "begin" : 771,  "end" : 775 }, 
        {"sofa" : 12,  "begin" : 775,  "end" : 776 }, 
        {"sofa" : 12,  "begin" : 777,  "end" : 789 }, 
        {"sofa" : 12,  "begin" : 790,  "end" : 798 }, 
        {"sofa" : 12,  "begin" : 798,  "end" : 799 }, 
        {"sofa" : 12,  "begin" : 800,  "end" : 810 }, 
        {"sofa" : 12,  "begin" : 810,  "end" : 811 }, 
        {"sofa" : 12,  "begin" : 812,  "end" : 818 }, 
        {"sofa" : 12,  "begin" : 818,  "end" : 819 }, 
        {"sofa" : 12,  "begin" : 820,  "end" : 830 }, 
        {"sofa" : 12,  "begin" : 830,  "end" : 831 }, 
        {"sofa" : 12,  "begin" : 831,  "end" : 836 }, 
        {"sofa" : 12,  "begin" : 837,  "end" : 840 }, 
        {"sofa" : 12,  "begin" : 841,  "end" : 851 }, 
        {"sofa" : 12,  "begin" : 851,  "end" : 852 }, 
        {"sofa" : 12,  "begin" : 853,  "end" : 867 }, 
        {"sofa" : 12,  "begin" : 867,  "end" : 868 }, 
        {"sofa" : 12,  "begin" : 869,  "end" : 878 }, 
        {"sofa" : 12,  "begin" : 878,  "end" : 879 }, 
        {"sofa" : 12,  "begin" : 880,  "end" : 890 }, 
        {"sofa" : 12,  "begin" : 890,  "end" : 891 }, 
        {"sofa" : 12,  "begin" : 892,  "end" : 902 }, 
        {"sofa" : 12,  "begin" : 903,  "end" : 906 }, 
        {"sofa" : 12,  "begin" : 907,  "end" : 912 }, 
        {"sofa" : 12,  "begin" : 912,  "end" : 913 }, 
        {"sofa" : 12,  "begin" : 914,  "end" : 920 }, 
        {"sofa" : 12,  "begin" : 921,  "end" : 925 }, 
        {"sofa" : 12,  "begin" : 926,  "end" : 934 }, 
        {"sofa" : 12,  "begin" : 935,  "end" : 937 }, 
        {"sofa" : 12,  "begin" : 938,  "end" : 942 }, 
        {"sofa" : 12,  "begin" : 943,  "end" : 947 }, 
        {"sofa" : 12,  "begin" : 948,  "end" : 955 }, 
        {"sofa" : 12,  "begin" : 956,  "end" : 958 }, 
        {"sofa" : 12,  "begin" : 959,  "end" : 962 }, 
        {"sofa" : 12,  "begin" : 963,  "end" : 974 }, 
        {"sofa" : 12,  "begin" : 975,  "end" : 977 }, 
        {"sofa" : 12,  "begin" : 978,  "end" : 987 }, 
        {"sofa" : 12,  "begin" : 988,  "end" : 990 }, 
        {"sofa" : 12,  "begin" : 991,  "end" : 1000 }, 
        {"sofa" : 12,  "begin" : 1000,  "end" : 1001 }, 
        {"sofa" : 12,  "begin" : 1002,  "end" : 1009 }, 
        {"sofa" : 12,  "begin" : 1010,  "end" : 1015 }, 
        {"sofa" : 12,  "begin" : 1016,  "end" : 1022 }, 
        {"sofa" : 12,  "begin" : 1023,  "end" : 1026 }, 
        {"sofa" : 12,  "begin" : 1027,  "end" : 1035 }, 
        {"sofa" : 12,  "begin" : 1036,  "end" : 1047 }, 
        {"sofa" : 12,  "begin" : 1048,  "end" : 1052 }, 
        {"sofa" : 12,  "begin" : 1053,  "end" : 1054 }, 
        {"sofa" : 12,  "begin" : 1055,  "end" : 1065 }, 
        {"sofa" : 12,  "begin" : 1066,  "end" : 1068 }, 
        {"sofa" : 12,  "begin" : 1069,  "end" : 1078 }, 
        {"sofa" : 12,  "begin" : 1079,  "end" : 1083 }, 
        {"sofa" : 12,  "begin" : 1083,  "end" : 1084 }, 
        {"sofa" : 12,  "begin" : 1085,  "end" : 1087 }, 
        {"sofa" : 12,  "begin" : 1088,  "end" : 1090 }, 
        {"sofa" : 12,  "begin" : 1091,  "end" : 1094 }, 
        {"sofa" : 12,  "begin" : 1095,  "end" : 1101 }, 
        {"sofa" : 12,  "begin" : 1102,  "end" : 1110 }, 
        {"sofa" : 12,  "begin" : 1111,  "end" : 1113 }, 
        {"sofa" : 12,  "begin" : 1114,  "end" : 1122 }, 
        {"sofa" : 12,  "begin" : 1123,  "end" : 1131 }, 
        {"sofa" : 12,  "begin" : 1132,  "end" : 1137 }, 
        {"sofa" : 12,  "begin" : 1138,  "end" : 1149 }, 
        {"sofa" : 12,  "begin" : 1150,  "end" : 1152 }, 
        {"sofa" : 12,  "begin" : 1153,  "end" : 1155 }, 
        {"sofa" : 12,  "begin" : 1156,  "end" : 1165 }, 
        {"sofa" : 12,  "begin" : 1166,  "end" : 1167 }, 
        {"sofa" : 12,  "begin" : 1168,  "end" : 1174 }, 
        {"sofa" : 12,  "begin" : 1175,  "end" : 1187 }, 
        {"sofa" : 12,  "begin" : 1188,  "end" : 1190 }, 
        {"sofa" : 12,  "begin" : 1191,  "end" : 1201 }, 
        {"sofa" : 12,  "begin" : 1202,  "end" : 1204 }, 
        {"sofa" : 12,  "begin" : 1205,  "end" : 1213 }, 
        {"sofa" : 12,  "begin" : 1214,  "end" : 1221 }, 
        {"sofa" : 12,  "begin" : 1221,  "end" : 1222 }, 
        {"sofa" : 12,  "begin" : 1224,  "end" : 1225 }, 
        {"sofa" : 12,  "begin" : 1225,  "end" : 1230 }, 
        {"sofa" : 12,  "begin" : 1230,  "end" : 1231 }, 
        {"sofa" : 12,  "begin" : 1234,  "end" : 1239 }, 
        {"sofa" : 12,  "begin" : 1240,  "end" : 1247 }, 
        {"sofa" : 12,  "begin" : 1247,  "end" : 1248 }, 
        {"sofa" : 12,  "begin" : 1249,  "end" : 1250 }, 
        {"sofa" : 12,  "begin" : 1250,  "end" : 1253 }, 
        {"sofa" : 12,  "begin" : 1254,  "end" : 1259 }, 
        {"sofa" : 12,  "begin" : 1260,  "end" : 1266 }, 
        {"sofa" : 12,  "begin" : 1267,  "end" : 1276 }, 
        {"sofa" : 12,  "begin" : 1277,  "end" : 1282 }, 
        {"sofa" : 12,  "begin" : 1283,  "end" : 1291 }, 
        {"sofa" : 12,  "begin" : 1292,  "end" : 1300 }, 
        {"sofa" : 12,  "begin" : 1301,  "end" : 1307 }, 
        {"sofa" : 12,  "begin" : 1308,  "end" : 1310 }, 
        {"sofa" : 12,  "begin" : 1311,  "end" : 1314 }, 
        {"sofa" : 12,  "begin" : 1315,  "end" : 1322 }, 
        {"sofa" : 12,  "begin" : 1323,  "end" : 1329 }, 
        {"sofa" : 12,  "begin" : 1330,  "end" : 1334 }, 
        {"sofa" : 12,  "begin" : 1335,  "end" : 1340 }, 
        {"sofa" : 12,  "begin" : 1341,  "end" : 1352 }, 
        {"sofa" : 12,  "begin" : 1353,  "end" : 1356 }, 
        {"sofa" : 12,  "begin" : 1357,  "end" : 1362 }, 
        {"sofa" : 12,  "begin" : 1363,  "end" : 1369 }, 
        {"sofa" : 12,  "begin" : 1370,  "end" : 1372 }, 
        {"sofa" : 12,  "begin" : 1373,  "end" : 1376 }, 
        {"sofa" : 12,  "begin" : 1377,  "end" : 1379 }, 
        {"sofa" : 12,  "begin" : 1380,  "end" : 1384 }, 
        {"sofa" : 12,  "begin" : 1385,  "end" : 1392 }, 
        {"sofa" : 12,  "begin" : 1393,  "end" : 1402 }, 
        {"sofa" : 12,  "begin" : 1402,  "end" : 1403 }, 
        {"sofa" : 12,  "begin" : 1403,  "end" : 1404 }, 
        {"sofa" : 12,  "begin" : 1406,  "end" : 1415 }, 
        {"sofa" : 12,  "begin" : 1416,  "end" : 1425 }, 
        {"sofa" : 12,  "begin" : 1426,  "end" : 1433 }, 
        {"sofa" : 12,  "begin" : 1434,  "end" : 1446 }, 
        {"sofa" : 12,  "begin" : 1447,  "end" : 1448 }, 
        {"sofa" : 12,  "begin" : 1448,  "end" : 1451 }, 
        {"sofa" : 12,  "begin" : 1452,  "end" : 1459 }, 
        {"sofa" : 12,  "begin" : 1460,  "end" : 1473 }, 
        {"sofa" : 12,  "begin" : 1474,  "end" : 1477 }, 
        {"sofa" : 12,  "begin" : 1477,  "end" : 1478 }, 
        {"sofa" : 12,  "begin" : 1479,  "end" : 1482 }, 
        {"sofa" : 12,  "begin" : 1483,  "end" : 1491 }, 
        {"sofa" : 12,  "begin" : 1492,  "end" : 1494 }, 
        {"sofa" : 12,  "begin" : 1495,  "end" : 1498 }, 
        {"sofa" : 12,  "begin" : 1499,  "end" : 1507 }, 
        {"sofa" : 12,  "begin" : 1508,  "end" : 1518 }, 
        {"sofa" : 12,  "begin" : 1519,  "end" : 1522 }, 
        {"sofa" : 12,  "begin" : 1523,  "end" : 1532 }, 
        {"sofa" : 12,  "begin" : 1533,  "end" : 1541 }, 
        {"sofa" : 12,  "begin" : 1542,  "end" : 1544 }, 
        {"sofa" : 12,  "begin" : 1545,  "end" : 1550 }, 
        {"sofa" : 12,  "begin" : 1551,  "end" : 1561 }, 
        {"sofa" : 12,  "begin" : 1562,  "end" : 1563 }, 
        {"sofa" : 12,  "begin" : 1563,  "end" : 1568 }, 
        {"sofa" : 12,  "begin" : 1568,  "end" : 1569 }, 
        {"sofa" : 12,  "begin" : 1569,  "end" : 1570 }, 
        {"sofa" : 12,  "begin" : 1571,  "end" : 1576 }, 
        {"sofa" : 12,  "begin" : 1576,  "end" : 1577 }, 
        {"sofa" : 12,  "begin" : 1578,  "end" : 1583 }, 
        {"sofa" : 12,  "begin" : 1583,  "end" : 1584 }, 
        {"sofa" : 12,  "begin" : 1585,  "end" : 1590 }, 
        {"sofa" : 12,  "begin" : 1591,  "end" : 1597 }, 
        {"sofa" : 12,  "begin" : 1598,  "end" : 1604 }, 
        {"sofa" : 12,  "begin" : 1605,  "end" : 1606 }, 
        {"sofa" : 12,  "begin" : 1606,  "end" : 1608 }, 
        {"sofa" : 12,  "begin" : 1608,  "end" : 1609 }, 
        {"sofa" : 12,  "begin" : 1610,  "end" : 1617 }, 
        {"sofa" : 12,  "begin" : 1617,  "end" : 1618 }, 
        {"sofa" : 12,  "begin" : 1619,  "end" : 1622 }, 
        {"sofa" : 12,  "begin" : 1623,  "end" : 1626 }, 
        {"sofa" : 12,  "begin" : 1627,  "end" : 1635 }, 
        {"sofa" : 12,  "begin" : 1636,  "end" : 1640 }, 
        {"sofa" : 12,  "begin" : 1641,  "end" : 1651 }, 
        {"sofa" : 12,  "begin" : 1652,  "end" : 1655 }, 
        {"sofa" : 12,  "begin" : 1656,  "end" : 1663 }, 
        {"sofa" : 12,  "begin" : 1664,  "end" : 1671 }, 
        {"sofa" : 12,  "begin" : 1672,  "end" : 1684 }, 
        {"sofa" : 12,  "begin" : 1685,  "end" : 1687 }, 
        {"sofa" : 12,  "begin" : 1688,  "end" : 1694 }, 
        {"sofa" : 12,  "begin" : 1695,  "end" : 1702 }, 
        {"sofa" : 12,  "begin" : 1703,  "end" : 1706 }, 
        {"sofa" : 12,  "begin" : 1706,  "end" : 1707 }, 
        {"sofa" : 12,  "begin" : 1708,  "end" : 1716 }, 
        {"sofa" : 12,  "begin" : 1717,  "end" : 1724 }, 
        {"sofa" : 12,  "begin" : 1725,  "end" : 1727 }, 
        {"sofa" : 12,  "begin" : 1728,  "end" : 1734 }, 
        {"sofa" : 12,  "begin" : 1734,  "end" : 1735 }, 
        {"sofa" : 12,  "begin" : 1736,  "end" : 1743 }, 
        {"sofa" : 12,  "begin" : 1743,  "end" : 1744 }, 
        {"sofa" : 12,  "begin" : 1745,  "end" : 1753 }, 
        {"sofa" : 12,  "begin" : 1753,  "end" : 1754 }, 
        {"sofa" : 12,  "begin" : 1755,  "end" : 1758 }, 
        {"sofa" : 12,  "begin" : 1759,  "end" : 1767 }, 
        {"sofa" : 12,  "begin" : 1768,  "end" : 1770 }, 
        {"sofa" : 12,  "begin" : 1771,  "end" : 1777 }, 
        {"sofa" : 12,  "begin" : 1778,  "end" : 1785 }, 
        {"sofa" : 12,  "begin" : 1786,  "end" : 1789 }, 
        {"sofa" : 12,  "begin" : 1789,  "end" : 1790 }, 
        {"sofa" : 12,  "begin" : 1792,  "end" : 1798 }, 
        {"sofa" : 12,  "begin" : 1799,  "end" : 1801 }, 
        {"sofa" : 12,  "begin" : 1802,  "end" : 1810 }, 
        {"sofa" : 12,  "begin" : 1810,  "end" : 1811 }, 
        {"sofa" : 12,  "begin" : 1813,  "end" : 1822 }, 
        {"sofa" : 12,  "begin" : 1823,  "end" : 1825 }, 
        {"sofa" : 12,  "begin" : 1826,  "end" : 1829 }, 
        {"sofa" : 12,  "begin" : 1830,  "end" : 1840 }, 
        {"sofa" : 12,  "begin" : 1841,  "end" : 1848 }, 
        {"sofa" : 12,  "begin" : 1849,  "end" : 1855 }, 
        {"sofa" : 12,  "begin" : 1855,  "end" : 1856 }, 
        {"sofa" : 12,  "begin" : 1857,  "end" : 1861 }, 
        {"sofa" : 12,  "begin" : 1862,  "end" : 1873 }, 
        {"sofa" : 12,  "begin" : 1874,  "end" : 1881 }, 
        {"sofa" : 12,  "begin" : 1881,  "end" : 1882 }, 
        {"sofa" : 12,  "begin" : 1883,  "end" : 1889 }, 
        {"sofa" : 12,  "begin" : 1890,  "end" : 1897 }, 
        {"sofa" : 12,  "begin" : 1897,  "end" : 1898 }, 
        {"sofa" : 12,  "begin" : 1899,  "end" : 1911 }, 
        {"sofa" : 12,  "begin" : 1912,  "end" : 1916 }, 
        {"sofa" : 12,  "begin" : 1917,  "end" : 1919 }, 
        {"sofa" : 12,  "begin" : 1920,  "end" : 1930 }, 
        {"sofa" : 12,  "begin" : 1931,  "end" : 1945 }, 
        {"sofa" : 12,  "begin" : 1946,  "end" : 1947 }, 
        {"sofa" : 12,  "begin" : 1948,  "end" : 1954 }, 
        {"sofa" : 12,  "begin" : 1955,  "end" : 1957 }, 
        {"sofa" : 12,  "begin" : 1958,  "end" : 1963 }, 
        {"sofa" : 12,  "begin" : 1963,  "end" : 1964 }, 
        {"sofa" : 12,  "begin" : 1965,  "end" : 1973 }, 
        {"sofa" : 12,  "begin" : 1974,  "end" : 1981 }, 
        {"sofa" : 12,  "begin" : 1981,  "end" : 1982 }, 
        {"sofa" : 12,  "begin" : 1983,  "end" : 1991 }, 
        {"sofa" : 12,  "begin" : 1992,  "end" : 2001 }, 
        {"sofa" : 12,  "begin" : 2002,  "end" : 2009 }, 
        {"sofa" : 12,  "begin" : 2010,  "end" : 2013 }, 
        {"sofa" : 12,  "begin" : 2014,  "end" : 2017 }, 
        {"sofa" : 12,  "begin" : 2018,  "end" : 2024 }, 
        {"sofa" : 12,  "begin" : 2025,  "end" : 2032 }, 
        {"sofa" : 12,  "begin" : 2032,  "end" : 2033 }, 
        {"sofa" : 12,  "begin" : 2034,  "end" : 2042 }, 
        {"sofa" : 12,  "begin" : 2043,  "end" : 2050 }, 
        {"sofa" : 12,  "begin" : 2051,  "end" : 2054 }, 
        {"sofa" : 12,  "begin" : 2055,  "end" : 2061 }, 
        {"sofa" : 12,  "begin" : 2062,  "end" : 2064 }, 
        {"sofa" : 12,  "begin" : 2065,  "end" : 2068 }, 
        {"sofa" : 12,  "begin" : 2068,  "end" : 2069 }, 
        {"sofa" : 12,  "begin" : 2070,  "end" : 2073 }, 
        {"sofa" : 12,  "begin" : 2074,  "end" : 2079 }, 
        {"sofa" : 12,  "begin" : 2080,  "end" : 2082 }, 
        {"sofa" : 12,  "begin" : 2083,  "end" : 2098 }, 
        {"sofa" : 12,  "begin" : 2099,  "end" : 2105 }, 
        {"sofa" : 12,  "begin" : 2105,  "end" : 2106 }, 
        {"sofa" : 12,  "begin" : 2108,  "end" : 2112 }, 
        {"sofa" : 12,  "begin" : 2113,  "end" : 2115 }, 
        {"sofa" : 12,  "begin" : 2116,  "end" : 2119 }, 
        {"sofa" : 12,  "begin" : 2120,  "end" : 2127 }, 
        {"sofa" : 12,  "begin" : 2128,  "end" : 2130 }, 
        {"sofa" : 12,  "begin" : 2131,  "end" : 2136 }, 
        {"sofa" : 12,  "begin" : 2137,  "end" : 2140 }, 
        {"sofa" : 12,  "begin" : 2141,  "end" : 2147 }, 
        {"sofa" : 12,  "begin" : 2148,  "end" : 2155 }, 
        {"sofa" : 12,  "begin" : 2155,  "end" : 2156 }, 
        {"sofa" : 12,  "begin" : 2158,  "end" : 2165 }, 
        {"sofa" : 12,  "begin" : 2166,  "end" : 2169 }, 
        {"sofa" : 12,  "begin" : 2170,  "end" : 2176 }, 
        {"sofa" : 12,  "begin" : 2177,  "end" : 2183 }, 
        {"sofa" : 12,  "begin" : 2184,  "end" : 2192 }, 
        {"sofa" : 12,  "begin" : 2192,  "end" : 2193 }, 
        {"sofa" : 12,  "begin" : 2195,  "end" : 2202 }, 
        {"sofa" : 12,  "begin" : 2202,  "end" : 2203 }, 
        {"sofa" : 12,  "begin" : 2204,  "end" : 2210 }, 
        {"sofa" : 12,  "begin" : 2211,  "end" : 2219 }, 
        {"sofa" : 12,  "begin" : 2219,  "end" : 2220 }, 
        {"sofa" : 12,  "begin" : 2221,  "end" : 2227 }, 
        {"sofa" : 12,  "begin" : 2228,  "end" : 2237 }, 
        {"sofa" : 12,  "begin" : 2238,  "end" : 2245 }, 
        {"sofa" : 12,  "begin" : 2245,  "end" : 2246 }, 
        {"sofa" : 12,  "begin" : 2247,  "end" : 2260 }, 
        {"sofa" : 12,  "begin" : 2260,  "end" : 2261 }, 
        {"sofa" : 12,  "begin" : 2262,  "end" : 2271 }, 
        {"sofa" : 12,  "begin" : 2271,  "end" : 2272 }, 
        {"sofa" : 12,  "begin" : 2273,  "end" : 2282 }, 
        {"sofa" : 12,  "begin" : 2283,  "end" : 2290 }, 
        {"sofa" : 12,  "begin" : 2291,  "end" : 2298 }, 
        {"sofa" : 12,  "begin" : 2298,  "end" : 2299 }, 
        {"sofa" : 12,  "begin" : 2300,  "end" : 2307 }, 
        {"sofa" : 12,  "begin" : 2308,  "end" : 2315 }, 
        {"sofa" : 12,  "begin" : 2316,  "end" : 2328 }, 
        {"sofa" : 12,  "begin" : 2328,  "end" : 2329 }, 
        {"sofa" : 12,  "begin" : 2330,  "end" : 2338 }, 
        {"sofa" : 12,  "begin" : 2339,  "end" : 2352 }, 
        {"sofa" : 12,  "begin" : 2352,  "end" : 2353 }, 
        {"sofa" : 12,  "begin" : 2354,  "end" : 2362 }, 
        {"sofa" : 12,  "begin" : 2363,  "end" : 2376 }, 
        {"sofa" : 12,  "begin" : 2376,  "end" : 2377 }, 
        {"sofa" : 12,  "begin" : 2378,  "end" : 2384 }, 
        {"sofa" : 12,  "begin" : 2385,  "end" : 2398 }, 
        {"sofa" : 12,  "begin" : 2398,  "end" : 2399 }, 
        {"sofa" : 12,  "begin" : 2400,  "end" : 2415 }, 
        {"sofa" : 12,  "begin" : 2416,  "end" : 2418 }, 
        {"sofa" : 12,  "begin" : 2419,  "end" : 2426 }, 
        {"sofa" : 12,  "begin" : 2426,  "end" : 2427 }, 
        {"sofa" : 12,  "begin" : 2428,  "end" : 2436 }, 
        {"sofa" : 12,  "begin" : 2437,  "end" : 2439 }, 
        {"sofa" : 12,  "begin" : 2440,  "end" : 2447 }, 
        {"sofa" : 12,  "begin" : 2447,  "end" : 2448 }, 
        {"sofa" : 12,  "begin" : 2449,  "end" : 2473 }, 
        {"sofa" : 12,  "begin" : 2474,  "end" : 2476 }, 
        {"sofa" : 12,  "begin" : 2477,  "end" : 2484 }, 
        {"sofa" : 12,  "begin" : 2484,  "end" : 2485 }, 
        {"sofa" : 12,  "begin" : 2486,  "end" : 2496 }, 
        {"sofa" : 12,  "begin" : 2497,  "end" : 2499 }, 
        {"sofa" : 12,  "begin" : 2500,  "end" : 2507 }, 
        {"sofa" : 12,  "begin" : 2507,  "end" : 2508 }, 
        {"sofa" : 12,  "begin" : 2509,  "end" : 2515 }, 
        {"sofa" : 12,  "begin" : 2516,  "end" : 2518 }, 
        {"sofa" : 12,  "begin" : 2519,  "end" : 2526 }, 
        {"sofa" : 12,  "begin" : 2526,  "end" : 2527 }, 
        {"sofa" : 12,  "begin" : 2528,  "end" : 2534 }, 
        {"sofa" : 12,  "begin" : 2535,  "end" : 2544 }, 
        {"sofa" : 12,  "begin" : 2544,  "end" : 2545 }, 
        {"sofa" : 12,  "begin" : 2546,  "end" : 2550 }, 
        {"sofa" : 12,  "begin" : 2551,  "end" : 2556 }, 
        {"sofa" : 12,  "begin" : 2557,  "end" : 2565 }, 
        {"sofa" : 12,  "begin" : 2566,  "end" : 2567 }, 
        {"sofa" : 12,  "begin" : 2567,  "end" : 2569 }, 
        {"sofa" : 12,  "begin" : 2569,  "end" : 2570 }, 
        {"sofa" : 12,  "begin" : 2571,  "end" : 2577 }, 
        {"sofa" : 12,  "begin" : 2578,  "end" : 2582 }, 
        {"sofa" : 12,  "begin" : 2583,  "end" : 2588 }, 
        {"sofa" : 12,  "begin" : 2589,  "end" : 2592 }, 
        {"sofa" : 12,  "begin" : 2593,  "end" : 2602 }, 
        {"sofa" : 12,  "begin" : 2603,  "end" : 2608 }, 
        {"sofa" : 12,  "begin" : 2608,  "end" : 2609 }, 
        {"sofa" : 12,  "begin" : 2609,  "end" : 2610 }, 
        {"sofa" : 12,  "begin" : 2611,  "end" : 2617 }, 
        {"sofa" : 12,  "begin" : 2618,  "end" : 2619 }, 
        {"sofa" : 12,  "begin" : 2619,  "end" : 2623 }, 
        {"sofa" : 12,  "begin" : 2624,  "end" : 2631 }, 
        {"sofa" : 12,  "begin" : 2631,  "end" : 2632 }, 
        {"sofa" : 12,  "begin" : 2633,  "end" : 2641 }, 
        {"sofa" : 12,  "begin" : 2641,  "end" : 2642 }, 
        {"sofa" : 12,  "begin" : 2643,  "end" : 2652 }, 
        {"sofa" : 12,  "begin" : 2653,  "end" : 2654 }, 
        {"sofa" : 12,  "begin" : 2655,  "end" : 2662 }, 
        {"sofa" : 12,  "begin" : 2663,  "end" : 2665 }, 
        {"sofa" : 12,  "begin" : 2666,  "end" : 2671 }, 
        {"sofa" : 12,  "begin" : 2671,  "end" : 2672 }, 
        {"sofa" : 12,  "begin" : 2673,  "end" : 2677 }, 
        {"sofa" : 12,  "begin" : 2677,  "end" : 2678 }, 
        {"sofa" : 12,  "begin" : 2679,  "end" : 2684 }, 
        {"sofa" : 12,  "begin" : 2685,  "end" : 2690 }, 
        {"sofa" : 12,  "begin" : 2690,  "end" : 2691 }, 
        {"sofa" : 12,  "begin" : 2692,  "end" : 2700 }, 
        {"sofa" : 12,  "begin" : 2700,  "end" : 2701 }, 
        {"sofa" : 12,  "begin" : 2702,  "end" : 2705 }, 
        {"sofa" : 12,  "begin" : 2706,  "end" : 2714 }, 
        {"sofa" : 12,  "begin" : 2714,  "end" : 2715 }, 
        {"sofa" : 12,  "begin" : 2717,  "end" : 2722 }, 
        {"sofa" : 12,  "begin" : 2723,  "end" : 2738 }, 
        {"sofa" : 12,  "begin" : 2739,  "end" : 2745 }, 
        {"sofa" : 12,  "begin" : 2746,  "end" : 2749 }, 
        {"sofa" : 12,  "begin" : 2750,  "end" : 2753 }, 
        {"sofa" : 12,  "begin" : 2754,  "end" : 2763 }, 
        {"sofa" : 12,  "begin" : 2764,  "end" : 2775 }, 
        {"sofa" : 12,  "begin" : 2775,  "end" : 2776 }, 
        {"sofa" : 12,  "begin" : 2778,  "end" : 2782 }, 
        {"sofa" : 12,  "begin" : 2783,  "end" : 2796 }, 
        {"sofa" : 12,  "begin" : 2796,  "end" : 2797 }, 
        {"sofa" : 12,  "begin" : 2798,  "end" : 2802 }, 
        {"sofa" : 12,  "begin" : 2803,  "end" : 2807 }, 
        {"sofa" : 12,  "begin" : 2807,  "end" : 2808 }, 
        {"sofa" : 12,  "begin" : 2809,  "end" : 2818 }, 
        {"sofa" : 12,  "begin" : 2819,  "end" : 2820 }, 
        {"sofa" : 12,  "begin" : 2820,  "end" : 2830 }, 
        {"sofa" : 12,  "begin" : 2831,  "end" : 2835 }, 
        {"sofa" : 12,  "begin" : 2835,  "end" : 2836 }, 
        {"sofa" : 12,  "begin" : 2837,  "end" : 2838 }, 
        {"sofa" : 12,  "begin" : 2838,  "end" : 2841 }, 
        {"sofa" : 12,  "begin" : 2841,  "end" : 2842 }, 
        {"sofa" : 12,  "begin" : 2842,  "end" : 2843 }, 
        {"sofa" : 12,  "begin" : 2844,  "end" : 2851 }, 
        {"sofa" : 12,  "begin" : 2851,  "end" : 2852 }, 
        {"sofa" : 12,  "begin" : 2853,  "end" : 2857 }, 
        {"sofa" : 12,  "begin" : 2857,  "end" : 2858 }, 
        {"sofa" : 12,  "begin" : 2859,  "end" : 2872 }, 
        {"sofa" : 12,  "begin" : 2873,  "end" : 2882 }, 
        {"sofa" : 12,  "begin" : 2882,  "end" : 2883 }, 
        {"sofa" : 12,  "begin" : 2884,  "end" : 2893 }, 
        {"sofa" : 12,  "begin" : 2894,  "end" : 2902 }, 
        {"sofa" : 12,  "begin" : 2902,  "end" : 2903 }, 
        {"sofa" : 12,  "begin" : 2904,  "end" : 2913 }, 
        {"sofa" : 12,  "begin" : 2914,  "end" : 2922 }, 
        {"sofa" : 12,  "begin" : 2922,  "end" : 2923 }, 
        {"sofa" : 12,  "begin" : 2924,  "end" : 2931 }, 
        {"sofa" : 12,  "begin" : 2932,  "end" : 2940 }, 
        {"sofa" : 12,  "begin" : 2940,  "end" : 2941 }, 
        {"sofa" : 12,  "begin" : 2942,  "end" : 2949 }, 
        {"sofa" : 12,  "begin" : 2950,  "end" : 2957 }, 
        {"sofa" : 12,  "begin" : 2957,  "end" : 2958 }, 
        {"sofa" : 12,  "begin" : 2959,  "end" : 2967 }, 
        {"sofa" : 12,  "begin" : 2968,  "end" : 2972 }, 
        {"sofa" : 12,  "begin" : 2972,  "end" : 2973 }, 
        {"sofa" : 12,  "begin" : 2974,  "end" : 2980 }, 
        {"sofa" : 12,  "begin" : 2980,  "end" : 2981 }, 
        {"sofa" : 12,  "begin" : 2982,  "end" : 2993 }, 
        {"sofa" : 12,  "begin" : 2993,  "end" : 2994 }, 
        {"sofa" : 12,  "begin" : 2996,  "end" : 2999 }, 
        {"sofa" : 12,  "begin" : 3000,  "end" : 3007 }, 
        {"sofa" : 12,  "begin" : 3008,  "end" : 3010 }, 
        {"sofa" : 12,  "begin" : 3011,  "end" : 3021 }, 
        {"sofa" : 12,  "begin" : 3022,  "end" : 3029 }, 
        {"sofa" : 12,  "begin" : 3030,  "end" : 3043 }, 
        {"sofa" : 12,  "begin" : 3043,  "end" : 3044 }, 
        {"sofa" : 12,  "begin" : 3045,  "end" : 3048 }, 
        {"sofa" : 12,  "begin" : 3049,  "end" : 3057 }, 
        {"sofa" : 12,  "begin" : 3058,  "end" : 3059 }, 
        {"sofa" : 12,  "begin" : 3060,  "end" : 3065 }, 
        {"sofa" : 12,  "begin" : 3066,  "end" : 3072 }, 
        {"sofa" : 12,  "begin" : 3073,  "end" : 3075 }, 
        {"sofa" : 12,  "begin" : 3076,  "end" : 3086 }, 
        {"sofa" : 12,  "begin" : 3087,  "end" : 3088 }, 
        {"sofa" : 12,  "begin" : 3088,  "end" : 3089 }, 
        {"sofa" : 12,  "begin" : 3089,  "end" : 3096 }, 
        {"sofa" : 12,  "begin" : 3097,  "end" : 3107 }, 
        {"sofa" : 12,  "begin" : 3107,  "end" : 3108 }, 
        {"sofa" : 12,  "begin" : 3108,  "end" : 3109 }, 
        {"sofa" : 12,  "begin" : 3110,  "end" : 3111 }, 
        {"sofa" : 12,  "begin" : 3111,  "end" : 3112 }, 
        {"sofa" : 12,  "begin" : 3112,  "end" : 3115 }, 
        {"sofa" : 12,  "begin" : 3116,  "end" : 3118 }, 
        {"sofa" : 12,  "begin" : 3119,  "end" : 3126 }, 
        {"sofa" : 12,  "begin" : 3126,  "end" : 3127 }, 
        {"sofa" : 12,  "begin" : 3127,  "end" : 3131 }, 
        {"sofa" : 12,  "begin" : 3131,  "end" : 3132 }, 
        {"sofa" : 12,  "begin" : 3132,  "end" : 3133 }, 
        {"sofa" : 12,  "begin" : 3134,  "end" : 3138 }, 
        {"sofa" : 12,  "begin" : 3139,  "end" : 3142 }, 
        {"sofa" : 12,  "begin" : 3143,  "end" : 3156 }, 
        {"sofa" : 12,  "begin" : 3157,  "end" : 3164 }, 
        {"sofa" : 12,  "begin" : 3164,  "end" : 3165 }, 
        {"sofa" : 12,  "begin" : 3166,  "end" : 3170 }, 
        {"sofa" : 12,  "begin" : 3171,  "end" : 3174 }, 
        {"sofa" : 12,  "begin" : 3175,  "end" : 3177 }, 
        {"sofa" : 12,  "begin" : 3178,  "end" : 3182 }, 
        {"sofa" : 12,  "begin" : 3183,  "end" : 3187 }, 
        {"sofa" : 12,  "begin" : 3188,  "end" : 3196 }, 
        {"sofa" : 12,  "begin" : 3196,  "end" : 3197 }, 
        {"sofa" : 12,  "begin" : 3198,  "end" : 3200 }, 
        {"sofa" : 12,  "begin" : 3201,  "end" : 3206 }, 
        {"sofa" : 12,  "begin" : 3206,  "end" : 3207 }, 
        {"sofa" : 12,  "begin" : 3208,  "end" : 3211 }, 
        {"sofa" : 12,  "begin" : 3212,  "end" : 3216 }, 
        {"sofa" : 12,  "begin" : 3217,  "end" : 3221 }, 
        {"sofa" : 12,  "begin" : 3222,  "end" : 3227 }, 
        {"sofa" : 12,  "begin" : 3228,  "end" : 3230 }, 
        {"sofa" : 12,  "begin" : 3231,  "end" : 3233 }, 
        {"sofa" : 12,  "begin" : 3234,  "end" : 3242 }, 
        {"sofa" : 12,  "begin" : 3243,  "end" : 3246 }, 
        {"sofa" : 12,  "begin" : 3247,  "end" : 3250 }, 
        {"sofa" : 12,  "begin" : 3251,  "end" : 3255 }, 
        {"sofa" : 12,  "begin" : 3256,  "end" : 3260 }, 
        {"sofa" : 12,  "begin" : 3261,  "end" : 3264 }, 
        {"sofa" : 12,  "begin" : 3265,  "end" : 3267 }, 
        {"sofa" : 12,  "begin" : 3267,  "end" : 3268 }, 
        {"sofa" : 12,  "begin" : 3268,  "end" : 3273 }, 
        {"sofa" : 12,  "begin" : 3273,  "end" : 3274 }, 
        {"sofa" : 12,  "begin" : 3275,  "end" : 3277 }, 
        {"sofa" : 12,  "begin" : 3278,  "end" : 3286 }, 
        {"sofa" : 12,  "begin" : 3287,  "end" : 3299 }, 
        {"sofa" : 12,  "begin" : 3299,  "end" : 3300 }, 
        {"sofa" : 12,  "begin" : 3301,  "end" : 3304 }, 
        {"sofa" : 12,  "begin" : 3305,  "end" : 3312 }, 
        {"sofa" : 12,  "begin" : 3313,  "end" : 3321 }, 
        {"sofa" : 12,  "begin" : 3322,  "end" : 3329 }, 
        {"sofa" : 12,  "begin" : 3330,  "end" : 3333 }, 
        {"sofa" : 12,  "begin" : 3334,  "end" : 3345 }, 
        {"sofa" : 12,  "begin" : 3346,  "end" : 3348 }, 
        {"sofa" : 12,  "begin" : 3349,  "end" : 3350 }, 
        {"sofa" : 12,  "begin" : 3350,  "end" : 3355 }, 
        {"sofa" : 12,  "begin" : 3355,  "end" : 3356 }, 
        {"sofa" : 12,  "begin" : 3356,  "end" : 3358 }, 
        {"sofa" : 12,  "begin" : 3358,  "end" : 3359 }, 
        {"sofa" : 12,  "begin" : 3359,  "end" : 3360 }, 
        {"sofa" : 12,  "begin" : 3361,  "end" : 3366 }, 
        {"sofa" : 12,  "begin" : 3367,  "end" : 3370 }, 
        {"sofa" : 12,  "begin" : 3371,  "end" : 3375 }, 
        {"sofa" : 12,  "begin" : 3376,  "end" : 3378 }, 
        {"sofa" : 12,  "begin" : 3379,  "end" : 3382 }, 
        {"sofa" : 12,  "begin" : 3383,  "end" : 3393 }, 
        {"sofa" : 12,  "begin" : 3394,  "end" : 3396 }, 
        {"sofa" : 12,  "begin" : 3397,  "end" : 3400 }, 
        {"sofa" : 12,  "begin" : 3401,  "end" : 3410 }, 
        {"sofa" : 12,  "begin" : 3411,  "end" : 3422 }, 
        {"sofa" : 12,  "begin" : 3422,  "end" : 3423 }, 
        {"sofa" : 12,  "begin" : 3425,  "end" : 3426 }, 
        {"sofa" : 12,  "begin" : 3426,  "end" : 3434 }, 
        {"sofa" : 12,  "begin" : 3435,  "end" : 3440 }, 
        {"sofa" : 12,  "begin" : 3440,  "end" : 3441 }, 
        {"sofa" : 12,  "begin" : 3442,  "end" : 3453 }, 
        {"sofa" : 12,  "begin" : 3454,  "end" : 3457 }, 
        {"sofa" : 12,  "begin" : 3458,  "end" : 3465 }, 
        {"sofa" : 12,  "begin" : 3466,  "end" : 3475 }, 
        {"sofa" : 12,  "begin" : 3476,  "end" : 3483 }, 
        {"sofa" : 12,  "begin" : 3483,  "end" : 3484 }, 
        {"sofa" : 12,  "begin" : 3485,  "end" : 3491 }, 
        {"sofa" : 12,  "begin" : 3491,  "end" : 3492 }, 
        {"sofa" : 12,  "begin" : 3493,  "end" : 3495 }, 
        {"sofa" : 12,  "begin" : 3496,  "end" : 3501 }, 
        {"sofa" : 12,  "begin" : 3502,  "end" : 3506 }, 
        {"sofa" : 12,  "begin" : 3507,  "end" : 3515 }, 
        {"sofa" : 12,  "begin" : 3516,  "end" : 3519 }, 
        {"sofa" : 12,  "begin" : 3520,  "end" : 3528 }, 
        {"sofa" : 12,  "begin" : 3528,  "end" : 3529 }, 
        {"sofa" : 12,  "begin" : 3530,  "end" : 3536 }, 
        {"sofa" : 12,  "begin" : 3537,  "end" : 3548 }, 
        {"sofa" : 12,  "begin" : 3548,  "end" : 3549 }, 
        {"sofa" : 12,  "begin" : 3550,  "end" : 3566 }, 
        {"sofa" : 12,  "begin" : 3567,  "end" : 3574 }, 
        {"sofa" : 12,  "begin" : 3574,  "end" : 3575 }, 
        {"sofa" : 12,  "begin" : 3576,  "end" : 3584 }, 
        {"sofa" : 12,  "begin" : 3584,  "end" : 3585 }, 
        {"sofa" : 12,  "begin" : 3586,  "end" : 3598 }, 
        {"sofa" : 12,  "begin" : 3598,  "end" : 3599 }, 
        {"sofa" : 12,  "begin" : 3600,  "end" : 3607 }, 
        {"sofa" : 12,  "begin" : 3607,  "end" : 3608 }, 
        {"sofa" : 12,  "begin" : 3609,  "end" : 3612 }, 
        {"sofa" : 12,  "begin" : 3613,  "end" : 3624 }, 
        {"sofa" : 12,  "begin" : 3625,  "end" : 3627 }, 
        {"sofa" : 12,  "begin" : 3627,  "end" : 3628 }, 
        {"sofa" : 12,  "begin" : 3630,  "end" : 3634 }, 
        {"sofa" : 12,  "begin" : 3635,  "end" : 3637 }, 
        {"sofa" : 12,  "begin" : 3638,  "end" : 3639 }, 
        {"sofa" : 12,  "begin" : 3640,  "end" : 3644 }, 
        {"sofa" : 12,  "begin" : 3645,  "end" : 3658 }, 
        {"sofa" : 12,  "begin" : 3659,  "end" : 3664 }, 
        {"sofa" : 12,  "begin" : 3664,  "end" : 3665 }, 
        {"sofa" : 12,  "begin" : 3666,  "end" : 3670 }, 
        {"sofa" : 12,  "begin" : 3671,  "end" : 3674 }, 
        {"sofa" : 12,  "begin" : 3675,  "end" : 3681 }, 
        {"sofa" : 12,  "begin" : 3682,  "end" : 3684 }, 
        {"sofa" : 12,  "begin" : 3685,  "end" : 3689 }, 
        {"sofa" : 12,  "begin" : 3690,  "end" : 3699 }, 
        {"sofa" : 12,  "begin" : 3700,  "end" : 3702 }, 
        {"sofa" : 12,  "begin" : 3703,  "end" : 3708 }, 
        {"sofa" : 12,  "begin" : 3709,  "end" : 3718 }, 
        {"sofa" : 12,  "begin" : 3719,  "end" : 3725 }, 
        {"sofa" : 12,  "begin" : 3726,  "end" : 3734 }, 
        {"sofa" : 12,  "begin" : 3735,  "end" : 3739 }, 
        {"sofa" : 12,  "begin" : 3740,  "end" : 3743 }, 
        {"sofa" : 12,  "begin" : 3744,  "end" : 3753 }, 
        {"sofa" : 12,  "begin" : 3754,  "end" : 3757 }, 
        {"sofa" : 12,  "begin" : 3758,  "end" : 3761 }, 
        {"sofa" : 12,  "begin" : 3762,  "end" : 3766 }, 
        {"sofa" : 12,  "begin" : 3766,  "end" : 3767 } ], 
      "Persuasive_Labels" : [
        {"sofa" : 12,  "begin" : 269,  "end" : 326,  "DistinctiveLinguisticFeatures" : "title of article as clickbait" }, 
        {"sofa" : 12,  "begin" : 269,  "end" : 326,  "DistinctiveLinguisticFeatures" : "distinctive linguistic features" }, 
        {"sofa" : 12,  "begin" : 328,  "end" : 457,  "EstablishingLegitimacy" : "Establishing Legitimacy" }, 
        {"sofa" : 12,  "begin" : 328,  "end" : 457,  "EstablishingLegitimacy" : "legitimate persuasive techniques: rhetorical question" }, 
        {"sofa" : 12,  "begin" : 459,  "end" : 522,  "EstablishingLegitimacy" : "Establishing Legitimacy" }, 
        {"sofa" : 12,  "begin" : 459,  "end" : 522,  "EstablishingLegitimacy" : "citing source to establish legitimacy_source verified to be credible" }, 
        {"sofa" : 12,  "begin" : 524,  "end" : 649,  "InappropriateUseofScientificEvidence" : "Inappropriate Use of Scientific and Other Evidence - out of context_verified" }, 
        {"sofa" : 12,  "begin" : 524,  "end" : 649,  "InappropriateUseofScientificEvidence" : "inappropriate use of scientific and Other evidence" }, 
        {"sofa" : 12,  "begin" : 651,  "end" : 913,  "HighlightingUncertaintyandRisk" : "Highlighting Uncertainty and Risk" }, 
        {"sofa" : 12,  "begin" : 914,  "end" : 1222,  "BiasedReasoningtoMakeaConclusion" : "biased reasoning to make a conclusion" }, 
        {"sofa" : 12,  "begin" : 914,  "end" : 1222,  "BiasedReasoningtoMakeaConclusion" : "evidence does not support conclusion" }, 
        {"sofa" : 12,  "begin" : 1792,  "end" : 1811,  "EstablishingLegitimacy" : "Establishing Legitimacy" }, 
        {"sofa" : 12,  "begin" : 1792,  "end" : 1811,  "EstablishingLegitimacy" : "legitimate persuasive techniques: rhetorical question" }, 
        {"sofa" : 12,  "begin" : 1813,  "end" : 2106,  "EstablishingLegitimacy" : "surface credibility markers - medical or scientific jargon" }, 
        {"sofa" : 12,  "begin" : 1813,  "end" : 2106,  "EstablishingLegitimacy" : "Establishing Legitimacy" }, 
        {"sofa" : 12,  "begin" : 2108,  "end" : 2156,  "EstablishingLegitimacy" : "Establishing Legitimacy" }, 
        {"sofa" : 12,  "begin" : 2108,  "end" : 2156,  "EstablishingLegitimacy" : "legitimate persuasive techniques: rhetorical question" }, 
        {"sofa" : 12,  "begin" : 2158,  "end" : 2642,  "EstablishingLegitimacy" : "Establishing Legitimacy" }, 
        {"sofa" : 12,  "begin" : 2158,  "end" : 2642,  "EstablishingLegitimacy" : "surface credibility markers - medical or scientific jargon" }, 
        {"sofa" : 12,  "begin" : 2717,  "end" : 2994,  "EstablishingLegitimacy" : "Establishing Legitimacy" }, 
        {"sofa" : 12,  "begin" : 2717,  "end" : 2994,  "EstablishingLegitimacy" : "surface credibility markers - medical or scientific jargon" }, 
        {"sofa" : 12,  "begin" : 2996,  "end" : 3628,  "EstablishingLegitimacy" : "surface credibility markers - medical or scientific jargon" }, 
        {"sofa" : 12,  "begin" : 2996,  "end" : 3628,  "EstablishingLegitimacy" : "Establishing Legitimacy" } ] } }, 
  "_referenced_fss" : {
    "12" : {"_type" : "Sofa",  "sofaNum" : 1,  "sofaID" : "_InitialView",  "mimeType" : "text",  "sofaString" : "﻿tron-02200 FDA Confirms DTaP Vaccine Causes Autism in November 2017 \r\nSource: https://inshapetoday.com/now-official-fda-announced-vaccines-causing-autism/ \r\nFact checking: https://www.truthorfiction.com/fda-confirms-dtap-vaccine-causes-autism-2017/ \r\nActual content:\r\nDid FDA really announce that vaccines are causing autism?\r\nDid a vaccine manufacturer admits on its package insert that their vaccination can cause autism as one of many adverse reactions?\r\nAccording to the FDA's online Biologics Blood Vaccines document, a vaccine manufacturer admits on its package insert that their vaccination can cause autism as one of many adverse reactions.\r\nThese adverse events reported during post-approval use of Tripedia vaccine include idiopathic thrombocytopenic purpura, SIDS, anaphylactic reaction, cellulitis, autism, convulsion/grand mal convulsion, encephalopathy, hypotonia, neuropathy, somnolence and apnea. Events were included in this list because of the seriousness or frequency of reporting. Because these events are reported voluntarily from a population of uncertain size, it is not always possible to reliably estimate their frequencies or to establish a causal relationship to components of Tripedia vaccine.\r\n[Image] \r\nImage caption: \"The FDA's online Biologics Blood Vaccines document admits on its package insert that their vaccination can cause autism as one of many adverse reactions.\"\r\nAcellular Pertussis Vaccine Concentrates (For Further Manufacturing Use) are produced by The Research Foundation for Microbial Diseases of Osaka University (BIKEN), Osaka, Japan, under United States (US) license, and are combined with diphtheria and tetanus toxoids manufactured by Sanofi Pasteur Inc. Tripedia vaccine is filled, labeled, packaged, and released by Sanofi Pasteur Inc.\r\nWhat's in Tripedia?\r\nAccording to the Tripedia's package insert, some ingredients include: Bovine extract, formaldehyde used to inactivate microorganisms a couple of times, ammonium sulfate, aluminum potassium sulfate and two growth mediums: modified Mueller and Miller is one; the other is Stainer-Scholte medium.\r\nWhat is the content of these two growth mediums?\r\nMueller and Miller medium contains:\r\nGlucose, sodium chloride, sodium phosphate dibasic, monopotassium, phosphate, magnesium sulfate hydrate, ferrous sulfate heptahydrate, cysteine hydrochloride, tyrosine hydrochloride, uracil hydrochloride, Ca-pantothenate in ethanol, thiamine in ethanol, pyridoxine-hydrochloride in ethanol, riboflavin in ethanol, biotin in ethanol, sodium hydroxide, beef heart infusion (de- fatted beef heart and distilled water), casein [milk protein] solution. Basically a mixture of sugar, salt, amino acids, vitamins, and minerals.\r\nWhile Stainer-Scholte medium has the following ingredients:\r\nTris hydrochloride, tris base, glutamate (monosodium salt) [MSG], proline, salt, monopotassium phosphate, potassium chloride, magnesium chloride, calcium chloride, ferrous sulfate, ascorbic acid, niacin, glutathione.\r\nThe vaccine is formulated without preservatives, but contains a trace amount of thimerosal [(mercury derivative), (≤0.3 μg mercury/dose)] from the manufacturing process. Each 0.5 mL dose also contains, by assay, not more than 0.170 mg of aluminum and not more than 100 μg(0.02%) of residual formaldehyde. The vaccine contains gelatin and polysorbate 80 (Tween-80), which are used in the production of the pertussis concentrate.\r\n\"Probable cause\" ingredients for adverse reactions include: casein, to which some children are allergic; MSG-an excitotoxin; thimerosal-ethyl mercury; aluminum; formaldehyde; gelatin; and polysorbate 80.\r\nТhis is a very controversial topic. Seek the advice of your physician or other qualified health provider with any questions you may have.\r\n\r\n" } } }