{"_context" : {
    "_types" : {
      "DocumentMetaData" : {
        "_feature_types" : {"sofa" : "_ref" } }, 
      "Persuasive_Labels" : {
        "_feature_types" : {"sofa" : "_ref" } }, 
      "Sentence" : {
        "_feature_types" : {"sofa" : "_ref" } }, 
      "Sofa" : {
        "_feature_types" : {"sofaArray" : "_ref" } }, 
      "TagsetDescription" : {
        "_feature_types" : {"sofa" : "_ref",  "tags" : "_ref" } }, 
      "Token" : {
        "_feature_types" : {"sofa" : "_ref",  "parent" : "_ref",  "lemma" : "_ref",  "stem" : "_ref",  "pos" : "_ref",  "morph" : "_ref",  "form" : "_ref" } }, 
      "DocumentAnnotation" : {
        "_feature_types" : {"sofa" : "_ref" }, 
        "_subtypes" : ["DocumentMetaData" ] }, 
      "Annotation" : {
        "_feature_types" : {"sofa" : "_ref" }, 
        "_subtypes" : ["DocumentAnnotation",  "Persuasive_Labels",  "Sentence",  "TagsetDescription",  "Token" ] }, 
      "AnnotationBase" : {
        "_feature_types" : {"sofa" : "_ref" }, 
        "_subtypes" : ["Annotation" ] }, 
      "TOP" : {
        "_subtypes" : ["AnnotationBase",  "Sofa" ] } } }, 
  "_views" : {
    "_InitialView" : {
      "DocumentMetaData" : [
        {"sofa" : 12,  "end" : 7392,  "language" : "x-unspecified",  "documentTitle" : "154.%20tron-01810%2023%20Seniors%20Died%20After%20Receiving%20Flu%20Shots.txt",  "documentId" : "admin",  "documentUri" : "file:/C:/Users/huiyi/.webanno/repository/project/4/document/573/source/admin",  "collectionId" : "file:/C:/Users/huiyi/.webanno/repository/project/4/document/573/source/",  "documentBaseUri" : "file:/C:/Users/huiyi/.webanno/repository/project/4/document/573/source/",  "isLastSegment" : false } ], 
      "TagsetDescription" : [
        {"sofa" : 12,  "layer" : "de.tudarmstadt.ukp.dkpro.core.api.syntax.type.dependency.Dependency",  "name" : "UD Universal Dependencies (v2)",  "input" : false }, 
        {"sofa" : 12,  "layer" : "de.tudarmstadt.ukp.dkpro.core.api.ner.type.NamedEntity",  "name" : "Named Entity tags",  "input" : false }, 
        {"sofa" : 12,  "layer" : "de.tudarmstadt.ukp.dkpro.core.api.transform.type.SofaChangeAnnotation",  "name" : "Operation",  "input" : false }, 
        {"sofa" : 12,  "layer" : "de.tudarmstadt.ukp.dkpro.core.api.lexmorph.type.pos.POS",  "name" : "UD Universal POS tags (v2)",  "input" : false }, 
        {"sofa" : 12,  "layer" : "webanno.custom.Persuasive_Labels",  "name" : "2. Using Anecdotes and Personal Experience as Evidence",  "input" : false } ], 
      "Sentence" : [
        {"sofa" : 12,  "end" : 478 }, 
        {"sofa" : 12,  "begin" : 479,  "end" : 560 }, 
        {"sofa" : 12,  "begin" : 562,  "end" : 729 }, 
        {"sofa" : 12,  "begin" : 731,  "end" : 1045 }, 
        {"sofa" : 12,  "begin" : 1047,  "end" : 1125 }, 
        {"sofa" : 12,  "begin" : 1126,  "end" : 1217 }, 
        {"sofa" : 12,  "begin" : 1219,  "end" : 1392 }, 
        {"sofa" : 12,  "begin" : 1393,  "end" : 1397 }, 
        {"sofa" : 12,  "begin" : 1399,  "end" : 1495 }, 
        {"sofa" : 12,  "begin" : 1496,  "end" : 1600 }, 
        {"sofa" : 12,  "begin" : 1601,  "end" : 1653 }, 
        {"sofa" : 12,  "begin" : 1654,  "end" : 1676 }, 
        {"sofa" : 12,  "begin" : 1678,  "end" : 1775 }, 
        {"sofa" : 12,  "begin" : 1776,  "end" : 1899 }, 
        {"sofa" : 12,  "begin" : 1901,  "end" : 2024 }, 
        {"sofa" : 12,  "begin" : 2026,  "end" : 2304 }, 
        {"sofa" : 12,  "begin" : 2305,  "end" : 2525 }, 
        {"sofa" : 12,  "begin" : 2527,  "end" : 2755 }, 
        {"sofa" : 12,  "begin" : 2756,  "end" : 2826 }, 
        {"sofa" : 12,  "begin" : 2828,  "end" : 2972 }, 
        {"sofa" : 12,  "begin" : 2973,  "end" : 3043 }, 
        {"sofa" : 12,  "begin" : 3045,  "end" : 3404 }, 
        {"sofa" : 12,  "begin" : 3406,  "end" : 3630 }, 
        {"sofa" : 12,  "begin" : 3632,  "end" : 3713 }, 
        {"sofa" : 12,  "begin" : 3715,  "end" : 3930 }, 
        {"sofa" : 12,  "begin" : 3931,  "end" : 3987 }, 
        {"sofa" : 12,  "begin" : 3988,  "end" : 4152 }, 
        {"sofa" : 12,  "begin" : 4153,  "end" : 4278 }, 
        {"sofa" : 12,  "begin" : 4279,  "end" : 4334 }, 
        {"sofa" : 12,  "begin" : 4336,  "end" : 4499 }, 
        {"sofa" : 12,  "begin" : 4500,  "end" : 4594 }, 
        {"sofa" : 12,  "begin" : 4596,  "end" : 4598 }, 
        {"sofa" : 12,  "begin" : 4599,  "end" : 4739 }, 
        {"sofa" : 12,  "begin" : 4740,  "end" : 4873 }, 
        {"sofa" : 12,  "begin" : 4875,  "end" : 4877 }, 
        {"sofa" : 12,  "begin" : 4878,  "end" : 4984 }, 
        {"sofa" : 12,  "begin" : 4985,  "end" : 5024 }, 
        {"sofa" : 12,  "begin" : 5025,  "end" : 5136 }, 
        {"sofa" : 12,  "begin" : 5137,  "end" : 5240 }, 
        {"sofa" : 12,  "begin" : 5241,  "end" : 5285 }, 
        {"sofa" : 12,  "begin" : 5287,  "end" : 5466 }, 
        {"sofa" : 12,  "begin" : 5468,  "end" : 5589 }, 
        {"sofa" : 12,  "begin" : 5590,  "end" : 5677 }, 
        {"sofa" : 12,  "begin" : 5679,  "end" : 5799 }, 
        {"sofa" : 12,  "begin" : 5800,  "end" : 5985 }, 
        {"sofa" : 12,  "begin" : 5986,  "end" : 6212 }, 
        {"sofa" : 12,  "begin" : 6213,  "end" : 6315 }, 
        {"sofa" : 12,  "begin" : 6316,  "end" : 6439 }, 
        {"sofa" : 12,  "begin" : 6440,  "end" : 6543 }, 
        {"sofa" : 12,  "begin" : 6545,  "end" : 6649 }, 
        {"sofa" : 12,  "begin" : 6650,  "end" : 6810 }, 
        {"sofa" : 12,  "begin" : 6812,  "end" : 7065 }, 
        {"sofa" : 12,  "begin" : 7067,  "end" : 7220 }, 
        {"sofa" : 12,  "begin" : 7222,  "end" : 7254 }, 
        {"sofa" : 12,  "begin" : 7255,  "end" : 7291 }, 
        {"sofa" : 12,  "begin" : 7292,  "end" : 7388 } ], 
      "Token" : [
        {"sofa" : 12,  "end" : 5 }, 
        {"sofa" : 12,  "begin" : 5,  "end" : 6 }, 
        {"sofa" : 12,  "begin" : 6,  "end" : 11 }, 
        {"sofa" : 12,  "begin" : 12,  "end" : 14 }, 
        {"sofa" : 12,  "begin" : 15,  "end" : 22 }, 
        {"sofa" : 12,  "begin" : 23,  "end" : 27 }, 
        {"sofa" : 12,  "begin" : 28,  "end" : 33 }, 
        {"sofa" : 12,  "begin" : 34,  "end" : 43 }, 
        {"sofa" : 12,  "begin" : 44,  "end" : 47 }, 
        {"sofa" : 12,  "begin" : 48,  "end" : 53 }, 
        {"sofa" : 12,  "begin" : 55,  "end" : 61 }, 
        {"sofa" : 12,  "begin" : 62,  "end" : 67 }, 
        {"sofa" : 12,  "begin" : 67,  "end" : 68 }, 
        {"sofa" : 12,  "begin" : 68,  "end" : 69 }, 
        {"sofa" : 12,  "begin" : 69,  "end" : 70 }, 
        {"sofa" : 12,  "begin" : 70,  "end" : 80 }, 
        {"sofa" : 12,  "begin" : 80,  "end" : 81 }, 
        {"sofa" : 12,  "begin" : 81,  "end" : 86 }, 
        {"sofa" : 12,  "begin" : 89,  "end" : 93 }, 
        {"sofa" : 12,  "begin" : 94,  "end" : 102 }, 
        {"sofa" : 12,  "begin" : 102,  "end" : 103 }, 
        {"sofa" : 12,  "begin" : 104,  "end" : 109 }, 
        {"sofa" : 12,  "begin" : 109,  "end" : 110 }, 
        {"sofa" : 12,  "begin" : 110,  "end" : 111 }, 
        {"sofa" : 12,  "begin" : 111,  "end" : 112 }, 
        {"sofa" : 12,  "begin" : 112,  "end" : 134 }, 
        {"sofa" : 12,  "begin" : 134,  "end" : 135 }, 
        {"sofa" : 12,  "begin" : 135,  "end" : 137 }, 
        {"sofa" : 12,  "begin" : 137,  "end" : 138 }, 
        {"sofa" : 12,  "begin" : 138,  "end" : 176 }, 
        {"sofa" : 12,  "begin" : 176,  "end" : 177 }, 
        {"sofa" : 12,  "begin" : 180,  "end" : 186 }, 
        {"sofa" : 12,  "begin" : 187,  "end" : 194 }, 
        {"sofa" : 12,  "begin" : 194,  "end" : 195 }, 
        {"sofa" : 12,  "begin" : 198,  "end" : 200 }, 
        {"sofa" : 12,  "begin" : 201,  "end" : 208 }, 
        {"sofa" : 12,  "begin" : 209,  "end" : 213 }, 
        {"sofa" : 12,  "begin" : 214,  "end" : 219 }, 
        {"sofa" : 12,  "begin" : 220,  "end" : 229 }, 
        {"sofa" : 12,  "begin" : 230,  "end" : 233 }, 
        {"sofa" : 12,  "begin" : 234,  "end" : 238 }, 
        {"sofa" : 12,  "begin" : 239,  "end" : 243 }, 
        {"sofa" : 12,  "begin" : 244,  "end" : 246 }, 
        {"sofa" : 12,  "begin" : 247,  "end" : 257 }, 
        {"sofa" : 12,  "begin" : 259,  "end" : 266 }, 
        {"sofa" : 12,  "begin" : 267,  "end" : 273 }, 
        {"sofa" : 12,  "begin" : 274,  "end" : 277 }, 
        {"sofa" : 12,  "begin" : 278,  "end" : 285 }, 
        {"sofa" : 12,  "begin" : 286,  "end" : 289 }, 
        {"sofa" : 12,  "begin" : 290,  "end" : 297 }, 
        {"sofa" : 12,  "begin" : 298,  "end" : 306 }, 
        {"sofa" : 12,  "begin" : 307,  "end" : 309 }, 
        {"sofa" : 12,  "begin" : 310,  "end" : 317 }, 
        {"sofa" : 12,  "begin" : 318,  "end" : 325 }, 
        {"sofa" : 12,  "begin" : 326,  "end" : 328 }, 
        {"sofa" : 12,  "begin" : 329,  "end" : 336 }, 
        {"sofa" : 12,  "begin" : 337,  "end" : 341 }, 
        {"sofa" : 12,  "begin" : 342,  "end" : 348 }, 
        {"sofa" : 12,  "begin" : 349,  "end" : 353 }, 
        {"sofa" : 12,  "begin" : 354,  "end" : 359 }, 
        {"sofa" : 12,  "begin" : 361,  "end" : 367 }, 
        {"sofa" : 12,  "begin" : 368,  "end" : 374 }, 
        {"sofa" : 12,  "begin" : 375,  "end" : 379 }, 
        {"sofa" : 12,  "begin" : 380,  "end" : 386 }, 
        {"sofa" : 12,  "begin" : 388,  "end" : 391 }, 
        {"sofa" : 12,  "begin" : 392,  "end" : 398 }, 
        {"sofa" : 12,  "begin" : 399,  "end" : 408 }, 
        {"sofa" : 12,  "begin" : 409,  "end" : 417 }, 
        {"sofa" : 12,  "begin" : 418,  "end" : 425 }, 
        {"sofa" : 12,  "begin" : 426,  "end" : 432 }, 
        {"sofa" : 12,  "begin" : 433,  "end" : 435 }, 
        {"sofa" : 12,  "begin" : 436,  "end" : 443 }, 
        {"sofa" : 12,  "begin" : 444,  "end" : 447 }, 
        {"sofa" : 12,  "begin" : 448,  "end" : 460 }, 
        {"sofa" : 12,  "begin" : 461,  "end" : 463 }, 
        {"sofa" : 12,  "begin" : 464,  "end" : 466 }, 
        {"sofa" : 12,  "begin" : 467,  "end" : 471 }, 
        {"sofa" : 12,  "begin" : 472,  "end" : 477 }, 
        {"sofa" : 12,  "begin" : 477,  "end" : 478 }, 
        {"sofa" : 12,  "begin" : 479,  "end" : 482 }, 
        {"sofa" : 12,  "begin" : 483,  "end" : 493 }, 
        {"sofa" : 12,  "begin" : 494,  "end" : 496 }, 
        {"sofa" : 12,  "begin" : 497,  "end" : 505 }, 
        {"sofa" : 12,  "begin" : 506,  "end" : 507 }, 
        {"sofa" : 12,  "begin" : 508,  "end" : 511 }, 
        {"sofa" : 12,  "begin" : 512,  "end" : 515 }, 
        {"sofa" : 12,  "begin" : 516,  "end" : 524 }, 
        {"sofa" : 12,  "begin" : 525,  "end" : 529 }, 
        {"sofa" : 12,  "begin" : 530,  "end" : 532 }, 
        {"sofa" : 12,  "begin" : 533,  "end" : 536 }, 
        {"sofa" : 12,  "begin" : 537,  "end" : 545 }, 
        {"sofa" : 12,  "begin" : 546,  "end" : 547 }, 
        {"sofa" : 12,  "begin" : 548,  "end" : 551 }, 
        {"sofa" : 12,  "begin" : 552,  "end" : 559 }, 
        {"sofa" : 12,  "begin" : 559,  "end" : 560 }, 
        {"sofa" : 12,  "begin" : 562,  "end" : 563 }, 
        {"sofa" : 12,  "begin" : 563,  "end" : 568 }, 
        {"sofa" : 12,  "begin" : 568,  "end" : 569 }, 
        {"sofa" : 12,  "begin" : 571,  "end" : 573 }, 
        {"sofa" : 12,  "begin" : 574,  "end" : 577 }, 
        {"sofa" : 12,  "begin" : 578,  "end" : 581 }, 
        {"sofa" : 12,  "begin" : 582,  "end" : 585 }, 
        {"sofa" : 12,  "begin" : 586,  "end" : 588 }, 
        {"sofa" : 12,  "begin" : 589,  "end" : 592 }, 
        {"sofa" : 12,  "begin" : 593,  "end" : 599 }, 
        {"sofa" : 12,  "begin" : 600,  "end" : 604 }, 
        {"sofa" : 12,  "begin" : 605,  "end" : 610 }, 
        {"sofa" : 12,  "begin" : 610,  "end" : 611 }, 
        {"sofa" : 12,  "begin" : 612,  "end" : 617 }, 
        {"sofa" : 12,  "begin" : 618,  "end" : 622 }, 
        {"sofa" : 12,  "begin" : 623,  "end" : 626 }, 
        {"sofa" : 12,  "begin" : 627,  "end" : 630 }, 
        {"sofa" : 12,  "begin" : 631,  "end" : 638 }, 
        {"sofa" : 12,  "begin" : 638,  "end" : 639 }, 
        {"sofa" : 12,  "begin" : 640,  "end" : 646 }, 
        {"sofa" : 12,  "begin" : 647,  "end" : 655 }, 
        {"sofa" : 12,  "begin" : 656,  "end" : 660 }, 
        {"sofa" : 12,  "begin" : 661,  "end" : 664 }, 
        {"sofa" : 12,  "begin" : 665,  "end" : 668 }, 
        {"sofa" : 12,  "begin" : 669,  "end" : 671 }, 
        {"sofa" : 12,  "begin" : 672,  "end" : 674 }, 
        {"sofa" : 12,  "begin" : 675,  "end" : 678 }, 
        {"sofa" : 12,  "begin" : 679,  "end" : 684 }, 
        {"sofa" : 12,  "begin" : 685,  "end" : 693 }, 
        {"sofa" : 12,  "begin" : 694,  "end" : 696 }, 
        {"sofa" : 12,  "begin" : 697,  "end" : 700 }, 
        {"sofa" : 12,  "begin" : 701,  "end" : 704 }, 
        {"sofa" : 12,  "begin" : 705,  "end" : 706 }, 
        {"sofa" : 12,  "begin" : 706,  "end" : 715 }, 
        {"sofa" : 12,  "begin" : 715,  "end" : 716 }, 
        {"sofa" : 12,  "begin" : 717,  "end" : 720 }, 
        {"sofa" : 12,  "begin" : 721,  "end" : 728 }, 
        {"sofa" : 12,  "begin" : 728,  "end" : 729 }, 
        {"sofa" : 12,  "begin" : 731,  "end" : 734 }, 
        {"sofa" : 12,  "begin" : 735,  "end" : 738 }, 
        {"sofa" : 12,  "begin" : 739,  "end" : 741 }, 
        {"sofa" : 12,  "begin" : 742,  "end" : 745 }, 
        {"sofa" : 12,  "begin" : 746,  "end" : 749 }, 
        {"sofa" : 12,  "begin" : 750,  "end" : 757 }, 
        {"sofa" : 12,  "begin" : 758,  "end" : 765 }, 
        {"sofa" : 12,  "begin" : 766,  "end" : 769 }, 
        {"sofa" : 12,  "begin" : 770,  "end" : 771 }, 
        {"sofa" : 12,  "begin" : 771,  "end" : 780 }, 
        {"sofa" : 12,  "begin" : 780,  "end" : 781 }, 
        {"sofa" : 12,  "begin" : 782,  "end" : 785 }, 
        {"sofa" : 12,  "begin" : 786,  "end" : 793 }, 
        {"sofa" : 12,  "begin" : 793,  "end" : 794 }, 
        {"sofa" : 12,  "begin" : 795,  "end" : 796 }, 
        {"sofa" : 12,  "begin" : 796,  "end" : 806 }, 
        {"sofa" : 12,  "begin" : 807,  "end" : 811 }, 
        {"sofa" : 12,  "begin" : 812,  "end" : 817 }, 
        {"sofa" : 12,  "begin" : 818,  "end" : 821 }, 
        {"sofa" : 12,  "begin" : 822,  "end" : 828 }, 
        {"sofa" : 12,  "begin" : 829,  "end" : 831 }, 
        {"sofa" : 12,  "begin" : 832,  "end" : 839 }, 
        {"sofa" : 12,  "begin" : 840,  "end" : 841 }, 
        {"sofa" : 12,  "begin" : 841,  "end" : 844 }, 
        {"sofa" : 12,  "begin" : 845,  "end" : 849 }, 
        {"sofa" : 12,  "begin" : 850,  "end" : 852 }, 
        {"sofa" : 12,  "begin" : 853,  "end" : 856 }, 
        {"sofa" : 12,  "begin" : 857,  "end" : 864 }, 
        {"sofa" : 12,  "begin" : 865,  "end" : 869 }, 
        {"sofa" : 12,  "begin" : 870,  "end" : 876 }, 
        {"sofa" : 12,  "begin" : 877,  "end" : 880 }, 
        {"sofa" : 12,  "begin" : 881,  "end" : 885 }, 
        {"sofa" : 12,  "begin" : 886,  "end" : 888 }, 
        {"sofa" : 12,  "begin" : 889,  "end" : 896 }, 
        {"sofa" : 12,  "begin" : 897,  "end" : 905 }, 
        {"sofa" : 12,  "begin" : 905,  "end" : 906 }, 
        {"sofa" : 12,  "begin" : 907,  "end" : 909 }, 
        {"sofa" : 12,  "begin" : 910,  "end" : 917 }, 
        {"sofa" : 12,  "begin" : 918,  "end" : 921 }, 
        {"sofa" : 12,  "begin" : 922,  "end" : 927 }, 
        {"sofa" : 12,  "begin" : 927,  "end" : 928 }, 
        {"sofa" : 12,  "begin" : 929,  "end" : 938 }, 
        {"sofa" : 12,  "begin" : 939,  "end" : 942 }, 
        {"sofa" : 12,  "begin" : 943,  "end" : 948 }, 
        {"sofa" : 12,  "begin" : 948,  "end" : 949 }, 
        {"sofa" : 12,  "begin" : 950,  "end" : 955 }, 
        {"sofa" : 12,  "begin" : 956,  "end" : 960 }, 
        {"sofa" : 12,  "begin" : 961,  "end" : 964 }, 
        {"sofa" : 12,  "begin" : 965,  "end" : 975 }, 
        {"sofa" : 12,  "begin" : 976,  "end" : 983 }, 
        {"sofa" : 12,  "begin" : 984,  "end" : 992 }, 
        {"sofa" : 12,  "begin" : 992,  "end" : 993 }, 
        {"sofa" : 12,  "begin" : 994,  "end" : 997 }, 
        {"sofa" : 12,  "begin" : 998,  "end" : 1006 }, 
        {"sofa" : 12,  "begin" : 1007,  "end" : 1009 }, 
        {"sofa" : 12,  "begin" : 1010,  "end" : 1016 }, 
        {"sofa" : 12,  "begin" : 1017,  "end" : 1018 }, 
        {"sofa" : 12,  "begin" : 1019,  "end" : 1027 }, 
        {"sofa" : 12,  "begin" : 1028,  "end" : 1034 }, 
        {"sofa" : 12,  "begin" : 1035,  "end" : 1043 }, 
        {"sofa" : 12,  "begin" : 1043,  "end" : 1044 }, 
        {"sofa" : 12,  "begin" : 1044,  "end" : 1045 }, 
        {"sofa" : 12,  "begin" : 1047,  "end" : 1050 }, 
        {"sofa" : 12,  "begin" : 1051,  "end" : 1055 }, 
        {"sofa" : 12,  "begin" : 1056,  "end" : 1058 }, 
        {"sofa" : 12,  "begin" : 1059,  "end" : 1063 }, 
        {"sofa" : 12,  "begin" : 1064,  "end" : 1067 }, 
        {"sofa" : 12,  "begin" : 1068,  "end" : 1075 }, 
        {"sofa" : 12,  "begin" : 1076,  "end" : 1080 }, 
        {"sofa" : 12,  "begin" : 1081,  "end" : 1083 }, 
        {"sofa" : 12,  "begin" : 1084,  "end" : 1092 }, 
        {"sofa" : 12,  "begin" : 1093,  "end" : 1096 }, 
        {"sofa" : 12,  "begin" : 1097,  "end" : 1104 }, 
        {"sofa" : 12,  "begin" : 1105,  "end" : 1107 }, 
        {"sofa" : 12,  "begin" : 1108,  "end" : 1114 }, 
        {"sofa" : 12,  "begin" : 1115,  "end" : 1116 }, 
        {"sofa" : 12,  "begin" : 1116,  "end" : 1123 }, 
        {"sofa" : 12,  "begin" : 1123,  "end" : 1124 }, 
        {"sofa" : 12,  "begin" : 1124,  "end" : 1125 }, 
        {"sofa" : 12,  "begin" : 1126,  "end" : 1129 }, 
        {"sofa" : 12,  "begin" : 1130,  "end" : 1133 }, 
        {"sofa" : 12,  "begin" : 1134,  "end" : 1138 }, 
        {"sofa" : 12,  "begin" : 1139,  "end" : 1141 }, 
        {"sofa" : 12,  "begin" : 1142,  "end" : 1147 }, 
        {"sofa" : 12,  "begin" : 1148,  "end" : 1156 }, 
        {"sofa" : 12,  "begin" : 1157,  "end" : 1159 }, 
        {"sofa" : 12,  "begin" : 1160,  "end" : 1167 }, 
        {"sofa" : 12,  "begin" : 1168,  "end" : 1170 }, 
        {"sofa" : 12,  "begin" : 1171,  "end" : 1174 }, 
        {"sofa" : 12,  "begin" : 1175,  "end" : 1178 }, 
        {"sofa" : 12,  "begin" : 1179,  "end" : 1184 }, 
        {"sofa" : 12,  "begin" : 1185,  "end" : 1195 }, 
        {"sofa" : 12,  "begin" : 1196,  "end" : 1198 }, 
        {"sofa" : 12,  "begin" : 1199,  "end" : 1202 }, 
        {"sofa" : 12,  "begin" : 1203,  "end" : 1209 }, 
        {"sofa" : 12,  "begin" : 1210,  "end" : 1216 }, 
        {"sofa" : 12,  "begin" : 1216,  "end" : 1217 }, 
        {"sofa" : 12,  "begin" : 1219,  "end" : 1226 }, 
        {"sofa" : 12,  "begin" : 1227,  "end" : 1234 }, 
        {"sofa" : 12,  "begin" : 1235,  "end" : 1238 }, 
        {"sofa" : 12,  "begin" : 1239,  "end" : 1242 }, 
        {"sofa" : 12,  "begin" : 1243,  "end" : 1251 }, 
        {"sofa" : 12,  "begin" : 1252,  "end" : 1256 }, 
        {"sofa" : 12,  "begin" : 1257,  "end" : 1258 }, 
        {"sofa" : 12,  "begin" : 1259,  "end" : 1268 }, 
        {"sofa" : 12,  "begin" : 1269,  "end" : 1271 }, 
        {"sofa" : 12,  "begin" : 1272,  "end" : 1276 }, 
        {"sofa" : 12,  "begin" : 1277,  "end" : 1284 }, 
        {"sofa" : 12,  "begin" : 1284,  "end" : 1285 }, 
        {"sofa" : 12,  "begin" : 1286,  "end" : 1295 }, 
        {"sofa" : 12,  "begin" : 1296,  "end" : 1301 }, 
        {"sofa" : 12,  "begin" : 1301,  "end" : 1302 }, 
        {"sofa" : 12,  "begin" : 1303,  "end" : 1306 }, 
        {"sofa" : 12,  "begin" : 1307,  "end" : 1310 }, 
        {"sofa" : 12,  "begin" : 1311,  "end" : 1315 }, 
        {"sofa" : 12,  "begin" : 1316,  "end" : 1319 }, 
        {"sofa" : 12,  "begin" : 1320,  "end" : 1328 }, 
        {"sofa" : 12,  "begin" : 1329,  "end" : 1332 }, 
        {"sofa" : 12,  "begin" : 1333,  "end" : 1337 }, 
        {"sofa" : 12,  "begin" : 1338,  "end" : 1340 }, 
        {"sofa" : 12,  "begin" : 1341,  "end" : 1357 }, 
        {"sofa" : 12,  "begin" : 1358,  "end" : 1363 }, 
        {"sofa" : 12,  "begin" : 1364,  "end" : 1368 }, 
        {"sofa" : 12,  "begin" : 1369,  "end" : 1371 }, 
        {"sofa" : 12,  "begin" : 1372,  "end" : 1384 }, 
        {"sofa" : 12,  "begin" : 1385,  "end" : 1391 }, 
        {"sofa" : 12,  "begin" : 1391,  "end" : 1392 }, 
        {"sofa" : 12,  "begin" : 1393,  "end" : 1396 }, 
        {"sofa" : 12,  "begin" : 1396,  "end" : 1397 }, 
        {"sofa" : 12,  "begin" : 1399,  "end" : 1406 }, 
        {"sofa" : 12,  "begin" : 1407,  "end" : 1409 }, 
        {"sofa" : 12,  "begin" : 1410,  "end" : 1413 }, 
        {"sofa" : 12,  "begin" : 1414,  "end" : 1420 }, 
        {"sofa" : 12,  "begin" : 1421,  "end" : 1427 }, 
        {"sofa" : 12,  "begin" : 1428,  "end" : 1436 }, 
        {"sofa" : 12,  "begin" : 1437,  "end" : 1442 }, 
        {"sofa" : 12,  "begin" : 1443,  "end" : 1451 }, 
        {"sofa" : 12,  "begin" : 1452,  "end" : 1460 }, 
        {"sofa" : 12,  "begin" : 1461,  "end" : 1465 }, 
        {"sofa" : 12,  "begin" : 1466,  "end" : 1474 }, 
        {"sofa" : 12,  "begin" : 1475,  "end" : 1477 }, 
        {"sofa" : 12,  "begin" : 1478,  "end" : 1481 }, 
        {"sofa" : 12,  "begin" : 1482,  "end" : 1488 }, 
        {"sofa" : 12,  "begin" : 1489,  "end" : 1494 }, 
        {"sofa" : 12,  "begin" : 1494,  "end" : 1495 }, 
        {"sofa" : 12,  "begin" : 1496,  "end" : 1498 }, 
        {"sofa" : 12,  "begin" : 1499,  "end" : 1502 }, 
        {"sofa" : 12,  "begin" : 1503,  "end" : 1506 }, 
        {"sofa" : 12,  "begin" : 1507,  "end" : 1514 }, 
        {"sofa" : 12,  "begin" : 1515,  "end" : 1517 }, 
        {"sofa" : 12,  "begin" : 1518,  "end" : 1521 }, 
        {"sofa" : 12,  "begin" : 1522,  "end" : 1526 }, 
        {"sofa" : 12,  "begin" : 1527,  "end" : 1528 }, 
        {"sofa" : 12,  "begin" : 1529,  "end" : 1536 }, 
        {"sofa" : 12,  "begin" : 1536,  "end" : 1537 }, 
        {"sofa" : 12,  "begin" : 1538,  "end" : 1541 }, 
        {"sofa" : 12,  "begin" : 1542,  "end" : 1544 }, 
        {"sofa" : 12,  "begin" : 1545,  "end" : 1549 }, 
        {"sofa" : 12,  "begin" : 1550,  "end" : 1556 }, 
        {"sofa" : 12,  "begin" : 1557,  "end" : 1563 }, 
        {"sofa" : 12,  "begin" : 1564,  "end" : 1567 }, 
        {"sofa" : 12,  "begin" : 1568,  "end" : 1571 }, 
        {"sofa" : 12,  "begin" : 1572,  "end" : 1584 }, 
        {"sofa" : 12,  "begin" : 1585,  "end" : 1587 }, 
        {"sofa" : 12,  "begin" : 1588,  "end" : 1591 }, 
        {"sofa" : 12,  "begin" : 1592,  "end" : 1599 }, 
        {"sofa" : 12,  "begin" : 1599,  "end" : 1600 }, 
        {"sofa" : 12,  "begin" : 1601,  "end" : 1605 }, 
        {"sofa" : 12,  "begin" : 1606,  "end" : 1609 }, 
        {"sofa" : 12,  "begin" : 1610,  "end" : 1617 }, 
        {"sofa" : 12,  "begin" : 1618,  "end" : 1620 }, 
        {"sofa" : 12,  "begin" : 1621,  "end" : 1629 }, 
        {"sofa" : 12,  "begin" : 1629,  "end" : 1630 }, 
        {"sofa" : 12,  "begin" : 1631,  "end" : 1634 }, 
        {"sofa" : 12,  "begin" : 1635,  "end" : 1641 }, 
        {"sofa" : 12,  "begin" : 1642,  "end" : 1644 }, 
        {"sofa" : 12,  "begin" : 1645,  "end" : 1648 }, 
        {"sofa" : 12,  "begin" : 1649,  "end" : 1652 }, 
        {"sofa" : 12,  "begin" : 1652,  "end" : 1653 }, 
        {"sofa" : 12,  "begin" : 1654,  "end" : 1661 }, 
        {"sofa" : 12,  "begin" : 1662,  "end" : 1667 }, 
        {"sofa" : 12,  "begin" : 1668,  "end" : 1670 }, 
        {"sofa" : 12,  "begin" : 1671,  "end" : 1675 }, 
        {"sofa" : 12,  "begin" : 1675,  "end" : 1676 }, 
        {"sofa" : 12,  "begin" : 1678,  "end" : 1687 }, 
        {"sofa" : 12,  "begin" : 1687,  "end" : 1688 }, 
        {"sofa" : 12,  "begin" : 1689,  "end" : 1693 }, 
        {"sofa" : 12,  "begin" : 1694,  "end" : 1697 }, 
        {"sofa" : 12,  "begin" : 1698,  "end" : 1706 }, 
        {"sofa" : 12,  "begin" : 1707,  "end" : 1711 }, 
        {"sofa" : 12,  "begin" : 1712,  "end" : 1715 }, 
        {"sofa" : 12,  "begin" : 1716,  "end" : 1720 }, 
        {"sofa" : 12,  "begin" : 1721,  "end" : 1730 }, 
        {"sofa" : 12,  "begin" : 1731,  "end" : 1741 }, 
        {"sofa" : 12,  "begin" : 1742,  "end" : 1744 }, 
        {"sofa" : 12,  "begin" : 1745,  "end" : 1748 }, 
        {"sofa" : 12,  "begin" : 1749,  "end" : 1754 }, 
        {"sofa" : 12,  "begin" : 1755,  "end" : 1766 }, 
        {"sofa" : 12,  "begin" : 1767,  "end" : 1774 }, 
        {"sofa" : 12,  "begin" : 1774,  "end" : 1775 }, 
        {"sofa" : 12,  "begin" : 1776,  "end" : 1780 }, 
        {"sofa" : 12,  "begin" : 1781,  "end" : 1784 }, 
        {"sofa" : 12,  "begin" : 1785,  "end" : 1789 }, 
        {"sofa" : 12,  "begin" : 1790,  "end" : 1796 }, 
        {"sofa" : 12,  "begin" : 1797,  "end" : 1807 }, 
        {"sofa" : 12,  "begin" : 1808,  "end" : 1814 }, 
        {"sofa" : 12,  "begin" : 1815,  "end" : 1819 }, 
        {"sofa" : 12,  "begin" : 1820,  "end" : 1825 }, 
        {"sofa" : 12,  "begin" : 1826,  "end" : 1832 }, 
        {"sofa" : 12,  "begin" : 1833,  "end" : 1838 }, 
        {"sofa" : 12,  "begin" : 1838,  "end" : 1839 }, 
        {"sofa" : 12,  "begin" : 1840,  "end" : 1847 }, 
        {"sofa" : 12,  "begin" : 1848,  "end" : 1855 }, 
        {"sofa" : 12,  "begin" : 1856,  "end" : 1859 }, 
        {"sofa" : 12,  "begin" : 1860,  "end" : 1864 }, 
        {"sofa" : 12,  "begin" : 1865,  "end" : 1867 }, 
        {"sofa" : 12,  "begin" : 1868,  "end" : 1870 }, 
        {"sofa" : 12,  "begin" : 1871,  "end" : 1881 }, 
        {"sofa" : 12,  "begin" : 1882,  "end" : 1891 }, 
        {"sofa" : 12,  "begin" : 1892,  "end" : 1898 }, 
        {"sofa" : 12,  "begin" : 1898,  "end" : 1899 }, 
        {"sofa" : 12,  "begin" : 1901,  "end" : 1903 }, 
        {"sofa" : 12,  "begin" : 1904,  "end" : 1913 }, 
        {"sofa" : 12,  "begin" : 1914,  "end" : 1924 }, 
        {"sofa" : 12,  "begin" : 1925,  "end" : 1929 }, 
        {"sofa" : 12,  "begin" : 1930,  "end" : 1939 }, 
        {"sofa" : 12,  "begin" : 1940,  "end" : 1942 }, 
        {"sofa" : 12,  "begin" : 1943,  "end" : 1948 }, 
        {"sofa" : 12,  "begin" : 1949,  "end" : 1957 }, 
        {"sofa" : 12,  "begin" : 1957,  "end" : 1958 }, 
        {"sofa" : 12,  "begin" : 1959,  "end" : 1961 }, 
        {"sofa" : 12,  "begin" : 1962,  "end" : 1965 }, 
        {"sofa" : 12,  "begin" : 1966,  "end" : 1968 }, 
        {"sofa" : 12,  "begin" : 1969,  "end" : 1974 }, 
        {"sofa" : 12,  "begin" : 1974,  "end" : 1975 }, 
        {"sofa" : 12,  "begin" : 1976,  "end" : 1978 }, 
        {"sofa" : 12,  "begin" : 1979,  "end" : 1984 }, 
        {"sofa" : 12,  "begin" : 1985,  "end" : 1991 }, 
        {"sofa" : 12,  "begin" : 1992,  "end" : 1994 }, 
        {"sofa" : 12,  "begin" : 1995,  "end" : 2000 }, 
        {"sofa" : 12,  "begin" : 2001,  "end" : 2003 }, 
        {"sofa" : 12,  "begin" : 2004,  "end" : 2009 }, 
        {"sofa" : 12,  "begin" : 2010,  "end" : 2017 }, 
        {"sofa" : 12,  "begin" : 2018,  "end" : 2023 }, 
        {"sofa" : 12,  "begin" : 2023,  "end" : 2024 }, 
        {"sofa" : 12,  "begin" : 2026,  "end" : 2035 }, 
        {"sofa" : 12,  "begin" : 2036,  "end" : 2039 }, 
        {"sofa" : 12,  "begin" : 2040,  "end" : 2041 }, 
        {"sofa" : 12,  "begin" : 2042,  "end" : 2051 }, 
        {"sofa" : 12,  "begin" : 2052,  "end" : 2059 }, 
        {"sofa" : 12,  "begin" : 2060,  "end" : 2064 }, 
        {"sofa" : 12,  "begin" : 2065,  "end" : 2075 }, 
        {"sofa" : 12,  "begin" : 2076,  "end" : 2082 }, 
        {"sofa" : 12,  "begin" : 2083,  "end" : 2088 }, 
        {"sofa" : 12,  "begin" : 2089,  "end" : 2091 }, 
        {"sofa" : 12,  "begin" : 2092,  "end" : 2100 }, 
        {"sofa" : 12,  "begin" : 2100,  "end" : 2101 }, 
        {"sofa" : 12,  "begin" : 2103,  "end" : 2108 }, 
        {"sofa" : 12,  "begin" : 2109,  "end" : 2116 }, 
        {"sofa" : 12,  "begin" : 2117,  "end" : 2122 }, 
        {"sofa" : 12,  "begin" : 2123,  "end" : 2125 }, 
        {"sofa" : 12,  "begin" : 2126,  "end" : 2129 }, 
        {"sofa" : 12,  "begin" : 2130,  "end" : 2133 }, 
        {"sofa" : 12,  "begin" : 2133,  "end" : 2134 }, 
        {"sofa" : 12,  "begin" : 2135,  "end" : 2140 }, 
        {"sofa" : 12,  "begin" : 2141,  "end" : 2149 }, 
        {"sofa" : 12,  "begin" : 2150,  "end" : 2153 }, 
        {"sofa" : 12,  "begin" : 2154,  "end" : 2159 }, 
        {"sofa" : 12,  "begin" : 2160,  "end" : 2162 }, 
        {"sofa" : 12,  "begin" : 2163,  "end" : 2166 }, 
        {"sofa" : 12,  "begin" : 2166,  "end" : 2167 }, 
        {"sofa" : 12,  "begin" : 2168,  "end" : 2173 }, 
        {"sofa" : 12,  "begin" : 2174,  "end" : 2176 }, 
        {"sofa" : 12,  "begin" : 2177,  "end" : 2182 }, 
        {"sofa" : 12,  "begin" : 2183,  "end" : 2188 }, 
        {"sofa" : 12,  "begin" : 2189,  "end" : 2191 }, 
        {"sofa" : 12,  "begin" : 2192,  "end" : 2195 }, 
        {"sofa" : 12,  "begin" : 2196,  "end" : 2201 }, 
        {"sofa" : 12,  "begin" : 2202,  "end" : 2203 }, 
        {"sofa" : 12,  "begin" : 2203,  "end" : 2208 }, 
        {"sofa" : 12,  "begin" : 2209,  "end" : 2223 }, 
        {"sofa" : 12,  "begin" : 2224,  "end" : 2233 }, 
        {"sofa" : 12,  "begin" : 2234,  "end" : 2236 }, 
        {"sofa" : 12,  "begin" : 2237,  "end" : 2240 }, 
        {"sofa" : 12,  "begin" : 2241,  "end" : 2245 }, 
        {"sofa" : 12,  "begin" : 2246,  "end" : 2254 }, 
        {"sofa" : 12,  "begin" : 2255,  "end" : 2259 }, 
        {"sofa" : 12,  "begin" : 2260,  "end" : 2263 }, 
        {"sofa" : 12,  "begin" : 2264,  "end" : 2267 }, 
        {"sofa" : 12,  "begin" : 2268,  "end" : 2271 }, 
        {"sofa" : 12,  "begin" : 2272,  "end" : 2279 }, 
        {"sofa" : 12,  "begin" : 2280,  "end" : 2287 }, 
        {"sofa" : 12,  "begin" : 2287,  "end" : 2288 }, 
        {"sofa" : 12,  "begin" : 2289,  "end" : 2292 }, 
        {"sofa" : 12,  "begin" : 2293,  "end" : 2297 }, 
        {"sofa" : 12,  "begin" : 2298,  "end" : 2303 }, 
        {"sofa" : 12,  "begin" : 2303,  "end" : 2304 }, 
        {"sofa" : 12,  "begin" : 2305,  "end" : 2307 }, 
        {"sofa" : 12,  "begin" : 2307,  "end" : 2308 }, 
        {"sofa" : 12,  "begin" : 2309,  "end" : 2311 }, 
        {"sofa" : 12,  "begin" : 2312,  "end" : 2323 }, 
        {"sofa" : 12,  "begin" : 2324,  "end" : 2328 }, 
        {"sofa" : 12,  "begin" : 2329,  "end" : 2338 }, 
        {"sofa" : 12,  "begin" : 2338,  "end" : 2339 }, 
        {"sofa" : 12,  "begin" : 2340,  "end" : 2341 }, 
        {"sofa" : 12,  "begin" : 2342,  "end" : 2352 }, 
        {"sofa" : 12,  "begin" : 2353,  "end" : 2365 }, 
        {"sofa" : 12,  "begin" : 2366,  "end" : 2367 }, 
        {"sofa" : 12,  "begin" : 2367,  "end" : 2371 }, 
        {"sofa" : 12,  "begin" : 2371,  "end" : 2372 }, 
        {"sofa" : 12,  "begin" : 2372,  "end" : 2376 }, 
        {"sofa" : 12,  "begin" : 2376,  "end" : 2377 }, 
        {"sofa" : 12,  "begin" : 2378,  "end" : 2382 }, 
        {"sofa" : 12,  "begin" : 2383,  "end" : 2385 }, 
        {"sofa" : 12,  "begin" : 2386,  "end" : 2389 }, 
        {"sofa" : 12,  "begin" : 2390,  "end" : 2398 }, 
        {"sofa" : 12,  "begin" : 2399,  "end" : 2402 }, 
        {"sofa" : 12,  "begin" : 2403,  "end" : 2408 }, 
        {"sofa" : 12,  "begin" : 2409,  "end" : 2413 }, 
        {"sofa" : 12,  "begin" : 2414,  "end" : 2416 }, 
        {"sofa" : 12,  "begin" : 2417,  "end" : 2422 }, 
        {"sofa" : 12,  "begin" : 2423,  "end" : 2432 }, 
        {"sofa" : 12,  "begin" : 2433,  "end" : 2436 }, 
        {"sofa" : 12,  "begin" : 2437,  "end" : 2441 }, 
        {"sofa" : 12,  "begin" : 2442,  "end" : 2443 }, 
        {"sofa" : 12,  "begin" : 2443,  "end" : 2446 }, 
        {"sofa" : 12,  "begin" : 2447,  "end" : 2454 }, 
        {"sofa" : 12,  "begin" : 2455,  "end" : 2459 }, 
        {"sofa" : 12,  "begin" : 2460,  "end" : 2469 }, 
        {"sofa" : 12,  "begin" : 2470,  "end" : 2473 }, 
        {"sofa" : 12,  "begin" : 2474,  "end" : 2478 }, 
        {"sofa" : 12,  "begin" : 2478,  "end" : 2479 }, 
        {"sofa" : 12,  "begin" : 2480,  "end" : 2490 }, 
        {"sofa" : 12,  "begin" : 2491,  "end" : 2495 }, 
        {"sofa" : 12,  "begin" : 2496,  "end" : 2499 }, 
        {"sofa" : 12,  "begin" : 2500,  "end" : 2504 }, 
        {"sofa" : 12,  "begin" : 2505,  "end" : 2507 }, 
        {"sofa" : 12,  "begin" : 2508,  "end" : 2509 }, 
        {"sofa" : 12,  "begin" : 2510,  "end" : 2514 }, 
        {"sofa" : 12,  "begin" : 2515,  "end" : 2522 }, 
        {"sofa" : 12,  "begin" : 2522,  "end" : 2523 }, 
        {"sofa" : 12,  "begin" : 2523,  "end" : 2524 }, 
        {"sofa" : 12,  "begin" : 2524,  "end" : 2525 }, 
        {"sofa" : 12,  "begin" : 2527,  "end" : 2531 }, 
        {"sofa" : 12,  "begin" : 2532,  "end" : 2534 }, 
        {"sofa" : 12,  "begin" : 2535,  "end" : 2536 }, 
        {"sofa" : 12,  "begin" : 2537,  "end" : 2546 }, 
        {"sofa" : 12,  "begin" : 2547,  "end" : 2556 }, 
        {"sofa" : 12,  "begin" : 2557,  "end" : 2561 }, 
        {"sofa" : 12,  "begin" : 2562,  "end" : 2565 }, 
        {"sofa" : 12,  "begin" : 2566,  "end" : 2569 }, 
        {"sofa" : 12,  "begin" : 2570,  "end" : 2584 }, 
        {"sofa" : 12,  "begin" : 2585,  "end" : 2594 }, 
        {"sofa" : 12,  "begin" : 2594,  "end" : 2595 }, 
        {"sofa" : 12,  "begin" : 2596,  "end" : 2598 }, 
        {"sofa" : 12,  "begin" : 2599,  "end" : 2602 }, 
        {"sofa" : 12,  "begin" : 2603,  "end" : 2606 }, 
        {"sofa" : 12,  "begin" : 2606,  "end" : 2607 }, 
        {"sofa" : 12,  "begin" : 2608,  "end" : 2618 }, 
        {"sofa" : 12,  "begin" : 2619,  "end" : 2624 }, 
        {"sofa" : 12,  "begin" : 2625,  "end" : 2628 }, 
        {"sofa" : 12,  "begin" : 2629,  "end" : 2641 }, 
        {"sofa" : 12,  "begin" : 2642,  "end" : 2648 }, 
        {"sofa" : 12,  "begin" : 2649,  "end" : 2652 }, 
        {"sofa" : 12,  "begin" : 2653,  "end" : 2661 }, 
        {"sofa" : 12,  "begin" : 2662,  "end" : 2672 }, 
        {"sofa" : 12,  "begin" : 2673,  "end" : 2679 }, 
        {"sofa" : 12,  "begin" : 2679,  "end" : 2680 }, 
        {"sofa" : 12,  "begin" : 2681,  "end" : 2689 }, 
        {"sofa" : 12,  "begin" : 2690,  "end" : 2694 }, 
        {"sofa" : 12,  "begin" : 2695,  "end" : 2697 }, 
        {"sofa" : 12,  "begin" : 2698,  "end" : 2705 }, 
        {"sofa" : 12,  "begin" : 2706,  "end" : 2709 }, 
        {"sofa" : 12,  "begin" : 2710,  "end" : 2720 }, 
        {"sofa" : 12,  "begin" : 2721,  "end" : 2730 }, 
        {"sofa" : 12,  "begin" : 2731,  "end" : 2733 }, 
        {"sofa" : 12,  "begin" : 2734,  "end" : 2737 }, 
        {"sofa" : 12,  "begin" : 2738,  "end" : 2741 }, 
        {"sofa" : 12,  "begin" : 2742,  "end" : 2745 }, 
        {"sofa" : 12,  "begin" : 2746,  "end" : 2754 }, 
        {"sofa" : 12,  "begin" : 2754,  "end" : 2755 }, 
        {"sofa" : 12,  "begin" : 2756,  "end" : 2765 }, 
        {"sofa" : 12,  "begin" : 2766,  "end" : 2768 }, 
        {"sofa" : 12,  "begin" : 2769,  "end" : 2777 }, 
        {"sofa" : 12,  "begin" : 2778,  "end" : 2779 }, 
        {"sofa" : 12,  "begin" : 2780,  "end" : 2791 }, 
        {"sofa" : 12,  "begin" : 2792,  "end" : 2794 }, 
        {"sofa" : 12,  "begin" : 2795,  "end" : 2798 }, 
        {"sofa" : 12,  "begin" : 2799,  "end" : 2806 }, 
        {"sofa" : 12,  "begin" : 2807,  "end" : 2809 }, 
        {"sofa" : 12,  "begin" : 2810,  "end" : 2811 }, 
        {"sofa" : 12,  "begin" : 2812,  "end" : 2815 }, 
        {"sofa" : 12,  "begin" : 2816,  "end" : 2821 }, 
        {"sofa" : 12,  "begin" : 2822,  "end" : 2825 }, 
        {"sofa" : 12,  "begin" : 2825,  "end" : 2826 }, 
        {"sofa" : 12,  "begin" : 2828,  "end" : 2832 }, 
        {"sofa" : 12,  "begin" : 2833,  "end" : 2838 }, 
        {"sofa" : 12,  "begin" : 2839,  "end" : 2847 }, 
        {"sofa" : 12,  "begin" : 2848,  "end" : 2850 }, 
        {"sofa" : 12,  "begin" : 2851,  "end" : 2857 }, 
        {"sofa" : 12,  "begin" : 2858,  "end" : 2867 }, 
        {"sofa" : 12,  "begin" : 2868,  "end" : 2876 }, 
        {"sofa" : 12,  "begin" : 2876,  "end" : 2877 }, 
        {"sofa" : 12,  "begin" : 2878,  "end" : 2883 }, 
        {"sofa" : 12,  "begin" : 2884,  "end" : 2890 }, 
        {"sofa" : 12,  "begin" : 2891,  "end" : 2896 }, 
        {"sofa" : 12,  "begin" : 2897,  "end" : 2902 }, 
        {"sofa" : 12,  "begin" : 2903,  "end" : 2906 }, 
        {"sofa" : 12,  "begin" : 2907,  "end" : 2916 }, 
        {"sofa" : 12,  "begin" : 2917,  "end" : 2920 }, 
        {"sofa" : 12,  "begin" : 2921,  "end" : 2927 }, 
        {"sofa" : 12,  "begin" : 2928,  "end" : 2931 }, 
        {"sofa" : 12,  "begin" : 2932,  "end" : 2939 }, 
        {"sofa" : 12,  "begin" : 2940,  "end" : 2942 }, 
        {"sofa" : 12,  "begin" : 2943,  "end" : 2947 }, 
        {"sofa" : 12,  "begin" : 2948,  "end" : 2951 }, 
        {"sofa" : 12,  "begin" : 2952,  "end" : 2954 }, 
        {"sofa" : 12,  "begin" : 2955,  "end" : 2958 }, 
        {"sofa" : 12,  "begin" : 2959,  "end" : 2963 }, 
        {"sofa" : 12,  "begin" : 2964,  "end" : 2971 }, 
        {"sofa" : 12,  "begin" : 2971,  "end" : 2972 }, 
        {"sofa" : 12,  "begin" : 2973,  "end" : 2976 }, 
        {"sofa" : 12,  "begin" : 2977,  "end" : 2981 }, 
        {"sofa" : 12,  "begin" : 2982,  "end" : 2984 }, 
        {"sofa" : 12,  "begin" : 2985,  "end" : 2989 }, 
        {"sofa" : 12,  "begin" : 2990,  "end" : 2994 }, 
        {"sofa" : 12,  "begin" : 2995,  "end" : 3006 }, 
        {"sofa" : 12,  "begin" : 3007,  "end" : 3015 }, 
        {"sofa" : 12,  "begin" : 3015,  "end" : 3016 }, 
        {"sofa" : 12,  "begin" : 3017,  "end" : 3024 }, 
        {"sofa" : 12,  "begin" : 3025,  "end" : 3029 }, 
        {"sofa" : 12,  "begin" : 3030,  "end" : 3033 }, 
        {"sofa" : 12,  "begin" : 3034,  "end" : 3042 }, 
        {"sofa" : 12,  "begin" : 3042,  "end" : 3043 }, 
        {"sofa" : 12,  "begin" : 3045,  "end" : 3048 }, 
        {"sofa" : 12,  "begin" : 3049,  "end" : 3054 }, 
        {"sofa" : 12,  "begin" : 3055,  "end" : 3066 }, 
        {"sofa" : 12,  "begin" : 3067,  "end" : 3073 }, 
        {"sofa" : 12,  "begin" : 3074,  "end" : 3078 }, 
        {"sofa" : 12,  "begin" : 3079,  "end" : 3083 }, 
        {"sofa" : 12,  "begin" : 3084,  "end" : 3090 }, 
        {"sofa" : 12,  "begin" : 3091,  "end" : 3094 }, 
        {"sofa" : 12,  "begin" : 3095,  "end" : 3104 }, 
        {"sofa" : 12,  "begin" : 3105,  "end" : 3107 }, 
        {"sofa" : 12,  "begin" : 3108,  "end" : 3110 }, 
        {"sofa" : 12,  "begin" : 3111,  "end" : 3113 }, 
        {"sofa" : 12,  "begin" : 3114,  "end" : 3117 }, 
        {"sofa" : 12,  "begin" : 3118,  "end" : 3129 }, 
        {"sofa" : 12,  "begin" : 3130,  "end" : 3134 }, 
        {"sofa" : 12,  "begin" : 3135,  "end" : 3138 }, 
        {"sofa" : 12,  "begin" : 3139,  "end" : 3147 }, 
        {"sofa" : 12,  "begin" : 3147,  "end" : 3148 }, 
        {"sofa" : 12,  "begin" : 3149,  "end" : 3152 }, 
        {"sofa" : 12,  "begin" : 3153,  "end" : 3164 }, 
        {"sofa" : 12,  "begin" : 3165,  "end" : 3167 }, 
        {"sofa" : 12,  "begin" : 3168,  "end" : 3171 }, 
        {"sofa" : 12,  "begin" : 3172,  "end" : 3177 }, 
        {"sofa" : 12,  "begin" : 3178,  "end" : 3180 }, 
        {"sofa" : 12,  "begin" : 3181,  "end" : 3186 }, 
        {"sofa" : 12,  "begin" : 3187,  "end" : 3189 }, 
        {"sofa" : 12,  "begin" : 3190,  "end" : 3198 }, 
        {"sofa" : 12,  "begin" : 3199,  "end" : 3203 }, 
        {"sofa" : 12,  "begin" : 3204,  "end" : 3207 }, 
        {"sofa" : 12,  "begin" : 3208,  "end" : 3211 }, 
        {"sofa" : 12,  "begin" : 3212,  "end" : 3219 }, 
        {"sofa" : 12,  "begin" : 3220,  "end" : 3221 }, 
        {"sofa" : 12,  "begin" : 3221,  "end" : 3223 }, 
        {"sofa" : 12,  "begin" : 3224,  "end" : 3229 }, 
        {"sofa" : 12,  "begin" : 3230,  "end" : 3232 }, 
        {"sofa" : 12,  "begin" : 3233,  "end" : 3236 }, 
        {"sofa" : 12,  "begin" : 3237,  "end" : 3241 }, 
        {"sofa" : 12,  "begin" : 3242,  "end" : 3244 }, 
        {"sofa" : 12,  "begin" : 3245,  "end" : 3249 }, 
        {"sofa" : 12,  "begin" : 3250,  "end" : 3257 }, 
        {"sofa" : 12,  "begin" : 3258,  "end" : 3259 }, 
        {"sofa" : 12,  "begin" : 3260,  "end" : 3264 }, 
        {"sofa" : 12,  "begin" : 3265,  "end" : 3269 }, 
        {"sofa" : 12,  "begin" : 3270,  "end" : 3274 }, 
        {"sofa" : 12,  "begin" : 3275,  "end" : 3280 }, 
        {"sofa" : 12,  "begin" : 3281,  "end" : 3283 }, 
        {"sofa" : 12,  "begin" : 3284,  "end" : 3290 }, 
        {"sofa" : 12,  "begin" : 3291,  "end" : 3296 }, 
        {"sofa" : 12,  "begin" : 3297,  "end" : 3301 }, 
        {"sofa" : 12,  "begin" : 3302,  "end" : 3307 }, 
        {"sofa" : 12,  "begin" : 3308,  "end" : 3315 }, 
        {"sofa" : 12,  "begin" : 3316,  "end" : 3318 }, 
        {"sofa" : 12,  "begin" : 3319,  "end" : 3321 }, 
        {"sofa" : 12,  "begin" : 3322,  "end" : 3326 }, 
        {"sofa" : 12,  "begin" : 3327,  "end" : 3330 }, 
        {"sofa" : 12,  "begin" : 3331,  "end" : 3335 }, 
        {"sofa" : 12,  "begin" : 3336,  "end" : 3345 }, 
        {"sofa" : 12,  "begin" : 3346,  "end" : 3349 }, 
        {"sofa" : 12,  "begin" : 3350,  "end" : 3355 }, 
        {"sofa" : 12,  "begin" : 3356,  "end" : 3360 }, 
        {"sofa" : 12,  "begin" : 3361,  "end" : 3365 }, 
        {"sofa" : 12,  "begin" : 3366,  "end" : 3369 }, 
        {"sofa" : 12,  "begin" : 3369,  "end" : 3370 }, 
        {"sofa" : 12,  "begin" : 3370,  "end" : 3371 }, 
        {"sofa" : 12,  "begin" : 3372,  "end" : 3375 }, 
        {"sofa" : 12,  "begin" : 3376,  "end" : 3379 }, 
        {"sofa" : 12,  "begin" : 3380,  "end" : 3383 }, 
        {"sofa" : 12,  "begin" : 3384,  "end" : 3388 }, 
        {"sofa" : 12,  "begin" : 3389,  "end" : 3391 }, 
        {"sofa" : 12,  "begin" : 3392,  "end" : 3394 }, 
        {"sofa" : 12,  "begin" : 3395,  "end" : 3403 }, 
        {"sofa" : 12,  "begin" : 3403,  "end" : 3404 }, 
        {"sofa" : 12,  "begin" : 3406,  "end" : 3409 }, 
        {"sofa" : 12,  "begin" : 3410,  "end" : 3419 }, 
        {"sofa" : 12,  "begin" : 3420,  "end" : 3427 }, 
        {"sofa" : 12,  "begin" : 3428,  "end" : 3435 }, 
        {"sofa" : 12,  "begin" : 3436,  "end" : 3441 }, 
        {"sofa" : 12,  "begin" : 3442,  "end" : 3450 }, 
        {"sofa" : 12,  "begin" : 3451,  "end" : 3455 }, 
        {"sofa" : 12,  "begin" : 3456,  "end" : 3459 }, 
        {"sofa" : 12,  "begin" : 3460,  "end" : 3466 }, 
        {"sofa" : 12,  "begin" : 3467,  "end" : 3469 }, 
        {"sofa" : 12,  "begin" : 3470,  "end" : 3477 }, 
        {"sofa" : 12,  "begin" : 3477,  "end" : 3478 }, 
        {"sofa" : 12,  "begin" : 3479,  "end" : 3484 }, 
        {"sofa" : 12,  "begin" : 3485,  "end" : 3488 }, 
        {"sofa" : 12,  "begin" : 3489,  "end" : 3493 }, 
        {"sofa" : 12,  "begin" : 3494,  "end" : 3499 }, 
        {"sofa" : 12,  "begin" : 3500,  "end" : 3503 }, 
        {"sofa" : 12,  "begin" : 3504,  "end" : 3510 }, 
        {"sofa" : 12,  "begin" : 3511,  "end" : 3513 }, 
        {"sofa" : 12,  "begin" : 3514,  "end" : 3522 }, 
        {"sofa" : 12,  "begin" : 3523,  "end" : 3527 }, 
        {"sofa" : 12,  "begin" : 3528,  "end" : 3531 }, 
        {"sofa" : 12,  "begin" : 3532,  "end" : 3539 }, 
        {"sofa" : 12,  "begin" : 3540,  "end" : 3543 }, 
        {"sofa" : 12,  "begin" : 3544,  "end" : 3548 }, 
        {"sofa" : 12,  "begin" : 3549,  "end" : 3552 }, 
        {"sofa" : 12,  "begin" : 3552,  "end" : 3553 }, 
        {"sofa" : 12,  "begin" : 3554,  "end" : 3556 }, 
        {"sofa" : 12,  "begin" : 3557,  "end" : 3561 }, 
        {"sofa" : 12,  "begin" : 3562,  "end" : 3564 }, 
        {"sofa" : 12,  "begin" : 3565,  "end" : 3568 }, 
        {"sofa" : 12,  "begin" : 3569,  "end" : 3577 }, 
        {"sofa" : 12,  "begin" : 3578,  "end" : 3582 }, 
        {"sofa" : 12,  "begin" : 3583,  "end" : 3590 }, 
        {"sofa" : 12,  "begin" : 3590,  "end" : 3591 }, 
        {"sofa" : 12,  "begin" : 3592,  "end" : 3595 }, 
        {"sofa" : 12,  "begin" : 3596,  "end" : 3598 }, 
        {"sofa" : 12,  "begin" : 3599,  "end" : 3606 }, 
        {"sofa" : 12,  "begin" : 3607,  "end" : 3610 }, 
        {"sofa" : 12,  "begin" : 3611,  "end" : 3617 }, 
        {"sofa" : 12,  "begin" : 3618,  "end" : 3622 }, 
        {"sofa" : 12,  "begin" : 3623,  "end" : 3629 }, 
        {"sofa" : 12,  "begin" : 3629,  "end" : 3630 }, 
        {"sofa" : 12,  "begin" : 3632,  "end" : 3635 }, 
        {"sofa" : 12,  "begin" : 3636,  "end" : 3643 }, 
        {"sofa" : 12,  "begin" : 3644,  "end" : 3650 }, 
        {"sofa" : 12,  "begin" : 3651,  "end" : 3654 }, 
        {"sofa" : 12,  "begin" : 3655,  "end" : 3658 }, 
        {"sofa" : 12,  "begin" : 3659,  "end" : 3668 }, 
        {"sofa" : 12,  "begin" : 3669,  "end" : 3676 }, 
        {"sofa" : 12,  "begin" : 3677,  "end" : 3680 }, 
        {"sofa" : 12,  "begin" : 3681,  "end" : 3688 }, 
        {"sofa" : 12,  "begin" : 3689,  "end" : 3691 }, 
        {"sofa" : 12,  "begin" : 3692,  "end" : 3697 }, 
        {"sofa" : 12,  "begin" : 3698,  "end" : 3702 }, 
        {"sofa" : 12,  "begin" : 3703,  "end" : 3704 }, 
        {"sofa" : 12,  "begin" : 3704,  "end" : 3707 }, 
        {"sofa" : 12,  "begin" : 3708,  "end" : 3711 }, 
        {"sofa" : 12,  "begin" : 3711,  "end" : 3712 }, 
        {"sofa" : 12,  "begin" : 3712,  "end" : 3713 }, 
        {"sofa" : 12,  "begin" : 3715,  "end" : 3717 }, 
        {"sofa" : 12,  "begin" : 3718,  "end" : 3721 }, 
        {"sofa" : 12,  "begin" : 3722,  "end" : 3729 }, 
        {"sofa" : 12,  "begin" : 3730,  "end" : 3741 }, 
        {"sofa" : 12,  "begin" : 3742,  "end" : 3749 }, 
        {"sofa" : 12,  "begin" : 3750,  "end" : 3757 }, 
        {"sofa" : 12,  "begin" : 3757,  "end" : 3758 }, 
        {"sofa" : 12,  "begin" : 3759,  "end" : 3763 }, 
        {"sofa" : 12,  "begin" : 3764,  "end" : 3766 }, 
        {"sofa" : 12,  "begin" : 3767,  "end" : 3771 }, 
        {"sofa" : 12,  "begin" : 3772,  "end" : 3774 }, 
        {"sofa" : 12,  "begin" : 3775,  "end" : 3782 }, 
        {"sofa" : 12,  "begin" : 3782,  "end" : 3783 }, 
        {"sofa" : 12,  "begin" : 3785,  "end" : 3786 }, 
        {"sofa" : 12,  "begin" : 3786,  "end" : 3792 }, 
        {"sofa" : 12,  "begin" : 3793,  "end" : 3794 }, 
        {"sofa" : 12,  "begin" : 3795,  "end" : 3801 }, 
        {"sofa" : 12,  "begin" : 3802,  "end" : 3818 }, 
        {"sofa" : 12,  "begin" : 3818,  "end" : 3819 }, 
        {"sofa" : 12,  "begin" : 3820,  "end" : 3823 }, 
        {"sofa" : 12,  "begin" : 3824,  "end" : 3825 }, 
        {"sofa" : 12,  "begin" : 3825,  "end" : 3829 }, 
        {"sofa" : 12,  "begin" : 3829,  "end" : 3830 }, 
        {"sofa" : 12,  "begin" : 3831,  "end" : 3838 }, 
        {"sofa" : 12,  "begin" : 3839,  "end" : 3848 }, 
        {"sofa" : 12,  "begin" : 3849,  "end" : 3859 }, 
        {"sofa" : 12,  "begin" : 3860,  "end" : 3863 }, 
        {"sofa" : 12,  "begin" : 3864,  "end" : 3866 }, 
        {"sofa" : 12,  "begin" : 3867,  "end" : 3868 }, 
        {"sofa" : 12,  "begin" : 3868,  "end" : 3872 }, 
        {"sofa" : 12,  "begin" : 3872,  "end" : 3873 }, 
        {"sofa" : 12,  "begin" : 3875,  "end" : 3882 }, 
        {"sofa" : 12,  "begin" : 3883,  "end" : 3893 }, 
        {"sofa" : 12,  "begin" : 3894,  "end" : 3905 }, 
        {"sofa" : 12,  "begin" : 3906,  "end" : 3907 }, 
        {"sofa" : 12,  "begin" : 3908,  "end" : 3915 }, 
        {"sofa" : 12,  "begin" : 3916,  "end" : 3923 }, 
        {"sofa" : 12,  "begin" : 3924,  "end" : 3929 }, 
        {"sofa" : 12,  "begin" : 3929,  "end" : 3930 }, 
        {"sofa" : 12,  "begin" : 3931,  "end" : 3933 }, 
        {"sofa" : 12,  "begin" : 3934,  "end" : 3940 }, 
        {"sofa" : 12,  "begin" : 3941,  "end" : 3945 }, 
        {"sofa" : 12,  "begin" : 3946,  "end" : 3954 }, 
        {"sofa" : 12,  "begin" : 3955,  "end" : 3961 }, 
        {"sofa" : 12,  "begin" : 3962,  "end" : 3964 }, 
        {"sofa" : 12,  "begin" : 3965,  "end" : 3969 }, 
        {"sofa" : 12,  "begin" : 3970,  "end" : 3986 }, 
        {"sofa" : 12,  "begin" : 3986,  "end" : 3987 }, 
        {"sofa" : 12,  "begin" : 3988,  "end" : 3989 }, 
        {"sofa" : 12,  "begin" : 3990,  "end" : 3995 }, 
        {"sofa" : 12,  "begin" : 3996,  "end" : 3998 }, 
        {"sofa" : 12,  "begin" : 3999,  "end" : 4001 }, 
        {"sofa" : 12,  "begin" : 4002,  "end" : 4008 }, 
        {"sofa" : 12,  "begin" : 4009,  "end" : 4013 }, 
        {"sofa" : 12,  "begin" : 4014,  "end" : 4022 }, 
        {"sofa" : 12,  "begin" : 4023,  "end" : 4029 }, 
        {"sofa" : 12,  "begin" : 4030,  "end" : 4033 }, 
        {"sofa" : 12,  "begin" : 4034,  "end" : 4040 }, 
        {"sofa" : 12,  "begin" : 4041,  "end" : 4044 }, 
        {"sofa" : 12,  "begin" : 4045,  "end" : 4047 }, 
        {"sofa" : 12,  "begin" : 4047,  "end" : 4048 }, 
        {"sofa" : 12,  "begin" : 4048,  "end" : 4051 }, 
        {"sofa" : 12,  "begin" : 4052,  "end" : 4068 }, 
        {"sofa" : 12,  "begin" : 4068,  "end" : 4069 }, 
        {"sofa" : 12,  "begin" : 4070,  "end" : 4071 }, 
        {"sofa" : 12,  "begin" : 4071,  "end" : 4075 }, 
        {"sofa" : 12,  "begin" : 4075,  "end" : 4076 }, 
        {"sofa" : 12,  "begin" : 4077,  "end" : 4082 }, 
        {"sofa" : 12,  "begin" : 4083,  "end" : 4090 }, 
        {"sofa" : 12,  "begin" : 4091,  "end" : 4100 }, 
        {"sofa" : 12,  "begin" : 4101,  "end" : 4111 }, 
        {"sofa" : 12,  "begin" : 4112,  "end" : 4115 }, 
        {"sofa" : 12,  "begin" : 4116,  "end" : 4117 }, 
        {"sofa" : 12,  "begin" : 4118,  "end" : 4119 }, 
        {"sofa" : 12,  "begin" : 4119,  "end" : 4123 }, 
        {"sofa" : 12,  "begin" : 4123,  "end" : 4124 }, 
        {"sofa" : 12,  "begin" : 4125,  "end" : 4130 }, 
        {"sofa" : 12,  "begin" : 4131,  "end" : 4138 }, 
        {"sofa" : 12,  "begin" : 4139,  "end" : 4140 }, 
        {"sofa" : 12,  "begin" : 4141,  "end" : 4151 }, 
        {"sofa" : 12,  "begin" : 4151,  "end" : 4152 }, 
        {"sofa" : 12,  "begin" : 4153,  "end" : 4156 }, 
        {"sofa" : 12,  "begin" : 4157,  "end" : 4165 }, 
        {"sofa" : 12,  "begin" : 4166,  "end" : 4168 }, 
        {"sofa" : 12,  "begin" : 4169,  "end" : 4174 }, 
        {"sofa" : 12,  "begin" : 4175,  "end" : 4187 }, 
        {"sofa" : 12,  "begin" : 4188,  "end" : 4191 }, 
        {"sofa" : 12,  "begin" : 4192,  "end" : 4193 }, 
        {"sofa" : 12,  "begin" : 4194,  "end" : 4201 }, 
        {"sofa" : 12,  "begin" : 4202,  "end" : 4209 }, 
        {"sofa" : 12,  "begin" : 4210,  "end" : 4212 }, 
        {"sofa" : 12,  "begin" : 4213,  "end" : 4220 }, 
        {"sofa" : 12,  "begin" : 4220,  "end" : 4221 }, 
        {"sofa" : 12,  "begin" : 4222,  "end" : 4229 }, 
        {"sofa" : 12,  "begin" : 4229,  "end" : 4230 }, 
        {"sofa" : 12,  "begin" : 4231,  "end" : 4241 }, 
        {"sofa" : 12,  "begin" : 4241,  "end" : 4242 }, 
        {"sofa" : 12,  "begin" : 4243,  "end" : 4248 }, 
        {"sofa" : 12,  "begin" : 4248,  "end" : 4249 }, 
        {"sofa" : 12,  "begin" : 4250,  "end" : 4253 }, 
        {"sofa" : 12,  "begin" : 4253,  "end" : 4254 }, 
        {"sofa" : 12,  "begin" : 4254,  "end" : 4256 }, 
        {"sofa" : 12,  "begin" : 4257,  "end" : 4268 }, 
        {"sofa" : 12,  "begin" : 4269,  "end" : 4277 }, 
        {"sofa" : 12,  "begin" : 4277,  "end" : 4278 }, 
        {"sofa" : 12,  "begin" : 4279,  "end" : 4281 }, 
        {"sofa" : 12,  "begin" : 4282,  "end" : 4288 }, 
        {"sofa" : 12,  "begin" : 4289,  "end" : 4293 }, 
        {"sofa" : 12,  "begin" : 4294,  "end" : 4304 }, 
        {"sofa" : 12,  "begin" : 4305,  "end" : 4307 }, 
        {"sofa" : 12,  "begin" : 4308,  "end" : 4310 }, 
        {"sofa" : 12,  "begin" : 4311,  "end" : 4317 }, 
        {"sofa" : 12,  "begin" : 4318,  "end" : 4320 }, 
        {"sofa" : 12,  "begin" : 4321,  "end" : 4332 }, 
        {"sofa" : 12,  "begin" : 4332,  "end" : 4333 }, 
        {"sofa" : 12,  "begin" : 4333,  "end" : 4334 }, 
        {"sofa" : 12,  "begin" : 4336,  "end" : 4340 }, 
        {"sofa" : 12,  "begin" : 4341,  "end" : 4350 }, 
        {"sofa" : 12,  "begin" : 4351,  "end" : 4358 }, 
        {"sofa" : 12,  "begin" : 4359,  "end" : 4363 }, 
        {"sofa" : 12,  "begin" : 4364,  "end" : 4366 }, 
        {"sofa" : 12,  "begin" : 4367,  "end" : 4374 }, 
        {"sofa" : 12,  "begin" : 4375,  "end" : 4379 }, 
        {"sofa" : 12,  "begin" : 4379,  "end" : 4380 }, 
        {"sofa" : 12,  "begin" : 4381,  "end" : 4386 }, 
        {"sofa" : 12,  "begin" : 4387,  "end" : 4393 }, 
        {"sofa" : 12,  "begin" : 4394,  "end" : 4400 }, 
        {"sofa" : 12,  "begin" : 4401,  "end" : 4403 }, 
        {"sofa" : 12,  "begin" : 4404,  "end" : 4412 }, 
        {"sofa" : 12,  "begin" : 4413,  "end" : 4417 }, 
        {"sofa" : 12,  "begin" : 4418,  "end" : 4421 }, 
        {"sofa" : 12,  "begin" : 4422,  "end" : 4424 }, 
        {"sofa" : 12,  "begin" : 4425,  "end" : 4431 }, 
        {"sofa" : 12,  "begin" : 4432,  "end" : 4434 }, 
        {"sofa" : 12,  "begin" : 4435,  "end" : 4436 }, 
        {"sofa" : 12,  "begin" : 4437,  "end" : 4444 }, 
        {"sofa" : 12,  "begin" : 4445,  "end" : 4451 }, 
        {"sofa" : 12,  "begin" : 4452,  "end" : 4454 }, 
        {"sofa" : 12,  "begin" : 4455,  "end" : 4458 }, 
        {"sofa" : 12,  "begin" : 4459,  "end" : 4462 }, 
        {"sofa" : 12,  "begin" : 4463,  "end" : 4470 }, 
        {"sofa" : 12,  "begin" : 4470,  "end" : 4471 }, 
        {"sofa" : 12,  "begin" : 4472,  "end" : 4476 }, 
        {"sofa" : 12,  "begin" : 4477,  "end" : 4484 }, 
        {"sofa" : 12,  "begin" : 4485,  "end" : 4494 }, 
        {"sofa" : 12,  "begin" : 4494,  "end" : 4495 }, 
        {"sofa" : 12,  "begin" : 4497,  "end" : 4498 }, 
        {"sofa" : 12,  "begin" : 4498,  "end" : 4499 }, 
        {"sofa" : 12,  "begin" : 4500,  "end" : 4502 }, 
        {"sofa" : 12,  "begin" : 4503,  "end" : 4507 }, 
        {"sofa" : 12,  "begin" : 4508,  "end" : 4513 }, 
        {"sofa" : 12,  "begin" : 4514,  "end" : 4517 }, 
        {"sofa" : 12,  "begin" : 4518,  "end" : 4522 }, 
        {"sofa" : 12,  "begin" : 4523,  "end" : 4531 }, 
        {"sofa" : 12,  "begin" : 4532,  "end" : 4536 }, 
        {"sofa" : 12,  "begin" : 4537,  "end" : 4538 }, 
        {"sofa" : 12,  "begin" : 4538,  "end" : 4540 }, 
        {"sofa" : 12,  "begin" : 4541,  "end" : 4547 }, 
        {"sofa" : 12,  "begin" : 4548,  "end" : 4552 }, 
        {"sofa" : 12,  "begin" : 4553,  "end" : 4563 }, 
        {"sofa" : 12,  "begin" : 4564,  "end" : 4566 }, 
        {"sofa" : 12,  "begin" : 4567,  "end" : 4569 }, 
        {"sofa" : 12,  "begin" : 4570,  "end" : 4576 }, 
        {"sofa" : 12,  "begin" : 4577,  "end" : 4579 }, 
        {"sofa" : 12,  "begin" : 4580,  "end" : 4591 }, 
        {"sofa" : 12,  "begin" : 4591,  "end" : 4592 }, 
        {"sofa" : 12,  "begin" : 4592,  "end" : 4593 }, 
        {"sofa" : 12,  "begin" : 4593,  "end" : 4594 }, 
        {"sofa" : 12,  "begin" : 4596,  "end" : 4597 }, 
        {"sofa" : 12,  "begin" : 4597,  "end" : 4598 }, 
        {"sofa" : 12,  "begin" : 4599,  "end" : 4601 }, 
        {"sofa" : 12,  "begin" : 4601,  "end" : 4602 }, 
        {"sofa" : 12,  "begin" : 4603,  "end" : 4605 }, 
        {"sofa" : 12,  "begin" : 4606,  "end" : 4608 }, 
        {"sofa" : 12,  "begin" : 4609,  "end" : 4611 }, 
        {"sofa" : 12,  "begin" : 4612,  "end" : 4619 }, 
        {"sofa" : 12,  "begin" : 4619,  "end" : 4620 }, 
        {"sofa" : 12,  "begin" : 4621,  "end" : 4624 }, 
        {"sofa" : 12,  "begin" : 4625,  "end" : 4633 }, 
        {"sofa" : 12,  "begin" : 4634,  "end" : 4636 }, 
        {"sofa" : 12,  "begin" : 4637,  "end" : 4642 }, 
        {"sofa" : 12,  "begin" : 4643,  "end" : 4645 }, 
        {"sofa" : 12,  "begin" : 4646,  "end" : 4652 }, 
        {"sofa" : 12,  "begin" : 4653,  "end" : 4657 }, 
        {"sofa" : 12,  "begin" : 4658,  "end" : 4664 }, 
        {"sofa" : 12,  "begin" : 4665,  "end" : 4667 }, 
        {"sofa" : 12,  "begin" : 4668,  "end" : 4680 }, 
        {"sofa" : 12,  "begin" : 4681,  "end" : 4691 }, 
        {"sofa" : 12,  "begin" : 4691,  "end" : 4692 }, 
        {"sofa" : 12,  "begin" : 4693,  "end" : 4696 }, 
        {"sofa" : 12,  "begin" : 4697,  "end" : 4701 }, 
        {"sofa" : 12,  "begin" : 4702,  "end" : 4707 }, 
        {"sofa" : 12,  "begin" : 4708,  "end" : 4710 }, 
        {"sofa" : 12,  "begin" : 4711,  "end" : 4717 }, 
        {"sofa" : 12,  "begin" : 4718,  "end" : 4720 }, 
        {"sofa" : 12,  "begin" : 4721,  "end" : 4724 }, 
        {"sofa" : 12,  "begin" : 4725,  "end" : 4730 }, 
        {"sofa" : 12,  "begin" : 4731,  "end" : 4733 }, 
        {"sofa" : 12,  "begin" : 4734,  "end" : 4738 }, 
        {"sofa" : 12,  "begin" : 4738,  "end" : 4739 }, 
        {"sofa" : 12,  "begin" : 4740,  "end" : 4749 }, 
        {"sofa" : 12,  "begin" : 4750,  "end" : 4753 }, 
        {"sofa" : 12,  "begin" : 4754,  "end" : 4760 }, 
        {"sofa" : 12,  "begin" : 4760,  "end" : 4761 }, 
        {"sofa" : 12,  "begin" : 4762,  "end" : 4764 }, 
        {"sofa" : 12,  "begin" : 4765,  "end" : 4768 }, 
        {"sofa" : 12,  "begin" : 4769,  "end" : 4781 }, 
        {"sofa" : 12,  "begin" : 4782,  "end" : 4784 }, 
        {"sofa" : 12,  "begin" : 4785,  "end" : 4788 }, 
        {"sofa" : 12,  "begin" : 4789,  "end" : 4796 }, 
        {"sofa" : 12,  "begin" : 4797,  "end" : 4800 }, 
        {"sofa" : 12,  "begin" : 4801,  "end" : 4813 }, 
        {"sofa" : 12,  "begin" : 4814,  "end" : 4824 }, 
        {"sofa" : 12,  "begin" : 4824,  "end" : 4825 }, 
        {"sofa" : 12,  "begin" : 4826,  "end" : 4828 }, 
        {"sofa" : 12,  "begin" : 4829,  "end" : 4836 }, 
        {"sofa" : 12,  "begin" : 4837,  "end" : 4843 }, 
        {"sofa" : 12,  "begin" : 4844,  "end" : 4847 }, 
        {"sofa" : 12,  "begin" : 4848,  "end" : 4855 }, 
        {"sofa" : 12,  "begin" : 4856,  "end" : 4859 }, 
        {"sofa" : 12,  "begin" : 4860,  "end" : 4864 }, 
        {"sofa" : 12,  "begin" : 4865,  "end" : 4872 }, 
        {"sofa" : 12,  "begin" : 4872,  "end" : 4873 }, 
        {"sofa" : 12,  "begin" : 4875,  "end" : 4876 }, 
        {"sofa" : 12,  "begin" : 4876,  "end" : 4877 }, 
        {"sofa" : 12,  "begin" : 4878,  "end" : 4881 }, 
        {"sofa" : 12,  "begin" : 4882,  "end" : 4886 }, 
        {"sofa" : 12,  "begin" : 4887,  "end" : 4890 }, 
        {"sofa" : 12,  "begin" : 4891,  "end" : 4898 }, 
        {"sofa" : 12,  "begin" : 4899,  "end" : 4906 }, 
        {"sofa" : 12,  "begin" : 4907,  "end" : 4910 }, 
        {"sofa" : 12,  "begin" : 4911,  "end" : 4916 }, 
        {"sofa" : 12,  "begin" : 4917,  "end" : 4919 }, 
        {"sofa" : 12,  "begin" : 4920,  "end" : 4927 }, 
        {"sofa" : 12,  "begin" : 4928,  "end" : 4935 }, 
        {"sofa" : 12,  "begin" : 4936,  "end" : 4938 }, 
        {"sofa" : 12,  "begin" : 4939,  "end" : 4942 }, 
        {"sofa" : 12,  "begin" : 4943,  "end" : 4950 }, 
        {"sofa" : 12,  "begin" : 4951,  "end" : 4958 }, 
        {"sofa" : 12,  "begin" : 4959,  "end" : 4961 }, 
        {"sofa" : 12,  "begin" : 4962,  "end" : 4967 }, 
        {"sofa" : 12,  "begin" : 4968,  "end" : 4971 }, 
        {"sofa" : 12,  "begin" : 4972,  "end" : 4975 }, 
        {"sofa" : 12,  "begin" : 4976,  "end" : 4979 }, 
        {"sofa" : 12,  "begin" : 4980,  "end" : 4983 }, 
        {"sofa" : 12,  "begin" : 4983,  "end" : 4984 }, 
        {"sofa" : 12,  "begin" : 4985,  "end" : 4989 }, 
        {"sofa" : 12,  "begin" : 4990,  "end" : 4995 }, 
        {"sofa" : 12,  "begin" : 4996,  "end" : 4999 }, 
        {"sofa" : 12,  "begin" : 5000,  "end" : 5011 }, 
        {"sofa" : 12,  "begin" : 5012,  "end" : 5023 }, 
        {"sofa" : 12,  "begin" : 5023,  "end" : 5024 }, 
        {"sofa" : 12,  "begin" : 5025,  "end" : 5028 }, 
        {"sofa" : 12,  "begin" : 5029,  "end" : 5034 }, 
        {"sofa" : 12,  "begin" : 5035,  "end" : 5037 }, 
        {"sofa" : 12,  "begin" : 5038,  "end" : 5046 }, 
        {"sofa" : 12,  "begin" : 5047,  "end" : 5052 }, 
        {"sofa" : 12,  "begin" : 5053,  "end" : 5055 }, 
        {"sofa" : 12,  "begin" : 5056,  "end" : 5059 }, 
        {"sofa" : 12,  "begin" : 5060,  "end" : 5067 }, 
        {"sofa" : 12,  "begin" : 5068,  "end" : 5074 }, 
        {"sofa" : 12,  "begin" : 5075,  "end" : 5078 }, 
        {"sofa" : 12,  "begin" : 5079,  "end" : 5083 }, 
        {"sofa" : 12,  "begin" : 5084,  "end" : 5088 }, 
        {"sofa" : 12,  "begin" : 5089,  "end" : 5094 }, 
        {"sofa" : 12,  "begin" : 5095,  "end" : 5101 }, 
        {"sofa" : 12,  "begin" : 5102,  "end" : 5105 }, 
        {"sofa" : 12,  "begin" : 5106,  "end" : 5113 }, 
        {"sofa" : 12,  "begin" : 5114,  "end" : 5120 }, 
        {"sofa" : 12,  "begin" : 5121,  "end" : 5124 }, 
        {"sofa" : 12,  "begin" : 5125,  "end" : 5128 }, 
        {"sofa" : 12,  "begin" : 5129,  "end" : 5135 }, 
        {"sofa" : 12,  "begin" : 5135,  "end" : 5136 }, 
        {"sofa" : 12,  "begin" : 5137,  "end" : 5140 }, 
        {"sofa" : 12,  "begin" : 5141,  "end" : 5145 }, 
        {"sofa" : 12,  "begin" : 5146,  "end" : 5151 }, 
        {"sofa" : 12,  "begin" : 5152,  "end" : 5157 }, 
        {"sofa" : 12,  "begin" : 5158,  "end" : 5161 }, 
        {"sofa" : 12,  "begin" : 5162,  "end" : 5166 }, 
        {"sofa" : 12,  "begin" : 5167,  "end" : 5171 }, 
        {"sofa" : 12,  "begin" : 5172,  "end" : 5176 }, 
        {"sofa" : 12,  "begin" : 5177,  "end" : 5180 }, 
        {"sofa" : 12,  "begin" : 5181,  "end" : 5186 }, 
        {"sofa" : 12,  "begin" : 5187,  "end" : 5190 }, 
        {"sofa" : 12,  "begin" : 5191,  "end" : 5192 }, 
        {"sofa" : 12,  "begin" : 5192,  "end" : 5200 }, 
        {"sofa" : 12,  "begin" : 5200,  "end" : 5201 }, 
        {"sofa" : 12,  "begin" : 5202,  "end" : 5205 }, 
        {"sofa" : 12,  "begin" : 5206,  "end" : 5209 }, 
        {"sofa" : 12,  "begin" : 5210,  "end" : 5215 }, 
        {"sofa" : 12,  "begin" : 5216,  "end" : 5228 }, 
        {"sofa" : 12,  "begin" : 5229,  "end" : 5239 }, 
        {"sofa" : 12,  "begin" : 5239,  "end" : 5240 }, 
        {"sofa" : 12,  "begin" : 5241,  "end" : 5242 }, 
        {"sofa" : 12,  "begin" : 5243,  "end" : 5251 }, 
        {"sofa" : 12,  "begin" : 5252,  "end" : 5257 }, 
        {"sofa" : 12,  "begin" : 5258,  "end" : 5264 }, 
        {"sofa" : 12,  "begin" : 5265,  "end" : 5267 }, 
        {"sofa" : 12,  "begin" : 5268,  "end" : 5270 }, 
        {"sofa" : 12,  "begin" : 5271,  "end" : 5274 }, 
        {"sofa" : 12,  "begin" : 5275,  "end" : 5277 }, 
        {"sofa" : 12,  "begin" : 5278,  "end" : 5281 }, 
        {"sofa" : 12,  "begin" : 5282,  "end" : 5284 }, 
        {"sofa" : 12,  "begin" : 5284,  "end" : 5285 }, 
        {"sofa" : 12,  "begin" : 5287,  "end" : 5294 }, 
        {"sofa" : 12,  "begin" : 5295,  "end" : 5300 }, 
        {"sofa" : 12,  "begin" : 5300,  "end" : 5301 }, 
        {"sofa" : 12,  "begin" : 5302,  "end" : 5307 }, 
        {"sofa" : 12,  "begin" : 5308,  "end" : 5310 }, 
        {"sofa" : 12,  "begin" : 5311,  "end" : 5315 }, 
        {"sofa" : 12,  "begin" : 5316,  "end" : 5319 }, 
        {"sofa" : 12,  "begin" : 5320,  "end" : 5321 }, 
        {"sofa" : 12,  "begin" : 5321,  "end" : 5328 }, 
        {"sofa" : 12,  "begin" : 5329,  "end" : 5336 }, 
        {"sofa" : 12,  "begin" : 5337,  "end" : 5342 }, 
        {"sofa" : 12,  "begin" : 5342,  "end" : 5343 }, 
        {"sofa" : 12,  "begin" : 5343,  "end" : 5344 }, 
        {"sofa" : 12,  "begin" : 5345,  "end" : 5350 }, 
        {"sofa" : 12,  "begin" : 5351,  "end" : 5355 }, 
        {"sofa" : 12,  "begin" : 5356,  "end" : 5359 }, 
        {"sofa" : 12,  "begin" : 5360,  "end" : 5365 }, 
        {"sofa" : 12,  "begin" : 5366,  "end" : 5367 }, 
        {"sofa" : 12,  "begin" : 5367,  "end" : 5374 }, 
        {"sofa" : 12,  "begin" : 5374,  "end" : 5375 }, 
        {"sofa" : 12,  "begin" : 5376,  "end" : 5383 }, 
        {"sofa" : 12,  "begin" : 5384,  "end" : 5390 }, 
        {"sofa" : 12,  "begin" : 5390,  "end" : 5391 }, 
        {"sofa" : 12,  "begin" : 5392,  "end" : 5395 }, 
        {"sofa" : 12,  "begin" : 5396,  "end" : 5397 }, 
        {"sofa" : 12,  "begin" : 5398,  "end" : 5403 }, 
        {"sofa" : 12,  "begin" : 5404,  "end" : 5406 }, 
        {"sofa" : 12,  "begin" : 5407,  "end" : 5410 }, 
        {"sofa" : 12,  "begin" : 5411,  "end" : 5418 }, 
        {"sofa" : 12,  "begin" : 5419,  "end" : 5426 }, 
        {"sofa" : 12,  "begin" : 5427,  "end" : 5433 }, 
        {"sofa" : 12,  "begin" : 5433,  "end" : 5434 }, 
        {"sofa" : 12,  "begin" : 5435,  "end" : 5438 }, 
        {"sofa" : 12,  "begin" : 5439,  "end" : 5441 }, 
        {"sofa" : 12,  "begin" : 5442,  "end" : 5446 }, 
        {"sofa" : 12,  "begin" : 5447,  "end" : 5452 }, 
        {"sofa" : 12,  "begin" : 5453,  "end" : 5465 }, 
        {"sofa" : 12,  "begin" : 5465,  "end" : 5466 }, 
        {"sofa" : 12,  "begin" : 5468,  "end" : 5470 }, 
        {"sofa" : 12,  "begin" : 5471,  "end" : 5475 }, 
        {"sofa" : 12,  "begin" : 5476,  "end" : 5480 }, 
        {"sofa" : 12,  "begin" : 5481,  "end" : 5484 }, 
        {"sofa" : 12,  "begin" : 5485,  "end" : 5495 }, 
        {"sofa" : 12,  "begin" : 5496,  "end" : 5497 }, 
        {"sofa" : 12,  "begin" : 5498,  "end" : 5507 }, 
        {"sofa" : 12,  "begin" : 5508,  "end" : 5512 }, 
        {"sofa" : 12,  "begin" : 5513,  "end" : 5517 }, 
        {"sofa" : 12,  "begin" : 5518,  "end" : 5524 }, 
        {"sofa" : 12,  "begin" : 5525,  "end" : 5533 }, 
        {"sofa" : 12,  "begin" : 5534,  "end" : 5537 }, 
        {"sofa" : 12,  "begin" : 5538,  "end" : 5542 }, 
        {"sofa" : 12,  "begin" : 5543,  "end" : 5545 }, 
        {"sofa" : 12,  "begin" : 5546,  "end" : 5548 }, 
        {"sofa" : 12,  "begin" : 5549,  "end" : 5552 }, 
        {"sofa" : 12,  "begin" : 5553,  "end" : 5559 }, 
        {"sofa" : 12,  "begin" : 5559,  "end" : 5560 }, 
        {"sofa" : 12,  "begin" : 5561,  "end" : 5565 }, 
        {"sofa" : 12,  "begin" : 5566,  "end" : 5567 }, 
        {"sofa" : 12,  "begin" : 5568,  "end" : 5573 }, 
        {"sofa" : 12,  "begin" : 5574,  "end" : 5578 }, 
        {"sofa" : 12,  "begin" : 5579,  "end" : 5583 }, 
        {"sofa" : 12,  "begin" : 5584,  "end" : 5588 }, 
        {"sofa" : 12,  "begin" : 5588,  "end" : 5589 }, 
        {"sofa" : 12,  "begin" : 5590,  "end" : 5593 }, 
        {"sofa" : 12,  "begin" : 5594,  "end" : 5597 }, 
        {"sofa" : 12,  "begin" : 5597,  "end" : 5598 }, 
        {"sofa" : 12,  "begin" : 5599,  "end" : 5601 }, 
        {"sofa" : 12,  "begin" : 5602,  "end" : 5604 }, 
        {"sofa" : 12,  "begin" : 5605,  "end" : 5609 }, 
        {"sofa" : 12,  "begin" : 5610,  "end" : 5612 }, 
        {"sofa" : 12,  "begin" : 5613,  "end" : 5625 }, 
        {"sofa" : 12,  "begin" : 5626,  "end" : 5633 }, 
        {"sofa" : 12,  "begin" : 5634,  "end" : 5637 }, 
        {"sofa" : 12,  "begin" : 5638,  "end" : 5644 }, 
        {"sofa" : 12,  "begin" : 5645,  "end" : 5649 }, 
        {"sofa" : 12,  "begin" : 5650,  "end" : 5655 }, 
        {"sofa" : 12,  "begin" : 5656,  "end" : 5658 }, 
        {"sofa" : 12,  "begin" : 5659,  "end" : 5664 }, 
        {"sofa" : 12,  "begin" : 5665,  "end" : 5669 }, 
        {"sofa" : 12,  "begin" : 5670,  "end" : 5676 }, 
        {"sofa" : 12,  "begin" : 5676,  "end" : 5677 }, 
        {"sofa" : 12,  "begin" : 5679,  "end" : 5682 }, 
        {"sofa" : 12,  "begin" : 5683,  "end" : 5685 }, 
        {"sofa" : 12,  "begin" : 5686,  "end" : 5691 }, 
        {"sofa" : 12,  "begin" : 5692,  "end" : 5697 }, 
        {"sofa" : 12,  "begin" : 5698,  "end" : 5705 }, 
        {"sofa" : 12,  "begin" : 5706,  "end" : 5710 }, 
        {"sofa" : 12,  "begin" : 5711,  "end" : 5718 }, 
        {"sofa" : 12,  "begin" : 5719,  "end" : 5720 }, 
        {"sofa" : 12,  "begin" : 5720,  "end" : 5727 }, 
        {"sofa" : 12,  "begin" : 5728,  "end" : 5733 }, 
        {"sofa" : 12,  "begin" : 5733,  "end" : 5734 }, 
        {"sofa" : 12,  "begin" : 5735,  "end" : 5737 }, 
        {"sofa" : 12,  "begin" : 5738,  "end" : 5752 }, 
        {"sofa" : 12,  "begin" : 5753,  "end" : 5761 }, 
        {"sofa" : 12,  "begin" : 5761,  "end" : 5762 }, 
        {"sofa" : 12,  "begin" : 5763,  "end" : 5768 }, 
        {"sofa" : 12,  "begin" : 5769,  "end" : 5772 }, 
        {"sofa" : 12,  "begin" : 5773,  "end" : 5781 }, 
        {"sofa" : 12,  "begin" : 5782,  "end" : 5789 }, 
        {"sofa" : 12,  "begin" : 5790,  "end" : 5792 }, 
        {"sofa" : 12,  "begin" : 5793,  "end" : 5798 }, 
        {"sofa" : 12,  "begin" : 5798,  "end" : 5799 }, 
        {"sofa" : 12,  "begin" : 5800,  "end" : 5802 }, 
        {"sofa" : 12,  "begin" : 5803,  "end" : 5806 }, 
        {"sofa" : 12,  "begin" : 5807,  "end" : 5810 }, 
        {"sofa" : 12,  "begin" : 5811,  "end" : 5818 }, 
        {"sofa" : 12,  "begin" : 5819,  "end" : 5823 }, 
        {"sofa" : 12,  "begin" : 5824,  "end" : 5826 }, 
        {"sofa" : 12,  "begin" : 5827,  "end" : 5836 }, 
        {"sofa" : 12,  "begin" : 5837,  "end" : 5841 }, 
        {"sofa" : 12,  "begin" : 5842,  "end" : 5846 }, 
        {"sofa" : 12,  "begin" : 5847,  "end" : 5850 }, 
        {"sofa" : 12,  "begin" : 5851,  "end" : 5861 }, 
        {"sofa" : 12,  "begin" : 5862,  "end" : 5869 }, 
        {"sofa" : 12,  "begin" : 5870,  "end" : 5872 }, 
        {"sofa" : 12,  "begin" : 5873,  "end" : 5887 }, 
        {"sofa" : 12,  "begin" : 5888,  "end" : 5896 }, 
        {"sofa" : 12,  "begin" : 5897,  "end" : 5898 }, 
        {"sofa" : 12,  "begin" : 5898,  "end" : 5901 }, 
        {"sofa" : 12,  "begin" : 5901,  "end" : 5902 }, 
        {"sofa" : 12,  "begin" : 5902,  "end" : 5903 }, 
        {"sofa" : 12,  "begin" : 5904,  "end" : 5907 }, 
        {"sofa" : 12,  "begin" : 5908,  "end" : 5913 }, 
        {"sofa" : 12,  "begin" : 5914,  "end" : 5922 }, 
        {"sofa" : 12,  "begin" : 5923,  "end" : 5926 }, 
        {"sofa" : 12,  "begin" : 5927,  "end" : 5934 }, 
        {"sofa" : 12,  "begin" : 5935,  "end" : 5939 }, 
        {"sofa" : 12,  "begin" : 5940,  "end" : 5943 }, 
        {"sofa" : 12,  "begin" : 5944,  "end" : 5947 }, 
        {"sofa" : 12,  "begin" : 5948,  "end" : 5950 }, 
        {"sofa" : 12,  "begin" : 5951,  "end" : 5953 }, 
        {"sofa" : 12,  "begin" : 5954,  "end" : 5957 }, 
        {"sofa" : 12,  "begin" : 5958,  "end" : 5962 }, 
        {"sofa" : 12,  "begin" : 5963,  "end" : 5971 }, 
        {"sofa" : 12,  "begin" : 5972,  "end" : 5975 }, 
        {"sofa" : 12,  "begin" : 5976,  "end" : 5979 }, 
        {"sofa" : 12,  "begin" : 5980,  "end" : 5984 }, 
        {"sofa" : 12,  "begin" : 5984,  "end" : 5985 }, 
        {"sofa" : 12,  "begin" : 5986,  "end" : 5990 }, 
        {"sofa" : 12,  "begin" : 5991,  "end" : 5994 }, 
        {"sofa" : 12,  "begin" : 5995,  "end" : 6000 }, 
        {"sofa" : 12,  "begin" : 6001,  "end" : 6005 }, 
        {"sofa" : 12,  "begin" : 6006,  "end" : 6008 }, 
        {"sofa" : 12,  "begin" : 6009,  "end" : 6012 }, 
        {"sofa" : 12,  "begin" : 6013,  "end" : 6016 }, 
        {"sofa" : 12,  "begin" : 6017,  "end" : 6020 }, 
        {"sofa" : 12,  "begin" : 6021,  "end" : 6025 }, 
        {"sofa" : 12,  "begin" : 6026,  "end" : 6030 }, 
        {"sofa" : 12,  "begin" : 6031,  "end" : 6036 }, 
        {"sofa" : 12,  "begin" : 6037,  "end" : 6041 }, 
        {"sofa" : 12,  "begin" : 6042,  "end" : 6044 }, 
        {"sofa" : 12,  "begin" : 6045,  "end" : 6056 }, 
        {"sofa" : 12,  "begin" : 6057,  "end" : 6060 }, 
        {"sofa" : 12,  "begin" : 6061,  "end" : 6067 }, 
        {"sofa" : 12,  "begin" : 6068,  "end" : 6070 }, 
        {"sofa" : 12,  "begin" : 6071,  "end" : 6081 }, 
        {"sofa" : 12,  "begin" : 6082,  "end" : 6085 }, 
        {"sofa" : 12,  "begin" : 6086,  "end" : 6088 }, 
        {"sofa" : 12,  "begin" : 6089,  "end" : 6093 }, 
        {"sofa" : 12,  "begin" : 6094,  "end" : 6099 }, 
        {"sofa" : 12,  "begin" : 6100,  "end" : 6109 }, 
        {"sofa" : 12,  "begin" : 6110,  "end" : 6114 }, 
        {"sofa" : 12,  "begin" : 6115,  "end" : 6121 }, 
        {"sofa" : 12,  "begin" : 6122,  "end" : 6125 }, 
        {"sofa" : 12,  "begin" : 6126,  "end" : 6130 }, 
        {"sofa" : 12,  "begin" : 6130,  "end" : 6131 }, 
        {"sofa" : 12,  "begin" : 6132,  "end" : 6137 }, 
        {"sofa" : 12,  "begin" : 6138,  "end" : 6141 }, 
        {"sofa" : 12,  "begin" : 6142,  "end" : 6151 }, 
        {"sofa" : 12,  "begin" : 6152,  "end" : 6166 }, 
        {"sofa" : 12,  "begin" : 6167,  "end" : 6175 }, 
        {"sofa" : 12,  "begin" : 6175,  "end" : 6176 }, 
        {"sofa" : 12,  "begin" : 6177,  "end" : 6183 }, 
        {"sofa" : 12,  "begin" : 6184,  "end" : 6188 }, 
        {"sofa" : 12,  "begin" : 6189,  "end" : 6194 }, 
        {"sofa" : 12,  "begin" : 6195,  "end" : 6202 }, 
        {"sofa" : 12,  "begin" : 6203,  "end" : 6206 }, 
        {"sofa" : 12,  "begin" : 6207,  "end" : 6211 }, 
        {"sofa" : 12,  "begin" : 6211,  "end" : 6212 }, 
        {"sofa" : 12,  "begin" : 6213,  "end" : 6217 }, 
        {"sofa" : 12,  "begin" : 6217,  "end" : 6218 }, 
        {"sofa" : 12,  "begin" : 6219,  "end" : 6221 }, 
        {"sofa" : 12,  "begin" : 6222,  "end" : 6225 }, 
        {"sofa" : 12,  "begin" : 6226,  "end" : 6230 }, 
        {"sofa" : 12,  "begin" : 6231,  "end" : 6233 }, 
        {"sofa" : 12,  "begin" : 6234,  "end" : 6237 }, 
        {"sofa" : 12,  "begin" : 6238,  "end" : 6246 }, 
        {"sofa" : 12,  "begin" : 6247,  "end" : 6249 }, 
        {"sofa" : 12,  "begin" : 6250,  "end" : 6257 }, 
        {"sofa" : 12,  "begin" : 6258,  "end" : 6263 }, 
        {"sofa" : 12,  "begin" : 6264,  "end" : 6268 }, 
        {"sofa" : 12,  "begin" : 6269,  "end" : 6272 }, 
        {"sofa" : 12,  "begin" : 6273,  "end" : 6275 }, 
        {"sofa" : 12,  "begin" : 6276,  "end" : 6281 }, 
        {"sofa" : 12,  "begin" : 6282,  "end" : 6289 }, 
        {"sofa" : 12,  "begin" : 6290,  "end" : 6294 }, 
        {"sofa" : 12,  "begin" : 6295,  "end" : 6303 }, 
        {"sofa" : 12,  "begin" : 6304,  "end" : 6306 }, 
        {"sofa" : 12,  "begin" : 6307,  "end" : 6310 }, 
        {"sofa" : 12,  "begin" : 6311,  "end" : 6314 }, 
        {"sofa" : 12,  "begin" : 6314,  "end" : 6315 }, 
        {"sofa" : 12,  "begin" : 6316,  "end" : 6323 }, 
        {"sofa" : 12,  "begin" : 6324,  "end" : 6329 }, 
        {"sofa" : 12,  "begin" : 6329,  "end" : 6330 }, 
        {"sofa" : 12,  "begin" : 6331,  "end" : 6345 }, 
        {"sofa" : 12,  "begin" : 6346,  "end" : 6354 }, 
        {"sofa" : 12,  "begin" : 6355,  "end" : 6359 }, 
        {"sofa" : 12,  "begin" : 6360,  "end" : 6363 }, 
        {"sofa" : 12,  "begin" : 6364,  "end" : 6367 }, 
        {"sofa" : 12,  "begin" : 6368,  "end" : 6375 }, 
        {"sofa" : 12,  "begin" : 6376,  "end" : 6378 }, 
        {"sofa" : 12,  "begin" : 6379,  "end" : 6381 }, 
        {"sofa" : 12,  "begin" : 6381,  "end" : 6382 }, 
        {"sofa" : 12,  "begin" : 6383,  "end" : 6386 }, 
        {"sofa" : 12,  "begin" : 6387,  "end" : 6393 }, 
        {"sofa" : 12,  "begin" : 6394,  "end" : 6400 }, 
        {"sofa" : 12,  "begin" : 6401,  "end" : 6404 }, 
        {"sofa" : 12,  "begin" : 6405,  "end" : 6410 }, 
        {"sofa" : 12,  "begin" : 6411,  "end" : 6417 }, 
        {"sofa" : 12,  "begin" : 6418,  "end" : 6421 }, 
        {"sofa" : 12,  "begin" : 6422,  "end" : 6429 }, 
        {"sofa" : 12,  "begin" : 6430,  "end" : 6438 }, 
        {"sofa" : 12,  "begin" : 6438,  "end" : 6439 }, 
        {"sofa" : 12,  "begin" : 6440,  "end" : 6441 }, 
        {"sofa" : 12,  "begin" : 6441,  "end" : 6444 }, 
        {"sofa" : 12,  "begin" : 6444,  "end" : 6445 }, 
        {"sofa" : 12,  "begin" : 6446,  "end" : 6449 }, 
        {"sofa" : 12,  "begin" : 6450,  "end" : 6454 }, 
        {"sofa" : 12,  "begin" : 6455,  "end" : 6461 }, 
        {"sofa" : 12,  "begin" : 6462,  "end" : 6472 }, 
        {"sofa" : 12,  "begin" : 6473,  "end" : 6487 }, 
        {"sofa" : 12,  "begin" : 6488,  "end" : 6496 }, 
        {"sofa" : 12,  "begin" : 6496,  "end" : 6497 }, 
        {"sofa" : 12,  "begin" : 6498,  "end" : 6501 }, 
        {"sofa" : 12,  "begin" : 6502,  "end" : 6507 }, 
        {"sofa" : 12,  "begin" : 6508,  "end" : 6514 }, 
        {"sofa" : 12,  "begin" : 6515,  "end" : 6519 }, 
        {"sofa" : 12,  "begin" : 6520,  "end" : 6523 }, 
        {"sofa" : 12,  "begin" : 6524,  "end" : 6534 }, 
        {"sofa" : 12,  "begin" : 6535,  "end" : 6541 }, 
        {"sofa" : 12,  "begin" : 6541,  "end" : 6542 }, 
        {"sofa" : 12,  "begin" : 6542,  "end" : 6543 }, 
        {"sofa" : 12,  "begin" : 6545,  "end" : 6548 }, 
        {"sofa" : 12,  "begin" : 6549,  "end" : 6552 }, 
        {"sofa" : 12,  "begin" : 6553,  "end" : 6558 }, 
        {"sofa" : 12,  "begin" : 6559,  "end" : 6563 }, 
        {"sofa" : 12,  "begin" : 6564,  "end" : 6567 }, 
        {"sofa" : 12,  "begin" : 6568,  "end" : 6570 }, 
        {"sofa" : 12,  "begin" : 6571,  "end" : 6578 }, 
        {"sofa" : 12,  "begin" : 6579,  "end" : 6583 }, 
        {"sofa" : 12,  "begin" : 6584,  "end" : 6587 }, 
        {"sofa" : 12,  "begin" : 6588,  "end" : 6592 }, 
        {"sofa" : 12,  "begin" : 6593,  "end" : 6595 }, 
        {"sofa" : 12,  "begin" : 6596,  "end" : 6599 }, 
        {"sofa" : 12,  "begin" : 6600,  "end" : 6604 }, 
        {"sofa" : 12,  "begin" : 6605,  "end" : 6608 }, 
        {"sofa" : 12,  "begin" : 6609,  "end" : 6612 }, 
        {"sofa" : 12,  "begin" : 6613,  "end" : 6617 }, 
        {"sofa" : 12,  "begin" : 6618,  "end" : 6620 }, 
        {"sofa" : 12,  "begin" : 6621,  "end" : 6625 }, 
        {"sofa" : 12,  "begin" : 6626,  "end" : 6629 }, 
        {"sofa" : 12,  "begin" : 6630,  "end" : 6633 }, 
        {"sofa" : 12,  "begin" : 6634,  "end" : 6636 }, 
        {"sofa" : 12,  "begin" : 6637,  "end" : 6640 }, 
        {"sofa" : 12,  "begin" : 6641,  "end" : 6648 }, 
        {"sofa" : 12,  "begin" : 6648,  "end" : 6649 }, 
        {"sofa" : 12,  "begin" : 6650,  "end" : 6653 }, 
        {"sofa" : 12,  "begin" : 6654,  "end" : 6656 }, 
        {"sofa" : 12,  "begin" : 6657,  "end" : 6661 }, 
        {"sofa" : 12,  "begin" : 6662,  "end" : 6664 }, 
        {"sofa" : 12,  "begin" : 6665,  "end" : 6668 }, 
        {"sofa" : 12,  "begin" : 6669,  "end" : 6673 }, 
        {"sofa" : 12,  "begin" : 6673,  "end" : 6674 }, 
        {"sofa" : 12,  "begin" : 6675,  "end" : 6678 }, 
        {"sofa" : 12,  "begin" : 6679,  "end" : 6681 }, 
        {"sofa" : 12,  "begin" : 6682,  "end" : 6687 }, 
        {"sofa" : 12,  "begin" : 6688,  "end" : 6689 }, 
        {"sofa" : 12,  "begin" : 6690,  "end" : 6697 }, 
        {"sofa" : 12,  "begin" : 6698,  "end" : 6700 }, 
        {"sofa" : 12,  "begin" : 6701,  "end" : 6708 }, 
        {"sofa" : 12,  "begin" : 6709,  "end" : 6716 }, 
        {"sofa" : 12,  "begin" : 6717,  "end" : 6719 }, 
        {"sofa" : 12,  "begin" : 6720,  "end" : 6723 }, 
        {"sofa" : 12,  "begin" : 6724,  "end" : 6732 }, 
        {"sofa" : 12,  "begin" : 6732,  "end" : 6733 }, 
        {"sofa" : 12,  "begin" : 6734,  "end" : 6737 }, 
        {"sofa" : 12,  "begin" : 6738,  "end" : 6741 }, 
        {"sofa" : 12,  "begin" : 6742,  "end" : 6744 }, 
        {"sofa" : 12,  "begin" : 6745,  "end" : 6747 }, 
        {"sofa" : 12,  "begin" : 6748,  "end" : 6751 }, 
        {"sofa" : 12,  "begin" : 6752,  "end" : 6757 }, 
        {"sofa" : 12,  "begin" : 6758,  "end" : 6766 }, 
        {"sofa" : 12,  "begin" : 6767,  "end" : 6771 }, 
        {"sofa" : 12,  "begin" : 6772,  "end" : 6775 }, 
        {"sofa" : 12,  "begin" : 6776,  "end" : 6780 }, 
        {"sofa" : 12,  "begin" : 6781,  "end" : 6788 }, 
        {"sofa" : 12,  "begin" : 6789,  "end" : 6793 }, 
        {"sofa" : 12,  "begin" : 6794,  "end" : 6797 }, 
        {"sofa" : 12,  "begin" : 6798,  "end" : 6809 }, 
        {"sofa" : 12,  "begin" : 6809,  "end" : 6810 }, 
        {"sofa" : 12,  "begin" : 6812,  "end" : 6815 }, 
        {"sofa" : 12,  "begin" : 6816,  "end" : 6823 }, 
        {"sofa" : 12,  "begin" : 6824,  "end" : 6830 }, 
        {"sofa" : 12,  "begin" : 6831,  "end" : 6834 }, 
        {"sofa" : 12,  "begin" : 6835,  "end" : 6842 }, 
        {"sofa" : 12,  "begin" : 6843,  "end" : 6849 }, 
        {"sofa" : 12,  "begin" : 6849,  "end" : 6850 }, 
        {"sofa" : 12,  "begin" : 6851,  "end" : 6852 }, 
        {"sofa" : 12,  "begin" : 6852,  "end" : 6854 }, 
        {"sofa" : 12,  "begin" : 6855,  "end" : 6869 }, 
        {"sofa" : 12,  "begin" : 6870,  "end" : 6878 }, 
        {"sofa" : 12,  "begin" : 6879,  "end" : 6880 }, 
        {"sofa" : 12,  "begin" : 6880,  "end" : 6883 }, 
        {"sofa" : 12,  "begin" : 6883,  "end" : 6884 }, 
        {"sofa" : 12,  "begin" : 6885,  "end" : 6888 }, 
        {"sofa" : 12,  "begin" : 6889,  "end" : 6897 }, 
        {"sofa" : 12,  "begin" : 6898,  "end" : 6904 }, 
        {"sofa" : 12,  "begin" : 6905,  "end" : 6906 }, 
        {"sofa" : 12,  "begin" : 6907,  "end" : 6912 }, 
        {"sofa" : 12,  "begin" : 6913,  "end" : 6915 }, 
        {"sofa" : 12,  "begin" : 6916,  "end" : 6924 }, 
        {"sofa" : 12,  "begin" : 6925,  "end" : 6934 }, 
        {"sofa" : 12,  "begin" : 6935,  "end" : 6946 }, 
        {"sofa" : 12,  "begin" : 6946,  "end" : 6947 }, 
        {"sofa" : 12,  "begin" : 6948,  "end" : 6951 }, 
        {"sofa" : 12,  "begin" : 6952,  "end" : 6960 }, 
        {"sofa" : 12,  "begin" : 6961,  "end" : 6963 }, 
        {"sofa" : 12,  "begin" : 6964,  "end" : 6968 }, 
        {"sofa" : 12,  "begin" : 6969,  "end" : 6976 }, 
        {"sofa" : 12,  "begin" : 6977,  "end" : 6986 }, 
        {"sofa" : 12,  "begin" : 6987,  "end" : 6993 }, 
        {"sofa" : 12,  "begin" : 6994,  "end" : 6996 }, 
        {"sofa" : 12,  "begin" : 6997,  "end" : 7002 }, 
        {"sofa" : 12,  "begin" : 7003,  "end" : 7005 }, 
        {"sofa" : 12,  "begin" : 7006,  "end" : 7013 }, 
        {"sofa" : 12,  "begin" : 7014,  "end" : 7027 }, 
        {"sofa" : 12,  "begin" : 7028,  "end" : 7030 }, 
        {"sofa" : 12,  "begin" : 7031,  "end" : 7034 }, 
        {"sofa" : 12,  "begin" : 7035,  "end" : 7044 }, 
        {"sofa" : 12,  "begin" : 7045,  "end" : 7053 }, 
        {"sofa" : 12,  "begin" : 7054,  "end" : 7057 }, 
        {"sofa" : 12,  "begin" : 7058,  "end" : 7063 }, 
        {"sofa" : 12,  "begin" : 7063,  "end" : 7064 }, 
        {"sofa" : 12,  "begin" : 7064,  "end" : 7065 }, 
        {"sofa" : 12,  "begin" : 7067,  "end" : 7068 }, 
        {"sofa" : 12,  "begin" : 7069,  "end" : 7075 }, 
        {"sofa" : 12,  "begin" : 7076,  "end" : 7079 }, 
        {"sofa" : 12,  "begin" : 7080,  "end" : 7084 }, 
        {"sofa" : 12,  "begin" : 7085,  "end" : 7092 }, 
        {"sofa" : 12,  "begin" : 7093,  "end" : 7098 }, 
        {"sofa" : 12,  "begin" : 7099,  "end" : 7105 }, 
        {"sofa" : 12,  "begin" : 7106,  "end" : 7108 }, 
        {"sofa" : 12,  "begin" : 7109,  "end" : 7114 }, 
        {"sofa" : 12,  "begin" : 7115,  "end" : 7125 }, 
        {"sofa" : 12,  "begin" : 7126,  "end" : 7130 }, 
        {"sofa" : 12,  "begin" : 7131,  "end" : 7132 }, 
        {"sofa" : 12,  "begin" : 7132,  "end" : 7139 }, 
        {"sofa" : 12,  "begin" : 7140,  "end" : 7153 }, 
        {"sofa" : 12,  "begin" : 7153,  "end" : 7154 }, 
        {"sofa" : 12,  "begin" : 7155,  "end" : 7157 }, 
        {"sofa" : 12,  "begin" : 7158,  "end" : 7162 }, 
        {"sofa" : 12,  "begin" : 7163,  "end" : 7170 }, 
        {"sofa" : 12,  "begin" : 7171,  "end" : 7175 }, 
        {"sofa" : 12,  "begin" : 7176,  "end" : 7182 }, 
        {"sofa" : 12,  "begin" : 7182,  "end" : 7183 }, 
        {"sofa" : 12,  "begin" : 7184,  "end" : 7186 }, 
        {"sofa" : 12,  "begin" : 7187,  "end" : 7190 }, 
        {"sofa" : 12,  "begin" : 7191,  "end" : 7197 }, 
        {"sofa" : 12,  "begin" : 7197,  "end" : 7198 }, 
        {"sofa" : 12,  "begin" : 7199,  "end" : 7205 }, 
        {"sofa" : 12,  "begin" : 7206,  "end" : 7215 }, 
        {"sofa" : 12,  "begin" : 7216,  "end" : 7219 }, 
        {"sofa" : 12,  "begin" : 7219,  "end" : 7220 }, 
        {"sofa" : 12,  "begin" : 7222,  "end" : 7223 }, 
        {"sofa" : 12,  "begin" : 7223,  "end" : 7224 }, 
        {"sofa" : 12,  "begin" : 7224,  "end" : 7225 }, 
        {"sofa" : 12,  "begin" : 7226,  "end" : 7228 }, 
        {"sofa" : 12,  "begin" : 7229,  "end" : 7237 }, 
        {"sofa" : 12,  "begin" : 7238,  "end" : 7242 }, 
        {"sofa" : 12,  "begin" : 7243,  "end" : 7246 }, 
        {"sofa" : 12,  "begin" : 7247,  "end" : 7253 }, 
        {"sofa" : 12,  "begin" : 7253,  "end" : 7254 }, 
        {"sofa" : 12,  "begin" : 7255,  "end" : 7262 }, 
        {"sofa" : 12,  "begin" : 7263,  "end" : 7271 }, 
        {"sofa" : 12,  "begin" : 7272,  "end" : 7278 }, 
        {"sofa" : 12,  "begin" : 7279,  "end" : 7290 }, 
        {"sofa" : 12,  "begin" : 7290,  "end" : 7291 }, 
        {"sofa" : 12,  "begin" : 7292,  "end" : 7293 }, 
        {"sofa" : 12,  "begin" : 7293,  "end" : 7294 }, 
        {"sofa" : 12,  "begin" : 7294,  "end" : 7295 }, 
        {"sofa" : 12,  "begin" : 7297,  "end" : 7303 }, 
        {"sofa" : 12,  "begin" : 7304,  "end" : 7306 }, 
        {"sofa" : 12,  "begin" : 7307,  "end" : 7327 }, 
        {"sofa" : 12,  "begin" : 7328,  "end" : 7331 }, 
        {"sofa" : 12,  "begin" : 7332,  "end" : 7340 }, 
        {"sofa" : 12,  "begin" : 7341,  "end" : 7344 }, 
        {"sofa" : 12,  "begin" : 7345,  "end" : 7349 }, 
        {"sofa" : 12,  "begin" : 7350,  "end" : 7357 }, 
        {"sofa" : 12,  "begin" : 7358,  "end" : 7364 }, 
        {"sofa" : 12,  "begin" : 7365,  "end" : 7376 }, 
        {"sofa" : 12,  "begin" : 7377,  "end" : 7379 }, 
        {"sofa" : 12,  "begin" : 7380,  "end" : 7387 }, 
        {"sofa" : 12,  "begin" : 7387,  "end" : 7388 } ], 
      "Persuasive_Labels" : [
        {"sofa" : 12,  "begin" : 198,  "end" : 257,  "DistinctiveLinguisticFeatures" : "distinctive linguistic features" }, 
        {"sofa" : 12,  "begin" : 198,  "end" : 257,  "DistinctiveLinguisticFeatures" : "title of article as clickbait" }, 
        {"sofa" : 12,  "begin" : 731,  "end" : 1045,  "InappropriateUseofScientificEvidence" : "inappropriate use of scientific and Other evidence" }, 
        {"sofa" : 12,  "begin" : 1776,  "end" : 2024,  "DistrustingGovernmentorPharmaceuticalCompanies" : "financial motivation" }, 
        {"sofa" : 12,  "begin" : 1776,  "end" : 2024,  "DistrustingGovernmentorPharmaceuticalCompanies" : "financial motivation" }, 
        {"sofa" : 12,  "begin" : 2103,  "end" : 2304,  "InappropriateUseofScientificEvidence" : "inappropriate use of scientific and Other evidence" }, 
        {"sofa" : 12,  "begin" : 2103,  "end" : 2304,  "InappropriateUseofScientificEvidence" : "lack of citation for evidence" }, 
        {"sofa" : 12,  "begin" : 2527,  "end" : 2826,  "DistrustingGovernmentorPharmaceuticalCompanies" : "distrusting government or corporations" }, 
        {"sofa" : 12,  "begin" : 2527,  "end" : 2826,  "DistrustingGovernmentorPharmaceuticalCompanies" : "financial motivation" }, 
        {"sofa" : 12,  "begin" : 3149,  "end" : 3219,  "EstablishingLegitimacy" : "Establishing Legitimacy" }, 
        {"sofa" : 12,  "begin" : 3149,  "end" : 3219,  "EstablishingLegitimacy" : "citing source to establish legitimacy_source not verified" }, 
        {"sofa" : 12,  "begin" : 3220,  "end" : 3371,  "DistrustingGovernmentorPharmaceuticalCompanies" : "distrusting government or corporations" }, 
        {"sofa" : 12,  "begin" : 3715,  "end" : 4152,  "InappropriateUseofScientificEvidence" : "Inappropriate Use of Scientific and Other Evidence - out of context_verified" }, 
        {"sofa" : 12,  "begin" : 3715,  "end" : 4152,  "InappropriateUseofScientificEvidence" : "inappropriate use of scientific and Other evidence" }, 
        {"sofa" : 12,  "begin" : 4500,  "end" : 4594,  "EstablishingLegitimacy" : "Establishing Legitimacy" }, 
        {"sofa" : 12,  "begin" : 4500,  "end" : 4594,  "EstablishingLegitimacy" : "legitimate persuasive techniques: rhetorical question" }, 
        {"sofa" : 12,  "begin" : 4599,  "end" : 5024,  "EstablishingLegitimacy" : "Establishing Legitimacy" }, 
        {"sofa" : 12,  "begin" : 4599,  "end" : 5024,  "EstablishingLegitimacy" : "legitimate persuasive techniques: rhetorical question" }, 
        {"sofa" : 12,  "begin" : 5137,  "end" : 5240,  "EstablishingLegitimacy" : "Establishing Legitimacy" }, 
        {"sofa" : 12,  "begin" : 5137,  "end" : 5240,  "EstablishingLegitimacy" : "legitimate persuasive techniques: rhetorical question" }, 
        {"sofa" : 12,  "begin" : 5241,  "end" : 5466,  "InappropriateUseofScientificEvidence" : "inappropriate use of scientific and Other evidence" }, 
        {"sofa" : 12,  "begin" : 5679,  "end" : 5985,  "BiasedReasoningtoMakeaConclusion" : "biased reasoning to make a conclusion" }, 
        {"sofa" : 12,  "begin" : 5679,  "end" : 5985,  "BiasedReasoningtoMakeaConclusion" : "wrong cause-effect" }, 
        {"sofa" : 12,  "begin" : 5986,  "end" : 6212,  "FabricatingNarrativewithDetails" : "Narrative with Details" }, 
        {"sofa" : 12,  "begin" : 5986,  "end" : 6212,  "FabricatingNarrativewithDetails" : "Narrative with details_details not verified" }, 
        {"sofa" : 12,  "begin" : 6440,  "end" : 6543,  "EstablishingLegitimacy" : "Establishing Legitimacy" }, 
        {"sofa" : 12,  "begin" : 6440,  "end" : 6543,  "EstablishingLegitimacy" : "citing source to establish legitimacy_source not verified" }, 
        {"sofa" : 12,  "begin" : 6650,  "end" : 6810,  "EstablishingLegitimacy" : "Establishing Legitimacy" }, 
        {"sofa" : 12,  "begin" : 6650,  "end" : 6810,  "EstablishingLegitimacy" : "legitimate persuasive techniques: rhetorical question" }, 
        {"sofa" : 12,  "begin" : 7067,  "end" : 7220,  "EstablishingLegitimacy" : "Establishing Legitimacy" }, 
        {"sofa" : 12,  "begin" : 7067,  "end" : 7220,  "EstablishingLegitimacy" : "legitimate persuasive techniques: rhetorical question" }, 
        {"sofa" : 12,  "begin" : 7222,  "end" : 7295,  "DistinctiveLinguisticFeatures" : "bolded,  underline or italicized" }, 
        {"sofa" : 12,  "begin" : 7222,  "end" : 7295,  "DistinctiveLinguisticFeatures" : "distinctive linguistic features" } ] } }, 
  "_referenced_fss" : {
    "12" : {"_type" : "Sofa",  "sofaNum" : 1,  "sofaID" : "_InitialView",  "mimeType" : "text",  "sofaString" : "﻿tron-01810 23 Seniors Died After Receiving Flu Shots\r\nSource https://archive.ph/ncrt4 \r\nFact checking: https://www.truthorfiction.com/23-seniors-died-after-receiving-flu-shots/ \r\nActual content: \r\n23 Seniors Died After Receiving Flu Shot Sold by Pharmacies\r\nPackage insert for Fluzone flu vaccine marketed to seniors reveals 23 seniors died during drug trial\r\nHealth Impact News Editor\r\nThe annual marketing campaign pushing people to receive flu vaccinations is in full force. CVS Pharmacies is offering a 20% off shopping pass if you purchase a flu vaccine.\r\n[Image]\r\nAs you can see in the screen shot above, taken from the CVS website, senior citizens over the age of 65 are being targeted to get the \"high-dose\" flu vaccine.\r\nThe FAQ at the CVS website defines the \"high-dose\" flu vaccine: \"Containing four times the amount of antigen (the part of the vaccine that causes the body to produce antibody) in regular flu shots, high-dose flu shots, along with the additional antigen produced, are intended to create a stronger immune response.\"\r\nThe name of this flu vaccine that is marketed for seniors is called \"Fluzone.\" You can find it being marketed to seniors at all the major pharmacies in the United States.\r\nPackage inserts for flu vaccines show a multitude of side effects, including death, and yet they are marketed the same as over-the-counter drugs with no prescription needed. Why?\r\nBecause in the United States vaccines enjoy complete immunity from lawsuits in the market place. If you are injured or die from a vaccine, you or your family cannot sue the manufacturer of the vaccine. This law enacted by Congress, was upheld by the U.S. Supreme Court in 2011.\r\nTherefore, they are marketed with the same marketing techniques as any other high-profit product. With the baby boomer generation moving into their senior years, today's seniors are seen as an especially lucrative market.\r\nSo financial incentives like discounts on other products, as CVS is doing, is quite common in order to boost vaccine sales.\r\nWalgreens has a different program that especially boosts sales of vaccines:\r\nWhile vaccine rates in the U.S. among children are close to 90%, rates in other parts of the world (where pharmaceutical companies do not have immunity from the law for adverse effects) are much lower. So, in partnership with Walgreens, a non-profit organization (Shot@Life) buys up the vaccines and sends them to these countries for free (who doesn't want something for free, especially when you live in a poor country??)\r\nThis is a brilliant marketing plan for the pharmaceutical companies, as the U.S. government gives the organization buying the vaccines non-profit status, allowing them to receive tax deductible donations to pay for the vaccines. Walgreens is probably a contributor to the program as a tax write off.\r\nWith legal immunity to market dangerous products, don't expect those doing the marketing and making the profits to warn you of the side effects. You need to find this information yourself, usually from the Internet.\r\nFor those pro-vaccine forces that warn people how dangerous it is to get information from the Internet, the information we are about to share is directly from the FDA website (at least at the time of this writing - they have been known to remove items from their website if it gets too much publicity and makes them look bad), and you can look it up yourself.\r\nThe high-dose Fluzone vaccine being marketed this flu season to seniors, which has four times the amount of antigens that the regular flu shot has, as well as the non-high dose version, had 23 seniors die during drug trials.\r\nThe package insert for the high-dose Fluzone flu vaccine is found here (for now).\r\nIn the section documenting adverse effects, this is what is written:\r\n\"Within 6 months post-vaccination, 156 (6.1%) Fluzone High-Dose recipients and 93 (7.4%)  Fluzone recipients experienced a serious adverse event. No deaths were reported within 28 days post-vaccination. A total of 23 deaths were reported during the period Day 29-180 post-vaccination: (0.6%) among Fluzone High-Dose recipients and 7 (0.6%) among Fluzone 1 recipients. The majority of these participants had a medical history of cardiac, hepatic, neoplastic, renal, and/or respiratory diseases. No deaths were considered to be caused by vaccination.\"\r\nThis statement stating that 23 seniors died, which really should be headline news but is buried in a package insert on the FDA website, begs several questions:\r\n1. By what basis can they conclude that \"No deaths were considered to be caused by vaccination\"??\r\n2. If, as it is implied, the majority of these 23 deaths were caused by pre-existing conditions, why were there no deaths in the first 28 days? Shouldn't the deaths, if not attributable to the vaccine but pre-existing conditions, be equally spread out through all time periods?\r\n3. How does the medical history for these 23 seniors compare to the medical history of those who did not die? Were there any significant differences? The range of symptoms given in the package insert can very well cover almost all seniors during the flu season. And what about those who died that were not among the \"majority\" who had these pre-existing conditions? A majority could simply be 12 out of the 23.\r\nBesides death, which is just one \"serious adverse event,\" there were 226 other \"serious\" adverse events, for a total of 249 serious adverse events, out of only 3,833 participants.\r\nIf this does not constitute a dangerous drug that should probably not even be on the market, then I don't know what does. And yet, it is sold to unsuspecting seniors and others like candy at these drug stores.\r\nOne of these other adverse side effects (besides death) is Guillain-Barré syndrome, which has symptoms similar to polio. If you are brought into an emergency room with the paralyzing effects of Guillain-Barré syndrome (GBS), the first question the doctors will ask you is if you just received the flu shot. Read one story here of how one man went from being able to bench-press 275 pounds to struggling how to walk after receiving last year's flu shot: Miami Man Contracts Guillain-Barré Syndrome, Nearly Dies After Getting Flu Shot. Also, if you look at the majority of damages being paid out to those damaged from vaccines in the U.S. Vaccine Court, Guillain-Barré syndrome from the flu vaccine is #1, and almost equals all other awards for damages combined. (See: Flu Shot Causes Polio-like Guillain-Barré Syndrome: Are Rates Higher Than the Government Admits?)\r\nThe CDC would like you to believe that the risk of GBS from the flu shot is only one out of one million. But if that is the case, why is there a warning on package inserts of flu vaccines, and why is it the first question EMTs ask when dealing with GBS emergencies?\r\nThe package insert for Fluzone states: \"If Guillain-Barré syndrome (GBS) has occurred within 6 weeks of previous influenza vaccination, the decision to give Fluzone High-Dose should be based on careful consideration of the potential benefits and risks.\"\r\nI wonder how many vaccine sales people at these pharmacies give \"careful consideration\" to this adverse side effect, or any others, before injecting you?\r\n<b> Be informed this flu season! Educate yourself before vaccinating! <b>\r\nThanks to ExperimentalVaccines for pointing out this package insert information on YouTube.\r\n\r\n" } } }