{"_context" : {
    "_types" : {
      "DocumentMetaData" : {
        "_feature_types" : {"sofa" : "_ref" } }, 
      "Persuasive_Labels" : {
        "_feature_types" : {"sofa" : "_ref" } }, 
      "Sentence" : {
        "_feature_types" : {"sofa" : "_ref" } }, 
      "Sofa" : {
        "_feature_types" : {"sofaArray" : "_ref" } }, 
      "TagsetDescription" : {
        "_feature_types" : {"sofa" : "_ref",  "tags" : "_ref" } }, 
      "Token" : {
        "_feature_types" : {"sofa" : "_ref",  "parent" : "_ref",  "lemma" : "_ref",  "stem" : "_ref",  "pos" : "_ref",  "morph" : "_ref",  "form" : "_ref" } }, 
      "DocumentAnnotation" : {
        "_feature_types" : {"sofa" : "_ref" }, 
        "_subtypes" : ["DocumentMetaData" ] }, 
      "Annotation" : {
        "_feature_types" : {"sofa" : "_ref" }, 
        "_subtypes" : ["DocumentAnnotation",  "Persuasive_Labels",  "Sentence",  "TagsetDescription",  "Token" ] }, 
      "AnnotationBase" : {
        "_feature_types" : {"sofa" : "_ref" }, 
        "_subtypes" : ["Annotation" ] }, 
      "TOP" : {
        "_subtypes" : ["AnnotationBase",  "Sofa" ] } } }, 
  "_views" : {
    "_InitialView" : {
      "DocumentMetaData" : [
        {"sofa" : 12,  "end" : 1478,  "language" : "x-unspecified",  "documentTitle" : "111.%20tron-02209%20Pray%20for%20Cindy%20Hogman,%20an%20adult%20with%20cancer%20.txt",  "documentId" : "admin",  "documentUri" : "file:/C:/Users/huiyi/.webanno/repository/project/4/document/315/source/admin",  "collectionId" : "file:/C:/Users/huiyi/.webanno/repository/project/4/document/315/source/",  "documentBaseUri" : "file:/C:/Users/huiyi/.webanno/repository/project/4/document/315/source/",  "isLastSegment" : false } ], 
      "TagsetDescription" : [
        {"sofa" : 12,  "layer" : "de.tudarmstadt.ukp.dkpro.core.api.syntax.type.dependency.Dependency",  "name" : "UD Universal Dependencies (v2)",  "input" : false }, 
        {"sofa" : 12,  "layer" : "de.tudarmstadt.ukp.dkpro.core.api.ner.type.NamedEntity",  "name" : "Named Entity tags",  "input" : false }, 
        {"sofa" : 12,  "layer" : "de.tudarmstadt.ukp.dkpro.core.api.transform.type.SofaChangeAnnotation",  "name" : "Operation",  "input" : false }, 
        {"sofa" : 12,  "layer" : "de.tudarmstadt.ukp.dkpro.core.api.lexmorph.type.pos.POS",  "name" : "UD Universal POS tags (v2)",  "input" : false }, 
        {"sofa" : 12,  "layer" : "webanno.custom.Persuasive_Labels",  "name" : "2. Using Anecdotes and Personal Experience as Evidence",  "input" : false } ], 
      "Sentence" : [
        {"sofa" : 12,  "end" : 310 }, 
        {"sofa" : 12,  "begin" : 311,  "end" : 452 }, 
        {"sofa" : 12,  "begin" : 453,  "end" : 543 }, 
        {"sofa" : 12,  "begin" : 545,  "end" : 632 }, 
        {"sofa" : 12,  "begin" : 633,  "end" : 691 }, 
        {"sofa" : 12,  "begin" : 692,  "end" : 709 }, 
        {"sofa" : 12,  "begin" : 710,  "end" : 748 }, 
        {"sofa" : 12,  "begin" : 749,  "end" : 816 }, 
        {"sofa" : 12,  "begin" : 817,  "end" : 1041 }, 
        {"sofa" : 12,  "begin" : 1042,  "end" : 1078 }, 
        {"sofa" : 12,  "begin" : 1079,  "end" : 1150 }, 
        {"sofa" : 12,  "begin" : 1151,  "end" : 1173 }, 
        {"sofa" : 12,  "begin" : 1174,  "end" : 1211 }, 
        {"sofa" : 12,  "begin" : 1213,  "end" : 1250 }, 
        {"sofa" : 12,  "begin" : 1251,  "end" : 1433 }, 
        {"sofa" : 12,  "begin" : 1435,  "end" : 1468 }, 
        {"sofa" : 12,  "begin" : 1470,  "end" : 1474 } ], 
      "Token" : [
        {"sofa" : 12,  "end" : 5 }, 
        {"sofa" : 12,  "begin" : 5,  "end" : 6 }, 
        {"sofa" : 12,  "begin" : 6,  "end" : 11 }, 
        {"sofa" : 12,  "begin" : 12,  "end" : 16 }, 
        {"sofa" : 12,  "begin" : 17,  "end" : 20 }, 
        {"sofa" : 12,  "begin" : 21,  "end" : 26 }, 
        {"sofa" : 12,  "begin" : 27,  "end" : 33 }, 
        {"sofa" : 12,  "begin" : 33,  "end" : 34 }, 
        {"sofa" : 12,  "begin" : 35,  "end" : 37 }, 
        {"sofa" : 12,  "begin" : 38,  "end" : 43 }, 
        {"sofa" : 12,  "begin" : 44,  "end" : 48 }, 
        {"sofa" : 12,  "begin" : 49,  "end" : 55 }, 
        {"sofa" : 12,  "begin" : 58,  "end" : 64 }, 
        {"sofa" : 12,  "begin" : 64,  "end" : 65 }, 
        {"sofa" : 12,  "begin" : 66,  "end" : 71 }, 
        {"sofa" : 12,  "begin" : 71,  "end" : 72 }, 
        {"sofa" : 12,  "begin" : 72,  "end" : 73 }, 
        {"sofa" : 12,  "begin" : 73,  "end" : 74 }, 
        {"sofa" : 12,  "begin" : 74,  "end" : 88 }, 
        {"sofa" : 12,  "begin" : 88,  "end" : 89 }, 
        {"sofa" : 12,  "begin" : 89,  "end" : 99 }, 
        {"sofa" : 12,  "begin" : 99,  "end" : 100 }, 
        {"sofa" : 12,  "begin" : 100,  "end" : 112 }, 
        {"sofa" : 12,  "begin" : 112,  "end" : 113 }, 
        {"sofa" : 12,  "begin" : 116,  "end" : 120 }, 
        {"sofa" : 12,  "begin" : 121,  "end" : 129 }, 
        {"sofa" : 12,  "begin" : 129,  "end" : 130 }, 
        {"sofa" : 12,  "begin" : 131,  "end" : 136 }, 
        {"sofa" : 12,  "begin" : 136,  "end" : 137 }, 
        {"sofa" : 12,  "begin" : 137,  "end" : 138 }, 
        {"sofa" : 12,  "begin" : 138,  "end" : 139 }, 
        {"sofa" : 12,  "begin" : 139,  "end" : 161 }, 
        {"sofa" : 12,  "begin" : 161,  "end" : 162 }, 
        {"sofa" : 12,  "begin" : 162,  "end" : 173 }, 
        {"sofa" : 12,  "begin" : 173,  "end" : 174 }, 
        {"sofa" : 12,  "begin" : 177,  "end" : 183 }, 
        {"sofa" : 12,  "begin" : 184,  "end" : 191 }, 
        {"sofa" : 12,  "begin" : 191,  "end" : 192 }, 
        {"sofa" : 12,  "begin" : 195,  "end" : 202 }, 
        {"sofa" : 12,  "begin" : 202,  "end" : 203 }, 
        {"sofa" : 12,  "begin" : 206,  "end" : 207 }, 
        {"sofa" : 12,  "begin" : 207,  "end" : 216 }, 
        {"sofa" : 12,  "begin" : 217,  "end" : 220 }, 
        {"sofa" : 12,  "begin" : 221,  "end" : 227 }, 
        {"sofa" : 12,  "begin" : 227,  "end" : 228 }, 
        {"sofa" : 12,  "begin" : 229,  "end" : 233 }, 
        {"sofa" : 12,  "begin" : 233,  "end" : 234 }, 
        {"sofa" : 12,  "begin" : 236,  "end" : 238 }, 
        {"sofa" : 12,  "begin" : 239,  "end" : 243 }, 
        {"sofa" : 12,  "begin" : 244,  "end" : 246 }, 
        {"sofa" : 12,  "begin" : 247,  "end" : 251 }, 
        {"sofa" : 12,  "begin" : 252,  "end" : 253 }, 
        {"sofa" : 12,  "begin" : 253,  "end" : 257 }, 
        {"sofa" : 12,  "begin" : 257,  "end" : 258 }, 
        {"sofa" : 12,  "begin" : 259,  "end" : 265 }, 
        {"sofa" : 12,  "begin" : 265,  "end" : 266 }, 
        {"sofa" : 12,  "begin" : 267,  "end" : 271 }, 
        {"sofa" : 12,  "begin" : 272,  "end" : 274 }, 
        {"sofa" : 12,  "begin" : 275,  "end" : 278 }, 
        {"sofa" : 12,  "begin" : 279,  "end" : 288 }, 
        {"sofa" : 12,  "begin" : 289,  "end" : 293 }, 
        {"sofa" : 12,  "begin" : 294,  "end" : 296 }, 
        {"sofa" : 12,  "begin" : 296,  "end" : 297 }, 
        {"sofa" : 12,  "begin" : 298,  "end" : 302 }, 
        {"sofa" : 12,  "begin" : 303,  "end" : 305 }, 
        {"sofa" : 12,  "begin" : 306,  "end" : 309 }, 
        {"sofa" : 12,  "begin" : 309,  "end" : 310 }, 
        {"sofa" : 12,  "begin" : 311,  "end" : 313 }, 
        {"sofa" : 12,  "begin" : 314,  "end" : 318 }, 
        {"sofa" : 12,  "begin" : 319,  "end" : 324 }, 
        {"sofa" : 12,  "begin" : 325,  "end" : 327 }, 
        {"sofa" : 12,  "begin" : 328,  "end" : 330 }, 
        {"sofa" : 12,  "begin" : 331,  "end" : 336 }, 
        {"sofa" : 12,  "begin" : 337,  "end" : 340 }, 
        {"sofa" : 12,  "begin" : 341,  "end" : 344 }, 
        {"sofa" : 12,  "begin" : 345,  "end" : 348 }, 
        {"sofa" : 12,  "begin" : 349,  "end" : 353 }, 
        {"sofa" : 12,  "begin" : 354,  "end" : 358 }, 
        {"sofa" : 12,  "begin" : 359,  "end" : 368 }, 
        {"sofa" : 12,  "begin" : 369,  "end" : 370 }, 
        {"sofa" : 12,  "begin" : 371,  "end" : 375 }, 
        {"sofa" : 12,  "begin" : 376,  "end" : 379 }, 
        {"sofa" : 12,  "begin" : 380,  "end" : 384 }, 
        {"sofa" : 12,  "begin" : 385,  "end" : 390 }, 
        {"sofa" : 12,  "begin" : 391,  "end" : 392 }, 
        {"sofa" : 12,  "begin" : 393,  "end" : 401 }, 
        {"sofa" : 12,  "begin" : 402,  "end" : 408 }, 
        {"sofa" : 12,  "begin" : 409,  "end" : 412 }, 
        {"sofa" : 12,  "begin" : 413,  "end" : 416 }, 
        {"sofa" : 12,  "begin" : 417,  "end" : 424 }, 
        {"sofa" : 12,  "begin" : 425,  "end" : 428 }, 
        {"sofa" : 12,  "begin" : 429,  "end" : 437 }, 
        {"sofa" : 12,  "begin" : 438,  "end" : 441 }, 
        {"sofa" : 12,  "begin" : 442,  "end" : 446 }, 
        {"sofa" : 12,  "begin" : 447,  "end" : 451 }, 
        {"sofa" : 12,  "begin" : 451,  "end" : 452 }, 
        {"sofa" : 12,  "begin" : 453,  "end" : 456 }, 
        {"sofa" : 12,  "begin" : 457,  "end" : 460 }, 
        {"sofa" : 12,  "begin" : 461,  "end" : 469 }, 
        {"sofa" : 12,  "begin" : 470,  "end" : 474 }, 
        {"sofa" : 12,  "begin" : 475,  "end" : 478 }, 
        {"sofa" : 12,  "begin" : 479,  "end" : 485 }, 
        {"sofa" : 12,  "begin" : 486,  "end" : 491 }, 
        {"sofa" : 12,  "begin" : 492,  "end" : 495 }, 
        {"sofa" : 12,  "begin" : 496,  "end" : 499 }, 
        {"sofa" : 12,  "begin" : 500,  "end" : 510 }, 
        {"sofa" : 12,  "begin" : 511,  "end" : 513 }, 
        {"sofa" : 12,  "begin" : 514,  "end" : 515 }, 
        {"sofa" : 12,  "begin" : 516,  "end" : 522 }, 
        {"sofa" : 12,  "begin" : 523,  "end" : 526 }, 
        {"sofa" : 12,  "begin" : 527,  "end" : 530 }, 
        {"sofa" : 12,  "begin" : 531,  "end" : 533 }, 
        {"sofa" : 12,  "begin" : 534,  "end" : 538 }, 
        {"sofa" : 12,  "begin" : 539,  "end" : 542 }, 
        {"sofa" : 12,  "begin" : 542,  "end" : 543 }, 
        {"sofa" : 12,  "begin" : 545,  "end" : 549 }, 
        {"sofa" : 12,  "begin" : 550,  "end" : 552 }, 
        {"sofa" : 12,  "begin" : 553,  "end" : 554 }, 
        {"sofa" : 12,  "begin" : 555,  "end" : 562 }, 
        {"sofa" : 12,  "begin" : 563,  "end" : 566 }, 
        {"sofa" : 12,  "begin" : 567,  "end" : 570 }, 
        {"sofa" : 12,  "begin" : 571,  "end" : 573 }, 
        {"sofa" : 12,  "begin" : 574,  "end" : 581 }, 
        {"sofa" : 12,  "begin" : 582,  "end" : 586 }, 
        {"sofa" : 12,  "begin" : 587,  "end" : 592 }, 
        {"sofa" : 12,  "begin" : 593,  "end" : 595 }, 
        {"sofa" : 12,  "begin" : 596,  "end" : 604 }, 
        {"sofa" : 12,  "begin" : 605,  "end" : 608 }, 
        {"sofa" : 12,  "begin" : 609,  "end" : 613 }, 
        {"sofa" : 12,  "begin" : 614,  "end" : 620 }, 
        {"sofa" : 12,  "begin" : 621,  "end" : 624 }, 
        {"sofa" : 12,  "begin" : 625,  "end" : 631 }, 
        {"sofa" : 12,  "begin" : 631,  "end" : 632 }, 
        {"sofa" : 12,  "begin" : 633,  "end" : 636 }, 
        {"sofa" : 12,  "begin" : 637,  "end" : 641 }, 
        {"sofa" : 12,  "begin" : 642,  "end" : 648 }, 
        {"sofa" : 12,  "begin" : 649,  "end" : 653 }, 
        {"sofa" : 12,  "begin" : 654,  "end" : 658 }, 
        {"sofa" : 12,  "begin" : 659,  "end" : 662 }, 
        {"sofa" : 12,  "begin" : 663,  "end" : 666 }, 
        {"sofa" : 12,  "begin" : 667,  "end" : 669 }, 
        {"sofa" : 12,  "begin" : 670,  "end" : 672 }, 
        {"sofa" : 12,  "begin" : 673,  "end" : 679 }, 
        {"sofa" : 12,  "begin" : 680,  "end" : 683 }, 
        {"sofa" : 12,  "begin" : 684,  "end" : 690 }, 
        {"sofa" : 12,  "begin" : 690,  "end" : 691 }, 
        {"sofa" : 12,  "begin" : 692,  "end" : 696 }, 
        {"sofa" : 12,  "begin" : 697,  "end" : 700 }, 
        {"sofa" : 12,  "begin" : 701,  "end" : 708 }, 
        {"sofa" : 12,  "begin" : 708,  "end" : 709 }, 
        {"sofa" : 12,  "begin" : 710,  "end" : 712 }, 
        {"sofa" : 12,  "begin" : 713,  "end" : 717 }, 
        {"sofa" : 12,  "begin" : 718,  "end" : 723 }, 
        {"sofa" : 12,  "begin" : 724,  "end" : 725 }, 
        {"sofa" : 12,  "begin" : 726,  "end" : 732 }, 
        {"sofa" : 12,  "begin" : 733,  "end" : 735 }, 
        {"sofa" : 12,  "begin" : 736,  "end" : 739 }, 
        {"sofa" : 12,  "begin" : 740,  "end" : 747 }, 
        {"sofa" : 12,  "begin" : 747,  "end" : 748 }, 
        {"sofa" : 12,  "begin" : 749,  "end" : 755 }, 
        {"sofa" : 12,  "begin" : 756,  "end" : 758 }, 
        {"sofa" : 12,  "begin" : 759,  "end" : 761 }, 
        {"sofa" : 12,  "begin" : 762,  "end" : 765 }, 
        {"sofa" : 12,  "begin" : 766,  "end" : 771 }, 
        {"sofa" : 12,  "begin" : 772,  "end" : 778 }, 
        {"sofa" : 12,  "begin" : 779,  "end" : 783 }, 
        {"sofa" : 12,  "begin" : 783,  "end" : 784 }, 
        {"sofa" : 12,  "begin" : 785,  "end" : 789 }, 
        {"sofa" : 12,  "begin" : 790,  "end" : 796 }, 
        {"sofa" : 12,  "begin" : 797,  "end" : 801 }, 
        {"sofa" : 12,  "begin" : 802,  "end" : 806 }, 
        {"sofa" : 12,  "begin" : 807,  "end" : 810 }, 
        {"sofa" : 12,  "begin" : 811,  "end" : 815 }, 
        {"sofa" : 12,  "begin" : 815,  "end" : 816 }, 
        {"sofa" : 12,  "begin" : 817,  "end" : 823 }, 
        {"sofa" : 12,  "begin" : 824,  "end" : 828 }, 
        {"sofa" : 12,  "begin" : 829,  "end" : 832 }, 
        {"sofa" : 12,  "begin" : 833,  "end" : 836 }, 
        {"sofa" : 12,  "begin" : 837,  "end" : 845 }, 
        {"sofa" : 12,  "begin" : 846,  "end" : 849 }, 
        {"sofa" : 12,  "begin" : 850,  "end" : 854 }, 
        {"sofa" : 12,  "begin" : 855,  "end" : 857 }, 
        {"sofa" : 12,  "begin" : 858,  "end" : 862 }, 
        {"sofa" : 12,  "begin" : 863,  "end" : 866 }, 
        {"sofa" : 12,  "begin" : 867,  "end" : 870 }, 
        {"sofa" : 12,  "begin" : 871,  "end" : 878 }, 
        {"sofa" : 12,  "begin" : 879,  "end" : 881 }, 
        {"sofa" : 12,  "begin" : 882,  "end" : 887 }, 
        {"sofa" : 12,  "begin" : 887,  "end" : 888 }, 
        {"sofa" : 12,  "begin" : 889,  "end" : 896 }, 
        {"sofa" : 12,  "begin" : 897,  "end" : 899 }, 
        {"sofa" : 12,  "begin" : 900,  "end" : 903 }, 
        {"sofa" : 12,  "begin" : 904,  "end" : 910 }, 
        {"sofa" : 12,  "begin" : 911,  "end" : 913 }, 
        {"sofa" : 12,  "begin" : 914,  "end" : 917 }, 
        {"sofa" : 12,  "begin" : 918,  "end" : 922 }, 
        {"sofa" : 12,  "begin" : 923,  "end" : 925 }, 
        {"sofa" : 12,  "begin" : 926,  "end" : 929 }, 
        {"sofa" : 12,  "begin" : 930,  "end" : 933 }, 
        {"sofa" : 12,  "begin" : 934,  "end" : 939 }, 
        {"sofa" : 12,  "begin" : 940,  "end" : 943 }, 
        {"sofa" : 12,  "begin" : 944,  "end" : 948 }, 
        {"sofa" : 12,  "begin" : 949,  "end" : 953 }, 
        {"sofa" : 12,  "begin" : 954,  "end" : 957 }, 
        {"sofa" : 12,  "begin" : 958,  "end" : 960 }, 
        {"sofa" : 12,  "begin" : 961,  "end" : 966 }, 
        {"sofa" : 12,  "begin" : 966,  "end" : 967 }, 
        {"sofa" : 12,  "begin" : 968,  "end" : 971 }, 
        {"sofa" : 12,  "begin" : 972,  "end" : 974 }, 
        {"sofa" : 12,  "begin" : 975,  "end" : 983 }, 
        {"sofa" : 12,  "begin" : 984,  "end" : 986 }, 
        {"sofa" : 12,  "begin" : 987,  "end" : 989 }, 
        {"sofa" : 12,  "begin" : 990,  "end" : 993 }, 
        {"sofa" : 12,  "begin" : 994,  "end" : 1003 }, 
        {"sofa" : 12,  "begin" : 1004,  "end" : 1010 }, 
        {"sofa" : 12,  "begin" : 1011,  "end" : 1013 }, 
        {"sofa" : 12,  "begin" : 1014,  "end" : 1017 }, 
        {"sofa" : 12,  "begin" : 1018,  "end" : 1019 }, 
        {"sofa" : 12,  "begin" : 1020,  "end" : 1024 }, 
        {"sofa" : 12,  "begin" : 1025,  "end" : 1028 }, 
        {"sofa" : 12,  "begin" : 1029,  "end" : 1032 }, 
        {"sofa" : 12,  "begin" : 1033,  "end" : 1040 }, 
        {"sofa" : 12,  "begin" : 1040,  "end" : 1041 }, 
        {"sofa" : 12,  "begin" : 1042,  "end" : 1045 }, 
        {"sofa" : 12,  "begin" : 1046,  "end" : 1051 }, 
        {"sofa" : 12,  "begin" : 1052,  "end" : 1054 }, 
        {"sofa" : 12,  "begin" : 1055,  "end" : 1061 }, 
        {"sofa" : 12,  "begin" : 1063,  "end" : 1065 }, 
        {"sofa" : 12,  "begin" : 1066,  "end" : 1077 }, 
        {"sofa" : 12,  "begin" : 1077,  "end" : 1078 }, 
        {"sofa" : 12,  "begin" : 1079,  "end" : 1080 }, 
        {"sofa" : 12,  "begin" : 1081,  "end" : 1085 }, 
        {"sofa" : 12,  "begin" : 1086,  "end" : 1089 }, 
        {"sofa" : 12,  "begin" : 1090,  "end" : 1095 }, 
        {"sofa" : 12,  "begin" : 1096,  "end" : 1101 }, 
        {"sofa" : 12,  "begin" : 1102,  "end" : 1104 }, 
        {"sofa" : 12,  "begin" : 1105,  "end" : 1109 }, 
        {"sofa" : 12,  "begin" : 1110,  "end" : 1113 }, 
        {"sofa" : 12,  "begin" : 1114,  "end" : 1116 }, 
        {"sofa" : 12,  "begin" : 1117,  "end" : 1122 }, 
        {"sofa" : 12,  "begin" : 1123,  "end" : 1130 }, 
        {"sofa" : 12,  "begin" : 1131,  "end" : 1134 }, 
        {"sofa" : 12,  "begin" : 1135,  "end" : 1139 }, 
        {"sofa" : 12,  "begin" : 1140,  "end" : 1143 }, 
        {"sofa" : 12,  "begin" : 1144,  "end" : 1149 }, 
        {"sofa" : 12,  "begin" : 1149,  "end" : 1150 }, 
        {"sofa" : 12,  "begin" : 1151,  "end" : 1154 }, 
        {"sofa" : 12,  "begin" : 1155,  "end" : 1159 }, 
        {"sofa" : 12,  "begin" : 1160,  "end" : 1164 }, 
        {"sofa" : 12,  "begin" : 1165,  "end" : 1168 }, 
        {"sofa" : 12,  "begin" : 1169,  "end" : 1172 }, 
        {"sofa" : 12,  "begin" : 1172,  "end" : 1173 }, 
        {"sofa" : 12,  "begin" : 1174,  "end" : 1180 }, 
        {"sofa" : 12,  "begin" : 1181,  "end" : 1183 }, 
        {"sofa" : 12,  "begin" : 1184,  "end" : 1187 }, 
        {"sofa" : 12,  "begin" : 1188,  "end" : 1190 }, 
        {"sofa" : 12,  "begin" : 1191,  "end" : 1199 }, 
        {"sofa" : 12,  "begin" : 1200,  "end" : 1202 }, 
        {"sofa" : 12,  "begin" : 1203,  "end" : 1205 }, 
        {"sofa" : 12,  "begin" : 1206,  "end" : 1210 }, 
        {"sofa" : 12,  "begin" : 1210,  "end" : 1211 }, 
        {"sofa" : 12,  "begin" : 1213,  "end" : 1217 }, 
        {"sofa" : 12,  "begin" : 1218,  "end" : 1220 }, 
        {"sofa" : 12,  "begin" : 1221,  "end" : 1225 }, 
        {"sofa" : 12,  "begin" : 1226,  "end" : 1227 }, 
        {"sofa" : 12,  "begin" : 1228,  "end" : 1235 }, 
        {"sofa" : 12,  "begin" : 1236,  "end" : 1239 }, 
        {"sofa" : 12,  "begin" : 1240,  "end" : 1244 }, 
        {"sofa" : 12,  "begin" : 1245,  "end" : 1249 }, 
        {"sofa" : 12,  "begin" : 1249,  "end" : 1250 }, 
        {"sofa" : 12,  "begin" : 1251,  "end" : 1256 }, 
        {"sofa" : 12,  "begin" : 1257,  "end" : 1260 }, 
        {"sofa" : 12,  "begin" : 1261,  "end" : 1265 }, 
        {"sofa" : 12,  "begin" : 1266,  "end" : 1269 }, 
        {"sofa" : 12,  "begin" : 1270,  "end" : 1276 }, 
        {"sofa" : 12,  "begin" : 1277,  "end" : 1279 }, 
        {"sofa" : 12,  "begin" : 1280,  "end" : 1282 }, 
        {"sofa" : 12,  "begin" : 1283,  "end" : 1288 }, 
        {"sofa" : 12,  "begin" : 1289,  "end" : 1292 }, 
        {"sofa" : 12,  "begin" : 1293,  "end" : 1300 }, 
        {"sofa" : 12,  "begin" : 1301,  "end" : 1305 }, 
        {"sofa" : 12,  "begin" : 1306,  "end" : 1309 }, 
        {"sofa" : 12,  "begin" : 1310,  "end" : 1317 }, 
        {"sofa" : 12,  "begin" : 1318,  "end" : 1322 }, 
        {"sofa" : 12,  "begin" : 1323,  "end" : 1326 }, 
        {"sofa" : 12,  "begin" : 1327,  "end" : 1332 }, 
        {"sofa" : 12,  "begin" : 1333,  "end" : 1336 }, 
        {"sofa" : 12,  "begin" : 1337,  "end" : 1344 }, 
        {"sofa" : 12,  "begin" : 1344,  "end" : 1345 }, 
        {"sofa" : 12,  "begin" : 1346,  "end" : 1348 }, 
        {"sofa" : 12,  "begin" : 1349,  "end" : 1354 }, 
        {"sofa" : 12,  "begin" : 1355,  "end" : 1358 }, 
        {"sofa" : 12,  "begin" : 1359,  "end" : 1366 }, 
        {"sofa" : 12,  "begin" : 1367,  "end" : 1370 }, 
        {"sofa" : 12,  "begin" : 1371,  "end" : 1375 }, 
        {"sofa" : 12,  "begin" : 1376,  "end" : 1381 }, 
        {"sofa" : 12,  "begin" : 1382,  "end" : 1384 }, 
        {"sofa" : 12,  "begin" : 1385,  "end" : 1389 }, 
        {"sofa" : 12,  "begin" : 1390,  "end" : 1394 }, 
        {"sofa" : 12,  "begin" : 1395,  "end" : 1397 }, 
        {"sofa" : 12,  "begin" : 1398,  "end" : 1400 }, 
        {"sofa" : 12,  "begin" : 1401,  "end" : 1402 }, 
        {"sofa" : 12,  "begin" : 1403,  "end" : 1409 }, 
        {"sofa" : 12,  "begin" : 1410,  "end" : 1415 }, 
        {"sofa" : 12,  "begin" : 1416,  "end" : 1418 }, 
        {"sofa" : 12,  "begin" : 1419,  "end" : 1423 }, 
        {"sofa" : 12,  "begin" : 1424,  "end" : 1432 }, 
        {"sofa" : 12,  "begin" : 1432,  "end" : 1433 }, 
        {"sofa" : 12,  "begin" : 1435,  "end" : 1442 }, 
        {"sofa" : 12,  "begin" : 1442,  "end" : 1443 }, 
        {"sofa" : 12,  "begin" : 1444,  "end" : 1451 }, 
        {"sofa" : 12,  "begin" : 1452,  "end" : 1454 }, 
        {"sofa" : 12,  "begin" : 1455,  "end" : 1459 }, 
        {"sofa" : 12,  "begin" : 1460,  "end" : 1467 }, 
        {"sofa" : 12,  "begin" : 1467,  "end" : 1468 }, 
        {"sofa" : 12,  "begin" : 1470,  "end" : 1474 } ], 
      "Persuasive_Labels" : [
        {"sofa" : 12,  "begin" : 236,  "end" : 543,  "FabricatingNarrativewithDetails" : "Narrative with details_details verified to be true" }, 
        {"sofa" : 12,  "begin" : 236,  "end" : 543,  "FabricatingNarrativewithDetails" : "Narrative with Details" }, 
        {"sofa" : 12,  "begin" : 545,  "end" : 632,  "EstablishingLegitimacy" : "Call to action" }, 
        {"sofa" : 12,  "begin" : 545,  "end" : 632,  "EstablishingLegitimacy" : "Establishing Legitimacy" }, 
        {"sofa" : 12,  "begin" : 692,  "end" : 709,  "EstablishingLegitimacy" : "Establishing Legitimacy" }, 
        {"sofa" : 12,  "begin" : 692,  "end" : 709,  "EstablishingLegitimacy" : "Call to action" }, 
        {"sofa" : 12,  "begin" : 871,  "end" : 878,  "DistinctiveLinguisticFeatures" : "distinctive linguistic features" }, 
        {"sofa" : 12,  "begin" : 871,  "end" : 878,  "DistinctiveLinguisticFeatures" : "uppercase words" } ] } }, 
  "_referenced_fss" : {
    "12" : {"_type" : "Sofa",  "sofaNum" : 1,  "sofaID" : "_InitialView",  "mimeType" : "text",  "sofaString" : "﻿tron-02209 Pray for Cindy Hogman, an adult with cancer \r\nSource: https://www.snopes.com/fact-check/cindy-hogman/ \r\nFact checking: https://www.truthorfiction.com/cindyhogman/ \r\nActual content: \r\nExample:   [Collected via e-mail, 2002]\r\nMy name is Gary \"Nick\" Hogman, Some of you receiving know me, some do not. My wife Cindy is 32 years old and has just been diagnosed 3 days ago with stage 4 cervical cancer and her chances for survival are very slim. She was pregnant with our second child and had miscarried at 5 months and now we know why.\r\nThis is a request for you to forward this email to everyone you know asking for prayer. The more people that pray for her to be healed the better. Pray and forward. It only takes a second to hit forward. Please do it and don't delete this, your prayer will save her life. Please pray and ask everyone you know to pray for the HEALING of Cindy, removal of all cancer in her body so she may enjoy all that life has to offer, and to continue to be the wonderful mother to our 5 year old son Michael. The power of Prayer\r\nis unsurpassed. I want the whole world to have her in their prayers the next few weeks. God will hear our cry. Please do not be offended by my plea.\r\nThis is only a request for your help. Thank you from the bottom of my heart for reading this and helping with our quest for healing, no words can express how much power we have when we do a little extra to come together.\r\nRegards, Cindy's in love husband.\r\nGary\r\n\r\n" } } }