{"_context" : {
    "_types" : {
      "DocumentMetaData" : {
        "_feature_types" : {"sofa" : "_ref" } }, 
      "Persuasive_Labels" : {
        "_feature_types" : {"sofa" : "_ref" } }, 
      "Sentence" : {
        "_feature_types" : {"sofa" : "_ref" } }, 
      "Sofa" : {
        "_feature_types" : {"sofaArray" : "_ref" } }, 
      "TagsetDescription" : {
        "_feature_types" : {"sofa" : "_ref",  "tags" : "_ref" } }, 
      "Token" : {
        "_feature_types" : {"sofa" : "_ref",  "parent" : "_ref",  "lemma" : "_ref",  "stem" : "_ref",  "pos" : "_ref",  "morph" : "_ref",  "form" : "_ref" } }, 
      "DocumentAnnotation" : {
        "_feature_types" : {"sofa" : "_ref" }, 
        "_subtypes" : ["DocumentMetaData" ] }, 
      "Annotation" : {
        "_feature_types" : {"sofa" : "_ref" }, 
        "_subtypes" : ["DocumentAnnotation",  "Persuasive_Labels",  "Sentence",  "TagsetDescription",  "Token" ] }, 
      "AnnotationBase" : {
        "_feature_types" : {"sofa" : "_ref" }, 
        "_subtypes" : ["Annotation" ] }, 
      "TOP" : {
        "_subtypes" : ["AnnotationBase",  "Sofa" ] } } }, 
  "_views" : {
    "_InitialView" : {
      "DocumentMetaData" : [
        {"sofa" : 12,  "end" : 1921,  "language" : "x-unspecified",  "documentTitle" : "38.%20tron-02234%20Aborted%20Babies%20and%20Other%20Medical%20Waste%20Used%20for%20Fuel%20by%20Oregon.txt",  "documentId" : "admin",  "documentUri" : "file:/C:/Users/huiyi/.webanno/repository/project/4/document/206/source/admin",  "collectionId" : "file:/C:/Users/huiyi/.webanno/repository/project/4/document/206/source/",  "documentBaseUri" : "file:/C:/Users/huiyi/.webanno/repository/project/4/document/206/source/",  "isLastSegment" : false } ], 
      "TagsetDescription" : [
        {"sofa" : 12,  "layer" : "de.tudarmstadt.ukp.dkpro.core.api.syntax.type.dependency.Dependency",  "name" : "UD Universal Dependencies (v2)",  "input" : false }, 
        {"sofa" : 12,  "layer" : "de.tudarmstadt.ukp.dkpro.core.api.ner.type.NamedEntity",  "name" : "Named Entity tags",  "input" : false }, 
        {"sofa" : 12,  "layer" : "de.tudarmstadt.ukp.dkpro.core.api.transform.type.SofaChangeAnnotation",  "name" : "Operation",  "input" : false }, 
        {"sofa" : 12,  "layer" : "de.tudarmstadt.ukp.dkpro.core.api.lexmorph.type.pos.POS",  "name" : "UD Universal POS tags (v2)",  "input" : false }, 
        {"sofa" : 12,  "layer" : "webanno.custom.Persuasive_Labels",  "name" : "2. Using Anecdotes and Personal Experience as Evidence",  "input" : false } ], 
      "Sentence" : [
        {"sofa" : 12,  "end" : 408 }, 
        {"sofa" : 12,  "begin" : 409,  "end" : 701 }, 
        {"sofa" : 12,  "begin" : 703,  "end" : 780 }, 
        {"sofa" : 12,  "begin" : 781,  "end" : 1010 }, 
        {"sofa" : 12,  "begin" : 1012,  "end" : 1117 }, 
        {"sofa" : 12,  "begin" : 1118,  "end" : 1293 }, 
        {"sofa" : 12,  "begin" : 1295,  "end" : 1407 }, 
        {"sofa" : 12,  "begin" : 1408,  "end" : 1596 }, 
        {"sofa" : 12,  "begin" : 1598,  "end" : 1682 }, 
        {"sofa" : 12,  "begin" : 1683,  "end" : 1692 }, 
        {"sofa" : 12,  "begin" : 1693,  "end" : 1748 }, 
        {"sofa" : 12,  "begin" : 1750,  "end" : 1917 } ], 
      "Token" : [
        {"sofa" : 12,  "end" : 5 }, 
        {"sofa" : 12,  "begin" : 5,  "end" : 6 }, 
        {"sofa" : 12,  "begin" : 6,  "end" : 11 }, 
        {"sofa" : 12,  "begin" : 12,  "end" : 19 }, 
        {"sofa" : 12,  "begin" : 20,  "end" : 26 }, 
        {"sofa" : 12,  "begin" : 27,  "end" : 30 }, 
        {"sofa" : 12,  "begin" : 31,  "end" : 36 }, 
        {"sofa" : 12,  "begin" : 37,  "end" : 44 }, 
        {"sofa" : 12,  "begin" : 45,  "end" : 50 }, 
        {"sofa" : 12,  "begin" : 51,  "end" : 55 }, 
        {"sofa" : 12,  "begin" : 56,  "end" : 59 }, 
        {"sofa" : 12,  "begin" : 60,  "end" : 64 }, 
        {"sofa" : 12,  "begin" : 65,  "end" : 67 }, 
        {"sofa" : 12,  "begin" : 68,  "end" : 74 }, 
        {"sofa" : 12,  "begin" : 76,  "end" : 82 }, 
        {"sofa" : 12,  "begin" : 82,  "end" : 83 }, 
        {"sofa" : 12,  "begin" : 84,  "end" : 89 }, 
        {"sofa" : 12,  "begin" : 89,  "end" : 90 }, 
        {"sofa" : 12,  "begin" : 90,  "end" : 91 }, 
        {"sofa" : 12,  "begin" : 91,  "end" : 92 }, 
        {"sofa" : 12,  "begin" : 92,  "end" : 114 }, 
        {"sofa" : 12,  "begin" : 114,  "end" : 115 }, 
        {"sofa" : 12,  "begin" : 115,  "end" : 119 }, 
        {"sofa" : 12,  "begin" : 119,  "end" : 120 }, 
        {"sofa" : 12,  "begin" : 120,  "end" : 133 }, 
        {"sofa" : 12,  "begin" : 133,  "end" : 134 }, 
        {"sofa" : 12,  "begin" : 134,  "end" : 136 }, 
        {"sofa" : 12,  "begin" : 136,  "end" : 137 }, 
        {"sofa" : 12,  "begin" : 137,  "end" : 141 }, 
        {"sofa" : 12,  "begin" : 141,  "end" : 142 }, 
        {"sofa" : 12,  "begin" : 142,  "end" : 144 }, 
        {"sofa" : 12,  "begin" : 144,  "end" : 145 }, 
        {"sofa" : 12,  "begin" : 145,  "end" : 147 }, 
        {"sofa" : 12,  "begin" : 147,  "end" : 148 }, 
        {"sofa" : 12,  "begin" : 148,  "end" : 210 }, 
        {"sofa" : 12,  "begin" : 210,  "end" : 211 }, 
        {"sofa" : 12,  "begin" : 214,  "end" : 218 }, 
        {"sofa" : 12,  "begin" : 219,  "end" : 227 }, 
        {"sofa" : 12,  "begin" : 227,  "end" : 228 }, 
        {"sofa" : 12,  "begin" : 229,  "end" : 234 }, 
        {"sofa" : 12,  "begin" : 234,  "end" : 235 }, 
        {"sofa" : 12,  "begin" : 235,  "end" : 236 }, 
        {"sofa" : 12,  "begin" : 236,  "end" : 237 }, 
        {"sofa" : 12,  "begin" : 237,  "end" : 259 }, 
        {"sofa" : 12,  "begin" : 259,  "end" : 260 }, 
        {"sofa" : 12,  "begin" : 260,  "end" : 286 }, 
        {"sofa" : 12,  "begin" : 286,  "end" : 287 }, 
        {"sofa" : 12,  "begin" : 291,  "end" : 297 }, 
        {"sofa" : 12,  "begin" : 298,  "end" : 305 }, 
        {"sofa" : 12,  "begin" : 305,  "end" : 306 }, 
        {"sofa" : 12,  "begin" : 309,  "end" : 316 }, 
        {"sofa" : 12,  "begin" : 317,  "end" : 324 }, 
        {"sofa" : 12,  "begin" : 325,  "end" : 329 }, 
        {"sofa" : 12,  "begin" : 330,  "end" : 337 }, 
        {"sofa" : 12,  "begin" : 338,  "end" : 346 }, 
        {"sofa" : 12,  "begin" : 347,  "end" : 358 }, 
        {"sofa" : 12,  "begin" : 359,  "end" : 361 }, 
        {"sofa" : 12,  "begin" : 362,  "end" : 368 }, 
        {"sofa" : 12,  "begin" : 369,  "end" : 374 }, 
        {"sofa" : 12,  "begin" : 375,  "end" : 377 }, 
        {"sofa" : 12,  "begin" : 378,  "end" : 382 }, 
        {"sofa" : 12,  "begin" : 383,  "end" : 394 }, 
        {"sofa" : 12,  "begin" : 396,  "end" : 398 }, 
        {"sofa" : 12,  "begin" : 398,  "end" : 399 }, 
        {"sofa" : 12,  "begin" : 399,  "end" : 405 }, 
        {"sofa" : 12,  "begin" : 406,  "end" : 407 }, 
        {"sofa" : 12,  "begin" : 407,  "end" : 408 }, 
        {"sofa" : 12,  "begin" : 409,  "end" : 416 }, 
        {"sofa" : 12,  "begin" : 416,  "end" : 417 }, 
        {"sofa" : 12,  "begin" : 417,  "end" : 418 }, 
        {"sofa" : 12,  "begin" : 419,  "end" : 422 }, 
        {"sofa" : 12,  "begin" : 423,  "end" : 433 }, 
        {"sofa" : 12,  "begin" : 434,  "end" : 439 }, 
        {"sofa" : 12,  "begin" : 440,  "end" : 441 }, 
        {"sofa" : 12,  "begin" : 442,  "end" : 450 }, 
        {"sofa" : 12,  "begin" : 450,  "end" : 451 }, 
        {"sofa" : 12,  "begin" : 452,  "end" : 457 }, 
        {"sofa" : 12,  "begin" : 458,  "end" : 460 }, 
        {"sofa" : 12,  "begin" : 460,  "end" : 461 }, 
        {"sofa" : 12,  "begin" : 462,  "end" : 466 }, 
        {"sofa" : 12,  "begin" : 468,  "end" : 471 }, 
        {"sofa" : 12,  "begin" : 472,  "end" : 479 }, 
        {"sofa" : 12,  "begin" : 480,  "end" : 488 }, 
        {"sofa" : 12,  "begin" : 489,  "end" : 495 }, 
        {"sofa" : 12,  "begin" : 496,  "end" : 504 }, 
        {"sofa" : 12,  "begin" : 505,  "end" : 513 }, 
        {"sofa" : 12,  "begin" : 514,  "end" : 522 }, 
        {"sofa" : 12,  "begin" : 523,  "end" : 527 }, 
        {"sofa" : 12,  "begin" : 528,  "end" : 535 }, 
        {"sofa" : 12,  "begin" : 536,  "end" : 540 }, 
        {"sofa" : 12,  "begin" : 541,  "end" : 548 }, 
        {"sofa" : 12,  "begin" : 549,  "end" : 556 }, 
        {"sofa" : 12,  "begin" : 557,  "end" : 560 }, 
        {"sofa" : 12,  "begin" : 561,  "end" : 565 }, 
        {"sofa" : 12,  "begin" : 566,  "end" : 568 }, 
        {"sofa" : 12,  "begin" : 569,  "end" : 572 }, 
        {"sofa" : 12,  "begin" : 573,  "end" : 574 }, 
        {"sofa" : 12,  "begin" : 574,  "end" : 584 }, 
        {"sofa" : 12,  "begin" : 585,  "end" : 590 }, 
        {"sofa" : 12,  "begin" : 590,  "end" : 591 }, 
        {"sofa" : 12,  "begin" : 592,  "end" : 596 }, 
        {"sofa" : 12,  "begin" : 597,  "end" : 599 }, 
        {"sofa" : 12,  "begin" : 600,  "end" : 609 }, 
        {"sofa" : 12,  "begin" : 610,  "end" : 615 }, 
        {"sofa" : 12,  "begin" : 616,  "end" : 618 }, 
        {"sofa" : 12,  "begin" : 619,  "end" : 621 }, 
        {"sofa" : 12,  "begin" : 622,  "end" : 630 }, 
        {"sofa" : 12,  "begin" : 631,  "end" : 636 }, 
        {"sofa" : 12,  "begin" : 637,  "end" : 641 }, 
        {"sofa" : 12,  "begin" : 642,  "end" : 647 }, 
        {"sofa" : 12,  "begin" : 648,  "end" : 651 }, 
        {"sofa" : 12,  "begin" : 652,  "end" : 657 }, 
        {"sofa" : 12,  "begin" : 658,  "end" : 662 }, 
        {"sofa" : 12,  "begin" : 663,  "end" : 674 }, 
        {"sofa" : 12,  "begin" : 675,  "end" : 678 }, 
        {"sofa" : 12,  "begin" : 679,  "end" : 690 }, 
        {"sofa" : 12,  "begin" : 691,  "end" : 700 }, 
        {"sofa" : 12,  "begin" : 700,  "end" : 701 }, 
        {"sofa" : 12,  "begin" : 703,  "end" : 710 }, 
        {"sofa" : 12,  "begin" : 711,  "end" : 720 }, 
        {"sofa" : 12,  "begin" : 721,  "end" : 725 }, 
        {"sofa" : 12,  "begin" : 726,  "end" : 729 }, 
        {"sofa" : 12,  "begin" : 730,  "end" : 736 }, 
        {"sofa" : 12,  "begin" : 736,  "end" : 737 }, 
        {"sofa" : 12,  "begin" : 737,  "end" : 738 }, 
        {"sofa" : 12,  "begin" : 739,  "end" : 753 }, 
        {"sofa" : 12,  "begin" : 754,  "end" : 758 }, 
        {"sofa" : 12,  "begin" : 759,  "end" : 763 }, 
        {"sofa" : 12,  "begin" : 764,  "end" : 766 }, 
        {"sofa" : 12,  "begin" : 767,  "end" : 772 }, 
        {"sofa" : 12,  "begin" : 773,  "end" : 775 }, 
        {"sofa" : 12,  "begin" : 776,  "end" : 779 }, 
        {"sofa" : 12,  "begin" : 779,  "end" : 780 }, 
        {"sofa" : 12,  "begin" : 781,  "end" : 789 }, 
        {"sofa" : 12,  "begin" : 790,  "end" : 799 }, 
        {"sofa" : 12,  "begin" : 800,  "end" : 804 }, 
        {"sofa" : 12,  "begin" : 805,  "end" : 806 }, 
        {"sofa" : 12,  "begin" : 806,  "end" : 816 }, 
        {"sofa" : 12,  "begin" : 817,  "end" : 822 }, 
        {"sofa" : 12,  "begin" : 823,  "end" : 824 }, 
        {"sofa" : 12,  "begin" : 824,  "end" : 829 }, 
        {"sofa" : 12,  "begin" : 830,  "end" : 838 }, 
        {"sofa" : 12,  "begin" : 838,  "end" : 839 }, 
        {"sofa" : 12,  "begin" : 840,  "end" : 845 }, 
        {"sofa" : 12,  "begin" : 846,  "end" : 852 }, 
        {"sofa" : 12,  "begin" : 852,  "end" : 853 }, 
        {"sofa" : 12,  "begin" : 854,  "end" : 858 }, 
        {"sofa" : 12,  "begin" : 859,  "end" : 861 }, 
        {"sofa" : 12,  "begin" : 862,  "end" : 872 }, 
        {"sofa" : 12,  "begin" : 873,  "end" : 880 }, 
        {"sofa" : 12,  "begin" : 881,  "end" : 890 }, 
        {"sofa" : 12,  "begin" : 891,  "end" : 897 }, 
        {"sofa" : 12,  "begin" : 897,  "end" : 898 }, 
        {"sofa" : 12,  "begin" : 899,  "end" : 908 }, 
        {"sofa" : 12,  "begin" : 909,  "end" : 914 }, 
        {"sofa" : 12,  "begin" : 915,  "end" : 918 }, 
        {"sofa" : 12,  "begin" : 919,  "end" : 924 }, 
        {"sofa" : 12,  "begin" : 925,  "end" : 931 }, 
        {"sofa" : 12,  "begin" : 932,  "end" : 933 }, 
        {"sofa" : 12,  "begin" : 933,  "end" : 935 }, 
        {"sofa" : 12,  "begin" : 935,  "end" : 936 }, 
        {"sofa" : 12,  "begin" : 937,  "end" : 945 }, 
        {"sofa" : 12,  "begin" : 946,  "end" : 948 }, 
        {"sofa" : 12,  "begin" : 949,  "end" : 956 }, 
        {"sofa" : 12,  "begin" : 957,  "end" : 968 }, 
        {"sofa" : 12,  "begin" : 969,  "end" : 978 }, 
        {"sofa" : 12,  "begin" : 979,  "end" : 988 }, 
        {"sofa" : 12,  "begin" : 988,  "end" : 989 }, 
        {"sofa" : 12,  "begin" : 989,  "end" : 990 }, 
        {"sofa" : 12,  "begin" : 991,  "end" : 994 }, 
        {"sofa" : 12,  "begin" : 995,  "end" : 1000 }, 
        {"sofa" : 12,  "begin" : 1001,  "end" : 1009 }, 
        {"sofa" : 12,  "begin" : 1009,  "end" : 1010 }, 
        {"sofa" : 12,  "begin" : 1012,  "end" : 1013 }, 
        {"sofa" : 12,  "begin" : 1013,  "end" : 1017 }, 
        {"sofa" : 12,  "begin" : 1018,  "end" : 1020 }, 
        {"sofa" : 12,  "begin" : 1021,  "end" : 1032 }, 
        {"sofa" : 12,  "begin" : 1033,  "end" : 1035 }, 
        {"sofa" : 12,  "begin" : 1036,  "end" : 1042 }, 
        {"sofa" : 12,  "begin" : 1043,  "end" : 1044 }, 
        {"sofa" : 12,  "begin" : 1044,  "end" : 1049 }, 
        {"sofa" : 12,  "begin" : 1050,  "end" : 1052 }, 
        {"sofa" : 12,  "begin" : 1052,  "end" : 1053 }, 
        {"sofa" : 12,  "begin" : 1053,  "end" : 1054 }, 
        {"sofa" : 12,  "begin" : 1054,  "end" : 1055 }, 
        {"sofa" : 12,  "begin" : 1056,  "end" : 1067 }, 
        {"sofa" : 12,  "begin" : 1068,  "end" : 1070 }, 
        {"sofa" : 12,  "begin" : 1071,  "end" : 1072 }, 
        {"sofa" : 12,  "begin" : 1073,  "end" : 1088 }, 
        {"sofa" : 12,  "begin" : 1089,  "end" : 1094 }, 
        {"sofa" : 12,  "begin" : 1094,  "end" : 1095 }, 
        {"sofa" : 12,  "begin" : 1095,  "end" : 1096 }, 
        {"sofa" : 12,  "begin" : 1097,  "end" : 1100 }, 
        {"sofa" : 12,  "begin" : 1101,  "end" : 1106 }, 
        {"sofa" : 12,  "begin" : 1107,  "end" : 1116 }, 
        {"sofa" : 12,  "begin" : 1116,  "end" : 1117 }, 
        {"sofa" : 12,  "begin" : 1118,  "end" : 1121 }, 
        {"sofa" : 12,  "begin" : 1122,  "end" : 1128 }, 
        {"sofa" : 12,  "begin" : 1129,  "end" : 1133 }, 
        {"sofa" : 12,  "begin" : 1134,  "end" : 1141 }, 
        {"sofa" : 12,  "begin" : 1142,  "end" : 1146 }, 
        {"sofa" : 12,  "begin" : 1147,  "end" : 1150 }, 
        {"sofa" : 12,  "begin" : 1151,  "end" : 1158 }, 
        {"sofa" : 12,  "begin" : 1159,  "end" : 1162 }, 
        {"sofa" : 12,  "begin" : 1163,  "end" : 1169 }, 
        {"sofa" : 12,  "begin" : 1170,  "end" : 1173 }, 
        {"sofa" : 12,  "begin" : 1174,  "end" : 1183 }, 
        {"sofa" : 12,  "begin" : 1184,  "end" : 1187 }, 
        {"sofa" : 12,  "begin" : 1188,  "end" : 1195 }, 
        {"sofa" : 12,  "begin" : 1196,  "end" : 1198 }, 
        {"sofa" : 12,  "begin" : 1199,  "end" : 1203 }, 
        {"sofa" : 12,  "begin" : 1204,  "end" : 1208 }, 
        {"sofa" : 12,  "begin" : 1209,  "end" : 1210 }, 
        {"sofa" : 12,  "begin" : 1210,  "end" : 1216 }, 
        {"sofa" : 12,  "begin" : 1217,  "end" : 1220 }, 
        {"sofa" : 12,  "begin" : 1221,  "end" : 1227 }, 
        {"sofa" : 12,  "begin" : 1228,  "end" : 1237 }, 
        {"sofa" : 12,  "begin" : 1237,  "end" : 1238 }, 
        {"sofa" : 12,  "begin" : 1239,  "end" : 1241 }, 
        {"sofa" : 12,  "begin" : 1242,  "end" : 1246 }, 
        {"sofa" : 12,  "begin" : 1247,  "end" : 1249 }, 
        {"sofa" : 12,  "begin" : 1250,  "end" : 1257 }, 
        {"sofa" : 12,  "begin" : 1257,  "end" : 1258 }, 
        {"sofa" : 12,  "begin" : 1259,  "end" : 1269 }, 
        {"sofa" : 12,  "begin" : 1270,  "end" : 1273 }, 
        {"sofa" : 12,  "begin" : 1274,  "end" : 1279 }, 
        {"sofa" : 12,  "begin" : 1280,  "end" : 1291 }, 
        {"sofa" : 12,  "begin" : 1291,  "end" : 1292 }, 
        {"sofa" : 12,  "begin" : 1292,  "end" : 1293 }, 
        {"sofa" : 12,  "begin" : 1295,  "end" : 1311 }, 
        {"sofa" : 12,  "begin" : 1312,  "end" : 1320 }, 
        {"sofa" : 12,  "begin" : 1321,  "end" : 1325 }, 
        {"sofa" : 12,  "begin" : 1326,  "end" : 1329 }, 
        {"sofa" : 12,  "begin" : 1330,  "end" : 1339 }, 
        {"sofa" : 12,  "begin" : 1340,  "end" : 1348 }, 
        {"sofa" : 12,  "begin" : 1349,  "end" : 1351 }, 
        {"sofa" : 12,  "begin" : 1352,  "end" : 1355 }, 
        {"sofa" : 12,  "begin" : 1356,  "end" : 1362 }, 
        {"sofa" : 12,  "begin" : 1363,  "end" : 1369 }, 
        {"sofa" : 12,  "begin" : 1370,  "end" : 1373 }, 
        {"sofa" : 12,  "begin" : 1374,  "end" : 1382 }, 
        {"sofa" : 12,  "begin" : 1383,  "end" : 1394 }, 
        {"sofa" : 12,  "begin" : 1395,  "end" : 1399 }, 
        {"sofa" : 12,  "begin" : 1400,  "end" : 1402 }, 
        {"sofa" : 12,  "begin" : 1403,  "end" : 1406 }, 
        {"sofa" : 12,  "begin" : 1406,  "end" : 1407 }, 
        {"sofa" : 12,  "begin" : 1408,  "end" : 1416 }, 
        {"sofa" : 12,  "begin" : 1417,  "end" : 1421 }, 
        {"sofa" : 12,  "begin" : 1422,  "end" : 1425 }, 
        {"sofa" : 12,  "begin" : 1426,  "end" : 1431 }, 
        {"sofa" : 12,  "begin" : 1432,  "end" : 1434 }, 
        {"sofa" : 12,  "begin" : 1435,  "end" : 1441 }, 
        {"sofa" : 12,  "begin" : 1442,  "end" : 1451 }, 
        {"sofa" : 12,  "begin" : 1452,  "end" : 1454 }, 
        {"sofa" : 12,  "begin" : 1455,  "end" : 1458 }, 
        {"sofa" : 12,  "begin" : 1459,  "end" : 1466 }, 
        {"sofa" : 12,  "begin" : 1467,  "end" : 1473 }, 
        {"sofa" : 12,  "begin" : 1474,  "end" : 1479 }, 
        {"sofa" : 12,  "begin" : 1480,  "end" : 1481 }, 
        {"sofa" : 12,  "begin" : 1482,  "end" : 1485 }, 
        {"sofa" : 12,  "begin" : 1486,  "end" : 1489 }, 
        {"sofa" : 12,  "begin" : 1490,  "end" : 1495 }, 
        {"sofa" : 12,  "begin" : 1495,  "end" : 1496 }, 
        {"sofa" : 12,  "begin" : 1497,  "end" : 1506 }, 
        {"sofa" : 12,  "begin" : 1506,  "end" : 1507 }, 
        {"sofa" : 12,  "begin" : 1508,  "end" : 1517 }, 
        {"sofa" : 12,  "begin" : 1518,  "end" : 1520 }, 
        {"sofa" : 12,  "begin" : 1521,  "end" : 1526 }, 
        {"sofa" : 12,  "begin" : 1527,  "end" : 1535 }, 
        {"sofa" : 12,  "begin" : 1536,  "end" : 1539 }, 
        {"sofa" : 12,  "begin" : 1540,  "end" : 1551 }, 
        {"sofa" : 12,  "begin" : 1552,  "end" : 1557 }, 
        {"sofa" : 12,  "begin" : 1558,  "end" : 1562 }, 
        {"sofa" : 12,  "begin" : 1563,  "end" : 1568 }, 
        {"sofa" : 12,  "begin" : 1569,  "end" : 1573 }, 
        {"sofa" : 12,  "begin" : 1574,  "end" : 1577 }, 
        {"sofa" : 12,  "begin" : 1578,  "end" : 1585 }, 
        {"sofa" : 12,  "begin" : 1586,  "end" : 1595 }, 
        {"sofa" : 12,  "begin" : 1595,  "end" : 1596 }, 
        {"sofa" : 12,  "begin" : 1598,  "end" : 1599 }, 
        {"sofa" : 12,  "begin" : 1599,  "end" : 1606 }, 
        {"sofa" : 12,  "begin" : 1607,  "end" : 1613 }, 
        {"sofa" : 12,  "begin" : 1614,  "end" : 1619 }, 
        {"sofa" : 12,  "begin" : 1620,  "end" : 1622 }, 
        {"sofa" : 12,  "begin" : 1623,  "end" : 1628 }, 
        {"sofa" : 12,  "begin" : 1628,  "end" : 1629 }, 
        {"sofa" : 12,  "begin" : 1629,  "end" : 1630 }, 
        {"sofa" : 12,  "begin" : 1631,  "end" : 1637 }, 
        {"sofa" : 12,  "begin" : 1638,  "end" : 1641 }, 
        {"sofa" : 12,  "begin" : 1642,  "end" : 1646 }, 
        {"sofa" : 12,  "begin" : 1647,  "end" : 1656 }, 
        {"sofa" : 12,  "begin" : 1657,  "end" : 1661 }, 
        {"sofa" : 12,  "begin" : 1662,  "end" : 1665 }, 
        {"sofa" : 12,  "begin" : 1666,  "end" : 1670 }, 
        {"sofa" : 12,  "begin" : 1671,  "end" : 1673 }, 
        {"sofa" : 12,  "begin" : 1674,  "end" : 1677 }, 
        {"sofa" : 12,  "begin" : 1678,  "end" : 1681 }, 
        {"sofa" : 12,  "begin" : 1681,  "end" : 1682 }, 
        {"sofa" : 12,  "begin" : 1683,  "end" : 1691 }, 
        {"sofa" : 12,  "begin" : 1691,  "end" : 1692 }, 
        {"sofa" : 12,  "begin" : 1693,  "end" : 1694 }, 
        {"sofa" : 12,  "begin" : 1694,  "end" : 1698 }, 
        {"sofa" : 12,  "begin" : 1699,  "end" : 1705 }, 
        {"sofa" : 12,  "begin" : 1706,  "end" : 1708 }, 
        {"sofa" : 12,  "begin" : 1709,  "end" : 1710 }, 
        {"sofa" : 12,  "begin" : 1711,  "end" : 1720 }, 
        {"sofa" : 12,  "begin" : 1721,  "end" : 1731 }, 
        {"sofa" : 12,  "begin" : 1732,  "end" : 1734 }, 
        {"sofa" : 12,  "begin" : 1735,  "end" : 1738 }, 
        {"sofa" : 12,  "begin" : 1739,  "end" : 1746 }, 
        {"sofa" : 12,  "begin" : 1746,  "end" : 1747 }, 
        {"sofa" : 12,  "begin" : 1747,  "end" : 1748 }, 
        {"sofa" : 12,  "begin" : 1750,  "end" : 1759 }, 
        {"sofa" : 12,  "begin" : 1759,  "end" : 1760 }, 
        {"sofa" : 12,  "begin" : 1761,  "end" : 1764 }, 
        {"sofa" : 12,  "begin" : 1765,  "end" : 1774 }, 
        {"sofa" : 12,  "begin" : 1775,  "end" : 1783 }, 
        {"sofa" : 12,  "begin" : 1784,  "end" : 1786 }, 
        {"sofa" : 12,  "begin" : 1787,  "end" : 1792 }, 
        {"sofa" : 12,  "begin" : 1793,  "end" : 1797 }, 
        {"sofa" : 12,  "begin" : 1798,  "end" : 1800 }, 
        {"sofa" : 12,  "begin" : 1801,  "end" : 1806 }, 
        {"sofa" : 12,  "begin" : 1807,  "end" : 1813 }, 
        {"sofa" : 12,  "begin" : 1814,  "end" : 1819 }, 
        {"sofa" : 12,  "begin" : 1820,  "end" : 1827 }, 
        {"sofa" : 12,  "begin" : 1828,  "end" : 1832 }, 
        {"sofa" : 12,  "begin" : 1833,  "end" : 1844 }, 
        {"sofa" : 12,  "begin" : 1845,  "end" : 1847 }, 
        {"sofa" : 12,  "begin" : 1848,  "end" : 1850 }, 
        {"sofa" : 12,  "begin" : 1851,  "end" : 1860 }, 
        {"sofa" : 12,  "begin" : 1861,  "end" : 1870 }, 
        {"sofa" : 12,  "begin" : 1871,  "end" : 1873 }, 
        {"sofa" : 12,  "begin" : 1874,  "end" : 1877 }, 
        {"sofa" : 12,  "begin" : 1878,  "end" : 1884 }, 
        {"sofa" : 12,  "begin" : 1885,  "end" : 1892 }, 
        {"sofa" : 12,  "begin" : 1893,  "end" : 1897 }, 
        {"sofa" : 12,  "begin" : 1898,  "end" : 1901 }, 
        {"sofa" : 12,  "begin" : 1902,  "end" : 1906 }, 
        {"sofa" : 12,  "begin" : 1907,  "end" : 1910 }, 
        {"sofa" : 12,  "begin" : 1911,  "end" : 1916 }, 
        {"sofa" : 12,  "begin" : 1916,  "end" : 1917 } ], 
      "Persuasive_Labels" : [
        {"sofa" : 12,  "begin" : 309,  "end" : 394,  "DistinctiveLinguisticFeatures" : "title of article as clickbait" }, 
        {"sofa" : 12,  "begin" : 309,  "end" : 394,  "DistinctiveLinguisticFeatures" : "distinctive linguistic features" }, 
        {"sofa" : 12,  "begin" : 468,  "end" : 504,  "EstablishingLegitimacy" : "citing source to establish legitimacy_source not verified" }, 
        {"sofa" : 12,  "begin" : 468,  "end" : 504,  "EstablishingLegitimacy" : "Establishing Legitimacy" }, 
        {"sofa" : 12,  "begin" : 703,  "end" : 758,  "EstablishingLegitimacy" : "surface credibility markers - simply claiming authority or credibility" }, 
        {"sofa" : 12,  "begin" : 703,  "end" : 758,  "EstablishingLegitimacy" : "Establishing Legitimacy" }, 
        {"sofa" : 12,  "begin" : 1295,  "end" : 1311,  "EstablishingLegitimacy" : "Establishing Legitimacy" }, 
        {"sofa" : 12,  "begin" : 1295,  "end" : 1311,  "EstablishingLegitimacy" : "citing source to establish legitimacy_source not verified" }, 
        {"sofa" : 12,  "begin" : 1761,  "end" : 1783,  "EstablishingLegitimacy" : "Establishing Legitimacy" }, 
        {"sofa" : 12,  "begin" : 1761,  "end" : 1783,  "EstablishingLegitimacy" : "citing source to establish legitimacy_source not verified" } ] } }, 
  "_referenced_fss" : {
    "12" : {"_type" : "Sofa",  "sofaNum" : 1,  "sofaID" : "_InitialView",  "mimeType" : "text",  "sofaString" : "﻿tron-02234 Aborted Babies and Other Medical Waste Used for Fuel by Oregon\r\nSource: https://www.washingtonpost.com/news/post-politics/wp/2015/08/14/rand-paul-leaves-the-campaign-trail-for-eye-surgeries-in-haiti/ \r\nFact checking: https://www.truthorfiction.com/aborted-babies-fuel-oregon/ \r\n Actual content: \r\nAborted fetuses from British Columbia incinerated in Oregon plant to make electricity\r\nBy Cheryl K. Chumley - The Washington Times - Thursday, April 24, 2014\r\nThe British Columbia Health Ministry recently admitted that tissues from aborted fetuses are part of the “biomedical waste” that it regularly sends to an American plant that turns the waste into electricity for Oregon-area residents.\r\nUnnamed officials with the agency’s communications unit sent an email to B.C. Catholic admitting that “biomedical waste [which includes] human tissue, such as surgically removed cancerous tissue, amputated limbs and fetal tissue [is] disposed of through appropriate contacted providers,” The Blaze reported.\r\n“Some is transferred to Oregon [where it’s] incinerated in a waste-to-energy plant,” the email continued. The agency also assured that the tissues and wastes are processed and handled in line with “health and safety protocols, as well as federal, provincial and local regulations.”\r\nLifeSiteNews.com reported that the executive director of the Oregon Refuse and Recyling Association said to B.C. Catholic that the waste is likely deposited at the Covanta Marion plant — and the plant, meanwhile, confirmed it still receives and incinerates waste that comes from the medical community.\r\n“Pontius Pilate would be proud,” United for Life President John Hof said to the B.C. Catholic. “This points to a ludicrous disconnect in our society.”\r\nMeanwhile, the Telegraph reported in March that at least 15,000 fetal remains were incinerated at 27 different hospitals in the United Kingdom over the past two years.\r\n\r\n" } } }