{"_context" : {
    "_types" : {
      "DocumentMetaData" : {
        "_feature_types" : {"sofa" : "_ref" } }, 
      "Persuasive_Labels" : {
        "_feature_types" : {"sofa" : "_ref" } }, 
      "Sentence" : {
        "_feature_types" : {"sofa" : "_ref" } }, 
      "Sofa" : {
        "_feature_types" : {"sofaArray" : "_ref" } }, 
      "TagsetDescription" : {
        "_feature_types" : {"sofa" : "_ref",  "tags" : "_ref" } }, 
      "Token" : {
        "_feature_types" : {"sofa" : "_ref",  "parent" : "_ref",  "lemma" : "_ref",  "stem" : "_ref",  "pos" : "_ref",  "morph" : "_ref",  "form" : "_ref" } }, 
      "DocumentAnnotation" : {
        "_feature_types" : {"sofa" : "_ref" }, 
        "_subtypes" : ["DocumentMetaData" ] }, 
      "Annotation" : {
        "_feature_types" : {"sofa" : "_ref" }, 
        "_subtypes" : ["DocumentAnnotation",  "Persuasive_Labels",  "Sentence",  "TagsetDescription",  "Token" ] }, 
      "AnnotationBase" : {
        "_feature_types" : {"sofa" : "_ref" }, 
        "_subtypes" : ["Annotation" ] }, 
      "TOP" : {
        "_subtypes" : ["AnnotationBase",  "Sofa" ] } } }, 
  "_views" : {
    "_InitialView" : {
      "DocumentMetaData" : [
        {"sofa" : 12,  "end" : 2736,  "language" : "x-unspecified",  "documentTitle" : "233.%20tron-01822%20Scott%20Walker’s%20Stance%20on%2020-Week%20Abortion%20Bill.txt",  "documentId" : "admin",  "documentUri" : "file:/C:/Users/huiyi/.webanno/repository/project/4/document/630/source/admin",  "collectionId" : "file:/C:/Users/huiyi/.webanno/repository/project/4/document/630/source/",  "documentBaseUri" : "file:/C:/Users/huiyi/.webanno/repository/project/4/document/630/source/",  "isLastSegment" : false } ], 
      "TagsetDescription" : [
        {"sofa" : 12,  "layer" : "de.tudarmstadt.ukp.dkpro.core.api.syntax.type.dependency.Dependency",  "name" : "UD Universal Dependencies (v2)",  "input" : false }, 
        {"sofa" : 12,  "layer" : "de.tudarmstadt.ukp.dkpro.core.api.ner.type.NamedEntity",  "name" : "Named Entity tags",  "input" : false }, 
        {"sofa" : 12,  "layer" : "de.tudarmstadt.ukp.dkpro.core.api.transform.type.SofaChangeAnnotation",  "name" : "Operation",  "input" : false }, 
        {"sofa" : 12,  "layer" : "de.tudarmstadt.ukp.dkpro.core.api.lexmorph.type.pos.POS",  "name" : "UD Universal POS tags (v2)",  "input" : false }, 
        {"sofa" : 12,  "layer" : "webanno.custom.Persuasive_Labels",  "name" : "2. Using Anecdotes and Personal Experience as Evidence",  "input" : false } ], 
      "Sentence" : [
        {"sofa" : 12,  "end" : 418 }, 
        {"sofa" : 12,  "begin" : 420,  "end" : 589 }, 
        {"sofa" : 12,  "begin" : 591,  "end" : 606 }, 
        {"sofa" : 12,  "begin" : 607,  "end" : 686 }, 
        {"sofa" : 12,  "begin" : 688,  "end" : 816 }, 
        {"sofa" : 12,  "begin" : 817,  "end" : 924 }, 
        {"sofa" : 12,  "begin" : 926,  "end" : 1039 }, 
        {"sofa" : 12,  "begin" : 1040,  "end" : 1151 }, 
        {"sofa" : 12,  "begin" : 1153,  "end" : 1244 }, 
        {"sofa" : 12,  "begin" : 1246,  "end" : 1357 }, 
        {"sofa" : 12,  "begin" : 1358,  "end" : 1459 }, 
        {"sofa" : 12,  "begin" : 1460,  "end" : 1485 }, 
        {"sofa" : 12,  "begin" : 1486,  "end" : 1490 }, 
        {"sofa" : 12,  "begin" : 1492,  "end" : 1637 }, 
        {"sofa" : 12,  "begin" : 1639,  "end" : 1915 }, 
        {"sofa" : 12,  "begin" : 1917,  "end" : 2192 }, 
        {"sofa" : 12,  "begin" : 2194,  "end" : 2327 }, 
        {"sofa" : 12,  "begin" : 2328,  "end" : 2443 }, 
        {"sofa" : 12,  "begin" : 2444,  "end" : 2507 }, 
        {"sofa" : 12,  "begin" : 2508,  "end" : 2593 }, 
        {"sofa" : 12,  "begin" : 2595,  "end" : 2732 } ], 
      "Token" : [
        {"sofa" : 12,  "end" : 5 }, 
        {"sofa" : 12,  "begin" : 5,  "end" : 6 }, 
        {"sofa" : 12,  "begin" : 6,  "end" : 11 }, 
        {"sofa" : 12,  "begin" : 12,  "end" : 17 }, 
        {"sofa" : 12,  "begin" : 18,  "end" : 26 }, 
        {"sofa" : 12,  "begin" : 27,  "end" : 33 }, 
        {"sofa" : 12,  "begin" : 34,  "end" : 36 }, 
        {"sofa" : 12,  "begin" : 37,  "end" : 39 }, 
        {"sofa" : 12,  "begin" : 39,  "end" : 40 }, 
        {"sofa" : 12,  "begin" : 40,  "end" : 44 }, 
        {"sofa" : 12,  "begin" : 45,  "end" : 53 }, 
        {"sofa" : 12,  "begin" : 54,  "end" : 58 }, 
        {"sofa" : 12,  "begin" : 60,  "end" : 66 }, 
        {"sofa" : 12,  "begin" : 66,  "end" : 67 }, 
        {"sofa" : 12,  "begin" : 68,  "end" : 73 }, 
        {"sofa" : 12,  "begin" : 73,  "end" : 74 }, 
        {"sofa" : 12,  "begin" : 74,  "end" : 75 }, 
        {"sofa" : 12,  "begin" : 75,  "end" : 76 }, 
        {"sofa" : 12,  "begin" : 76,  "end" : 92 }, 
        {"sofa" : 12,  "begin" : 92,  "end" : 93 }, 
        {"sofa" : 12,  "begin" : 93,  "end" : 98 }, 
        {"sofa" : 12,  "begin" : 98,  "end" : 99 }, 
        {"sofa" : 12,  "begin" : 99,  "end" : 103 }, 
        {"sofa" : 12,  "begin" : 103,  "end" : 104 }, 
        {"sofa" : 12,  "begin" : 104,  "end" : 106 }, 
        {"sofa" : 12,  "begin" : 106,  "end" : 107 }, 
        {"sofa" : 12,  "begin" : 107,  "end" : 125 }, 
        {"sofa" : 12,  "begin" : 125,  "end" : 126 }, 
        {"sofa" : 12,  "begin" : 126,  "end" : 128 }, 
        {"sofa" : 12,  "begin" : 128,  "end" : 129 }, 
        {"sofa" : 12,  "begin" : 129,  "end" : 157 }, 
        {"sofa" : 12,  "begin" : 157,  "end" : 158 }, 
        {"sofa" : 12,  "begin" : 158,  "end" : 164 }, 
        {"sofa" : 12,  "begin" : 167,  "end" : 171 }, 
        {"sofa" : 12,  "begin" : 172,  "end" : 180 }, 
        {"sofa" : 12,  "begin" : 180,  "end" : 181 }, 
        {"sofa" : 12,  "begin" : 182,  "end" : 187 }, 
        {"sofa" : 12,  "begin" : 187,  "end" : 188 }, 
        {"sofa" : 12,  "begin" : 188,  "end" : 189 }, 
        {"sofa" : 12,  "begin" : 189,  "end" : 190 }, 
        {"sofa" : 12,  "begin" : 190,  "end" : 212 }, 
        {"sofa" : 12,  "begin" : 212,  "end" : 213 }, 
        {"sofa" : 12,  "begin" : 213,  "end" : 236 }, 
        {"sofa" : 12,  "begin" : 236,  "end" : 237 }, 
        {"sofa" : 12,  "begin" : 237,  "end" : 239 }, 
        {"sofa" : 12,  "begin" : 239,  "end" : 240 }, 
        {"sofa" : 12,  "begin" : 240,  "end" : 258 }, 
        {"sofa" : 12,  "begin" : 258,  "end" : 259 }, 
        {"sofa" : 12,  "begin" : 262,  "end" : 268 }, 
        {"sofa" : 12,  "begin" : 269,  "end" : 276 }, 
        {"sofa" : 12,  "begin" : 276,  "end" : 277 }, 
        {"sofa" : 12,  "begin" : 280,  "end" : 286 }, 
        {"sofa" : 12,  "begin" : 287,  "end" : 292 }, 
        {"sofa" : 12,  "begin" : 293,  "end" : 302 }, 
        {"sofa" : 12,  "begin" : 303,  "end" : 311 }, 
        {"sofa" : 12,  "begin" : 312,  "end" : 316 }, 
        {"sofa" : 12,  "begin" : 320,  "end" : 329 }, 
        {"sofa" : 12,  "begin" : 330,  "end" : 341 }, 
        {"sofa" : 12,  "begin" : 342,  "end" : 350 }, 
        {"sofa" : 12,  "begin" : 351,  "end" : 354 }, 
        {"sofa" : 12,  "begin" : 355,  "end" : 362 }, 
        {"sofa" : 12,  "begin" : 363,  "end" : 367 }, 
        {"sofa" : 12,  "begin" : 368,  "end" : 372 }, 
        {"sofa" : 12,  "begin" : 373,  "end" : 379 }, 
        {"sofa" : 12,  "begin" : 380,  "end" : 386 }, 
        {"sofa" : 12,  "begin" : 387,  "end" : 396 }, 
        {"sofa" : 12,  "begin" : 397,  "end" : 400 }, 
        {"sofa" : 12,  "begin" : 401,  "end" : 413 }, 
        {"sofa" : 12,  "begin" : 414,  "end" : 417 }, 
        {"sofa" : 12,  "begin" : 417,  "end" : 418 }, 
        {"sofa" : 12,  "begin" : 420,  "end" : 422 }, 
        {"sofa" : 12,  "begin" : 423,  "end" : 428 }, 
        {"sofa" : 12,  "begin" : 429,  "end" : 436 }, 
        {"sofa" : 12,  "begin" : 438,  "end" : 440 }, 
        {"sofa" : 12,  "begin" : 440,  "end" : 441 }, 
        {"sofa" : 12,  "begin" : 441,  "end" : 443 }, 
        {"sofa" : 12,  "begin" : 443,  "end" : 444 }, 
        {"sofa" : 12,  "begin" : 444,  "end" : 448 }, 
        {"sofa" : 12,  "begin" : 449,  "end" : 451 }, 
        {"sofa" : 12,  "begin" : 451,  "end" : 452 }, 
        {"sofa" : 12,  "begin" : 452,  "end" : 454 }, 
        {"sofa" : 12,  "begin" : 455,  "end" : 457 }, 
        {"sofa" : 12,  "begin" : 458,  "end" : 461 }, 
        {"sofa" : 12,  "begin" : 463,  "end" : 470 }, 
        {"sofa" : 12,  "begin" : 470,  "end" : 471 }, 
        {"sofa" : 12,  "begin" : 472,  "end" : 474 }, 
        {"sofa" : 12,  "begin" : 474,  "end" : 475 }, 
        {"sofa" : 12,  "begin" : 475,  "end" : 477 }, 
        {"sofa" : 12,  "begin" : 477,  "end" : 478 }, 
        {"sofa" : 12,  "begin" : 478,  "end" : 482 }, 
        {"sofa" : 12,  "begin" : 483,  "end" : 485 }, 
        {"sofa" : 12,  "begin" : 485,  "end" : 486 }, 
        {"sofa" : 12,  "begin" : 486,  "end" : 488 }, 
        {"sofa" : 12,  "begin" : 489,  "end" : 491 }, 
        {"sofa" : 12,  "begin" : 492,  "end" : 495 }, 
        {"sofa" : 12,  "begin" : 497,  "end" : 505 }, 
        {"sofa" : 12,  "begin" : 506,  "end" : 511 }, 
        {"sofa" : 12,  "begin" : 512,  "end" : 514 }, 
        {"sofa" : 12,  "begin" : 515,  "end" : 520 }, 
        {"sofa" : 12,  "begin" : 521,  "end" : 523 }, 
        {"sofa" : 12,  "begin" : 524,  "end" : 527 }, 
        {"sofa" : 12,  "begin" : 528,  "end" : 535 }, 
        {"sofa" : 12,  "begin" : 536,  "end" : 538 }, 
        {"sofa" : 12,  "begin" : 539,  "end" : 548 }, 
        {"sofa" : 12,  "begin" : 549,  "end" : 550 }, 
        {"sofa" : 12,  "begin" : 551,  "end" : 555 }, 
        {"sofa" : 12,  "begin" : 556,  "end" : 558 }, 
        {"sofa" : 12,  "begin" : 559,  "end" : 569 }, 
        {"sofa" : 12,  "begin" : 570,  "end" : 573 }, 
        {"sofa" : 12,  "begin" : 574,  "end" : 578 }, 
        {"sofa" : 12,  "begin" : 579,  "end" : 581 }, 
        {"sofa" : 12,  "begin" : 582,  "end" : 588 }, 
        {"sofa" : 12,  "begin" : 588,  "end" : 589 }, 
        {"sofa" : 12,  "begin" : 591,  "end" : 593 }, 
        {"sofa" : 12,  "begin" : 594,  "end" : 600 }, 
        {"sofa" : 12,  "begin" : 600,  "end" : 601 }, 
        {"sofa" : 12,  "begin" : 602,  "end" : 605 }, 
        {"sofa" : 12,  "begin" : 605,  "end" : 606 }, 
        {"sofa" : 12,  "begin" : 607,  "end" : 612 }, 
        {"sofa" : 12,  "begin" : 613,  "end" : 619 }, 
        {"sofa" : 12,  "begin" : 620,  "end" : 626 }, 
        {"sofa" : 12,  "begin" : 627,  "end" : 628 }, 
        {"sofa" : 12,  "begin" : 629,  "end" : 633 }, 
        {"sofa" : 12,  "begin" : 634,  "end" : 638 }, 
        {"sofa" : 12,  "begin" : 639,  "end" : 643 }, 
        {"sofa" : 12,  "begin" : 644,  "end" : 647 }, 
        {"sofa" : 12,  "begin" : 648,  "end" : 661 }, 
        {"sofa" : 12,  "begin" : 662,  "end" : 670 }, 
        {"sofa" : 12,  "begin" : 671,  "end" : 676 }, 
        {"sofa" : 12,  "begin" : 677,  "end" : 679 }, 
        {"sofa" : 12,  "begin" : 680,  "end" : 685 }, 
        {"sofa" : 12,  "begin" : 685,  "end" : 686 }, 
        {"sofa" : 12,  "begin" : 688,  "end" : 691 }, 
        {"sofa" : 12,  "begin" : 692,  "end" : 703 }, 
        {"sofa" : 12,  "begin" : 704,  "end" : 709 }, 
        {"sofa" : 12,  "begin" : 710,  "end" : 720 }, 
        {"sofa" : 12,  "begin" : 721,  "end" : 723 }, 
        {"sofa" : 12,  "begin" : 724,  "end" : 732 }, 
        {"sofa" : 12,  "begin" : 733,  "end" : 734 }, 
        {"sofa" : 12,  "begin" : 735,  "end" : 741 }, 
        {"sofa" : 12,  "begin" : 742,  "end" : 752 }, 
        {"sofa" : 12,  "begin" : 753,  "end" : 755 }, 
        {"sofa" : 12,  "begin" : 756,  "end" : 758 }, 
        {"sofa" : 12,  "begin" : 759,  "end" : 761 }, 
        {"sofa" : 12,  "begin" : 762,  "end" : 767 }, 
        {"sofa" : 12,  "begin" : 768,  "end" : 771 }, 
        {"sofa" : 12,  "begin" : 772,  "end" : 773 }, 
        {"sofa" : 12,  "begin" : 774,  "end" : 778 }, 
        {"sofa" : 12,  "begin" : 779,  "end" : 784 }, 
        {"sofa" : 12,  "begin" : 785,  "end" : 787 }, 
        {"sofa" : 12,  "begin" : 788,  "end" : 794 }, 
        {"sofa" : 12,  "begin" : 795,  "end" : 798 }, 
        {"sofa" : 12,  "begin" : 799,  "end" : 806 }, 
        {"sofa" : 12,  "begin" : 807,  "end" : 809 }, 
        {"sofa" : 12,  "begin" : 810,  "end" : 815 }, 
        {"sofa" : 12,  "begin" : 815,  "end" : 816 }, 
        {"sofa" : 12,  "begin" : 817,  "end" : 820 }, 
        {"sofa" : 12,  "begin" : 821,  "end" : 825 }, 
        {"sofa" : 12,  "begin" : 826,  "end" : 829 }, 
        {"sofa" : 12,  "begin" : 830,  "end" : 839 }, 
        {"sofa" : 12,  "begin" : 840,  "end" : 845 }, 
        {"sofa" : 12,  "begin" : 846,  "end" : 848 }, 
        {"sofa" : 12,  "begin" : 849,  "end" : 854 }, 
        {"sofa" : 12,  "begin" : 855,  "end" : 858 }, 
        {"sofa" : 12,  "begin" : 859,  "end" : 866 }, 
        {"sofa" : 12,  "begin" : 867,  "end" : 869 }, 
        {"sofa" : 12,  "begin" : 870,  "end" : 872 }, 
        {"sofa" : 12,  "begin" : 873,  "end" : 876 }, 
        {"sofa" : 12,  "begin" : 877,  "end" : 883 }, 
        {"sofa" : 12,  "begin" : 884,  "end" : 886 }, 
        {"sofa" : 12,  "begin" : 887,  "end" : 893 }, 
        {"sofa" : 12,  "begin" : 894,  "end" : 896 }, 
        {"sofa" : 12,  "begin" : 897,  "end" : 900 }, 
        {"sofa" : 12,  "begin" : 901,  "end" : 903 }, 
        {"sofa" : 12,  "begin" : 904,  "end" : 906 }, 
        {"sofa" : 12,  "begin" : 907,  "end" : 915 }, 
        {"sofa" : 12,  "begin" : 916,  "end" : 923 }, 
        {"sofa" : 12,  "begin" : 923,  "end" : 924 }, 
        {"sofa" : 12,  "begin" : 926,  "end" : 939 }, 
        {"sofa" : 12,  "begin" : 940,  "end" : 949 }, 
        {"sofa" : 12,  "begin" : 950,  "end" : 954 }, 
        {"sofa" : 12,  "begin" : 955,  "end" : 964 }, 
        {"sofa" : 12,  "begin" : 965,  "end" : 971 }, 
        {"sofa" : 12,  "begin" : 972,  "end" : 974 }, 
        {"sofa" : 12,  "begin" : 975,  "end" : 980 }, 
        {"sofa" : 12,  "begin" : 981,  "end" : 988 }, 
        {"sofa" : 12,  "begin" : 988,  "end" : 989 }, 
        {"sofa" : 12,  "begin" : 990,  "end" : 994 }, 
        {"sofa" : 12,  "begin" : 995,  "end" : 998 }, 
        {"sofa" : 12,  "begin" : 998,  "end" : 999 }, 
        {"sofa" : 12,  "begin" : 1000,  "end" : 1006 }, 
        {"sofa" : 12,  "begin" : 1007,  "end" : 1011 }, 
        {"sofa" : 12,  "begin" : 1012,  "end" : 1019 }, 
        {"sofa" : 12,  "begin" : 1020,  "end" : 1025 }, 
        {"sofa" : 12,  "begin" : 1026,  "end" : 1028 }, 
        {"sofa" : 12,  "begin" : 1029,  "end" : 1033 }, 
        {"sofa" : 12,  "begin" : 1034,  "end" : 1038 }, 
        {"sofa" : 12,  "begin" : 1038,  "end" : 1039 }, 
        {"sofa" : 12,  "begin" : 1040,  "end" : 1043 }, 
        {"sofa" : 12,  "begin" : 1044,  "end" : 1052 }, 
        {"sofa" : 12,  "begin" : 1053,  "end" : 1061 }, 
        {"sofa" : 12,  "begin" : 1062,  "end" : 1064 }, 
        {"sofa" : 12,  "begin" : 1065,  "end" : 1078 }, 
        {"sofa" : 12,  "begin" : 1079,  "end" : 1082 }, 
        {"sofa" : 12,  "begin" : 1083,  "end" : 1096 }, 
        {"sofa" : 12,  "begin" : 1096,  "end" : 1097 }, 
        {"sofa" : 12,  "begin" : 1098,  "end" : 1105 }, 
        {"sofa" : 12,  "begin" : 1105,  "end" : 1106 }, 
        {"sofa" : 12,  "begin" : 1107,  "end" : 1111 }, 
        {"sofa" : 12,  "begin" : 1112,  "end" : 1116 }, 
        {"sofa" : 12,  "begin" : 1117,  "end" : 1121 }, 
        {"sofa" : 12,  "begin" : 1122,  "end" : 1129 }, 
        {"sofa" : 12,  "begin" : 1130,  "end" : 1135 }, 
        {"sofa" : 12,  "begin" : 1136,  "end" : 1141 }, 
        {"sofa" : 12,  "begin" : 1142,  "end" : 1144 }, 
        {"sofa" : 12,  "begin" : 1145,  "end" : 1150 }, 
        {"sofa" : 12,  "begin" : 1150,  "end" : 1151 }, 
        {"sofa" : 12,  "begin" : 1153,  "end" : 1159 }, 
        {"sofa" : 12,  "begin" : 1160,  "end" : 1162 }, 
        {"sofa" : 12,  "begin" : 1163,  "end" : 1170 }, 
        {"sofa" : 12,  "begin" : 1171,  "end" : 1174 }, 
        {"sofa" : 12,  "begin" : 1175,  "end" : 1178 }, 
        {"sofa" : 12,  "begin" : 1179,  "end" : 1189 }, 
        {"sofa" : 12,  "begin" : 1190,  "end" : 1200 }, 
        {"sofa" : 12,  "begin" : 1201,  "end" : 1204 }, 
        {"sofa" : 12,  "begin" : 1205,  "end" : 1214 }, 
        {"sofa" : 12,  "begin" : 1215,  "end" : 1218 }, 
        {"sofa" : 12,  "begin" : 1219,  "end" : 1221 }, 
        {"sofa" : 12,  "begin" : 1222,  "end" : 1229 }, 
        {"sofa" : 12,  "begin" : 1230,  "end" : 1232 }, 
        {"sofa" : 12,  "begin" : 1233,  "end" : 1237 }, 
        {"sofa" : 12,  "begin" : 1238,  "end" : 1243 }, 
        {"sofa" : 12,  "begin" : 1243,  "end" : 1244 }, 
        {"sofa" : 12,  "begin" : 1246,  "end" : 1250 }, 
        {"sofa" : 12,  "begin" : 1251,  "end" : 1253 }, 
        {"sofa" : 12,  "begin" : 1254,  "end" : 1260 }, 
        {"sofa" : 12,  "begin" : 1260,  "end" : 1261 }, 
        {"sofa" : 12,  "begin" : 1262,  "end" : 1272 }, 
        {"sofa" : 12,  "begin" : 1273,  "end" : 1282 }, 
        {"sofa" : 12,  "begin" : 1283,  "end" : 1290 }, 
        {"sofa" : 12,  "begin" : 1291,  "end" : 1298 }, 
        {"sofa" : 12,  "begin" : 1299,  "end" : 1307 }, 
        {"sofa" : 12,  "begin" : 1308,  "end" : 1314 }, 
        {"sofa" : 12,  "begin" : 1315,  "end" : 1317 }, 
        {"sofa" : 12,  "begin" : 1318,  "end" : 1325 }, 
        {"sofa" : 12,  "begin" : 1326,  "end" : 1329 }, 
        {"sofa" : 12,  "begin" : 1330,  "end" : 1333 }, 
        {"sofa" : 12,  "begin" : 1334,  "end" : 1337 }, 
        {"sofa" : 12,  "begin" : 1338,  "end" : 1341 }, 
        {"sofa" : 12,  "begin" : 1341,  "end" : 1342 }, 
        {"sofa" : 12,  "begin" : 1343,  "end" : 1350 }, 
        {"sofa" : 12,  "begin" : 1350,  "end" : 1351 }, 
        {"sofa" : 12,  "begin" : 1352,  "end" : 1353 }, 
        {"sofa" : 12,  "begin" : 1353,  "end" : 1356 }, 
        {"sofa" : 12,  "begin" : 1356,  "end" : 1357 }, 
        {"sofa" : 12,  "begin" : 1358,  "end" : 1364 }, 
        {"sofa" : 12,  "begin" : 1365,  "end" : 1371 }, 
        {"sofa" : 12,  "begin" : 1372,  "end" : 1381 }, 
        {"sofa" : 12,  "begin" : 1382,  "end" : 1390 }, 
        {"sofa" : 12,  "begin" : 1391,  "end" : 1403 }, 
        {"sofa" : 12,  "begin" : 1404,  "end" : 1408 }, 
        {"sofa" : 12,  "begin" : 1409,  "end" : 1412 }, 
        {"sofa" : 12,  "begin" : 1413,  "end" : 1415 }, 
        {"sofa" : 12,  "begin" : 1416,  "end" : 1418 }, 
        {"sofa" : 12,  "begin" : 1419,  "end" : 1420 }, 
        {"sofa" : 12,  "begin" : 1421,  "end" : 1428 }, 
        {"sofa" : 12,  "begin" : 1429,  "end" : 1439 }, 
        {"sofa" : 12,  "begin" : 1440,  "end" : 1443 }, 
        {"sofa" : 12,  "begin" : 1444,  "end" : 1448 }, 
        {"sofa" : 12,  "begin" : 1449,  "end" : 1451 }, 
        {"sofa" : 12,  "begin" : 1452,  "end" : 1458 }, 
        {"sofa" : 12,  "begin" : 1458,  "end" : 1459 }, 
        {"sofa" : 12,  "begin" : 1460,  "end" : 1467 }, 
        {"sofa" : 12,  "begin" : 1468,  "end" : 1471 }, 
        {"sofa" : 12,  "begin" : 1472,  "end" : 1484 }, 
        {"sofa" : 12,  "begin" : 1484,  "end" : 1485 }, 
        {"sofa" : 12,  "begin" : 1486,  "end" : 1487 }, 
        {"sofa" : 12,  "begin" : 1487,  "end" : 1488 }, 
        {"sofa" : 12,  "begin" : 1488,  "end" : 1489 }, 
        {"sofa" : 12,  "begin" : 1489,  "end" : 1490 }, 
        {"sofa" : 12,  "begin" : 1492,  "end" : 1501 }, 
        {"sofa" : 12,  "begin" : 1502,  "end" : 1513 }, 
        {"sofa" : 12,  "begin" : 1514,  "end" : 1522 }, 
        {"sofa" : 12,  "begin" : 1523,  "end" : 1526 }, 
        {"sofa" : 12,  "begin" : 1527,  "end" : 1535 }, 
        {"sofa" : 12,  "begin" : 1536,  "end" : 1543 }, 
        {"sofa" : 12,  "begin" : 1544,  "end" : 1551 }, 
        {"sofa" : 12,  "begin" : 1552,  "end" : 1556 }, 
        {"sofa" : 12,  "begin" : 1557,  "end" : 1562 }, 
        {"sofa" : 12,  "begin" : 1562,  "end" : 1563 }, 
        {"sofa" : 12,  "begin" : 1564,  "end" : 1568 }, 
        {"sofa" : 12,  "begin" : 1569,  "end" : 1573 }, 
        {"sofa" : 12,  "begin" : 1574,  "end" : 1580 }, 
        {"sofa" : 12,  "begin" : 1581,  "end" : 1587 }, 
        {"sofa" : 12,  "begin" : 1588,  "end" : 1598 }, 
        {"sofa" : 12,  "begin" : 1599,  "end" : 1608 }, 
        {"sofa" : 12,  "begin" : 1609,  "end" : 1612 }, 
        {"sofa" : 12,  "begin" : 1613,  "end" : 1616 }, 
        {"sofa" : 12,  "begin" : 1617,  "end" : 1620 }, 
        {"sofa" : 12,  "begin" : 1621,  "end" : 1624 }, 
        {"sofa" : 12,  "begin" : 1625,  "end" : 1630 }, 
        {"sofa" : 12,  "begin" : 1631,  "end" : 1636 }, 
        {"sofa" : 12,  "begin" : 1636,  "end" : 1637 }, 
        {"sofa" : 12,  "begin" : 1639,  "end" : 1642 }, 
        {"sofa" : 12,  "begin" : 1643,  "end" : 1652 }, 
        {"sofa" : 12,  "begin" : 1653,  "end" : 1657 }, 
        {"sofa" : 12,  "begin" : 1658,  "end" : 1662 }, 
        {"sofa" : 12,  "begin" : 1663,  "end" : 1666 }, 
        {"sofa" : 12,  "begin" : 1667,  "end" : 1670 }, 
        {"sofa" : 12,  "begin" : 1671,  "end" : 1674 }, 
        {"sofa" : 12,  "begin" : 1675,  "end" : 1682 }, 
        {"sofa" : 12,  "begin" : 1683,  "end" : 1685 }, 
        {"sofa" : 12,  "begin" : 1686,  "end" : 1688 }, 
        {"sofa" : 12,  "begin" : 1689,  "end" : 1693 }, 
        {"sofa" : 12,  "begin" : 1694,  "end" : 1697 }, 
        {"sofa" : 12,  "begin" : 1698,  "end" : 1708 }, 
        {"sofa" : 12,  "begin" : 1709,  "end" : 1718 }, 
        {"sofa" : 12,  "begin" : 1718,  "end" : 1719 }, 
        {"sofa" : 12,  "begin" : 1720,  "end" : 1723 }, 
        {"sofa" : 12,  "begin" : 1724,  "end" : 1727 }, 
        {"sofa" : 12,  "begin" : 1728,  "end" : 1732 }, 
        {"sofa" : 12,  "begin" : 1733,  "end" : 1742 }, 
        {"sofa" : 12,  "begin" : 1743,  "end" : 1747 }, 
        {"sofa" : 12,  "begin" : 1748,  "end" : 1749 }, 
        {"sofa" : 12,  "begin" : 1750,  "end" : 1753 }, 
        {"sofa" : 12,  "begin" : 1754,  "end" : 1765 }, 
        {"sofa" : 12,  "begin" : 1766,  "end" : 1775 }, 
        {"sofa" : 12,  "begin" : 1775,  "end" : 1776 }, 
        {"sofa" : 12,  "begin" : 1777,  "end" : 1786 }, 
        {"sofa" : 12,  "begin" : 1787,  "end" : 1789 }, 
        {"sofa" : 12,  "begin" : 1790,  "end" : 1799 }, 
        {"sofa" : 12,  "begin" : 1800,  "end" : 1807 }, 
        {"sofa" : 12,  "begin" : 1808,  "end" : 1815 }, 
        {"sofa" : 12,  "begin" : 1816,  "end" : 1819 }, 
        {"sofa" : 12,  "begin" : 1820,  "end" : 1822 }, 
        {"sofa" : 12,  "begin" : 1823,  "end" : 1824 }, 
        {"sofa" : 12,  "begin" : 1824,  "end" : 1837 }, 
        {"sofa" : 12,  "begin" : 1837,  "end" : 1838 }, 
        {"sofa" : 12,  "begin" : 1839,  "end" : 1843 }, 
        {"sofa" : 12,  "begin" : 1844,  "end" : 1851 }, 
        {"sofa" : 12,  "begin" : 1851,  "end" : 1852 }, 
        {"sofa" : 12,  "begin" : 1853,  "end" : 1855 }, 
        {"sofa" : 12,  "begin" : 1856,  "end" : 1860 }, 
        {"sofa" : 12,  "begin" : 1861,  "end" : 1863 }, 
        {"sofa" : 12,  "begin" : 1864,  "end" : 1867 }, 
        {"sofa" : 12,  "begin" : 1868,  "end" : 1872 }, 
        {"sofa" : 12,  "begin" : 1873,  "end" : 1875 }, 
        {"sofa" : 12,  "begin" : 1876,  "end" : 1877 }, 
        {"sofa" : 12,  "begin" : 1878,  "end" : 1888 }, 
        {"sofa" : 12,  "begin" : 1889,  "end" : 1898 }, 
        {"sofa" : 12,  "begin" : 1899,  "end" : 1903 }, 
        {"sofa" : 12,  "begin" : 1904,  "end" : 1907 }, 
        {"sofa" : 12,  "begin" : 1908,  "end" : 1914 }, 
        {"sofa" : 12,  "begin" : 1914,  "end" : 1915 }, 
        {"sofa" : 12,  "begin" : 1917,  "end" : 1920 }, 
        {"sofa" : 12,  "begin" : 1921,  "end" : 1932 }, 
        {"sofa" : 12,  "begin" : 1933,  "end" : 1938 }, 
        {"sofa" : 12,  "begin" : 1939,  "end" : 1943 }, 
        {"sofa" : 12,  "begin" : 1944,  "end" : 1948 }, 
        {"sofa" : 12,  "begin" : 1949,  "end" : 1950 }, 
        {"sofa" : 12,  "begin" : 1951,  "end" : 1955 }, 
        {"sofa" : 12,  "begin" : 1956,  "end" : 1961 }, 
        {"sofa" : 12,  "begin" : 1962,  "end" : 1968 }, 
        {"sofa" : 12,  "begin" : 1968,  "end" : 1969 }, 
        {"sofa" : 12,  "begin" : 1970,  "end" : 1973 }, 
        {"sofa" : 12,  "begin" : 1974,  "end" : 1977 }, 
        {"sofa" : 12,  "begin" : 1978,  "end" : 1983 }, 
        {"sofa" : 12,  "begin" : 1984,  "end" : 1986 }, 
        {"sofa" : 12,  "begin" : 1987,  "end" : 1988 }, 
        {"sofa" : 12,  "begin" : 1989,  "end" : 1994 }, 
        {"sofa" : 12,  "begin" : 1995,  "end" : 2005 }, 
        {"sofa" : 12,  "begin" : 2006,  "end" : 2014 }, 
        {"sofa" : 12,  "begin" : 2014,  "end" : 2015 }, 
        {"sofa" : 12,  "begin" : 2016,  "end" : 2024 }, 
        {"sofa" : 12,  "begin" : 2025,  "end" : 2027 }, 
        {"sofa" : 12,  "begin" : 2028,  "end" : 2030 }, 
        {"sofa" : 12,  "begin" : 2031,  "end" : 2035 }, 
        {"sofa" : 12,  "begin" : 2036,  "end" : 2042 }, 
        {"sofa" : 12,  "begin" : 2043,  "end" : 2044 }, 
        {"sofa" : 12,  "begin" : 2045,  "end" : 2052 }, 
        {"sofa" : 12,  "begin" : 2053,  "end" : 2061 }, 
        {"sofa" : 12,  "begin" : 2062,  "end" : 2064 }, 
        {"sofa" : 12,  "begin" : 2065,  "end" : 2074 }, 
        {"sofa" : 12,  "begin" : 2075,  "end" : 2076 }, 
        {"sofa" : 12,  "begin" : 2077,  "end" : 2086 }, 
        {"sofa" : 12,  "begin" : 2087,  "end" : 2088 }, 
        {"sofa" : 12,  "begin" : 2088,  "end" : 2097 }, 
        {"sofa" : 12,  "begin" : 2097,  "end" : 2098 }, 
        {"sofa" : 12,  "begin" : 2098,  "end" : 2099 }, 
        {"sofa" : 12,  "begin" : 2100,  "end" : 2106 }, 
        {"sofa" : 12,  "begin" : 2107,  "end" : 2109 }, 
        {"sofa" : 12,  "begin" : 2110,  "end" : 2119 }, 
        {"sofa" : 12,  "begin" : 2120,  "end" : 2131 }, 
        {"sofa" : 12,  "begin" : 2132,  "end" : 2136 }, 
        {"sofa" : 12,  "begin" : 2137,  "end" : 2142 }, 
        {"sofa" : 12,  "begin" : 2143,  "end" : 2147 }, 
        {"sofa" : 12,  "begin" : 2148,  "end" : 2151 }, 
        {"sofa" : 12,  "begin" : 2152,  "end" : 2160 }, 
        {"sofa" : 12,  "begin" : 2161,  "end" : 2168 }, 
        {"sofa" : 12,  "begin" : 2169,  "end" : 2170 }, 
        {"sofa" : 12,  "begin" : 2171,  "end" : 2176 }, 
        {"sofa" : 12,  "begin" : 2177,  "end" : 2180 }, 
        {"sofa" : 12,  "begin" : 2181,  "end" : 2184 }, 
        {"sofa" : 12,  "begin" : 2185,  "end" : 2191 }, 
        {"sofa" : 12,  "begin" : 2191,  "end" : 2192 }, 
        {"sofa" : 12,  "begin" : 2194,  "end" : 2195 }, 
        {"sofa" : 12,  "begin" : 2195,  "end" : 2196 }, 
        {"sofa" : 12,  "begin" : 2197,  "end" : 2201 }, 
        {"sofa" : 12,  "begin" : 2202,  "end" : 2205 }, 
        {"sofa" : 12,  "begin" : 2206,  "end" : 2214 }, 
        {"sofa" : 12,  "begin" : 2215,  "end" : 2218 }, 
        {"sofa" : 12,  "begin" : 2219,  "end" : 2220 }, 
        {"sofa" : 12,  "begin" : 2221,  "end" : 2224 }, 
        {"sofa" : 12,  "begin" : 2225,  "end" : 2229 }, 
        {"sofa" : 12,  "begin" : 2230,  "end" : 2237 }, 
        {"sofa" : 12,  "begin" : 2238,  "end" : 2241 }, 
        {"sofa" : 12,  "begin" : 2242,  "end" : 2251 }, 
        {"sofa" : 12,  "begin" : 2252,  "end" : 2253 }, 
        {"sofa" : 12,  "begin" : 2254,  "end" : 2262 }, 
        {"sofa" : 12,  "begin" : 2263,  "end" : 2267 }, 
        {"sofa" : 12,  "begin" : 2268,  "end" : 2270 }, 
        {"sofa" : 12,  "begin" : 2271,  "end" : 2274 }, 
        {"sofa" : 12,  "begin" : 2275,  "end" : 2282 }, 
        {"sofa" : 12,  "begin" : 2283,  "end" : 2288 }, 
        {"sofa" : 12,  "begin" : 2289,  "end" : 2297 }, 
        {"sofa" : 12,  "begin" : 2298,  "end" : 2303 }, 
        {"sofa" : 12,  "begin" : 2304,  "end" : 2310 }, 
        {"sofa" : 12,  "begin" : 2311,  "end" : 2316 }, 
        {"sofa" : 12,  "begin" : 2317,  "end" : 2326 }, 
        {"sofa" : 12,  "begin" : 2326,  "end" : 2327 }, 
        {"sofa" : 12,  "begin" : 2328,  "end" : 2334 }, 
        {"sofa" : 12,  "begin" : 2335,  "end" : 2338 }, 
        {"sofa" : 12,  "begin" : 2339,  "end" : 2340 }, 
        {"sofa" : 12,  "begin" : 2341,  "end" : 2348 }, 
        {"sofa" : 12,  "begin" : 2349,  "end" : 2350 }, 
        {"sofa" : 12,  "begin" : 2351,  "end" : 2354 }, 
        {"sofa" : 12,  "begin" : 2355,  "end" : 2359 }, 
        {"sofa" : 12,  "begin" : 2360,  "end" : 2368 }, 
        {"sofa" : 12,  "begin" : 2369,  "end" : 2373 }, 
        {"sofa" : 12,  "begin" : 2374,  "end" : 2385 }, 
        {"sofa" : 12,  "begin" : 2386,  "end" : 2388 }, 
        {"sofa" : 12,  "begin" : 2389,  "end" : 2396 }, 
        {"sofa" : 12,  "begin" : 2397,  "end" : 2399 }, 
        {"sofa" : 12,  "begin" : 2400,  "end" : 2404 }, 
        {"sofa" : 12,  "begin" : 2405,  "end" : 2409 }, 
        {"sofa" : 12,  "begin" : 2410,  "end" : 2418 }, 
        {"sofa" : 12,  "begin" : 2418,  "end" : 2419 }, 
        {"sofa" : 12,  "begin" : 2419,  "end" : 2420 }, 
        {"sofa" : 12,  "begin" : 2421,  "end" : 2427 }, 
        {"sofa" : 12,  "begin" : 2428,  "end" : 2432 }, 
        {"sofa" : 12,  "begin" : 2433,  "end" : 2435 }, 
        {"sofa" : 12,  "begin" : 2436,  "end" : 2439 }, 
        {"sofa" : 12,  "begin" : 2440,  "end" : 2442 }, 
        {"sofa" : 12,  "begin" : 2442,  "end" : 2443 }, 
        {"sofa" : 12,  "begin" : 2444,  "end" : 2445 }, 
        {"sofa" : 12,  "begin" : 2445,  "end" : 2448 }, 
        {"sofa" : 12,  "begin" : 2449,  "end" : 2452 }, 
        {"sofa" : 12,  "begin" : 2453,  "end" : 2458 }, 
        {"sofa" : 12,  "begin" : 2459,  "end" : 2465 }, 
        {"sofa" : 12,  "begin" : 2466,  "end" : 2469 }, 
        {"sofa" : 12,  "begin" : 2470,  "end" : 2478 }, 
        {"sofa" : 12,  "begin" : 2479,  "end" : 2481 }, 
        {"sofa" : 12,  "begin" : 2482,  "end" : 2485 }, 
        {"sofa" : 12,  "begin" : 2486,  "end" : 2491 }, 
        {"sofa" : 12,  "begin" : 2492,  "end" : 2495 }, 
        {"sofa" : 12,  "begin" : 2496,  "end" : 2499 }, 
        {"sofa" : 12,  "begin" : 2500,  "end" : 2506 }, 
        {"sofa" : 12,  "begin" : 2506,  "end" : 2507 }, 
        {"sofa" : 12,  "begin" : 2508,  "end" : 2510 }, 
        {"sofa" : 12,  "begin" : 2511,  "end" : 2514 }, 
        {"sofa" : 12,  "begin" : 2515,  "end" : 2517 }, 
        {"sofa" : 12,  "begin" : 2517,  "end" : 2518 }, 
        {"sofa" : 12,  "begin" : 2519,  "end" : 2520 }, 
        {"sofa" : 12,  "begin" : 2521,  "end" : 2525 }, 
        {"sofa" : 12,  "begin" : 2526,  "end" : 2528 }, 
        {"sofa" : 12,  "begin" : 2529,  "end" : 2533 }, 
        {"sofa" : 12,  "begin" : 2534,  "end" : 2537 }, 
        {"sofa" : 12,  "begin" : 2538,  "end" : 2541 }, 
        {"sofa" : 12,  "begin" : 2542,  "end" : 2545 }, 
        {"sofa" : 12,  "begin" : 2546,  "end" : 2552 }, 
        {"sofa" : 12,  "begin" : 2553,  "end" : 2556 }, 
        {"sofa" : 12,  "begin" : 2557,  "end" : 2563 }, 
        {"sofa" : 12,  "begin" : 2564,  "end" : 2566 }, 
        {"sofa" : 12,  "begin" : 2567,  "end" : 2570 }, 
        {"sofa" : 12,  "begin" : 2571,  "end" : 2579 }, 
        {"sofa" : 12,  "begin" : 2580,  "end" : 2582 }, 
        {"sofa" : 12,  "begin" : 2583,  "end" : 2585 }, 
        {"sofa" : 12,  "begin" : 2586,  "end" : 2591 }, 
        {"sofa" : 12,  "begin" : 2591,  "end" : 2592 }, 
        {"sofa" : 12,  "begin" : 2592,  "end" : 2593 }, 
        {"sofa" : 12,  "begin" : 2595,  "end" : 2597 }, 
        {"sofa" : 12,  "begin" : 2598,  "end" : 2604 }, 
        {"sofa" : 12,  "begin" : 2604,  "end" : 2605 }, 
        {"sofa" : 12,  "begin" : 2606,  "end" : 2612 }, 
        {"sofa" : 12,  "begin" : 2613,  "end" : 2620 }, 
        {"sofa" : 12,  "begin" : 2620,  "end" : 2621 }, 
        {"sofa" : 12,  "begin" : 2622,  "end" : 2623 }, 
        {"sofa" : 12,  "begin" : 2623,  "end" : 2627 }, 
        {"sofa" : 12,  "begin" : 2628,  "end" : 2634 }, 
        {"sofa" : 12,  "begin" : 2635,  "end" : 2639 }, 
        {"sofa" : 12,  "begin" : 2640,  "end" : 2647 }, 
        {"sofa" : 12,  "begin" : 2648,  "end" : 2652 }, 
        {"sofa" : 12,  "begin" : 2653,  "end" : 2657 }, 
        {"sofa" : 12,  "begin" : 2658,  "end" : 2661 }, 
        {"sofa" : 12,  "begin" : 2662,  "end" : 2664 }, 
        {"sofa" : 12,  "begin" : 2665,  "end" : 2672 }, 
        {"sofa" : 12,  "begin" : 2673,  "end" : 2679 }, 
        {"sofa" : 12,  "begin" : 2680,  "end" : 2682 }, 
        {"sofa" : 12,  "begin" : 2683,  "end" : 2684 }, 
        {"sofa" : 12,  "begin" : 2685,  "end" : 2691 }, 
        {"sofa" : 12,  "begin" : 2692,  "end" : 2696 }, 
        {"sofa" : 12,  "begin" : 2697,  "end" : 2701 }, 
        {"sofa" : 12,  "begin" : 2702,  "end" : 2705 }, 
        {"sofa" : 12,  "begin" : 2706,  "end" : 2710 }, 
        {"sofa" : 12,  "begin" : 2711,  "end" : 2715 }, 
        {"sofa" : 12,  "begin" : 2715,  "end" : 2716 }, 
        {"sofa" : 12,  "begin" : 2716,  "end" : 2717 }, 
        {"sofa" : 12,  "begin" : 2718,  "end" : 2720 }, 
        {"sofa" : 12,  "begin" : 2721,  "end" : 2722 }, 
        {"sofa" : 12,  "begin" : 2722,  "end" : 2730 }, 
        {"sofa" : 12,  "begin" : 2730,  "end" : 2731 }, 
        {"sofa" : 12,  "begin" : 2731,  "end" : 2732 } ], 
      "Persuasive_Labels" : [
        {"sofa" : 12,  "begin" : 591,  "end" : 686,  "FabricatingNarrativewithDetails" : "Narrative with details_details verified to be true" }, 
        {"sofa" : 12,  "begin" : 591,  "end" : 686,  "FabricatingNarrativewithDetails" : "Narrative with Details" } ] } }, 
  "_referenced_fss" : {
    "12" : {"_type" : "Sofa",  "sofaNum" : 1,  "sofaID" : "_InitialView",  "mimeType" : "text",  "sofaString" : "﻿tron-01822 Scott Walker's Stance on 20-Week Abortion Bill\r\nSource: https://www.politico.com/story/2015/07/wisconsin-abortion-20-weeks-not-legal-scott-walker-120370 \r\nFact checking: https://www.truthorfiction.com/scott-walkers-stance-on-20-week-abortion-bill/ \r\nActual content: \r\nWalker signs Wisconsin abortion bill\r\n\r\nWisconsin legislators approved the measure just days before Walker announced his presidential bid.\r\nBy ELIZA COLLINS\r\n07/20/2015 03:54 PM EDT\r\nUpdated: 07/20/2015 09:26 PM EDT\r\nAbortion after 20 weeks is now illegal in Wisconsin - with no exceptions for rape or incest.\r\nOn Monday, Gov. Scott Walker signed a bill that bans all non-emergency abortion after 20 weeks.\r\nThe legislation makes performing an abortion a felony punishable by up to three and a half years in prison and $10,000 in fines. The only way abortions after 20 weeks are allowed is if the mother is likely to die or be severely injured.\r\nAnti-abortion activists have coalesced around 20 weeks because, they say, that's when fetuses begin to feel pain. The American Congress of Obstetricians and Gynecologists, however, says that pain doesn't occur until 27 weeks.\r\nWalker is running for the Republican nomination for president and is leading in some polls.\r\nLate on Monday, Democratic candidate Hillary Clinton attacked Walker on Twitter for the new law, writing, \"Gov. Walker signed dangerous abortion restrictions into law in WI - without exceptions for rape or incest. Extreme and unacceptable. -H.\"\r\nWisconsin legislators approved the abortion measure earlier this month, just days before Walker officially announced his bid for the White House.\r\nGOP lawmakers said that the ban had nothing to do with the governor's ambitions, but the bill benefited from a few legislative shortcuts, including an expedited hearing process and an \"extraordinary\" July session, to land on his desk at a convenient political time for Walker.\r\nThe legislation comes less than a year after Walker, who was stuck in a tight reelection campaign, released an ad that called a woman's decision to terminate a pregnancy \"agonizing,\" saying he supported legislation that would make the decision between a woman and her doctor.\r\n\"I said I'm pro-life but I can only imagine how difficult a decision must be for someone who's thinking about ending their pregnancy. That's why I support a law that provides more information to someone to make that decision,\" Walker said in the ad. \"The law still leaves the decision to the woman and her doctor. As for me, I want to look out for the health and safety of all citizens in my state.\"\r\nOn Monday, Walker tweeted: \"Just signed pain capable bill into law to protect unborn at 5 months when they can feel pain.- SW #Walker16.\"\r\n\r\n" } } }