{"_context" : {
    "_types" : {
      "DocumentMetaData" : {
        "_feature_types" : {"sofa" : "_ref" } }, 
      "Persuasive_Labels" : {
        "_feature_types" : {"sofa" : "_ref" } }, 
      "Sentence" : {
        "_feature_types" : {"sofa" : "_ref" } }, 
      "Sofa" : {
        "_feature_types" : {"sofaArray" : "_ref" } }, 
      "TagsetDescription" : {
        "_feature_types" : {"sofa" : "_ref",  "tags" : "_ref" } }, 
      "Token" : {
        "_feature_types" : {"sofa" : "_ref",  "parent" : "_ref",  "lemma" : "_ref",  "stem" : "_ref",  "pos" : "_ref",  "morph" : "_ref",  "form" : "_ref" } }, 
      "DocumentAnnotation" : {
        "_feature_types" : {"sofa" : "_ref" }, 
        "_subtypes" : ["DocumentMetaData" ] }, 
      "Annotation" : {
        "_feature_types" : {"sofa" : "_ref" }, 
        "_subtypes" : ["DocumentAnnotation",  "Persuasive_Labels",  "Sentence",  "TagsetDescription",  "Token" ] }, 
      "AnnotationBase" : {
        "_feature_types" : {"sofa" : "_ref" }, 
        "_subtypes" : ["Annotation" ] }, 
      "TOP" : {
        "_subtypes" : ["AnnotationBase",  "Sofa" ] } } }, 
  "_views" : {
    "_InitialView" : {
      "DocumentMetaData" : [
        {"sofa" : 12,  "end" : 1889,  "language" : "x-unspecified",  "documentTitle" : "51.%20snes-05779%20The%20artificial%20sweetener%20Splenda%20was%20inadequately%20tested%20and%20is%20unsafe%20for%20human%20consumption.txt",  "documentId" : "admin",  "documentUri" : "file:/C:/Users/huiyi/.webanno/repository/project/4/document/221/source/admin",  "collectionId" : "file:/C:/Users/huiyi/.webanno/repository/project/4/document/221/source/",  "documentBaseUri" : "file:/C:/Users/huiyi/.webanno/repository/project/4/document/221/source/",  "isLastSegment" : false } ], 
      "TagsetDescription" : [
        {"sofa" : 12,  "layer" : "de.tudarmstadt.ukp.dkpro.core.api.syntax.type.dependency.Dependency",  "name" : "UD Universal Dependencies (v2)",  "input" : false }, 
        {"sofa" : 12,  "layer" : "de.tudarmstadt.ukp.dkpro.core.api.ner.type.NamedEntity",  "name" : "Named Entity tags",  "input" : false }, 
        {"sofa" : 12,  "layer" : "de.tudarmstadt.ukp.dkpro.core.api.transform.type.SofaChangeAnnotation",  "name" : "Operation",  "input" : false }, 
        {"sofa" : 12,  "layer" : "de.tudarmstadt.ukp.dkpro.core.api.lexmorph.type.pos.POS",  "name" : "UD Universal POS tags (v2)",  "input" : false }, 
        {"sofa" : 12,  "layer" : "webanno.custom.Persuasive_Labels",  "name" : "2. Using Anecdotes and Personal Experience as Evidence",  "input" : false } ], 
      "Sentence" : [
        {"sofa" : 12,  "end" : 105 }, 
        {"sofa" : 12,  "begin" : 108,  "end" : 321 }, 
        {"sofa" : 12,  "begin" : 323,  "end" : 396 }, 
        {"sofa" : 12,  "begin" : 398,  "end" : 461 }, 
        {"sofa" : 12,  "begin" : 462,  "end" : 627 }, 
        {"sofa" : 12,  "begin" : 629,  "end" : 768 }, 
        {"sofa" : 12,  "begin" : 769,  "end" : 784 }, 
        {"sofa" : 12,  "begin" : 786,  "end" : 857 }, 
        {"sofa" : 12,  "begin" : 858,  "end" : 1011 }, 
        {"sofa" : 12,  "begin" : 1013,  "end" : 1160 }, 
        {"sofa" : 12,  "begin" : 1161,  "end" : 1233 }, 
        {"sofa" : 12,  "begin" : 1234,  "end" : 1378 }, 
        {"sofa" : 12,  "begin" : 1380,  "end" : 1405 }, 
        {"sofa" : 12,  "begin" : 1407,  "end" : 1509 }, 
        {"sofa" : 12,  "begin" : 1510,  "end" : 1601 }, 
        {"sofa" : 12,  "begin" : 1602,  "end" : 1702 }, 
        {"sofa" : 12,  "begin" : 1703,  "end" : 1792 }, 
        {"sofa" : 12,  "begin" : 1793,  "end" : 1885 } ], 
      "Token" : [
        {"sofa" : 12,  "end" : 5 }, 
        {"sofa" : 12,  "begin" : 5,  "end" : 6 }, 
        {"sofa" : 12,  "begin" : 6,  "end" : 11 }, 
        {"sofa" : 12,  "begin" : 12,  "end" : 15 }, 
        {"sofa" : 12,  "begin" : 16,  "end" : 26 }, 
        {"sofa" : 12,  "begin" : 27,  "end" : 36 }, 
        {"sofa" : 12,  "begin" : 37,  "end" : 44 }, 
        {"sofa" : 12,  "begin" : 45,  "end" : 48 }, 
        {"sofa" : 12,  "begin" : 49,  "end" : 61 }, 
        {"sofa" : 12,  "begin" : 62,  "end" : 68 }, 
        {"sofa" : 12,  "begin" : 69,  "end" : 72 }, 
        {"sofa" : 12,  "begin" : 73,  "end" : 75 }, 
        {"sofa" : 12,  "begin" : 76,  "end" : 82 }, 
        {"sofa" : 12,  "begin" : 83,  "end" : 86 }, 
        {"sofa" : 12,  "begin" : 87,  "end" : 92 }, 
        {"sofa" : 12,  "begin" : 93,  "end" : 104 }, 
        {"sofa" : 12,  "begin" : 104,  "end" : 105 }, 
        {"sofa" : 12,  "begin" : 108,  "end" : 114 }, 
        {"sofa" : 12,  "begin" : 114,  "end" : 115 }, 
        {"sofa" : 12,  "begin" : 116,  "end" : 121 }, 
        {"sofa" : 12,  "begin" : 121,  "end" : 122 }, 
        {"sofa" : 12,  "begin" : 122,  "end" : 123 }, 
        {"sofa" : 12,  "begin" : 123,  "end" : 124 }, 
        {"sofa" : 12,  "begin" : 124,  "end" : 138 }, 
        {"sofa" : 12,  "begin" : 138,  "end" : 139 }, 
        {"sofa" : 12,  "begin" : 139,  "end" : 149 }, 
        {"sofa" : 12,  "begin" : 149,  "end" : 150 }, 
        {"sofa" : 12,  "begin" : 150,  "end" : 165 }, 
        {"sofa" : 12,  "begin" : 165,  "end" : 166 }, 
        {"sofa" : 12,  "begin" : 169,  "end" : 173 }, 
        {"sofa" : 12,  "begin" : 174,  "end" : 182 }, 
        {"sofa" : 12,  "begin" : 182,  "end" : 183 }, 
        {"sofa" : 12,  "begin" : 184,  "end" : 189 }, 
        {"sofa" : 12,  "begin" : 189,  "end" : 190 }, 
        {"sofa" : 12,  "begin" : 190,  "end" : 191 }, 
        {"sofa" : 12,  "begin" : 191,  "end" : 192 }, 
        {"sofa" : 12,  "begin" : 192,  "end" : 206 }, 
        {"sofa" : 12,  "begin" : 206,  "end" : 207 }, 
        {"sofa" : 12,  "begin" : 207,  "end" : 217 }, 
        {"sofa" : 12,  "begin" : 217,  "end" : 218 }, 
        {"sofa" : 12,  "begin" : 218,  "end" : 233 }, 
        {"sofa" : 12,  "begin" : 233,  "end" : 234 }, 
        {"sofa" : 12,  "begin" : 237,  "end" : 243 }, 
        {"sofa" : 12,  "begin" : 244,  "end" : 251 }, 
        {"sofa" : 12,  "begin" : 251,  "end" : 252 }, 
        {"sofa" : 12,  "begin" : 255,  "end" : 261 }, 
        {"sofa" : 12,  "begin" : 262,  "end" : 265 }, 
        {"sofa" : 12,  "begin" : 266,  "end" : 271 }, 
        {"sofa" : 12,  "begin" : 272,  "end" : 275 }, 
        {"sofa" : 12,  "begin" : 276,  "end" : 277 }, 
        {"sofa" : 12,  "begin" : 278,  "end" : 284 }, 
        {"sofa" : 12,  "begin" : 285,  "end" : 287 }, 
        {"sofa" : 12,  "begin" : 288,  "end" : 295 }, 
        {"sofa" : 12,  "begin" : 296,  "end" : 297 }, 
        {"sofa" : 12,  "begin" : 297,  "end" : 306 }, 
        {"sofa" : 12,  "begin" : 306,  "end" : 307 }, 
        {"sofa" : 12,  "begin" : 307,  "end" : 308 }, 
        {"sofa" : 12,  "begin" : 309,  "end" : 314 }, 
        {"sofa" : 12,  "begin" : 315,  "end" : 320 }, 
        {"sofa" : 12,  "begin" : 320,  "end" : 321 }, 
        {"sofa" : 12,  "begin" : 323,  "end" : 328 }, 
        {"sofa" : 12,  "begin" : 329,  "end" : 331 }, 
        {"sofa" : 12,  "begin" : 332,  "end" : 338 }, 
        {"sofa" : 12,  "begin" : 339,  "end" : 341 }, 
        {"sofa" : 12,  "begin" : 342,  "end" : 345 }, 
        {"sofa" : 12,  "begin" : 346,  "end" : 352 }, 
        {"sofa" : 12,  "begin" : 353,  "end" : 354 }, 
        {"sofa" : 12,  "begin" : 354,  "end" : 358 }, 
        {"sofa" : 12,  "begin" : 359,  "end" : 363 }, 
        {"sofa" : 12,  "begin" : 364,  "end" : 369 }, 
        {"sofa" : 12,  "begin" : 369,  "end" : 370 }, 
        {"sofa" : 12,  "begin" : 371,  "end" : 373 }, 
        {"sofa" : 12,  "begin" : 374,  "end" : 376 }, 
        {"sofa" : 12,  "begin" : 377,  "end" : 383 }, 
        {"sofa" : 12,  "begin" : 384,  "end" : 388 }, 
        {"sofa" : 12,  "begin" : 389,  "end" : 394 }, 
        {"sofa" : 12,  "begin" : 394,  "end" : 395 }, 
        {"sofa" : 12,  "begin" : 395,  "end" : 396 }, 
        {"sofa" : 12,  "begin" : 398,  "end" : 407 }, 
        {"sofa" : 12,  "begin" : 408,  "end" : 411 }, 
        {"sofa" : 12,  "begin" : 412,  "end" : 420 }, 
        {"sofa" : 12,  "begin" : 421,  "end" : 424 }, 
        {"sofa" : 12,  "begin" : 425,  "end" : 428 }, 
        {"sofa" : 12,  "begin" : 429,  "end" : 431 }, 
        {"sofa" : 12,  "begin" : 432,  "end" : 437 }, 
        {"sofa" : 12,  "begin" : 438,  "end" : 440 }, 
        {"sofa" : 12,  "begin" : 441,  "end" : 442 }, 
        {"sofa" : 12,  "begin" : 443,  "end" : 452 }, 
        {"sofa" : 12,  "begin" : 453,  "end" : 455 }, 
        {"sofa" : 12,  "begin" : 456,  "end" : 460 }, 
        {"sofa" : 12,  "begin" : 460,  "end" : 461 }, 
        {"sofa" : 12,  "begin" : 462,  "end" : 468 }, 
        {"sofa" : 12,  "begin" : 469,  "end" : 478 }, 
        {"sofa" : 12,  "begin" : 479,  "end" : 488 }, 
        {"sofa" : 12,  "begin" : 488,  "end" : 489 }, 
        {"sofa" : 12,  "begin" : 490,  "end" : 493 }, 
        {"sofa" : 12,  "begin" : 494,  "end" : 497 }, 
        {"sofa" : 12,  "begin" : 498,  "end" : 505 }, 
        {"sofa" : 12,  "begin" : 506,  "end" : 508 }, 
        {"sofa" : 12,  "begin" : 509,  "end" : 513 }, 
        {"sofa" : 12,  "begin" : 514,  "end" : 522 }, 
        {"sofa" : 12,  "begin" : 523,  "end" : 526 }, 
        {"sofa" : 12,  "begin" : 527,  "end" : 532 }, 
        {"sofa" : 12,  "begin" : 533,  "end" : 536 }, 
        {"sofa" : 12,  "begin" : 537,  "end" : 543 }, 
        {"sofa" : 12,  "begin" : 544,  "end" : 551 }, 
        {"sofa" : 12,  "begin" : 551,  "end" : 552 }, 
        {"sofa" : 12,  "begin" : 553,  "end" : 556 }, 
        {"sofa" : 12,  "begin" : 557,  "end" : 559 }, 
        {"sofa" : 12,  "begin" : 560,  "end" : 565 }, 
        {"sofa" : 12,  "begin" : 566,  "end" : 569 }, 
        {"sofa" : 12,  "begin" : 570,  "end" : 574 }, 
        {"sofa" : 12,  "begin" : 575,  "end" : 579 }, 
        {"sofa" : 12,  "begin" : 580,  "end" : 581 }, 
        {"sofa" : 12,  "begin" : 582,  "end" : 585 }, 
        {"sofa" : 12,  "begin" : 586,  "end" : 588 }, 
        {"sofa" : 12,  "begin" : 589,  "end" : 594 }, 
        {"sofa" : 12,  "begin" : 595,  "end" : 602 }, 
        {"sofa" : 12,  "begin" : 603,  "end" : 607 }, 
        {"sofa" : 12,  "begin" : 608,  "end" : 616 }, 
        {"sofa" : 12,  "begin" : 617,  "end" : 619 }, 
        {"sofa" : 12,  "begin" : 620,  "end" : 626 }, 
        {"sofa" : 12,  "begin" : 626,  "end" : 627 }, 
        {"sofa" : 12,  "begin" : 629,  "end" : 630 }, 
        {"sofa" : 12,  "begin" : 630,  "end" : 632 }, 
        {"sofa" : 12,  "begin" : 633,  "end" : 635 }, 
        {"sofa" : 12,  "begin" : 636,  "end" : 637 }, 
        {"sofa" : 12,  "begin" : 638,  "end" : 649 }, 
        {"sofa" : 12,  "begin" : 650,  "end" : 660 }, 
        {"sofa" : 12,  "begin" : 661,  "end" : 670 }, 
        {"sofa" : 12,  "begin" : 671,  "end" : 673 }, 
        {"sofa" : 12,  "begin" : 674,  "end" : 678 }, 
        {"sofa" : 12,  "begin" : 679,  "end" : 683 }, 
        {"sofa" : 12,  "begin" : 684,  "end" : 693 }, 
        {"sofa" : 12,  "begin" : 694,  "end" : 697 }, 
        {"sofa" : 12,  "begin" : 698,  "end" : 707 }, 
        {"sofa" : 12,  "begin" : 707,  "end" : 708 }, 
        {"sofa" : 12,  "begin" : 709,  "end" : 712 }, 
        {"sofa" : 12,  "begin" : 713,  "end" : 717 }, 
        {"sofa" : 12,  "begin" : 718,  "end" : 729 }, 
        {"sofa" : 12,  "begin" : 730,  "end" : 736 }, 
        {"sofa" : 12,  "begin" : 737,  "end" : 744 }, 
        {"sofa" : 12,  "begin" : 745,  "end" : 747 }, 
        {"sofa" : 12,  "begin" : 748,  "end" : 753 }, 
        {"sofa" : 12,  "begin" : 753,  "end" : 754 }, 
        {"sofa" : 12,  "begin" : 754,  "end" : 755 }, 
        {"sofa" : 12,  "begin" : 756,  "end" : 764 }, 
        {"sofa" : 12,  "begin" : 765,  "end" : 767 }, 
        {"sofa" : 12,  "begin" : 767,  "end" : 768 }, 
        {"sofa" : 12,  "begin" : 769,  "end" : 775 }, 
        {"sofa" : 12,  "begin" : 776,  "end" : 783 }, 
        {"sofa" : 12,  "begin" : 783,  "end" : 784 }, 
        {"sofa" : 12,  "begin" : 786,  "end" : 791 }, 
        {"sofa" : 12,  "begin" : 792,  "end" : 796 }, 
        {"sofa" : 12,  "begin" : 797,  "end" : 799 }, 
        {"sofa" : 12,  "begin" : 800,  "end" : 804 }, 
        {"sofa" : 12,  "begin" : 805,  "end" : 807 }, 
        {"sofa" : 12,  "begin" : 808,  "end" : 811 }, 
        {"sofa" : 12,  "begin" : 812,  "end" : 821 }, 
        {"sofa" : 12,  "begin" : 822,  "end" : 828 }, 
        {"sofa" : 12,  "begin" : 829,  "end" : 834 }, 
        {"sofa" : 12,  "begin" : 835,  "end" : 845 }, 
        {"sofa" : 12,  "begin" : 846,  "end" : 848 }, 
        {"sofa" : 12,  "begin" : 849,  "end" : 856 }, 
        {"sofa" : 12,  "begin" : 856,  "end" : 857 }, 
        {"sofa" : 12,  "begin" : 858,  "end" : 866 }, 
        {"sofa" : 12,  "begin" : 867,  "end" : 875 }, 
        {"sofa" : 12,  "begin" : 875,  "end" : 876 }, 
        {"sofa" : 12,  "begin" : 877,  "end" : 885 }, 
        {"sofa" : 12,  "begin" : 885,  "end" : 886 }, 
        {"sofa" : 12,  "begin" : 887,  "end" : 896 }, 
        {"sofa" : 12,  "begin" : 896,  "end" : 897 }, 
        {"sofa" : 12,  "begin" : 898,  "end" : 907 }, 
        {"sofa" : 12,  "begin" : 907,  "end" : 908 }, 
        {"sofa" : 12,  "begin" : 909,  "end" : 917 }, 
        {"sofa" : 12,  "begin" : 918,  "end" : 927 }, 
        {"sofa" : 12,  "begin" : 927,  "end" : 928 }, 
        {"sofa" : 12,  "begin" : 929,  "end" : 935 }, 
        {"sofa" : 12,  "begin" : 936,  "end" : 940 }, 
        {"sofa" : 12,  "begin" : 941,  "end" : 944 }, 
        {"sofa" : 12,  "begin" : 945,  "end" : 954 }, 
        {"sofa" : 12,  "begin" : 955,  "end" : 957 }, 
        {"sofa" : 12,  "begin" : 958,  "end" : 963 }, 
        {"sofa" : 12,  "begin" : 964,  "end" : 969 }, 
        {"sofa" : 12,  "begin" : 969,  "end" : 970 }, 
        {"sofa" : 12,  "begin" : 971,  "end" : 978 }, 
        {"sofa" : 12,  "begin" : 979,  "end" : 985 }, 
        {"sofa" : 12,  "begin" : 985,  "end" : 986 }, 
        {"sofa" : 12,  "begin" : 987,  "end" : 1003 }, 
        {"sofa" : 12,  "begin" : 1004,  "end" : 1010 }, 
        {"sofa" : 12,  "begin" : 1010,  "end" : 1011 }, 
        {"sofa" : 12,  "begin" : 1013,  "end" : 1016 }, 
        {"sofa" : 12,  "begin" : 1017,  "end" : 1023 }, 
        {"sofa" : 12,  "begin" : 1024,  "end" : 1026 }, 
        {"sofa" : 12,  "begin" : 1027,  "end" : 1029 }, 
        {"sofa" : 12,  "begin" : 1030,  "end" : 1032 }, 
        {"sofa" : 12,  "begin" : 1033,  "end" : 1042 }, 
        {"sofa" : 12,  "begin" : 1043,  "end" : 1045 }, 
        {"sofa" : 12,  "begin" : 1046,  "end" : 1050 }, 
        {"sofa" : 12,  "begin" : 1051,  "end" : 1056 }, 
        {"sofa" : 12,  "begin" : 1057,  "end" : 1060 }, 
        {"sofa" : 12,  "begin" : 1061,  "end" : 1068 }, 
        {"sofa" : 12,  "begin" : 1069,  "end" : 1071 }, 
        {"sofa" : 12,  "begin" : 1072,  "end" : 1081 }, 
        {"sofa" : 12,  "begin" : 1082,  "end" : 1084 }, 
        {"sofa" : 12,  "begin" : 1085,  "end" : 1092 }, 
        {"sofa" : 12,  "begin" : 1093,  "end" : 1095 }, 
        {"sofa" : 12,  "begin" : 1096,  "end" : 1098 }, 
        {"sofa" : 12,  "begin" : 1099,  "end" : 1102 }, 
        {"sofa" : 12,  "begin" : 1103,  "end" : 1109 }, 
        {"sofa" : 12,  "begin" : 1110,  "end" : 1113 }, 
        {"sofa" : 12,  "begin" : 1114,  "end" : 1121 }, 
        {"sofa" : 12,  "begin" : 1122,  "end" : 1132 }, 
        {"sofa" : 12,  "begin" : 1133,  "end" : 1142 }, 
        {"sofa" : 12,  "begin" : 1143,  "end" : 1145 }, 
        {"sofa" : 12,  "begin" : 1146,  "end" : 1153 }, 
        {"sofa" : 12,  "begin" : 1154,  "end" : 1159 }, 
        {"sofa" : 12,  "begin" : 1159,  "end" : 1160 }, 
        {"sofa" : 12,  "begin" : 1161,  "end" : 1165 }, 
        {"sofa" : 12,  "begin" : 1166,  "end" : 1168 }, 
        {"sofa" : 12,  "begin" : 1169,  "end" : 1172 }, 
        {"sofa" : 12,  "begin" : 1173,  "end" : 1184 }, 
        {"sofa" : 12,  "begin" : 1185,  "end" : 1196 }, 
        {"sofa" : 12,  "begin" : 1197,  "end" : 1204 }, 
        {"sofa" : 12,  "begin" : 1205,  "end" : 1207 }, 
        {"sofa" : 12,  "begin" : 1208,  "end" : 1211 }, 
        {"sofa" : 12,  "begin" : 1212,  "end" : 1215 }, 
        {"sofa" : 12,  "begin" : 1216,  "end" : 1218 }, 
        {"sofa" : 12,  "begin" : 1219,  "end" : 1221 }, 
        {"sofa" : 12,  "begin" : 1222,  "end" : 1232 }, 
        {"sofa" : 12,  "begin" : 1232,  "end" : 1233 }, 
        {"sofa" : 12,  "begin" : 1234,  "end" : 1235 }, 
        {"sofa" : 12,  "begin" : 1235,  "end" : 1238 }, 
        {"sofa" : 12,  "begin" : 1239,  "end" : 1244 }, 
        {"sofa" : 12,  "begin" : 1245,  "end" : 1253 }, 
        {"sofa" : 12,  "begin" : 1254,  "end" : 1256 }, 
        {"sofa" : 12,  "begin" : 1257,  "end" : 1266 }, 
        {"sofa" : 12,  "begin" : 1267,  "end" : 1272 }, 
        {"sofa" : 12,  "begin" : 1273,  "end" : 1279 }, 
        {"sofa" : 12,  "begin" : 1280,  "end" : 1292 }, 
        {"sofa" : 12,  "begin" : 1293,  "end" : 1296 }, 
        {"sofa" : 12,  "begin" : 1297,  "end" : 1305 }, 
        {"sofa" : 12,  "begin" : 1306,  "end" : 1310 }, 
        {"sofa" : 12,  "begin" : 1311,  "end" : 1318 }, 
        {"sofa" : 12,  "begin" : 1319,  "end" : 1321 }, 
        {"sofa" : 12,  "begin" : 1322,  "end" : 1323 }, 
        {"sofa" : 12,  "begin" : 1324,  "end" : 1331 }, 
        {"sofa" : 12,  "begin" : 1332,  "end" : 1336 }, 
        {"sofa" : 12,  "begin" : 1337,  "end" : 1339 }, 
        {"sofa" : 12,  "begin" : 1340,  "end" : 1345 }, 
        {"sofa" : 12,  "begin" : 1346,  "end" : 1350 }, 
        {"sofa" : 12,  "begin" : 1351,  "end" : 1353 }, 
        {"sofa" : 12,  "begin" : 1354,  "end" : 1362 }, 
        {"sofa" : 12,  "begin" : 1362,  "end" : 1363 }, 
        {"sofa" : 12,  "begin" : 1363,  "end" : 1364 }, 
        {"sofa" : 12,  "begin" : 1365,  "end" : 1372 }, 
        {"sofa" : 12,  "begin" : 1373,  "end" : 1377 }, 
        {"sofa" : 12,  "begin" : 1377,  "end" : 1378 }, 
        {"sofa" : 12,  "begin" : 1380,  "end" : 1384 }, 
        {"sofa" : 12,  "begin" : 1385,  "end" : 1387 }, 
        {"sofa" : 12,  "begin" : 1388,  "end" : 1397 }, 
        {"sofa" : 12,  "begin" : 1398,  "end" : 1404 }, 
        {"sofa" : 12,  "begin" : 1404,  "end" : 1405 }, 
        {"sofa" : 12,  "begin" : 1407,  "end" : 1410 }, 
        {"sofa" : 12,  "begin" : 1411,  "end" : 1416 }, 
        {"sofa" : 12,  "begin" : 1417,  "end" : 1419 }, 
        {"sofa" : 12,  "begin" : 1420,  "end" : 1424 }, 
        {"sofa" : 12,  "begin" : 1425,  "end" : 1434 }, 
        {"sofa" : 12,  "begin" : 1435,  "end" : 1439 }, 
        {"sofa" : 12,  "begin" : 1440,  "end" : 1445 }, 
        {"sofa" : 12,  "begin" : 1446,  "end" : 1449 }, 
        {"sofa" : 12,  "begin" : 1450,  "end" : 1452 }, 
        {"sofa" : 12,  "begin" : 1453,  "end" : 1458 }, 
        {"sofa" : 12,  "begin" : 1458,  "end" : 1459 }, 
        {"sofa" : 12,  "begin" : 1460,  "end" : 1463 }, 
        {"sofa" : 12,  "begin" : 1464,  "end" : 1466 }, 
        {"sofa" : 12,  "begin" : 1467,  "end" : 1469 }, 
        {"sofa" : 12,  "begin" : 1470,  "end" : 1474 }, 
        {"sofa" : 12,  "begin" : 1475,  "end" : 1482 }, 
        {"sofa" : 12,  "begin" : 1483,  "end" : 1488 }, 
        {"sofa" : 12,  "begin" : 1489,  "end" : 1493 }, 
        {"sofa" : 12,  "begin" : 1494,  "end" : 1496 }, 
        {"sofa" : 12,  "begin" : 1497,  "end" : 1500 }, 
        {"sofa" : 12,  "begin" : 1501,  "end" : 1508 }, 
        {"sofa" : 12,  "begin" : 1508,  "end" : 1509 }, 
        {"sofa" : 12,  "begin" : 1510,  "end" : 1512 }, 
        {"sofa" : 12,  "begin" : 1513,  "end" : 1516 }, 
        {"sofa" : 12,  "begin" : 1517,  "end" : 1524 }, 
        {"sofa" : 12,  "begin" : 1524,  "end" : 1525 }, 
        {"sofa" : 12,  "begin" : 1526,  "end" : 1531 }, 
        {"sofa" : 12,  "begin" : 1532,  "end" : 1540 }, 
        {"sofa" : 12,  "begin" : 1541,  "end" : 1550 }, 
        {"sofa" : 12,  "begin" : 1551,  "end" : 1554 }, 
        {"sofa" : 12,  "begin" : 1555,  "end" : 1560 }, 
        {"sofa" : 12,  "begin" : 1561,  "end" : 1563 }, 
        {"sofa" : 12,  "begin" : 1564,  "end" : 1567 }, 
        {"sofa" : 12,  "begin" : 1568,  "end" : 1573 }, 
        {"sofa" : 12,  "begin" : 1574,  "end" : 1582 }, 
        {"sofa" : 12,  "begin" : 1583,  "end" : 1585 }, 
        {"sofa" : 12,  "begin" : 1586,  "end" : 1590 }, 
        {"sofa" : 12,  "begin" : 1591,  "end" : 1600 }, 
        {"sofa" : 12,  "begin" : 1600,  "end" : 1601 }, 
        {"sofa" : 12,  "begin" : 1602,  "end" : 1606 }, 
        {"sofa" : 12,  "begin" : 1607,  "end" : 1613 }, 
        {"sofa" : 12,  "begin" : 1614,  "end" : 1617 }, 
        {"sofa" : 12,  "begin" : 1618,  "end" : 1626 }, 
        {"sofa" : 12,  "begin" : 1627,  "end" : 1636 }, 
        {"sofa" : 12,  "begin" : 1637,  "end" : 1639 }, 
        {"sofa" : 12,  "begin" : 1640,  "end" : 1643 }, 
        {"sofa" : 12,  "begin" : 1644,  "end" : 1649 }, 
        {"sofa" : 12,  "begin" : 1649,  "end" : 1650 }, 
        {"sofa" : 12,  "begin" : 1651,  "end" : 1657 }, 
        {"sofa" : 12,  "begin" : 1658,  "end" : 1660 }, 
        {"sofa" : 12,  "begin" : 1661,  "end" : 1662 }, 
        {"sofa" : 12,  "begin" : 1663,  "end" : 1671 }, 
        {"sofa" : 12,  "begin" : 1672,  "end" : 1676 }, 
        {"sofa" : 12,  "begin" : 1677,  "end" : 1681 }, 
        {"sofa" : 12,  "begin" : 1682,  "end" : 1685 }, 
        {"sofa" : 12,  "begin" : 1686,  "end" : 1691 }, 
        {"sofa" : 12,  "begin" : 1692,  "end" : 1694 }, 
        {"sofa" : 12,  "begin" : 1695,  "end" : 1701 }, 
        {"sofa" : 12,  "begin" : 1701,  "end" : 1702 }, 
        {"sofa" : 12,  "begin" : 1703,  "end" : 1710 }, 
        {"sofa" : 12,  "begin" : 1711,  "end" : 1713 }, 
        {"sofa" : 12,  "begin" : 1714,  "end" : 1721 }, 
        {"sofa" : 12,  "begin" : 1722,  "end" : 1727 }, 
        {"sofa" : 12,  "begin" : 1728,  "end" : 1730 }, 
        {"sofa" : 12,  "begin" : 1731,  "end" : 1737 }, 
        {"sofa" : 12,  "begin" : 1737,  "end" : 1738 }, 
        {"sofa" : 12,  "begin" : 1739,  "end" : 1742 }, 
        {"sofa" : 12,  "begin" : 1743,  "end" : 1747 }, 
        {"sofa" : 12,  "begin" : 1748,  "end" : 1752 }, 
        {"sofa" : 12,  "begin" : 1753,  "end" : 1756 }, 
        {"sofa" : 12,  "begin" : 1757,  "end" : 1767 }, 
        {"sofa" : 12,  "begin" : 1768,  "end" : 1770 }, 
        {"sofa" : 12,  "begin" : 1771,  "end" : 1777 }, 
        {"sofa" : 12,  "begin" : 1778,  "end" : 1782 }, 
        {"sofa" : 12,  "begin" : 1783,  "end" : 1791 }, 
        {"sofa" : 12,  "begin" : 1791,  "end" : 1792 }, 
        {"sofa" : 12,  "begin" : 1793,  "end" : 1795 }, 
        {"sofa" : 12,  "begin" : 1796,  "end" : 1799 }, 
        {"sofa" : 12,  "begin" : 1800,  "end" : 1806 }, 
        {"sofa" : 12,  "begin" : 1807,  "end" : 1811 }, 
        {"sofa" : 12,  "begin" : 1812,  "end" : 1816 }, 
        {"sofa" : 12,  "begin" : 1817,  "end" : 1819 }, 
        {"sofa" : 12,  "begin" : 1820,  "end" : 1830 }, 
        {"sofa" : 12,  "begin" : 1831,  "end" : 1833 }, 
        {"sofa" : 12,  "begin" : 1833,  "end" : 1834 }, 
        {"sofa" : 12,  "begin" : 1835,  "end" : 1839 }, 
        {"sofa" : 12,  "begin" : 1840,  "end" : 1849 }, 
        {"sofa" : 12,  "begin" : 1850,  "end" : 1855 }, 
        {"sofa" : 12,  "begin" : 1856,  "end" : 1858 }, 
        {"sofa" : 12,  "begin" : 1859,  "end" : 1865 }, 
        {"sofa" : 12,  "begin" : 1866,  "end" : 1870 }, 
        {"sofa" : 12,  "begin" : 1871,  "end" : 1875 }, 
        {"sofa" : 12,  "begin" : 1876,  "end" : 1884 }, 
        {"sofa" : 12,  "begin" : 1884,  "end" : 1885 } ], 
      "Persuasive_Labels" : [
        {"sofa" : 12,  "begin" : 255,  "end" : 321,  "EmotionalAppeals" : "emotional appeals" }, 
        {"sofa" : 12,  "begin" : 255,  "end" : 321,  "EmotionalAppeals" : "fear" }, 
        {"sofa" : 12,  "begin" : 462,  "end" : 627,  "InappropriateUseofScientificEvidence" : "lack of citation for evidence" }, 
        {"sofa" : 12,  "begin" : 462,  "end" : 627,  "InappropriateUseofScientificEvidence" : "inappropriate use of scientific and Other evidence" }, 
        {"sofa" : 12,  "begin" : 756,  "end" : 784,  "EstablishingLegitimacy" : "Establishing Legitimacy" }, 
        {"sofa" : 12,  "begin" : 756,  "end" : 784,  "EstablishingLegitimacy" : "citing source to establish legitimacy_source not verified" }, 
        {"sofa" : 12,  "begin" : 858,  "end" : 1011,  "HighlightingUncertaintyandRisk" : "Highlighting Uncertainty and Risk" }, 
        {"sofa" : 12,  "begin" : 1380,  "end" : 1405,  "EstablishingLegitimacy" : "Establishing Legitimacy" }, 
        {"sofa" : 12,  "begin" : 1380,  "end" : 1405,  "EstablishingLegitimacy" : "legitimate persuasive techniques: rhetorical question" }, 
        {"sofa" : 12,  "begin" : 1526,  "end" : 1601,  "EstablishingLegitimacy" : "surface credibility markers - medical or scientific jargon" }, 
        {"sofa" : 12,  "begin" : 1526,  "end" : 1601,  "EstablishingLegitimacy" : "Establishing Legitimacy" }, 
        {"sofa" : 12,  "begin" : 1651,  "end" : 1702,  "EstablishingLegitimacy" : "surface credibility markers - words associated with nature or healthiness" }, 
        {"sofa" : 12,  "begin" : 1651,  "end" : 1702,  "EstablishingLegitimacy" : "Establishing Legitimacy" }, 
        {"sofa" : 12,  "begin" : 1703,  "end" : 1885,  "BiasedReasoningtoMakeaConclusion" : "biased reasoning to make a conclusion" }, 
        {"sofa" : 12,  "begin" : 1703,  "end" : 1885,  "BiasedReasoningtoMakeaConclusion" : "lack of evidence or use unverified and incomplete evidence to make a claim" } ] } }, 
  "_referenced_fss" : {
    "12" : {"_type" : "Sofa",  "sofaNum" : 1,  "sofaID" : "_InitialView",  "mimeType" : "text",  "sofaString" : "﻿snes-05779 The artificial sweetener Splenda was inadequately tested and is unsafe for human consumption. \r\nSource: https://www.snopes.com/fact-check/splenda-testing/ \r\nFact checking: https://www.snopes.com/fact-check/splenda-testing/ \r\nActual content: \r\nBefore you reach for a packet of Splenda (sucralose), think twice.\r\nDon't be fooled by its slogan \"Made from sugar, so it tastes like sugar.\"\r\nSucralose was approved for use in foods as a sweetener in 1998. Before approving sucralose, the FDA claimed to have reviewed 110 human and animal studies, but it turns out that only 2 out of those studies were actually on humans.\r\n\"It is a chlorinated artificial sweetener in line with aspartame and saccharin, and with detrimental health effects to match,\" explains Dr. Joseph Mercola.\r\nLet's look as some of the potential health risks associated to Splenda. Reported symptoms: Seizures, Dizziness, Migraines, Allergic reactions, Weight gain and increases in blood sugar, Blurred vision, Gastrointestinal issues.\r\nThe reason it is so important to know about the effects of sucralose is because it is the number one selling artificial sweetener in America today. Most of the controversy surrounding Splenda is the way it is advertised. \"The sugar industry is currently suing McNeil Nutritionals for implying that Splenda is a natural form of sugar with no calories,\" Mercola adds.\r\nWhat is sucralose really?\r\nThe truth is that sucralose does start off as sugar, but it is what happens after that is the problem. In the factory, three chlorine molecules are added to the sugar molecule to make sucralose. This alters the chemical structure of the sugar, making it a molecule that does not exist in nature. Because it doesn't exist in nature, the body does not metabolize or digest this molecule. If our bodies were able to metabolize it, then sucralose would no longer have zero calories.\r\n\r\n" } } }