{"_context" : {
    "_types" : {
      "DocumentMetaData" : {
        "_feature_types" : {"sofa" : "_ref" } }, 
      "Persuasive_Labels" : {
        "_feature_types" : {"sofa" : "_ref" } }, 
      "Sentence" : {
        "_feature_types" : {"sofa" : "_ref" } }, 
      "Sofa" : {
        "_feature_types" : {"sofaArray" : "_ref" } }, 
      "TagsetDescription" : {
        "_feature_types" : {"sofa" : "_ref",  "tags" : "_ref" } }, 
      "Token" : {
        "_feature_types" : {"sofa" : "_ref",  "parent" : "_ref",  "lemma" : "_ref",  "stem" : "_ref",  "pos" : "_ref",  "morph" : "_ref",  "form" : "_ref" } }, 
      "DocumentAnnotation" : {
        "_feature_types" : {"sofa" : "_ref" }, 
        "_subtypes" : ["DocumentMetaData" ] }, 
      "Annotation" : {
        "_feature_types" : {"sofa" : "_ref" }, 
        "_subtypes" : ["DocumentAnnotation",  "Persuasive_Labels",  "Sentence",  "TagsetDescription",  "Token" ] }, 
      "AnnotationBase" : {
        "_feature_types" : {"sofa" : "_ref" }, 
        "_subtypes" : ["Annotation" ] }, 
      "TOP" : {
        "_subtypes" : ["AnnotationBase",  "Sofa" ] } } }, 
  "_views" : {
    "_InitialView" : {
      "DocumentMetaData" : [
        {"sofa" : 12,  "end" : 4406,  "language" : "x-unspecified",  "documentTitle" : "14.%20snes-00714%20A%20new%20study%20has%20demonstrated%20that%20marijuana%20leads%20to...%20.txt",  "documentId" : "admin",  "documentUri" : "file:/C:/Users/huiyi/.webanno/repository/project/4/document/181/source/admin",  "collectionId" : "file:/C:/Users/huiyi/.webanno/repository/project/4/document/181/source/",  "documentBaseUri" : "file:/C:/Users/huiyi/.webanno/repository/project/4/document/181/source/",  "isLastSegment" : false } ], 
      "TagsetDescription" : [
        {"sofa" : 12,  "layer" : "de.tudarmstadt.ukp.dkpro.core.api.syntax.type.dependency.Dependency",  "name" : "UD Universal Dependencies (v2)",  "input" : false }, 
        {"sofa" : 12,  "layer" : "de.tudarmstadt.ukp.dkpro.core.api.ner.type.NamedEntity",  "name" : "Named Entity tags",  "input" : false }, 
        {"sofa" : 12,  "layer" : "de.tudarmstadt.ukp.dkpro.core.api.transform.type.SofaChangeAnnotation",  "name" : "Operation",  "input" : false }, 
        {"sofa" : 12,  "layer" : "de.tudarmstadt.ukp.dkpro.core.api.lexmorph.type.pos.POS",  "name" : "UD Universal POS tags (v2)",  "input" : false }, 
        {"sofa" : 12,  "layer" : "webanno.custom.Persuasive_Labels",  "name" : "2. Using Anecdotes and Personal Experience as Evidence",  "input" : false } ], 
      "Sentence" : [
        {"sofa" : 12,  "end" : 109 }, 
        {"sofa" : 12,  "begin" : 112,  "end" : 611 }, 
        {"sofa" : 12,  "begin" : 613,  "end" : 805 }, 
        {"sofa" : 12,  "begin" : 806,  "end" : 1000 }, 
        {"sofa" : 12,  "begin" : 1002,  "end" : 1152 }, 
        {"sofa" : 12,  "begin" : 1153,  "end" : 1431 }, 
        {"sofa" : 12,  "begin" : 1432,  "end" : 1570 }, 
        {"sofa" : 12,  "begin" : 1572,  "end" : 1696 }, 
        {"sofa" : 12,  "begin" : 1697,  "end" : 1775 }, 
        {"sofa" : 12,  "begin" : 1776,  "end" : 1893 }, 
        {"sofa" : 12,  "begin" : 1894,  "end" : 1974 }, 
        {"sofa" : 12,  "begin" : 1976,  "end" : 2170 }, 
        {"sofa" : 12,  "begin" : 2172,  "end" : 2462 }, 
        {"sofa" : 12,  "begin" : 2464,  "end" : 2676 }, 
        {"sofa" : 12,  "begin" : 2677,  "end" : 2796 }, 
        {"sofa" : 12,  "begin" : 2798,  "end" : 2869 }, 
        {"sofa" : 12,  "begin" : 2870,  "end" : 2939 }, 
        {"sofa" : 12,  "begin" : 2940,  "end" : 2979 }, 
        {"sofa" : 12,  "begin" : 2981,  "end" : 3049 }, 
        {"sofa" : 12,  "begin" : 3050,  "end" : 3150 }, 
        {"sofa" : 12,  "begin" : 3151,  "end" : 3202 }, 
        {"sofa" : 12,  "begin" : 3203,  "end" : 3317 }, 
        {"sofa" : 12,  "begin" : 3318,  "end" : 3378 }, 
        {"sofa" : 12,  "begin" : 3379,  "end" : 3442 }, 
        {"sofa" : 12,  "begin" : 3444,  "end" : 3661 }, 
        {"sofa" : 12,  "begin" : 3663,  "end" : 3886 }, 
        {"sofa" : 12,  "begin" : 3888,  "end" : 3950 }, 
        {"sofa" : 12,  "begin" : 3951,  "end" : 4203 }, 
        {"sofa" : 12,  "begin" : 4208,  "end" : 4243 }, 
        {"sofa" : 12,  "begin" : 4244,  "end" : 4354 }, 
        {"sofa" : 12,  "begin" : 4355,  "end" : 4402 } ], 
      "Token" : [
        {"sofa" : 12,  "end" : 5 }, 
        {"sofa" : 12,  "begin" : 5,  "end" : 6 }, 
        {"sofa" : 12,  "begin" : 6,  "end" : 11 }, 
        {"sofa" : 12,  "begin" : 12,  "end" : 13 }, 
        {"sofa" : 12,  "begin" : 14,  "end" : 15 }, 
        {"sofa" : 12,  "begin" : 15,  "end" : 18 }, 
        {"sofa" : 12,  "begin" : 18,  "end" : 19 }, 
        {"sofa" : 12,  "begin" : 20,  "end" : 25 }, 
        {"sofa" : 12,  "begin" : 26,  "end" : 29 }, 
        {"sofa" : 12,  "begin" : 30,  "end" : 42 }, 
        {"sofa" : 12,  "begin" : 43,  "end" : 47 }, 
        {"sofa" : 12,  "begin" : 48,  "end" : 57 }, 
        {"sofa" : 12,  "begin" : 58,  "end" : 63 }, 
        {"sofa" : 12,  "begin" : 64,  "end" : 66 }, 
        {"sofa" : 12,  "begin" : 67,  "end" : 68 }, 
        {"sofa" : 12,  "begin" : 69,  "end" : 70 }, 
        {"sofa" : 12,  "begin" : 70,  "end" : 78 }, 
        {"sofa" : 12,  "begin" : 79,  "end" : 88 }, 
        {"sofa" : 12,  "begin" : 88,  "end" : 89 }, 
        {"sofa" : 12,  "begin" : 90,  "end" : 92 }, 
        {"sofa" : 12,  "begin" : 93,  "end" : 100 }, 
        {"sofa" : 12,  "begin" : 101,  "end" : 108 }, 
        {"sofa" : 12,  "begin" : 108,  "end" : 109 }, 
        {"sofa" : 12,  "begin" : 112,  "end" : 120 }, 
        {"sofa" : 12,  "begin" : 121,  "end" : 127 }, 
        {"sofa" : 12,  "begin" : 127,  "end" : 128 }, 
        {"sofa" : 12,  "begin" : 129,  "end" : 134 }, 
        {"sofa" : 12,  "begin" : 134,  "end" : 135 }, 
        {"sofa" : 12,  "begin" : 135,  "end" : 136 }, 
        {"sofa" : 12,  "begin" : 136,  "end" : 137 }, 
        {"sofa" : 12,  "begin" : 137,  "end" : 147 }, 
        {"sofa" : 12,  "begin" : 147,  "end" : 148 }, 
        {"sofa" : 12,  "begin" : 148,  "end" : 153 }, 
        {"sofa" : 12,  "begin" : 158,  "end" : 162 }, 
        {"sofa" : 12,  "begin" : 163,  "end" : 171 }, 
        {"sofa" : 12,  "begin" : 171,  "end" : 172 }, 
        {"sofa" : 12,  "begin" : 173,  "end" : 178 }, 
        {"sofa" : 12,  "begin" : 178,  "end" : 179 }, 
        {"sofa" : 12,  "begin" : 179,  "end" : 180 }, 
        {"sofa" : 12,  "begin" : 180,  "end" : 181 }, 
        {"sofa" : 12,  "begin" : 181,  "end" : 195 }, 
        {"sofa" : 12,  "begin" : 195,  "end" : 196 }, 
        {"sofa" : 12,  "begin" : 196,  "end" : 206 }, 
        {"sofa" : 12,  "begin" : 206,  "end" : 207 }, 
        {"sofa" : 12,  "begin" : 207,  "end" : 233 }, 
        {"sofa" : 12,  "begin" : 233,  "end" : 234 }, 
        {"sofa" : 12,  "begin" : 243,  "end" : 249 }, 
        {"sofa" : 12,  "begin" : 250,  "end" : 257 }, 
        {"sofa" : 12,  "begin" : 257,  "end" : 258 }, 
        {"sofa" : 12,  "begin" : 261,  "end" : 268 }, 
        {"sofa" : 12,  "begin" : 269,  "end" : 278 }, 
        {"sofa" : 12,  "begin" : 279,  "end" : 287 }, 
        {"sofa" : 12,  "begin" : 288,  "end" : 289 }, 
        {"sofa" : 12,  "begin" : 289,  "end" : 297 }, 
        {"sofa" : 12,  "begin" : 298,  "end" : 307 }, 
        {"sofa" : 12,  "begin" : 307,  "end" : 308 }, 
        {"sofa" : 12,  "begin" : 309,  "end" : 311 }, 
        {"sofa" : 12,  "begin" : 312,  "end" : 319 }, 
        {"sofa" : 12,  "begin" : 320,  "end" : 327 }, 
        {"sofa" : 12,  "begin" : 327,  "end" : 328 }, 
        {"sofa" : 12,  "begin" : 329,  "end" : 333 }, 
        {"sofa" : 12,  "begin" : 334,  "end" : 342 }, 
        {"sofa" : 12,  "begin" : 343,  "end" : 351 }, 
        {"sofa" : 12,  "begin" : 352,  "end" : 355 }, 
        {"sofa" : 12,  "begin" : 356,  "end" : 361 }, 
        {"sofa" : 12,  "begin" : 362,  "end" : 370 }, 
        {"sofa" : 12,  "begin" : 370,  "end" : 371 }, 
        {"sofa" : 12,  "begin" : 372,  "end" : 376 }, 
        {"sofa" : 12,  "begin" : 377,  "end" : 379 }, 
        {"sofa" : 12,  "begin" : 380,  "end" : 384 }, 
        {"sofa" : 12,  "begin" : 385,  "end" : 392 }, 
        {"sofa" : 12,  "begin" : 395,  "end" : 397 }, 
        {"sofa" : 12,  "begin" : 398,  "end" : 403 }, 
        {"sofa" : 12,  "begin" : 404,  "end" : 410 }, 
        {"sofa" : 12,  "begin" : 413,  "end" : 420 }, 
        {"sofa" : 12,  "begin" : 421,  "end" : 428 }, 
        {"sofa" : 12,  "begin" : 428,  "end" : 429 }, 
        {"sofa" : 12,  "begin" : 430,  "end" : 433 }, 
        {"sofa" : 12,  "begin" : 434,  "end" : 436 }, 
        {"sofa" : 12,  "begin" : 437,  "end" : 444 }, 
        {"sofa" : 12,  "begin" : 445,  "end" : 457 }, 
        {"sofa" : 12,  "begin" : 458,  "end" : 463 }, 
        {"sofa" : 12,  "begin" : 464,  "end" : 472 }, 
        {"sofa" : 12,  "begin" : 472,  "end" : 473 }, 
        {"sofa" : 12,  "begin" : 474,  "end" : 482 }, 
        {"sofa" : 12,  "begin" : 483,  "end" : 484 }, 
        {"sofa" : 12,  "begin" : 484,  "end" : 492 }, 
        {"sofa" : 12,  "begin" : 493,  "end" : 502 }, 
        {"sofa" : 12,  "begin" : 502,  "end" : 503 }, 
        {"sofa" : 12,  "begin" : 504,  "end" : 506 }, 
        {"sofa" : 12,  "begin" : 507,  "end" : 513 }, 
        {"sofa" : 12,  "begin" : 514,  "end" : 518 }, 
        {"sofa" : 12,  "begin" : 519,  "end" : 522 }, 
        {"sofa" : 12,  "begin" : 523,  "end" : 531 }, 
        {"sofa" : 12,  "begin" : 532,  "end" : 534 }, 
        {"sofa" : 12,  "begin" : 535,  "end" : 538 }, 
        {"sofa" : 12,  "begin" : 539,  "end" : 544 }, 
        {"sofa" : 12,  "begin" : 545,  "end" : 549 }, 
        {"sofa" : 12,  "begin" : 550,  "end" : 554 }, 
        {"sofa" : 12,  "begin" : 555,  "end" : 562 }, 
        {"sofa" : 12,  "begin" : 563,  "end" : 565 }, 
        {"sofa" : 12,  "begin" : 566,  "end" : 573 }, 
        {"sofa" : 12,  "begin" : 574,  "end" : 581 }, 
        {"sofa" : 12,  "begin" : 582,  "end" : 591 }, 
        {"sofa" : 12,  "begin" : 592,  "end" : 594 }, 
        {"sofa" : 12,  "begin" : 595,  "end" : 596 }, 
        {"sofa" : 12,  "begin" : 597,  "end" : 604 }, 
        {"sofa" : 12,  "begin" : 605,  "end" : 610 }, 
        {"sofa" : 12,  "begin" : 610,  "end" : 611 }, 
        {"sofa" : 12,  "begin" : 613,  "end" : 622 }, 
        {"sofa" : 12,  "begin" : 623,  "end" : 625 }, 
        {"sofa" : 12,  "begin" : 626,  "end" : 629 }, 
        {"sofa" : 12,  "begin" : 630,  "end" : 637 }, 
        {"sofa" : 12,  "begin" : 638,  "end" : 646 }, 
        {"sofa" : 12,  "begin" : 647,  "end" : 663 }, 
        {"sofa" : 12,  "begin" : 664,  "end" : 667 }, 
        {"sofa" : 12,  "begin" : 668,  "end" : 678 }, 
        {"sofa" : 12,  "begin" : 678,  "end" : 679 }, 
        {"sofa" : 12,  "begin" : 680,  "end" : 683 }, 
        {"sofa" : 12,  "begin" : 684,  "end" : 689 }, 
        {"sofa" : 12,  "begin" : 690,  "end" : 698 }, 
        {"sofa" : 12,  "begin" : 699,  "end" : 702 }, 
        {"sofa" : 12,  "begin" : 703,  "end" : 710 }, 
        {"sofa" : 12,  "begin" : 711,  "end" : 713 }, 
        {"sofa" : 12,  "begin" : 714,  "end" : 724 }, 
        {"sofa" : 12,  "begin" : 725,  "end" : 734 }, 
        {"sofa" : 12,  "begin" : 735,  "end" : 738 }, 
        {"sofa" : 12,  "begin" : 739,  "end" : 741 }, 
        {"sofa" : 12,  "begin" : 742,  "end" : 749 }, 
        {"sofa" : 12,  "begin" : 750,  "end" : 758 }, 
        {"sofa" : 12,  "begin" : 759,  "end" : 762 }, 
        {"sofa" : 12,  "begin" : 763,  "end" : 771 }, 
        {"sofa" : 12,  "begin" : 772,  "end" : 776 }, 
        {"sofa" : 12,  "begin" : 777,  "end" : 783 }, 
        {"sofa" : 12,  "begin" : 784,  "end" : 789 }, 
        {"sofa" : 12,  "begin" : 790,  "end" : 792 }, 
        {"sofa" : 12,  "begin" : 793,  "end" : 796 }, 
        {"sofa" : 12,  "begin" : 797,  "end" : 804 }, 
        {"sofa" : 12,  "begin" : 804,  "end" : 805 }, 
        {"sofa" : 12,  "begin" : 806,  "end" : 809 }, 
        {"sofa" : 12,  "begin" : 810,  "end" : 817 }, 
        {"sofa" : 12,  "begin" : 818,  "end" : 820 }, 
        {"sofa" : 12,  "begin" : 821,  "end" : 824 }, 
        {"sofa" : 12,  "begin" : 825,  "end" : 827 }, 
        {"sofa" : 12,  "begin" : 827,  "end" : 828 }, 
        {"sofa" : 12,  "begin" : 828,  "end" : 835 }, 
        {"sofa" : 12,  "begin" : 836,  "end" : 841 }, 
        {"sofa" : 12,  "begin" : 842,  "end" : 847 }, 
        {"sofa" : 12,  "begin" : 848,  "end" : 854 }, 
        {"sofa" : 12,  "begin" : 855,  "end" : 858 }, 
        {"sofa" : 12,  "begin" : 859,  "end" : 865 }, 
        {"sofa" : 12,  "begin" : 866,  "end" : 883 }, 
        {"sofa" : 12,  "begin" : 884,  "end" : 894 }, 
        {"sofa" : 12,  "begin" : 895,  "end" : 897 }, 
        {"sofa" : 12,  "begin" : 898,  "end" : 903 }, 
        {"sofa" : 12,  "begin" : 904,  "end" : 915 }, 
        {"sofa" : 12,  "begin" : 916,  "end" : 919 }, 
        {"sofa" : 12,  "begin" : 920,  "end" : 928 }, 
        {"sofa" : 12,  "begin" : 929,  "end" : 937 }, 
        {"sofa" : 12,  "begin" : 938,  "end" : 940 }, 
        {"sofa" : 12,  "begin" : 941,  "end" : 945 }, 
        {"sofa" : 12,  "begin" : 946,  "end" : 954 }, 
        {"sofa" : 12,  "begin" : 954,  "end" : 955 }, 
        {"sofa" : 12,  "begin" : 956,  "end" : 959 }, 
        {"sofa" : 12,  "begin" : 960,  "end" : 964 }, 
        {"sofa" : 12,  "begin" : 965,  "end" : 973 }, 
        {"sofa" : 12,  "begin" : 974,  "end" : 979 }, 
        {"sofa" : 12,  "begin" : 980,  "end" : 989 }, 
        {"sofa" : 12,  "begin" : 990,  "end" : 992 }, 
        {"sofa" : 12,  "begin" : 993,  "end" : 999 }, 
        {"sofa" : 12,  "begin" : 999,  "end" : 1000 }, 
        {"sofa" : 12,  "begin" : 1002,  "end" : 1005 }, 
        {"sofa" : 12,  "begin" : 1006,  "end" : 1013 }, 
        {"sofa" : 12,  "begin" : 1013,  "end" : 1014 }, 
        {"sofa" : 12,  "begin" : 1015,  "end" : 1021 }, 
        {"sofa" : 12,  "begin" : 1021,  "end" : 1022 }, 
        {"sofa" : 12,  "begin" : 1023,  "end" : 1031 }, 
        {"sofa" : 12,  "begin" : 1031,  "end" : 1032 }, 
        {"sofa" : 12,  "begin" : 1033,  "end" : 1036 }, 
        {"sofa" : 12,  "begin" : 1037,  "end" : 1047 }, 
        {"sofa" : 12,  "begin" : 1049,  "end" : 1054 }, 
        {"sofa" : 12,  "begin" : 1055,  "end" : 1071 }, 
        {"sofa" : 12,  "begin" : 1072,  "end" : 1074 }, 
        {"sofa" : 12,  "begin" : 1075,  "end" : 1077 }, 
        {"sofa" : 12,  "begin" : 1078,  "end" : 1088 }, 
        {"sofa" : 12,  "begin" : 1089,  "end" : 1096 }, 
        {"sofa" : 12,  "begin" : 1096,  "end" : 1097 }, 
        {"sofa" : 12,  "begin" : 1098,  "end" : 1105 }, 
        {"sofa" : 12,  "begin" : 1106,  "end" : 1113 }, 
        {"sofa" : 12,  "begin" : 1114,  "end" : 1116 }, 
        {"sofa" : 12,  "begin" : 1117,  "end" : 1119 }, 
        {"sofa" : 12,  "begin" : 1120,  "end" : 1124 }, 
        {"sofa" : 12,  "begin" : 1125,  "end" : 1127 }, 
        {"sofa" : 12,  "begin" : 1128,  "end" : 1134 }, 
        {"sofa" : 12,  "begin" : 1135,  "end" : 1145 }, 
        {"sofa" : 12,  "begin" : 1146,  "end" : 1151 }, 
        {"sofa" : 12,  "begin" : 1151,  "end" : 1152 }, 
        {"sofa" : 12,  "begin" : 1153,  "end" : 1160 }, 
        {"sofa" : 12,  "begin" : 1161,  "end" : 1165 }, 
        {"sofa" : 12,  "begin" : 1166,  "end" : 1167 }, 
        {"sofa" : 12,  "begin" : 1168,  "end" : 1172 }, 
        {"sofa" : 12,  "begin" : 1173,  "end" : 1175 }, 
        {"sofa" : 12,  "begin" : 1176,  "end" : 1183 }, 
        {"sofa" : 12,  "begin" : 1183,  "end" : 1184 }, 
        {"sofa" : 12,  "begin" : 1185,  "end" : 1198 }, 
        {"sofa" : 12,  "begin" : 1198,  "end" : 1199 }, 
        {"sofa" : 12,  "begin" : 1200,  "end" : 1203 }, 
        {"sofa" : 12,  "begin" : 1204,  "end" : 1217 }, 
        {"sofa" : 12,  "begin" : 1218,  "end" : 1225 }, 
        {"sofa" : 12,  "begin" : 1225,  "end" : 1226 }, 
        {"sofa" : 12,  "begin" : 1227,  "end" : 1230 }, 
        {"sofa" : 12,  "begin" : 1231,  "end" : 1238 }, 
        {"sofa" : 12,  "begin" : 1239,  "end" : 1245 }, 
        {"sofa" : 12,  "begin" : 1246,  "end" : 1247 }, 
        {"sofa" : 12,  "begin" : 1248,  "end" : 1255 }, 
        {"sofa" : 12,  "begin" : 1256,  "end" : 1268 }, 
        {"sofa" : 12,  "begin" : 1269,  "end" : 1277 }, 
        {"sofa" : 12,  "begin" : 1278,  "end" : 1282 }, 
        {"sofa" : 12,  "begin" : 1283,  "end" : 1290 }, 
        {"sofa" : 12,  "begin" : 1291,  "end" : 1294 }, 
        {"sofa" : 12,  "begin" : 1295,  "end" : 1303 }, 
        {"sofa" : 12,  "begin" : 1304,  "end" : 1320 }, 
        {"sofa" : 12,  "begin" : 1321,  "end" : 1326 }, 
        {"sofa" : 12,  "begin" : 1327,  "end" : 1328 }, 
        {"sofa" : 12,  "begin" : 1329,  "end" : 1337 }, 
        {"sofa" : 12,  "begin" : 1338,  "end" : 1342 }, 
        {"sofa" : 12,  "begin" : 1343,  "end" : 1346 }, 
        {"sofa" : 12,  "begin" : 1347,  "end" : 1352 }, 
        {"sofa" : 12,  "begin" : 1353,  "end" : 1355 }, 
        {"sofa" : 12,  "begin" : 1356,  "end" : 1359 }, 
        {"sofa" : 12,  "begin" : 1360,  "end" : 1364 }, 
        {"sofa" : 12,  "begin" : 1365,  "end" : 1366 }, 
        {"sofa" : 12,  "begin" : 1367,  "end" : 1369 }, 
        {"sofa" : 12,  "begin" : 1370,  "end" : 1375 }, 
        {"sofa" : 12,  "begin" : 1376,  "end" : 1378 }, 
        {"sofa" : 12,  "begin" : 1379,  "end" : 1384 }, 
        {"sofa" : 12,  "begin" : 1385,  "end" : 1388 }, 
        {"sofa" : 12,  "begin" : 1389,  "end" : 1395 }, 
        {"sofa" : 12,  "begin" : 1396,  "end" : 1404 }, 
        {"sofa" : 12,  "begin" : 1405,  "end" : 1409 }, 
        {"sofa" : 12,  "begin" : 1410,  "end" : 1419 }, 
        {"sofa" : 12,  "begin" : 1420,  "end" : 1422 }, 
        {"sofa" : 12,  "begin" : 1423,  "end" : 1425 }, 
        {"sofa" : 12,  "begin" : 1426,  "end" : 1430 }, 
        {"sofa" : 12,  "begin" : 1430,  "end" : 1431 }, 
        {"sofa" : 12,  "begin" : 1432,  "end" : 1440 }, 
        {"sofa" : 12,  "begin" : 1441,  "end" : 1443 }, 
        {"sofa" : 12,  "begin" : 1444,  "end" : 1447 }, 
        {"sofa" : 12,  "begin" : 1448,  "end" : 1455 }, 
        {"sofa" : 12,  "begin" : 1456,  "end" : 1461 }, 
        {"sofa" : 12,  "begin" : 1462,  "end" : 1466 }, 
        {"sofa" : 12,  "begin" : 1467,  "end" : 1471 }, 
        {"sofa" : 12,  "begin" : 1472,  "end" : 1481 }, 
        {"sofa" : 12,  "begin" : 1482,  "end" : 1486 }, 
        {"sofa" : 12,  "begin" : 1487,  "end" : 1489 }, 
        {"sofa" : 12,  "begin" : 1490,  "end" : 1494 }, 
        {"sofa" : 12,  "begin" : 1495,  "end" : 1501 }, 
        {"sofa" : 12,  "begin" : 1502,  "end" : 1507 }, 
        {"sofa" : 12,  "begin" : 1508,  "end" : 1510 }, 
        {"sofa" : 12,  "begin" : 1511,  "end" : 1517 }, 
        {"sofa" : 12,  "begin" : 1518,  "end" : 1526 }, 
        {"sofa" : 12,  "begin" : 1526,  "end" : 1527 }, 
        {"sofa" : 12,  "begin" : 1528,  "end" : 1534 }, 
        {"sofa" : 12,  "begin" : 1534,  "end" : 1535 }, 
        {"sofa" : 12,  "begin" : 1536,  "end" : 1544 }, 
        {"sofa" : 12,  "begin" : 1544,  "end" : 1545 }, 
        {"sofa" : 12,  "begin" : 1546,  "end" : 1552 }, 
        {"sofa" : 12,  "begin" : 1553,  "end" : 1557 }, 
        {"sofa" : 12,  "begin" : 1557,  "end" : 1558 }, 
        {"sofa" : 12,  "begin" : 1559,  "end" : 1562 }, 
        {"sofa" : 12,  "begin" : 1563,  "end" : 1569 }, 
        {"sofa" : 12,  "begin" : 1569,  "end" : 1570 }, 
        {"sofa" : 12,  "begin" : 1572,  "end" : 1577 }, 
        {"sofa" : 12,  "begin" : 1578,  "end" : 1580 }, 
        {"sofa" : 12,  "begin" : 1581,  "end" : 1583 }, 
        {"sofa" : 12,  "begin" : 1584,  "end" : 1588 }, 
        {"sofa" : 12,  "begin" : 1589,  "end" : 1592 }, 
        {"sofa" : 12,  "begin" : 1593,  "end" : 1600 }, 
        {"sofa" : 12,  "begin" : 1600,  "end" : 1601 }, 
        {"sofa" : 12,  "begin" : 1602,  "end" : 1609 }, 
        {"sofa" : 12,  "begin" : 1609,  "end" : 1610 }, 
        {"sofa" : 12,  "begin" : 1611,  "end" : 1618 }, 
        {"sofa" : 12,  "begin" : 1619,  "end" : 1626 }, 
        {"sofa" : 12,  "begin" : 1627,  "end" : 1630 }, 
        {"sofa" : 12,  "begin" : 1631,  "end" : 1636 }, 
        {"sofa" : 12,  "begin" : 1637,  "end" : 1639 }, 
        {"sofa" : 12,  "begin" : 1640,  "end" : 1648 }, 
        {"sofa" : 12,  "begin" : 1649,  "end" : 1654 }, 
        {"sofa" : 12,  "begin" : 1655,  "end" : 1658 }, 
        {"sofa" : 12,  "begin" : 1659,  "end" : 1662 }, 
        {"sofa" : 12,  "begin" : 1663,  "end" : 1670 }, 
        {"sofa" : 12,  "begin" : 1671,  "end" : 1674 }, 
        {"sofa" : 12,  "begin" : 1675,  "end" : 1682 }, 
        {"sofa" : 12,  "begin" : 1683,  "end" : 1685 }, 
        {"sofa" : 12,  "begin" : 1686,  "end" : 1695 }, 
        {"sofa" : 12,  "begin" : 1695,  "end" : 1696 }, 
        {"sofa" : 12,  "begin" : 1697,  "end" : 1707 }, 
        {"sofa" : 12,  "begin" : 1707,  "end" : 1708 }, 
        {"sofa" : 12,  "begin" : 1709,  "end" : 1713 }, 
        {"sofa" : 12,  "begin" : 1714,  "end" : 1721 }, 
        {"sofa" : 12,  "begin" : 1722,  "end" : 1730 }, 
        {"sofa" : 12,  "begin" : 1730,  "end" : 1731 }, 
        {"sofa" : 12,  "begin" : 1732,  "end" : 1736 }, 
        {"sofa" : 12,  "begin" : 1737,  "end" : 1739 }, 
        {"sofa" : 12,  "begin" : 1740,  "end" : 1741 }, 
        {"sofa" : 12,  "begin" : 1742,  "end" : 1750 }, 
        {"sofa" : 12,  "begin" : 1751,  "end" : 1760 }, 
        {"sofa" : 12,  "begin" : 1761,  "end" : 1763 }, 
        {"sofa" : 12,  "begin" : 1764,  "end" : 1767 }, 
        {"sofa" : 12,  "begin" : 1768,  "end" : 1774 }, 
        {"sofa" : 12,  "begin" : 1774,  "end" : 1775 }, 
        {"sofa" : 12,  "begin" : 1776,  "end" : 1782 }, 
        {"sofa" : 12,  "begin" : 1783,  "end" : 1790 }, 
        {"sofa" : 12,  "begin" : 1791,  "end" : 1798 }, 
        {"sofa" : 12,  "begin" : 1799,  "end" : 1806 }, 
        {"sofa" : 12,  "begin" : 1807,  "end" : 1810 }, 
        {"sofa" : 12,  "begin" : 1811,  "end" : 1815 }, 
        {"sofa" : 12,  "begin" : 1815,  "end" : 1816 }, 
        {"sofa" : 12,  "begin" : 1817,  "end" : 1822 }, 
        {"sofa" : 12,  "begin" : 1823,  "end" : 1831 }, 
        {"sofa" : 12,  "begin" : 1832,  "end" : 1839 }, 
        {"sofa" : 12,  "begin" : 1840,  "end" : 1842 }, 
        {"sofa" : 12,  "begin" : 1843,  "end" : 1849 }, 
        {"sofa" : 12,  "begin" : 1850,  "end" : 1853 }, 
        {"sofa" : 12,  "begin" : 1854,  "end" : 1862 }, 
        {"sofa" : 12,  "begin" : 1863,  "end" : 1867 }, 
        {"sofa" : 12,  "begin" : 1868,  "end" : 1871 }, 
        {"sofa" : 12,  "begin" : 1872,  "end" : 1874 }, 
        {"sofa" : 12,  "begin" : 1875,  "end" : 1881 }, 
        {"sofa" : 12,  "begin" : 1882,  "end" : 1885 }, 
        {"sofa" : 12,  "begin" : 1886,  "end" : 1892 }, 
        {"sofa" : 12,  "begin" : 1892,  "end" : 1893 }, 
        {"sofa" : 12,  "begin" : 1894,  "end" : 1909 }, 
        {"sofa" : 12,  "begin" : 1910,  "end" : 1913 }, 
        {"sofa" : 12,  "begin" : 1914,  "end" : 1919 }, 
        {"sofa" : 12,  "begin" : 1920,  "end" : 1931 }, 
        {"sofa" : 12,  "begin" : 1932,  "end" : 1935 }, 
        {"sofa" : 12,  "begin" : 1936,  "end" : 1940 }, 
        {"sofa" : 12,  "begin" : 1941,  "end" : 1951 }, 
        {"sofa" : 12,  "begin" : 1952,  "end" : 1955 }, 
        {"sofa" : 12,  "begin" : 1956,  "end" : 1960 }, 
        {"sofa" : 12,  "begin" : 1961,  "end" : 1967 }, 
        {"sofa" : 12,  "begin" : 1968,  "end" : 1973 }, 
        {"sofa" : 12,  "begin" : 1973,  "end" : 1974 }, 
        {"sofa" : 12,  "begin" : 1976,  "end" : 1979 }, 
        {"sofa" : 12,  "begin" : 1980,  "end" : 1987 }, 
        {"sofa" : 12,  "begin" : 1988,  "end" : 1995 }, 
        {"sofa" : 12,  "begin" : 1996,  "end" : 2002 }, 
        {"sofa" : 12,  "begin" : 2003,  "end" : 2010 }, 
        {"sofa" : 12,  "begin" : 2011,  "end" : 2013 }, 
        {"sofa" : 12,  "begin" : 2014,  "end" : 2021 }, 
        {"sofa" : 12,  "begin" : 2022,  "end" : 2028 }, 
        {"sofa" : 12,  "begin" : 2029,  "end" : 2031 }, 
        {"sofa" : 12,  "begin" : 2032,  "end" : 2037 }, 
        {"sofa" : 12,  "begin" : 2038,  "end" : 2045 }, 
        {"sofa" : 12,  "begin" : 2045,  "end" : 2046 }, 
        {"sofa" : 12,  "begin" : 2047,  "end" : 2055 }, 
        {"sofa" : 12,  "begin" : 2056,  "end" : 2060 }, 
        {"sofa" : 12,  "begin" : 2061,  "end" : 2067 }, 
        {"sofa" : 12,  "begin" : 2068,  "end" : 2070 }, 
        {"sofa" : 12,  "begin" : 2071,  "end" : 2074 }, 
        {"sofa" : 12,  "begin" : 2075,  "end" : 2078 }, 
        {"sofa" : 12,  "begin" : 2079,  "end" : 2088 }, 
        {"sofa" : 12,  "begin" : 2089,  "end" : 2094 }, 
        {"sofa" : 12,  "begin" : 2095,  "end" : 2102 }, 
        {"sofa" : 12,  "begin" : 2103,  "end" : 2106 }, 
        {"sofa" : 12,  "begin" : 2107,  "end" : 2110 }, 
        {"sofa" : 12,  "begin" : 2111,  "end" : 2118 }, 
        {"sofa" : 12,  "begin" : 2119,  "end" : 2122 }, 
        {"sofa" : 12,  "begin" : 2123,  "end" : 2128 }, 
        {"sofa" : 12,  "begin" : 2128,  "end" : 2129 }, 
        {"sofa" : 12,  "begin" : 2130,  "end" : 2136 }, 
        {"sofa" : 12,  "begin" : 2137,  "end" : 2144 }, 
        {"sofa" : 12,  "begin" : 2145,  "end" : 2147 }, 
        {"sofa" : 12,  "begin" : 2148,  "end" : 2156 }, 
        {"sofa" : 12,  "begin" : 2157,  "end" : 2161 }, 
        {"sofa" : 12,  "begin" : 2162,  "end" : 2169 }, 
        {"sofa" : 12,  "begin" : 2169,  "end" : 2170 }, 
        {"sofa" : 12,  "begin" : 2172,  "end" : 2175 }, 
        {"sofa" : 12,  "begin" : 2176,  "end" : 2181 }, 
        {"sofa" : 12,  "begin" : 2182,  "end" : 2185 }, 
        {"sofa" : 12,  "begin" : 2186,  "end" : 2189 }, 
        {"sofa" : 12,  "begin" : 2190,  "end" : 2198 }, 
        {"sofa" : 12,  "begin" : 2200,  "end" : 2210 }, 
        {"sofa" : 12,  "begin" : 2211,  "end" : 2213 }, 
        {"sofa" : 12,  "begin" : 2214,  "end" : 2218 }, 
        {"sofa" : 12,  "begin" : 2219,  "end" : 2226 }, 
        {"sofa" : 12,  "begin" : 2227,  "end" : 2233 }, 
        {"sofa" : 12,  "begin" : 2234,  "end" : 2236 }, 
        {"sofa" : 12,  "begin" : 2237,  "end" : 2243 }, 
        {"sofa" : 12,  "begin" : 2244,  "end" : 2250 }, 
        {"sofa" : 12,  "begin" : 2251,  "end" : 2253 }, 
        {"sofa" : 12,  "begin" : 2254,  "end" : 2261 }, 
        {"sofa" : 12,  "begin" : 2262,  "end" : 2265 }, 
        {"sofa" : 12,  "begin" : 2266,  "end" : 2273 }, 
        {"sofa" : 12,  "begin" : 2274,  "end" : 2276 }, 
        {"sofa" : 12,  "begin" : 2277,  "end" : 2285 }, 
        {"sofa" : 12,  "begin" : 2286,  "end" : 2292 }, 
        {"sofa" : 12,  "begin" : 2293,  "end" : 2295 }, 
        {"sofa" : 12,  "begin" : 2296,  "end" : 2304 }, 
        {"sofa" : 12,  "begin" : 2305,  "end" : 2309 }, 
        {"sofa" : 12,  "begin" : 2310,  "end" : 2316 }, 
        {"sofa" : 12,  "begin" : 2317,  "end" : 2324 }, 
        {"sofa" : 12,  "begin" : 2325,  "end" : 2332 }, 
        {"sofa" : 12,  "begin" : 2332,  "end" : 2333 }, 
        {"sofa" : 12,  "begin" : 2334,  "end" : 2341 }, 
        {"sofa" : 12,  "begin" : 2342,  "end" : 2344 }, 
        {"sofa" : 12,  "begin" : 2345,  "end" : 2348 }, 
        {"sofa" : 12,  "begin" : 2349,  "end" : 2359 }, 
        {"sofa" : 12,  "begin" : 2360,  "end" : 2366 }, 
        {"sofa" : 12,  "begin" : 2367,  "end" : 2384 }, 
        {"sofa" : 12,  "begin" : 2385,  "end" : 2392 }, 
        {"sofa" : 12,  "begin" : 2393,  "end" : 2395 }, 
        {"sofa" : 12,  "begin" : 2396,  "end" : 2404 }, 
        {"sofa" : 12,  "begin" : 2405,  "end" : 2410 }, 
        {"sofa" : 12,  "begin" : 2411,  "end" : 2419 }, 
        {"sofa" : 12,  "begin" : 2419,  "end" : 2420 }, 
        {"sofa" : 12,  "begin" : 2421,  "end" : 2425 }, 
        {"sofa" : 12,  "begin" : 2426,  "end" : 2428 }, 
        {"sofa" : 12,  "begin" : 2429,  "end" : 2438 }, 
        {"sofa" : 12,  "begin" : 2439,  "end" : 2442 }, 
        {"sofa" : 12,  "begin" : 2443,  "end" : 2451 }, 
        {"sofa" : 12,  "begin" : 2452,  "end" : 2461 }, 
        {"sofa" : 12,  "begin" : 2461,  "end" : 2462 }, 
        {"sofa" : 12,  "begin" : 2464,  "end" : 2465 }, 
        {"sofa" : 12,  "begin" : 2465,  "end" : 2468 }, 
        {"sofa" : 12,  "begin" : 2469,  "end" : 2478 }, 
        {"sofa" : 12,  "begin" : 2479,  "end" : 2484 }, 
        {"sofa" : 12,  "begin" : 2485,  "end" : 2493 }, 
        {"sofa" : 12,  "begin" : 2494,  "end" : 2500 }, 
        {"sofa" : 12,  "begin" : 2501,  "end" : 2504 }, 
        {"sofa" : 12,  "begin" : 2505,  "end" : 2509 }, 
        {"sofa" : 12,  "begin" : 2510,  "end" : 2518 }, 
        {"sofa" : 12,  "begin" : 2519,  "end" : 2521 }, 
        {"sofa" : 12,  "begin" : 2522,  "end" : 2529 }, 
        {"sofa" : 12,  "begin" : 2530,  "end" : 2540 }, 
        {"sofa" : 12,  "begin" : 2541,  "end" : 2548 }, 
        {"sofa" : 12,  "begin" : 2549,  "end" : 2552 }, 
        {"sofa" : 12,  "begin" : 2553,  "end" : 2561 }, 
        {"sofa" : 12,  "begin" : 2562,  "end" : 2566 }, 
        {"sofa" : 12,  "begin" : 2567,  "end" : 2579 }, 
        {"sofa" : 12,  "begin" : 2580,  "end" : 2585 }, 
        {"sofa" : 12,  "begin" : 2586,  "end" : 2594 }, 
        {"sofa" : 12,  "begin" : 2594,  "end" : 2595 }, 
        {"sofa" : 12,  "begin" : 2596,  "end" : 2599 }, 
        {"sofa" : 12,  "begin" : 2600,  "end" : 2604 }, 
        {"sofa" : 12,  "begin" : 2605,  "end" : 2608 }, 
        {"sofa" : 12,  "begin" : 2609,  "end" : 2612 }, 
        {"sofa" : 12,  "begin" : 2613,  "end" : 2617 }, 
        {"sofa" : 12,  "begin" : 2618,  "end" : 2630 }, 
        {"sofa" : 12,  "begin" : 2631,  "end" : 2633 }, 
        {"sofa" : 12,  "begin" : 2634,  "end" : 2644 }, 
        {"sofa" : 12,  "begin" : 2645,  "end" : 2651 }, 
        {"sofa" : 12,  "begin" : 2651,  "end" : 2652 }, 
        {"sofa" : 12,  "begin" : 2652,  "end" : 2653 }, 
        {"sofa" : 12,  "begin" : 2654,  "end" : 2657 }, 
        {"sofa" : 12,  "begin" : 2658,  "end" : 2669 }, 
        {"sofa" : 12,  "begin" : 2670,  "end" : 2675 }, 
        {"sofa" : 12,  "begin" : 2675,  "end" : 2676 }, 
        {"sofa" : 12,  "begin" : 2677,  "end" : 2678 }, 
        {"sofa" : 12,  "begin" : 2678,  "end" : 2680 }, 
        {"sofa" : 12,  "begin" : 2681,  "end" : 2690 }, 
        {"sofa" : 12,  "begin" : 2691,  "end" : 2692 }, 
        {"sofa" : 12,  "begin" : 2693,  "end" : 2704 }, 
        {"sofa" : 12,  "begin" : 2705,  "end" : 2710 }, 
        {"sofa" : 12,  "begin" : 2711,  "end" : 2713 }, 
        {"sofa" : 12,  "begin" : 2714,  "end" : 2723 }, 
        {"sofa" : 12,  "begin" : 2724,  "end" : 2731 }, 
        {"sofa" : 12,  "begin" : 2732,  "end" : 2740 }, 
        {"sofa" : 12,  "begin" : 2741,  "end" : 2744 }, 
        {"sofa" : 12,  "begin" : 2745,  "end" : 2751 }, 
        {"sofa" : 12,  "begin" : 2752,  "end" : 2761 }, 
        {"sofa" : 12,  "begin" : 2762,  "end" : 2764 }, 
        {"sofa" : 12,  "begin" : 2765,  "end" : 2773 }, 
        {"sofa" : 12,  "begin" : 2774,  "end" : 2778 }, 
        {"sofa" : 12,  "begin" : 2779,  "end" : 2786 }, 
        {"sofa" : 12,  "begin" : 2787,  "end" : 2794 }, 
        {"sofa" : 12,  "begin" : 2794,  "end" : 2795 }, 
        {"sofa" : 12,  "begin" : 2795,  "end" : 2796 }, 
        {"sofa" : 12,  "begin" : 2798,  "end" : 2808 }, 
        {"sofa" : 12,  "begin" : 2809,  "end" : 2815 }, 
        {"sofa" : 12,  "begin" : 2816,  "end" : 2820 }, 
        {"sofa" : 12,  "begin" : 2821,  "end" : 2827 }, 
        {"sofa" : 12,  "begin" : 2827,  "end" : 2828 }, 
        {"sofa" : 12,  "begin" : 2829,  "end" : 2840 }, 
        {"sofa" : 12,  "begin" : 2841,  "end" : 2848 }, 
        {"sofa" : 12,  "begin" : 2849,  "end" : 2858 }, 
        {"sofa" : 12,  "begin" : 2859,  "end" : 2862 }, 
        {"sofa" : 12,  "begin" : 2863,  "end" : 2868 }, 
        {"sofa" : 12,  "begin" : 2868,  "end" : 2869 }, 
        {"sofa" : 12,  "begin" : 2870,  "end" : 2873 }, 
        {"sofa" : 12,  "begin" : 2874,  "end" : 2876 }, 
        {"sofa" : 12,  "begin" : 2877,  "end" : 2882 }, 
        {"sofa" : 12,  "begin" : 2883,  "end" : 2885 }, 
        {"sofa" : 12,  "begin" : 2885,  "end" : 2886 }, 
        {"sofa" : 12,  "begin" : 2887,  "end" : 2889 }, 
        {"sofa" : 12,  "begin" : 2890,  "end" : 2898 }, 
        {"sofa" : 12,  "begin" : 2899,  "end" : 2905 }, 
        {"sofa" : 12,  "begin" : 2906,  "end" : 2909 }, 
        {"sofa" : 12,  "begin" : 2910,  "end" : 2916 }, 
        {"sofa" : 12,  "begin" : 2917,  "end" : 2918 }, 
        {"sofa" : 12,  "begin" : 2919,  "end" : 2922 }, 
        {"sofa" : 12,  "begin" : 2923,  "end" : 2926 }, 
        {"sofa" : 12,  "begin" : 2927,  "end" : 2932 }, 
        {"sofa" : 12,  "begin" : 2933,  "end" : 2938 }, 
        {"sofa" : 12,  "begin" : 2938,  "end" : 2939 }, 
        {"sofa" : 12,  "begin" : 2940,  "end" : 2943 }, 
        {"sofa" : 12,  "begin" : 2944,  "end" : 2949 }, 
        {"sofa" : 12,  "begin" : 2950,  "end" : 2952 }, 
        {"sofa" : 12,  "begin" : 2953,  "end" : 2957 }, 
        {"sofa" : 12,  "begin" : 2958,  "end" : 2960 }, 
        {"sofa" : 12,  "begin" : 2961,  "end" : 2964 }, 
        {"sofa" : 12,  "begin" : 2965,  "end" : 2972 }, 
        {"sofa" : 12,  "begin" : 2973,  "end" : 2978 }, 
        {"sofa" : 12,  "begin" : 2978,  "end" : 2979 }, 
        {"sofa" : 12,  "begin" : 2981,  "end" : 2984 }, 
        {"sofa" : 12,  "begin" : 2985,  "end" : 2992 }, 
        {"sofa" : 12,  "begin" : 2993,  "end" : 2997 }, 
        {"sofa" : 12,  "begin" : 2998,  "end" : 3010 }, 
        {"sofa" : 12,  "begin" : 3011,  "end" : 3018 }, 
        {"sofa" : 12,  "begin" : 3018,  "end" : 3019 }, 
        {"sofa" : 12,  "begin" : 3020,  "end" : 3029 }, 
        {"sofa" : 12,  "begin" : 3030,  "end" : 3032 }, 
        {"sofa" : 12,  "begin" : 3033,  "end" : 3036 }, 
        {"sofa" : 12,  "begin" : 3037,  "end" : 3048 }, 
        {"sofa" : 12,  "begin" : 3048,  "end" : 3049 }, 
        {"sofa" : 12,  "begin" : 3050,  "end" : 3052 }, 
        {"sofa" : 12,  "begin" : 3053,  "end" : 3058 }, 
        {"sofa" : 12,  "begin" : 3058,  "end" : 3059 }, 
        {"sofa" : 12,  "begin" : 3060,  "end" : 3064 }, 
        {"sofa" : 12,  "begin" : 3065,  "end" : 3067 }, 
        {"sofa" : 12,  "begin" : 3068,  "end" : 3071 }, 
        {"sofa" : 12,  "begin" : 3072,  "end" : 3074 }, 
        {"sofa" : 12,  "begin" : 3075,  "end" : 3083 }, 
        {"sofa" : 12,  "begin" : 3084,  "end" : 3091 }, 
        {"sofa" : 12,  "begin" : 3092,  "end" : 3101 }, 
        {"sofa" : 12,  "begin" : 3102,  "end" : 3107 }, 
        {"sofa" : 12,  "begin" : 3108,  "end" : 3116 }, 
        {"sofa" : 12,  "begin" : 3117,  "end" : 3122 }, 
        {"sofa" : 12,  "begin" : 3123,  "end" : 3132 }, 
        {"sofa" : 12,  "begin" : 3133,  "end" : 3135 }, 
        {"sofa" : 12,  "begin" : 3136,  "end" : 3141 }, 
        {"sofa" : 12,  "begin" : 3142,  "end" : 3149 }, 
        {"sofa" : 12,  "begin" : 3149,  "end" : 3150 }, 
        {"sofa" : 12,  "begin" : 3151,  "end" : 3155 }, 
        {"sofa" : 12,  "begin" : 3156,  "end" : 3164 }, 
        {"sofa" : 12,  "begin" : 3165,  "end" : 3172 }, 
        {"sofa" : 12,  "begin" : 3173,  "end" : 3182 }, 
        {"sofa" : 12,  "begin" : 3183,  "end" : 3186 }, 
        {"sofa" : 12,  "begin" : 3187,  "end" : 3192 }, 
        {"sofa" : 12,  "begin" : 3193,  "end" : 3201 }, 
        {"sofa" : 12,  "begin" : 3201,  "end" : 3202 }, 
        {"sofa" : 12,  "begin" : 3203,  "end" : 3204 }, 
        {"sofa" : 12,  "begin" : 3204,  "end" : 3210 }, 
        {"sofa" : 12,  "begin" : 3211,  "end" : 3215 }, 
        {"sofa" : 12,  "begin" : 3216,  "end" : 3222 }, 
        {"sofa" : 12,  "begin" : 3223,  "end" : 3228 }, 
        {"sofa" : 12,  "begin" : 3229,  "end" : 3231 }, 
        {"sofa" : 12,  "begin" : 3232,  "end" : 3239 }, 
        {"sofa" : 12,  "begin" : 3240,  "end" : 3249 }, 
        {"sofa" : 12,  "begin" : 3250,  "end" : 3258 }, 
        {"sofa" : 12,  "begin" : 3259,  "end" : 3261 }, 
        {"sofa" : 12,  "begin" : 3262,  "end" : 3267 }, 
        {"sofa" : 12,  "begin" : 3268,  "end" : 3271 }, 
        {"sofa" : 12,  "begin" : 3272,  "end" : 3275 }, 
        {"sofa" : 12,  "begin" : 3275,  "end" : 3276 }, 
        {"sofa" : 12,  "begin" : 3277,  "end" : 3280 }, 
        {"sofa" : 12,  "begin" : 3281,  "end" : 3284 }, 
        {"sofa" : 12,  "begin" : 3285,  "end" : 3289 }, 
        {"sofa" : 12,  "begin" : 3290,  "end" : 3294 }, 
        {"sofa" : 12,  "begin" : 3295,  "end" : 3297 }, 
        {"sofa" : 12,  "begin" : 3298,  "end" : 3300 }, 
        {"sofa" : 12,  "begin" : 3301,  "end" : 3306 }, 
        {"sofa" : 12,  "begin" : 3307,  "end" : 3309 }, 
        {"sofa" : 12,  "begin" : 3310,  "end" : 3312 }, 
        {"sofa" : 12,  "begin" : 3313,  "end" : 3315 }, 
        {"sofa" : 12,  "begin" : 3315,  "end" : 3316 }, 
        {"sofa" : 12,  "begin" : 3316,  "end" : 3317 }, 
        {"sofa" : 12,  "begin" : 3318,  "end" : 3326 }, 
        {"sofa" : 12,  "begin" : 3326,  "end" : 3327 }, 
        {"sofa" : 12,  "begin" : 3328,  "end" : 3329 }, 
        {"sofa" : 12,  "begin" : 3329,  "end" : 3330 }, 
        {"sofa" : 12,  "begin" : 3331,  "end" : 3339 }, 
        {"sofa" : 12,  "begin" : 3340,  "end" : 3348 }, 
        {"sofa" : 12,  "begin" : 3348,  "end" : 3349 }, 
        {"sofa" : 12,  "begin" : 3350,  "end" : 3353 }, 
        {"sofa" : 12,  "begin" : 3354,  "end" : 3359 }, 
        {"sofa" : 12,  "begin" : 3360,  "end" : 3362 }, 
        {"sofa" : 12,  "begin" : 3363,  "end" : 3365 }, 
        {"sofa" : 12,  "begin" : 3366,  "end" : 3368 }, 
        {"sofa" : 12,  "begin" : 3369,  "end" : 3374 }, 
        {"sofa" : 12,  "begin" : 3375,  "end" : 3377 }, 
        {"sofa" : 12,  "begin" : 3377,  "end" : 3378 }, 
        {"sofa" : 12,  "begin" : 3379,  "end" : 3383 }, 
        {"sofa" : 12,  "begin" : 3384,  "end" : 3388 }, 
        {"sofa" : 12,  "begin" : 3389,  "end" : 3391 }, 
        {"sofa" : 12,  "begin" : 3392,  "end" : 3395 }, 
        {"sofa" : 12,  "begin" : 3396,  "end" : 3398 }, 
        {"sofa" : 12,  "begin" : 3399,  "end" : 3406 }, 
        {"sofa" : 12,  "begin" : 3407,  "end" : 3415 }, 
        {"sofa" : 12,  "begin" : 3416,  "end" : 3424 }, 
        {"sofa" : 12,  "begin" : 3425,  "end" : 3428 }, 
        {"sofa" : 12,  "begin" : 3429,  "end" : 3441 }, 
        {"sofa" : 12,  "begin" : 3441,  "end" : 3442 }, 
        {"sofa" : 12,  "begin" : 3444,  "end" : 3449 }, 
        {"sofa" : 12,  "begin" : 3450,  "end" : 3458 }, 
        {"sofa" : 12,  "begin" : 3458,  "end" : 3459 }, 
        {"sofa" : 12,  "begin" : 3460,  "end" : 3466 }, 
        {"sofa" : 12,  "begin" : 3467,  "end" : 3470 }, 
        {"sofa" : 12,  "begin" : 3471,  "end" : 3482 }, 
        {"sofa" : 12,  "begin" : 3482,  "end" : 3483 }, 
        {"sofa" : 12,  "begin" : 3484,  "end" : 3495 }, 
        {"sofa" : 12,  "begin" : 3496,  "end" : 3499 }, 
        {"sofa" : 12,  "begin" : 3500,  "end" : 3501 }, 
        {"sofa" : 12,  "begin" : 3501,  "end" : 3509 }, 
        {"sofa" : 12,  "begin" : 3510,  "end" : 3518 }, 
        {"sofa" : 12,  "begin" : 3519,  "end" : 3527 }, 
        {"sofa" : 12,  "begin" : 3528,  "end" : 3539 }, 
        {"sofa" : 12,  "begin" : 3540,  "end" : 3548 }, 
        {"sofa" : 12,  "begin" : 3548,  "end" : 3549 }, 
        {"sofa" : 12,  "begin" : 3550,  "end" : 3562 }, 
        {"sofa" : 12,  "begin" : 3563,  "end" : 3571 }, 
        {"sofa" : 12,  "begin" : 3572,  "end" : 3574 }, 
        {"sofa" : 12,  "begin" : 3575,  "end" : 3577 }, 
        {"sofa" : 12,  "begin" : 3578,  "end" : 3586 }, 
        {"sofa" : 12,  "begin" : 3587,  "end" : 3591 }, 
        {"sofa" : 12,  "begin" : 3592,  "end" : 3598 }, 
        {"sofa" : 12,  "begin" : 3599,  "end" : 3606 }, 
        {"sofa" : 12,  "begin" : 3607,  "end" : 3614 }, 
        {"sofa" : 12,  "begin" : 3614,  "end" : 3615 }, 
        {"sofa" : 12,  "begin" : 3616,  "end" : 3624 }, 
        {"sofa" : 12,  "begin" : 3625,  "end" : 3629 }, 
        {"sofa" : 12,  "begin" : 3630,  "end" : 3637 }, 
        {"sofa" : 12,  "begin" : 3637,  "end" : 3638 }, 
        {"sofa" : 12,  "begin" : 3639,  "end" : 3646 }, 
        {"sofa" : 12,  "begin" : 3647,  "end" : 3651 }, 
        {"sofa" : 12,  "begin" : 3652,  "end" : 3659 }, 
        {"sofa" : 12,  "begin" : 3659,  "end" : 3660 }, 
        {"sofa" : 12,  "begin" : 3660,  "end" : 3661 }, 
        {"sofa" : 12,  "begin" : 3663,  "end" : 3666 }, 
        {"sofa" : 12,  "begin" : 3667,  "end" : 3678 }, 
        {"sofa" : 12,  "begin" : 3679,  "end" : 3683 }, 
        {"sofa" : 12,  "begin" : 3684,  "end" : 3692 }, 
        {"sofa" : 12,  "begin" : 3693,  "end" : 3695 }, 
        {"sofa" : 12,  "begin" : 3696,  "end" : 3700 }, 
        {"sofa" : 12,  "begin" : 3701,  "end" : 3704 }, 
        {"sofa" : 12,  "begin" : 3705,  "end" : 3710 }, 
        {"sofa" : 12,  "begin" : 3711,  "end" : 3712 }, 
        {"sofa" : 12,  "begin" : 3713,  "end" : 3718 }, 
        {"sofa" : 12,  "begin" : 3719,  "end" : 3726 }, 
        {"sofa" : 12,  "begin" : 3726,  "end" : 3727 }, 
        {"sofa" : 12,  "begin" : 3728,  "end" : 3735 }, 
        {"sofa" : 12,  "begin" : 3735,  "end" : 3736 }, 
        {"sofa" : 12,  "begin" : 3737,  "end" : 3743 }, 
        {"sofa" : 12,  "begin" : 3744,  "end" : 3748 }, 
        {"sofa" : 12,  "begin" : 3749,  "end" : 3752 }, 
        {"sofa" : 12,  "begin" : 3753,  "end" : 3754 }, 
        {"sofa" : 12,  "begin" : 3754,  "end" : 3761 }, 
        {"sofa" : 12,  "begin" : 3762,  "end" : 3765 }, 
        {"sofa" : 12,  "begin" : 3766,  "end" : 3771 }, 
        {"sofa" : 12,  "begin" : 3772,  "end" : 3774 }, 
        {"sofa" : 12,  "begin" : 3775,  "end" : 3778 }, 
        {"sofa" : 12,  "begin" : 3779,  "end" : 3784 }, 
        {"sofa" : 12,  "begin" : 3785,  "end" : 3786 }, 
        {"sofa" : 12,  "begin" : 3786,  "end" : 3795 }, 
        {"sofa" : 12,  "begin" : 3796,  "end" : 3798 }, 
        {"sofa" : 12,  "begin" : 3799,  "end" : 3808 }, 
        {"sofa" : 12,  "begin" : 3808,  "end" : 3809 }, 
        {"sofa" : 12,  "begin" : 3810,  "end" : 3813 }, 
        {"sofa" : 12,  "begin" : 3814,  "end" : 3817 }, 
        {"sofa" : 12,  "begin" : 3818,  "end" : 3826 }, 
        {"sofa" : 12,  "begin" : 3826,  "end" : 3827 }, 
        {"sofa" : 12,  "begin" : 3827,  "end" : 3828 }, 
        {"sofa" : 12,  "begin" : 3829,  "end" : 3836 }, 
        {"sofa" : 12,  "begin" : 3837,  "end" : 3840 }, 
        {"sofa" : 12,  "begin" : 3841,  "end" : 3845 }, 
        {"sofa" : 12,  "begin" : 3846,  "end" : 3848 }, 
        {"sofa" : 12,  "begin" : 3849,  "end" : 3851 }, 
        {"sofa" : 12,  "begin" : 3852,  "end" : 3858 }, 
        {"sofa" : 12,  "begin" : 3859,  "end" : 3862 }, 
        {"sofa" : 12,  "begin" : 3863,  "end" : 3871 }, 
        {"sofa" : 12,  "begin" : 3872,  "end" : 3877 }, 
        {"sofa" : 12,  "begin" : 3878,  "end" : 3885 }, 
        {"sofa" : 12,  "begin" : 3885,  "end" : 3886 }, 
        {"sofa" : 12,  "begin" : 3888,  "end" : 3893 }, 
        {"sofa" : 12,  "begin" : 3893,  "end" : 3894 }, 
        {"sofa" : 12,  "begin" : 3895,  "end" : 3899 }, 
        {"sofa" : 12,  "begin" : 3900,  "end" : 3905 }, 
        {"sofa" : 12,  "begin" : 3906,  "end" : 3910 }, 
        {"sofa" : 12,  "begin" : 3911,  "end" : 3916 }, 
        {"sofa" : 12,  "begin" : 3917,  "end" : 3925 }, 
        {"sofa" : 12,  "begin" : 3926,  "end" : 3931 }, 
        {"sofa" : 12,  "begin" : 3932,  "end" : 3939 }, 
        {"sofa" : 12,  "begin" : 3940,  "end" : 3949 }, 
        {"sofa" : 12,  "begin" : 3949,  "end" : 3950 }, 
        {"sofa" : 12,  "begin" : 3951,  "end" : 3952 }, 
        {"sofa" : 12,  "begin" : 3952,  "end" : 3959 }, 
        {"sofa" : 12,  "begin" : 3960,  "end" : 3967 }, 
        {"sofa" : 12,  "begin" : 3967,  "end" : 3968 }, 
        {"sofa" : 12,  "begin" : 3969,  "end" : 3973 }, 
        {"sofa" : 12,  "begin" : 3974,  "end" : 3980 }, 
        {"sofa" : 12,  "begin" : 3981,  "end" : 3988 }, 
        {"sofa" : 12,  "begin" : 3989,  "end" : 3995 }, 
        {"sofa" : 12,  "begin" : 3996,  "end" : 3999 }, 
        {"sofa" : 12,  "begin" : 4000,  "end" : 4001 }, 
        {"sofa" : 12,  "begin" : 4002,  "end" : 4012 }, 
        {"sofa" : 12,  "begin" : 4013,  "end" : 4017 }, 
        {"sofa" : 12,  "begin" : 4018,  "end" : 4020 }, 
        {"sofa" : 12,  "begin" : 4021,  "end" : 4027 }, 
        {"sofa" : 12,  "begin" : 4027,  "end" : 4028 }, 
        {"sofa" : 12,  "begin" : 4029,  "end" : 4032 }, 
        {"sofa" : 12,  "begin" : 4033,  "end" : 4042 }, 
        {"sofa" : 12,  "begin" : 4042,  "end" : 4043 }, 
        {"sofa" : 12,  "begin" : 4043,  "end" : 4044 }, 
        {"sofa" : 12,  "begin" : 4045,  "end" : 4049 }, 
        {"sofa" : 12,  "begin" : 4050,  "end" : 4055 }, 
        {"sofa" : 12,  "begin" : 4055,  "end" : 4056 }, 
        {"sofa" : 12,  "begin" : 4057,  "end" : 4065 }, 
        {"sofa" : 12,  "begin" : 4066,  "end" : 4068 }, 
        {"sofa" : 12,  "begin" : 4069,  "end" : 4072 }, 
        {"sofa" : 12,  "begin" : 4073,  "end" : 4084 }, 
        {"sofa" : 12,  "begin" : 4085,  "end" : 4095 }, 
        {"sofa" : 12,  "begin" : 4096,  "end" : 4103 }, 
        {"sofa" : 12,  "begin" : 4104,  "end" : 4106 }, 
        {"sofa" : 12,  "begin" : 4107,  "end" : 4114 }, 
        {"sofa" : 12,  "begin" : 4115,  "end" : 4124 }, 
        {"sofa" : 12,  "begin" : 4124,  "end" : 4125 }, 
        {"sofa" : 12,  "begin" : 4126,  "end" : 4128 }, 
        {"sofa" : 12,  "begin" : 4129,  "end" : 4136 }, 
        {"sofa" : 12,  "begin" : 4137,  "end" : 4139 }, 
        {"sofa" : 12,  "begin" : 4140,  "end" : 4150 }, 
        {"sofa" : 12,  "begin" : 4151,  "end" : 4154 }, 
        {"sofa" : 12,  "begin" : 4155,  "end" : 4172 }, 
        {"sofa" : 12,  "begin" : 4173,  "end" : 4178 }, 
        {"sofa" : 12,  "begin" : 4179,  "end" : 4187 }, 
        {"sofa" : 12,  "begin" : 4188,  "end" : 4192 }, 
        {"sofa" : 12,  "begin" : 4193,  "end" : 4196 }, 
        {"sofa" : 12,  "begin" : 4197,  "end" : 4202 }, 
        {"sofa" : 12,  "begin" : 4202,  "end" : 4203 }, 
        {"sofa" : 12,  "begin" : 4208,  "end" : 4214 }, 
        {"sofa" : 12,  "begin" : 4214,  "end" : 4215 }, 
        {"sofa" : 12,  "begin" : 4216,  "end" : 4223 }, 
        {"sofa" : 12,  "begin" : 4224,  "end" : 4225 }, 
        {"sofa" : 12,  "begin" : 4225,  "end" : 4226 }, 
        {"sofa" : 12,  "begin" : 4227,  "end" : 4231 }, 
        {"sofa" : 12,  "begin" : 4232,  "end" : 4234 }, 
        {"sofa" : 12,  "begin" : 4234,  "end" : 4235 }, 
        {"sofa" : 12,  "begin" : 4236,  "end" : 4240 }, 
        {"sofa" : 12,  "begin" : 4241,  "end" : 4242 }, 
        {"sofa" : 12,  "begin" : 4242,  "end" : 4243 }, 
        {"sofa" : 12,  "begin" : 4244,  "end" : 4252 }, 
        {"sofa" : 12,  "begin" : 4253,  "end" : 4260 }, 
        {"sofa" : 12,  "begin" : 4261,  "end" : 4262 }, 
        {"sofa" : 12,  "begin" : 4263,  "end" : 4271 }, 
        {"sofa" : 12,  "begin" : 4272,  "end" : 4280 }, 
        {"sofa" : 12,  "begin" : 4281,  "end" : 4283 }, 
        {"sofa" : 12,  "begin" : 4284,  "end" : 4292 }, 
        {"sofa" : 12,  "begin" : 4293,  "end" : 4297 }, 
        {"sofa" : 12,  "begin" : 4298,  "end" : 4305 }, 
        {"sofa" : 12,  "begin" : 4306,  "end" : 4313 }, 
        {"sofa" : 12,  "begin" : 4313,  "end" : 4314 }, 
        {"sofa" : 12,  "begin" : 4315,  "end" : 4316 }, 
        {"sofa" : 12,  "begin" : 4317,  "end" : 4328 }, 
        {"sofa" : 12,  "begin" : 4329,  "end" : 4347 }, 
        {"sofa" : 12,  "begin" : 4348,  "end" : 4353 }, 
        {"sofa" : 12,  "begin" : 4353,  "end" : 4354 }, 
        {"sofa" : 12,  "begin" : 4355,  "end" : 4363 }, 
        {"sofa" : 12,  "begin" : 4364,  "end" : 4380 }, 
        {"sofa" : 12,  "begin" : 4381,  "end" : 4384 }, 
        {"sofa" : 12,  "begin" : 4385,  "end" : 4395 }, 
        {"sofa" : 12,  "begin" : 4395,  "end" : 4396 }, 
        {"sofa" : 12,  "begin" : 4397,  "end" : 4401 }, 
        {"sofa" : 12,  "begin" : 4401,  "end" : 4402 } ], 
      "Persuasive_Labels" : [
        {"sofa" : 12,  "begin" : 261,  "end" : 328,  "DistinctiveLinguisticFeatures" : "title of article" }, 
        {"sofa" : 12,  "begin" : 261,  "end" : 328,  "DistinctiveLinguisticFeatures" : "distinctive linguistic features" }, 
        {"sofa" : 12,  "begin" : 474,  "end" : 611,  "InappropriateUseofScientificEvidence" : "Inappropriate Use of Scientific and Other Evidence - out of context_verified" }, 
        {"sofa" : 12,  "begin" : 613,  "end" : 679,  "EstablishingLegitimacy" : "citing source to establish legitimacy_source verified to be credible" }, 
        {"sofa" : 12,  "begin" : 613,  "end" : 679,  "EstablishingLegitimacy" : "Establishing Legitimacy" }, 
        {"sofa" : 12,  "begin" : 2200,  "end" : 2243,  "EstablishingLegitimacy" : "Establishing Legitimacy" }, 
        {"sofa" : 12,  "begin" : 2200,  "end" : 2243,  "EstablishingLegitimacy" : "surface credibility markers - simply claiming authority or credibility" }, 
        {"sofa" : 12,  "begin" : 2654,  "end" : 2676,  "EstablishingLegitimacy" : "Establishing Legitimacy" }, 
        {"sofa" : 12,  "begin" : 2654,  "end" : 2676,  "EstablishingLegitimacy" : "surface credibility markers - simply claiming authority or credibility" }, 
        {"sofa" : 12,  "begin" : 2798,  "end" : 2979,  "InappropriateUseofScientificEvidence" : "less robust evidence or outdated evidence_verified" }, 
        {"sofa" : 12,  "begin" : 2798,  "end" : 2979,  "InappropriateUseofScientificEvidence" : "inappropriate use of scientific and Other evidence" }, 
        {"sofa" : 12,  "begin" : 3050,  "end" : 3150,  "InappropriateUseofScientificEvidence" : "inappropriate use of scientific evidence" }, 
        {"sofa" : 12,  "begin" : 3050,  "end" : 3150,  "InappropriateUseofScientificEvidence" : "less robust evidence or outdated evidence_verified" }, 
        {"sofa" : 12,  "begin" : 4208,  "end" : 4402,  "EstablishingLegitimacy" : "citing source to establish legitimacy_source verified to be credible" }, 
        {"sofa" : 12,  "begin" : 4208,  "end" : 4402,  "EstablishingLegitimacy" : "Establishing Legitimacy" } ] } }, 
  "_referenced_fss" : {
    "12" : {"_type" : "Sofa",  "sofaNum" : 1,  "sofaID" : "_InitialView",  "mimeType" : "text",  "sofaString" : "﻿snes-00714 A \"new\" study has demonstrated that marijuana leads to a \"complete remission\" of Crohn's disease.\t\r\nOriginal source: https://archive.ph/emiDX \t \r\nFace checking: https://www.snopes.com/fact-check/new-study-marijuana-crohns/  \t\t\t\r\n\r\nActual content: \r\nMedical Marijuana Achieves 'Complete Remission' Of Crohn's Disease; Drug Improves Appetite And Sleep Function, With No Side Effects \r\nBy Chris Weller \r\nCrohn's disease, one of several inflammatory bowel diseases, achieved \"complete remission\" in nearly half the subjects of one study that were exposed to smoking medical marijuana on a regular basis.\r\nPublished in the journal Clinical Gastroenterology and Hepatology, the study examined the effects of consistent marijuana use on Crohn's patients who suffered from severe cases of the disease. The results of the 21-subject study point toward the drug's anti-inflammatory properties as being responsible for quieting symptoms in many patients, and even reaching total remission in others.\r\nThe Disease: Causes, Symptoms, And Treatments\r\nOften mischaracterized as an autoimmune disease, Crohn's disease is in fact an immune deficiency state. Arising from a host of genetic, environmental, and immunological factors, the disease causes a chronic inflammatory disorder that attacks the person's gastrointestinal tract - anywhere from the mouth to the anus - in order to fight the body's antigens that otherwise do no harm. Symptoms of the disease range from mild abdominal pain to more severe cases of bloody diarrhea, nausea, vomiting, weight loss, and fevers.\r\nThere is no cure for Crohn's; however, various methods are aimed at limiting flare ups and keeping the disease in remission. Treatments, like disease severity, fall on a spectrum depending on the person. Simple dietary changes suffice for some, while invasive surgery to remove the affected area may be needed for others. Corticosteroids and other medications are also prescribed for less severe cases.\r\nThe disease affects around 400,000 to 600,000 people in North America, although many people do not get diagnosed until they've had the disease for years, simply because no symptoms were present.\r\nThe Study And Its Findings\r\nScientists at Meir Medical Center in Israel wanted to examine the effects of Cannabis sativa on patients with severe Crohn's disease, relying on the underlying drug's anti-inflammatory effects in treating other ailments, such as arthritis and multiple sclerosis.\r\n\"The marijuana plant Cannabis sativa has been reported to produce beneficial effects for patients with inflammatory bowel diseases, but this has not been investigated in controlled trials,\" the researchers wrote. \"We performed a prospective trial to determine whether cannabis can induce remission in patients with Crohn's disease.\"\r\nTwenty-one people with severe, intractable Crohn's comprised the study. Out of those 21, 11 subjects smoked two joints a day for eight weeks. The other 10 made up the placebo group.\r\nThe results were particularly telling, according to the researchers. In total, five of the 11 subjects smoking marijuana daily achieved total remission of their Crohn's. They reported greater appetites and sleep patterns. (People with severe cases of Crohn's sometimes defecate 20 times per day, and may even wake up at night to do so.) Moreover, \"a clinical response\" was found in 10 of those 11. Only four of the 10 placebo subjects reported any improvements.\r\nThese findings, argued the researchers, demonstrate how \"THC-rich cannabis produced significant clinical, steroid-free benefits to 11 patients with active Crohn's disease, compared with placebo, without side effects.\"\r\nThe researchers were hesitant to call the study a total success, however, saying that the \"primary end point of the study (induction of remission) was not achieved,\" despite the five of 11 people who reported those effects.\r\nStill, they noted that their findings merit further attention. \"Further studies, with larger patient groups and a nonsmoking mode of intake, are warranted,\" they wrote, pointing to the potentially diminished effects of smoking marijuana, as opposed to extracting the anti-inflammatory drugs directly from the plant.\r\n \r\nSource: Naftali T, Lihi BL, Iris D. Cannabis Induces a Clinical Response in Patients With Crohn's Disease: A Prospective Placebo-Controlled Study. Clinical Gastroenterology and Hepatology. 2013.\r\n\r\n" } } }