{"_context" : {
    "_types" : {
      "DocumentMetaData" : {
        "_feature_types" : {"sofa" : "_ref" } }, 
      "Persuasive_Labels" : {
        "_feature_types" : {"sofa" : "_ref" } }, 
      "Sentence" : {
        "_feature_types" : {"sofa" : "_ref" } }, 
      "Sofa" : {
        "_feature_types" : {"sofaArray" : "_ref" } }, 
      "TagsetDescription" : {
        "_feature_types" : {"sofa" : "_ref",  "tags" : "_ref" } }, 
      "Token" : {
        "_feature_types" : {"sofa" : "_ref",  "parent" : "_ref",  "lemma" : "_ref",  "stem" : "_ref",  "pos" : "_ref",  "morph" : "_ref",  "form" : "_ref" } }, 
      "DocumentAnnotation" : {
        "_feature_types" : {"sofa" : "_ref" }, 
        "_subtypes" : ["DocumentMetaData" ] }, 
      "Annotation" : {
        "_feature_types" : {"sofa" : "_ref" }, 
        "_subtypes" : ["DocumentAnnotation",  "Persuasive_Labels",  "Sentence",  "TagsetDescription",  "Token" ] }, 
      "AnnotationBase" : {
        "_feature_types" : {"sofa" : "_ref" }, 
        "_subtypes" : ["Annotation" ] }, 
      "TOP" : {
        "_subtypes" : ["AnnotationBase",  "Sofa" ] } } }, 
  "_views" : {
    "_InitialView" : {
      "DocumentMetaData" : [
        {"sofa" : 12,  "end" : 1190,  "language" : "x-unspecified",  "documentTitle" : "82.%20snes-03413%20If%20you%20use%20a%20real%20Christmas%20tree,%20you%20run%20the%20risk%20of%20bringing%20Lyme%20disease-transmitting%20ticks%20into%20your%20home.%20.txt",  "documentId" : "admin",  "documentUri" : "file:/C:/Users/huiyi/.webanno/repository/project/4/document/257/source/admin",  "collectionId" : "file:/C:/Users/huiyi/.webanno/repository/project/4/document/257/source/",  "documentBaseUri" : "file:/C:/Users/huiyi/.webanno/repository/project/4/document/257/source/",  "isLastSegment" : false } ], 
      "TagsetDescription" : [
        {"sofa" : 12,  "layer" : "de.tudarmstadt.ukp.dkpro.core.api.syntax.type.dependency.Dependency",  "name" : "UD Universal Dependencies (v2)",  "input" : false }, 
        {"sofa" : 12,  "layer" : "de.tudarmstadt.ukp.dkpro.core.api.ner.type.NamedEntity",  "name" : "Named Entity tags",  "input" : false }, 
        {"sofa" : 12,  "layer" : "de.tudarmstadt.ukp.dkpro.core.api.transform.type.SofaChangeAnnotation",  "name" : "Operation",  "input" : false }, 
        {"sofa" : 12,  "layer" : "de.tudarmstadt.ukp.dkpro.core.api.lexmorph.type.pos.POS",  "name" : "UD Universal POS tags (v2)",  "input" : false }, 
        {"sofa" : 12,  "layer" : "webanno.custom.Persuasive_Labels",  "name" : "2. Using Anecdotes and Personal Experience as Evidence",  "input" : false } ], 
      "Sentence" : [
        {"sofa" : 12,  "end" : 122 }, 
        {"sofa" : 12,  "begin" : 125,  "end" : 466 }, 
        {"sofa" : 12,  "begin" : 467,  "end" : 521 }, 
        {"sofa" : 12,  "begin" : 522,  "end" : 580 }, 
        {"sofa" : 12,  "begin" : 581,  "end" : 600 }, 
        {"sofa" : 12,  "begin" : 601,  "end" : 611 }, 
        {"sofa" : 12,  "begin" : 613,  "end" : 639 }, 
        {"sofa" : 12,  "begin" : 640,  "end" : 676 }, 
        {"sofa" : 12,  "begin" : 679,  "end" : 781 }, 
        {"sofa" : 12,  "begin" : 782,  "end" : 799 }, 
        {"sofa" : 12,  "begin" : 800,  "end" : 818 }, 
        {"sofa" : 12,  "begin" : 819,  "end" : 975 }, 
        {"sofa" : 12,  "begin" : 976,  "end" : 1018 }, 
        {"sofa" : 12,  "begin" : 1019,  "end" : 1030 }, 
        {"sofa" : 12,  "begin" : 1031,  "end" : 1088 }, 
        {"sofa" : 12,  "begin" : 1089,  "end" : 1157 }, 
        {"sofa" : 12,  "begin" : 1158,  "end" : 1187 } ], 
      "Token" : [
        {"sofa" : 12,  "end" : 5 }, 
        {"sofa" : 12,  "begin" : 5,  "end" : 6 }, 
        {"sofa" : 12,  "begin" : 6,  "end" : 11 }, 
        {"sofa" : 12,  "begin" : 12,  "end" : 14 }, 
        {"sofa" : 12,  "begin" : 15,  "end" : 18 }, 
        {"sofa" : 12,  "begin" : 19,  "end" : 22 }, 
        {"sofa" : 12,  "begin" : 23,  "end" : 24 }, 
        {"sofa" : 12,  "begin" : 25,  "end" : 29 }, 
        {"sofa" : 12,  "begin" : 30,  "end" : 39 }, 
        {"sofa" : 12,  "begin" : 40,  "end" : 44 }, 
        {"sofa" : 12,  "begin" : 44,  "end" : 45 }, 
        {"sofa" : 12,  "begin" : 46,  "end" : 49 }, 
        {"sofa" : 12,  "begin" : 50,  "end" : 53 }, 
        {"sofa" : 12,  "begin" : 54,  "end" : 57 }, 
        {"sofa" : 12,  "begin" : 58,  "end" : 62 }, 
        {"sofa" : 12,  "begin" : 63,  "end" : 65 }, 
        {"sofa" : 12,  "begin" : 66,  "end" : 74 }, 
        {"sofa" : 12,  "begin" : 75,  "end" : 79 }, 
        {"sofa" : 12,  "begin" : 80,  "end" : 100 }, 
        {"sofa" : 12,  "begin" : 101,  "end" : 106 }, 
        {"sofa" : 12,  "begin" : 107,  "end" : 111 }, 
        {"sofa" : 12,  "begin" : 112,  "end" : 116 }, 
        {"sofa" : 12,  "begin" : 117,  "end" : 121 }, 
        {"sofa" : 12,  "begin" : 121,  "end" : 122 }, 
        {"sofa" : 12,  "begin" : 125,  "end" : 131 }, 
        {"sofa" : 12,  "begin" : 131,  "end" : 132 }, 
        {"sofa" : 12,  "begin" : 133,  "end" : 138 }, 
        {"sofa" : 12,  "begin" : 138,  "end" : 139 }, 
        {"sofa" : 12,  "begin" : 139,  "end" : 140 }, 
        {"sofa" : 12,  "begin" : 140,  "end" : 141 }, 
        {"sofa" : 12,  "begin" : 141,  "end" : 157 }, 
        {"sofa" : 12,  "begin" : 157,  "end" : 158 }, 
        {"sofa" : 12,  "begin" : 158,  "end" : 173 }, 
        {"sofa" : 12,  "begin" : 173,  "end" : 174 }, 
        {"sofa" : 12,  "begin" : 174,  "end" : 180 }, 
        {"sofa" : 12,  "begin" : 180,  "end" : 181 }, 
        {"sofa" : 12,  "begin" : 181,  "end" : 182 }, 
        {"sofa" : 12,  "begin" : 182,  "end" : 198 }, 
        {"sofa" : 12,  "begin" : 198,  "end" : 199 }, 
        {"sofa" : 12,  "begin" : 199,  "end" : 215 }, 
        {"sofa" : 12,  "begin" : 215,  "end" : 216 }, 
        {"sofa" : 12,  "begin" : 219,  "end" : 223 }, 
        {"sofa" : 12,  "begin" : 224,  "end" : 232 }, 
        {"sofa" : 12,  "begin" : 232,  "end" : 233 }, 
        {"sofa" : 12,  "begin" : 234,  "end" : 239 }, 
        {"sofa" : 12,  "begin" : 239,  "end" : 240 }, 
        {"sofa" : 12,  "begin" : 240,  "end" : 241 }, 
        {"sofa" : 12,  "begin" : 241,  "end" : 242 }, 
        {"sofa" : 12,  "begin" : 242,  "end" : 256 }, 
        {"sofa" : 12,  "begin" : 256,  "end" : 257 }, 
        {"sofa" : 12,  "begin" : 257,  "end" : 267 }, 
        {"sofa" : 12,  "begin" : 267,  "end" : 268 }, 
        {"sofa" : 12,  "begin" : 268,  "end" : 327 }, 
        {"sofa" : 12,  "begin" : 327,  "end" : 328 }, 
        {"sofa" : 12,  "begin" : 331,  "end" : 337 }, 
        {"sofa" : 12,  "begin" : 338,  "end" : 345 }, 
        {"sofa" : 12,  "begin" : 346,  "end" : 347 }, 
        {"sofa" : 12,  "begin" : 350,  "end" : 356 }, 
        {"sofa" : 12,  "begin" : 357,  "end" : 359 }, 
        {"sofa" : 12,  "begin" : 360,  "end" : 367 }, 
        {"sofa" : 12,  "begin" : 368,  "end" : 371 }, 
        {"sofa" : 12,  "begin" : 372,  "end" : 376 }, 
        {"sofa" : 12,  "begin" : 377,  "end" : 379 }, 
        {"sofa" : 12,  "begin" : 380,  "end" : 386 }, 
        {"sofa" : 12,  "begin" : 387,  "end" : 393 }, 
        {"sofa" : 12,  "begin" : 394,  "end" : 399 }, 
        {"sofa" : 12,  "begin" : 400,  "end" : 403 }, 
        {"sofa" : 12,  "begin" : 404,  "end" : 415 }, 
        {"sofa" : 12,  "begin" : 416,  "end" : 418 }, 
        {"sofa" : 12,  "begin" : 419,  "end" : 422 }, 
        {"sofa" : 12,  "begin" : 423,  "end" : 425 }, 
        {"sofa" : 12,  "begin" : 426,  "end" : 429 }, 
        {"sofa" : 12,  "begin" : 430,  "end" : 433 }, 
        {"sofa" : 12,  "begin" : 434,  "end" : 436 }, 
        {"sofa" : 12,  "begin" : 437,  "end" : 442 }, 
        {"sofa" : 12,  "begin" : 443,  "end" : 446 }, 
        {"sofa" : 12,  "begin" : 447,  "end" : 449 }, 
        {"sofa" : 12,  "begin" : 450,  "end" : 459 }, 
        {"sofa" : 12,  "begin" : 460,  "end" : 465 }, 
        {"sofa" : 12,  "begin" : 465,  "end" : 466 }, 
        {"sofa" : 12,  "begin" : 467,  "end" : 474 }, 
        {"sofa" : 12,  "begin" : 475,  "end" : 482 }, 
        {"sofa" : 12,  "begin" : 483,  "end" : 487 }, 
        {"sofa" : 12,  "begin" : 487,  "end" : 488 }, 
        {"sofa" : 12,  "begin" : 489,  "end" : 497 }, 
        {"sofa" : 12,  "begin" : 498,  "end" : 502 }, 
        {"sofa" : 12,  "begin" : 503,  "end" : 507 }, 
        {"sofa" : 12,  "begin" : 508,  "end" : 515 }, 
        {"sofa" : 12,  "begin" : 516,  "end" : 520 }, 
        {"sofa" : 12,  "begin" : 520,  "end" : 521 }, 
        {"sofa" : 12,  "begin" : 522,  "end" : 524 }, 
        {"sofa" : 12,  "begin" : 525,  "end" : 532 }, 
        {"sofa" : 12,  "begin" : 533,  "end" : 536 }, 
        {"sofa" : 12,  "begin" : 537,  "end" : 541 }, 
        {"sofa" : 12,  "begin" : 542,  "end" : 545 }, 
        {"sofa" : 12,  "begin" : 546,  "end" : 549 }, 
        {"sofa" : 12,  "begin" : 550,  "end" : 556 }, 
        {"sofa" : 12,  "begin" : 557,  "end" : 564 }, 
        {"sofa" : 12,  "begin" : 565,  "end" : 568 }, 
        {"sofa" : 12,  "begin" : 569,  "end" : 574 }, 
        {"sofa" : 12,  "begin" : 575,  "end" : 579 }, 
        {"sofa" : 12,  "begin" : 579,  "end" : 580 }, 
        {"sofa" : 12,  "begin" : 581,  "end" : 585 }, 
        {"sofa" : 12,  "begin" : 586,  "end" : 589 }, 
        {"sofa" : 12,  "begin" : 590,  "end" : 593 }, 
        {"sofa" : 12,  "begin" : 594,  "end" : 598 }, 
        {"sofa" : 12,  "begin" : 599,  "end" : 600 }, 
        {"sofa" : 12,  "begin" : 601,  "end" : 604 }, 
        {"sofa" : 12,  "begin" : 605,  "end" : 610 }, 
        {"sofa" : 12,  "begin" : 610,  "end" : 611 }, 
        {"sofa" : 12,  "begin" : 613,  "end" : 618 }, 
        {"sofa" : 12,  "begin" : 619,  "end" : 623 }, 
        {"sofa" : 12,  "begin" : 624,  "end" : 627 }, 
        {"sofa" : 12,  "begin" : 628,  "end" : 633 }, 
        {"sofa" : 12,  "begin" : 634,  "end" : 638 }, 
        {"sofa" : 12,  "begin" : 638,  "end" : 639 }, 
        {"sofa" : 12,  "begin" : 640,  "end" : 641 }, 
        {"sofa" : 12,  "begin" : 642,  "end" : 647 }, 
        {"sofa" : 12,  "begin" : 648,  "end" : 652 }, 
        {"sofa" : 12,  "begin" : 653,  "end" : 655 }, 
        {"sofa" : 12,  "begin" : 656,  "end" : 659 }, 
        {"sofa" : 12,  "begin" : 660,  "end" : 664 }, 
        {"sofa" : 12,  "begin" : 665,  "end" : 667 }, 
        {"sofa" : 12,  "begin" : 668,  "end" : 669 }, 
        {"sofa" : 12,  "begin" : 670,  "end" : 671 }, 
        {"sofa" : 12,  "begin" : 671,  "end" : 674 }, 
        {"sofa" : 12,  "begin" : 674,  "end" : 675 }, 
        {"sofa" : 12,  "begin" : 675,  "end" : 676 }, 
        {"sofa" : 12,  "begin" : 679,  "end" : 681 }, 
        {"sofa" : 12,  "begin" : 682,  "end" : 685 }, 
        {"sofa" : 12,  "begin" : 686,  "end" : 692 }, 
        {"sofa" : 12,  "begin" : 693,  "end" : 697 }, 
        {"sofa" : 12,  "begin" : 698,  "end" : 702 }, 
        {"sofa" : 12,  "begin" : 703,  "end" : 707 }, 
        {"sofa" : 12,  "begin" : 708,  "end" : 713 }, 
        {"sofa" : 12,  "begin" : 714,  "end" : 717 }, 
        {"sofa" : 12,  "begin" : 718,  "end" : 722 }, 
        {"sofa" : 12,  "begin" : 723,  "end" : 725 }, 
        {"sofa" : 12,  "begin" : 726,  "end" : 727 }, 
        {"sofa" : 12,  "begin" : 728,  "end" : 732 }, 
        {"sofa" : 12,  "begin" : 732,  "end" : 733 }, 
        {"sofa" : 12,  "begin" : 734,  "end" : 738 }, 
        {"sofa" : 12,  "begin" : 739,  "end" : 743 }, 
        {"sofa" : 12,  "begin" : 744,  "end" : 748 }, 
        {"sofa" : 12,  "begin" : 749,  "end" : 751 }, 
        {"sofa" : 12,  "begin" : 752,  "end" : 760 }, 
        {"sofa" : 12,  "begin" : 761,  "end" : 765 }, 
        {"sofa" : 12,  "begin" : 766,  "end" : 770 }, 
        {"sofa" : 12,  "begin" : 771,  "end" : 775 }, 
        {"sofa" : 12,  "begin" : 776,  "end" : 780 }, 
        {"sofa" : 12,  "begin" : 780,  "end" : 781 }, 
        {"sofa" : 12,  "begin" : 782,  "end" : 787 }, 
        {"sofa" : 12,  "begin" : 788,  "end" : 792 }, 
        {"sofa" : 12,  "begin" : 793,  "end" : 798 }, 
        {"sofa" : 12,  "begin" : 798,  "end" : 799 }, 
        {"sofa" : 12,  "begin" : 800,  "end" : 804 }, 
        {"sofa" : 12,  "begin" : 805,  "end" : 809 }, 
        {"sofa" : 12,  "begin" : 810,  "end" : 812 }, 
        {"sofa" : 12,  "begin" : 813,  "end" : 817 }, 
        {"sofa" : 12,  "begin" : 817,  "end" : 818 }, 
        {"sofa" : 12,  "begin" : 819,  "end" : 822 }, 
        {"sofa" : 12,  "begin" : 823,  "end" : 828 }, 
        {"sofa" : 12,  "begin" : 829,  "end" : 832 }, 
        {"sofa" : 12,  "begin" : 833,  "end" : 838 }, 
        {"sofa" : 12,  "begin" : 839,  "end" : 842 }, 
        {"sofa" : 12,  "begin" : 843,  "end" : 851 }, 
        {"sofa" : 12,  "begin" : 852,  "end" : 859 }, 
        {"sofa" : 12,  "begin" : 861,  "end" : 862 }, 
        {"sofa" : 12,  "begin" : 862,  "end" : 867 }, 
        {"sofa" : 12,  "begin" : 867,  "end" : 868 }, 
        {"sofa" : 12,  "begin" : 869,  "end" : 873 }, 
        {"sofa" : 12,  "begin" : 873,  "end" : 874 }, 
        {"sofa" : 12,  "begin" : 875,  "end" : 877 }, 
        {"sofa" : 12,  "begin" : 878,  "end" : 881 }, 
        {"sofa" : 12,  "begin" : 882,  "end" : 887 }, 
        {"sofa" : 12,  "begin" : 888,  "end" : 889 }, 
        {"sofa" : 12,  "begin" : 890,  "end" : 899 }, 
        {"sofa" : 12,  "begin" : 900,  "end" : 904 }, 
        {"sofa" : 12,  "begin" : 905,  "end" : 909 }, 
        {"sofa" : 12,  "begin" : 910,  "end" : 912 }, 
        {"sofa" : 12,  "begin" : 913,  "end" : 921 }, 
        {"sofa" : 12,  "begin" : 921,  "end" : 922 }, 
        {"sofa" : 12,  "begin" : 922,  "end" : 923 }, 
        {"sofa" : 12,  "begin" : 923,  "end" : 924 }, 
        {"sofa" : 12,  "begin" : 925,  "end" : 927 }, 
        {"sofa" : 12,  "begin" : 928,  "end" : 931 }, 
        {"sofa" : 12,  "begin" : 932,  "end" : 934 }, 
        {"sofa" : 12,  "begin" : 935,  "end" : 939 }, 
        {"sofa" : 12,  "begin" : 940,  "end" : 942 }, 
        {"sofa" : 12,  "begin" : 943,  "end" : 948 }, 
        {"sofa" : 12,  "begin" : 949,  "end" : 951 }, 
        {"sofa" : 12,  "begin" : 952,  "end" : 955 }, 
        {"sofa" : 12,  "begin" : 956,  "end" : 960 }, 
        {"sofa" : 12,  "begin" : 961,  "end" : 964 }, 
        {"sofa" : 12,  "begin" : 965,  "end" : 969 }, 
        {"sofa" : 12,  "begin" : 970,  "end" : 974 }, 
        {"sofa" : 12,  "begin" : 974,  "end" : 975 }, 
        {"sofa" : 12,  "begin" : 976,  "end" : 979 }, 
        {"sofa" : 12,  "begin" : 980,  "end" : 986 }, 
        {"sofa" : 12,  "begin" : 987,  "end" : 991 }, 
        {"sofa" : 12,  "begin" : 992,  "end" : 995 }, 
        {"sofa" : 12,  "begin" : 996,  "end" : 999 }, 
        {"sofa" : 12,  "begin" : 1000,  "end" : 1009 }, 
        {"sofa" : 12,  "begin" : 1010,  "end" : 1012 }, 
        {"sofa" : 12,  "begin" : 1013,  "end" : 1017 }, 
        {"sofa" : 12,  "begin" : 1017,  "end" : 1018 }, 
        {"sofa" : 12,  "begin" : 1019,  "end" : 1021 }, 
        {"sofa" : 12,  "begin" : 1022,  "end" : 1029 }, 
        {"sofa" : 12,  "begin" : 1029,  "end" : 1030 }, 
        {"sofa" : 12,  "begin" : 1031,  "end" : 1036 }, 
        {"sofa" : 12,  "begin" : 1037,  "end" : 1039 }, 
        {"sofa" : 12,  "begin" : 1040,  "end" : 1042 }, 
        {"sofa" : 12,  "begin" : 1043,  "end" : 1047 }, 
        {"sofa" : 12,  "begin" : 1048,  "end" : 1051 }, 
        {"sofa" : 12,  "begin" : 1052,  "end" : 1054 }, 
        {"sofa" : 12,  "begin" : 1055,  "end" : 1061 }, 
        {"sofa" : 12,  "begin" : 1062,  "end" : 1067 }, 
        {"sofa" : 12,  "begin" : 1068,  "end" : 1071 }, 
        {"sofa" : 12,  "begin" : 1072,  "end" : 1076 }, 
        {"sofa" : 12,  "begin" : 1077,  "end" : 1081 }, 
        {"sofa" : 12,  "begin" : 1082,  "end" : 1087 }, 
        {"sofa" : 12,  "begin" : 1087,  "end" : 1088 }, 
        {"sofa" : 12,  "begin" : 1089,  "end" : 1094 }, 
        {"sofa" : 12,  "begin" : 1095,  "end" : 1099 }, 
        {"sofa" : 12,  "begin" : 1100,  "end" : 1107 }, 
        {"sofa" : 12,  "begin" : 1108,  "end" : 1112 }, 
        {"sofa" : 12,  "begin" : 1113,  "end" : 1123 }, 
        {"sofa" : 12,  "begin" : 1124,  "end" : 1128 }, 
        {"sofa" : 12,  "begin" : 1129,  "end" : 1134 }, 
        {"sofa" : 12,  "begin" : 1135,  "end" : 1143 }, 
        {"sofa" : 12,  "begin" : 1144,  "end" : 1156 }, 
        {"sofa" : 12,  "begin" : 1156,  "end" : 1157 }, 
        {"sofa" : 12,  "begin" : 1158,  "end" : 1161 }, 
        {"sofa" : 12,  "begin" : 1162,  "end" : 1171 }, 
        {"sofa" : 12,  "begin" : 1172,  "end" : 1175 }, 
        {"sofa" : 12,  "begin" : 1176,  "end" : 1180 }, 
        {"sofa" : 12,  "begin" : 1181,  "end" : 1183 }, 
        {"sofa" : 12,  "begin" : 1184,  "end" : 1186 }, 
        {"sofa" : 12,  "begin" : 1186,  "end" : 1187 } ], 
      "Persuasive_Labels" : [
        {"sofa" : 12,  "begin" : 350,  "end" : 466,  "EmotionalAppeals" : "emotional appeals" }, 
        {"sofa" : 12,  "begin" : 350,  "end" : 466,  "EmotionalAppeals" : "anxiety" }, 
        {"sofa" : 12,  "begin" : 522,  "end" : 580,  "EmotionalAppeals" : "emotional appeals" }, 
        {"sofa" : 12,  "begin" : 522,  "end" : 580,  "EmotionalAppeals" : "fear" }, 
        {"sofa" : 12,  "begin" : 581,  "end" : 600,  "EstablishingLegitimacy" : "legitimate persuasive techniques: rhetorical question" }, 
        {"sofa" : 12,  "begin" : 581,  "end" : 600,  "DistinctiveLinguisticFeatures" : "distinctive linguistic features" }, 
        {"sofa" : 12,  "begin" : 679,  "end" : 781,  "InappropriateUseofScientificEvidence" : "Inappropriate Use of Scientific and Other Evidence - out of context_verified" }, 
        {"sofa" : 12,  "begin" : 679,  "end" : 781,  "EstablishingLegitimacy" : "Establishing Legitimacy" }, 
        {"sofa" : 12,  "begin" : 819,  "end" : 859,  "DistinctiveLinguisticFeatures" : "uppercase words" }, 
        {"sofa" : 12,  "begin" : 819,  "end" : 859,  "DistinctiveLinguisticFeatures" : "distinctive linguistic features" }, 
        {"sofa" : 12,  "begin" : 921,  "end" : 924,  "DistinctiveLinguisticFeatures" : "ellipses, exaggerated/excessive usage of punctuation marks" }, 
        {"sofa" : 12,  "begin" : 921,  "end" : 924,  "DistinctiveLinguisticFeatures" : "distinctive linguistic features" }, 
        {"sofa" : 12,  "begin" : 1040,  "end" : 1051,  "DistinctiveLinguisticFeatures" : "distinctive linguistic features" }, 
        {"sofa" : 12,  "begin" : 1040,  "end" : 1051,  "DistinctiveLinguisticFeatures" : "uppercase words" }, 
        {"sofa" : 12,  "begin" : 1129,  "end" : 1157,  "EmotionalAppeals" : "emotional appeals" }, 
        {"sofa" : 12,  "begin" : 1129,  "end" : 1157,  "EmotionalAppeals" : "fear" } ] } }, 
  "_referenced_fss" : {
    "12" : {"_type" : "Sofa",  "sofaNum" : 1,  "sofaID" : "_InitialView",  "mimeType" : "text",  "sofaString" : "﻿snes-03413 If you use a real Christmas tree, you run the risk of bringing Lyme disease-transmitting ticks into your home. \r\nSource: https://www.facebook.com/622230391135807/photos/a.622233434468836/1625200890838747/ \r\nFact checking: https://www.snopes.com/fact-check/christmas-tree-probably-not-full-lyme-disease-bearing-ticks/ \r\nActual content - \r\nPlease be careful and wary of people giving ideas and suggestions on how to get rid of ticks off of Christmas trees. Shaking doesn't work, watering them down doesn't work. Be careful and know you are taking chances and risks here. What are the odds ? Who knows.  Ticks hide and crawl fast. A nymph tick is the size of a 'dot'. \r\nIf one female tick lays eggs under the bark of a tree, that tree will be infested with over 2000 eggs. Which then hatch. Keep that in mind. ALL TICKS CAN CARRY AND TRANSMIT DISEASE\r\n[Image] Text: If you bring a Christmas tree home to decorate... it may be full of ticks of all ages and tick eggs. One female tick can lay thousands of eggs. Be careful. There is NO GOOD WAY to remove ticks and eggs from trees. Other than soaking them thoroughly with toxic chemical insecticides. Not something you want to do. \r\n" } } }