{"_context" : {
    "_types" : {
      "DocumentMetaData" : {
        "_feature_types" : {"sofa" : "_ref" } }, 
      "Persuasive_Labels" : {
        "_feature_types" : {"sofa" : "_ref" } }, 
      "Sentence" : {
        "_feature_types" : {"sofa" : "_ref" } }, 
      "Sofa" : {
        "_feature_types" : {"sofaArray" : "_ref" } }, 
      "TagsetDescription" : {
        "_feature_types" : {"sofa" : "_ref",  "tags" : "_ref" } }, 
      "Token" : {
        "_feature_types" : {"sofa" : "_ref",  "parent" : "_ref",  "lemma" : "_ref",  "stem" : "_ref",  "pos" : "_ref",  "morph" : "_ref",  "form" : "_ref" } }, 
      "DocumentAnnotation" : {
        "_feature_types" : {"sofa" : "_ref" }, 
        "_subtypes" : ["DocumentMetaData" ] }, 
      "Annotation" : {
        "_feature_types" : {"sofa" : "_ref" }, 
        "_subtypes" : ["DocumentAnnotation",  "Persuasive_Labels",  "Sentence",  "TagsetDescription",  "Token" ] }, 
      "AnnotationBase" : {
        "_feature_types" : {"sofa" : "_ref" }, 
        "_subtypes" : ["Annotation" ] }, 
      "TOP" : {
        "_subtypes" : ["AnnotationBase",  "Sofa" ] } } }, 
  "_views" : {
    "_InitialView" : {
      "DocumentMetaData" : [
        {"sofa" : 12,  "end" : 4502,  "language" : "x-unspecified",  "documentTitle" : "138.%20tron-01806%20The%20Dangers%20of%20String%20or%20Hair%20on%20Baby%20Toes%20.txt",  "documentId" : "admin",  "documentUri" : "file:/C:/Users/huiyi/.webanno/repository/project/4/document/289/source/admin",  "collectionId" : "file:/C:/Users/huiyi/.webanno/repository/project/4/document/289/source/",  "documentBaseUri" : "file:/C:/Users/huiyi/.webanno/repository/project/4/document/289/source/",  "isLastSegment" : false } ], 
      "TagsetDescription" : [
        {"sofa" : 12,  "layer" : "de.tudarmstadt.ukp.dkpro.core.api.syntax.type.dependency.Dependency",  "name" : "UD Universal Dependencies (v2)",  "input" : false }, 
        {"sofa" : 12,  "layer" : "de.tudarmstadt.ukp.dkpro.core.api.ner.type.NamedEntity",  "name" : "Named Entity tags",  "input" : false }, 
        {"sofa" : 12,  "layer" : "de.tudarmstadt.ukp.dkpro.core.api.transform.type.SofaChangeAnnotation",  "name" : "Operation",  "input" : false }, 
        {"sofa" : 12,  "layer" : "de.tudarmstadt.ukp.dkpro.core.api.lexmorph.type.pos.POS",  "name" : "UD Universal POS tags (v2)",  "input" : false }, 
        {"sofa" : 12,  "layer" : "webanno.custom.Persuasive_Labels",  "name" : "2. Using Anecdotes and Personal Experience as Evidence",  "input" : false } ], 
      "Sentence" : [
        {"sofa" : 12,  "end" : 355 }, 
        {"sofa" : 12,  "begin" : 357,  "end" : 525 }, 
        {"sofa" : 12,  "begin" : 527,  "end" : 655 }, 
        {"sofa" : 12,  "begin" : 657,  "end" : 800 }, 
        {"sofa" : 12,  "begin" : 802,  "end" : 952 }, 
        {"sofa" : 12,  "begin" : 954,  "end" : 1027 }, 
        {"sofa" : 12,  "begin" : 1028,  "end" : 1098 }, 
        {"sofa" : 12,  "begin" : 1100,  "end" : 1304 }, 
        {"sofa" : 12,  "begin" : 1306,  "end" : 1403 }, 
        {"sofa" : 12,  "begin" : 1404,  "end" : 1624 }, 
        {"sofa" : 12,  "begin" : 1626,  "end" : 1811 }, 
        {"sofa" : 12,  "begin" : 1812,  "end" : 1950 }, 
        {"sofa" : 12,  "begin" : 1952,  "end" : 2100 }, 
        {"sofa" : 12,  "begin" : 2102,  "end" : 2264 }, 
        {"sofa" : 12,  "begin" : 2266,  "end" : 2376 }, 
        {"sofa" : 12,  "begin" : 2377,  "end" : 2449 }, 
        {"sofa" : 12,  "begin" : 2451,  "end" : 2636 }, 
        {"sofa" : 12,  "begin" : 2638,  "end" : 2770 }, 
        {"sofa" : 12,  "begin" : 2772,  "end" : 2867 }, 
        {"sofa" : 12,  "begin" : 2868,  "end" : 2990 }, 
        {"sofa" : 12,  "begin" : 2992,  "end" : 3185 }, 
        {"sofa" : 12,  "begin" : 3186,  "end" : 3325 }, 
        {"sofa" : 12,  "begin" : 3327,  "end" : 3413 }, 
        {"sofa" : 12,  "begin" : 3414,  "end" : 3525 }, 
        {"sofa" : 12,  "begin" : 3526,  "end" : 3650 }, 
        {"sofa" : 12,  "begin" : 3652,  "end" : 3772 }, 
        {"sofa" : 12,  "begin" : 3774,  "end" : 3964 }, 
        {"sofa" : 12,  "begin" : 3966,  "end" : 4094 }, 
        {"sofa" : 12,  "begin" : 4095,  "end" : 4205 }, 
        {"sofa" : 12,  "begin" : 4207,  "end" : 4362 }, 
        {"sofa" : 12,  "begin" : 4364,  "end" : 4498 } ], 
      "Token" : [
        {"sofa" : 12,  "end" : 5 }, 
        {"sofa" : 12,  "begin" : 5,  "end" : 6 }, 
        {"sofa" : 12,  "begin" : 6,  "end" : 11 }, 
        {"sofa" : 12,  "begin" : 12,  "end" : 15 }, 
        {"sofa" : 12,  "begin" : 16,  "end" : 23 }, 
        {"sofa" : 12,  "begin" : 24,  "end" : 26 }, 
        {"sofa" : 12,  "begin" : 27,  "end" : 33 }, 
        {"sofa" : 12,  "begin" : 34,  "end" : 36 }, 
        {"sofa" : 12,  "begin" : 37,  "end" : 41 }, 
        {"sofa" : 12,  "begin" : 42,  "end" : 44 }, 
        {"sofa" : 12,  "begin" : 45,  "end" : 49 }, 
        {"sofa" : 12,  "begin" : 50,  "end" : 54 }, 
        {"sofa" : 12,  "begin" : 57,  "end" : 63 }, 
        {"sofa" : 12,  "begin" : 64,  "end" : 69 }, 
        {"sofa" : 12,  "begin" : 69,  "end" : 70 }, 
        {"sofa" : 12,  "begin" : 70,  "end" : 71 }, 
        {"sofa" : 12,  "begin" : 71,  "end" : 72 }, 
        {"sofa" : 12,  "begin" : 72,  "end" : 82 }, 
        {"sofa" : 12,  "begin" : 82,  "end" : 83 }, 
        {"sofa" : 12,  "begin" : 83,  "end" : 87 }, 
        {"sofa" : 12,  "begin" : 87,  "end" : 88 }, 
        {"sofa" : 12,  "begin" : 88,  "end" : 90 }, 
        {"sofa" : 12,  "begin" : 90,  "end" : 91 }, 
        {"sofa" : 12,  "begin" : 91,  "end" : 93 }, 
        {"sofa" : 12,  "begin" : 93,  "end" : 94 }, 
        {"sofa" : 12,  "begin" : 94,  "end" : 153 }, 
        {"sofa" : 12,  "begin" : 153,  "end" : 154 }, 
        {"sofa" : 12,  "begin" : 157,  "end" : 161 }, 
        {"sofa" : 12,  "begin" : 162,  "end" : 170 }, 
        {"sofa" : 12,  "begin" : 171,  "end" : 176 }, 
        {"sofa" : 12,  "begin" : 176,  "end" : 177 }, 
        {"sofa" : 12,  "begin" : 177,  "end" : 178 }, 
        {"sofa" : 12,  "begin" : 178,  "end" : 179 }, 
        {"sofa" : 12,  "begin" : 179,  "end" : 201 }, 
        {"sofa" : 12,  "begin" : 201,  "end" : 202 }, 
        {"sofa" : 12,  "begin" : 202,  "end" : 244 }, 
        {"sofa" : 12,  "begin" : 244,  "end" : 245 }, 
        {"sofa" : 12,  "begin" : 246,  "end" : 252 }, 
        {"sofa" : 12,  "begin" : 253,  "end" : 260 }, 
        {"sofa" : 12,  "begin" : 260,  "end" : 261 }, 
        {"sofa" : 12,  "begin" : 264,  "end" : 271 }, 
        {"sofa" : 12,  "begin" : 272,  "end" : 278 }, 
        {"sofa" : 12,  "begin" : 279,  "end" : 281 }, 
        {"sofa" : 12,  "begin" : 282,  "end" : 290 }, 
        {"sofa" : 12,  "begin" : 291,  "end" : 299 }, 
        {"sofa" : 12,  "begin" : 300,  "end" : 304 }, 
        {"sofa" : 12,  "begin" : 305,  "end" : 309 }, 
        {"sofa" : 12,  "begin" : 310,  "end" : 313 }, 
        {"sofa" : 12,  "begin" : 314,  "end" : 320 }, 
        {"sofa" : 12,  "begin" : 320,  "end" : 321 }, 
        {"sofa" : 12,  "begin" : 322,  "end" : 333 }, 
        {"sofa" : 12,  "begin" : 335,  "end" : 339 }, 
        {"sofa" : 12,  "begin" : 340,  "end" : 342 }, 
        {"sofa" : 12,  "begin" : 343,  "end" : 354 }, 
        {"sofa" : 12,  "begin" : 354,  "end" : 355 }, 
        {"sofa" : 12,  "begin" : 357,  "end" : 358 }, 
        {"sofa" : 12,  "begin" : 359,  "end" : 367 }, 
        {"sofa" : 12,  "begin" : 368,  "end" : 371 }, 
        {"sofa" : 12,  "begin" : 372,  "end" : 374 }, 
        {"sofa" : 12,  "begin" : 375,  "end" : 382 }, 
        {"sofa" : 12,  "begin" : 383,  "end" : 386 }, 
        {"sofa" : 12,  "begin" : 387,  "end" : 394 }, 
        {"sofa" : 12,  "begin" : 395,  "end" : 397 }, 
        {"sofa" : 12,  "begin" : 398,  "end" : 400 }, 
        {"sofa" : 12,  "begin" : 401,  "end" : 409 }, 
        {"sofa" : 12,  "begin" : 410,  "end" : 415 }, 
        {"sofa" : 12,  "begin" : 416,  "end" : 417 }, 
        {"sofa" : 12,  "begin" : 418,  "end" : 424 }, 
        {"sofa" : 12,  "begin" : 425,  "end" : 427 }, 
        {"sofa" : 12,  "begin" : 428,  "end" : 432 }, 
        {"sofa" : 12,  "begin" : 433,  "end" : 440 }, 
        {"sofa" : 12,  "begin" : 441,  "end" : 447 }, 
        {"sofa" : 12,  "begin" : 448,  "end" : 451 }, 
        {"sofa" : 12,  "begin" : 452,  "end" : 453 }, 
        {"sofa" : 12,  "begin" : 453,  "end" : 454 }, 
        {"sofa" : 12,  "begin" : 454,  "end" : 465 }, 
        {"sofa" : 12,  "begin" : 466,  "end" : 469 }, 
        {"sofa" : 12,  "begin" : 470,  "end" : 475 }, 
        {"sofa" : 12,  "begin" : 476,  "end" : 478 }, 
        {"sofa" : 12,  "begin" : 479,  "end" : 480 }, 
        {"sofa" : 12,  "begin" : 481,  "end" : 491 }, 
        {"sofa" : 12,  "begin" : 492,  "end" : 495 }, 
        {"sofa" : 12,  "begin" : 496,  "end" : 499 }, 
        {"sofa" : 12,  "begin" : 500,  "end" : 503 }, 
        {"sofa" : 12,  "begin" : 504,  "end" : 515 }, 
        {"sofa" : 12,  "begin" : 516,  "end" : 519 }, 
        {"sofa" : 12,  "begin" : 520,  "end" : 524 }, 
        {"sofa" : 12,  "begin" : 524,  "end" : 525 }, 
        {"sofa" : 12,  "begin" : 527,  "end" : 531 }, 
        {"sofa" : 12,  "begin" : 532,  "end" : 536 }, 
        {"sofa" : 12,  "begin" : 536,  "end" : 537 }, 
        {"sofa" : 12,  "begin" : 538,  "end" : 540 }, 
        {"sofa" : 12,  "begin" : 540,  "end" : 541 }, 
        {"sofa" : 12,  "begin" : 542,  "end" : 546 }, 
        {"sofa" : 12,  "begin" : 547,  "end" : 552 }, 
        {"sofa" : 12,  "begin" : 553,  "end" : 557 }, 
        {"sofa" : 12,  "begin" : 558,  "end" : 562 }, 
        {"sofa" : 12,  "begin" : 563,  "end" : 570 }, 
        {"sofa" : 12,  "begin" : 571,  "end" : 575 }, 
        {"sofa" : 12,  "begin" : 576,  "end" : 580 }, 
        {"sofa" : 12,  "begin" : 581,  "end" : 586 }, 
        {"sofa" : 12,  "begin" : 587,  "end" : 592 }, 
        {"sofa" : 12,  "begin" : 593,  "end" : 597 }, 
        {"sofa" : 12,  "begin" : 598,  "end" : 602 }, 
        {"sofa" : 12,  "begin" : 603,  "end" : 606 }, 
        {"sofa" : 12,  "begin" : 607,  "end" : 613 }, 
        {"sofa" : 12,  "begin" : 614,  "end" : 619 }, 
        {"sofa" : 12,  "begin" : 620,  "end" : 625 }, 
        {"sofa" : 12,  "begin" : 626,  "end" : 629 }, 
        {"sofa" : 12,  "begin" : 630,  "end" : 638 }, 
        {"sofa" : 12,  "begin" : 639,  "end" : 643 }, 
        {"sofa" : 12,  "begin" : 644,  "end" : 648 }, 
        {"sofa" : 12,  "begin" : 649,  "end" : 654 }, 
        {"sofa" : 12,  "begin" : 654,  "end" : 655 }, 
        {"sofa" : 12,  "begin" : 657,  "end" : 661 }, 
        {"sofa" : 12,  "begin" : 662,  "end" : 666 }, 
        {"sofa" : 12,  "begin" : 667,  "end" : 670 }, 
        {"sofa" : 12,  "begin" : 671,  "end" : 676 }, 
        {"sofa" : 12,  "begin" : 677,  "end" : 684 }, 
        {"sofa" : 12,  "begin" : 685,  "end" : 686 }, 
        {"sofa" : 12,  "begin" : 687,  "end" : 691 }, 
        {"sofa" : 12,  "begin" : 692,  "end" : 697 }, 
        {"sofa" : 12,  "begin" : 698,  "end" : 704 }, 
        {"sofa" : 12,  "begin" : 705,  "end" : 708 }, 
        {"sofa" : 12,  "begin" : 709,  "end" : 715 }, 
        {"sofa" : 12,  "begin" : 716,  "end" : 719 }, 
        {"sofa" : 12,  "begin" : 720,  "end" : 722 }, 
        {"sofa" : 12,  "begin" : 723,  "end" : 726 }, 
        {"sofa" : 12,  "begin" : 727,  "end" : 732 }, 
        {"sofa" : 12,  "begin" : 733,  "end" : 738 }, 
        {"sofa" : 12,  "begin" : 739,  "end" : 743 }, 
        {"sofa" : 12,  "begin" : 744,  "end" : 748 }, 
        {"sofa" : 12,  "begin" : 749,  "end" : 752 }, 
        {"sofa" : 12,  "begin" : 753,  "end" : 761 }, 
        {"sofa" : 12,  "begin" : 762,  "end" : 769 }, 
        {"sofa" : 12,  "begin" : 770,  "end" : 773 }, 
        {"sofa" : 12,  "begin" : 774,  "end" : 775 }, 
        {"sofa" : 12,  "begin" : 775,  "end" : 781 }, 
        {"sofa" : 12,  "begin" : 782,  "end" : 787 }, 
        {"sofa" : 12,  "begin" : 788,  "end" : 792 }, 
        {"sofa" : 12,  "begin" : 793,  "end" : 795 }, 
        {"sofa" : 12,  "begin" : 796,  "end" : 798 }, 
        {"sofa" : 12,  "begin" : 798,  "end" : 799 }, 
        {"sofa" : 12,  "begin" : 799,  "end" : 800 }, 
        {"sofa" : 12,  "begin" : 802,  "end" : 803 }, 
        {"sofa" : 12,  "begin" : 803,  "end" : 805 }, 
        {"sofa" : 12,  "begin" : 806,  "end" : 812 }, 
        {"sofa" : 12,  "begin" : 813,  "end" : 820 }, 
        {"sofa" : 12,  "begin" : 821,  "end" : 829 }, 
        {"sofa" : 12,  "begin" : 830,  "end" : 832 }, 
        {"sofa" : 12,  "begin" : 833,  "end" : 837 }, 
        {"sofa" : 12,  "begin" : 838,  "end" : 843 }, 
        {"sofa" : 12,  "begin" : 844,  "end" : 847 }, 
        {"sofa" : 12,  "begin" : 848,  "end" : 850 }, 
        {"sofa" : 12,  "begin" : 851,  "end" : 858 }, 
        {"sofa" : 12,  "begin" : 859,  "end" : 864 }, 
        {"sofa" : 12,  "begin" : 865,  "end" : 867 }, 
        {"sofa" : 12,  "begin" : 868,  "end" : 871 }, 
        {"sofa" : 12,  "begin" : 872,  "end" : 876 }, 
        {"sofa" : 12,  "begin" : 877,  "end" : 880 }, 
        {"sofa" : 12,  "begin" : 881,  "end" : 882 }, 
        {"sofa" : 12,  "begin" : 883,  "end" : 889 }, 
        {"sofa" : 12,  "begin" : 890,  "end" : 893 }, 
        {"sofa" : 12,  "begin" : 894,  "end" : 903 }, 
        {"sofa" : 12,  "begin" : 904,  "end" : 906 }, 
        {"sofa" : 12,  "begin" : 907,  "end" : 916 }, 
        {"sofa" : 12,  "begin" : 916,  "end" : 917 }, 
        {"sofa" : 12,  "begin" : 917,  "end" : 918 }, 
        {"sofa" : 12,  "begin" : 919,  "end" : 922 }, 
        {"sofa" : 12,  "begin" : 923,  "end" : 926 }, 
        {"sofa" : 12,  "begin" : 927,  "end" : 935 }, 
        {"sofa" : 12,  "begin" : 936,  "end" : 938 }, 
        {"sofa" : 12,  "begin" : 939,  "end" : 941 }, 
        {"sofa" : 12,  "begin" : 942,  "end" : 951 }, 
        {"sofa" : 12,  "begin" : 951,  "end" : 952 }, 
        {"sofa" : 12,  "begin" : 954,  "end" : 961 }, 
        {"sofa" : 12,  "begin" : 961,  "end" : 962 }, 
        {"sofa" : 12,  "begin" : 963,  "end" : 965 }, 
        {"sofa" : 12,  "begin" : 966,  "end" : 972 }, 
        {"sofa" : 12,  "begin" : 972,  "end" : 973 }, 
        {"sofa" : 12,  "begin" : 974,  "end" : 981 }, 
        {"sofa" : 12,  "begin" : 982,  "end" : 985 }, 
        {"sofa" : 12,  "begin" : 986,  "end" : 989 }, 
        {"sofa" : 12,  "begin" : 990,  "end" : 995 }, 
        {"sofa" : 12,  "begin" : 996,  "end" : 1004 }, 
        {"sofa" : 12,  "begin" : 1005,  "end" : 1008 }, 
        {"sofa" : 12,  "begin" : 1009,  "end" : 1012 }, 
        {"sofa" : 12,  "begin" : 1013,  "end" : 1019 }, 
        {"sofa" : 12,  "begin" : 1020,  "end" : 1026 }, 
        {"sofa" : 12,  "begin" : 1026,  "end" : 1027 }, 
        {"sofa" : 12,  "begin" : 1028,  "end" : 1032 }, 
        {"sofa" : 12,  "begin" : 1033,  "end" : 1036 }, 
        {"sofa" : 12,  "begin" : 1037,  "end" : 1040 }, 
        {"sofa" : 12,  "begin" : 1041,  "end" : 1048 }, 
        {"sofa" : 12,  "begin" : 1049,  "end" : 1055 }, 
        {"sofa" : 12,  "begin" : 1056,  "end" : 1058 }, 
        {"sofa" : 12,  "begin" : 1059,  "end" : 1062 }, 
        {"sofa" : 12,  "begin" : 1063,  "end" : 1075 }, 
        {"sofa" : 12,  "begin" : 1076,  "end" : 1078 }, 
        {"sofa" : 12,  "begin" : 1079,  "end" : 1082 }, 
        {"sofa" : 12,  "begin" : 1083,  "end" : 1087 }, 
        {"sofa" : 12,  "begin" : 1088,  "end" : 1091 }, 
        {"sofa" : 12,  "begin" : 1092,  "end" : 1097 }, 
        {"sofa" : 12,  "begin" : 1097,  "end" : 1098 }, 
        {"sofa" : 12,  "begin" : 1100,  "end" : 1103 }, 
        {"sofa" : 12,  "begin" : 1104,  "end" : 1109 }, 
        {"sofa" : 12,  "begin" : 1110,  "end" : 1114 }, 
        {"sofa" : 12,  "begin" : 1115,  "end" : 1119 }, 
        {"sofa" : 12,  "begin" : 1120,  "end" : 1122 }, 
        {"sofa" : 12,  "begin" : 1123,  "end" : 1126 }, 
        {"sofa" : 12,  "begin" : 1127,  "end" : 1131 }, 
        {"sofa" : 12,  "begin" : 1132,  "end" : 1142 }, 
        {"sofa" : 12,  "begin" : 1143,  "end" : 1151 }, 
        {"sofa" : 12,  "begin" : 1151,  "end" : 1152 }, 
        {"sofa" : 12,  "begin" : 1153,  "end" : 1154 }, 
        {"sofa" : 12,  "begin" : 1154,  "end" : 1155 }, 
        {"sofa" : 12,  "begin" : 1156,  "end" : 1160 }, 
        {"sofa" : 12,  "begin" : 1161,  "end" : 1169 }, 
        {"sofa" : 12,  "begin" : 1170,  "end" : 1180 }, 
        {"sofa" : 12,  "begin" : 1181,  "end" : 1185 }, 
        {"sofa" : 12,  "begin" : 1186,  "end" : 1194 }, 
        {"sofa" : 12,  "begin" : 1195,  "end" : 1199 }, 
        {"sofa" : 12,  "begin" : 1199,  "end" : 1200 }, 
        {"sofa" : 12,  "begin" : 1201,  "end" : 1207 }, 
        {"sofa" : 12,  "begin" : 1207,  "end" : 1208 }, 
        {"sofa" : 12,  "begin" : 1209,  "end" : 1211 }, 
        {"sofa" : 12,  "begin" : 1212,  "end" : 1219 }, 
        {"sofa" : 12,  "begin" : 1220,  "end" : 1228 }, 
        {"sofa" : 12,  "begin" : 1229,  "end" : 1237 }, 
        {"sofa" : 12,  "begin" : 1238,  "end" : 1240 }, 
        {"sofa" : 12,  "begin" : 1241,  "end" : 1248 }, 
        {"sofa" : 12,  "begin" : 1249,  "end" : 1256 }, 
        {"sofa" : 12,  "begin" : 1257,  "end" : 1263 }, 
        {"sofa" : 12,  "begin" : 1264,  "end" : 1266 }, 
        {"sofa" : 12,  "begin" : 1267,  "end" : 1276 }, 
        {"sofa" : 12,  "begin" : 1277,  "end" : 1281 }, 
        {"sofa" : 12,  "begin" : 1282,  "end" : 1284 }, 
        {"sofa" : 12,  "begin" : 1285,  "end" : 1292 }, 
        {"sofa" : 12,  "begin" : 1293,  "end" : 1295 }, 
        {"sofa" : 12,  "begin" : 1296,  "end" : 1302 }, 
        {"sofa" : 12,  "begin" : 1302,  "end" : 1303 }, 
        {"sofa" : 12,  "begin" : 1303,  "end" : 1304 }, 
        {"sofa" : 12,  "begin" : 1306,  "end" : 1310 }, 
        {"sofa" : 12,  "begin" : 1311,  "end" : 1315 }, 
        {"sofa" : 12,  "begin" : 1316,  "end" : 1322 }, 
        {"sofa" : 12,  "begin" : 1323,  "end" : 1327 }, 
        {"sofa" : 12,  "begin" : 1328,  "end" : 1336 }, 
        {"sofa" : 12,  "begin" : 1337,  "end" : 1342 }, 
        {"sofa" : 12,  "begin" : 1343,  "end" : 1345 }, 
        {"sofa" : 12,  "begin" : 1346,  "end" : 1349 }, 
        {"sofa" : 12,  "begin" : 1350,  "end" : 1355 }, 
        {"sofa" : 12,  "begin" : 1356,  "end" : 1359 }, 
        {"sofa" : 12,  "begin" : 1360,  "end" : 1365 }, 
        {"sofa" : 12,  "begin" : 1366,  "end" : 1367 }, 
        {"sofa" : 12,  "begin" : 1368,  "end" : 1374 }, 
        {"sofa" : 12,  "begin" : 1375,  "end" : 1377 }, 
        {"sofa" : 12,  "begin" : 1378,  "end" : 1382 }, 
        {"sofa" : 12,  "begin" : 1383,  "end" : 1386 }, 
        {"sofa" : 12,  "begin" : 1387,  "end" : 1390 }, 
        {"sofa" : 12,  "begin" : 1391,  "end" : 1402 }, 
        {"sofa" : 12,  "begin" : 1402,  "end" : 1403 }, 
        {"sofa" : 12,  "begin" : 1404,  "end" : 1407 }, 
        {"sofa" : 12,  "begin" : 1408,  "end" : 1411 }, 
        {"sofa" : 12,  "begin" : 1412,  "end" : 1414 }, 
        {"sofa" : 12,  "begin" : 1415,  "end" : 1422 }, 
        {"sofa" : 12,  "begin" : 1423,  "end" : 1425 }, 
        {"sofa" : 12,  "begin" : 1426,  "end" : 1429 }, 
        {"sofa" : 12,  "begin" : 1430,  "end" : 1437 }, 
        {"sofa" : 12,  "begin" : 1438,  "end" : 1440 }, 
        {"sofa" : 12,  "begin" : 1441,  "end" : 1445 }, 
        {"sofa" : 12,  "begin" : 1446,  "end" : 1456 }, 
        {"sofa" : 12,  "begin" : 1457,  "end" : 1473 }, 
        {"sofa" : 12,  "begin" : 1474,  "end" : 1478 }, 
        {"sofa" : 12,  "begin" : 1479,  "end" : 1482 }, 
        {"sofa" : 12,  "begin" : 1483,  "end" : 1488 }, 
        {"sofa" : 12,  "begin" : 1490,  "end" : 1493 }, 
        {"sofa" : 12,  "begin" : 1494,  "end" : 1500 }, 
        {"sofa" : 12,  "begin" : 1501,  "end" : 1503 }, 
        {"sofa" : 12,  "begin" : 1504,  "end" : 1508 }, 
        {"sofa" : 12,  "begin" : 1509,  "end" : 1513 }, 
        {"sofa" : 12,  "begin" : 1514,  "end" : 1517 }, 
        {"sofa" : 12,  "begin" : 1518,  "end" : 1525 }, 
        {"sofa" : 12,  "begin" : 1526,  "end" : 1532 }, 
        {"sofa" : 12,  "begin" : 1533,  "end" : 1540 }, 
        {"sofa" : 12,  "begin" : 1541,  "end" : 1544 }, 
        {"sofa" : 12,  "begin" : 1545,  "end" : 1548 }, 
        {"sofa" : 12,  "begin" : 1549,  "end" : 1551 }, 
        {"sofa" : 12,  "begin" : 1552,  "end" : 1556 }, 
        {"sofa" : 12,  "begin" : 1557,  "end" : 1561 }, 
        {"sofa" : 12,  "begin" : 1562,  "end" : 1569 }, 
        {"sofa" : 12,  "begin" : 1570,  "end" : 1574 }, 
        {"sofa" : 12,  "begin" : 1575,  "end" : 1582 }, 
        {"sofa" : 12,  "begin" : 1583,  "end" : 1587 }, 
        {"sofa" : 12,  "begin" : 1588,  "end" : 1593 }, 
        {"sofa" : 12,  "begin" : 1594,  "end" : 1597 }, 
        {"sofa" : 12,  "begin" : 1598,  "end" : 1604 }, 
        {"sofa" : 12,  "begin" : 1605,  "end" : 1607 }, 
        {"sofa" : 12,  "begin" : 1608,  "end" : 1615 }, 
        {"sofa" : 12,  "begin" : 1616,  "end" : 1623 }, 
        {"sofa" : 12,  "begin" : 1623,  "end" : 1624 }, 
        {"sofa" : 12,  "begin" : 1626,  "end" : 1627 }, 
        {"sofa" : 12,  "begin" : 1627,  "end" : 1631 }, 
        {"sofa" : 12,  "begin" : 1632,  "end" : 1637 }, 
        {"sofa" : 12,  "begin" : 1638,  "end" : 1639 }, 
        {"sofa" : 12,  "begin" : 1640,  "end" : 1644 }, 
        {"sofa" : 12,  "begin" : 1645,  "end" : 1647 }, 
        {"sofa" : 12,  "begin" : 1648,  "end" : 1655 }, 
        {"sofa" : 12,  "begin" : 1656,  "end" : 1658 }, 
        {"sofa" : 12,  "begin" : 1659,  "end" : 1661 }, 
        {"sofa" : 12,  "begin" : 1662,  "end" : 1668 }, 
        {"sofa" : 12,  "begin" : 1669,  "end" : 1671 }, 
        {"sofa" : 12,  "begin" : 1672,  "end" : 1675 }, 
        {"sofa" : 12,  "begin" : 1676,  "end" : 1679 }, 
        {"sofa" : 12,  "begin" : 1680,  "end" : 1684 }, 
        {"sofa" : 12,  "begin" : 1685,  "end" : 1688 }, 
        {"sofa" : 12,  "begin" : 1689,  "end" : 1693 }, 
        {"sofa" : 12,  "begin" : 1694,  "end" : 1697 }, 
        {"sofa" : 12,  "begin" : 1698,  "end" : 1701 }, 
        {"sofa" : 12,  "begin" : 1702,  "end" : 1707 }, 
        {"sofa" : 12,  "begin" : 1708,  "end" : 1717 }, 
        {"sofa" : 12,  "begin" : 1718,  "end" : 1723 }, 
        {"sofa" : 12,  "begin" : 1724,  "end" : 1728 }, 
        {"sofa" : 12,  "begin" : 1729,  "end" : 1733 }, 
        {"sofa" : 12,  "begin" : 1734,  "end" : 1738 }, 
        {"sofa" : 12,  "begin" : 1739,  "end" : 1744 }, 
        {"sofa" : 12,  "begin" : 1745,  "end" : 1746 }, 
        {"sofa" : 12,  "begin" : 1747,  "end" : 1755 }, 
        {"sofa" : 12,  "begin" : 1755,  "end" : 1756 }, 
        {"sofa" : 12,  "begin" : 1757,  "end" : 1767 }, 
        {"sofa" : 12,  "begin" : 1768,  "end" : 1775 }, 
        {"sofa" : 12,  "begin" : 1776,  "end" : 1779 }, 
        {"sofa" : 12,  "begin" : 1780,  "end" : 1787 }, 
        {"sofa" : 12,  "begin" : 1788,  "end" : 1794 }, 
        {"sofa" : 12,  "begin" : 1794,  "end" : 1795 }, 
        {"sofa" : 12,  "begin" : 1795,  "end" : 1796 }, 
        {"sofa" : 12,  "begin" : 1797,  "end" : 1801 }, 
        {"sofa" : 12,  "begin" : 1802,  "end" : 1810 }, 
        {"sofa" : 12,  "begin" : 1810,  "end" : 1811 }, 
        {"sofa" : 12,  "begin" : 1812,  "end" : 1813 }, 
        {"sofa" : 12,  "begin" : 1813,  "end" : 1816 }, 
        {"sofa" : 12,  "begin" : 1817,  "end" : 1820 }, 
        {"sofa" : 12,  "begin" : 1821,  "end" : 1824 }, 
        {"sofa" : 12,  "begin" : 1825,  "end" : 1829 }, 
        {"sofa" : 12,  "begin" : 1830,  "end" : 1837 }, 
        {"sofa" : 12,  "begin" : 1838,  "end" : 1841 }, 
        {"sofa" : 12,  "begin" : 1842,  "end" : 1844 }, 
        {"sofa" : 12,  "begin" : 1845,  "end" : 1848 }, 
        {"sofa" : 12,  "begin" : 1849,  "end" : 1851 }, 
        {"sofa" : 12,  "begin" : 1852,  "end" : 1854 }, 
        {"sofa" : 12,  "begin" : 1855,  "end" : 1858 }, 
        {"sofa" : 12,  "begin" : 1859,  "end" : 1865 }, 
        {"sofa" : 12,  "begin" : 1866,  "end" : 1869 }, 
        {"sofa" : 12,  "begin" : 1870,  "end" : 1877 }, 
        {"sofa" : 12,  "begin" : 1878,  "end" : 1881 }, 
        {"sofa" : 12,  "begin" : 1882,  "end" : 1890 }, 
        {"sofa" : 12,  "begin" : 1891,  "end" : 1895 }, 
        {"sofa" : 12,  "begin" : 1896,  "end" : 1901 }, 
        {"sofa" : 12,  "begin" : 1902,  "end" : 1904 }, 
        {"sofa" : 12,  "begin" : 1905,  "end" : 1909 }, 
        {"sofa" : 12,  "begin" : 1910,  "end" : 1914 }, 
        {"sofa" : 12,  "begin" : 1915,  "end" : 1921 }, 
        {"sofa" : 12,  "begin" : 1922,  "end" : 1924 }, 
        {"sofa" : 12,  "begin" : 1925,  "end" : 1928 }, 
        {"sofa" : 12,  "begin" : 1929,  "end" : 1930 }, 
        {"sofa" : 12,  "begin" : 1931,  "end" : 1937 }, 
        {"sofa" : 12,  "begin" : 1938,  "end" : 1942 }, 
        {"sofa" : 12,  "begin" : 1943,  "end" : 1945 }, 
        {"sofa" : 12,  "begin" : 1946,  "end" : 1948 }, 
        {"sofa" : 12,  "begin" : 1948,  "end" : 1949 }, 
        {"sofa" : 12,  "begin" : 1949,  "end" : 1950 }, 
        {"sofa" : 12,  "begin" : 1952,  "end" : 1955 }, 
        {"sofa" : 12,  "begin" : 1956,  "end" : 1963 }, 
        {"sofa" : 12,  "begin" : 1964,  "end" : 1967 }, 
        {"sofa" : 12,  "begin" : 1968,  "end" : 1977 }, 
        {"sofa" : 12,  "begin" : 1977,  "end" : 1978 }, 
        {"sofa" : 12,  "begin" : 1979,  "end" : 1980 }, 
        {"sofa" : 12,  "begin" : 1980,  "end" : 1984 }, 
        {"sofa" : 12,  "begin" : 1985,  "end" : 1990 }, 
        {"sofa" : 12,  "begin" : 1991,  "end" : 1995 }, 
        {"sofa" : 12,  "begin" : 1996,  "end" : 2003 }, 
        {"sofa" : 12,  "begin" : 2004,  "end" : 2009 }, 
        {"sofa" : 12,  "begin" : 2010,  "end" : 2012 }, 
        {"sofa" : 12,  "begin" : 2013,  "end" : 2016 }, 
        {"sofa" : 12,  "begin" : 2017,  "end" : 2020 }, 
        {"sofa" : 12,  "begin" : 2021,  "end" : 2026 }, 
        {"sofa" : 12,  "begin" : 2027,  "end" : 2031 }, 
        {"sofa" : 12,  "begin" : 2032,  "end" : 2035 }, 
        {"sofa" : 12,  "begin" : 2036,  "end" : 2040 }, 
        {"sofa" : 12,  "begin" : 2041,  "end" : 2047 }, 
        {"sofa" : 12,  "begin" : 2048,  "end" : 2051 }, 
        {"sofa" : 12,  "begin" : 2052,  "end" : 2056 }, 
        {"sofa" : 12,  "begin" : 2057,  "end" : 2064 }, 
        {"sofa" : 12,  "begin" : 2065,  "end" : 2070 }, 
        {"sofa" : 12,  "begin" : 2071,  "end" : 2073 }, 
        {"sofa" : 12,  "begin" : 2074,  "end" : 2077 }, 
        {"sofa" : 12,  "begin" : 2078,  "end" : 2084 }, 
        {"sofa" : 12,  "begin" : 2085,  "end" : 2089 }, 
        {"sofa" : 12,  "begin" : 2090,  "end" : 2098 }, 
        {"sofa" : 12,  "begin" : 2098,  "end" : 2099 }, 
        {"sofa" : 12,  "begin" : 2099,  "end" : 2100 }, 
        {"sofa" : 12,  "begin" : 2102,  "end" : 2109 }, 
        {"sofa" : 12,  "begin" : 2110,  "end" : 2117 }, 
        {"sofa" : 12,  "begin" : 2118,  "end" : 2120 }, 
        {"sofa" : 12,  "begin" : 2121,  "end" : 2125 }, 
        {"sofa" : 12,  "begin" : 2126,  "end" : 2131 }, 
        {"sofa" : 12,  "begin" : 2132,  "end" : 2134 }, 
        {"sofa" : 12,  "begin" : 2135,  "end" : 2138 }, 
        {"sofa" : 12,  "begin" : 2139,  "end" : 2147 }, 
        {"sofa" : 12,  "begin" : 2148,  "end" : 2157 }, 
        {"sofa" : 12,  "begin" : 2158,  "end" : 2160 }, 
        {"sofa" : 12,  "begin" : 2161,  "end" : 2168 }, 
        {"sofa" : 12,  "begin" : 2169,  "end" : 2172 }, 
        {"sofa" : 12,  "begin" : 2173,  "end" : 2176 }, 
        {"sofa" : 12,  "begin" : 2177,  "end" : 2180 }, 
        {"sofa" : 12,  "begin" : 2181,  "end" : 2185 }, 
        {"sofa" : 12,  "begin" : 2186,  "end" : 2190 }, 
        {"sofa" : 12,  "begin" : 2191,  "end" : 2194 }, 
        {"sofa" : 12,  "begin" : 2195,  "end" : 2199 }, 
        {"sofa" : 12,  "begin" : 2200,  "end" : 2203 }, 
        {"sofa" : 12,  "begin" : 2204,  "end" : 2208 }, 
        {"sofa" : 12,  "begin" : 2209,  "end" : 2217 }, 
        {"sofa" : 12,  "begin" : 2218,  "end" : 2225 }, 
        {"sofa" : 12,  "begin" : 2226,  "end" : 2229 }, 
        {"sofa" : 12,  "begin" : 2230,  "end" : 2234 }, 
        {"sofa" : 12,  "begin" : 2235,  "end" : 2238 }, 
        {"sofa" : 12,  "begin" : 2239,  "end" : 2250 }, 
        {"sofa" : 12,  "begin" : 2251,  "end" : 2254 }, 
        {"sofa" : 12,  "begin" : 2255,  "end" : 2263 }, 
        {"sofa" : 12,  "begin" : 2263,  "end" : 2264 }, 
        {"sofa" : 12,  "begin" : 2266,  "end" : 2269 }, 
        {"sofa" : 12,  "begin" : 2270,  "end" : 2279 }, 
        {"sofa" : 12,  "begin" : 2280,  "end" : 2283 }, 
        {"sofa" : 12,  "begin" : 2283,  "end" : 2284 }, 
        {"sofa" : 12,  "begin" : 2285,  "end" : 2289 }, 
        {"sofa" : 12,  "begin" : 2290,  "end" : 2293 }, 
        {"sofa" : 12,  "begin" : 2294,  "end" : 2297 }, 
        {"sofa" : 12,  "begin" : 2298,  "end" : 2305 }, 
        {"sofa" : 12,  "begin" : 2306,  "end" : 2310 }, 
        {"sofa" : 12,  "begin" : 2311,  "end" : 2319 }, 
        {"sofa" : 12,  "begin" : 2320,  "end" : 2324 }, 
        {"sofa" : 12,  "begin" : 2325,  "end" : 2328 }, 
        {"sofa" : 12,  "begin" : 2329,  "end" : 2334 }, 
        {"sofa" : 12,  "begin" : 2335,  "end" : 2338 }, 
        {"sofa" : 12,  "begin" : 2339,  "end" : 2342 }, 
        {"sofa" : 12,  "begin" : 2343,  "end" : 2351 }, 
        {"sofa" : 12,  "begin" : 2352,  "end" : 2354 }, 
        {"sofa" : 12,  "begin" : 2355,  "end" : 2356 }, 
        {"sofa" : 12,  "begin" : 2357,  "end" : 2364 }, 
        {"sofa" : 12,  "begin" : 2365,  "end" : 2369 }, 
        {"sofa" : 12,  "begin" : 2370,  "end" : 2375 }, 
        {"sofa" : 12,  "begin" : 2375,  "end" : 2376 }, 
        {"sofa" : 12,  "begin" : 2377,  "end" : 2381 }, 
        {"sofa" : 12,  "begin" : 2382,  "end" : 2386 }, 
        {"sofa" : 12,  "begin" : 2387,  "end" : 2391 }, 
        {"sofa" : 12,  "begin" : 2392,  "end" : 2394 }, 
        {"sofa" : 12,  "begin" : 2395,  "end" : 2397 }, 
        {"sofa" : 12,  "begin" : 2398,  "end" : 2408 }, 
        {"sofa" : 12,  "begin" : 2409,  "end" : 2416 }, 
        {"sofa" : 12,  "begin" : 2417,  "end" : 2422 }, 
        {"sofa" : 12,  "begin" : 2423,  "end" : 2429 }, 
        {"sofa" : 12,  "begin" : 2430,  "end" : 2432 }, 
        {"sofa" : 12,  "begin" : 2433,  "end" : 2440 }, 
        {"sofa" : 12,  "begin" : 2441,  "end" : 2448 }, 
        {"sofa" : 12,  "begin" : 2448,  "end" : 2449 }, 
        {"sofa" : 12,  "begin" : 2451,  "end" : 2458 }, 
        {"sofa" : 12,  "begin" : 2458,  "end" : 2459 }, 
        {"sofa" : 12,  "begin" : 2460,  "end" : 2463 }, 
        {"sofa" : 12,  "begin" : 2464,  "end" : 2467 }, 
        {"sofa" : 12,  "begin" : 2468,  "end" : 2473 }, 
        {"sofa" : 12,  "begin" : 2474,  "end" : 2483 }, 
        {"sofa" : 12,  "begin" : 2484,  "end" : 2491 }, 
        {"sofa" : 12,  "begin" : 2492,  "end" : 2495 }, 
        {"sofa" : 12,  "begin" : 2496,  "end" : 2506 }, 
        {"sofa" : 12,  "begin" : 2507,  "end" : 2509 }, 
        {"sofa" : 12,  "begin" : 2510,  "end" : 2515 }, 
        {"sofa" : 12,  "begin" : 2516,  "end" : 2525 }, 
        {"sofa" : 12,  "begin" : 2526,  "end" : 2531 }, 
        {"sofa" : 12,  "begin" : 2532,  "end" : 2535 }, 
        {"sofa" : 12,  "begin" : 2536,  "end" : 2543 }, 
        {"sofa" : 12,  "begin" : 2544,  "end" : 2546 }, 
        {"sofa" : 12,  "begin" : 2547,  "end" : 2551 }, 
        {"sofa" : 12,  "begin" : 2552,  "end" : 2562 }, 
        {"sofa" : 12,  "begin" : 2563,  "end" : 2571 }, 
        {"sofa" : 12,  "begin" : 2571,  "end" : 2572 }, 
        {"sofa" : 12,  "begin" : 2573,  "end" : 2575 }, 
        {"sofa" : 12,  "begin" : 2576,  "end" : 2581 }, 
        {"sofa" : 12,  "begin" : 2582,  "end" : 2586 }, 
        {"sofa" : 12,  "begin" : 2587,  "end" : 2590 }, 
        {"sofa" : 12,  "begin" : 2591,  "end" : 2595 }, 
        {"sofa" : 12,  "begin" : 2596,  "end" : 2601 }, 
        {"sofa" : 12,  "begin" : 2602,  "end" : 2606 }, 
        {"sofa" : 12,  "begin" : 2607,  "end" : 2609 }, 
        {"sofa" : 12,  "begin" : 2610,  "end" : 2612 }, 
        {"sofa" : 12,  "begin" : 2613,  "end" : 2620 }, 
        {"sofa" : 12,  "begin" : 2621,  "end" : 2624 }, 
        {"sofa" : 12,  "begin" : 2625,  "end" : 2629 }, 
        {"sofa" : 12,  "begin" : 2630,  "end" : 2635 }, 
        {"sofa" : 12,  "begin" : 2635,  "end" : 2636 }, 
        {"sofa" : 12,  "begin" : 2638,  "end" : 2648 }, 
        {"sofa" : 12,  "begin" : 2649,  "end" : 2654 }, 
        {"sofa" : 12,  "begin" : 2655,  "end" : 2658 }, 
        {"sofa" : 12,  "begin" : 2659,  "end" : 2669 }, 
        {"sofa" : 12,  "begin" : 2670,  "end" : 2674 }, 
        {"sofa" : 12,  "begin" : 2675,  "end" : 2681 }, 
        {"sofa" : 12,  "begin" : 2682,  "end" : 2688 }, 
        {"sofa" : 12,  "begin" : 2689,  "end" : 2696 }, 
        {"sofa" : 12,  "begin" : 2697,  "end" : 2705 }, 
        {"sofa" : 12,  "begin" : 2706,  "end" : 2712 }, 
        {"sofa" : 12,  "begin" : 2713,  "end" : 2714 }, 
        {"sofa" : 12,  "begin" : 2715,  "end" : 2722 }, 
        {"sofa" : 12,  "begin" : 2723,  "end" : 2728 }, 
        {"sofa" : 12,  "begin" : 2729,  "end" : 2733 }, 
        {"sofa" : 12,  "begin" : 2734,  "end" : 2741 }, 
        {"sofa" : 12,  "begin" : 2742,  "end" : 2745 }, 
        {"sofa" : 12,  "begin" : 2746,  "end" : 2748 }, 
        {"sofa" : 12,  "begin" : 2749,  "end" : 2751 }, 
        {"sofa" : 12,  "begin" : 2752,  "end" : 2759 }, 
        {"sofa" : 12,  "begin" : 2760,  "end" : 2763 }, 
        {"sofa" : 12,  "begin" : 2764,  "end" : 2769 }, 
        {"sofa" : 12,  "begin" : 2769,  "end" : 2770 }, 
        {"sofa" : 12,  "begin" : 2772,  "end" : 2773 }, 
        {"sofa" : 12,  "begin" : 2773,  "end" : 2774 }, 
        {"sofa" : 12,  "begin" : 2775,  "end" : 2780 }, 
        {"sofa" : 12,  "begin" : 2781,  "end" : 2785 }, 
        {"sofa" : 12,  "begin" : 2786,  "end" : 2791 }, 
        {"sofa" : 12,  "begin" : 2792,  "end" : 2794 }, 
        {"sofa" : 12,  "begin" : 2795,  "end" : 2797 }, 
        {"sofa" : 12,  "begin" : 2798,  "end" : 2799 }, 
        {"sofa" : 12,  "begin" : 2800,  "end" : 2805 }, 
        {"sofa" : 12,  "begin" : 2806,  "end" : 2807 }, 
        {"sofa" : 12,  "begin" : 2807,  "end" : 2816 }, 
        {"sofa" : 12,  "begin" : 2816,  "end" : 2817 }, 
        {"sofa" : 12,  "begin" : 2818,  "end" : 2820 }, 
        {"sofa" : 12,  "begin" : 2821,  "end" : 2825 }, 
        {"sofa" : 12,  "begin" : 2826,  "end" : 2830 }, 
        {"sofa" : 12,  "begin" : 2831,  "end" : 2835 }, 
        {"sofa" : 12,  "begin" : 2836,  "end" : 2840 }, 
        {"sofa" : 12,  "begin" : 2841,  "end" : 2847 }, 
        {"sofa" : 12,  "begin" : 2848,  "end" : 2854 }, 
        {"sofa" : 12,  "begin" : 2854,  "end" : 2855 }, 
        {"sofa" : 12,  "begin" : 2855,  "end" : 2856 }, 
        {"sofa" : 12,  "begin" : 2857,  "end" : 2860 }, 
        {"sofa" : 12,  "begin" : 2861,  "end" : 2866 }, 
        {"sofa" : 12,  "begin" : 2866,  "end" : 2867 }, 
        {"sofa" : 12,  "begin" : 2868,  "end" : 2869 }, 
        {"sofa" : 12,  "begin" : 2869,  "end" : 2876 }, 
        {"sofa" : 12,  "begin" : 2877,  "end" : 2881 }, 
        {"sofa" : 12,  "begin" : 2881,  "end" : 2882 }, 
        {"sofa" : 12,  "begin" : 2883,  "end" : 2886 }, 
        {"sofa" : 12,  "begin" : 2887,  "end" : 2891 }, 
        {"sofa" : 12,  "begin" : 2892,  "end" : 2897 }, 
        {"sofa" : 12,  "begin" : 2898,  "end" : 2903 }, 
        {"sofa" : 12,  "begin" : 2904,  "end" : 2909 }, 
        {"sofa" : 12,  "begin" : 2910,  "end" : 2917 }, 
        {"sofa" : 12,  "begin" : 2918,  "end" : 2921 }, 
        {"sofa" : 12,  "begin" : 2922,  "end" : 2926 }, 
        {"sofa" : 12,  "begin" : 2926,  "end" : 2927 }, 
        {"sofa" : 12,  "begin" : 2928,  "end" : 2932 }, 
        {"sofa" : 12,  "begin" : 2933,  "end" : 2939 }, 
        {"sofa" : 12,  "begin" : 2940,  "end" : 2941 }, 
        {"sofa" : 12,  "begin" : 2942,  "end" : 2947 }, 
        {"sofa" : 12,  "begin" : 2948,  "end" : 2952 }, 
        {"sofa" : 12,  "begin" : 2953,  "end" : 2955 }, 
        {"sofa" : 12,  "begin" : 2956,  "end" : 2961 }, 
        {"sofa" : 12,  "begin" : 2962,  "end" : 2970 }, 
        {"sofa" : 12,  "begin" : 2971,  "end" : 2972 }, 
        {"sofa" : 12,  "begin" : 2972,  "end" : 2975 }, 
        {"sofa" : 12,  "begin" : 2975,  "end" : 2976 }, 
        {"sofa" : 12,  "begin" : 2977,  "end" : 2981 }, 
        {"sofa" : 12,  "begin" : 2982,  "end" : 2987 }, 
        {"sofa" : 12,  "begin" : 2987,  "end" : 2988 }, 
        {"sofa" : 12,  "begin" : 2988,  "end" : 2989 }, 
        {"sofa" : 12,  "begin" : 2989,  "end" : 2990 }, 
        {"sofa" : 12,  "begin" : 2992,  "end" : 2993 }, 
        {"sofa" : 12,  "begin" : 2993,  "end" : 2997 }, 
        {"sofa" : 12,  "begin" : 2998,  "end" : 3003 }, 
        {"sofa" : 12,  "begin" : 3004,  "end" : 3007 }, 
        {"sofa" : 12,  "begin" : 3008,  "end" : 3012 }, 
        {"sofa" : 12,  "begin" : 3012,  "end" : 3013 }, 
        {"sofa" : 12,  "begin" : 3014,  "end" : 3018 }, 
        {"sofa" : 12,  "begin" : 3019,  "end" : 3023 }, 
        {"sofa" : 12,  "begin" : 3024,  "end" : 3026 }, 
        {"sofa" : 12,  "begin" : 3027,  "end" : 3029 }, 
        {"sofa" : 12,  "begin" : 3030,  "end" : 3037 }, 
        {"sofa" : 12,  "begin" : 3038,  "end" : 3049 }, 
        {"sofa" : 12,  "begin" : 3049,  "end" : 3050 }, 
        {"sofa" : 12,  "begin" : 3050,  "end" : 3051 }, 
        {"sofa" : 12,  "begin" : 3052,  "end" : 3055 }, 
        {"sofa" : 12,  "begin" : 3056,  "end" : 3061 }, 
        {"sofa" : 12,  "begin" : 3061,  "end" : 3062 }, 
        {"sofa" : 12,  "begin" : 3063,  "end" : 3073 }, 
        {"sofa" : 12,  "begin" : 3074,  "end" : 3076 }, 
        {"sofa" : 12,  "begin" : 3077,  "end" : 3080 }, 
        {"sofa" : 12,  "begin" : 3081,  "end" : 3088 }, 
        {"sofa" : 12,  "begin" : 3089,  "end" : 3093 }, 
        {"sofa" : 12,  "begin" : 3094,  "end" : 3101 }, 
        {"sofa" : 12,  "begin" : 3102,  "end" : 3105 }, 
        {"sofa" : 12,  "begin" : 3106,  "end" : 3109 }, 
        {"sofa" : 12,  "begin" : 3110,  "end" : 3114 }, 
        {"sofa" : 12,  "begin" : 3115,  "end" : 3122 }, 
        {"sofa" : 12,  "begin" : 3123,  "end" : 3128 }, 
        {"sofa" : 12,  "begin" : 3129,  "end" : 3133 }, 
        {"sofa" : 12,  "begin" : 3134,  "end" : 3136 }, 
        {"sofa" : 12,  "begin" : 3137,  "end" : 3141 }, 
        {"sofa" : 12,  "begin" : 3142,  "end" : 3144 }, 
        {"sofa" : 12,  "begin" : 3145,  "end" : 3149 }, 
        {"sofa" : 12,  "begin" : 3150,  "end" : 3158 }, 
        {"sofa" : 12,  "begin" : 3159,  "end" : 3161 }, 
        {"sofa" : 12,  "begin" : 3162,  "end" : 3169 }, 
        {"sofa" : 12,  "begin" : 3170,  "end" : 3173 }, 
        {"sofa" : 12,  "begin" : 3174,  "end" : 3184 }, 
        {"sofa" : 12,  "begin" : 3184,  "end" : 3185 }, 
        {"sofa" : 12,  "begin" : 3186,  "end" : 3187 }, 
        {"sofa" : 12,  "begin" : 3187,  "end" : 3189 }, 
        {"sofa" : 12,  "begin" : 3190,  "end" : 3193 }, 
        {"sofa" : 12,  "begin" : 3194,  "end" : 3198 }, 
        {"sofa" : 12,  "begin" : 3199,  "end" : 3201 }, 
        {"sofa" : 12,  "begin" : 3202,  "end" : 3210 }, 
        {"sofa" : 12,  "begin" : 3211,  "end" : 3217 }, 
        {"sofa" : 12,  "begin" : 3218,  "end" : 3222 }, 
        {"sofa" : 12,  "begin" : 3223,  "end" : 3226 }, 
        {"sofa" : 12,  "begin" : 3227,  "end" : 3236 }, 
        {"sofa" : 12,  "begin" : 3236,  "end" : 3237 }, 
        {"sofa" : 12,  "begin" : 3238,  "end" : 3241 }, 
        {"sofa" : 12,  "begin" : 3242,  "end" : 3248 }, 
        {"sofa" : 12,  "begin" : 3249,  "end" : 3251 }, 
        {"sofa" : 12,  "begin" : 3252,  "end" : 3254 }, 
        {"sofa" : 12,  "begin" : 3255,  "end" : 3262 }, 
        {"sofa" : 12,  "begin" : 3263,  "end" : 3265 }, 
        {"sofa" : 12,  "begin" : 3266,  "end" : 3269 }, 
        {"sofa" : 12,  "begin" : 3270,  "end" : 3277 }, 
        {"sofa" : 12,  "begin" : 3278,  "end" : 3280 }, 
        {"sofa" : 12,  "begin" : 3281,  "end" : 3285 }, 
        {"sofa" : 12,  "begin" : 3285,  "end" : 3286 }, 
        {"sofa" : 12,  "begin" : 3287,  "end" : 3293 }, 
        {"sofa" : 12,  "begin" : 3294,  "end" : 3298 }, 
        {"sofa" : 12,  "begin" : 3299,  "end" : 3303 }, 
        {"sofa" : 12,  "begin" : 3304,  "end" : 3306 }, 
        {"sofa" : 12,  "begin" : 3307,  "end" : 3310 }, 
        {"sofa" : 12,  "begin" : 3311,  "end" : 3319 }, 
        {"sofa" : 12,  "begin" : 3320,  "end" : 3324 }, 
        {"sofa" : 12,  "begin" : 3324,  "end" : 3325 }, 
        {"sofa" : 12,  "begin" : 3327,  "end" : 3328 }, 
        {"sofa" : 12,  "begin" : 3328,  "end" : 3329 }, 
        {"sofa" : 12,  "begin" : 3330,  "end" : 3333 }, 
        {"sofa" : 12,  "begin" : 3334,  "end" : 3336 }, 
        {"sofa" : 12,  "begin" : 3337,  "end" : 3343 }, 
        {"sofa" : 12,  "begin" : 3344,  "end" : 3349 }, 
        {"sofa" : 12,  "begin" : 3350,  "end" : 3351 }, 
        {"sofa" : 12,  "begin" : 3351,  "end" : 3355 }, 
        {"sofa" : 12,  "begin" : 3356,  "end" : 3360 }, 
        {"sofa" : 12,  "begin" : 3361,  "end" : 3362 }, 
        {"sofa" : 12,  "begin" : 3363,  "end" : 3368 }, 
        {"sofa" : 12,  "begin" : 3369,  "end" : 3371 }, 
        {"sofa" : 12,  "begin" : 3372,  "end" : 3376 }, 
        {"sofa" : 12,  "begin" : 3376,  "end" : 3377 }, 
        {"sofa" : 12,  "begin" : 3378,  "end" : 3381 }, 
        {"sofa" : 12,  "begin" : 3382,  "end" : 3385 }, 
        {"sofa" : 12,  "begin" : 3386,  "end" : 3389 }, 
        {"sofa" : 12,  "begin" : 3390,  "end" : 3393 }, 
        {"sofa" : 12,  "begin" : 3394,  "end" : 3397 }, 
        {"sofa" : 12,  "begin" : 3398,  "end" : 3400 }, 
        {"sofa" : 12,  "begin" : 3401,  "end" : 3404 }, 
        {"sofa" : 12,  "begin" : 3405,  "end" : 3408 }, 
        {"sofa" : 12,  "begin" : 3409,  "end" : 3411 }, 
        {"sofa" : 12,  "begin" : 3411,  "end" : 3412 }, 
        {"sofa" : 12,  "begin" : 3412,  "end" : 3413 }, 
        {"sofa" : 12,  "begin" : 3414,  "end" : 3417 }, 
        {"sofa" : 12,  "begin" : 3418,  "end" : 3422 }, 
        {"sofa" : 12,  "begin" : 3423,  "end" : 3429 }, 
        {"sofa" : 12,  "begin" : 3430,  "end" : 3439 }, 
        {"sofa" : 12,  "begin" : 3440,  "end" : 3444 }, 
        {"sofa" : 12,  "begin" : 3445,  "end" : 3448 }, 
        {"sofa" : 12,  "begin" : 3449,  "end" : 3457 }, 
        {"sofa" : 12,  "begin" : 3458,  "end" : 3461 }, 
        {"sofa" : 12,  "begin" : 3462,  "end" : 3465 }, 
        {"sofa" : 12,  "begin" : 3466,  "end" : 3470 }, 
        {"sofa" : 12,  "begin" : 3471,  "end" : 3477 }, 
        {"sofa" : 12,  "begin" : 3478,  "end" : 3480 }, 
        {"sofa" : 12,  "begin" : 3481,  "end" : 3485 }, 
        {"sofa" : 12,  "begin" : 3486,  "end" : 3488 }, 
        {"sofa" : 12,  "begin" : 3489,  "end" : 3493 }, 
        {"sofa" : 12,  "begin" : 3494,  "end" : 3498 }, 
        {"sofa" : 12,  "begin" : 3499,  "end" : 3502 }, 
        {"sofa" : 12,  "begin" : 3503,  "end" : 3507 }, 
        {"sofa" : 12,  "begin" : 3507,  "end" : 3508 }, 
        {"sofa" : 12,  "begin" : 3508,  "end" : 3509 }, 
        {"sofa" : 12,  "begin" : 3510,  "end" : 3514 }, 
        {"sofa" : 12,  "begin" : 3515,  "end" : 3524 }, 
        {"sofa" : 12,  "begin" : 3524,  "end" : 3525 }, 
        {"sofa" : 12,  "begin" : 3526,  "end" : 3527 }, 
        {"sofa" : 12,  "begin" : 3527,  "end" : 3530 }, 
        {"sofa" : 12,  "begin" : 3531,  "end" : 3534 }, 
        {"sofa" : 12,  "begin" : 3535,  "end" : 3541 }, 
        {"sofa" : 12,  "begin" : 3542,  "end" : 3550 }, 
        {"sofa" : 12,  "begin" : 3551,  "end" : 3554 }, 
        {"sofa" : 12,  "begin" : 3555,  "end" : 3559 }, 
        {"sofa" : 12,  "begin" : 3560,  "end" : 3563 }, 
        {"sofa" : 12,  "begin" : 3564,  "end" : 3571 }, 
        {"sofa" : 12,  "begin" : 3572,  "end" : 3575 }, 
        {"sofa" : 12,  "begin" : 3576,  "end" : 3579 }, 
        {"sofa" : 12,  "begin" : 3580,  "end" : 3586 }, 
        {"sofa" : 12,  "begin" : 3587,  "end" : 3591 }, 
        {"sofa" : 12,  "begin" : 3592,  "end" : 3596 }, 
        {"sofa" : 12,  "begin" : 3597,  "end" : 3600 }, 
        {"sofa" : 12,  "begin" : 3601,  "end" : 3604 }, 
        {"sofa" : 12,  "begin" : 3605,  "end" : 3611 }, 
        {"sofa" : 12,  "begin" : 3612,  "end" : 3615 }, 
        {"sofa" : 12,  "begin" : 3616,  "end" : 3621 }, 
        {"sofa" : 12,  "begin" : 3622,  "end" : 3629 }, 
        {"sofa" : 12,  "begin" : 3630,  "end" : 3637 }, 
        {"sofa" : 12,  "begin" : 3638,  "end" : 3644 }, 
        {"sofa" : 12,  "begin" : 3645,  "end" : 3649 }, 
        {"sofa" : 12,  "begin" : 3649,  "end" : 3650 }, 
        {"sofa" : 12,  "begin" : 3652,  "end" : 3655 }, 
        {"sofa" : 12,  "begin" : 3656,  "end" : 3664 }, 
        {"sofa" : 12,  "begin" : 3665,  "end" : 3669 }, 
        {"sofa" : 12,  "begin" : 3670,  "end" : 3675 }, 
        {"sofa" : 12,  "begin" : 3676,  "end" : 3680 }, 
        {"sofa" : 12,  "begin" : 3681,  "end" : 3687 }, 
        {"sofa" : 12,  "begin" : 3688,  "end" : 3691 }, 
        {"sofa" : 12,  "begin" : 3692,  "end" : 3699 }, 
        {"sofa" : 12,  "begin" : 3700,  "end" : 3709 }, 
        {"sofa" : 12,  "begin" : 3710,  "end" : 3714 }, 
        {"sofa" : 12,  "begin" : 3715,  "end" : 3716 }, 
        {"sofa" : 12,  "begin" : 3716,  "end" : 3735 }, 
        {"sofa" : 12,  "begin" : 3736,  "end" : 3742 }, 
        {"sofa" : 12,  "begin" : 3743,  "end" : 3745 }, 
        {"sofa" : 12,  "begin" : 3746,  "end" : 3749 }, 
        {"sofa" : 12,  "begin" : 3750,  "end" : 3758 }, 
        {"sofa" : 12,  "begin" : 3759,  "end" : 3761 }, 
        {"sofa" : 12,  "begin" : 3762,  "end" : 3771 }, 
        {"sofa" : 12,  "begin" : 3771,  "end" : 3772 }, 
        {"sofa" : 12,  "begin" : 3774,  "end" : 3775 }, 
        {"sofa" : 12,  "begin" : 3775,  "end" : 3780 }, 
        {"sofa" : 12,  "begin" : 3781,  "end" : 3785 }, 
        {"sofa" : 12,  "begin" : 3786,  "end" : 3797 }, 
        {"sofa" : 12,  "begin" : 3798,  "end" : 3801 }, 
        {"sofa" : 12,  "begin" : 3802,  "end" : 3806 }, 
        {"sofa" : 12,  "begin" : 3806,  "end" : 3807 }, 
        {"sofa" : 12,  "begin" : 3808,  "end" : 3812 }, 
        {"sofa" : 12,  "begin" : 3813,  "end" : 3820 }, 
        {"sofa" : 12,  "begin" : 3821,  "end" : 3826 }, 
        {"sofa" : 12,  "begin" : 3827,  "end" : 3838 }, 
        {"sofa" : 12,  "begin" : 3839,  "end" : 3842 }, 
        {"sofa" : 12,  "begin" : 3843,  "end" : 3852 }, 
        {"sofa" : 12,  "begin" : 3853,  "end" : 3855 }, 
        {"sofa" : 12,  "begin" : 3856,  "end" : 3863 }, 
        {"sofa" : 12,  "begin" : 3864,  "end" : 3873 }, 
        {"sofa" : 12,  "begin" : 3874,  "end" : 3880 }, 
        {"sofa" : 12,  "begin" : 3881,  "end" : 3883 }, 
        {"sofa" : 12,  "begin" : 3884,  "end" : 3887 }, 
        {"sofa" : 12,  "begin" : 3888,  "end" : 3892 }, 
        {"sofa" : 12,  "begin" : 3893,  "end" : 3897 }, 
        {"sofa" : 12,  "begin" : 3897,  "end" : 3898 }, 
        {"sofa" : 12,  "begin" : 3898,  "end" : 3899 }, 
        {"sofa" : 12,  "begin" : 3900,  "end" : 3903 }, 
        {"sofa" : 12,  "begin" : 3904,  "end" : 3913 }, 
        {"sofa" : 12,  "begin" : 3914,  "end" : 3920 }, 
        {"sofa" : 12,  "begin" : 3921,  "end" : 3926 }, 
        {"sofa" : 12,  "begin" : 3927,  "end" : 3934 }, 
        {"sofa" : 12,  "begin" : 3935,  "end" : 3936 }, 
        {"sofa" : 12,  "begin" : 3937,  "end" : 3945 }, 
        {"sofa" : 12,  "begin" : 3946,  "end" : 3952 }, 
        {"sofa" : 12,  "begin" : 3953,  "end" : 3958 }, 
        {"sofa" : 12,  "begin" : 3959,  "end" : 3963 }, 
        {"sofa" : 12,  "begin" : 3963,  "end" : 3964 }, 
        {"sofa" : 12,  "begin" : 3966,  "end" : 3967 }, 
        {"sofa" : 12,  "begin" : 3967,  "end" : 3974 }, 
        {"sofa" : 12,  "begin" : 3975,  "end" : 3979 }, 
        {"sofa" : 12,  "begin" : 3980,  "end" : 3988 }, 
        {"sofa" : 12,  "begin" : 3989,  "end" : 3993 }, 
        {"sofa" : 12,  "begin" : 3994,  "end" : 3996 }, 
        {"sofa" : 12,  "begin" : 3997,  "end" : 4004 }, 
        {"sofa" : 12,  "begin" : 4005,  "end" : 4008 }, 
        {"sofa" : 12,  "begin" : 4009,  "end" : 4017 }, 
        {"sofa" : 12,  "begin" : 4018,  "end" : 4021 }, 
        {"sofa" : 12,  "begin" : 4022,  "end" : 4024 }, 
        {"sofa" : 12,  "begin" : 4025,  "end" : 4030 }, 
        {"sofa" : 12,  "begin" : 4031,  "end" : 4040 }, 
        {"sofa" : 12,  "begin" : 4041,  "end" : 4043 }, 
        {"sofa" : 12,  "begin" : 4044,  "end" : 4048 }, 
        {"sofa" : 12,  "begin" : 4049,  "end" : 4051 }, 
        {"sofa" : 12,  "begin" : 4052,  "end" : 4056 }, 
        {"sofa" : 12,  "begin" : 4057,  "end" : 4059 }, 
        {"sofa" : 12,  "begin" : 4060,  "end" : 4065 }, 
        {"sofa" : 12,  "begin" : 4066,  "end" : 4068 }, 
        {"sofa" : 12,  "begin" : 4069,  "end" : 4072 }, 
        {"sofa" : 12,  "begin" : 4073,  "end" : 4078 }, 
        {"sofa" : 12,  "begin" : 4079,  "end" : 4083 }, 
        {"sofa" : 12,  "begin" : 4084,  "end" : 4088 }, 
        {"sofa" : 12,  "begin" : 4089,  "end" : 4093 }, 
        {"sofa" : 12,  "begin" : 4093,  "end" : 4094 }, 
        {"sofa" : 12,  "begin" : 4095,  "end" : 4102 }, 
        {"sofa" : 12,  "begin" : 4103,  "end" : 4106 }, 
        {"sofa" : 12,  "begin" : 4107,  "end" : 4110 }, 
        {"sofa" : 12,  "begin" : 4111,  "end" : 4115 }, 
        {"sofa" : 12,  "begin" : 4116,  "end" : 4120 }, 
        {"sofa" : 12,  "begin" : 4121,  "end" : 4122 }, 
        {"sofa" : 12,  "begin" : 4123,  "end" : 4129 }, 
        {"sofa" : 12,  "begin" : 4130,  "end" : 4133 }, 
        {"sofa" : 12,  "begin" : 4134,  "end" : 4137 }, 
        {"sofa" : 12,  "begin" : 4138,  "end" : 4142 }, 
        {"sofa" : 12,  "begin" : 4143,  "end" : 4145 }, 
        {"sofa" : 12,  "begin" : 4146,  "end" : 4150 }, 
        {"sofa" : 12,  "begin" : 4151,  "end" : 4158 }, 
        {"sofa" : 12,  "begin" : 4159,  "end" : 4162 }, 
        {"sofa" : 12,  "begin" : 4163,  "end" : 4165 }, 
        {"sofa" : 12,  "begin" : 4166,  "end" : 4171 }, 
        {"sofa" : 12,  "begin" : 4172,  "end" : 4182 }, 
        {"sofa" : 12,  "begin" : 4183,  "end" : 4193 }, 
        {"sofa" : 12,  "begin" : 4194,  "end" : 4198 }, 
        {"sofa" : 12,  "begin" : 4199,  "end" : 4203 }, 
        {"sofa" : 12,  "begin" : 4203,  "end" : 4204 }, 
        {"sofa" : 12,  "begin" : 4204,  "end" : 4205 }, 
        {"sofa" : 12,  "begin" : 4207,  "end" : 4210 }, 
        {"sofa" : 12,  "begin" : 4211,  "end" : 4215 }, 
        {"sofa" : 12,  "begin" : 4216,  "end" : 4224 }, 
        {"sofa" : 12,  "begin" : 4225,  "end" : 4234 }, 
        {"sofa" : 12,  "begin" : 4235,  "end" : 4237 }, 
        {"sofa" : 12,  "begin" : 4238,  "end" : 4243 }, 
        {"sofa" : 12,  "begin" : 4243,  "end" : 4244 }, 
        {"sofa" : 12,  "begin" : 4245,  "end" : 4249 }, 
        {"sofa" : 12,  "begin" : 4250,  "end" : 4258 }, 
        {"sofa" : 12,  "begin" : 4259,  "end" : 4263 }, 
        {"sofa" : 12,  "begin" : 4264,  "end" : 4272 }, 
        {"sofa" : 12,  "begin" : 4273,  "end" : 4275 }, 
        {"sofa" : 12,  "begin" : 4276,  "end" : 4279 }, 
        {"sofa" : 12,  "begin" : 4280,  "end" : 4288 }, 
        {"sofa" : 12,  "begin" : 4289,  "end" : 4296 }, 
        {"sofa" : 12,  "begin" : 4297,  "end" : 4299 }, 
        {"sofa" : 12,  "begin" : 4300,  "end" : 4305 }, 
        {"sofa" : 12,  "begin" : 4306,  "end" : 4311 }, 
        {"sofa" : 12,  "begin" : 4312,  "end" : 4316 }, 
        {"sofa" : 12,  "begin" : 4317,  "end" : 4320 }, 
        {"sofa" : 12,  "begin" : 4321,  "end" : 4325 }, 
        {"sofa" : 12,  "begin" : 4326,  "end" : 4333 }, 
        {"sofa" : 12,  "begin" : 4334,  "end" : 4336 }, 
        {"sofa" : 12,  "begin" : 4337,  "end" : 4341 }, 
        {"sofa" : 12,  "begin" : 4342,  "end" : 4352 }, 
        {"sofa" : 12,  "begin" : 4353,  "end" : 4361 }, 
        {"sofa" : 12,  "begin" : 4361,  "end" : 4362 }, 
        {"sofa" : 12,  "begin" : 4364,  "end" : 4365 }, 
        {"sofa" : 12,  "begin" : 4365,  "end" : 4367 }, 
        {"sofa" : 12,  "begin" : 4368,  "end" : 4372 }, 
        {"sofa" : 12,  "begin" : 4373,  "end" : 4374 }, 
        {"sofa" : 12,  "begin" : 4375,  "end" : 4380 }, 
        {"sofa" : 12,  "begin" : 4381,  "end" : 4384 }, 
        {"sofa" : 12,  "begin" : 4385,  "end" : 4388 }, 
        {"sofa" : 12,  "begin" : 4389,  "end" : 4392 }, 
        {"sofa" : 12,  "begin" : 4393,  "end" : 4396 }, 
        {"sofa" : 12,  "begin" : 4397,  "end" : 4403 }, 
        {"sofa" : 12,  "begin" : 4404,  "end" : 4406 }, 
        {"sofa" : 12,  "begin" : 4407,  "end" : 4410 }, 
        {"sofa" : 12,  "begin" : 4411,  "end" : 4415 }, 
        {"sofa" : 12,  "begin" : 4416,  "end" : 4420 }, 
        {"sofa" : 12,  "begin" : 4421,  "end" : 4428 }, 
        {"sofa" : 12,  "begin" : 4429,  "end" : 4435 }, 
        {"sofa" : 12,  "begin" : 4436,  "end" : 4439 }, 
        {"sofa" : 12,  "begin" : 4440,  "end" : 4446 }, 
        {"sofa" : 12,  "begin" : 4447,  "end" : 4452 }, 
        {"sofa" : 12,  "begin" : 4453,  "end" : 4460 }, 
        {"sofa" : 12,  "begin" : 4461,  "end" : 4464 }, 
        {"sofa" : 12,  "begin" : 4465,  "end" : 4469 }, 
        {"sofa" : 12,  "begin" : 4470,  "end" : 4473 }, 
        {"sofa" : 12,  "begin" : 4474,  "end" : 4480 }, 
        {"sofa" : 12,  "begin" : 4480,  "end" : 4481 }, 
        {"sofa" : 12,  "begin" : 4481,  "end" : 4482 }, 
        {"sofa" : 12,  "begin" : 4483,  "end" : 4486 }, 
        {"sofa" : 12,  "begin" : 4487,  "end" : 4491 }, 
        {"sofa" : 12,  "begin" : 4492,  "end" : 4497 }, 
        {"sofa" : 12,  "begin" : 4497,  "end" : 4498 } ], 
      "Persuasive_Labels" : [
        {"sofa" : 12,  "begin" : 357,  "end" : 655,  "FabricatingNarrativewithDetails" : "Narrative with details_details verified to be true" }, 
        {"sofa" : 12,  "begin" : 357,  "end" : 655,  "FabricatingNarrativewithDetails" : "Narrative with Details" }, 
        {"sofa" : 12,  "begin" : 1100,  "end" : 1119,  "EstablishingLegitimacy" : "Establishing Legitimacy" }, 
        {"sofa" : 12,  "begin" : 1100,  "end" : 1119,  "EstablishingLegitimacy" : "surface credibility markers - simply claiming authority or credibility" } ] } }, 
  "_referenced_fss" : {
    "12" : {"_type" : "Sofa",  "sofaNum" : 1,  "sofaID" : "_InitialView",  "mimeType" : "text",  "sofaString" : "﻿tron-01806 The Dangers of String or Hair on Baby Toes \r\nSource https://nypost.com/2022/02/07/parents-warned-of-syndrome-that-cuts-off-babies-circulation/ \r\nFact checking https://www.truthorfiction.com/the-dangers-of-string-or-hair-on-baby-toes/ Actual content: \r\nParents warned of shocking syndrome that cuts off babies' circulation\r\nThis is toe-curling.\r\nA Missouri mom is warning new parents to be vigilant after a strand of hair wrapped around her 5-month-old's toe acted as a tourniquet and cut off circulation for days.\r\nSara Ward, 33, told South West News Service that baby Logan could have lost the little piggy after the incident late last month.\r\nWard said she first noticed a line going across the middle toe of her son's right foot late one Saturday evening but \"didn't think much of it.\"\r\n\"It wasn't looking alarming at that point and we figured maybe it had just got a little bit irritated by something,\" the mom recalled in an interview.\r\nHowever, by Monday, Logan's toe was still swelling and had turned purple. Ward and her partner rushed to the pediatrician to see what was wrong.\r\nThe medic told them it was hair tourniquet syndrome: \"a rare clinical phenomenon that involves hair, thread, or similar material becoming so tightly wrapped around an appendage that it results in injury.\"\r\nSara Ward shared this shocking photo of her son's toe after a strand of hair cut off circulation. The mom is warning of the dangers of hair tourniquet syndrome.Kennedy News and Media\r\nThe strand of hair that was wrapped around Logan's toe was so thin that doctors were worried they could not remove it without surgery.\r\n\"They spent a good 40 minutes or so trying to get the hair and they had all these different tools that they were using - tweezers, magnifying goggles and special lights,\" Ward recalled. \"The toe was very painful for my son so he was crying and kicking and couldn't keep still as they were trying to get a better look at it.\"\r\nThe rattled mom continued: \"They tried hair removal cream to try and break down the hair pieces and some numbing cream to get deeper with tweezers.\"\r\nDoctors decided to keep Logan in the hospital overnight to monitor the toe and make sure the hair had been properly removed and that his circulation was restored.\r\nThe following day, Ward and her partner were relieved that the tot's toe had returned to a healthy pink color. They were able to be discharged without Logan having to undergo surgery.\r\nHowever, she and other perturbed parents are determined to raise awareness about the dangers of hair tourniquet syndrome, so other moms and dads don't have to go through the same drama.\r\nRegistered nurse and postpartum care expert Karrie Lochner recently shared a message about what parents can do to prevent the issue.\r\n\"I think it's great to do a quick 'once-over' on your baby with each diaper change,\" she wrote. \"Undress them, rub your thumb along their fingers and toes, also taking a close look at their genitals (yep, even girls!).\r\n\"When these are seen, they need to be removed immediately,\" she added, mentioning in her stories that parents can use hair removal cream such as Nair or nail scissors to release the tourniquet. \"If the hair is embedded deeply into the appendage, and unable to be removed by the parents at home, please take baby to the hospital ASAP.\r\n\"A lot of people think 'It's just a piece of hair, how can you not see it and get it?' but it's really difficult with the swelling and the skin starts to kind of form over the hair,\" Ward explained. \"Now I'm always checking his toes and fingers now and making sure that I'm not seeing any hairs getting wrapped around them.\r\nThe incident took place just before the popular parenting page @tinyheartseducation warned of the syndrome on Instagram.\r\n\"While hair tourniquets are rare, they require quick recognition and treatment to prevent long-term damage to the body part,\" the account's owners wrote beneath a shocking social media post.\r\n\"They're most commonly seen on infants and toddlers due to their inability to tell us what is going on and where they have pain. Infants who are less than 4 months old are most at risk because 90% of mamas experience postpartum hair loss.\"\r\nThe post garnered thousands of likes, with multiple moms flocking to the comments section to claim their kids had been victims of hair tourniquet syndrome.\r\n\"We have a furry cat and man the amount of fur that gets wrapped around our little one's fingers and toes are insane,\" one user wrote.\r\n\r\n" } } }