{"_context" : {
    "_types" : {
      "DocumentMetaData" : {
        "_feature_types" : {"sofa" : "_ref" } }, 
      "Persuasive_Labels" : {
        "_feature_types" : {"sofa" : "_ref" } }, 
      "Sentence" : {
        "_feature_types" : {"sofa" : "_ref" } }, 
      "Sofa" : {
        "_feature_types" : {"sofaArray" : "_ref" } }, 
      "TagsetDescription" : {
        "_feature_types" : {"sofa" : "_ref",  "tags" : "_ref" } }, 
      "Token" : {
        "_feature_types" : {"sofa" : "_ref",  "parent" : "_ref",  "lemma" : "_ref",  "stem" : "_ref",  "pos" : "_ref",  "morph" : "_ref",  "form" : "_ref" } }, 
      "DocumentAnnotation" : {
        "_feature_types" : {"sofa" : "_ref" }, 
        "_subtypes" : ["DocumentMetaData" ] }, 
      "Annotation" : {
        "_feature_types" : {"sofa" : "_ref" }, 
        "_subtypes" : ["DocumentAnnotation",  "Persuasive_Labels",  "Sentence",  "TagsetDescription",  "Token" ] }, 
      "AnnotationBase" : {
        "_feature_types" : {"sofa" : "_ref" }, 
        "_subtypes" : ["Annotation" ] }, 
      "TOP" : {
        "_subtypes" : ["AnnotationBase",  "Sofa" ] } } }, 
  "_views" : {
    "_InitialView" : {
      "DocumentMetaData" : [
        {"sofa" : 12,  "end" : 1775,  "language" : "x-unspecified",  "documentTitle" : "45.%20snes-00777%20The%20World%20Health%20Organization%20has%20declared%20that%20medical%20marijuana%20has%20no%20health%20risks.txt",  "documentId" : "admin",  "documentUri" : "file:/C:/Users/huiyi/.webanno/repository/project/4/document/214/source/admin",  "collectionId" : "file:/C:/Users/huiyi/.webanno/repository/project/4/document/214/source/",  "documentBaseUri" : "file:/C:/Users/huiyi/.webanno/repository/project/4/document/214/source/",  "isLastSegment" : false } ], 
      "TagsetDescription" : [
        {"sofa" : 12,  "layer" : "de.tudarmstadt.ukp.dkpro.core.api.syntax.type.dependency.Dependency",  "name" : "UD Universal Dependencies (v2)",  "input" : false }, 
        {"sofa" : 12,  "layer" : "de.tudarmstadt.ukp.dkpro.core.api.ner.type.NamedEntity",  "name" : "Named Entity tags",  "input" : false }, 
        {"sofa" : 12,  "layer" : "de.tudarmstadt.ukp.dkpro.core.api.transform.type.SofaChangeAnnotation",  "name" : "Operation",  "input" : false }, 
        {"sofa" : 12,  "layer" : "de.tudarmstadt.ukp.dkpro.core.api.lexmorph.type.pos.POS",  "name" : "UD Universal POS tags (v2)",  "input" : false }, 
        {"sofa" : 12,  "layer" : "webanno.custom.Persuasive_Labels",  "name" : "2. Using Anecdotes and Personal Experience as Evidence",  "input" : false } ], 
      "Sentence" : [
        {"sofa" : 12,  "end" : 98 }, 
        {"sofa" : 12,  "begin" : 100,  "end" : 515 }, 
        {"sofa" : 12,  "begin" : 517,  "end" : 698 }, 
        {"sofa" : 12,  "begin" : 700,  "end" : 867 }, 
        {"sofa" : 12,  "begin" : 869,  "end" : 1076 }, 
        {"sofa" : 12,  "begin" : 1078,  "end" : 1252 }, 
        {"sofa" : 12,  "begin" : 1254,  "end" : 1389 }, 
        {"sofa" : 12,  "begin" : 1391,  "end" : 1549 }, 
        {"sofa" : 12,  "begin" : 1551,  "end" : 1671 }, 
        {"sofa" : 12,  "begin" : 1673,  "end" : 1771 } ], 
      "Token" : [
        {"sofa" : 12,  "end" : 5 }, 
        {"sofa" : 12,  "begin" : 5,  "end" : 6 }, 
        {"sofa" : 12,  "begin" : 6,  "end" : 11 }, 
        {"sofa" : 12,  "begin" : 12,  "end" : 15 }, 
        {"sofa" : 12,  "begin" : 16,  "end" : 21 }, 
        {"sofa" : 12,  "begin" : 22,  "end" : 28 }, 
        {"sofa" : 12,  "begin" : 29,  "end" : 41 }, 
        {"sofa" : 12,  "begin" : 42,  "end" : 45 }, 
        {"sofa" : 12,  "begin" : 46,  "end" : 54 }, 
        {"sofa" : 12,  "begin" : 55,  "end" : 59 }, 
        {"sofa" : 12,  "begin" : 60,  "end" : 67 }, 
        {"sofa" : 12,  "begin" : 68,  "end" : 77 }, 
        {"sofa" : 12,  "begin" : 78,  "end" : 81 }, 
        {"sofa" : 12,  "begin" : 82,  "end" : 84 }, 
        {"sofa" : 12,  "begin" : 85,  "end" : 91 }, 
        {"sofa" : 12,  "begin" : 92,  "end" : 97 }, 
        {"sofa" : 12,  "begin" : 97,  "end" : 98 }, 
        {"sofa" : 12,  "begin" : 100,  "end" : 106 }, 
        {"sofa" : 12,  "begin" : 106,  "end" : 107 }, 
        {"sofa" : 12,  "begin" : 108,  "end" : 113 }, 
        {"sofa" : 12,  "begin" : 113,  "end" : 114 }, 
        {"sofa" : 12,  "begin" : 114,  "end" : 115 }, 
        {"sofa" : 12,  "begin" : 115,  "end" : 116 }, 
        {"sofa" : 12,  "begin" : 116,  "end" : 126 }, 
        {"sofa" : 12,  "begin" : 126,  "end" : 127 }, 
        {"sofa" : 12,  "begin" : 127,  "end" : 131 }, 
        {"sofa" : 12,  "begin" : 131,  "end" : 132 }, 
        {"sofa" : 12,  "begin" : 132,  "end" : 134 }, 
        {"sofa" : 12,  "begin" : 134,  "end" : 135 }, 
        {"sofa" : 12,  "begin" : 135,  "end" : 137 }, 
        {"sofa" : 12,  "begin" : 137,  "end" : 138 }, 
        {"sofa" : 12,  "begin" : 138,  "end" : 179 }, 
        {"sofa" : 12,  "begin" : 179,  "end" : 180 }, 
        {"sofa" : 12,  "begin" : 183,  "end" : 187 }, 
        {"sofa" : 12,  "begin" : 188,  "end" : 196 }, 
        {"sofa" : 12,  "begin" : 196,  "end" : 197 }, 
        {"sofa" : 12,  "begin" : 198,  "end" : 203 }, 
        {"sofa" : 12,  "begin" : 203,  "end" : 204 }, 
        {"sofa" : 12,  "begin" : 204,  "end" : 205 }, 
        {"sofa" : 12,  "begin" : 205,  "end" : 206 }, 
        {"sofa" : 12,  "begin" : 206,  "end" : 220 }, 
        {"sofa" : 12,  "begin" : 220,  "end" : 221 }, 
        {"sofa" : 12,  "begin" : 221,  "end" : 231 }, 
        {"sofa" : 12,  "begin" : 231,  "end" : 232 }, 
        {"sofa" : 12,  "begin" : 232,  "end" : 273 }, 
        {"sofa" : 12,  "begin" : 273,  "end" : 274 }, 
        {"sofa" : 12,  "begin" : 278,  "end" : 284 }, 
        {"sofa" : 12,  "begin" : 285,  "end" : 292 }, 
        {"sofa" : 12,  "begin" : 292,  "end" : 293 }, 
        {"sofa" : 12,  "begin" : 296,  "end" : 303 }, 
        {"sofa" : 12,  "begin" : 304,  "end" : 313 }, 
        {"sofa" : 12,  "begin" : 314,  "end" : 317 }, 
        {"sofa" : 12,  "begin" : 318,  "end" : 320 }, 
        {"sofa" : 12,  "begin" : 321,  "end" : 327 }, 
        {"sofa" : 12,  "begin" : 328,  "end" : 333 }, 
        {"sofa" : 12,  "begin" : 333,  "end" : 334 }, 
        {"sofa" : 12,  "begin" : 335,  "end" : 338 }, 
        {"sofa" : 12,  "begin" : 340,  "end" : 343 }, 
        {"sofa" : 12,  "begin" : 344,  "end" : 349 }, 
        {"sofa" : 12,  "begin" : 350,  "end" : 356 }, 
        {"sofa" : 12,  "begin" : 357,  "end" : 369 }, 
        {"sofa" : 12,  "begin" : 370,  "end" : 371 }, 
        {"sofa" : 12,  "begin" : 371,  "end" : 374 }, 
        {"sofa" : 12,  "begin" : 374,  "end" : 375 }, 
        {"sofa" : 12,  "begin" : 376,  "end" : 379 }, 
        {"sofa" : 12,  "begin" : 380,  "end" : 390 }, 
        {"sofa" : 12,  "begin" : 391,  "end" : 396 }, 
        {"sofa" : 12,  "begin" : 397,  "end" : 400 }, 
        {"sofa" : 12,  "begin" : 401,  "end" : 410 }, 
        {"sofa" : 12,  "begin" : 411,  "end" : 413 }, 
        {"sofa" : 12,  "begin" : 414,  "end" : 422 }, 
        {"sofa" : 12,  "begin" : 423,  "end" : 425 }, 
        {"sofa" : 12,  "begin" : 426,  "end" : 437 }, 
        {"sofa" : 12,  "begin" : 437,  "end" : 438 }, 
        {"sofa" : 12,  "begin" : 439,  "end" : 440 }, 
        {"sofa" : 12,  "begin" : 441,  "end" : 449 }, 
        {"sofa" : 12,  "begin" : 450,  "end" : 458 }, 
        {"sofa" : 12,  "begin" : 459,  "end" : 461 }, 
        {"sofa" : 12,  "begin" : 462,  "end" : 469 }, 
        {"sofa" : 12,  "begin" : 470,  "end" : 479 }, 
        {"sofa" : 12,  "begin" : 479,  "end" : 480 }, 
        {"sofa" : 12,  "begin" : 481,  "end" : 487 }, 
        {"sofa" : 12,  "begin" : 488,  "end" : 490 }, 
        {"sofa" : 12,  "begin" : 491,  "end" : 493 }, 
        {"sofa" : 12,  "begin" : 494,  "end" : 497 }, 
        {"sofa" : 12,  "begin" : 498,  "end" : 499 }, 
        {"sofa" : 12,  "begin" : 500,  "end" : 509 }, 
        {"sofa" : 12,  "begin" : 510,  "end" : 514 }, 
        {"sofa" : 12,  "begin" : 514,  "end" : 515 }, 
        {"sofa" : 12,  "begin" : 517,  "end" : 520 }, 
        {"sofa" : 12,  "begin" : 521,  "end" : 529 }, 
        {"sofa" : 12,  "begin" : 529,  "end" : 530 }, 
        {"sofa" : 12,  "begin" : 531,  "end" : 535 }, 
        {"sofa" : 12,  "begin" : 536,  "end" : 541 }, 
        {"sofa" : 12,  "begin" : 542,  "end" : 544 }, 
        {"sofa" : 12,  "begin" : 545,  "end" : 548 }, 
        {"sofa" : 12,  "begin" : 548,  "end" : 549 }, 
        {"sofa" : 12,  "begin" : 550,  "end" : 553 }, 
        {"sofa" : 12,  "begin" : 554,  "end" : 556 }, 
        {"sofa" : 12,  "begin" : 557,  "end" : 559 }, 
        {"sofa" : 12,  "begin" : 560,  "end" : 569 }, 
        {"sofa" : 12,  "begin" : 570,  "end" : 579 }, 
        {"sofa" : 12,  "begin" : 580,  "end" : 583 }, 
        {"sofa" : 12,  "begin" : 584,  "end" : 590 }, 
        {"sofa" : 12,  "begin" : 590,  "end" : 591 }, 
        {"sofa" : 12,  "begin" : 592,  "end" : 603 }, 
        {"sofa" : 12,  "begin" : 603,  "end" : 604 }, 
        {"sofa" : 12,  "begin" : 605,  "end" : 613 }, 
        {"sofa" : 12,  "begin" : 614,  "end" : 617 }, 
        {"sofa" : 12,  "begin" : 618,  "end" : 620 }, 
        {"sofa" : 12,  "begin" : 621,  "end" : 631 }, 
        {"sofa" : 12,  "begin" : 632,  "end" : 636 }, 
        {"sofa" : 12,  "begin" : 636,  "end" : 637 }, 
        {"sofa" : 12,  "begin" : 638,  "end" : 642 }, 
        {"sofa" : 12,  "begin" : 643,  "end" : 646 }, 
        {"sofa" : 12,  "begin" : 647,  "end" : 650 }, 
        {"sofa" : 12,  "begin" : 651,  "end" : 657 }, 
        {"sofa" : 12,  "begin" : 658,  "end" : 660 }, 
        {"sofa" : 12,  "begin" : 661,  "end" : 665 }, 
        {"sofa" : 12,  "begin" : 666,  "end" : 669 }, 
        {"sofa" : 12,  "begin" : 670,  "end" : 674 }, 
        {"sofa" : 12,  "begin" : 675,  "end" : 678 }, 
        {"sofa" : 12,  "begin" : 679,  "end" : 684 }, 
        {"sofa" : 12,  "begin" : 685,  "end" : 687 }, 
        {"sofa" : 12,  "begin" : 688,  "end" : 697 }, 
        {"sofa" : 12,  "begin" : 697,  "end" : 698 }, 
        {"sofa" : 12,  "begin" : 700,  "end" : 703 }, 
        {"sofa" : 12,  "begin" : 704,  "end" : 710 }, 
        {"sofa" : 12,  "begin" : 711,  "end" : 716 }, 
        {"sofa" : 12,  "begin" : 717,  "end" : 721 }, 
        {"sofa" : 12,  "begin" : 722,  "end" : 724 }, 
        {"sofa" : 12,  "begin" : 725,  "end" : 731 }, 
        {"sofa" : 12,  "begin" : 732,  "end" : 735 }, 
        {"sofa" : 12,  "begin" : 736,  "end" : 738 }, 
        {"sofa" : 12,  "begin" : 739,  "end" : 740 }, 
        {"sofa" : 12,  "begin" : 741,  "end" : 750 }, 
        {"sofa" : 12,  "begin" : 751,  "end" : 755 }, 
        {"sofa" : 12,  "begin" : 756,  "end" : 757 }, 
        {"sofa" : 12,  "begin" : 758,  "end" : 765 }, 
        {"sofa" : 12,  "begin" : 766,  "end" : 770 }, 
        {"sofa" : 12,  "begin" : 771,  "end" : 773 }, 
        {"sofa" : 12,  "begin" : 774,  "end" : 776 }, 
        {"sofa" : 12,  "begin" : 777,  "end" : 780 }, 
        {"sofa" : 12,  "begin" : 781,  "end" : 782 }, 
        {"sofa" : 12,  "begin" : 783,  "end" : 787 }, 
        {"sofa" : 12,  "begin" : 788,  "end" : 792 }, 
        {"sofa" : 12,  "begin" : 793,  "end" : 796 }, 
        {"sofa" : 12,  "begin" : 797,  "end" : 798 }, 
        {"sofa" : 12,  "begin" : 799,  "end" : 803 }, 
        {"sofa" : 12,  "begin" : 804,  "end" : 813 }, 
        {"sofa" : 12,  "begin" : 814,  "end" : 817 }, 
        {"sofa" : 12,  "begin" : 818,  "end" : 823 }, 
        {"sofa" : 12,  "begin" : 824,  "end" : 826 }, 
        {"sofa" : 12,  "begin" : 827,  "end" : 829 }, 
        {"sofa" : 12,  "begin" : 830,  "end" : 837 }, 
        {"sofa" : 12,  "begin" : 838,  "end" : 840 }, 
        {"sofa" : 12,  "begin" : 841,  "end" : 852 }, 
        {"sofa" : 12,  "begin" : 853,  "end" : 855 }, 
        {"sofa" : 12,  "begin" : 856,  "end" : 866 }, 
        {"sofa" : 12,  "begin" : 866,  "end" : 867 }, 
        {"sofa" : 12,  "begin" : 869,  "end" : 872 }, 
        {"sofa" : 12,  "begin" : 873,  "end" : 876 }, 
        {"sofa" : 12,  "begin" : 877,  "end" : 883 }, 
        {"sofa" : 12,  "begin" : 884,  "end" : 893 }, 
        {"sofa" : 12,  "begin" : 894,  "end" : 896 }, 
        {"sofa" : 12,  "begin" : 897,  "end" : 901 }, 
        {"sofa" : 12,  "begin" : 902,  "end" : 912 }, 
        {"sofa" : 12,  "begin" : 913,  "end" : 922 }, 
        {"sofa" : 12,  "begin" : 922,  "end" : 923 }, 
        {"sofa" : 12,  "begin" : 924,  "end" : 925 }, 
        {"sofa" : 12,  "begin" : 925,  "end" : 931 }, 
        {"sofa" : 12,  "begin" : 932,  "end" : 940 }, 
        {"sofa" : 12,  "begin" : 941,  "end" : 945 }, 
        {"sofa" : 12,  "begin" : 946,  "end" : 952 }, 
        {"sofa" : 12,  "begin" : 953,  "end" : 956 }, 
        {"sofa" : 12,  "begin" : 957,  "end" : 962 }, 
        {"sofa" : 12,  "begin" : 963,  "end" : 970 }, 
        {"sofa" : 12,  "begin" : 971,  "end" : 976 }, 
        {"sofa" : 12,  "begin" : 977,  "end" : 981 }, 
        {"sofa" : 12,  "begin" : 982,  "end" : 985 }, 
        {"sofa" : 12,  "begin" : 986,  "end" : 989 }, 
        {"sofa" : 12,  "begin" : 990,  "end" : 995 }, 
        {"sofa" : 12,  "begin" : 996,  "end" : 1000 }, 
        {"sofa" : 12,  "begin" : 1001,  "end" : 1005 }, 
        {"sofa" : 12,  "begin" : 1006,  "end" : 1017 }, 
        {"sofa" : 12,  "begin" : 1018,  "end" : 1023 }, 
        {"sofa" : 12,  "begin" : 1024,  "end" : 1027 }, 
        {"sofa" : 12,  "begin" : 1028,  "end" : 1036 }, 
        {"sofa" : 12,  "begin" : 1037,  "end" : 1040 }, 
        {"sofa" : 12,  "begin" : 1041,  "end" : 1043 }, 
        {"sofa" : 12,  "begin" : 1044,  "end" : 1052 }, 
        {"sofa" : 12,  "begin" : 1053,  "end" : 1056 }, 
        {"sofa" : 12,  "begin" : 1057,  "end" : 1064 }, 
        {"sofa" : 12,  "begin" : 1065,  "end" : 1075 }, 
        {"sofa" : 12,  "begin" : 1075,  "end" : 1076 }, 
        {"sofa" : 12,  "begin" : 1078,  "end" : 1079 }, 
        {"sofa" : 12,  "begin" : 1079,  "end" : 1086 }, 
        {"sofa" : 12,  "begin" : 1087,  "end" : 1095 }, 
        {"sofa" : 12,  "begin" : 1096,  "end" : 1100 }, 
        {"sofa" : 12,  "begin" : 1101,  "end" : 1106 }, 
        {"sofa" : 12,  "begin" : 1107,  "end" : 1111 }, 
        {"sofa" : 12,  "begin" : 1112,  "end" : 1123 }, 
        {"sofa" : 12,  "begin" : 1124,  "end" : 1126 }, 
        {"sofa" : 12,  "begin" : 1127,  "end" : 1130 }, 
        {"sofa" : 12,  "begin" : 1131,  "end" : 1137 }, 
        {"sofa" : 12,  "begin" : 1138,  "end" : 1140 }, 
        {"sofa" : 12,  "begin" : 1141,  "end" : 1143 }, 
        {"sofa" : 12,  "begin" : 1144,  "end" : 1150 }, 
        {"sofa" : 12,  "begin" : 1151,  "end" : 1153 }, 
        {"sofa" : 12,  "begin" : 1154,  "end" : 1160 }, 
        {"sofa" : 12,  "begin" : 1161,  "end" : 1171 }, 
        {"sofa" : 12,  "begin" : 1172,  "end" : 1174 }, 
        {"sofa" : 12,  "begin" : 1175,  "end" : 1178 }, 
        {"sofa" : 12,  "begin" : 1179,  "end" : 1184 }, 
        {"sofa" : 12,  "begin" : 1185,  "end" : 1197 }, 
        {"sofa" : 12,  "begin" : 1198,  "end" : 1199 }, 
        {"sofa" : 12,  "begin" : 1199,  "end" : 1203 }, 
        {"sofa" : 12,  "begin" : 1204,  "end" : 1206 }, 
        {"sofa" : 12,  "begin" : 1207,  "end" : 1212 }, 
        {"sofa" : 12,  "begin" : 1213,  "end" : 1218 }, 
        {"sofa" : 12,  "begin" : 1219,  "end" : 1229 }, 
        {"sofa" : 12,  "begin" : 1230,  "end" : 1231 }, 
        {"sofa" : 12,  "begin" : 1231,  "end" : 1234 }, 
        {"sofa" : 12,  "begin" : 1234,  "end" : 1235 }, 
        {"sofa" : 12,  "begin" : 1235,  "end" : 1236 }, 
        {"sofa" : 12,  "begin" : 1237,  "end" : 1240 }, 
        {"sofa" : 12,  "begin" : 1241,  "end" : 1249 }, 
        {"sofa" : 12,  "begin" : 1249,  "end" : 1250 }, 
        {"sofa" : 12,  "begin" : 1250,  "end" : 1251 }, 
        {"sofa" : 12,  "begin" : 1251,  "end" : 1252 }, 
        {"sofa" : 12,  "begin" : 1254,  "end" : 1257 }, 
        {"sofa" : 12,  "begin" : 1258,  "end" : 1270 }, 
        {"sofa" : 12,  "begin" : 1271,  "end" : 1273 }, 
        {"sofa" : 12,  "begin" : 1274,  "end" : 1277 }, 
        {"sofa" : 12,  "begin" : 1278,  "end" : 1281 }, 
        {"sofa" : 12,  "begin" : 1282,  "end" : 1284 }, 
        {"sofa" : 12,  "begin" : 1285,  "end" : 1291 }, 
        {"sofa" : 12,  "begin" : 1292,  "end" : 1293 }, 
        {"sofa" : 12,  "begin" : 1294,  "end" : 1298 }, 
        {"sofa" : 12,  "begin" : 1299,  "end" : 1307 }, 
        {"sofa" : 12,  "begin" : 1308,  "end" : 1314 }, 
        {"sofa" : 12,  "begin" : 1315,  "end" : 1317 }, 
        {"sofa" : 12,  "begin" : 1318,  "end" : 1321 }, 
        {"sofa" : 12,  "begin" : 1322,  "end" : 1324 }, 
        {"sofa" : 12,  "begin" : 1325,  "end" : 1329 }, 
        {"sofa" : 12,  "begin" : 1330,  "end" : 1334 }, 
        {"sofa" : 12,  "begin" : 1335,  "end" : 1337 }, 
        {"sofa" : 12,  "begin" : 1338,  "end" : 1342 }, 
        {"sofa" : 12,  "begin" : 1343,  "end" : 1347 }, 
        {"sofa" : 12,  "begin" : 1348,  "end" : 1356 }, 
        {"sofa" : 12,  "begin" : 1357,  "end" : 1360 }, 
        {"sofa" : 12,  "begin" : 1361,  "end" : 1377 }, 
        {"sofa" : 12,  "begin" : 1378,  "end" : 1388 }, 
        {"sofa" : 12,  "begin" : 1388,  "end" : 1389 }, 
        {"sofa" : 12,  "begin" : 1391,  "end" : 1400 }, 
        {"sofa" : 12,  "begin" : 1400,  "end" : 1401 }, 
        {"sofa" : 12,  "begin" : 1402,  "end" : 1408 }, 
        {"sofa" : 12,  "begin" : 1409,  "end" : 1414 }, 
        {"sofa" : 12,  "begin" : 1415,  "end" : 1425 }, 
        {"sofa" : 12,  "begin" : 1426,  "end" : 1434 }, 
        {"sofa" : 12,  "begin" : 1435,  "end" : 1438 }, 
        {"sofa" : 12,  "begin" : 1439,  "end" : 1441 }, 
        {"sofa" : 12,  "begin" : 1442,  "end" : 1451 }, 
        {"sofa" : 12,  "begin" : 1452,  "end" : 1454 }, 
        {"sofa" : 12,  "begin" : 1455,  "end" : 1456 }, 
        {"sofa" : 12,  "begin" : 1457,  "end" : 1464 }, 
        {"sofa" : 12,  "begin" : 1465,  "end" : 1467 }, 
        {"sofa" : 12,  "begin" : 1468,  "end" : 1472 }, 
        {"sofa" : 12,  "begin" : 1473,  "end" : 1478 }, 
        {"sofa" : 12,  "begin" : 1479,  "end" : 1481 }, 
        {"sofa" : 12,  "begin" : 1482,  "end" : 1488 }, 
        {"sofa" : 12,  "begin" : 1488,  "end" : 1489 }, 
        {"sofa" : 12,  "begin" : 1490,  "end" : 1492 }, 
        {"sofa" : 12,  "begin" : 1493,  "end" : 1502 }, 
        {"sofa" : 12,  "begin" : 1503,  "end" : 1507 }, 
        {"sofa" : 12,  "begin" : 1508,  "end" : 1510 }, 
        {"sofa" : 12,  "begin" : 1511,  "end" : 1515 }, 
        {"sofa" : 12,  "begin" : 1516,  "end" : 1527 }, 
        {"sofa" : 12,  "begin" : 1528,  "end" : 1533 }, 
        {"sofa" : 12,  "begin" : 1534,  "end" : 1536 }, 
        {"sofa" : 12,  "begin" : 1537,  "end" : 1548 }, 
        {"sofa" : 12,  "begin" : 1548,  "end" : 1549 }, 
        {"sofa" : 12,  "begin" : 1551,  "end" : 1560 }, 
        {"sofa" : 12,  "begin" : 1561,  "end" : 1563 }, 
        {"sofa" : 12,  "begin" : 1564,  "end" : 1573 }, 
        {"sofa" : 12,  "begin" : 1574,  "end" : 1577 }, 
        {"sofa" : 12,  "begin" : 1578,  "end" : 1583 }, 
        {"sofa" : 12,  "begin" : 1584,  "end" : 1585 }, 
        {"sofa" : 12,  "begin" : 1586,  "end" : 1590 }, 
        {"sofa" : 12,  "begin" : 1591,  "end" : 1594 }, 
        {"sofa" : 12,  "begin" : 1595,  "end" : 1599 }, 
        {"sofa" : 12,  "begin" : 1600,  "end" : 1606 }, 
        {"sofa" : 12,  "begin" : 1607,  "end" : 1609 }, 
        {"sofa" : 12,  "begin" : 1610,  "end" : 1616 }, 
        {"sofa" : 12,  "begin" : 1617,  "end" : 1620 }, 
        {"sofa" : 12,  "begin" : 1621,  "end" : 1622 }, 
        {"sofa" : 12,  "begin" : 1623,  "end" : 1630 }, 
        {"sofa" : 12,  "begin" : 1631,  "end" : 1633 }, 
        {"sofa" : 12,  "begin" : 1634,  "end" : 1636 }, 
        {"sofa" : 12,  "begin" : 1637,  "end" : 1642 }, 
        {"sofa" : 12,  "begin" : 1642,  "end" : 1643 }, 
        {"sofa" : 12,  "begin" : 1644,  "end" : 1646 }, 
        {"sofa" : 12,  "begin" : 1647,  "end" : 1656 }, 
        {"sofa" : 12,  "begin" : 1657,  "end" : 1661 }, 
        {"sofa" : 12,  "begin" : 1661,  "end" : 1662 }, 
        {"sofa" : 12,  "begin" : 1663,  "end" : 1665 }, 
        {"sofa" : 12,  "begin" : 1666,  "end" : 1670 }, 
        {"sofa" : 12,  "begin" : 1670,  "end" : 1671 }, 
        {"sofa" : 12,  "begin" : 1673,  "end" : 1678 }, 
        {"sofa" : 12,  "begin" : 1679,  "end" : 1682 }, 
        {"sofa" : 12,  "begin" : 1683,  "end" : 1687 }, 
        {"sofa" : 12,  "begin" : 1688,  "end" : 1692 }, 
        {"sofa" : 12,  "begin" : 1693,  "end" : 1695 }, 
        {"sofa" : 12,  "begin" : 1696,  "end" : 1704 }, 
        {"sofa" : 12,  "begin" : 1705,  "end" : 1707 }, 
        {"sofa" : 12,  "begin" : 1708,  "end" : 1716 }, 
        {"sofa" : 12,  "begin" : 1717,  "end" : 1720 }, 
        {"sofa" : 12,  "begin" : 1721,  "end" : 1725 }, 
        {"sofa" : 12,  "begin" : 1726,  "end" : 1728 }, 
        {"sofa" : 12,  "begin" : 1729,  "end" : 1733 }, 
        {"sofa" : 12,  "begin" : 1734,  "end" : 1740 }, 
        {"sofa" : 12,  "begin" : 1741,  "end" : 1745 }, 
        {"sofa" : 12,  "begin" : 1746,  "end" : 1753 }, 
        {"sofa" : 12,  "begin" : 1754,  "end" : 1758 }, 
        {"sofa" : 12,  "begin" : 1759,  "end" : 1762 }, 
        {"sofa" : 12,  "begin" : 1763,  "end" : 1770 }, 
        {"sofa" : 12,  "begin" : 1770,  "end" : 1771 } ], 
      "Persuasive_Labels" : [
        {"sofa" : 12,  "begin" : 335,  "end" : 515,  "InappropriateUseofScientificEvidence" : "Inappropriate Use of Scientific and Other Evidence - out of context_verified" }, 
        {"sofa" : 12,  "begin" : 335,  "end" : 515,  "InappropriateUseofScientificEvidence" : "inappropriate use of scientific and Other evidence" }, 
        {"sofa" : 12,  "begin" : 335,  "end" : 375,  "EstablishingLegitimacy" : "citing source to establish legitimacy_source verified to be credible" }, 
        {"sofa" : 12,  "begin" : 335,  "end" : 375,  "EstablishingLegitimacy" : "Establishing Legitimacy" }, 
        {"sofa" : 12,  "begin" : 869,  "end" : 923,  "EstablishingLegitimacy" : "Establishing Legitimacy" }, 
        {"sofa" : 12,  "begin" : 869,  "end" : 923,  "EstablishingLegitimacy" : "citing source to establish legitimacy_source not verified" }, 
        {"sofa" : 12,  "begin" : 1078,  "end" : 1252,  "BiasedReasoningtoMakeaConclusion" : "evidence does not support conclusion" }, 
        {"sofa" : 12,  "begin" : 1078,  "end" : 1252,  "BiasedReasoningtoMakeaConclusion" : "biased reasoning to make a conclusion" } ] } }, 
  "_referenced_fss" : {
    "12" : {"_type" : "Sofa",  "sofaNum" : 1,  "sofaID" : "_InitialView",  "mimeType" : "text",  "sofaString" : "﻿snes-00777 The World Health Organization has declared that medical marijuana has no health risks.\r\nSource: https://nypost.com/2017/12/13/medical-marijuana-has-no-health-risks-who/ \r\nFact checking: https://www.snopes.com/fact-check/did-who-medical-marijuana-no-health-risks/ \r\n Actual content: \r\nMedical marijuana has no health risks: WHO\r\nThe World Health Organization (WHO) has officially given the checkmark of approval to cannabidiol, a relaxing compound in medical marijuana, ruling it is not a dangerous drug.\r\nThe compound, also known as CBD, can be an effective treatment for cancer, Alzheimer's, epilepsy and in palliative care, with WHO now ruling it does not have any risks of addiction.\r\nThe ruling means that it should not be a scheduled drug - meaning that it is not a drug that has a high potential for abuse or is illegal to manufacture or distribute.\r\nThe WHO Expert Committee on Drug Dependence announced: \"Recent evidence from animal and human studies shows that its use could have some therapeutic value for seizures due to epilepsy and related conditions.\r\n\"Current evidence also shows that cannabidiol is not likely to be abused or create dependence as for other cannabinoids (such as Tetra Hydro Cannabinol (THC), for instance).\"\r\nThe organization is now set to launch a more complete review in May of next year to look into cannabis and cannabis-related substances.\r\nCurrently, anyone found possessing cannabis can be sentenced to a maximum of five years in prison, an unlimited fine or both punishments under UK legislation.\r\nSupplying or producing the Class B drug can land people in prison for a maximum of 14 years, an unlimited fine, or both.\r\nThere has long been an argument to legalize the drug to help people with chronic pain and anxiety.\r\n\r\n" } } }