{"_context" : {
    "_types" : {
      "DocumentMetaData" : {
        "_feature_types" : {"sofa" : "_ref" } }, 
      "Persuasive_Labels" : {
        "_feature_types" : {"sofa" : "_ref" } }, 
      "Sentence" : {
        "_feature_types" : {"sofa" : "_ref" } }, 
      "Sofa" : {
        "_feature_types" : {"sofaArray" : "_ref" } }, 
      "TagsetDescription" : {
        "_feature_types" : {"sofa" : "_ref",  "tags" : "_ref" } }, 
      "Token" : {
        "_feature_types" : {"sofa" : "_ref",  "parent" : "_ref",  "lemma" : "_ref",  "stem" : "_ref",  "pos" : "_ref",  "morph" : "_ref",  "form" : "_ref" } }, 
      "DocumentAnnotation" : {
        "_feature_types" : {"sofa" : "_ref" }, 
        "_subtypes" : ["DocumentMetaData" ] }, 
      "Annotation" : {
        "_feature_types" : {"sofa" : "_ref" }, 
        "_subtypes" : ["DocumentAnnotation",  "Persuasive_Labels",  "Sentence",  "TagsetDescription",  "Token" ] }, 
      "AnnotationBase" : {
        "_feature_types" : {"sofa" : "_ref" }, 
        "_subtypes" : ["Annotation" ] }, 
      "TOP" : {
        "_subtypes" : ["AnnotationBase",  "Sofa" ] } } }, 
  "_views" : {
    "_InitialView" : {
      "DocumentMetaData" : [
        {"sofa" : 12,  "end" : 3708,  "language" : "x-unspecified",  "documentTitle" : "192.%20snes-05190%20Israel%20has%20banned%20the%20sale%20of%20Heinz%20brand%20ketchup,%20partially%20due%20to%20the%20product's%20use%20of%20GMO-derived%20ingredients.txt",  "documentId" : "admin",  "documentUri" : "file:/C:/Users/huiyi/.webanno/repository/project/4/document/546/source/admin",  "collectionId" : "file:/C:/Users/huiyi/.webanno/repository/project/4/document/546/source/",  "documentBaseUri" : "file:/C:/Users/huiyi/.webanno/repository/project/4/document/546/source/",  "isLastSegment" : false } ], 
      "TagsetDescription" : [
        {"sofa" : 12,  "layer" : "de.tudarmstadt.ukp.dkpro.core.api.syntax.type.dependency.Dependency",  "name" : "UD Universal Dependencies (v2)",  "input" : false }, 
        {"sofa" : 12,  "layer" : "de.tudarmstadt.ukp.dkpro.core.api.ner.type.NamedEntity",  "name" : "Named Entity tags",  "input" : false }, 
        {"sofa" : 12,  "layer" : "de.tudarmstadt.ukp.dkpro.core.api.transform.type.SofaChangeAnnotation",  "name" : "Operation",  "input" : false }, 
        {"sofa" : 12,  "layer" : "de.tudarmstadt.ukp.dkpro.core.api.lexmorph.type.pos.POS",  "name" : "UD Universal POS tags (v2)",  "input" : false }, 
        {"sofa" : 12,  "layer" : "webanno.custom.Persuasive_Labels",  "name" : "2. Using Anecdotes and Personal Experience as Evidence",  "input" : false } ], 
      "Sentence" : [
        {"sofa" : 12,  "end" : 500 }, 
        {"sofa" : 12,  "begin" : 501,  "end" : 558 }, 
        {"sofa" : 12,  "begin" : 560,  "end" : 643 }, 
        {"sofa" : 12,  "begin" : 644,  "end" : 778 }, 
        {"sofa" : 12,  "begin" : 779,  "end" : 895 }, 
        {"sofa" : 12,  "begin" : 897,  "end" : 1050 }, 
        {"sofa" : 12,  "begin" : 1051,  "end" : 1135 }, 
        {"sofa" : 12,  "begin" : 1136,  "end" : 1249 }, 
        {"sofa" : 12,  "begin" : 1250,  "end" : 1326 }, 
        {"sofa" : 12,  "begin" : 1327,  "end" : 1445 }, 
        {"sofa" : 12,  "begin" : 1446,  "end" : 1520 }, 
        {"sofa" : 12,  "begin" : 1521,  "end" : 1600 }, 
        {"sofa" : 12,  "begin" : 1602,  "end" : 1728 }, 
        {"sofa" : 12,  "begin" : 1730,  "end" : 1901 }, 
        {"sofa" : 12,  "begin" : 1902,  "end" : 1991 }, 
        {"sofa" : 12,  "begin" : 1993,  "end" : 2000 }, 
        {"sofa" : 12,  "begin" : 2001,  "end" : 2221 }, 
        {"sofa" : 12,  "begin" : 2222,  "end" : 2361 }, 
        {"sofa" : 12,  "begin" : 2363,  "end" : 2425 }, 
        {"sofa" : 12,  "begin" : 2426,  "end" : 2540 }, 
        {"sofa" : 12,  "begin" : 2541,  "end" : 2664 }, 
        {"sofa" : 12,  "begin" : 2666,  "end" : 2829 }, 
        {"sofa" : 12,  "begin" : 2831,  "end" : 2837 }, 
        {"sofa" : 12,  "begin" : 2838,  "end" : 2991 }, 
        {"sofa" : 12,  "begin" : 2992,  "end" : 3141 }, 
        {"sofa" : 12,  "begin" : 3143,  "end" : 3252 }, 
        {"sofa" : 12,  "begin" : 3253,  "end" : 3378 }, 
        {"sofa" : 12,  "begin" : 3380,  "end" : 3491 }, 
        {"sofa" : 12,  "begin" : 3492,  "end" : 3547 }, 
        {"sofa" : 12,  "begin" : 3549,  "end" : 3700 }, 
        {"sofa" : 12,  "begin" : 3701,  "end" : 3704 } ], 
      "Token" : [
        {"sofa" : 12,  "end" : 5 }, 
        {"sofa" : 12,  "begin" : 5,  "end" : 6 }, 
        {"sofa" : 12,  "begin" : 6,  "end" : 11 }, 
        {"sofa" : 12,  "begin" : 12,  "end" : 18 }, 
        {"sofa" : 12,  "begin" : 19,  "end" : 22 }, 
        {"sofa" : 12,  "begin" : 23,  "end" : 29 }, 
        {"sofa" : 12,  "begin" : 30,  "end" : 33 }, 
        {"sofa" : 12,  "begin" : 34,  "end" : 38 }, 
        {"sofa" : 12,  "begin" : 39,  "end" : 41 }, 
        {"sofa" : 12,  "begin" : 42,  "end" : 47 }, 
        {"sofa" : 12,  "begin" : 48,  "end" : 53 }, 
        {"sofa" : 12,  "begin" : 54,  "end" : 61 }, 
        {"sofa" : 12,  "begin" : 61,  "end" : 62 }, 
        {"sofa" : 12,  "begin" : 63,  "end" : 72 }, 
        {"sofa" : 12,  "begin" : 73,  "end" : 76 }, 
        {"sofa" : 12,  "begin" : 77,  "end" : 79 }, 
        {"sofa" : 12,  "begin" : 80,  "end" : 83 }, 
        {"sofa" : 12,  "begin" : 84,  "end" : 93 }, 
        {"sofa" : 12,  "begin" : 94,  "end" : 97 }, 
        {"sofa" : 12,  "begin" : 98,  "end" : 100 }, 
        {"sofa" : 12,  "begin" : 101,  "end" : 112 }, 
        {"sofa" : 12,  "begin" : 113,  "end" : 124 }, 
        {"sofa" : 12,  "begin" : 126,  "end" : 132 }, 
        {"sofa" : 12,  "begin" : 132,  "end" : 133 }, 
        {"sofa" : 12,  "begin" : 134,  "end" : 139 }, 
        {"sofa" : 12,  "begin" : 139,  "end" : 140 }, 
        {"sofa" : 12,  "begin" : 140,  "end" : 141 }, 
        {"sofa" : 12,  "begin" : 141,  "end" : 142 }, 
        {"sofa" : 12,  "begin" : 142,  "end" : 163 }, 
        {"sofa" : 12,  "begin" : 163,  "end" : 164 }, 
        {"sofa" : 12,  "begin" : 164,  "end" : 212 }, 
        {"sofa" : 12,  "begin" : 212,  "end" : 213 }, 
        {"sofa" : 12,  "begin" : 215,  "end" : 219 }, 
        {"sofa" : 12,  "begin" : 220,  "end" : 228 }, 
        {"sofa" : 12,  "begin" : 228,  "end" : 229 }, 
        {"sofa" : 12,  "begin" : 230,  "end" : 235 }, 
        {"sofa" : 12,  "begin" : 235,  "end" : 236 }, 
        {"sofa" : 12,  "begin" : 236,  "end" : 237 }, 
        {"sofa" : 12,  "begin" : 237,  "end" : 238 }, 
        {"sofa" : 12,  "begin" : 238,  "end" : 252 }, 
        {"sofa" : 12,  "begin" : 252,  "end" : 253 }, 
        {"sofa" : 12,  "begin" : 253,  "end" : 263 }, 
        {"sofa" : 12,  "begin" : 263,  "end" : 264 }, 
        {"sofa" : 12,  "begin" : 264,  "end" : 289 }, 
        {"sofa" : 12,  "begin" : 289,  "end" : 290 }, 
        {"sofa" : 12,  "begin" : 293,  "end" : 299 }, 
        {"sofa" : 12,  "begin" : 300,  "end" : 307 }, 
        {"sofa" : 12,  "begin" : 307,  "end" : 308 }, 
        {"sofa" : 12,  "begin" : 311,  "end" : 316 }, 
        {"sofa" : 12,  "begin" : 317,  "end" : 324 }, 
        {"sofa" : 12,  "begin" : 325,  "end" : 331 }, 
        {"sofa" : 12,  "begin" : 332,  "end" : 333 }, 
        {"sofa" : 12,  "begin" : 333,  "end" : 336 }, 
        {"sofa" : 12,  "begin" : 337,  "end" : 340 }, 
        {"sofa" : 12,  "begin" : 341,  "end" : 344 }, 
        {"sofa" : 12,  "begin" : 345,  "end" : 351 }, 
        {"sofa" : 12,  "begin" : 352,  "end" : 357 }, 
        {"sofa" : 12,  "begin" : 358,  "end" : 360 }, 
        {"sofa" : 12,  "begin" : 360,  "end" : 361 }, 
        {"sofa" : 12,  "begin" : 363,  "end" : 369 }, 
        {"sofa" : 12,  "begin" : 370,  "end" : 373 }, 
        {"sofa" : 12,  "begin" : 374,  "end" : 382 }, 
        {"sofa" : 12,  "begin" : 383,  "end" : 389 }, 
        {"sofa" : 12,  "begin" : 390,  "end" : 395 }, 
        {"sofa" : 12,  "begin" : 396,  "end" : 403 }, 
        {"sofa" : 12,  "begin" : 404,  "end" : 408 }, 
        {"sofa" : 12,  "begin" : 409,  "end" : 412 }, 
        {"sofa" : 12,  "begin" : 413,  "end" : 420 }, 
        {"sofa" : 12,  "begin" : 421,  "end" : 424 }, 
        {"sofa" : 12,  "begin" : 425,  "end" : 429 }, 
        {"sofa" : 12,  "begin" : 430,  "end" : 433 }, 
        {"sofa" : 12,  "begin" : 434,  "end" : 438 }, 
        {"sofa" : 12,  "begin" : 439,  "end" : 446 }, 
        {"sofa" : 12,  "begin" : 447,  "end" : 449 }, 
        {"sofa" : 12,  "begin" : 450,  "end" : 457 }, 
        {"sofa" : 12,  "begin" : 458,  "end" : 462 }, 
        {"sofa" : 12,  "begin" : 463,  "end" : 467 }, 
        {"sofa" : 12,  "begin" : 468,  "end" : 474 }, 
        {"sofa" : 12,  "begin" : 475,  "end" : 481 }, 
        {"sofa" : 12,  "begin" : 482,  "end" : 484 }, 
        {"sofa" : 12,  "begin" : 485,  "end" : 493 }, 
        {"sofa" : 12,  "begin" : 494,  "end" : 496 }, 
        {"sofa" : 12,  "begin" : 497,  "end" : 499 }, 
        {"sofa" : 12,  "begin" : 499,  "end" : 500 }, 
        {"sofa" : 12,  "begin" : 501,  "end" : 504 }, 
        {"sofa" : 12,  "begin" : 505,  "end" : 510 }, 
        {"sofa" : 12,  "begin" : 511,  "end" : 514 }, 
        {"sofa" : 12,  "begin" : 515,  "end" : 516 }, 
        {"sofa" : 12,  "begin" : 517,  "end" : 523 }, 
        {"sofa" : 12,  "begin" : 524,  "end" : 526 }, 
        {"sofa" : 12,  "begin" : 527,  "end" : 531 }, 
        {"sofa" : 12,  "begin" : 532,  "end" : 539 }, 
        {"sofa" : 12,  "begin" : 540,  "end" : 543 }, 
        {"sofa" : 12,  "begin" : 544,  "end" : 546 }, 
        {"sofa" : 12,  "begin" : 547,  "end" : 550 }, 
        {"sofa" : 12,  "begin" : 551,  "end" : 557 }, 
        {"sofa" : 12,  "begin" : 557,  "end" : 558 }, 
        {"sofa" : 12,  "begin" : 560,  "end" : 562 }, 
        {"sofa" : 12,  "begin" : 563,  "end" : 567 }, 
        {"sofa" : 12,  "begin" : 568,  "end" : 572 }, 
        {"sofa" : 12,  "begin" : 573,  "end" : 582 }, 
        {"sofa" : 12,  "begin" : 583,  "end" : 586 }, 
        {"sofa" : 12,  "begin" : 587,  "end" : 590 }, 
        {"sofa" : 12,  "begin" : 591,  "end" : 595 }, 
        {"sofa" : 12,  "begin" : 596,  "end" : 599 }, 
        {"sofa" : 12,  "begin" : 600,  "end" : 604 }, 
        {"sofa" : 12,  "begin" : 605,  "end" : 609 }, 
        {"sofa" : 12,  "begin" : 610,  "end" : 619 }, 
        {"sofa" : 12,  "begin" : 620,  "end" : 625 }, 
        {"sofa" : 12,  "begin" : 626,  "end" : 633 }, 
        {"sofa" : 12,  "begin" : 634,  "end" : 637 }, 
        {"sofa" : 12,  "begin" : 638,  "end" : 642 }, 
        {"sofa" : 12,  "begin" : 642,  "end" : 643 }, 
        {"sofa" : 12,  "begin" : 644,  "end" : 646 }, 
        {"sofa" : 12,  "begin" : 647,  "end" : 653 }, 
        {"sofa" : 12,  "begin" : 654,  "end" : 659 }, 
        {"sofa" : 12,  "begin" : 660,  "end" : 666 }, 
        {"sofa" : 12,  "begin" : 667,  "end" : 671 }, 
        {"sofa" : 12,  "begin" : 672,  "end" : 679 }, 
        {"sofa" : 12,  "begin" : 680,  "end" : 687 }, 
        {"sofa" : 12,  "begin" : 688,  "end" : 692 }, 
        {"sofa" : 12,  "begin" : 693,  "end" : 697 }, 
        {"sofa" : 12,  "begin" : 698,  "end" : 707 }, 
        {"sofa" : 12,  "begin" : 708,  "end" : 712 }, 
        {"sofa" : 12,  "begin" : 713,  "end" : 716 }, 
        {"sofa" : 12,  "begin" : 717,  "end" : 725 }, 
        {"sofa" : 12,  "begin" : 726,  "end" : 730 }, 
        {"sofa" : 12,  "begin" : 731,  "end" : 733 }, 
        {"sofa" : 12,  "begin" : 734,  "end" : 741 }, 
        {"sofa" : 12,  "begin" : 742,  "end" : 748 }, 
        {"sofa" : 12,  "begin" : 749,  "end" : 752 }, 
        {"sofa" : 12,  "begin" : 753,  "end" : 759 }, 
        {"sofa" : 12,  "begin" : 760,  "end" : 767 }, 
        {"sofa" : 12,  "begin" : 767,  "end" : 768 }, 
        {"sofa" : 12,  "begin" : 769,  "end" : 772 }, 
        {"sofa" : 12,  "begin" : 773,  "end" : 777 }, 
        {"sofa" : 12,  "begin" : 777,  "end" : 778 }, 
        {"sofa" : 12,  "begin" : 779,  "end" : 783 }, 
        {"sofa" : 12,  "begin" : 784,  "end" : 786 }, 
        {"sofa" : 12,  "begin" : 787,  "end" : 788 }, 
        {"sofa" : 12,  "begin" : 789,  "end" : 795 }, 
        {"sofa" : 12,  "begin" : 796,  "end" : 798 }, 
        {"sofa" : 12,  "begin" : 799,  "end" : 803 }, 
        {"sofa" : 12,  "begin" : 804,  "end" : 810 }, 
        {"sofa" : 12,  "begin" : 811,  "end" : 814 }, 
        {"sofa" : 12,  "begin" : 815,  "end" : 823 }, 
        {"sofa" : 12,  "begin" : 824,  "end" : 830 }, 
        {"sofa" : 12,  "begin" : 831,  "end" : 833 }, 
        {"sofa" : 12,  "begin" : 834,  "end" : 843 }, 
        {"sofa" : 12,  "begin" : 844,  "end" : 848 }, 
        {"sofa" : 12,  "begin" : 849,  "end" : 854 }, 
        {"sofa" : 12,  "begin" : 855,  "end" : 857 }, 
        {"sofa" : 12,  "begin" : 858,  "end" : 867 }, 
        {"sofa" : 12,  "begin" : 868,  "end" : 877 }, 
        {"sofa" : 12,  "begin" : 878,  "end" : 881 }, 
        {"sofa" : 12,  "begin" : 882,  "end" : 885 }, 
        {"sofa" : 12,  "begin" : 886,  "end" : 894 }, 
        {"sofa" : 12,  "begin" : 894,  "end" : 895 }, 
        {"sofa" : 12,  "begin" : 897,  "end" : 903 }, 
        {"sofa" : 12,  "begin" : 904,  "end" : 908 }, 
        {"sofa" : 12,  "begin" : 909,  "end" : 916 }, 
        {"sofa" : 12,  "begin" : 917,  "end" : 925 }, 
        {"sofa" : 12,  "begin" : 926,  "end" : 935 }, 
        {"sofa" : 12,  "begin" : 936,  "end" : 940 }, 
        {"sofa" : 12,  "begin" : 941,  "end" : 944 }, 
        {"sofa" : 12,  "begin" : 945,  "end" : 949 }, 
        {"sofa" : 12,  "begin" : 950,  "end" : 953 }, 
        {"sofa" : 12,  "begin" : 954,  "end" : 961 }, 
        {"sofa" : 12,  "begin" : 962,  "end" : 966 }, 
        {"sofa" : 12,  "begin" : 967,  "end" : 970 }, 
        {"sofa" : 12,  "begin" : 971,  "end" : 981 }, 
        {"sofa" : 12,  "begin" : 982,  "end" : 986 }, 
        {"sofa" : 12,  "begin" : 987,  "end" : 992 }, 
        {"sofa" : 12,  "begin" : 993,  "end" : 996 }, 
        {"sofa" : 12,  "begin" : 997,  "end" : 1000 }, 
        {"sofa" : 12,  "begin" : 1001,  "end" : 1011 }, 
        {"sofa" : 12,  "begin" : 1012,  "end" : 1021 }, 
        {"sofa" : 12,  "begin" : 1022,  "end" : 1025 }, 
        {"sofa" : 12,  "begin" : 1026,  "end" : 1035 }, 
        {"sofa" : 12,  "begin" : 1036,  "end" : 1045 }, 
        {"sofa" : 12,  "begin" : 1046,  "end" : 1049 }, 
        {"sofa" : 12,  "begin" : 1049,  "end" : 1050 }, 
        {"sofa" : 12,  "begin" : 1051,  "end" : 1058 }, 
        {"sofa" : 12,  "begin" : 1059,  "end" : 1061 }, 
        {"sofa" : 12,  "begin" : 1062,  "end" : 1065 }, 
        {"sofa" : 12,  "begin" : 1066,  "end" : 1068 }, 
        {"sofa" : 12,  "begin" : 1069,  "end" : 1074 }, 
        {"sofa" : 12,  "begin" : 1075,  "end" : 1084 }, 
        {"sofa" : 12,  "begin" : 1085,  "end" : 1090 }, 
        {"sofa" : 12,  "begin" : 1091,  "end" : 1093 }, 
        {"sofa" : 12,  "begin" : 1094,  "end" : 1098 }, 
        {"sofa" : 12,  "begin" : 1099,  "end" : 1108 }, 
        {"sofa" : 12,  "begin" : 1109,  "end" : 1111 }, 
        {"sofa" : 12,  "begin" : 1112,  "end" : 1116 }, 
        {"sofa" : 12,  "begin" : 1117,  "end" : 1120 }, 
        {"sofa" : 12,  "begin" : 1121,  "end" : 1125 }, 
        {"sofa" : 12,  "begin" : 1126,  "end" : 1129 }, 
        {"sofa" : 12,  "begin" : 1130,  "end" : 1134 }, 
        {"sofa" : 12,  "begin" : 1134,  "end" : 1135 }, 
        {"sofa" : 12,  "begin" : 1136,  "end" : 1140 }, 
        {"sofa" : 12,  "begin" : 1141,  "end" : 1145 }, 
        {"sofa" : 12,  "begin" : 1146,  "end" : 1149 }, 
        {"sofa" : 12,  "begin" : 1150,  "end" : 1155 }, 
        {"sofa" : 12,  "begin" : 1156,  "end" : 1161 }, 
        {"sofa" : 12,  "begin" : 1162,  "end" : 1168 }, 
        {"sofa" : 12,  "begin" : 1169,  "end" : 1176 }, 
        {"sofa" : 12,  "begin" : 1177,  "end" : 1181 }, 
        {"sofa" : 12,  "begin" : 1182,  "end" : 1185 }, 
        {"sofa" : 12,  "begin" : 1186,  "end" : 1192 }, 
        {"sofa" : 12,  "begin" : 1193,  "end" : 1196 }, 
        {"sofa" : 12,  "begin" : 1197,  "end" : 1201 }, 
        {"sofa" : 12,  "begin" : 1202,  "end" : 1205 }, 
        {"sofa" : 12,  "begin" : 1206,  "end" : 1211 }, 
        {"sofa" : 12,  "begin" : 1211,  "end" : 1212 }, 
        {"sofa" : 12,  "begin" : 1213,  "end" : 1219 }, 
        {"sofa" : 12,  "begin" : 1220,  "end" : 1222 }, 
        {"sofa" : 12,  "begin" : 1223,  "end" : 1232 }, 
        {"sofa" : 12,  "begin" : 1233,  "end" : 1235 }, 
        {"sofa" : 12,  "begin" : 1236,  "end" : 1239 }, 
        {"sofa" : 12,  "begin" : 1240,  "end" : 1248 }, 
        {"sofa" : 12,  "begin" : 1248,  "end" : 1249 }, 
        {"sofa" : 12,  "begin" : 1250,  "end" : 1255 }, 
        {"sofa" : 12,  "begin" : 1256,  "end" : 1259 }, 
        {"sofa" : 12,  "begin" : 1260,  "end" : 1263 }, 
        {"sofa" : 12,  "begin" : 1264,  "end" : 1265 }, 
        {"sofa" : 12,  "begin" : 1266,  "end" : 1270 }, 
        {"sofa" : 12,  "begin" : 1271,  "end" : 1278 }, 
        {"sofa" : 12,  "begin" : 1279,  "end" : 1282 }, 
        {"sofa" : 12,  "begin" : 1283,  "end" : 1286 }, 
        {"sofa" : 12,  "begin" : 1287,  "end" : 1293 }, 
        {"sofa" : 12,  "begin" : 1294,  "end" : 1298 }, 
        {"sofa" : 12,  "begin" : 1299,  "end" : 1308 }, 
        {"sofa" : 12,  "begin" : 1309,  "end" : 1316 }, 
        {"sofa" : 12,  "begin" : 1316,  "end" : 1317 }, 
        {"sofa" : 12,  "begin" : 1319,  "end" : 1320 }, 
        {"sofa" : 12,  "begin" : 1320,  "end" : 1321 }, 
        {"sofa" : 12,  "begin" : 1321,  "end" : 1322 }, 
        {"sofa" : 12,  "begin" : 1324,  "end" : 1325 }, 
        {"sofa" : 12,  "begin" : 1325,  "end" : 1326 }, 
        {"sofa" : 12,  "begin" : 1327,  "end" : 1329 }, 
        {"sofa" : 12,  "begin" : 1330,  "end" : 1338 }, 
        {"sofa" : 12,  "begin" : 1339,  "end" : 1343 }, 
        {"sofa" : 12,  "begin" : 1344,  "end" : 1352 }, 
        {"sofa" : 12,  "begin" : 1353,  "end" : 1357 }, 
        {"sofa" : 12,  "begin" : 1358,  "end" : 1363 }, 
        {"sofa" : 12,  "begin" : 1364,  "end" : 1365 }, 
        {"sofa" : 12,  "begin" : 1365,  "end" : 1366 }, 
        {"sofa" : 12,  "begin" : 1366,  "end" : 1367 }, 
        {"sofa" : 12,  "begin" : 1370,  "end" : 1375 }, 
        {"sofa" : 12,  "begin" : 1376,  "end" : 1378 }, 
        {"sofa" : 12,  "begin" : 1379,  "end" : 1385 }, 
        {"sofa" : 12,  "begin" : 1386,  "end" : 1390 }, 
        {"sofa" : 12,  "begin" : 1391,  "end" : 1395 }, 
        {"sofa" : 12,  "begin" : 1396,  "end" : 1404 }, 
        {"sofa" : 12,  "begin" : 1405,  "end" : 1409 }, 
        {"sofa" : 12,  "begin" : 1410,  "end" : 1415 }, 
        {"sofa" : 12,  "begin" : 1416,  "end" : 1421 }, 
        {"sofa" : 12,  "begin" : 1422,  "end" : 1424 }, 
        {"sofa" : 12,  "begin" : 1425,  "end" : 1434 }, 
        {"sofa" : 12,  "begin" : 1435,  "end" : 1444 }, 
        {"sofa" : 12,  "begin" : 1444,  "end" : 1445 }, 
        {"sofa" : 12,  "begin" : 1446,  "end" : 1449 }, 
        {"sofa" : 12,  "begin" : 1450,  "end" : 1454 }, 
        {"sofa" : 12,  "begin" : 1455,  "end" : 1460 }, 
        {"sofa" : 12,  "begin" : 1461,  "end" : 1463 }, 
        {"sofa" : 12,  "begin" : 1464,  "end" : 1468 }, 
        {"sofa" : 12,  "begin" : 1469,  "end" : 1471 }, 
        {"sofa" : 12,  "begin" : 1472,  "end" : 1475 }, 
        {"sofa" : 12,  "begin" : 1476,  "end" : 1480 }, 
        {"sofa" : 12,  "begin" : 1481,  "end" : 1484 }, 
        {"sofa" : 12,  "begin" : 1485,  "end" : 1489 }, 
        {"sofa" : 12,  "begin" : 1490,  "end" : 1492 }, 
        {"sofa" : 12,  "begin" : 1493,  "end" : 1497 }, 
        {"sofa" : 12,  "begin" : 1498,  "end" : 1503 }, 
        {"sofa" : 12,  "begin" : 1504,  "end" : 1506 }, 
        {"sofa" : 12,  "begin" : 1507,  "end" : 1509 }, 
        {"sofa" : 12,  "begin" : 1510,  "end" : 1519 }, 
        {"sofa" : 12,  "begin" : 1519,  "end" : 1520 }, 
        {"sofa" : 12,  "begin" : 1521,  "end" : 1523 }, 
        {"sofa" : 12,  "begin" : 1524,  "end" : 1527 }, 
        {"sofa" : 12,  "begin" : 1528,  "end" : 1533 }, 
        {"sofa" : 12,  "begin" : 1534,  "end" : 1535 }, 
        {"sofa" : 12,  "begin" : 1536,  "end" : 1541 }, 
        {"sofa" : 12,  "begin" : 1542,  "end" : 1550 }, 
        {"sofa" : 12,  "begin" : 1551,  "end" : 1553 }, 
        {"sofa" : 12,  "begin" : 1554,  "end" : 1558 }, 
        {"sofa" : 12,  "begin" : 1559,  "end" : 1564 }, 
        {"sofa" : 12,  "begin" : 1565,  "end" : 1570 }, 
        {"sofa" : 12,  "begin" : 1571,  "end" : 1577 }, 
        {"sofa" : 12,  "begin" : 1578,  "end" : 1581 }, 
        {"sofa" : 12,  "begin" : 1582,  "end" : 1588 }, 
        {"sofa" : 12,  "begin" : 1589,  "end" : 1593 }, 
        {"sofa" : 12,  "begin" : 1594,  "end" : 1599 }, 
        {"sofa" : 12,  "begin" : 1599,  "end" : 1600 }, 
        {"sofa" : 12,  "begin" : 1602,  "end" : 1604 }, 
        {"sofa" : 12,  "begin" : 1605,  "end" : 1608 }, 
        {"sofa" : 12,  "begin" : 1609,  "end" : 1612 }, 
        {"sofa" : 12,  "begin" : 1613,  "end" : 1614 }, 
        {"sofa" : 12,  "begin" : 1615,  "end" : 1622 }, 
        {"sofa" : 12,  "begin" : 1623,  "end" : 1627 }, 
        {"sofa" : 12,  "begin" : 1628,  "end" : 1630 }, 
        {"sofa" : 12,  "begin" : 1631,  "end" : 1635 }, 
        {"sofa" : 12,  "begin" : 1636,  "end" : 1644 }, 
        {"sofa" : 12,  "begin" : 1645,  "end" : 1649 }, 
        {"sofa" : 12,  "begin" : 1650,  "end" : 1655 }, 
        {"sofa" : 12,  "begin" : 1656,  "end" : 1658 }, 
        {"sofa" : 12,  "begin" : 1659,  "end" : 1662 }, 
        {"sofa" : 12,  "begin" : 1663,  "end" : 1667 }, 
        {"sofa" : 12,  "begin" : 1668,  "end" : 1670 }, 
        {"sofa" : 12,  "begin" : 1671,  "end" : 1673 }, 
        {"sofa" : 12,  "begin" : 1674,  "end" : 1683 }, 
        {"sofa" : 12,  "begin" : 1684,  "end" : 1688 }, 
        {"sofa" : 12,  "begin" : 1689,  "end" : 1691 }, 
        {"sofa" : 12,  "begin" : 1692,  "end" : 1700 }, 
        {"sofa" : 12,  "begin" : 1700,  "end" : 1701 }, 
        {"sofa" : 12,  "begin" : 1702,  "end" : 1707 }, 
        {"sofa" : 12,  "begin" : 1708,  "end" : 1715 }, 
        {"sofa" : 12,  "begin" : 1716,  "end" : 1719 }, 
        {"sofa" : 12,  "begin" : 1720,  "end" : 1727 }, 
        {"sofa" : 12,  "begin" : 1727,  "end" : 1728 }, 
        {"sofa" : 12,  "begin" : 1730,  "end" : 1732 }, 
        {"sofa" : 12,  "begin" : 1733,  "end" : 1739 }, 
        {"sofa" : 12,  "begin" : 1740,  "end" : 1745 }, 
        {"sofa" : 12,  "begin" : 1746,  "end" : 1749 }, 
        {"sofa" : 12,  "begin" : 1750,  "end" : 1759 }, 
        {"sofa" : 12,  "begin" : 1759,  "end" : 1760 }, 
        {"sofa" : 12,  "begin" : 1761,  "end" : 1766 }, 
        {"sofa" : 12,  "begin" : 1767,  "end" : 1772 }, 
        {"sofa" : 12,  "begin" : 1773,  "end" : 1776 }, 
        {"sofa" : 12,  "begin" : 1777,  "end" : 1784 }, 
        {"sofa" : 12,  "begin" : 1785,  "end" : 1787 }, 
        {"sofa" : 12,  "begin" : 1788,  "end" : 1789 }, 
        {"sofa" : 12,  "begin" : 1790,  "end" : 1796 }, 
        {"sofa" : 12,  "begin" : 1797,  "end" : 1802 }, 
        {"sofa" : 12,  "begin" : 1803,  "end" : 1808 }, 
        {"sofa" : 12,  "begin" : 1809,  "end" : 1813 }, 
        {"sofa" : 12,  "begin" : 1814,  "end" : 1822 }, 
        {"sofa" : 12,  "begin" : 1823,  "end" : 1827 }, 
        {"sofa" : 12,  "begin" : 1828,  "end" : 1833 }, 
        {"sofa" : 12,  "begin" : 1834,  "end" : 1839 }, 
        {"sofa" : 12,  "begin" : 1840,  "end" : 1848 }, 
        {"sofa" : 12,  "begin" : 1849,  "end" : 1853 }, 
        {"sofa" : 12,  "begin" : 1854,  "end" : 1858 }, 
        {"sofa" : 12,  "begin" : 1859,  "end" : 1865 }, 
        {"sofa" : 12,  "begin" : 1866,  "end" : 1870 }, 
        {"sofa" : 12,  "begin" : 1871,  "end" : 1878 }, 
        {"sofa" : 12,  "begin" : 1879,  "end" : 1880 }, 
        {"sofa" : 12,  "begin" : 1881,  "end" : 1882 }, 
        {"sofa" : 12,  "begin" : 1883,  "end" : 1888 }, 
        {"sofa" : 12,  "begin" : 1889,  "end" : 1894 }, 
        {"sofa" : 12,  "begin" : 1895,  "end" : 1900 }, 
        {"sofa" : 12,  "begin" : 1900,  "end" : 1901 }, 
        {"sofa" : 12,  "begin" : 1902,  "end" : 1909 }, 
        {"sofa" : 12,  "begin" : 1910,  "end" : 1913 }, 
        {"sofa" : 12,  "begin" : 1914,  "end" : 1917 }, 
        {"sofa" : 12,  "begin" : 1918,  "end" : 1923 }, 
        {"sofa" : 12,  "begin" : 1924,  "end" : 1926 }, 
        {"sofa" : 12,  "begin" : 1927,  "end" : 1933 }, 
        {"sofa" : 12,  "begin" : 1934,  "end" : 1937 }, 
        {"sofa" : 12,  "begin" : 1938,  "end" : 1945 }, 
        {"sofa" : 12,  "begin" : 1946,  "end" : 1952 }, 
        {"sofa" : 12,  "begin" : 1953,  "end" : 1958 }, 
        {"sofa" : 12,  "begin" : 1959,  "end" : 1964 }, 
        {"sofa" : 12,  "begin" : 1965,  "end" : 1972 }, 
        {"sofa" : 12,  "begin" : 1973,  "end" : 1977 }, 
        {"sofa" : 12,  "begin" : 1978,  "end" : 1984 }, 
        {"sofa" : 12,  "begin" : 1985,  "end" : 1990 }, 
        {"sofa" : 12,  "begin" : 1990,  "end" : 1991 }, 
        {"sofa" : 12,  "begin" : 1993,  "end" : 1994 }, 
        {"sofa" : 12,  "begin" : 1994,  "end" : 1995 }, 
        {"sofa" : 12,  "begin" : 1995,  "end" : 1996 }, 
        {"sofa" : 12,  "begin" : 1998,  "end" : 1999 }, 
        {"sofa" : 12,  "begin" : 1999,  "end" : 2000 }, 
        {"sofa" : 12,  "begin" : 2001,  "end" : 2003 }, 
        {"sofa" : 12,  "begin" : 2004,  "end" : 2012 }, 
        {"sofa" : 12,  "begin" : 2013,  "end" : 2022 }, 
        {"sofa" : 12,  "begin" : 2023,  "end" : 2030 }, 
        {"sofa" : 12,  "begin" : 2031,  "end" : 2034 }, 
        {"sofa" : 12,  "begin" : 2035,  "end" : 2040 }, 
        {"sofa" : 12,  "begin" : 2041,  "end" : 2042 }, 
        {"sofa" : 12,  "begin" : 2042,  "end" : 2043 }, 
        {"sofa" : 12,  "begin" : 2043,  "end" : 2044 }, 
        {"sofa" : 12,  "begin" : 2046,  "end" : 2053 }, 
        {"sofa" : 12,  "begin" : 2054,  "end" : 2058 }, 
        {"sofa" : 12,  "begin" : 2059,  "end" : 2064 }, 
        {"sofa" : 12,  "begin" : 2065,  "end" : 2070 }, 
        {"sofa" : 12,  "begin" : 2071,  "end" : 2078 }, 
        {"sofa" : 12,  "begin" : 2079,  "end" : 2084 }, 
        {"sofa" : 12,  "begin" : 2085,  "end" : 2088 }, 
        {"sofa" : 12,  "begin" : 2089,  "end" : 2097 }, 
        {"sofa" : 12,  "begin" : 2098,  "end" : 2104 }, 
        {"sofa" : 12,  "begin" : 2105,  "end" : 2109 }, 
        {"sofa" : 12,  "begin" : 2110,  "end" : 2112 }, 
        {"sofa" : 12,  "begin" : 2113,  "end" : 2117 }, 
        {"sofa" : 12,  "begin" : 2118,  "end" : 2120 }, 
        {"sofa" : 12,  "begin" : 2121,  "end" : 2129 }, 
        {"sofa" : 12,  "begin" : 2130,  "end" : 2139 }, 
        {"sofa" : 12,  "begin" : 2140,  "end" : 2147 }, 
        {"sofa" : 12,  "begin" : 2148,  "end" : 2151 }, 
        {"sofa" : 12,  "begin" : 2152,  "end" : 2157 }, 
        {"sofa" : 12,  "begin" : 2157,  "end" : 2158 }, 
        {"sofa" : 12,  "begin" : 2159,  "end" : 2164 }, 
        {"sofa" : 12,  "begin" : 2165,  "end" : 2167 }, 
        {"sofa" : 12,  "begin" : 2168,  "end" : 2175 }, 
        {"sofa" : 12,  "begin" : 2176,  "end" : 2182 }, 
        {"sofa" : 12,  "begin" : 2183,  "end" : 2186 }, 
        {"sofa" : 12,  "begin" : 2187,  "end" : 2190 }, 
        {"sofa" : 12,  "begin" : 2191,  "end" : 2197 }, 
        {"sofa" : 12,  "begin" : 2198,  "end" : 2201 }, 
        {"sofa" : 12,  "begin" : 2202,  "end" : 2204 }, 
        {"sofa" : 12,  "begin" : 2205,  "end" : 2209 }, 
        {"sofa" : 12,  "begin" : 2210,  "end" : 2214 }, 
        {"sofa" : 12,  "begin" : 2215,  "end" : 2220 }, 
        {"sofa" : 12,  "begin" : 2220,  "end" : 2221 }, 
        {"sofa" : 12,  "begin" : 2222,  "end" : 2226 }, 
        {"sofa" : 12,  "begin" : 2227,  "end" : 2230 }, 
        {"sofa" : 12,  "begin" : 2231,  "end" : 2241 }, 
        {"sofa" : 12,  "begin" : 2242,  "end" : 2244 }, 
        {"sofa" : 12,  "begin" : 2245,  "end" : 2249 }, 
        {"sofa" : 12,  "begin" : 2250,  "end" : 2257 }, 
        {"sofa" : 12,  "begin" : 2258,  "end" : 2266 }, 
        {"sofa" : 12,  "begin" : 2267,  "end" : 2268 }, 
        {"sofa" : 12,  "begin" : 2269,  "end" : 2274 }, 
        {"sofa" : 12,  "begin" : 2275,  "end" : 2277 }, 
        {"sofa" : 12,  "begin" : 2278,  "end" : 2283 }, 
        {"sofa" : 12,  "begin" : 2283,  "end" : 2284 }, 
        {"sofa" : 12,  "begin" : 2285,  "end" : 2288 }, 
        {"sofa" : 12,  "begin" : 2289,  "end" : 2291 }, 
        {"sofa" : 12,  "begin" : 2292,  "end" : 2298 }, 
        {"sofa" : 12,  "begin" : 2299,  "end" : 2301 }, 
        {"sofa" : 12,  "begin" : 2302,  "end" : 2304 }, 
        {"sofa" : 12,  "begin" : 2305,  "end" : 2309 }, 
        {"sofa" : 12,  "begin" : 2310,  "end" : 2315 }, 
        {"sofa" : 12,  "begin" : 2316,  "end" : 2322 }, 
        {"sofa" : 12,  "begin" : 2323,  "end" : 2329 }, 
        {"sofa" : 12,  "begin" : 2330,  "end" : 2336 }, 
        {"sofa" : 12,  "begin" : 2337,  "end" : 2344 }, 
        {"sofa" : 12,  "begin" : 2345,  "end" : 2349 }, 
        {"sofa" : 12,  "begin" : 2350,  "end" : 2357 }, 
        {"sofa" : 12,  "begin" : 2358,  "end" : 2360 }, 
        {"sofa" : 12,  "begin" : 2360,  "end" : 2361 }, 
        {"sofa" : 12,  "begin" : 2363,  "end" : 2367 }, 
        {"sofa" : 12,  "begin" : 2368,  "end" : 2372 }, 
        {"sofa" : 12,  "begin" : 2373,  "end" : 2377 }, 
        {"sofa" : 12,  "begin" : 2378,  "end" : 2383 }, 
        {"sofa" : 12,  "begin" : 2383,  "end" : 2384 }, 
        {"sofa" : 12,  "begin" : 2385,  "end" : 2394 }, 
        {"sofa" : 12,  "begin" : 2395,  "end" : 2402 }, 
        {"sofa" : 12,  "begin" : 2403,  "end" : 2410 }, 
        {"sofa" : 12,  "begin" : 2411,  "end" : 2415 }, 
        {"sofa" : 12,  "begin" : 2416,  "end" : 2419 }, 
        {"sofa" : 12,  "begin" : 2420,  "end" : 2424 }, 
        {"sofa" : 12,  "begin" : 2424,  "end" : 2425 }, 
        {"sofa" : 12,  "begin" : 2426,  "end" : 2432 }, 
        {"sofa" : 12,  "begin" : 2433,  "end" : 2439 }, 
        {"sofa" : 12,  "begin" : 2440,  "end" : 2443 }, 
        {"sofa" : 12,  "begin" : 2444,  "end" : 2448 }, 
        {"sofa" : 12,  "begin" : 2449,  "end" : 2451 }, 
        {"sofa" : 12,  "begin" : 2452,  "end" : 2459 }, 
        {"sofa" : 12,  "begin" : 2460,  "end" : 2464 }, 
        {"sofa" : 12,  "begin" : 2465,  "end" : 2474 }, 
        {"sofa" : 12,  "begin" : 2475,  "end" : 2478 }, 
        {"sofa" : 12,  "begin" : 2479,  "end" : 2489 }, 
        {"sofa" : 12,  "begin" : 2490,  "end" : 2493 }, 
        {"sofa" : 12,  "begin" : 2494,  "end" : 2498 }, 
        {"sofa" : 12,  "begin" : 2499,  "end" : 2502 }, 
        {"sofa" : 12,  "begin" : 2503,  "end" : 2505 }, 
        {"sofa" : 12,  "begin" : 2506,  "end" : 2508 }, 
        {"sofa" : 12,  "begin" : 2509,  "end" : 2513 }, 
        {"sofa" : 12,  "begin" : 2514,  "end" : 2519 }, 
        {"sofa" : 12,  "begin" : 2520,  "end" : 2527 }, 
        {"sofa" : 12,  "begin" : 2528,  "end" : 2531 }, 
        {"sofa" : 12,  "begin" : 2532,  "end" : 2539 }, 
        {"sofa" : 12,  "begin" : 2539,  "end" : 2540 }, 
        {"sofa" : 12,  "begin" : 2541,  "end" : 2550 }, 
        {"sofa" : 12,  "begin" : 2551,  "end" : 2560 }, 
        {"sofa" : 12,  "begin" : 2561,  "end" : 2568 }, 
        {"sofa" : 12,  "begin" : 2569,  "end" : 2572 }, 
        {"sofa" : 12,  "begin" : 2573,  "end" : 2578 }, 
        {"sofa" : 12,  "begin" : 2579,  "end" : 2584 }, 
        {"sofa" : 12,  "begin" : 2585,  "end" : 2589 }, 
        {"sofa" : 12,  "begin" : 2590,  "end" : 2593 }, 
        {"sofa" : 12,  "begin" : 2594,  "end" : 2604 }, 
        {"sofa" : 12,  "begin" : 2605,  "end" : 2608 }, 
        {"sofa" : 12,  "begin" : 2609,  "end" : 2611 }, 
        {"sofa" : 12,  "begin" : 2612,  "end" : 2620 }, 
        {"sofa" : 12,  "begin" : 2621,  "end" : 2624 }, 
        {"sofa" : 12,  "begin" : 2625,  "end" : 2627 }, 
        {"sofa" : 12,  "begin" : 2628,  "end" : 2637 }, 
        {"sofa" : 12,  "begin" : 2638,  "end" : 2647 }, 
        {"sofa" : 12,  "begin" : 2648,  "end" : 2651 }, 
        {"sofa" : 12,  "begin" : 2652,  "end" : 2656 }, 
        {"sofa" : 12,  "begin" : 2657,  "end" : 2663 }, 
        {"sofa" : 12,  "begin" : 2663,  "end" : 2664 }, 
        {"sofa" : 12,  "begin" : 2666,  "end" : 2670 }, 
        {"sofa" : 12,  "begin" : 2671,  "end" : 2672 }, 
        {"sofa" : 12,  "begin" : 2673,  "end" : 2677 }, 
        {"sofa" : 12,  "begin" : 2678,  "end" : 2682 }, 
        {"sofa" : 12,  "begin" : 2683,  "end" : 2692 }, 
        {"sofa" : 12,  "begin" : 2693,  "end" : 2698 }, 
        {"sofa" : 12,  "begin" : 2699,  "end" : 2710 }, 
        {"sofa" : 12,  "begin" : 2711,  "end" : 2718 }, 
        {"sofa" : 12,  "begin" : 2719,  "end" : 2725 }, 
        {"sofa" : 12,  "begin" : 2726,  "end" : 2728 }, 
        {"sofa" : 12,  "begin" : 2729,  "end" : 2734 }, 
        {"sofa" : 12,  "begin" : 2735,  "end" : 2745 }, 
        {"sofa" : 12,  "begin" : 2746,  "end" : 2757 }, 
        {"sofa" : 12,  "begin" : 2758,  "end" : 2761 }, 
        {"sofa" : 12,  "begin" : 2762,  "end" : 2766 }, 
        {"sofa" : 12,  "begin" : 2767,  "end" : 2769 }, 
        {"sofa" : 12,  "begin" : 2770,  "end" : 2779 }, 
        {"sofa" : 12,  "begin" : 2780,  "end" : 2785 }, 
        {"sofa" : 12,  "begin" : 2786,  "end" : 2791 }, 
        {"sofa" : 12,  "begin" : 2792,  "end" : 2798 }, 
        {"sofa" : 12,  "begin" : 2799,  "end" : 2802 }, 
        {"sofa" : 12,  "begin" : 2803,  "end" : 2807 }, 
        {"sofa" : 12,  "begin" : 2808,  "end" : 2811 }, 
        {"sofa" : 12,  "begin" : 2812,  "end" : 2820 }, 
        {"sofa" : 12,  "begin" : 2821,  "end" : 2828 }, 
        {"sofa" : 12,  "begin" : 2828,  "end" : 2829 }, 
        {"sofa" : 12,  "begin" : 2831,  "end" : 2832 }, 
        {"sofa" : 12,  "begin" : 2832,  "end" : 2833 }, 
        {"sofa" : 12,  "begin" : 2833,  "end" : 2834 }, 
        {"sofa" : 12,  "begin" : 2835,  "end" : 2836 }, 
        {"sofa" : 12,  "begin" : 2836,  "end" : 2837 }, 
        {"sofa" : 12,  "begin" : 2838,  "end" : 2840 }, 
        {"sofa" : 12,  "begin" : 2841,  "end" : 2844 }, 
        {"sofa" : 12,  "begin" : 2845,  "end" : 2847 }, 
        {"sofa" : 12,  "begin" : 2848,  "end" : 2859 }, 
        {"sofa" : 12,  "begin" : 2860,  "end" : 2865 }, 
        {"sofa" : 12,  "begin" : 2866,  "end" : 2867 }, 
        {"sofa" : 12,  "begin" : 2867,  "end" : 2868 }, 
        {"sofa" : 12,  "begin" : 2868,  "end" : 2869 }, 
        {"sofa" : 12,  "begin" : 2871,  "end" : 2874 }, 
        {"sofa" : 12,  "begin" : 2875,  "end" : 2880 }, 
        {"sofa" : 12,  "begin" : 2881,  "end" : 2887 }, 
        {"sofa" : 12,  "begin" : 2888,  "end" : 2891 }, 
        {"sofa" : 12,  "begin" : 2892,  "end" : 2895 }, 
        {"sofa" : 12,  "begin" : 2896,  "end" : 2902 }, 
        {"sofa" : 12,  "begin" : 2903,  "end" : 2907 }, 
        {"sofa" : 12,  "begin" : 2908,  "end" : 2913 }, 
        {"sofa" : 12,  "begin" : 2914,  "end" : 2919 }, 
        {"sofa" : 12,  "begin" : 2920,  "end" : 2927 }, 
        {"sofa" : 12,  "begin" : 2928,  "end" : 2930 }, 
        {"sofa" : 12,  "begin" : 2931,  "end" : 2932 }, 
        {"sofa" : 12,  "begin" : 2933,  "end" : 2942 }, 
        {"sofa" : 12,  "begin" : 2943,  "end" : 2945 }, 
        {"sofa" : 12,  "begin" : 2946,  "end" : 2950 }, 
        {"sofa" : 12,  "begin" : 2951,  "end" : 2956 }, 
        {"sofa" : 12,  "begin" : 2957,  "end" : 2960 }, 
        {"sofa" : 12,  "begin" : 2961,  "end" : 2963 }, 
        {"sofa" : 12,  "begin" : 2964,  "end" : 2974 }, 
        {"sofa" : 12,  "begin" : 2975,  "end" : 2984 }, 
        {"sofa" : 12,  "begin" : 2985,  "end" : 2987 }, 
        {"sofa" : 12,  "begin" : 2988,  "end" : 2990 }, 
        {"sofa" : 12,  "begin" : 2990,  "end" : 2991 }, 
        {"sofa" : 12,  "begin" : 2992,  "end" : 2994 }, 
        {"sofa" : 12,  "begin" : 2995,  "end" : 3002 }, 
        {"sofa" : 12,  "begin" : 3003,  "end" : 3007 }, 
        {"sofa" : 12,  "begin" : 3008,  "end" : 3014 }, 
        {"sofa" : 12,  "begin" : 3014,  "end" : 3015 }, 
        {"sofa" : 12,  "begin" : 3016,  "end" : 3024 }, 
        {"sofa" : 12,  "begin" : 3025,  "end" : 3027 }, 
        {"sofa" : 12,  "begin" : 3028,  "end" : 3033 }, 
        {"sofa" : 12,  "begin" : 3034,  "end" : 3043 }, 
        {"sofa" : 12,  "begin" : 3044,  "end" : 3055 }, 
        {"sofa" : 12,  "begin" : 3056,  "end" : 3059 }, 
        {"sofa" : 12,  "begin" : 3060,  "end" : 3063 }, 
        {"sofa" : 12,  "begin" : 3064,  "end" : 3076 }, 
        {"sofa" : 12,  "begin" : 3077,  "end" : 3083 }, 
        {"sofa" : 12,  "begin" : 3084,  "end" : 3086 }, 
        {"sofa" : 12,  "begin" : 3087,  "end" : 3093 }, 
        {"sofa" : 12,  "begin" : 3094,  "end" : 3096 }, 
        {"sofa" : 12,  "begin" : 3097,  "end" : 3105 }, 
        {"sofa" : 12,  "begin" : 3106,  "end" : 3109 }, 
        {"sofa" : 12,  "begin" : 3110,  "end" : 3114 }, 
        {"sofa" : 12,  "begin" : 3115,  "end" : 3121 }, 
        {"sofa" : 12,  "begin" : 3122,  "end" : 3128 }, 
        {"sofa" : 12,  "begin" : 3129,  "end" : 3131 }, 
        {"sofa" : 12,  "begin" : 3132,  "end" : 3140 }, 
        {"sofa" : 12,  "begin" : 3140,  "end" : 3141 }, 
        {"sofa" : 12,  "begin" : 3143,  "end" : 3146 }, 
        {"sofa" : 12,  "begin" : 3147,  "end" : 3151 }, 
        {"sofa" : 12,  "begin" : 3152,  "end" : 3157 }, 
        {"sofa" : 12,  "begin" : 3158,  "end" : 3165 }, 
        {"sofa" : 12,  "begin" : 3166,  "end" : 3174 }, 
        {"sofa" : 12,  "begin" : 3175,  "end" : 3177 }, 
        {"sofa" : 12,  "begin" : 3178,  "end" : 3183 }, 
        {"sofa" : 12,  "begin" : 3183,  "end" : 3184 }, 
        {"sofa" : 12,  "begin" : 3185,  "end" : 3189 }, 
        {"sofa" : 12,  "begin" : 3190,  "end" : 3193 }, 
        {"sofa" : 12,  "begin" : 3194,  "end" : 3203 }, 
        {"sofa" : 12,  "begin" : 3204,  "end" : 3207 }, 
        {"sofa" : 12,  "begin" : 3208,  "end" : 3211 }, 
        {"sofa" : 12,  "begin" : 3212,  "end" : 3214 }, 
        {"sofa" : 12,  "begin" : 3215,  "end" : 3222 }, 
        {"sofa" : 12,  "begin" : 3223,  "end" : 3226 }, 
        {"sofa" : 12,  "begin" : 3227,  "end" : 3231 }, 
        {"sofa" : 12,  "begin" : 3232,  "end" : 3240 }, 
        {"sofa" : 12,  "begin" : 3241,  "end" : 3251 }, 
        {"sofa" : 12,  "begin" : 3251,  "end" : 3252 }, 
        {"sofa" : 12,  "begin" : 3253,  "end" : 3257 }, 
        {"sofa" : 12,  "begin" : 3258,  "end" : 3261 }, 
        {"sofa" : 12,  "begin" : 3262,  "end" : 3266 }, 
        {"sofa" : 12,  "begin" : 3267,  "end" : 3270 }, 
        {"sofa" : 12,  "begin" : 3271,  "end" : 3278 }, 
        {"sofa" : 12,  "begin" : 3278,  "end" : 3279 }, 
        {"sofa" : 12,  "begin" : 3280,  "end" : 3282 }, 
        {"sofa" : 12,  "begin" : 3283,  "end" : 3286 }, 
        {"sofa" : 12,  "begin" : 3287,  "end" : 3297 }, 
        {"sofa" : 12,  "begin" : 3298,  "end" : 3303 }, 
        {"sofa" : 12,  "begin" : 3304,  "end" : 3309 }, 
        {"sofa" : 12,  "begin" : 3310,  "end" : 3320 }, 
        {"sofa" : 12,  "begin" : 3321,  "end" : 3326 }, 
        {"sofa" : 12,  "begin" : 3327,  "end" : 3331 }, 
        {"sofa" : 12,  "begin" : 3332,  "end" : 3334 }, 
        {"sofa" : 12,  "begin" : 3335,  "end" : 3346 }, 
        {"sofa" : 12,  "begin" : 3347,  "end" : 3352 }, 
        {"sofa" : 12,  "begin" : 3353,  "end" : 3356 }, 
        {"sofa" : 12,  "begin" : 3357,  "end" : 3361 }, 
        {"sofa" : 12,  "begin" : 3362,  "end" : 3366 }, 
        {"sofa" : 12,  "begin" : 3367,  "end" : 3370 }, 
        {"sofa" : 12,  "begin" : 3371,  "end" : 3377 }, 
        {"sofa" : 12,  "begin" : 3377,  "end" : 3378 }, 
        {"sofa" : 12,  "begin" : 3380,  "end" : 3382 }, 
        {"sofa" : 12,  "begin" : 3383,  "end" : 3386 }, 
        {"sofa" : 12,  "begin" : 3387,  "end" : 3392 }, 
        {"sofa" : 12,  "begin" : 3393,  "end" : 3397 }, 
        {"sofa" : 12,  "begin" : 3398,  "end" : 3400 }, 
        {"sofa" : 12,  "begin" : 3401,  "end" : 3405 }, 
        {"sofa" : 12,  "begin" : 3406,  "end" : 3407 }, 
        {"sofa" : 12,  "begin" : 3408,  "end" : 3415 }, 
        {"sofa" : 12,  "begin" : 3416,  "end" : 3420 }, 
        {"sofa" : 12,  "begin" : 3421,  "end" : 3424 }, 
        {"sofa" : 12,  "begin" : 3425,  "end" : 3429 }, 
        {"sofa" : 12,  "begin" : 3430,  "end" : 3431 }, 
        {"sofa" : 12,  "begin" : 3432,  "end" : 3439 }, 
        {"sofa" : 12,  "begin" : 3440,  "end" : 3444 }, 
        {"sofa" : 12,  "begin" : 3445,  "end" : 3448 }, 
        {"sofa" : 12,  "begin" : 3449,  "end" : 3453 }, 
        {"sofa" : 12,  "begin" : 3454,  "end" : 3456 }, 
        {"sofa" : 12,  "begin" : 3457,  "end" : 3460 }, 
        {"sofa" : 12,  "begin" : 3461,  "end" : 3464 }, 
        {"sofa" : 12,  "begin" : 3465,  "end" : 3469 }, 
        {"sofa" : 12,  "begin" : 3470,  "end" : 3473 }, 
        {"sofa" : 12,  "begin" : 3474,  "end" : 3481 }, 
        {"sofa" : 12,  "begin" : 3482,  "end" : 3490 }, 
        {"sofa" : 12,  "begin" : 3490,  "end" : 3491 }, 
        {"sofa" : 12,  "begin" : 3492,  "end" : 3496 }, 
        {"sofa" : 12,  "begin" : 3497,  "end" : 3501 }, 
        {"sofa" : 12,  "begin" : 3502,  "end" : 3509 }, 
        {"sofa" : 12,  "begin" : 3510,  "end" : 3514 }, 
        {"sofa" : 12,  "begin" : 3515,  "end" : 3521 }, 
        {"sofa" : 12,  "begin" : 3522,  "end" : 3525 }, 
        {"sofa" : 12,  "begin" : 3526,  "end" : 3530 }, 
        {"sofa" : 12,  "begin" : 3531,  "end" : 3534 }, 
        {"sofa" : 12,  "begin" : 3535,  "end" : 3539 }, 
        {"sofa" : 12,  "begin" : 3540,  "end" : 3546 }, 
        {"sofa" : 12,  "begin" : 3546,  "end" : 3547 }, 
        {"sofa" : 12,  "begin" : 3549,  "end" : 3555 }, 
        {"sofa" : 12,  "begin" : 3555,  "end" : 3556 }, 
        {"sofa" : 12,  "begin" : 3557,  "end" : 3563 }, 
        {"sofa" : 12,  "begin" : 3564,  "end" : 3567 }, 
        {"sofa" : 12,  "begin" : 3568,  "end" : 3572 }, 
        {"sofa" : 12,  "begin" : 3573,  "end" : 3581 }, 
        {"sofa" : 12,  "begin" : 3585,  "end" : 3586 }, 
        {"sofa" : 12,  "begin" : 3586,  "end" : 3587 }, 
        {"sofa" : 12,  "begin" : 3587,  "end" : 3588 }, 
        {"sofa" : 12,  "begin" : 3589,  "end" : 3595 }, 
        {"sofa" : 12,  "begin" : 3596,  "end" : 3598 }, 
        {"sofa" : 12,  "begin" : 3599,  "end" : 3604 }, 
        {"sofa" : 12,  "begin" : 3605,  "end" : 3609 }, 
        {"sofa" : 12,  "begin" : 3610,  "end" : 3616 }, 
        {"sofa" : 12,  "begin" : 3617,  "end" : 3628 }, 
        {"sofa" : 12,  "begin" : 3629,  "end" : 3633 }, 
        {"sofa" : 12,  "begin" : 3634,  "end" : 3638 }, 
        {"sofa" : 12,  "begin" : 3639,  "end" : 3646 }, 
        {"sofa" : 12,  "begin" : 3647,  "end" : 3650 }, 
        {"sofa" : 12,  "begin" : 3651,  "end" : 3657 }, 
        {"sofa" : 12,  "begin" : 3658,  "end" : 3660 }, 
        {"sofa" : 12,  "begin" : 3661,  "end" : 3668 }, 
        {"sofa" : 12,  "begin" : 3669,  "end" : 3672 }, 
        {"sofa" : 12,  "begin" : 3673,  "end" : 3675 }, 
        {"sofa" : 12,  "begin" : 3676,  "end" : 3679 }, 
        {"sofa" : 12,  "begin" : 3680,  "end" : 3685 }, 
        {"sofa" : 12,  "begin" : 3686,  "end" : 3693 }, 
        {"sofa" : 12,  "begin" : 3694,  "end" : 3699 }, 
        {"sofa" : 12,  "begin" : 3699,  "end" : 3700 }, 
        {"sofa" : 12,  "begin" : 3701,  "end" : 3702 }, 
        {"sofa" : 12,  "begin" : 3702,  "end" : 3703 }, 
        {"sofa" : 12,  "begin" : 3703,  "end" : 3704 } ], 
      "Persuasive_Labels" : [
        {"sofa" : 12,  "begin" : 1319,  "end" : 1367,  "DistinctiveLinguisticFeatures" : "distinctive linguistic features" }, 
        {"sofa" : 12,  "begin" : 1319,  "end" : 1367,  "DistinctiveLinguisticFeatures" : "bolded,  underline or italicized" }, 
        {"sofa" : 12,  "begin" : 1446,  "end" : 1520,  "BiasedReasoningtoMakeaConclusion" : "biased reasoning to make a conclusion" }, 
        {"sofa" : 12,  "begin" : 1446,  "end" : 1520,  "BiasedReasoningtoMakeaConclusion" : "shifting hypothesis" }, 
        {"sofa" : 12,  "begin" : 1521,  "end" : 1728,  "HighlightingUncertaintyandRisk" : "Highlighting Uncertainty and Risk" }, 
        {"sofa" : 12,  "begin" : 1761,  "end" : 1802,  "EstablishingLegitimacy" : "Establishing Legitimacy" }, 
        {"sofa" : 12,  "begin" : 1761,  "end" : 1802,  "EstablishingLegitimacy" : "surface credibility markers - simply claiming authority or credibility" }, 
        {"sofa" : 12,  "begin" : 1881,  "end" : 1901,  "EmotionalAppeals" : "emotional appeals" }, 
        {"sofa" : 12,  "begin" : 1881,  "end" : 1901,  "EmotionalAppeals" : "fear" }, 
        {"sofa" : 12,  "begin" : 1902,  "end" : 1923,  "EstablishingLegitimacy" : "Establishing Legitimacy" }, 
        {"sofa" : 12,  "begin" : 1902,  "end" : 1923,  "EstablishingLegitimacy" : "surface credibility markers - simply claiming authority or credibility" }, 
        {"sofa" : 12,  "begin" : 1978,  "end" : 1991,  "EmotionalAppeals" : "emotional appeals" }, 
        {"sofa" : 12,  "begin" : 1978,  "end" : 1991,  "EmotionalAppeals" : "fear" }, 
        {"sofa" : 12,  "begin" : 1993,  "end" : 2044,  "DistinctiveLinguisticFeatures" : "bolded,  underline or italicized" }, 
        {"sofa" : 12,  "begin" : 1993,  "end" : 2044,  "DistinctiveLinguisticFeatures" : "distinctive linguistic features" }, 
        {"sofa" : 12,  "begin" : 2363,  "end" : 2540,  "BiasedReasoningtoMakeaConclusion" : "shifting hypothesis" }, 
        {"sofa" : 12,  "begin" : 2363,  "end" : 2540,  "BiasedReasoningtoMakeaConclusion" : "biased reasoning to make a conclusion" }, 
        {"sofa" : 12,  "begin" : 2541,  "end" : 2829,  "HighlightingUncertaintyandRisk" : "Highlighting Uncertainty and Risk" }, 
        {"sofa" : 12,  "begin" : 2831,  "end" : 2869,  "DistinctiveLinguisticFeatures" : "bolded,  underline or italicized" }, 
        {"sofa" : 12,  "begin" : 2831,  "end" : 2869,  "DistinctiveLinguisticFeatures" : "distinctive linguistic features" }, 
        {"sofa" : 12,  "begin" : 3094,  "end" : 3141,  "EstablishingLegitimacy" : "Establishing Legitimacy" }, 
        {"sofa" : 12,  "begin" : 3094,  "end" : 3141,  "EstablishingLegitimacy" : "surface credibility markers - medical or scientific jargon" }, 
        {"sofa" : 12,  "begin" : 3143,  "end" : 3252,  "BiasedReasoningtoMakeaConclusion" : "shifting hypothesis" }, 
        {"sofa" : 12,  "begin" : 3143,  "end" : 3252,  "BiasedReasoningtoMakeaConclusion" : "biased reasoning to make a conclusion" }, 
        {"sofa" : 12,  "begin" : 3380,  "end" : 3491,  "EstablishingLegitimacy" : "Establishing Legitimacy" }, 
        {"sofa" : 12,  "begin" : 3380,  "end" : 3491,  "EstablishingLegitimacy" : "surface credibility markers - words associated with nature or healthiness" }, 
        {"sofa" : 12,  "begin" : 3549,  "end" : 3581,  "EstablishingLegitimacy" : "Establishing Legitimacy" }, 
        {"sofa" : 12,  "begin" : 3549,  "end" : 3581,  "EstablishingLegitimacy" : "citing source to establish legitimacy_source verified to not be credible in this context" }, 
        {"sofa" : 12,  "begin" : 3585,  "end" : 3704,  "DistinctiveLinguisticFeatures" : "distinctive linguistic features" }, 
        {"sofa" : 12,  "begin" : 3585,  "end" : 3704,  "DistinctiveLinguisticFeatures" : "bolded,  underline or italicized" } ] } }, 
  "_referenced_fss" : {
    "12" : {"_type" : "Sofa",  "sofaNum" : 1,  "sofaID" : "_InitialView",  "mimeType" : "text",  "sofaString" : "﻿snes-05190 Israel has banned the sale of Heinz brand ketchup, partially due to the product's use of GMO-derived ingredients\r\nSource: https://www.shakahariblog.com/heinz-ketchup-banned-and-why-you-should-avoid-it/\r\nFact checking: https://www.snopes.com/fact-check/israel-bans-heinz-ketchup/ \r\nActual content: \r\nHeinz Ketchup Banned (And Why You Should Avoid It)\r\nIsrael has recently banned Heinz Ketchup from the country and they say it's because it doesn't have high enough amount of tomatoes in it. But there are a couple of more reasons why it was banned.\r\nWe know it's delicious but for your own sake stop consuming Heinz ketchup for good. In recent years people have started turning away from processed food and focusing more on healthy living and eating organic, raw food. This is a result of high toxins and chemical levels in processed food which is extremely unhealthy for our organism.\r\nPeople have started avoiding processed food but they are unaware that the condiments they still use are considered processed and extremely unhealthy too. Ketchup is one of these unhealthy foods we have forgotten to rule out from our diet. Next time you think about eating ketchup turn the bottle and read the label, you'll be surprised of its contents. These are the 3 main reasons why you should stop consuming ketchup:\r\n<b>  1. It contains high fructose corn syrup <b> \r\nHeinz is loaded with high fructose corn syrup which is extremely unhealthy. The corn syrup is made of GMO corn and this is what makes it so dangerous. It can cause a rapid increase in your blood sugar levels and damage your liver.\r\nIf you are a regular user of high fructose corn syrup it can lead to an increased risk of diabetes, heart disease and obesity.\r\nIf you're still not convinced, we'll share the results of a recent study about high fructose corn syrup which revealed that it's loaded with mercury - a toxic heavy metal! Doctors are the first to advise you against eating foods which contain this hidden toxin!\r\n<b>  2. It contains distilled vinegar and sugar <b>\r\nAnother fact about Heinz ketchup which you probably didn't know is that it contains distilled vinegar and sugar, which is another reason why you should ban in from your meals. Just one tablespoon of this ketchup contains 4 grams of sugar, and by adding it to your meals you're adding sugars without even knowing it.\r\nJust like corn syrup, distilled vinegar derives from GMO corn. During growth GMO corn is treated with chemicals and pesticides and they end up on your plate through the ketchup. Consuming distilled vinegar and sugar which have GMO background has no benefits and is extremely dangerous for your health.\r\nIt's a fact that excessive sugar consumption without fibers or other beneficial ingredients can lead to decreased blood sugar levels and live and pancreas damages.\r\n<b> 3. It has no nutritional value <b>\r\nThe third reason why you should stop using Heinz ketchup as a condiment is that there are no beneficial nutrients in it. It doesn't have fibers, proteins or other nutritive ingredients and the unnoticeable amount of tomato it contains has just slight traces of lycopene.\r\nAll that Heinz ketchup contains is sugar, GMOs and chemicals and has no benefit for your organism whatsoever. It's not just the ketchup, we are constantly using empty condiments which have no nutritional value but only harm our health.\r\nIf you truly want to live a healthy life and have a healthy body you need to buy GMO free and organic products. This will improve your health and make you feel better!\r\nSource: Health and Home Remedies\r\n\r\n<b> Please do share this useful information with your friends and family by hitting one of the share buttons below. <b>\r\n\r\n" } } }