{"_context" : {
    "_types" : {
      "DocumentMetaData" : {
        "_feature_types" : {"sofa" : "_ref" } }, 
      "Persuasive_Labels" : {
        "_feature_types" : {"sofa" : "_ref" } }, 
      "Sentence" : {
        "_feature_types" : {"sofa" : "_ref" } }, 
      "Sofa" : {
        "_feature_types" : {"sofaArray" : "_ref" } }, 
      "TagsetDescription" : {
        "_feature_types" : {"sofa" : "_ref",  "tags" : "_ref" } }, 
      "Token" : {
        "_feature_types" : {"sofa" : "_ref",  "parent" : "_ref",  "lemma" : "_ref",  "stem" : "_ref",  "pos" : "_ref",  "morph" : "_ref",  "form" : "_ref" } }, 
      "DocumentAnnotation" : {
        "_feature_types" : {"sofa" : "_ref" }, 
        "_subtypes" : ["DocumentMetaData" ] }, 
      "Annotation" : {
        "_feature_types" : {"sofa" : "_ref" }, 
        "_subtypes" : ["DocumentAnnotation",  "Persuasive_Labels",  "Sentence",  "TagsetDescription",  "Token" ] }, 
      "AnnotationBase" : {
        "_feature_types" : {"sofa" : "_ref" }, 
        "_subtypes" : ["Annotation" ] }, 
      "TOP" : {
        "_subtypes" : ["AnnotationBase",  "Sofa" ] } } }, 
  "_views" : {
    "_InitialView" : {
      "DocumentMetaData" : [
        {"sofa" : 12,  "end" : 4191,  "language" : "x-unspecified",  "documentTitle" : "122.%20snes-02028%20In%20July%202017,%20it%20was%20announced%20that%20Finnish%20researchers%20would%20begin%20human%20trials%20of%20a%20Type%201%20diabetes%20vaccine%20in%202018%20.txt",  "documentId" : "admin",  "documentUri" : "file:/C:/Users/huiyi/.webanno/repository/project/4/document/304/source/admin",  "collectionId" : "file:/C:/Users/huiyi/.webanno/repository/project/4/document/304/source/",  "documentBaseUri" : "file:/C:/Users/huiyi/.webanno/repository/project/4/document/304/source/",  "isLastSegment" : false } ], 
      "TagsetDescription" : [
        {"sofa" : 12,  "layer" : "de.tudarmstadt.ukp.dkpro.core.api.syntax.type.dependency.Dependency",  "name" : "UD Universal Dependencies (v2)",  "input" : false }, 
        {"sofa" : 12,  "layer" : "de.tudarmstadt.ukp.dkpro.core.api.ner.type.NamedEntity",  "name" : "Named Entity tags",  "input" : false }, 
        {"sofa" : 12,  "layer" : "de.tudarmstadt.ukp.dkpro.core.api.transform.type.SofaChangeAnnotation",  "name" : "Operation",  "input" : false }, 
        {"sofa" : 12,  "layer" : "de.tudarmstadt.ukp.dkpro.core.api.lexmorph.type.pos.POS",  "name" : "UD Universal POS tags (v2)",  "input" : false }, 
        {"sofa" : 12,  "layer" : "webanno.custom.Persuasive_Labels",  "name" : "2. Using Anecdotes and Personal Experience as Evidence",  "input" : false } ], 
      "Sentence" : [
        {"sofa" : 12,  "end" : 430 }, 
        {"sofa" : 12,  "begin" : 431,  "end" : 509 }, 
        {"sofa" : 12,  "begin" : 511,  "end" : 563 }, 
        {"sofa" : 12,  "begin" : 564,  "end" : 821 }, 
        {"sofa" : 12,  "begin" : 823,  "end" : 1030 }, 
        {"sofa" : 12,  "begin" : 1032,  "end" : 1198 }, 
        {"sofa" : 12,  "begin" : 1199,  "end" : 1292 }, 
        {"sofa" : 12,  "begin" : 1293,  "end" : 1453 }, 
        {"sofa" : 12,  "begin" : 1455,  "end" : 1593 }, 
        {"sofa" : 12,  "begin" : 1594,  "end" : 1915 }, 
        {"sofa" : 12,  "begin" : 1917,  "end" : 1987 }, 
        {"sofa" : 12,  "begin" : 1988,  "end" : 2161 }, 
        {"sofa" : 12,  "begin" : 2163,  "end" : 2298 }, 
        {"sofa" : 12,  "begin" : 2299,  "end" : 2414 }, 
        {"sofa" : 12,  "begin" : 2416,  "end" : 2600 }, 
        {"sofa" : 12,  "begin" : 2602,  "end" : 2709 }, 
        {"sofa" : 12,  "begin" : 2711,  "end" : 2858 }, 
        {"sofa" : 12,  "begin" : 2860,  "end" : 2954 }, 
        {"sofa" : 12,  "begin" : 2955,  "end" : 3075 }, 
        {"sofa" : 12,  "begin" : 3076,  "end" : 3127 }, 
        {"sofa" : 12,  "begin" : 3129,  "end" : 3204 }, 
        {"sofa" : 12,  "begin" : 3205,  "end" : 3330 }, 
        {"sofa" : 12,  "begin" : 3331,  "end" : 3369 }, 
        {"sofa" : 12,  "begin" : 3371,  "end" : 3489 }, 
        {"sofa" : 12,  "begin" : 3490,  "end" : 3658 }, 
        {"sofa" : 12,  "begin" : 3660,  "end" : 3787 }, 
        {"sofa" : 12,  "begin" : 3788,  "end" : 3885 }, 
        {"sofa" : 12,  "begin" : 3887,  "end" : 3965 }, 
        {"sofa" : 12,  "begin" : 3966,  "end" : 4034 }, 
        {"sofa" : 12,  "begin" : 4035,  "end" : 4173 }, 
        {"sofa" : 12,  "begin" : 4175,  "end" : 4187 } ], 
      "Token" : [
        {"sofa" : 12,  "end" : 5 }, 
        {"sofa" : 12,  "begin" : 5,  "end" : 6 }, 
        {"sofa" : 12,  "begin" : 6,  "end" : 11 }, 
        {"sofa" : 12,  "begin" : 12,  "end" : 14 }, 
        {"sofa" : 12,  "begin" : 15,  "end" : 19 }, 
        {"sofa" : 12,  "begin" : 20,  "end" : 24 }, 
        {"sofa" : 12,  "begin" : 24,  "end" : 25 }, 
        {"sofa" : 12,  "begin" : 26,  "end" : 28 }, 
        {"sofa" : 12,  "begin" : 29,  "end" : 32 }, 
        {"sofa" : 12,  "begin" : 33,  "end" : 42 }, 
        {"sofa" : 12,  "begin" : 43,  "end" : 47 }, 
        {"sofa" : 12,  "begin" : 48,  "end" : 55 }, 
        {"sofa" : 12,  "begin" : 56,  "end" : 67 }, 
        {"sofa" : 12,  "begin" : 68,  "end" : 73 }, 
        {"sofa" : 12,  "begin" : 74,  "end" : 79 }, 
        {"sofa" : 12,  "begin" : 80,  "end" : 85 }, 
        {"sofa" : 12,  "begin" : 86,  "end" : 92 }, 
        {"sofa" : 12,  "begin" : 93,  "end" : 95 }, 
        {"sofa" : 12,  "begin" : 96,  "end" : 97 }, 
        {"sofa" : 12,  "begin" : 98,  "end" : 102 }, 
        {"sofa" : 12,  "begin" : 103,  "end" : 104 }, 
        {"sofa" : 12,  "begin" : 105,  "end" : 113 }, 
        {"sofa" : 12,  "begin" : 114,  "end" : 121 }, 
        {"sofa" : 12,  "begin" : 122,  "end" : 124 }, 
        {"sofa" : 12,  "begin" : 125,  "end" : 129 }, 
        {"sofa" : 12,  "begin" : 132,  "end" : 138 }, 
        {"sofa" : 12,  "begin" : 138,  "end" : 139 }, 
        {"sofa" : 12,  "begin" : 140,  "end" : 145 }, 
        {"sofa" : 12,  "begin" : 145,  "end" : 146 }, 
        {"sofa" : 12,  "begin" : 146,  "end" : 147 }, 
        {"sofa" : 12,  "begin" : 147,  "end" : 148 }, 
        {"sofa" : 12,  "begin" : 148,  "end" : 154 }, 
        {"sofa" : 12,  "begin" : 154,  "end" : 155 }, 
        {"sofa" : 12,  "begin" : 155,  "end" : 159 }, 
        {"sofa" : 12,  "begin" : 159,  "end" : 160 }, 
        {"sofa" : 12,  "begin" : 160,  "end" : 161 }, 
        {"sofa" : 12,  "begin" : 161,  "end" : 162 }, 
        {"sofa" : 12,  "begin" : 162,  "end" : 169 }, 
        {"sofa" : 12,  "begin" : 172,  "end" : 176 }, 
        {"sofa" : 12,  "begin" : 177,  "end" : 185 }, 
        {"sofa" : 12,  "begin" : 185,  "end" : 186 }, 
        {"sofa" : 12,  "begin" : 187,  "end" : 192 }, 
        {"sofa" : 12,  "begin" : 192,  "end" : 193 }, 
        {"sofa" : 12,  "begin" : 193,  "end" : 194 }, 
        {"sofa" : 12,  "begin" : 194,  "end" : 195 }, 
        {"sofa" : 12,  "begin" : 195,  "end" : 209 }, 
        {"sofa" : 12,  "begin" : 209,  "end" : 210 }, 
        {"sofa" : 12,  "begin" : 210,  "end" : 220 }, 
        {"sofa" : 12,  "begin" : 220,  "end" : 221 }, 
        {"sofa" : 12,  "begin" : 221,  "end" : 237 }, 
        {"sofa" : 12,  "begin" : 237,  "end" : 238 }, 
        {"sofa" : 12,  "begin" : 238,  "end" : 239 }, 
        {"sofa" : 12,  "begin" : 239,  "end" : 240 }, 
        {"sofa" : 12,  "begin" : 243,  "end" : 249 }, 
        {"sofa" : 12,  "begin" : 250,  "end" : 257 }, 
        {"sofa" : 12,  "begin" : 257,  "end" : 258 }, 
        {"sofa" : 12,  "begin" : 261,  "end" : 268 }, 
        {"sofa" : 12,  "begin" : 269,  "end" : 277 }, 
        {"sofa" : 12,  "begin" : 278,  "end" : 285 }, 
        {"sofa" : 12,  "begin" : 286,  "end" : 292 }, 
        {"sofa" : 12,  "begin" : 293,  "end" : 295 }, 
        {"sofa" : 12,  "begin" : 296,  "end" : 301 }, 
        {"sofa" : 12,  "begin" : 302,  "end" : 304 }, 
        {"sofa" : 12,  "begin" : 305,  "end" : 309 }, 
        {"sofa" : 12,  "begin" : 311,  "end" : 318 }, 
        {"sofa" : 12,  "begin" : 319,  "end" : 330 }, 
        {"sofa" : 12,  "begin" : 331,  "end" : 335 }, 
        {"sofa" : 12,  "begin" : 336,  "end" : 345 }, 
        {"sofa" : 12,  "begin" : 346,  "end" : 348 }, 
        {"sofa" : 12,  "begin" : 349,  "end" : 361 }, 
        {"sofa" : 12,  "begin" : 362,  "end" : 369 }, 
        {"sofa" : 12,  "begin" : 370,  "end" : 377 }, 
        {"sofa" : 12,  "begin" : 378,  "end" : 382 }, 
        {"sofa" : 12,  "begin" : 383,  "end" : 384 }, 
        {"sofa" : 12,  "begin" : 385,  "end" : 393 }, 
        {"sofa" : 12,  "begin" : 393,  "end" : 394 }, 
        {"sofa" : 12,  "begin" : 395,  "end" : 398 }, 
        {"sofa" : 12,  "begin" : 399,  "end" : 405 }, 
        {"sofa" : 12,  "begin" : 406,  "end" : 408 }, 
        {"sofa" : 12,  "begin" : 409,  "end" : 421 }, 
        {"sofa" : 12,  "begin" : 422,  "end" : 424 }, 
        {"sofa" : 12,  "begin" : 425,  "end" : 429 }, 
        {"sofa" : 12,  "begin" : 429,  "end" : 430 }, 
        {"sofa" : 12,  "begin" : 431,  "end" : 435 }, 
        {"sofa" : 12,  "begin" : 436,  "end" : 437 }, 
        {"sofa" : 12,  "begin" : 438,  "end" : 446 }, 
        {"sofa" : 12,  "begin" : 447,  "end" : 450 }, 
        {"sofa" : 12,  "begin" : 451,  "end" : 453 }, 
        {"sofa" : 12,  "begin" : 454,  "end" : 458 }, 
        {"sofa" : 12,  "begin" : 459,  "end" : 465 }, 
        {"sofa" : 12,  "begin" : 466,  "end" : 468 }, 
        {"sofa" : 12,  "begin" : 469,  "end" : 476 }, 
        {"sofa" : 12,  "begin" : 477,  "end" : 481 }, 
        {"sofa" : 12,  "begin" : 482,  "end" : 490 }, 
        {"sofa" : 12,  "begin" : 491,  "end" : 495 }, 
        {"sofa" : 12,  "begin" : 496,  "end" : 498 }, 
        {"sofa" : 12,  "begin" : 499,  "end" : 502 }, 
        {"sofa" : 12,  "begin" : 503,  "end" : 508 }, 
        {"sofa" : 12,  "begin" : 508,  "end" : 509 }, 
        {"sofa" : 12,  "begin" : 511,  "end" : 513 }, 
        {"sofa" : 12,  "begin" : 514,  "end" : 525 }, 
        {"sofa" : 12,  "begin" : 525,  "end" : 526 }, 
        {"sofa" : 12,  "begin" : 527,  "end" : 532 }, 
        {"sofa" : 12,  "begin" : 533,  "end" : 539 }, 
        {"sofa" : 12,  "begin" : 540,  "end" : 546 }, 
        {"sofa" : 12,  "begin" : 547,  "end" : 551 }, 
        {"sofa" : 12,  "begin" : 552,  "end" : 553 }, 
        {"sofa" : 12,  "begin" : 554,  "end" : 562 }, 
        {"sofa" : 12,  "begin" : 562,  "end" : 563 }, 
        {"sofa" : 12,  "begin" : 564,  "end" : 569 }, 
        {"sofa" : 12,  "begin" : 569,  "end" : 570 }, 
        {"sofa" : 12,  "begin" : 571,  "end" : 583 }, 
        {"sofa" : 12,  "begin" : 584,  "end" : 586 }, 
        {"sofa" : 12,  "begin" : 587,  "end" : 599 }, 
        {"sofa" : 12,  "begin" : 600,  "end" : 610 }, 
        {"sofa" : 12,  "begin" : 611,  "end" : 612 }, 
        {"sofa" : 12,  "begin" : 613,  "end" : 622 }, 
        {"sofa" : 12,  "begin" : 623,  "end" : 632 }, 
        {"sofa" : 12,  "begin" : 634,  "end" : 643 }, 
        {"sofa" : 12,  "begin" : 643,  "end" : 644 }, 
        {"sofa" : 12,  "begin" : 644,  "end" : 651 }, 
        {"sofa" : 12,  "begin" : 652,  "end" : 661 }, 
        {"sofa" : 12,  "begin" : 663,  "end" : 664 }, 
        {"sofa" : 12,  "begin" : 665,  "end" : 672 }, 
        {"sofa" : 12,  "begin" : 673,  "end" : 676 }, 
        {"sofa" : 12,  "begin" : 677,  "end" : 681 }, 
        {"sofa" : 12,  "begin" : 682,  "end" : 683 }, 
        {"sofa" : 12,  "begin" : 684,  "end" : 692 }, 
        {"sofa" : 12,  "begin" : 693,  "end" : 702 }, 
        {"sofa" : 12,  "begin" : 703,  "end" : 705 }, 
        {"sofa" : 12,  "begin" : 706,  "end" : 713 }, 
        {"sofa" : 12,  "begin" : 714,  "end" : 725 }, 
        {"sofa" : 12,  "begin" : 726,  "end" : 730 }, 
        {"sofa" : 12,  "begin" : 731,  "end" : 733 }, 
        {"sofa" : 12,  "begin" : 734,  "end" : 740 }, 
        {"sofa" : 12,  "begin" : 741,  "end" : 743 }, 
        {"sofa" : 12,  "begin" : 744,  "end" : 750 }, 
        {"sofa" : 12,  "begin" : 751,  "end" : 758 }, 
        {"sofa" : 12,  "begin" : 759,  "end" : 764 }, 
        {"sofa" : 12,  "begin" : 765,  "end" : 773 }, 
        {"sofa" : 12,  "begin" : 774,  "end" : 776 }, 
        {"sofa" : 12,  "begin" : 777,  "end" : 781 }, 
        {"sofa" : 12,  "begin" : 782,  "end" : 786 }, 
        {"sofa" : 12,  "begin" : 786,  "end" : 787 }, 
        {"sofa" : 12,  "begin" : 788,  "end" : 799 }, 
        {"sofa" : 12,  "begin" : 800,  "end" : 809 }, 
        {"sofa" : 12,  "begin" : 810,  "end" : 812 }, 
        {"sofa" : 12,  "begin" : 813,  "end" : 820 }, 
        {"sofa" : 12,  "begin" : 820,  "end" : 821 }, 
        {"sofa" : 12,  "begin" : 823,  "end" : 826 }, 
        {"sofa" : 12,  "begin" : 827,  "end" : 837 }, 
        {"sofa" : 12,  "begin" : 838,  "end" : 843 }, 
        {"sofa" : 12,  "begin" : 844,  "end" : 849 }, 
        {"sofa" : 12,  "begin" : 850,  "end" : 854 }, 
        {"sofa" : 12,  "begin" : 855,  "end" : 858 }, 
        {"sofa" : 12,  "begin" : 859,  "end" : 868 }, 
        {"sofa" : 12,  "begin" : 869,  "end" : 874 }, 
        {"sofa" : 12,  "begin" : 875,  "end" : 886 }, 
        {"sofa" : 12,  "begin" : 887,  "end" : 890 }, 
        {"sofa" : 12,  "begin" : 891,  "end" : 897 }, 
        {"sofa" : 12,  "begin" : 898,  "end" : 900 }, 
        {"sofa" : 12,  "begin" : 901,  "end" : 905 }, 
        {"sofa" : 12,  "begin" : 905,  "end" : 906 }, 
        {"sofa" : 12,  "begin" : 907,  "end" : 910 }, 
        {"sofa" : 12,  "begin" : 911,  "end" : 914 }, 
        {"sofa" : 12,  "begin" : 915,  "end" : 918 }, 
        {"sofa" : 12,  "begin" : 920,  "end" : 924 }, 
        {"sofa" : 12,  "begin" : 925,  "end" : 928 }, 
        {"sofa" : 12,  "begin" : 929,  "end" : 936 }, 
        {"sofa" : 12,  "begin" : 937,  "end" : 942 }, 
        {"sofa" : 12,  "begin" : 943,  "end" : 945 }, 
        {"sofa" : 12,  "begin" : 946,  "end" : 948 }, 
        {"sofa" : 12,  "begin" : 949,  "end" : 959 }, 
        {"sofa" : 12,  "begin" : 960,  "end" : 963 }, 
        {"sofa" : 12,  "begin" : 964,  "end" : 970 }, 
        {"sofa" : 12,  "begin" : 971,  "end" : 976 }, 
        {"sofa" : 12,  "begin" : 977,  "end" : 982 }, 
        {"sofa" : 12,  "begin" : 983,  "end" : 985 }, 
        {"sofa" : 12,  "begin" : 986,  "end" : 989 }, 
        {"sofa" : 12,  "begin" : 990,  "end" : 996 }, 
        {"sofa" : 12,  "begin" : 997,  "end" : 1003 }, 
        {"sofa" : 12,  "begin" : 1004,  "end" : 1006 }, 
        {"sofa" : 12,  "begin" : 1007,  "end" : 1012 }, 
        {"sofa" : 12,  "begin" : 1013,  "end" : 1018 }, 
        {"sofa" : 12,  "begin" : 1019,  "end" : 1029 }, 
        {"sofa" : 12,  "begin" : 1029,  "end" : 1030 }, 
        {"sofa" : 12,  "begin" : 1032,  "end" : 1035 }, 
        {"sofa" : 12,  "begin" : 1036,  "end" : 1043 }, 
        {"sofa" : 12,  "begin" : 1044,  "end" : 1048 }, 
        {"sofa" : 12,  "begin" : 1049,  "end" : 1054 }, 
        {"sofa" : 12,  "begin" : 1055,  "end" : 1057 }, 
        {"sofa" : 12,  "begin" : 1058,  "end" : 1063 }, 
        {"sofa" : 12,  "begin" : 1064,  "end" : 1066 }, 
        {"sofa" : 12,  "begin" : 1067,  "end" : 1068 }, 
        {"sofa" : 12,  "begin" : 1069,  "end" : 1074 }, 
        {"sofa" : 12,  "begin" : 1075,  "end" : 1077 }, 
        {"sofa" : 12,  "begin" : 1078,  "end" : 1080 }, 
        {"sofa" : 12,  "begin" : 1081,  "end" : 1088 }, 
        {"sofa" : 12,  "begin" : 1089,  "end" : 1092 }, 
        {"sofa" : 12,  "begin" : 1093,  "end" : 1099 }, 
        {"sofa" : 12,  "begin" : 1100,  "end" : 1103 }, 
        {"sofa" : 12,  "begin" : 1104,  "end" : 1109 }, 
        {"sofa" : 12,  "begin" : 1110,  "end" : 1115 }, 
        {"sofa" : 12,  "begin" : 1116,  "end" : 1118 }, 
        {"sofa" : 12,  "begin" : 1119,  "end" : 1122 }, 
        {"sofa" : 12,  "begin" : 1123,  "end" : 1131 }, 
        {"sofa" : 12,  "begin" : 1132,  "end" : 1138 }, 
        {"sofa" : 12,  "begin" : 1138,  "end" : 1139 }, 
        {"sofa" : 12,  "begin" : 1140,  "end" : 1148 }, 
        {"sofa" : 12,  "begin" : 1149,  "end" : 1151 }, 
        {"sofa" : 12,  "begin" : 1152,  "end" : 1153 }, 
        {"sofa" : 12,  "begin" : 1154,  "end" : 1159 }, 
        {"sofa" : 12,  "begin" : 1160,  "end" : 1162 }, 
        {"sofa" : 12,  "begin" : 1163,  "end" : 1167 }, 
        {"sofa" : 12,  "begin" : 1168,  "end" : 1171 }, 
        {"sofa" : 12,  "begin" : 1172,  "end" : 1180 }, 
        {"sofa" : 12,  "begin" : 1181,  "end" : 1183 }, 
        {"sofa" : 12,  "begin" : 1184,  "end" : 1187 }, 
        {"sofa" : 12,  "begin" : 1188,  "end" : 1192 }, 
        {"sofa" : 12,  "begin" : 1193,  "end" : 1197 }, 
        {"sofa" : 12,  "begin" : 1197,  "end" : 1198 }, 
        {"sofa" : 12,  "begin" : 1199,  "end" : 1204 }, 
        {"sofa" : 12,  "begin" : 1205,  "end" : 1208 }, 
        {"sofa" : 12,  "begin" : 1209,  "end" : 1219 }, 
        {"sofa" : 12,  "begin" : 1220,  "end" : 1226 }, 
        {"sofa" : 12,  "begin" : 1227,  "end" : 1230 }, 
        {"sofa" : 12,  "begin" : 1231,  "end" : 1238 }, 
        {"sofa" : 12,  "begin" : 1239,  "end" : 1242 }, 
        {"sofa" : 12,  "begin" : 1243,  "end" : 1245 }, 
        {"sofa" : 12,  "begin" : 1246,  "end" : 1256 }, 
        {"sofa" : 12,  "begin" : 1257,  "end" : 1261 }, 
        {"sofa" : 12,  "begin" : 1262,  "end" : 1265 }, 
        {"sofa" : 12,  "begin" : 1266,  "end" : 1275 }, 
        {"sofa" : 12,  "begin" : 1276,  "end" : 1283 }, 
        {"sofa" : 12,  "begin" : 1284,  "end" : 1291 }, 
        {"sofa" : 12,  "begin" : 1291,  "end" : 1292 }, 
        {"sofa" : 12,  "begin" : 1293,  "end" : 1296 }, 
        {"sofa" : 12,  "begin" : 1297,  "end" : 1302 }, 
        {"sofa" : 12,  "begin" : 1303,  "end" : 1308 }, 
        {"sofa" : 12,  "begin" : 1309,  "end" : 1311 }, 
        {"sofa" : 12,  "begin" : 1312,  "end" : 1324 }, 
        {"sofa" : 12,  "begin" : 1324,  "end" : 1325 }, 
        {"sofa" : 12,  "begin" : 1326,  "end" : 1334 }, 
        {"sofa" : 12,  "begin" : 1335,  "end" : 1338 }, 
        {"sofa" : 12,  "begin" : 1339,  "end" : 1340 }, 
        {"sofa" : 12,  "begin" : 1341,  "end" : 1346 }, 
        {"sofa" : 12,  "begin" : 1347,  "end" : 1349 }, 
        {"sofa" : 12,  "begin" : 1350,  "end" : 1354 }, 
        {"sofa" : 12,  "begin" : 1355,  "end" : 1360 }, 
        {"sofa" : 12,  "begin" : 1361,  "end" : 1369 }, 
        {"sofa" : 12,  "begin" : 1369,  "end" : 1370 }, 
        {"sofa" : 12,  "begin" : 1371,  "end" : 1377 }, 
        {"sofa" : 12,  "begin" : 1378,  "end" : 1382 }, 
        {"sofa" : 12,  "begin" : 1383,  "end" : 1394 }, 
        {"sofa" : 12,  "begin" : 1395,  "end" : 1402 }, 
        {"sofa" : 12,  "begin" : 1403,  "end" : 1406 }, 
        {"sofa" : 12,  "begin" : 1407,  "end" : 1414 }, 
        {"sofa" : 12,  "begin" : 1415,  "end" : 1427 }, 
        {"sofa" : 12,  "begin" : 1428,  "end" : 1436 }, 
        {"sofa" : 12,  "begin" : 1437,  "end" : 1441 }, 
        {"sofa" : 12,  "begin" : 1442,  "end" : 1443 }, 
        {"sofa" : 12,  "begin" : 1444,  "end" : 1452 }, 
        {"sofa" : 12,  "begin" : 1452,  "end" : 1453 }, 
        {"sofa" : 12,  "begin" : 1455,  "end" : 1460 }, 
        {"sofa" : 12,  "begin" : 1461,  "end" : 1467 }, 
        {"sofa" : 12,  "begin" : 1468,  "end" : 1475 }, 
        {"sofa" : 12,  "begin" : 1477,  "end" : 1478 }, 
        {"sofa" : 12,  "begin" : 1479,  "end" : 1484 }, 
        {"sofa" : 12,  "begin" : 1485,  "end" : 1488 }, 
        {"sofa" : 12,  "begin" : 1489,  "end" : 1491 }, 
        {"sofa" : 12,  "begin" : 1492,  "end" : 1498 }, 
        {"sofa" : 12,  "begin" : 1499,  "end" : 1500 }, 
        {"sofa" : 12,  "begin" : 1501,  "end" : 1512 }, 
        {"sofa" : 12,  "begin" : 1513,  "end" : 1523 }, 
        {"sofa" : 12,  "begin" : 1524,  "end" : 1526 }, 
        {"sofa" : 12,  "begin" : 1527,  "end" : 1531 }, 
        {"sofa" : 12,  "begin" : 1532,  "end" : 1533 }, 
        {"sofa" : 12,  "begin" : 1534,  "end" : 1542 }, 
        {"sofa" : 12,  "begin" : 1543,  "end" : 1548 }, 
        {"sofa" : 12,  "begin" : 1548,  "end" : 1549 }, 
        {"sofa" : 12,  "begin" : 1550,  "end" : 1555 }, 
        {"sofa" : 12,  "begin" : 1556,  "end" : 1559 }, 
        {"sofa" : 12,  "begin" : 1560,  "end" : 1570 }, 
        {"sofa" : 12,  "begin" : 1571,  "end" : 1577 }, 
        {"sofa" : 12,  "begin" : 1578,  "end" : 1583 }, 
        {"sofa" : 12,  "begin" : 1584,  "end" : 1592 }, 
        {"sofa" : 12,  "begin" : 1592,  "end" : 1593 }, 
        {"sofa" : 12,  "begin" : 1594,  "end" : 1603 }, 
        {"sofa" : 12,  "begin" : 1604,  "end" : 1610 }, 
        {"sofa" : 12,  "begin" : 1611,  "end" : 1616 }, 
        {"sofa" : 12,  "begin" : 1617,  "end" : 1621 }, 
        {"sofa" : 12,  "begin" : 1622,  "end" : 1625 }, 
        {"sofa" : 12,  "begin" : 1626,  "end" : 1636 }, 
        {"sofa" : 12,  "begin" : 1637,  "end" : 1639 }, 
        {"sofa" : 12,  "begin" : 1640,  "end" : 1647 }, 
        {"sofa" : 12,  "begin" : 1648,  "end" : 1651 }, 
        {"sofa" : 12,  "begin" : 1652,  "end" : 1661 }, 
        {"sofa" : 12,  "begin" : 1662,  "end" : 1668 }, 
        {"sofa" : 12,  "begin" : 1669,  "end" : 1673 }, 
        {"sofa" : 12,  "begin" : 1674,  "end" : 1676 }, 
        {"sofa" : 12,  "begin" : 1677,  "end" : 1680 }, 
        {"sofa" : 12,  "begin" : 1681,  "end" : 1691 }, 
        {"sofa" : 12,  "begin" : 1692,  "end" : 1694 }, 
        {"sofa" : 12,  "begin" : 1695,  "end" : 1703 }, 
        {"sofa" : 12,  "begin" : 1704,  "end" : 1708 }, 
        {"sofa" : 12,  "begin" : 1709,  "end" : 1715 }, 
        {"sofa" : 12,  "begin" : 1716,  "end" : 1718 }, 
        {"sofa" : 12,  "begin" : 1719,  "end" : 1722 }, 
        {"sofa" : 12,  "begin" : 1723,  "end" : 1732 }, 
        {"sofa" : 12,  "begin" : 1733,  "end" : 1735 }, 
        {"sofa" : 12,  "begin" : 1736,  "end" : 1744 }, 
        {"sofa" : 12,  "begin" : 1745,  "end" : 1749 }, 
        {"sofa" : 12,  "begin" : 1750,  "end" : 1754 }, 
        {"sofa" : 12,  "begin" : 1755,  "end" : 1759 }, 
        {"sofa" : 12,  "begin" : 1760,  "end" : 1762 }, 
        {"sofa" : 12,  "begin" : 1763,  "end" : 1768 }, 
        {"sofa" : 12,  "begin" : 1768,  "end" : 1769 }, 
        {"sofa" : 12,  "begin" : 1770,  "end" : 1773 }, 
        {"sofa" : 12,  "begin" : 1774,  "end" : 1777 }, 
        {"sofa" : 12,  "begin" : 1778,  "end" : 1782 }, 
        {"sofa" : 12,  "begin" : 1783,  "end" : 1786 }, 
        {"sofa" : 12,  "begin" : 1787,  "end" : 1796 }, 
        {"sofa" : 12,  "begin" : 1797,  "end" : 1801 }, 
        {"sofa" : 12,  "begin" : 1802,  "end" : 1804 }, 
        {"sofa" : 12,  "begin" : 1805,  "end" : 1816 }, 
        {"sofa" : 12,  "begin" : 1817,  "end" : 1821 }, 
        {"sofa" : 12,  "begin" : 1822,  "end" : 1829 }, 
        {"sofa" : 12,  "begin" : 1830,  "end" : 1833 }, 
        {"sofa" : 12,  "begin" : 1834,  "end" : 1842 }, 
        {"sofa" : 12,  "begin" : 1843,  "end" : 1845 }, 
        {"sofa" : 12,  "begin" : 1846,  "end" : 1853 }, 
        {"sofa" : 12,  "begin" : 1854,  "end" : 1871 }, 
        {"sofa" : 12,  "begin" : 1872,  "end" : 1877 }, 
        {"sofa" : 12,  "begin" : 1878,  "end" : 1880 }, 
        {"sofa" : 12,  "begin" : 1881,  "end" : 1884 }, 
        {"sofa" : 12,  "begin" : 1885,  "end" : 1889 }, 
        {"sofa" : 12,  "begin" : 1890,  "end" : 1895 }, 
        {"sofa" : 12,  "begin" : 1896,  "end" : 1898 }, 
        {"sofa" : 12,  "begin" : 1899,  "end" : 1903 }, 
        {"sofa" : 12,  "begin" : 1904,  "end" : 1905 }, 
        {"sofa" : 12,  "begin" : 1906,  "end" : 1914 }, 
        {"sofa" : 12,  "begin" : 1914,  "end" : 1915 }, 
        {"sofa" : 12,  "begin" : 1917,  "end" : 1920 }, 
        {"sofa" : 12,  "begin" : 1921,  "end" : 1938 }, 
        {"sofa" : 12,  "begin" : 1939,  "end" : 1944 }, 
        {"sofa" : 12,  "begin" : 1945,  "end" : 1951 }, 
        {"sofa" : 12,  "begin" : 1952,  "end" : 1954 }, 
        {"sofa" : 12,  "begin" : 1955,  "end" : 1960 }, 
        {"sofa" : 12,  "begin" : 1961,  "end" : 1964 }, 
        {"sofa" : 12,  "begin" : 1965,  "end" : 1974 }, 
        {"sofa" : 12,  "begin" : 1975,  "end" : 1977 }, 
        {"sofa" : 12,  "begin" : 1978,  "end" : 1986 }, 
        {"sofa" : 12,  "begin" : 1986,  "end" : 1987 }, 
        {"sofa" : 12,  "begin" : 1988,  "end" : 1993 }, 
        {"sofa" : 12,  "begin" : 1993,  "end" : 1994 }, 
        {"sofa" : 12,  "begin" : 1995,  "end" : 2007 }, 
        {"sofa" : 12,  "begin" : 2008,  "end" : 2010 }, 
        {"sofa" : 12,  "begin" : 2011,  "end" : 2023 }, 
        {"sofa" : 12,  "begin" : 2024,  "end" : 2034 }, 
        {"sofa" : 12,  "begin" : 2035,  "end" : 2036 }, 
        {"sofa" : 12,  "begin" : 2037,  "end" : 2046 }, 
        {"sofa" : 12,  "begin" : 2047,  "end" : 2057 }, 
        {"sofa" : 12,  "begin" : 2059,  "end" : 2061 }, 
        {"sofa" : 12,  "begin" : 2062,  "end" : 2065 }, 
        {"sofa" : 12,  "begin" : 2066,  "end" : 2073 }, 
        {"sofa" : 12,  "begin" : 2074,  "end" : 2080 }, 
        {"sofa" : 12,  "begin" : 2081,  "end" : 2090 }, 
        {"sofa" : 12,  "begin" : 2091,  "end" : 2093 }, 
        {"sofa" : 12,  "begin" : 2094,  "end" : 2100 }, 
        {"sofa" : 12,  "begin" : 2100,  "end" : 2101 }, 
        {"sofa" : 12,  "begin" : 2102,  "end" : 2104 }, 
        {"sofa" : 12,  "begin" : 2105,  "end" : 2110 }, 
        {"sofa" : 12,  "begin" : 2111,  "end" : 2113 }, 
        {"sofa" : 12,  "begin" : 2114,  "end" : 2118 }, 
        {"sofa" : 12,  "begin" : 2119,  "end" : 2121 }, 
        {"sofa" : 12,  "begin" : 2122,  "end" : 2130 }, 
        {"sofa" : 12,  "begin" : 2131,  "end" : 2140 }, 
        {"sofa" : 12,  "begin" : 2141,  "end" : 2143 }, 
        {"sofa" : 12,  "begin" : 2144,  "end" : 2148 }, 
        {"sofa" : 12,  "begin" : 2149,  "end" : 2151 }, 
        {"sofa" : 12,  "begin" : 2152,  "end" : 2160 }, 
        {"sofa" : 12,  "begin" : 2160,  "end" : 2161 }, 
        {"sofa" : 12,  "begin" : 2163,  "end" : 2164 }, 
        {"sofa" : 12,  "begin" : 2164,  "end" : 2166 }, 
        {"sofa" : 12,  "begin" : 2167,  "end" : 2169 }, 
        {"sofa" : 12,  "begin" : 2170,  "end" : 2179 }, 
        {"sofa" : 12,  "begin" : 2180,  "end" : 2184 }, 
        {"sofa" : 12,  "begin" : 2185,  "end" : 2188 }, 
        {"sofa" : 12,  "begin" : 2189,  "end" : 2199 }, 
        {"sofa" : 12,  "begin" : 2200,  "end" : 2204 }, 
        {"sofa" : 12,  "begin" : 2205,  "end" : 2207 }, 
        {"sofa" : 12,  "begin" : 2208,  "end" : 2212 }, 
        {"sofa" : 12,  "begin" : 2213,  "end" : 2216 }, 
        {"sofa" : 12,  "begin" : 2217,  "end" : 2220 }, 
        {"sofa" : 12,  "begin" : 2221,  "end" : 2226 }, 
        {"sofa" : 12,  "begin" : 2227,  "end" : 2231 }, 
        {"sofa" : 12,  "begin" : 2232,  "end" : 2240 }, 
        {"sofa" : 12,  "begin" : 2241,  "end" : 2245 }, 
        {"sofa" : 12,  "begin" : 2246,  "end" : 2251 }, 
        {"sofa" : 12,  "begin" : 2252,  "end" : 2260 }, 
        {"sofa" : 12,  "begin" : 2261,  "end" : 2263 }, 
        {"sofa" : 12,  "begin" : 2264,  "end" : 2269 }, 
        {"sofa" : 12,  "begin" : 2270,  "end" : 2271 }, 
        {"sofa" : 12,  "begin" : 2272,  "end" : 2279 }, 
        {"sofa" : 12,  "begin" : 2280,  "end" : 2285 }, 
        {"sofa" : 12,  "begin" : 2285,  "end" : 2286 }, 
        {"sofa" : 12,  "begin" : 2286,  "end" : 2287 }, 
        {"sofa" : 12,  "begin" : 2288,  "end" : 2292 }, 
        {"sofa" : 12,  "begin" : 2293,  "end" : 2297 }, 
        {"sofa" : 12,  "begin" : 2297,  "end" : 2298 }, 
        {"sofa" : 12,  "begin" : 2299,  "end" : 2300 }, 
        {"sofa" : 12,  "begin" : 2300,  "end" : 2304 }, 
        {"sofa" : 12,  "begin" : 2305,  "end" : 2312 }, 
        {"sofa" : 12,  "begin" : 2313,  "end" : 2318 }, 
        {"sofa" : 12,  "begin" : 2319,  "end" : 2326 }, 
        {"sofa" : 12,  "begin" : 2327,  "end" : 2329 }, 
        {"sofa" : 12,  "begin" : 2330,  "end" : 2335 }, 
        {"sofa" : 12,  "begin" : 2336,  "end" : 2340 }, 
        {"sofa" : 12,  "begin" : 2341,  "end" : 2343 }, 
        {"sofa" : 12,  "begin" : 2344,  "end" : 2347 }, 
        {"sofa" : 12,  "begin" : 2348,  "end" : 2353 }, 
        {"sofa" : 12,  "begin" : 2353,  "end" : 2354 }, 
        {"sofa" : 12,  "begin" : 2355,  "end" : 2360 }, 
        {"sofa" : 12,  "begin" : 2361,  "end" : 2368 }, 
        {"sofa" : 12,  "begin" : 2369,  "end" : 2371 }, 
        {"sofa" : 12,  "begin" : 2372,  "end" : 2376 }, 
        {"sofa" : 12,  "begin" : 2377,  "end" : 2380 }, 
        {"sofa" : 12,  "begin" : 2381,  "end" : 2388 }, 
        {"sofa" : 12,  "begin" : 2389,  "end" : 2394 }, 
        {"sofa" : 12,  "begin" : 2395,  "end" : 2397 }, 
        {"sofa" : 12,  "begin" : 2398,  "end" : 2404 }, 
        {"sofa" : 12,  "begin" : 2405,  "end" : 2412 }, 
        {"sofa" : 12,  "begin" : 2412,  "end" : 2413 }, 
        {"sofa" : 12,  "begin" : 2413,  "end" : 2414 }, 
        {"sofa" : 12,  "begin" : 2416,  "end" : 2429 }, 
        {"sofa" : 12,  "begin" : 2430,  "end" : 2433 }, 
        {"sofa" : 12,  "begin" : 2434,  "end" : 2437 }, 
        {"sofa" : 12,  "begin" : 2438,  "end" : 2442 }, 
        {"sofa" : 12,  "begin" : 2443,  "end" : 2449 }, 
        {"sofa" : 12,  "begin" : 2450,  "end" : 2454 }, 
        {"sofa" : 12,  "begin" : 2455,  "end" : 2457 }, 
        {"sofa" : 12,  "begin" : 2458,  "end" : 2468 }, 
        {"sofa" : 12,  "begin" : 2469,  "end" : 2474 }, 
        {"sofa" : 12,  "begin" : 2475,  "end" : 2477 }, 
        {"sofa" : 12,  "begin" : 2478,  "end" : 2484 }, 
        {"sofa" : 12,  "begin" : 2484,  "end" : 2485 }, 
        {"sofa" : 12,  "begin" : 2486,  "end" : 2490 }, 
        {"sofa" : 12,  "begin" : 2491,  "end" : 2496 }, 
        {"sofa" : 12,  "begin" : 2497,  "end" : 2498 }, 
        {"sofa" : 12,  "begin" : 2499,  "end" : 2503 }, 
        {"sofa" : 12,  "begin" : 2504,  "end" : 2511 }, 
        {"sofa" : 12,  "begin" : 2512,  "end" : 2514 }, 
        {"sofa" : 12,  "begin" : 2515,  "end" : 2521 }, 
        {"sofa" : 12,  "begin" : 2522,  "end" : 2530 }, 
        {"sofa" : 12,  "begin" : 2531,  "end" : 2535 }, 
        {"sofa" : 12,  "begin" : 2536,  "end" : 2539 }, 
        {"sofa" : 12,  "begin" : 2540,  "end" : 2543 }, 
        {"sofa" : 12,  "begin" : 2544,  "end" : 2547 }, 
        {"sofa" : 12,  "begin" : 2548,  "end" : 2551 }, 
        {"sofa" : 12,  "begin" : 2552,  "end" : 2562 }, 
        {"sofa" : 12,  "begin" : 2563,  "end" : 2565 }, 
        {"sofa" : 12,  "begin" : 2566,  "end" : 2576 }, 
        {"sofa" : 12,  "begin" : 2577,  "end" : 2580 }, 
        {"sofa" : 12,  "begin" : 2581,  "end" : 2586 }, 
        {"sofa" : 12,  "begin" : 2587,  "end" : 2599 }, 
        {"sofa" : 12,  "begin" : 2599,  "end" : 2600 }, 
        {"sofa" : 12,  "begin" : 2602,  "end" : 2610 }, 
        {"sofa" : 12,  "begin" : 2611,  "end" : 2615 }, 
        {"sofa" : 12,  "begin" : 2616,  "end" : 2620 }, 
        {"sofa" : 12,  "begin" : 2621,  "end" : 2625 }, 
        {"sofa" : 12,  "begin" : 2626,  "end" : 2628 }, 
        {"sofa" : 12,  "begin" : 2629,  "end" : 2640 }, 
        {"sofa" : 12,  "begin" : 2641,  "end" : 2644 }, 
        {"sofa" : 12,  "begin" : 2645,  "end" : 2656 }, 
        {"sofa" : 12,  "begin" : 2657,  "end" : 2661 }, 
        {"sofa" : 12,  "begin" : 2662,  "end" : 2667 }, 
        {"sofa" : 12,  "begin" : 2668,  "end" : 2671 }, 
        {"sofa" : 12,  "begin" : 2672,  "end" : 2675 }, 
        {"sofa" : 12,  "begin" : 2676,  "end" : 2679 }, 
        {"sofa" : 12,  "begin" : 2680,  "end" : 2690 }, 
        {"sofa" : 12,  "begin" : 2691,  "end" : 2693 }, 
        {"sofa" : 12,  "begin" : 2694,  "end" : 2697 }, 
        {"sofa" : 12,  "begin" : 2698,  "end" : 2702 }, 
        {"sofa" : 12,  "begin" : 2703,  "end" : 2708 }, 
        {"sofa" : 12,  "begin" : 2708,  "end" : 2709 }, 
        {"sofa" : 12,  "begin" : 2711,  "end" : 2713 }, 
        {"sofa" : 12,  "begin" : 2714,  "end" : 2721 }, 
        {"sofa" : 12,  "begin" : 2721,  "end" : 2722 }, 
        {"sofa" : 12,  "begin" : 2723,  "end" : 2730 }, 
        {"sofa" : 12,  "begin" : 2731,  "end" : 2736 }, 
        {"sofa" : 12,  "begin" : 2738,  "end" : 2741 }, 
        {"sofa" : 12,  "begin" : 2742,  "end" : 2746 }, 
        {"sofa" : 12,  "begin" : 2747,  "end" : 2749 }, 
        {"sofa" : 12,  "begin" : 2750,  "end" : 2761 }, 
        {"sofa" : 12,  "begin" : 2762,  "end" : 2768 }, 
        {"sofa" : 12,  "begin" : 2769,  "end" : 2776 }, 
        {"sofa" : 12,  "begin" : 2777,  "end" : 2780 }, 
        {"sofa" : 12,  "begin" : 2781,  "end" : 2786 }, 
        {"sofa" : 12,  "begin" : 2787,  "end" : 2794 }, 
        {"sofa" : 12,  "begin" : 2795,  "end" : 2800 }, 
        {"sofa" : 12,  "begin" : 2801,  "end" : 2804 }, 
        {"sofa" : 12,  "begin" : 2805,  "end" : 2809 }, 
        {"sofa" : 12,  "begin" : 2810,  "end" : 2815 }, 
        {"sofa" : 12,  "begin" : 2815,  "end" : 2816 }, 
        {"sofa" : 12,  "begin" : 2817,  "end" : 2821 }, 
        {"sofa" : 12,  "begin" : 2822,  "end" : 2824 }, 
        {"sofa" : 12,  "begin" : 2825,  "end" : 2833 }, 
        {"sofa" : 12,  "begin" : 2834,  "end" : 2845 }, 
        {"sofa" : 12,  "begin" : 2846,  "end" : 2854 }, 
        {"sofa" : 12,  "begin" : 2855,  "end" : 2857 }, 
        {"sofa" : 12,  "begin" : 2857,  "end" : 2858 }, 
        {"sofa" : 12,  "begin" : 2860,  "end" : 2870 }, 
        {"sofa" : 12,  "begin" : 2871,  "end" : 2879 }, 
        {"sofa" : 12,  "begin" : 2880,  "end" : 2897 }, 
        {"sofa" : 12,  "begin" : 2898,  "end" : 2905 }, 
        {"sofa" : 12,  "begin" : 2906,  "end" : 2916 }, 
        {"sofa" : 12,  "begin" : 2917,  "end" : 2920 }, 
        {"sofa" : 12,  "begin" : 2921,  "end" : 2927 }, 
        {"sofa" : 12,  "begin" : 2928,  "end" : 2930 }, 
        {"sofa" : 12,  "begin" : 2931,  "end" : 2935 }, 
        {"sofa" : 12,  "begin" : 2936,  "end" : 2939 }, 
        {"sofa" : 12,  "begin" : 2940,  "end" : 2945 }, 
        {"sofa" : 12,  "begin" : 2946,  "end" : 2948 }, 
        {"sofa" : 12,  "begin" : 2949,  "end" : 2953 }, 
        {"sofa" : 12,  "begin" : 2953,  "end" : 2954 }, 
        {"sofa" : 12,  "begin" : 2955,  "end" : 2958 }, 
        {"sofa" : 12,  "begin" : 2959,  "end" : 2966 }, 
        {"sofa" : 12,  "begin" : 2967,  "end" : 2970 }, 
        {"sofa" : 12,  "begin" : 2971,  "end" : 2977 }, 
        {"sofa" : 12,  "begin" : 2978,  "end" : 2982 }, 
        {"sofa" : 12,  "begin" : 2983,  "end" : 2988 }, 
        {"sofa" : 12,  "begin" : 2989,  "end" : 2991 }, 
        {"sofa" : 12,  "begin" : 2992,  "end" : 2999 }, 
        {"sofa" : 12,  "begin" : 3000,  "end" : 3005 }, 
        {"sofa" : 12,  "begin" : 3005,  "end" : 3006 }, 
        {"sofa" : 12,  "begin" : 3007,  "end" : 3011 }, 
        {"sofa" : 12,  "begin" : 3012,  "end" : 3014 }, 
        {"sofa" : 12,  "begin" : 3015,  "end" : 3020 }, 
        {"sofa" : 12,  "begin" : 3021,  "end" : 3025 }, 
        {"sofa" : 12,  "begin" : 3026,  "end" : 3028 }, 
        {"sofa" : 12,  "begin" : 3029,  "end" : 3036 }, 
        {"sofa" : 12,  "begin" : 3037,  "end" : 3043 }, 
        {"sofa" : 12,  "begin" : 3044,  "end" : 3047 }, 
        {"sofa" : 12,  "begin" : 3048,  "end" : 3059 }, 
        {"sofa" : 12,  "begin" : 3060,  "end" : 3066 }, 
        {"sofa" : 12,  "begin" : 3067,  "end" : 3074 }, 
        {"sofa" : 12,  "begin" : 3074,  "end" : 3075 }, 
        {"sofa" : 12,  "begin" : 3076,  "end" : 3085 }, 
        {"sofa" : 12,  "begin" : 3086,  "end" : 3093 }, 
        {"sofa" : 12,  "begin" : 3094,  "end" : 3103 }, 
        {"sofa" : 12,  "begin" : 3103,  "end" : 3104 }, 
        {"sofa" : 12,  "begin" : 3105,  "end" : 3116 }, 
        {"sofa" : 12,  "begin" : 3117,  "end" : 3120 }, 
        {"sofa" : 12,  "begin" : 3121,  "end" : 3126 }, 
        {"sofa" : 12,  "begin" : 3126,  "end" : 3127 }, 
        {"sofa" : 12,  "begin" : 3129,  "end" : 3139 }, 
        {"sofa" : 12,  "begin" : 3140,  "end" : 3145 }, 
        {"sofa" : 12,  "begin" : 3146,  "end" : 3149 }, 
        {"sofa" : 12,  "begin" : 3150,  "end" : 3154 }, 
        {"sofa" : 12,  "begin" : 3155,  "end" : 3162 }, 
        {"sofa" : 12,  "begin" : 3163,  "end" : 3164 }, 
        {"sofa" : 12,  "begin" : 3165,  "end" : 3172 }, 
        {"sofa" : 12,  "begin" : 3173,  "end" : 3175 }, 
        {"sofa" : 12,  "begin" : 3176,  "end" : 3181 }, 
        {"sofa" : 12,  "begin" : 3182,  "end" : 3185 }, 
        {"sofa" : 12,  "begin" : 3185,  "end" : 3186 }, 
        {"sofa" : 12,  "begin" : 3187,  "end" : 3194 }, 
        {"sofa" : 12,  "begin" : 3194,  "end" : 3195 }, 
        {"sofa" : 12,  "begin" : 3196,  "end" : 3198 }, 
        {"sofa" : 12,  "begin" : 3199,  "end" : 3203 }, 
        {"sofa" : 12,  "begin" : 3203,  "end" : 3204 }, 
        {"sofa" : 12,  "begin" : 3205,  "end" : 3209 }, 
        {"sofa" : 12,  "begin" : 3210,  "end" : 3213 }, 
        {"sofa" : 12,  "begin" : 3214,  "end" : 3225 }, 
        {"sofa" : 12,  "begin" : 3226,  "end" : 3228 }, 
        {"sofa" : 12,  "begin" : 3229,  "end" : 3232 }, 
        {"sofa" : 12,  "begin" : 3233,  "end" : 3237 }, 
        {"sofa" : 12,  "begin" : 3237,  "end" : 3238 }, 
        {"sofa" : 12,  "begin" : 3239,  "end" : 3244 }, 
        {"sofa" : 12,  "begin" : 3245,  "end" : 3248 }, 
        {"sofa" : 12,  "begin" : 3249,  "end" : 3254 }, 
        {"sofa" : 12,  "begin" : 3255,  "end" : 3265 }, 
        {"sofa" : 12,  "begin" : 3266,  "end" : 3269 }, 
        {"sofa" : 12,  "begin" : 3270,  "end" : 3273 }, 
        {"sofa" : 12,  "begin" : 3274,  "end" : 3279 }, 
        {"sofa" : 12,  "begin" : 3280,  "end" : 3285 }, 
        {"sofa" : 12,  "begin" : 3286,  "end" : 3288 }, 
        {"sofa" : 12,  "begin" : 3289,  "end" : 3292 }, 
        {"sofa" : 12,  "begin" : 3293,  "end" : 3296 }, 
        {"sofa" : 12,  "begin" : 3297,  "end" : 3303 }, 
        {"sofa" : 12,  "begin" : 3304,  "end" : 3309 }, 
        {"sofa" : 12,  "begin" : 3310,  "end" : 3321 }, 
        {"sofa" : 12,  "begin" : 3322,  "end" : 3329 }, 
        {"sofa" : 12,  "begin" : 3329,  "end" : 3330 }, 
        {"sofa" : 12,  "begin" : 3331,  "end" : 3338 }, 
        {"sofa" : 12,  "begin" : 3339,  "end" : 3343 }, 
        {"sofa" : 12,  "begin" : 3344,  "end" : 3350 }, 
        {"sofa" : 12,  "begin" : 3351,  "end" : 3353 }, 
        {"sofa" : 12,  "begin" : 3354,  "end" : 3364 }, 
        {"sofa" : 12,  "begin" : 3365,  "end" : 3368 }, 
        {"sofa" : 12,  "begin" : 3368,  "end" : 3369 }, 
        {"sofa" : 12,  "begin" : 3371,  "end" : 3372 }, 
        {"sofa" : 12,  "begin" : 3372,  "end" : 3375 }, 
        {"sofa" : 12,  "begin" : 3376,  "end" : 3380 }, 
        {"sofa" : 12,  "begin" : 3381,  "end" : 3384 }, 
        {"sofa" : 12,  "begin" : 3385,  "end" : 3387 }, 
        {"sofa" : 12,  "begin" : 3388,  "end" : 3394 }, 
        {"sofa" : 12,  "begin" : 3395,  "end" : 3400 }, 
        {"sofa" : 12,  "begin" : 3401,  "end" : 3403 }, 
        {"sofa" : 12,  "begin" : 3404,  "end" : 3414 }, 
        {"sofa" : 12,  "begin" : 3415,  "end" : 3420 }, 
        {"sofa" : 12,  "begin" : 3421,  "end" : 3425 }, 
        {"sofa" : 12,  "begin" : 3426,  "end" : 3427 }, 
        {"sofa" : 12,  "begin" : 3428,  "end" : 3435 }, 
        {"sofa" : 12,  "begin" : 3436,  "end" : 3443 }, 
        {"sofa" : 12,  "begin" : 3444,  "end" : 3446 }, 
        {"sofa" : 12,  "begin" : 3447,  "end" : 3454 }, 
        {"sofa" : 12,  "begin" : 3455,  "end" : 3463 }, 
        {"sofa" : 12,  "begin" : 3464,  "end" : 3475 }, 
        {"sofa" : 12,  "begin" : 3475,  "end" : 3476 }, 
        {"sofa" : 12,  "begin" : 3476,  "end" : 3477 }, 
        {"sofa" : 12,  "begin" : 3478,  "end" : 3482 }, 
        {"sofa" : 12,  "begin" : 3483,  "end" : 3488 }, 
        {"sofa" : 12,  "begin" : 3488,  "end" : 3489 }, 
        {"sofa" : 12,  "begin" : 3490,  "end" : 3491 }, 
        {"sofa" : 12,  "begin" : 3491,  "end" : 3496 }, 
        {"sofa" : 12,  "begin" : 3497,  "end" : 3503 }, 
        {"sofa" : 12,  "begin" : 3504,  "end" : 3507 }, 
        {"sofa" : 12,  "begin" : 3508,  "end" : 3510 }, 
        {"sofa" : 12,  "begin" : 3511,  "end" : 3520 }, 
        {"sofa" : 12,  "begin" : 3521,  "end" : 3525 }, 
        {"sofa" : 12,  "begin" : 3526,  "end" : 3530 }, 
        {"sofa" : 12,  "begin" : 3531,  "end" : 3532 }, 
        {"sofa" : 12,  "begin" : 3533,  "end" : 3538 }, 
        {"sofa" : 12,  "begin" : 3539,  "end" : 3545 }, 
        {"sofa" : 12,  "begin" : 3546,  "end" : 3559 }, 
        {"sofa" : 12,  "begin" : 3560,  "end" : 3567 }, 
        {"sofa" : 12,  "begin" : 3568,  "end" : 3572 }, 
        {"sofa" : 12,  "begin" : 3573,  "end" : 3579 }, 
        {"sofa" : 12,  "begin" : 3580,  "end" : 3584 }, 
        {"sofa" : 12,  "begin" : 3585,  "end" : 3588 }, 
        {"sofa" : 12,  "begin" : 3589,  "end" : 3593 }, 
        {"sofa" : 12,  "begin" : 3594,  "end" : 3604 }, 
        {"sofa" : 12,  "begin" : 3605,  "end" : 3607 }, 
        {"sofa" : 12,  "begin" : 3608,  "end" : 3610 }, 
        {"sofa" : 12,  "begin" : 3611,  "end" : 3619 }, 
        {"sofa" : 12,  "begin" : 3620,  "end" : 3622 }, 
        {"sofa" : 12,  "begin" : 3623,  "end" : 3627 }, 
        {"sofa" : 12,  "begin" : 3628,  "end" : 3631 }, 
        {"sofa" : 12,  "begin" : 3632,  "end" : 3639 }, 
        {"sofa" : 12,  "begin" : 3640,  "end" : 3642 }, 
        {"sofa" : 12,  "begin" : 3643,  "end" : 3648 }, 
        {"sofa" : 12,  "begin" : 3649,  "end" : 3656 }, 
        {"sofa" : 12,  "begin" : 3656,  "end" : 3657 }, 
        {"sofa" : 12,  "begin" : 3657,  "end" : 3658 }, 
        {"sofa" : 12,  "begin" : 3660,  "end" : 3667 }, 
        {"sofa" : 12,  "begin" : 3668,  "end" : 3675 }, 
        {"sofa" : 12,  "begin" : 3676,  "end" : 3683 }, 
        {"sofa" : 12,  "begin" : 3684,  "end" : 3688 }, 
        {"sofa" : 12,  "begin" : 3689,  "end" : 3691 }, 
        {"sofa" : 12,  "begin" : 3692,  "end" : 3696 }, 
        {"sofa" : 12,  "begin" : 3697,  "end" : 3698 }, 
        {"sofa" : 12,  "begin" : 3699,  "end" : 3707 }, 
        {"sofa" : 12,  "begin" : 3709,  "end" : 3713 }, 
        {"sofa" : 12,  "begin" : 3714,  "end" : 3715 }, 
        {"sofa" : 12,  "begin" : 3716,  "end" : 3724 }, 
        {"sofa" : 12,  "begin" : 3725,  "end" : 3728 }, 
        {"sofa" : 12,  "begin" : 3729,  "end" : 3731 }, 
        {"sofa" : 12,  "begin" : 3732,  "end" : 3736 }, 
        {"sofa" : 12,  "begin" : 3737,  "end" : 3743 }, 
        {"sofa" : 12,  "begin" : 3744,  "end" : 3746 }, 
        {"sofa" : 12,  "begin" : 3747,  "end" : 3754 }, 
        {"sofa" : 12,  "begin" : 3755,  "end" : 3759 }, 
        {"sofa" : 12,  "begin" : 3760,  "end" : 3768 }, 
        {"sofa" : 12,  "begin" : 3769,  "end" : 3773 }, 
        {"sofa" : 12,  "begin" : 3774,  "end" : 3776 }, 
        {"sofa" : 12,  "begin" : 3777,  "end" : 3780 }, 
        {"sofa" : 12,  "begin" : 3781,  "end" : 3786 }, 
        {"sofa" : 12,  "begin" : 3786,  "end" : 3787 }, 
        {"sofa" : 12,  "begin" : 3788,  "end" : 3792 }, 
        {"sofa" : 12,  "begin" : 3793,  "end" : 3796 }, 
        {"sofa" : 12,  "begin" : 3796,  "end" : 3797 }, 
        {"sofa" : 12,  "begin" : 3797,  "end" : 3800 }, 
        {"sofa" : 12,  "begin" : 3801,  "end" : 3809 }, 
        {"sofa" : 12,  "begin" : 3810,  "end" : 3818 }, 
        {"sofa" : 12,  "begin" : 3819,  "end" : 3821 }, 
        {"sofa" : 12,  "begin" : 3822,  "end" : 3826 }, 
        {"sofa" : 12,  "begin" : 3827,  "end" : 3831 }, 
        {"sofa" : 12,  "begin" : 3831,  "end" : 3832 }, 
        {"sofa" : 12,  "begin" : 3833,  "end" : 3838 }, 
        {"sofa" : 12,  "begin" : 3839,  "end" : 3841 }, 
        {"sofa" : 12,  "begin" : 3842,  "end" : 3846 }, 
        {"sofa" : 12,  "begin" : 3847,  "end" : 3850 }, 
        {"sofa" : 12,  "begin" : 3851,  "end" : 3858 }, 
        {"sofa" : 12,  "begin" : 3859,  "end" : 3867 }, 
        {"sofa" : 12,  "begin" : 3868,  "end" : 3874 }, 
        {"sofa" : 12,  "begin" : 3875,  "end" : 3884 }, 
        {"sofa" : 12,  "begin" : 3884,  "end" : 3885 }, 
        {"sofa" : 12,  "begin" : 3887,  "end" : 3890 }, 
        {"sofa" : 12,  "begin" : 3891,  "end" : 3897 }, 
        {"sofa" : 12,  "begin" : 3898,  "end" : 3900 }, 
        {"sofa" : 12,  "begin" : 3901,  "end" : 3905 }, 
        {"sofa" : 12,  "begin" : 3906,  "end" : 3907 }, 
        {"sofa" : 12,  "begin" : 3908,  "end" : 3916 }, 
        {"sofa" : 12,  "begin" : 3917,  "end" : 3926 }, 
        {"sofa" : 12,  "begin" : 3927,  "end" : 3930 }, 
        {"sofa" : 12,  "begin" : 3931,  "end" : 3941 }, 
        {"sofa" : 12,  "begin" : 3942,  "end" : 3944 }, 
        {"sofa" : 12,  "begin" : 3945,  "end" : 3948 }, 
        {"sofa" : 12,  "begin" : 3949,  "end" : 3954 }, 
        {"sofa" : 12,  "begin" : 3955,  "end" : 3958 }, 
        {"sofa" : 12,  "begin" : 3959,  "end" : 3964 }, 
        {"sofa" : 12,  "begin" : 3964,  "end" : 3965 }, 
        {"sofa" : 12,  "begin" : 3966,  "end" : 3968 }, 
        {"sofa" : 12,  "begin" : 3969,  "end" : 3971 }, 
        {"sofa" : 12,  "begin" : 3972,  "end" : 3976 }, 
        {"sofa" : 12,  "begin" : 3977,  "end" : 3979 }, 
        {"sofa" : 12,  "begin" : 3980,  "end" : 3983 }, 
        {"sofa" : 12,  "begin" : 3984,  "end" : 3990 }, 
        {"sofa" : 12,  "begin" : 3991,  "end" : 3997 }, 
        {"sofa" : 12,  "begin" : 3998,  "end" : 4002 }, 
        {"sofa" : 12,  "begin" : 4003,  "end" : 4012 }, 
        {"sofa" : 12,  "begin" : 4013,  "end" : 4019 }, 
        {"sofa" : 12,  "begin" : 4020,  "end" : 4023 }, 
        {"sofa" : 12,  "begin" : 4024,  "end" : 4033 }, 
        {"sofa" : 12,  "begin" : 4033,  "end" : 4034 }, 
        {"sofa" : 12,  "begin" : 4035,  "end" : 4040 }, 
        {"sofa" : 12,  "begin" : 4041,  "end" : 4044 }, 
        {"sofa" : 12,  "begin" : 4045,  "end" : 4049 }, 
        {"sofa" : 12,  "begin" : 4050,  "end" : 4056 }, 
        {"sofa" : 12,  "begin" : 4057,  "end" : 4063 }, 
        {"sofa" : 12,  "begin" : 4064,  "end" : 4066 }, 
        {"sofa" : 12,  "begin" : 4067,  "end" : 4074 }, 
        {"sofa" : 12,  "begin" : 4075,  "end" : 4078 }, 
        {"sofa" : 12,  "begin" : 4079,  "end" : 4085 }, 
        {"sofa" : 12,  "begin" : 4086,  "end" : 4090 }, 
        {"sofa" : 12,  "begin" : 4091,  "end" : 4095 }, 
        {"sofa" : 12,  "begin" : 4096,  "end" : 4097 }, 
        {"sofa" : 12,  "begin" : 4098,  "end" : 4106 }, 
        {"sofa" : 12,  "begin" : 4106,  "end" : 4107 }, 
        {"sofa" : 12,  "begin" : 4108,  "end" : 4111 }, 
        {"sofa" : 12,  "begin" : 4112,  "end" : 4118 }, 
        {"sofa" : 12,  "begin" : 4119,  "end" : 4123 }, 
        {"sofa" : 12,  "begin" : 4124,  "end" : 4125 }, 
        {"sofa" : 12,  "begin" : 4126,  "end" : 4133 }, 
        {"sofa" : 12,  "begin" : 4134,  "end" : 4140 }, 
        {"sofa" : 12,  "begin" : 4141,  "end" : 4144 }, 
        {"sofa" : 12,  "begin" : 4145,  "end" : 4150 }, 
        {"sofa" : 12,  "begin" : 4151,  "end" : 4155 }, 
        {"sofa" : 12,  "begin" : 4156,  "end" : 4160 }, 
        {"sofa" : 12,  "begin" : 4161,  "end" : 4163 }, 
        {"sofa" : 12,  "begin" : 4164,  "end" : 4172 }, 
        {"sofa" : 12,  "begin" : 4172,  "end" : 4173 }, 
        {"sofa" : 12,  "begin" : 4175,  "end" : 4182 }, 
        {"sofa" : 12,  "begin" : 4182,  "end" : 4183 }, 
        {"sofa" : 12,  "begin" : 4184,  "end" : 4187 } ], 
      "Persuasive_Labels" : [
        {"sofa" : 12,  "begin" : 703,  "end" : 725,  "EstablishingLegitimacy" : "Establishing Legitimacy" }, 
        {"sofa" : 12,  "begin" : 703,  "end" : 725,  "EstablishingLegitimacy" : "surface credibility markers - simply claiming authority or credibility" }, 
        {"sofa" : 12,  "begin" : 1594,  "end" : 1703,  "EstablishingLegitimacy" : "Establishing Legitimacy" }, 
        {"sofa" : 12,  "begin" : 1594,  "end" : 1703,  "EstablishingLegitimacy" : "citing source to establish legitimacy_source not verified" } ] } }, 
  "_referenced_fss" : {
    "12" : {"_type" : "Sofa",  "sofaNum" : 1,  "sofaID" : "_InitialView",  "mimeType" : "text",  "sofaString" : "﻿snes-02028 In July 2017, it was announced that Finnish researchers would begin human trials of a Type 1 diabetes vaccine in 2018 \r\nSource: https://yle.fi/news/3-9730247 \r\nFact checking: https://www.snopes.com/fact-check/diabetes-vaccine-2/ \r\nActual content: \r\nFinnish diabetes vaccine trials to start in 2018\r\nFinnish researchers have developed an experimental vaccine against type 1 diabetes, and tested it successfully on mice. Type 1 diabetes may be more common in Finland than anywhere else in the world.\r\nAn enterovirus, which likely causes type 1 diabetes. Image: Lääketieteen ja biotieteiden tiedekunta / Tampereen yliopisto\r\n19.7.2017•Updated 19.7.2017\r\nA vaccine for type 1 diabetes developed by Finnish researchers will be tested on mainly Finnish human subjects in late 2018, researchers announced on Tuesday.\r\nThe scientists first found that the prototype works effectively and safely on mice, and now say\r\nthat the vaccine could be in mainstream use within eight years if the coming rounds of tests prove successful.\r\nThe vaccine will first be given to a group of 30 healthy men during the first phase of the clinical trials, followed by a group of some 150 children if all goes well. After two successful rounds the vaccine can be considered safe and effective against viruses. The final round of vaccinations, intended for a group of some 4,000 children, should tell researchers whether the vaccine specifically prevents type 1 diabetes.\r\nVirus likely culprit\r\nA virus may be behind a significant proportion of type 1 diabetes cases, which are especially common among children. Professor Heikki Hyöty from the University of Tampere and Professor Mikael Knip of the University of Helsinki have worked on the pathology of diabetes from more than 20 years, and say they are confident that an enterovirus that attacks the pancreas to destroy insulin-producing cells is the root cause of type 1 diabetes.\r\nThe insulin-producing cells marked in green are destroyed by diabetes. Image: Lääketieteen ja biotieteiden tiedekunta / Tampereen ylipopisto\r\nIf the vaccine proves effective in humans, it could do much to minimise suffering as well as expenses.\r\n\"It is estimated that the additional cost of care for one child with diabetes over their lifetime is about a million euros,\" Knip says. \"This vaccine could prevent at least half of new cases, which amounts to some 250 million euros in annual savings.\"\r\nEnteroviruses are the most common type of infectious virus in humans; they cause a wide variety of health problems from the flu and eye infections to meningitis and heart inflammation.\r\nHumanity last beat back an enterovirus via vaccination when polio was all but eradicated in the late 1980s.\r\nUS funding, biotech co-op\r\nThe team of researchers sought funding for their vaccine trial for four years, with no European benefactors stepping up.\r\nEventually American biopharmaceutical company Provention Bio agreed to fund the trial in full. The company has raised just under 25 million euros, most of which will go towards seeing the vaccination trials through. Investors include companies, individuals and funds.\r\nProfessors Hyöty and Knip founded a company of their own, Vactech, in 2001. They are part-owners of the firm, which has given Provention Bio the green light to use and manage their enterovirus vaccine. Vactech owns shares in Provention Bio.\r\n\"The only way to change years of university study into a working vaccine is through business cooperation,\" says Hyöty. \"Human trials are so expensive that only a large enough international company with enough room for risk management to be prepared in case the vaccine is found wanting.\"\r\nFinland suffers highest rate of type 1 diabetes\r\nType 1 diabetes may be more common in Finland than anywhere else in the world. Some 500-600 children contract it each year, which is also the largest relative figure worldwide.\r\nThe number of type 1 diabetes sufferers has multiplied by six since the 1950s. It is only in the recent decade that incidence growth has plateaued. There are some 45,000 people in Finland who suffer from type 1 diabetes, and nearly half a million people who carry some form of diabetes.\r\nSOURCES: YLE\r\n\r\n" } } }